packet_id,session,sensor,chaos_type,event_type,latency_ms,detected_or_recovered
2b6f771266fa,spielberg_FP1,heart_rate,bit_flip_low,detection,0.0201,True
7dbb10c0632c,spielberg_FP1,aero_load,string_in_numeric,detection,0.0017,True
30ddd88df3ec,spielberg_FP1,speed,string_in_numeric,detection,0.003,True
856690bbcb91,spielberg_FP1,engine_temp,duplicate_timestamp,detection,0.0057,True
d00e30bd8b6d,spielberg_FP1,throttle,null_value,detection,0.0025,True
17032406d179,spielberg_FP1,speed,bit_flip_high,detection,0.0084,True
14c4ab4ff8a6,spielberg_FP1,g_force_lateral,bit_flip_high,detection,0.0042,True
04e4b7889541,spielberg_FP1,heart_rate,sensor_dropout,detection,0.0022,True
2bcf59c466b0,spielberg_FP1,speed_canbus,schema_drift,detection,0.0034,True
f5dd061724f2,spielberg_FP1,engine_temp,null_value,detection,0.0022,True
ebf705839b70,spielberg_FP1,engine_temp,bit_flip_low,detection,0.0047,True
aa272c9a4a86,spielberg_FP1,throttle,null_value,detection,0.0022,True
094db9527735,spielberg_FP1,rpm,sensor_dropout,detection,0.0035,True
7045da8ec39b,spielberg_FP1,heart_rate,bit_flip_high,detection,0.0051,True
c4742a77e363,spielberg_FP1,g_force_lateral,null_value,detection,0.0024,True
66ddd3c0a812,spielberg_FP1,ecu_canbus,sensor_dropout,detection,0.0022,True
60003a5071b9,spielberg_FP1,brake_temp,bit_flip_high,detection,0.0045,True
ce339635b54f,spielberg_FP1,engine_temp,duplicate_timestamp,detection,0.0053,True
2363af6232ce,spielberg_FP1,ecu_canbus,string_in_numeric,detection,0.0014,True
c1afa9d5d3c1,spielberg_FP1,throttle,duplicate_timestamp,detection,0.0025,True
141ca7bc8f91,spielberg_FP1,throttle,sensor_dropout,detection,0.0019,True
e383512645b7,spielberg_FP1,heart_rate,null_value,detection,0.002,True
2680c335b5c9,spielberg_FP1,brake_temp,null_value,detection,0.0018,True
98469c9f8430,spielberg_FP1,heart_rate,bit_flip_low,detection,0.0043,True
91948feba829,spielberg_FP1,brake_temp,duplicate_timestamp,detection,0.0023,True
928982ad6570,spielberg_FP1,ecu_canbus,bit_flip_high,detection,0.0035,True
dddf9a29000d,spielberg_FP1,throttle_canbus,schema_drift,detection,0.0034,True
53029a99fdc5,spielberg_FP1,engine_temp,null_value,detection,0.0023,True
ebe51f83e2a9,spielberg_FP1,engine_temp,null_value,detection,0.0088,True
f8f948429530,spielberg_FP1,speed,null_value,detection,0.002,True
9c0426a2d341,spielberg_FP1,brake_temp,sensor_dropout,detection,0.002,True
a935adba2397,spielberg_FP1,speed_canbus,schema_drift,detection,0.003,True
734c1ecee67c,spielberg_FP1,throttle_canbus,schema_drift,detection,0.0027,True
794bce3582d4,spielberg_FP1,engine_temp,duplicate_timestamp,detection,0.0027,True
383f2a69834e,spielberg_FP1,throttle,sensor_dropout,detection,0.0021,True
d7202045f835,spielberg_FP1,aero_load,null_value,detection,0.0022,True
ad93f6bca296,spielberg_FP1,heart_rate,string_in_numeric,detection,0.0012,True
8f25cce99afd,spielberg_FP1,g_force_lateral,null_value,detection,0.0022,True
0c5491d148b9,spielberg_FP1,brake_temp,bit_flip_low,detection,0.0044,True
173fb01d328c,spielberg_FP1,speed_alt,schema_drift,detection,0.0031,True
ea30d0b12300,spielberg_FP1,ecu_canbus,null_value,detection,0.0027,True
8b5acee8d283,spielberg_FP1,heart_rate,sensor_dropout,detection,0.0021,True
5b0aecfd914a,spielberg_FP1,aero_load_v2,schema_drift,detection,0.0034,True
3e35839ae398,spielberg_FP1,speed,bit_flip_high,detection,0.0047,True
7a8d2788db97,spielberg_FP1,g_force_lateral,bit_flip_low,detection,0.0035,True
5c9fbe016b42,spielberg_FP1,brake_temp,bit_flip_high,detection,0.0042,True
91938f504104,spielberg_FP1,aero_load,string_in_numeric,detection,0.0018,True
e72502910e5e,spielberg_FP1,tyre_pressure_new,schema_drift,detection,0.0038,True
45ecfc173881,spielberg_FP1,speed,bit_flip_low,detection,0.0045,True
4dcccd8fc100,spielberg_FP1,brake_temp,bit_flip_high,detection,0.0037,True
fa38158eb6ad,spielberg_FP1,brake_temp_new,schema_drift,detection,0.0029,True
21c762d6359c,spielberg_FP1,aero_load,sensor_dropout,detection,0.0028,True
e8e9e6b04b65,spielberg_FP1,heart_rate,sensor_dropout,detection,0.0022,True
b2275b9fc5f4,spielberg_FP1,speed,string_in_numeric,detection,0.0013,True
e7fb4308f90f,spielberg_FP1,brake_temp,duplicate_timestamp,detection,0.0029,True
c07eeba40642,spielberg_FP1,heart_rate,sensor_dropout,detection,0.0022,True
cd93903bb55f,spielberg_FP1,speed,bit_flip_high,detection,0.0045,True
4b3a1434afed,spielberg_FP1,ecu_canbus,null_value,detection,0.0024,True
c5281dbc5a05,spielberg_FP1,throttle,sensor_dropout,detection,0.002,True
049e073d5193,spielberg_FP1,throttle,null_value,detection,0.0026,True
1b70146487b6,spielberg_FP1,brake_temp,null_value,detection,0.0022,True
e2f7fbfee69f,spielberg_FP1,tyre_pressure,duplicate_timestamp,detection,0.0028,True
348df52b38a4,spielberg_FP1,rpm,sensor_dropout,detection,0.002,True
0694f3aa3285,spielberg_FP1,brake_temp,bit_flip_low,detection,0.0039,True
daeab291f4ca,spielberg_FP1,rpm,null_value,detection,0.0025,True
454d3f0f048c,spielberg_FP1,heart_rate,string_in_numeric,detection,0.0012,True
2027a4425f45,spielberg_FP1,tyre_pressure,duplicate_timestamp,detection,0.0026,True
c67fea230c50,spielberg_FP1,brake_temp,duplicate_timestamp,detection,0.0021,True
a746e888946d,spielberg_FP1,g_force_lateral,sensor_dropout,detection,0.0026,True
3c7738c863ee,spielberg_FP1,engine_temp,bit_flip_low,detection,0.0076,True
6e3c2b357341,spielberg_FP1,rpm,bit_flip_low,detection,0.0052,True
1cc288e3fa28,spielberg_FP1,tyre_pressure,bit_flip_high,detection,0.0037,True
26c0f724b74e,spielberg_FP1,rpm,bit_flip_high,detection,0.0035,True
ce9e7f07cc16,spielberg_FP1,heart_rate,bit_flip_high,detection,0.004,True
56487cdeb76b,spielberg_FP1,engine_temp,bit_flip_low,detection,0.0051,True
ceb301287cdc,spielberg_FP1,tyre_pressure,null_value,detection,0.0029,True
5b2902380968,spielberg_FP1,g_force_lateral,sensor_dropout,detection,0.002,True
fe21c9f2f880,spielberg_FP1,speed,bit_flip_low,detection,0.0037,True
20ef3b498ffe,spielberg_FP1,g_force_lateral,string_in_numeric,detection,0.0014,True
ef4b67494c2f,spielberg_FP1,ecu_canbus,sensor_dropout,detection,0.002,True
f2fb0c7fc6ec,spielberg_FP1,ecu_canbus,sensor_dropout,detection,0.002,True
457c11eaa99d,spielberg_FP1,tyre_pressure,sensor_dropout,detection,0.0021,True
03d895ffdd66,spielberg_FP1,ecu_canbus,bit_flip_low,detection,0.0047,True
8161b53bf9b0,spielberg_FP1,brake_temp,null_value,detection,0.0019,True
adc284257052,spielberg_FP1,tyre_pressure,bit_flip_low,detection,0.0039,True
28c492bc92ae,spielberg_FP1,g_force_lateral,duplicate_timestamp,detection,0.0024,True
743a67b6f249,spielberg_FP1,throttle,string_in_numeric,detection,0.0012,True
da0da1cd379f,spielberg_FP1,aero_load_v2,schema_drift,detection,0.0031,True
4896d88e16bb,spielberg_FP1,ecu_canbus_raw,schema_drift,detection,0.0027,True
3efd9b6214eb,spielberg_FP1,rpm,bit_flip_low,detection,0.0036,True
3dd317ba211e,spielberg_FP1,throttle,bit_flip_low,detection,0.0034,True
6f9d657c9ff6,spielberg_FP1,brake_temp,duplicate_timestamp,detection,0.0024,True
5cc1ba71c3e9,spielberg_FP1,tyre_pressure,sensor_dropout,detection,0.002,True
f633b2d0f074,spielberg_FP1,rpm_raw,schema_drift,detection,0.0032,True
583f2efcad67,spielberg_FP1,throttle,sensor_dropout,detection,0.0021,True
cf0ade0ef884,spielberg_FP1,rpm,duplicate_timestamp,detection,0.0023,True
124d71542b5d,spielberg_FP1,engine_temp,bit_flip_high,detection,0.0035,True
938899ccf25a,spielberg_FP1,ecu_canbus,duplicate_timestamp,detection,0.0024,True
7e6785e717c8,spielberg_FP1,tyre_pressure,duplicate_timestamp,detection,0.018,True
1e8347f9f09b,spielberg_FP1,ecu_canbus,duplicate_timestamp,detection,0.0026,True
6ec5788fe3b3,spielberg_FP1,aero_load,bit_flip_high,detection,0.0048,True
c267be6c04b1,spielberg_FP1,aero_load,bit_flip_low,detection,0.0051,True
ab72ae709ca9,spielberg_FP1,brake_temp,string_in_numeric,detection,0.0015,True
50d7d73e8d69,spielberg_FP1,g_force_lateral_canbus,schema_drift,detection,0.003,True
20f1289d826b,spielberg_FP1,tyre_pressure_raw,schema_drift,detection,0.0028,True
b4a303cf2c0c,spielberg_FP1,tyre_pressure,bit_flip_low,detection,0.0037,True
83e432b596e0,spielberg_FP1,tyre_pressure,null_value,detection,0.0042,True
f9be1c2dabee,spielberg_FP1,heart_rate,null_value,detection,0.0021,True
521069043ec0,spielberg_FP1,throttle,bit_flip_high,detection,0.0052,True
0b8a3fd4561d,spielberg_FP1,ecu_canbus,duplicate_timestamp,detection,0.0025,True
85c396aaa666,spielberg_FP1,heart_rate,sensor_dropout,detection,0.0024,True
05626e54154f,spielberg_FP1,rpm,duplicate_timestamp,detection,0.0025,True
68b29f67f0d8,spielberg_FP1,g_force_lateral,null_value,detection,0.0025,True
52285e93c135,spielberg_FP2,heart_rate,duplicate_timestamp,detection,0.0031,True
48349072c738,spielberg_FP2,tyre_pressure,bit_flip_high,detection,0.0044,True
3177887a166e,spielberg_FP2,throttle,bit_flip_low,detection,0.0041,True
7426821674c1,spielberg_FP2,engine_temp,bit_flip_high,detection,0.0045,True
1b89fe470f96,spielberg_FP2,rpm_new,schema_drift,detection,0.0032,True
5eba84912edd,spielberg_FP2,throttle,duplicate_timestamp,detection,0.0025,True
72d80c7ac5f9,spielberg_FP2,engine_temp_v2,schema_drift,detection,0.0032,True
e3f60d9d7f0b,spielberg_FP2,brake_temp_new,schema_drift,detection,0.0032,True
7e4d472a11d1,spielberg_FP2,heart_rate,bit_flip_high,detection,0.0042,True
cab646e09344,spielberg_FP2,rpm,string_in_numeric,detection,0.0021,True
e3b6304b982e,spielberg_FP2,throttle,bit_flip_high,detection,0.0045,True
76e4c3b78b59,spielberg_FP2,engine_temp_v2,schema_drift,detection,0.003,True
6d0685765d31,spielberg_FP2,throttle,sensor_dropout,detection,0.0022,True
9abbaacb8c8e,spielberg_FP2,ecu_canbus,null_value,detection,0.0027,True
e1d04d49ff9a,spielberg_FP2,heart_rate_alt,schema_drift,detection,0.003,True
f0dd8a7bf698,spielberg_FP2,tyre_pressure,null_value,detection,0.0024,True
dd19b6ee5b4b,spielberg_FP2,engine_temp_raw,schema_drift,detection,0.0032,True
9ed283623c7b,spielberg_FP2,brake_temp_raw,schema_drift,detection,0.0027,True
e4cc2eb45fc6,spielberg_FP2,rpm_raw,schema_drift,detection,0.0032,True
591486615229,spielberg_FP2,engine_temp,sensor_dropout,detection,0.0226,True
d4dd4aa1289a,spielberg_FP2,tyre_pressure_canbus,schema_drift,detection,0.0381,True
f18584344e0c,spielberg_FP2,aero_load,null_value,detection,0.0022,True
7247c9669355,spielberg_FP2,throttle,bit_flip_low,detection,0.0051,True
22796df46ad0,spielberg_FP2,engine_temp,sensor_dropout,detection,0.0025,True
9928a3745fe8,spielberg_FP2,g_force_lateral,string_in_numeric,detection,0.0013,True
89d2b19603a0,spielberg_FP2,brake_temp,bit_flip_high,detection,0.005,True
48ae390b2f65,spielberg_FP2,heart_rate,sensor_dropout,detection,0.0022,True
8a0f3ba11f0a,spielberg_FP2,brake_temp,duplicate_timestamp,detection,0.0025,True
a21592dcb054,spielberg_FP2,g_force_lateral,string_in_numeric,detection,0.0015,True
64d7db29d1ac,spielberg_FP2,speed,sensor_dropout,detection,0.0042,True
362aaacd1911,spielberg_FP2,heart_rate,bit_flip_high,detection,0.0042,True
98a68902e7c9,spielberg_FP2,throttle_raw,schema_drift,detection,0.0032,True
3ca4da95f26b,spielberg_FP2,brake_temp,null_value,detection,0.0022,True
d83367be66c6,spielberg_FP2,engine_temp,duplicate_timestamp,detection,0.0032,True
c3624f02001b,spielberg_FP2,speed,sensor_dropout,detection,0.0026,True
b5430155afb9,spielberg_FP2,engine_temp,sensor_dropout,detection,0.0022,True
5b53f904ac41,spielberg_FP2,heart_rate,bit_flip_low,detection,0.0039,True
0128dbf09911,spielberg_FP2,g_force_lateral,bit_flip_low,detection,0.0036,True
6a4dc3edb5c3,spielberg_FP2,rpm,string_in_numeric,detection,0.0013,True
9e5ec34f8b92,spielberg_FP2,engine_temp,bit_flip_high,detection,0.0045,True
9b28216d2d7c,spielberg_FP2,throttle,string_in_numeric,detection,0.0012,True
2f744bb06b9a,spielberg_FP2,rpm,string_in_numeric,detection,0.001,True
f0f398f5e7d7,spielberg_FP2,throttle,bit_flip_high,detection,0.0043,True
7706e6222b6c,spielberg_FP2,brake_temp,bit_flip_high,detection,0.0035,True
c5d8584a931f,spielberg_FP2,speed,null_value,detection,0.0021,True
e4d60051649c,spielberg_FP2,tyre_pressure,duplicate_timestamp,detection,0.0026,True
6afedc2339cb,spielberg_FP2,g_force_lateral,bit_flip_low,detection,0.0033,True
74207c790cd0,spielberg_FP2,speed,duplicate_timestamp,detection,0.0027,True
141e2db36e91,spielberg_FP2,brake_temp,null_value,detection,0.0021,True
3ea420b7020f,spielberg_FP2,heart_rate_canbus,schema_drift,detection,0.0034,True
657feb5843ed,spielberg_FP2,ecu_canbus,sensor_dropout,detection,0.0022,True
e895cde5f875,spielberg_FP2,speed,duplicate_timestamp,detection,0.0024,True
5687773b5536,spielberg_FP2,ecu_canbus_alt,schema_drift,detection,0.0028,True
013cccb710eb,spielberg_FP2,throttle,sensor_dropout,detection,0.0027,True
30950a199b2b,spielberg_FP2,speed,null_value,detection,0.0024,True
8b0677f8f86b,spielberg_FP2,brake_temp,null_value,detection,0.0025,True
77fb813de1dd,spielberg_FP2,heart_rate_canbus,schema_drift,detection,0.0033,True
b1f80df0a5d4,spielberg_FP2,heart_rate,sensor_dropout,detection,0.0023,True
7f6eb9aa609b,spielberg_FP2,speed,duplicate_timestamp,detection,0.0025,True
354fc6180221,spielberg_FP2,aero_load,null_value,detection,0.004,True
3229b73774a9,spielberg_FP2,tyre_pressure_v2,schema_drift,detection,0.0035,True
f88dd5d66095,spielberg_FP2,engine_temp,duplicate_timestamp,detection,0.0036,True
ced92b9f0630,spielberg_FP2,g_force_lateral_new,schema_drift,detection,0.003,True
17dea03c1b1f,spielberg_FP2,ecu_canbus,duplicate_timestamp,detection,0.0024,True
da93a6eaa4cd,spielberg_FP2,brake_temp,string_in_numeric,detection,0.0021,True
52483bf7cd1f,spielberg_FP2,engine_temp_canbus,schema_drift,detection,0.0042,True
9f3b02674f23,spielberg_FP2,heart_rate,bit_flip_low,detection,0.0042,True
53e04298dd84,spielberg_FP2,ecu_canbus,bit_flip_high,detection,0.0036,True
43b8e8d5fb18,spielberg_FP2,brake_temp,null_value,detection,0.0022,True
fcc707839928,spielberg_FP2,aero_load,bit_flip_high,detection,0.0043,True
c1c057bc4e7d,spielberg_FP2,rpm_new,schema_drift,detection,0.0033,True
79a44a358efa,spielberg_FP2,rpm,bit_flip_high,detection,0.004,True
3dc211dee4f5,spielberg_FP2,engine_temp,duplicate_timestamp,detection,0.0024,True
5bfeee15bd91,spielberg_FP2,throttle,sensor_dropout,detection,0.002,True
98990efbdf4d,spielberg_FP2,tyre_pressure_alt,schema_drift,detection,0.0028,True
6806e6e6bad4,spielberg_FP2,engine_temp,null_value,detection,0.0018,True
d12d7def528a,spielberg_FP2,rpm,null_value,detection,0.0025,True
f9849ed3b78a,spielberg_FP2,aero_load,bit_flip_low,detection,0.0039,True
01de3b326f8a,spielberg_FP2,g_force_lateral,sensor_dropout,detection,0.0022,True
96782f263893,spielberg_FP2,heart_rate_alt,schema_drift,detection,0.003,True
626b688f034a,spielberg_FP2,speed,sensor_dropout,detection,0.0021,True
5000e0cebfc8,spielberg_FP2,rpm,string_in_numeric,detection,0.0015,True
827c8c290f29,spielberg_FP2,throttle,bit_flip_low,detection,0.004,True
15d672ff4045,spielberg_FP2,brake_temp,duplicate_timestamp,detection,0.0025,True
d08a94dede84,spielberg_FP2,heart_rate,bit_flip_high,detection,0.0038,True
f69c6ede8198,spielberg_FP2,speed,bit_flip_high,detection,0.0034,True
afeb26eb7918,spielberg_FP2,ecu_canbus,bit_flip_low,detection,0.0025,True
4b13326a2c73,spielberg_FP2,tyre_pressure,string_in_numeric,detection,0.0017,True
3a2c5934236c,spielberg_FP2,heart_rate,sensor_dropout,detection,0.0023,True
aefd25a5086a,spielberg_FP2,brake_temp,duplicate_timestamp,detection,0.0026,True
40a8bfbacdc3,spielberg_FP2,g_force_lateral_raw,schema_drift,detection,0.003,True
fe733e05e90b,spielberg_FP2,heart_rate,duplicate_timestamp,detection,0.0025,True
473d0d96f82f,spielberg_FP2,throttle,sensor_dropout,detection,0.0022,True
6093325412e0,spielberg_FP2,speed,bit_flip_low,detection,0.0041,True
32c49375b500,spielberg_FP2,tyre_pressure,duplicate_timestamp,detection,0.0022,True
6b09e3e1834c,spielberg_FP2,heart_rate,bit_flip_high,detection,0.0035,True
764be8078e8f,spielberg_FP2,speed,string_in_numeric,detection,0.0013,True
869340a5ab84,spielberg_FP2,ecu_canbus,null_value,detection,0.0023,True
ec72d0d3fbf2,spielberg_FP2,heart_rate,bit_flip_low,detection,0.0043,True
5d416eeb5369,spielberg_FP2,rpm,sensor_dropout,detection,0.004,True
22c01e43deb7,spielberg_FP2,speed,bit_flip_low,detection,0.0049,True
10bc961574af,spielberg_FP2,speed,string_in_numeric,detection,0.0015,True
6980ba7302d7,spielberg_FP2,g_force_lateral,bit_flip_low,detection,0.0037,True
6e3e4b7c7801,spielberg_FP2,throttle,sensor_dropout,detection,0.0022,True
ed7160a9f11e,spielberg_FP3,aero_load,bit_flip_low,detection,0.004,True
79a676aa04d0,spielberg_FP3,rpm,bit_flip_high,detection,0.0038,True
51589cc7f12a,spielberg_FP3,speed,duplicate_timestamp,detection,0.0025,True
b8a57afaf80f,spielberg_FP3,aero_load,bit_flip_low,detection,0.004,True
49d58826d5fd,spielberg_FP3,ecu_canbus,sensor_dropout,detection,0.0022,True
4bd73f005921,spielberg_FP3,aero_load,duplicate_timestamp,detection,0.0025,True
2c1322fd4a12,spielberg_FP3,throttle,string_in_numeric,detection,0.0016,True
7d4ab80cc077,spielberg_FP3,speed,bit_flip_low,detection,0.0044,True
01c77391f81f,spielberg_FP3,rpm,bit_flip_low,detection,0.0036,True
0f10b0af0295,spielberg_FP3,tyre_pressure,sensor_dropout,detection,0.0021,True
00566a1867eb,spielberg_FP3,aero_load,string_in_numeric,detection,0.0015,True
d245183d2ecb,spielberg_FP3,heart_rate,null_value,detection,0.0021,True
d92a75ac9ee7,spielberg_FP3,rpm,string_in_numeric,detection,0.0011,True
52cbc95b2aac,spielberg_FP3,tyre_pressure,duplicate_timestamp,detection,0.0026,True
076a7d4d16fc,spielberg_FP3,g_force_lateral_alt,schema_drift,detection,0.003,True
2bc0feb74580,spielberg_FP3,g_force_lateral,null_value,detection,0.002,True
66d5f87ca79d,spielberg_FP3,brake_temp_canbus,schema_drift,detection,0.0028,True
441a6bdb3446,spielberg_FP3,brake_temp_canbus,schema_drift,detection,0.0034,True
883fb983d542,spielberg_FP3,aero_load,duplicate_timestamp,detection,0.0025,True
05459b01e998,spielberg_FP3,rpm,duplicate_timestamp,detection,0.0027,True
4e9d3337d74b,spielberg_FP3,g_force_lateral,sensor_dropout,detection,0.0021,True
2fedad6439d8,spielberg_FP3,speed,bit_flip_low,detection,0.0045,True
57de2c76eb10,spielberg_FP3,aero_load,sensor_dropout,detection,0.0022,True
334b1ea3ef3e,spielberg_FP3,speed,null_value,detection,0.002,True
433aa0811982,spielberg_FP3,brake_temp_new,schema_drift,detection,0.0029,True
dc0d75887586,spielberg_FP3,heart_rate,duplicate_timestamp,detection,0.0023,True
ce054ac660e1,spielberg_FP3,aero_load_new,schema_drift,detection,0.0028,True
50c0e5ab0378,spielberg_FP3,tyre_pressure_canbus,schema_drift,detection,0.0033,True
e390ac8adf42,spielberg_FP3,speed,duplicate_timestamp,detection,0.0025,True
38865799d479,spielberg_FP3,aero_load,bit_flip_high,detection,0.0045,True
820efd9a8f29,spielberg_FP3,speed,bit_flip_low,detection,0.0041,True
1978edd5128f,spielberg_FP3,aero_load,bit_flip_high,detection,0.0035,True
2adbdb9c0f9a,spielberg_FP3,engine_temp,bit_flip_high,detection,0.0045,True
10ac2034c0c0,spielberg_FP3,brake_temp,bit_flip_high,detection,0.006,True
14f98c4c24b4,spielberg_FP3,speed,duplicate_timestamp,detection,0.0023,True
68c940adf60f,spielberg_FP3,g_force_lateral,string_in_numeric,detection,0.0014,True
fb2b695454b1,spielberg_FP3,brake_temp,bit_flip_high,detection,0.0039,True
f2a1c79c7144,spielberg_FP3,g_force_lateral,sensor_dropout,detection,0.0031,True
592649abc6d0,spielberg_FP3,speed_alt,schema_drift,detection,0.0034,True
87c6b867edf2,spielberg_FP3,g_force_lateral,duplicate_timestamp,detection,0.0023,True
06e4843eb8ce,spielberg_FP3,brake_temp,null_value,detection,0.002,True
d4ef254f4d86,spielberg_FP3,engine_temp,duplicate_timestamp,detection,0.003,True
8ed60e8701a5,spielberg_FP3,aero_load,sensor_dropout,detection,0.002,True
48ab7c2f62c8,spielberg_FP3,engine_temp,duplicate_timestamp,detection,0.0026,True
e81ead97562a,spielberg_FP3,brake_temp,null_value,detection,0.002,True
d3ae77bb4d02,spielberg_FP3,rpm_canbus,schema_drift,detection,0.0029,True
f3811f1f70be,spielberg_FP3,speed_raw,schema_drift,detection,0.0027,True
63ecb089a724,spielberg_FP3,g_force_lateral_raw,schema_drift,detection,0.0026,True
c16ff50c4fe3,spielberg_FP3,tyre_pressure,duplicate_timestamp,detection,0.0023,True
3f0c6601c757,spielberg_FP3,heart_rate_alt,schema_drift,detection,0.0031,True
3e905c3715b0,spielberg_FP3,brake_temp,bit_flip_low,detection,0.0044,True
a006982a36cd,spielberg_FP3,heart_rate,string_in_numeric,detection,0.0013,True
47a7e42cb78c,spielberg_FP3,rpm,null_value,detection,0.0022,True
f3254758e829,spielberg_FP3,engine_temp_canbus,schema_drift,detection,0.0031,True
783305f87901,spielberg_FP3,rpm,bit_flip_low,detection,0.0058,True
63441c5e581a,spielberg_FP3,throttle,duplicate_timestamp,detection,0.0144,True
bd1941cb5069,spielberg_FP3,engine_temp_canbus,schema_drift,detection,0.0039,True
883c2e0fef2f,spielberg_FP3,g_force_lateral,bit_flip_high,detection,0.004,True
67376f8b89e2,spielberg_FP3,speed,bit_flip_high,detection,0.0038,True
3f1b0952c222,spielberg_FP3,aero_load,bit_flip_low,detection,0.0037,True
c8e514e3e1ae,spielberg_FP3,aero_load,bit_flip_low,detection,0.004,True
ad15d856e41e,spielberg_FP3,rpm,null_value,detection,0.0023,True
91072b713bcc,spielberg_FP3,ecu_canbus,bit_flip_high,detection,0.0036,True
3e833a3740ad,spielberg_FP3,g_force_lateral,duplicate_timestamp,detection,0.0027,True
f70476fb6e1a,spielberg_FP3,speed_new,schema_drift,detection,0.0031,True
7bba5b33270b,spielberg_FP3,speed,duplicate_timestamp,detection,0.0029,True
27b85809d3c6,spielberg_FP3,speed,bit_flip_low,detection,0.005,True
416c420185e8,spielberg_FP3,speed,string_in_numeric,detection,0.0013,True
31533554e59c,spielberg_FP3,ecu_canbus,null_value,detection,0.0024,True
28ac07bcedab,spielberg_FP3,rpm,duplicate_timestamp,detection,0.0025,True
6194ee3a3467,spielberg_FP3,ecu_canbus,string_in_numeric,detection,0.0013,True
06c2caa88deb,spielberg_FP3,speed,string_in_numeric,detection,0.0011,True
f9875cc1a7ac,spielberg_FP3,throttle_canbus,schema_drift,detection,0.0034,True
f23464d3344e,spielberg_FP3,aero_load,sensor_dropout,detection,0.0021,True
5d53ead22e53,spielberg_FP3,brake_temp,bit_flip_high,detection,0.0039,True
de3895ff7bf9,spielberg_FP3,ecu_canbus,bit_flip_high,detection,0.0036,True
ba4c21910814,spielberg_FP3,brake_temp,bit_flip_high,detection,0.004,True
5f8c8f0a8222,spielberg_FP3,heart_rate_new,schema_drift,detection,0.0031,True
ddcb866527e5,spielberg_FP3,rpm_new,schema_drift,detection,0.0034,True
078fb2adf26d,spielberg_FP3,engine_temp,sensor_dropout,detection,0.0023,True
1822cd7e41a0,spielberg_FP3,heart_rate,string_in_numeric,detection,0.0013,True
b85cd791dceb,spielberg_FP3,aero_load,bit_flip_low,detection,0.004,True
aaf4301e6ad8,spielberg_FP3,tyre_pressure,duplicate_timestamp,detection,0.0023,True
3448508cab04,spielberg_FP3,aero_load,bit_flip_low,detection,0.0037,True
decc0998369d,spielberg_FP3,g_force_lateral,sensor_dropout,detection,0.0025,True
0815ccd851c7,spielberg_FP3,throttle,null_value,detection,0.002,True
c1cd6231ca22,spielberg_FP3,tyre_pressure,duplicate_timestamp,detection,0.0027,True
44c2fe09de12,spielberg_FP3,rpm,duplicate_timestamp,detection,0.0022,True
80b01c8109a5,spielberg_FP3,rpm,bit_flip_low,detection,0.0044,True
b82f16a02589,spielberg_FP3,engine_temp,sensor_dropout,detection,0.0024,True
3b113491f2b7,spielberg_FP3,tyre_pressure_alt,schema_drift,detection,0.003,True
a1d3ccb1b2df,spielberg_FP3,aero_load,bit_flip_low,detection,0.0036,True
2358cfc7fbb2,spielberg_FP3,speed,bit_flip_high,detection,0.004,True
1a15308c1f6c,spielberg_FP3,aero_load,bit_flip_low,detection,0.0036,True
24af2a8f661e,spielberg_QUALI,throttle_new,schema_drift,detection,0.003,True
6e7a6fbc962c,spielberg_QUALI,speed_new,schema_drift,detection,0.0027,True
3aebbeab7c99,spielberg_QUALI,heart_rate_v2,schema_drift,detection,0.0026,True
76599126e7d3,spielberg_QUALI,heart_rate,bit_flip_low,detection,0.0038,True
b4c9894a0842,spielberg_QUALI,heart_rate_raw,schema_drift,detection,0.0029,True
492a9a436f8f,spielberg_QUALI,speed_raw,schema_drift,detection,0.0026,True
171a93b682ca,spielberg_QUALI,rpm,null_value,detection,0.002,True
eb89485c151b,spielberg_QUALI,brake_temp_alt,schema_drift,detection,0.0127,True
9635de32e433,spielberg_QUALI,heart_rate,bit_flip_high,detection,0.0038,True
f3c24740fdb6,spielberg_QUALI,brake_temp,bit_flip_high,detection,0.0035,True
6db33eaa8d8e,spielberg_QUALI,tyre_pressure,sensor_dropout,detection,0.0022,True
3ea65a301a74,spielberg_QUALI,engine_temp,null_value,detection,0.002,True
eb60d7a8f06b,spielberg_QUALI,heart_rate,duplicate_timestamp,detection,0.0024,True
05f0e4937769,spielberg_QUALI,tyre_pressure,bit_flip_high,detection,0.0053,True
85b2c11e072a,spielberg_QUALI,tyre_pressure,null_value,detection,0.0021,True
de825d57d45d,spielberg_QUALI,g_force_lateral,sensor_dropout,detection,0.0022,True
dc4c77a35c6f,spielberg_QUALI,engine_temp,bit_flip_high,detection,0.0038,True
dcfa63e7ad41,spielberg_QUALI,aero_load,bit_flip_low,detection,0.0041,True
e4520057b4a6,spielberg_QUALI,g_force_lateral,bit_flip_low,detection,0.0034,True
8322a0008b07,spielberg_QUALI,tyre_pressure,duplicate_timestamp,detection,0.0025,True
4d872684e798,spielberg_QUALI,throttle,sensor_dropout,detection,0.0021,True
cd6794280dc6,spielberg_QUALI,speed,null_value,detection,0.0022,True
df63b2fac3ab,spielberg_QUALI,tyre_pressure,null_value,detection,0.002,True
ba53f78ad329,spielberg_QUALI,brake_temp,string_in_numeric,detection,0.0013,True
e1b038107ce6,spielberg_QUALI,aero_load,bit_flip_high,detection,0.0045,True
d808b2efec35,spielberg_QUALI,rpm,string_in_numeric,detection,0.0012,True
72edd0dfbaaf,spielberg_QUALI,g_force_lateral,bit_flip_low,detection,0.0033,True
c6df7682f5af,spielberg_QUALI,brake_temp,string_in_numeric,detection,0.0013,True
6040e3ce177b,spielberg_QUALI,engine_temp,bit_flip_high,detection,0.0038,True
4f4da0da9786,spielberg_QUALI,g_force_lateral,sensor_dropout,detection,0.0022,True
ef098a11b7dd,spielberg_QUALI,brake_temp,sensor_dropout,detection,0.002,True
c0137d2dc9d4,spielberg_QUALI,g_force_lateral_new,schema_drift,detection,0.0031,True
7c9c139c26ad,spielberg_QUALI,aero_load,bit_flip_low,detection,0.0036,True
6a23e435b775,spielberg_QUALI,brake_temp,string_in_numeric,detection,0.0011,True
d25f35729122,spielberg_QUALI,throttle,null_value,detection,0.0021,True
551a0e0d1e81,spielberg_QUALI,tyre_pressure,null_value,detection,0.002,True
7924e81a8a6d,spielberg_QUALI,rpm,bit_flip_high,detection,0.0037,True
22aab3c47183,spielberg_QUALI,brake_temp_alt,schema_drift,detection,0.0029,True
99765eeb94aa,spielberg_QUALI,rpm,duplicate_timestamp,detection,0.0024,True
4be5be411bc7,spielberg_QUALI,engine_temp,sensor_dropout,detection,0.0025,True
9815b8f967af,spielberg_QUALI,brake_temp,bit_flip_low,detection,0.0035,True
d0c69e87ffd9,spielberg_QUALI,tyre_pressure,null_value,detection,0.0021,True
cb5ad9a7b239,spielberg_QUALI,engine_temp,bit_flip_high,detection,0.0034,True
0594d90523d2,spielberg_QUALI,rpm,null_value,detection,0.002,True
cf9ad8c9a149,spielberg_QUALI,speed,bit_flip_high,detection,0.0036,True
954633b7fe99,spielberg_QUALI,aero_load,string_in_numeric,detection,0.0012,True
358d934e0836,spielberg_QUALI,g_force_lateral,string_in_numeric,detection,0.0013,True
644d35e07831,spielberg_QUALI,ecu_canbus,bit_flip_low,detection,0.004,True
fb7ce6137b57,spielberg_QUALI,throttle,sensor_dropout,detection,0.0021,True
b99263d739c8,spielberg_QUALI,speed,null_value,detection,0.0022,True
0cd82aad0c94,spielberg_QUALI,speed,sensor_dropout,detection,0.0021,True
2420004c9172,spielberg_QUALI,throttle,string_in_numeric,detection,0.0013,True
f5de5251eb5a,spielberg_QUALI,heart_rate,null_value,detection,0.0023,True
ce3e68b9691c,spielberg_QUALI,aero_load,duplicate_timestamp,detection,0.0023,True
520a313ef591,spielberg_QUALI,ecu_canbus,bit_flip_high,detection,0.004,True
676b4d8dd033,spielberg_QUALI,heart_rate,bit_flip_low,detection,0.0039,True
a838406a39ab,spielberg_QUALI,speed,bit_flip_high,detection,0.0039,True
abeb0d2fd9d6,spielberg_QUALI,rpm_alt,schema_drift,detection,0.0031,True
3183658b0d7b,spielberg_QUALI,engine_temp,bit_flip_high,detection,0.0045,True
cd599258ec8c,spielberg_QUALI,aero_load,bit_flip_low,detection,0.0035,True
7df0a3e52367,spielberg_QUALI,ecu_canbus,string_in_numeric,detection,0.0012,True
ae94fba1c022,spielberg_QUALI,aero_load,string_in_numeric,detection,0.0013,True
789788ae2b0a,spielberg_QUALI,heart_rate,string_in_numeric,detection,0.0012,True
b2518bd6e8d6,spielberg_QUALI,heart_rate,null_value,detection,0.002,True
11fc87175a36,spielberg_QUALI,throttle,bit_flip_high,detection,0.0043,True
aeb5b396a07f,spielberg_QUALI,tyre_pressure,bit_flip_low,detection,0.0052,True
d28a7338ec51,spielberg_QUALI,rpm_raw,schema_drift,detection,0.0034,True
a0a31fcc95ab,spielberg_QUALI,engine_temp_raw,schema_drift,detection,0.003,True
c6fb86c72682,spielberg_QUALI,brake_temp,bit_flip_low,detection,0.0035,True
0c2b13cbbd43,spielberg_QUALI,rpm,bit_flip_low,detection,0.0036,True
43519267a26d,spielberg_QUALI,g_force_lateral,duplicate_timestamp,detection,0.0026,True
d89899a63295,spielberg_QUALI,brake_temp_new,schema_drift,detection,0.003,True
f70e59646525,spielberg_QUALI,g_force_lateral,bit_flip_low,detection,0.0038,True
9cc8752af065,spielberg_QUALI,engine_temp,bit_flip_low,detection,0.0041,True
7581f486be93,spielberg_QUALI,rpm,string_in_numeric,detection,0.0011,True
777f2f4952e4,spielberg_QUALI,throttle,duplicate_timestamp,detection,0.0023,True
fcb37360f2b5,spielberg_QUALI,g_force_lateral,sensor_dropout,detection,0.0022,True
1c9ec05ea4bb,spielberg_QUALI,brake_temp,string_in_numeric,detection,0.0011,True
ef645aa49aa6,spielberg_QUALI,aero_load,string_in_numeric,detection,0.001,True
efbbc705a010,spielberg_QUALI,engine_temp,duplicate_timestamp,detection,0.0034,True
06e8bcc36209,spielberg_QUALI,heart_rate,bit_flip_low,detection,0.0044,True
073ed2acefbe,spielberg_QUALI,g_force_lateral,null_value,detection,0.0022,True
5d6b7c0a0ba4,spielberg_QUALI,ecu_canbus_alt,schema_drift,detection,0.0029,True
95e48cdf455e,spielberg_QUALI,brake_temp,string_in_numeric,detection,0.0012,True
06ecb1c43b03,spielberg_QUALI,throttle,duplicate_timestamp,detection,0.0027,True
18b04b1a0925,spielberg_QUALI,heart_rate,string_in_numeric,detection,0.0012,True
edba9f7bf71a,spielberg_QUALI,tyre_pressure,duplicate_timestamp,detection,0.0022,True
8743844d7f6b,spielberg_QUALI,ecu_canbus,string_in_numeric,detection,0.001,True
9b17340f895d,spielberg_QUALI,engine_temp,sensor_dropout,detection,0.002,True
69f429acf731,spielberg_QUALI,g_force_lateral,duplicate_timestamp,detection,0.0024,True
580ea79a0c6e,spielberg_QUALI,engine_temp_new,schema_drift,detection,0.0032,True
19a193b059a9,spielberg_QUALI,tyre_pressure,bit_flip_high,detection,0.0037,True
2d8b8e8d1640,spielberg_QUALI,engine_temp,sensor_dropout,detection,0.0021,True
f29ad1999a56,spielberg_QUALI,ecu_canbus,bit_flip_high,detection,0.0044,True
7b69964e5496,spielberg_QUALI,aero_load,null_value,detection,0.002,True
30d7e92a2ca8,spielberg_QUALI,tyre_pressure,duplicate_timestamp,detection,0.0035,True
0f41769663ee,spielberg_QUALI,heart_rate_v2,schema_drift,detection,0.003,True
fcb28e6996c2,spielberg_QUALI,engine_temp_alt,schema_drift,detection,0.0025,True
e93ab2f5f05f,spielberg_RACE,engine_temp,string_in_numeric,detection,0.0012,True
b5cfa2cf49be,spielberg_RACE,ecu_canbus_alt,schema_drift,detection,0.0036,True
b9e6b0c758f3,spielberg_RACE,heart_rate,sensor_dropout,detection,0.0022,True
e70e32b9460e,spielberg_RACE,brake_temp_new,schema_drift,detection,0.003,True
eb89f7370574,spielberg_RACE,tyre_pressure,string_in_numeric,detection,0.0013,True
7f5140bfc31e,spielberg_RACE,brake_temp,string_in_numeric,detection,0.001,True
ca1cef437cdf,spielberg_RACE,rpm,bit_flip_high,detection,0.0039,True
4460c5227f04,spielberg_RACE,tyre_pressure,bit_flip_high,detection,0.0048,True
2dabedcc20df,spielberg_RACE,brake_temp,bit_flip_low,detection,0.0045,True
285b1c31c8e4,spielberg_RACE,engine_temp,null_value,detection,0.0029,True
a33dec1d2d72,spielberg_RACE,throttle,string_in_numeric,detection,0.0014,True
6119f1a84c79,spielberg_RACE,ecu_canbus,duplicate_timestamp,detection,0.0026,True
661ec47148a9,spielberg_RACE,tyre_pressure,duplicate_timestamp,detection,0.0035,True
33e16840a86a,spielberg_RACE,throttle,null_value,detection,0.0024,True
4b127633f265,spielberg_RACE,tyre_pressure,sensor_dropout,detection,0.0024,True
135e7d389d61,spielberg_RACE,speed,null_value,detection,0.002,True
b9e7f1798954,spielberg_RACE,brake_temp,bit_flip_low,detection,0.0049,True
4be86b4862be,spielberg_RACE,throttle_raw,schema_drift,detection,0.003,True
4050af6359d4,spielberg_RACE,engine_temp,duplicate_timestamp,detection,0.0027,True
8dc2ac0e73ef,spielberg_RACE,g_force_lateral,null_value,detection,0.0024,True
b7e9177787f5,spielberg_RACE,rpm,bit_flip_high,detection,0.0057,True
399bb5d0870c,spielberg_RACE,aero_load,null_value,detection,0.0022,True
0319142721f5,spielberg_RACE,heart_rate,string_in_numeric,detection,0.0013,True
28d9bbfc40f3,spielberg_RACE,aero_load,sensor_dropout,detection,0.005,True
ddd7f993cf2f,spielberg_RACE,aero_load,string_in_numeric,detection,0.0013,True
aaada21528fe,spielberg_RACE,throttle,sensor_dropout,detection,0.0021,True
4ad78217d4f3,spielberg_RACE,speed,bit_flip_high,detection,0.0049,True
9b13ddbb0c7b,spielberg_RACE,heart_rate,string_in_numeric,detection,0.0011,True
703047eb412a,spielberg_RACE,tyre_pressure,duplicate_timestamp,detection,0.0027,True
f90aa349afe5,spielberg_RACE,aero_load_canbus,schema_drift,detection,0.0033,True
2189274ce2cb,spielberg_RACE,brake_temp,null_value,detection,0.0041,True
843452e96d7a,spielberg_RACE,g_force_lateral,duplicate_timestamp,detection,0.0053,True
38e109507497,spielberg_RACE,tyre_pressure,bit_flip_low,detection,0.0045,True
546c3f2b9c26,spielberg_RACE,heart_rate,sensor_dropout,detection,0.0027,True
b996d33c4a37,spielberg_RACE,rpm,sensor_dropout,detection,0.0019,True
5627b43aa372,spielberg_RACE,rpm,null_value,detection,0.0018,True
e6386485ad49,spielberg_RACE,engine_temp,bit_flip_high,detection,0.0042,True
b37befb8181d,spielberg_RACE,aero_load,bit_flip_low,detection,0.0035,True
b23e54882d62,spielberg_RACE,speed,bit_flip_low,detection,0.0043,True
02e8eb02d8da,spielberg_RACE,throttle,sensor_dropout,detection,0.0021,True
e81d43c55cde,spielberg_RACE,engine_temp,bit_flip_low,detection,0.0033,True
10dbfdab2b99,spielberg_RACE,brake_temp,bit_flip_low,detection,0.0032,True
a3c7e478f09d,spielberg_RACE,tyre_pressure_alt,schema_drift,detection,0.003,True
9921f4c5853e,spielberg_RACE,speed,duplicate_timestamp,detection,0.0024,True
4dc3846cfff4,spielberg_RACE,speed,null_value,detection,0.002,True
52f1c616de5a,spielberg_RACE,tyre_pressure,bit_flip_high,detection,0.0037,True
0c84497e9eb3,spielberg_RACE,heart_rate,duplicate_timestamp,detection,0.0025,True
1f3b4c5069d4,spielberg_RACE,aero_load,null_value,detection,0.002,True
ff80625cd933,spielberg_RACE,brake_temp_new,schema_drift,detection,0.003,True
f1b45f377076,spielberg_RACE,tyre_pressure_v2,schema_drift,detection,0.0028,True
dcb5f62773ee,spielberg_RACE,heart_rate,bit_flip_low,detection,0.0037,True
cb74d9c5ba13,spielberg_RACE,speed,bit_flip_low,detection,0.0034,True
f203dbc72bf5,spielberg_RACE,aero_load,duplicate_timestamp,detection,0.0026,True
58a8766f84ab,spielberg_RACE,engine_temp,bit_flip_high,detection,0.0044,True
3062bb2de005,spielberg_RACE,heart_rate,string_in_numeric,detection,0.0013,True
3f8b9b56a2fd,spielberg_RACE,speed,duplicate_timestamp,detection,0.0022,True
8304f2457b3c,spielberg_RACE,brake_temp,sensor_dropout,detection,0.002,True
9e08656064c2,spielberg_RACE,rpm,null_value,detection,0.0021,True
0f466f283690,spielberg_RACE,ecu_canbus,duplicate_timestamp,detection,0.0024,True
b335d14127ba,spielberg_RACE,tyre_pressure,null_value,detection,0.0021,True
58578460578f,spielberg_RACE,throttle,bit_flip_high,detection,0.0037,True
d0f835ce744d,spielberg_RACE,brake_temp,sensor_dropout,detection,0.002,True
9bcefeeda20b,spielberg_RACE,tyre_pressure,string_in_numeric,detection,0.0013,True
aeb863a8194f,spielberg_RACE,rpm,bit_flip_high,detection,0.0041,True
c72055664c9d,spielberg_RACE,rpm,duplicate_timestamp,detection,0.0027,True
2268c0833d4c,spielberg_RACE,speed_v2,schema_drift,detection,0.0031,True
3dee5b105f0f,spielberg_RACE,engine_temp_alt,schema_drift,detection,0.0029,True
df6302a5c163,spielberg_RACE,ecu_canbus,null_value,detection,0.002,True
26722ecff1d1,spielberg_RACE,speed_alt,schema_drift,detection,0.0031,True
b23e20642154,spielberg_RACE,aero_load,duplicate_timestamp,detection,0.0022,True
ce15848d1112,spielberg_RACE,engine_temp,string_in_numeric,detection,0.0012,True
f46a00487655,spielberg_RACE,ecu_canbus,bit_flip_low,detection,0.0045,True
d88f87109fec,spielberg_RACE,tyre_pressure,bit_flip_high,detection,0.0034,True
137288e410ab,spielberg_RACE,heart_rate,duplicate_timestamp,detection,0.0023,True
806959d44ac4,spielberg_RACE,aero_load,bit_flip_low,detection,0.0032,True
eab7655e8d66,spielberg_RACE,tyre_pressure,bit_flip_low,detection,0.0036,True
76b60ca23486,spielberg_RACE,g_force_lateral,bit_flip_high,detection,0.0033,True
c8356126e894,spielberg_RACE,tyre_pressure_new,schema_drift,detection,0.0035,True
297ff34bfd95,spielberg_RACE,rpm_alt,schema_drift,detection,0.0031,True
ac889f70654b,spielberg_RACE,brake_temp,null_value,detection,0.0022,True
042ba4836557,spielberg_RACE,throttle,bit_flip_high,detection,0.0037,True
ceea45d8d5f0,spielberg_RACE,tyre_pressure,string_in_numeric,detection,0.0011,True
96bab38885e5,spielberg_RACE,aero_load_alt,schema_drift,detection,0.0035,True
c0a665603422,spielberg_RACE,speed_raw,schema_drift,detection,0.003,True
86f0b2fd4249,spielberg_RACE,rpm,bit_flip_low,detection,0.0039,True
948016a037b8,spielberg_RACE,throttle,duplicate_timestamp,detection,0.0024,True
fe917d321819,spielberg_RACE,g_force_lateral,null_value,detection,0.002,True
8cb82f2650ba,spielberg_RACE,aero_load_canbus,schema_drift,detection,0.0031,True
537aced8cf43,spielberg_RACE,engine_temp,null_value,detection,0.0025,True
e99adbd20ded,spielberg_RACE,tyre_pressure,duplicate_timestamp,detection,0.0039,True
2e4226c6bc6e,spielberg_RACE,speed,sensor_dropout,detection,0.0021,True
365c017ffef0,spielberg_RACE,rpm,bit_flip_low,detection,0.0042,True
e0c2f7449b4c,spielberg_RACE,aero_load,bit_flip_high,detection,0.0034,True
ed56720b3d6b,spielberg_RACE,brake_temp,string_in_numeric,detection,0.0012,True
0b313d1bd0fc,spielberg_RACE,ecu_canbus,bit_flip_low,detection,0.0039,True
4895f0dca088,spielberg_RACE,rpm_canbus,schema_drift,detection,0.0031,True
0ae65b8229bf,spielberg_RACE,tyre_pressure,sensor_dropout,detection,0.0022,True
e67ef3f084c5,spielberg_RACE,brake_temp_new,schema_drift,detection,0.003,True
bbd6c5aa1545,silverstone_FP1,throttle,sensor_dropout,detection,0.002,True
987d8befc334,silverstone_FP1,throttle,bit_flip_high,detection,0.0048,True
881eb1b325e4,silverstone_FP1,engine_temp,bit_flip_high,detection,0.0035,True
11994fb9ace3,silverstone_FP1,g_force_lateral,string_in_numeric,detection,0.0013,True
8028446b5b32,silverstone_FP1,speed,null_value,detection,0.0022,True
e0a81cc6409e,silverstone_FP1,engine_temp,sensor_dropout,detection,0.004,True
65893e27cad5,silverstone_FP1,throttle,null_value,detection,0.0022,True
949ff2eb913b,silverstone_FP1,tyre_pressure,string_in_numeric,detection,0.0013,True
a772f2bb24c6,silverstone_FP1,throttle,null_value,detection,0.002,True
475907a76f80,silverstone_FP1,g_force_lateral,null_value,detection,0.0024,True
3ad3f89eba6a,silverstone_FP1,aero_load,null_value,detection,0.0021,True
4823f0e8ea03,silverstone_FP1,throttle,duplicate_timestamp,detection,0.0023,True
58fb9738450c,silverstone_FP1,aero_load,sensor_dropout,detection,0.0027,True
3b43f9a28cb8,silverstone_FP1,g_force_lateral,string_in_numeric,detection,0.0013,True
72969fccacd3,silverstone_FP1,ecu_canbus,string_in_numeric,detection,0.0011,True
afe7ea110b10,silverstone_FP1,throttle_alt,schema_drift,detection,0.0031,True
e39b38715d84,silverstone_FP1,engine_temp_alt,schema_drift,detection,0.0027,True
bee47d88861b,silverstone_FP1,tyre_pressure_v2,schema_drift,detection,0.003,True
7e3e9c6c3b8f,silverstone_FP1,brake_temp,duplicate_timestamp,detection,0.0024,True
2057b60824d6,silverstone_FP1,speed,bit_flip_low,detection,0.0046,True
441c884be809,silverstone_FP1,heart_rate_new,schema_drift,detection,0.0031,True
a3081c9792c2,silverstone_FP1,heart_rate,sensor_dropout,detection,0.0021,True
34ea822024c9,silverstone_FP1,throttle,duplicate_timestamp,detection,0.0028,True
63ec2fbdbbd3,silverstone_FP1,ecu_canbus,bit_flip_high,detection,0.0047,True
adb538c48ffd,silverstone_FP1,throttle,duplicate_timestamp,detection,0.0027,True
bb4dbd1f68d0,silverstone_FP1,speed,bit_flip_high,detection,0.0045,True
465822f59554,silverstone_FP1,g_force_lateral,bit_flip_high,detection,0.0035,True
7e6adbf97ccc,silverstone_FP1,throttle,null_value,detection,0.0021,True
671e1e602444,silverstone_FP1,tyre_pressure,null_value,detection,0.0019,True
e56815a395d7,silverstone_FP1,heart_rate,sensor_dropout,detection,0.002,True
2e09e002ee49,silverstone_FP1,g_force_lateral_new,schema_drift,detection,0.0032,True
9883c144ebc4,silverstone_FP1,rpm,bit_flip_high,detection,0.0039,True
9666d315c7ac,silverstone_FP1,heart_rate_v2,schema_drift,detection,0.003,True
f0db97834986,silverstone_FP1,throttle,sensor_dropout,detection,0.002,True
49e99c4b6c31,silverstone_FP1,aero_load,null_value,detection,0.0021,True
ebdffd7a192a,silverstone_FP1,ecu_canbus,duplicate_timestamp,detection,0.0023,True
746b9826e5be,silverstone_FP1,brake_temp_raw,schema_drift,detection,0.0027,True
d931ee4a6d23,silverstone_FP1,rpm,duplicate_timestamp,detection,0.0023,True
131ce970d8da,silverstone_FP1,ecu_canbus,bit_flip_high,detection,0.004,True
8876fb8cd0b2,silverstone_FP1,engine_temp,string_in_numeric,detection,0.0011,True
5d42621ded59,silverstone_FP1,g_force_lateral_canbus,schema_drift,detection,0.0037,True
c1bb56af9cdf,silverstone_FP1,engine_temp_v2,schema_drift,detection,0.003,True
35f7d87e2c87,silverstone_FP1,engine_temp,string_in_numeric,detection,0.0013,True
7f3f0f3da54e,silverstone_FP1,g_force_lateral,sensor_dropout,detection,0.0022,True
83637d88b299,silverstone_FP1,speed_alt,schema_drift,detection,0.0029,True
d77274b67cd0,silverstone_FP1,aero_load_raw,schema_drift,detection,0.0029,True
d505c7b9869a,silverstone_FP1,tyre_pressure,duplicate_timestamp,detection,0.0022,True
fda1cc190eb7,silverstone_FP1,ecu_canbus,duplicate_timestamp,detection,0.0024,True
b57bc706641e,silverstone_FP1,heart_rate,null_value,detection,0.002,True
f74e4b8956bd,silverstone_FP1,engine_temp,sensor_dropout,detection,0.0027,True
60c6bbed4285,silverstone_FP1,g_force_lateral,duplicate_timestamp,detection,0.0024,True
700e40ae0208,silverstone_FP1,engine_temp,string_in_numeric,detection,0.0013,True
8d6554004b70,silverstone_FP1,heart_rate,null_value,detection,0.0021,True
1b0318795535,silverstone_FP1,tyre_pressure,null_value,detection,0.002,True
6594c333f5f9,silverstone_FP1,ecu_canbus,duplicate_timestamp,detection,0.0026,True
2dfdf3d5de39,silverstone_FP1,throttle_v2,schema_drift,detection,0.0032,True
a2c5492ebad1,silverstone_FP1,speed,duplicate_timestamp,detection,0.0031,True
8e4e0c2fd1ea,silverstone_FP1,rpm,string_in_numeric,detection,0.0012,True
c0174e11c151,silverstone_FP1,brake_temp,null_value,detection,0.002,True
0e52c4d2fc16,silverstone_FP1,g_force_lateral,duplicate_timestamp,detection,0.0028,True
1df818d4a2ce,silverstone_FP1,throttle,null_value,detection,0.002,True
7bea7fd50b35,silverstone_FP1,engine_temp,sensor_dropout,detection,0.0024,True
73b34cfa0ac2,silverstone_FP1,g_force_lateral,bit_flip_low,detection,0.0052,True
a8f5f70465f0,silverstone_FP1,heart_rate,sensor_dropout,detection,0.0022,True
9ec064826e15,silverstone_FP1,speed,duplicate_timestamp,detection,0.0025,True
244a66294bd0,silverstone_FP1,rpm,string_in_numeric,detection,0.0013,True
eeb462a1278e,silverstone_FP1,speed,bit_flip_high,detection,0.0039,True
d852cf94d4b6,silverstone_FP1,g_force_lateral,sensor_dropout,detection,0.002,True
753a7378addf,silverstone_FP1,ecu_canbus,string_in_numeric,detection,0.0012,True
c6ee4f3144db,silverstone_FP1,speed,duplicate_timestamp,detection,0.0022,True
9ebfca7c9b21,silverstone_FP1,brake_temp,bit_flip_high,detection,0.0035,True
541575fa8243,silverstone_FP1,speed,sensor_dropout,detection,0.0019,True
664a0db8c990,silverstone_FP1,aero_load,bit_flip_high,detection,0.0033,True
954a310c4318,silverstone_FP1,throttle,bit_flip_high,detection,0.0034,True
861f34d1a171,silverstone_FP1,ecu_canbus,string_in_numeric,detection,0.0012,True
e1220069e0fe,silverstone_FP1,speed,sensor_dropout,detection,0.002,True
cb4c0fba4d7b,silverstone_FP1,ecu_canbus_raw,schema_drift,detection,0.0032,True
fb4a5516fdaa,silverstone_FP1,g_force_lateral,bit_flip_high,detection,0.0034,True
05f64bb124d0,silverstone_FP1,ecu_canbus,string_in_numeric,detection,0.0011,True
425493895718,silverstone_FP1,engine_temp_raw,schema_drift,detection,0.0028,True
b4729c47a046,silverstone_FP1,speed,bit_flip_high,detection,0.0043,True
469f67ae36fc,silverstone_FP1,brake_temp,null_value,detection,0.002,True
c7234d5887f9,silverstone_FP1,tyre_pressure,bit_flip_low,detection,0.0036,True
077802848cae,silverstone_FP1,rpm,null_value,detection,0.002,True
d1252f6ab6f4,silverstone_FP1,engine_temp,duplicate_timestamp,detection,0.0023,True
1041104c3685,silverstone_FP1,heart_rate,bit_flip_low,detection,0.0033,True
b2fe4666f3fb,silverstone_FP1,ecu_canbus_new,schema_drift,detection,0.0028,True
884923a0b5d1,silverstone_FP1,throttle,duplicate_timestamp,detection,0.0021,True
244bbe4ec3a7,silverstone_FP1,brake_temp,bit_flip_high,detection,0.0033,True
65c511a6bc76,silverstone_FP1,speed,sensor_dropout,detection,0.0022,True
75dd93a2656d,silverstone_FP1,rpm,bit_flip_low,detection,0.0041,True
25943635f873,silverstone_FP1,rpm_canbus,schema_drift,detection,0.0031,True
544c35528ed8,silverstone_FP1,engine_temp,string_in_numeric,detection,0.0012,True
066396b16bf9,silverstone_FP1,tyre_pressure,bit_flip_low,detection,0.0033,True
be19a2035171,silverstone_FP1,g_force_lateral_raw,schema_drift,detection,0.0029,True
d57d2dec367f,silverstone_FP1,speed,bit_flip_low,detection,0.0034,True
bd91ba62ed8f,silverstone_FP1,ecu_canbus,sensor_dropout,detection,0.0019,True
82f688fcbaf3,silverstone_FP1,brake_temp,duplicate_timestamp,detection,0.0024,True
4f946adf72af,silverstone_FP1,throttle,bit_flip_high,detection,0.0034,True
d31e648e16fc,silverstone_FP2,speed,string_in_numeric,detection,0.0012,True
d77bfd339f64,silverstone_FP2,brake_temp,duplicate_timestamp,detection,0.0023,True
14bf36883fd5,silverstone_FP2,rpm_v2,schema_drift,detection,0.003,True
aa9b7461c042,silverstone_FP2,aero_load_canbus,schema_drift,detection,0.0037,True
a145aad7ca9d,silverstone_FP2,ecu_canbus,bit_flip_high,detection,0.0036,True
1d1dc20aa6d5,silverstone_FP2,tyre_pressure,sensor_dropout,detection,0.0022,True
eed0bf664463,silverstone_FP2,heart_rate,duplicate_timestamp,detection,0.0022,True
28c5a8280571,silverstone_FP2,tyre_pressure,duplicate_timestamp,detection,0.0021,True
4a8ce5731db4,silverstone_FP2,tyre_pressure,bit_flip_low,detection,0.004,True
74b825fa8918,silverstone_FP2,g_force_lateral,null_value,detection,0.002,True
7b319e7d5ff1,silverstone_FP2,rpm_raw,schema_drift,detection,0.0032,True
6b553dd4284a,silverstone_FP2,ecu_canbus,sensor_dropout,detection,0.002,True
c9b669e054ee,silverstone_FP2,g_force_lateral,string_in_numeric,detection,0.0012,True
b053addb93a1,silverstone_FP2,aero_load,sensor_dropout,detection,0.002,True
9691d81aab9c,silverstone_FP2,heart_rate,string_in_numeric,detection,0.0011,True
918d2c575ebc,silverstone_FP2,brake_temp,null_value,detection,0.0019,True
b70aa3a75f45,silverstone_FP2,g_force_lateral,null_value,detection,0.0019,True
05c12322016c,silverstone_FP2,aero_load,duplicate_timestamp,detection,0.0021,True
7f61708d409a,silverstone_FP2,heart_rate,null_value,detection,0.0018,True
67245da2d3b6,silverstone_FP2,throttle,sensor_dropout,detection,0.002,True
31267c9882ee,silverstone_FP2,aero_load,duplicate_timestamp,detection,0.0022,True
86d8e6285067,silverstone_FP2,heart_rate,duplicate_timestamp,detection,0.0021,True
a3625e31c4bf,silverstone_FP2,rpm_raw,schema_drift,detection,0.003,True
14a2bd5dec70,silverstone_FP2,rpm,bit_flip_high,detection,0.0038,True
2b4562d9598b,silverstone_FP2,throttle,string_in_numeric,detection,0.0012,True
8332acdc5e0a,silverstone_FP2,g_force_lateral,null_value,detection,0.0019,True
127358604c0f,silverstone_FP2,throttle,null_value,detection,0.002,True
e6a76067374f,silverstone_FP2,aero_load,null_value,detection,0.002,True
cd8edf2dedc8,silverstone_FP2,aero_load_v2,schema_drift,detection,0.0032,True
ef92838b5123,silverstone_FP2,rpm,bit_flip_high,detection,0.0037,True
f01c9e52a264,silverstone_FP2,throttle,bit_flip_low,detection,0.0035,True
73a716f47838,silverstone_FP2,aero_load,bit_flip_low,detection,0.0037,True
8469c759d811,silverstone_FP2,throttle,duplicate_timestamp,detection,0.0024,True
18dee5a73541,silverstone_FP2,engine_temp,null_value,detection,0.0021,True
8f11de2e1e59,silverstone_FP2,aero_load,bit_flip_low,detection,0.0037,True
d9fcecc96e7f,silverstone_FP2,g_force_lateral,duplicate_timestamp,detection,0.0022,True
4a8c0af12bd6,silverstone_FP2,ecu_canbus_v2,schema_drift,detection,0.0029,True
b677329f8656,silverstone_FP2,throttle,bit_flip_low,detection,0.0033,True
51d2c28266b8,silverstone_FP2,engine_temp_canbus,schema_drift,detection,0.0027,True
b6d9052a9c2f,silverstone_FP2,ecu_canbus,string_in_numeric,detection,0.0013,True
e0f99ea5acaa,silverstone_FP2,ecu_canbus_alt,schema_drift,detection,0.0029,True
ef1504957e84,silverstone_FP2,g_force_lateral,null_value,detection,0.0021,True
9804836931a4,silverstone_FP2,aero_load,duplicate_timestamp,detection,0.0035,True
42b54d812578,silverstone_FP2,brake_temp_v2,schema_drift,detection,0.0027,True
3cdcaf0b7ec7,silverstone_FP2,heart_rate,null_value,detection,0.002,True
319920873449,silverstone_FP2,brake_temp,bit_flip_high,detection,0.0033,True
9cd50041bb76,silverstone_FP2,tyre_pressure,string_in_numeric,detection,0.0011,True
94bc0697fd3d,silverstone_FP2,g_force_lateral,bit_flip_low,detection,0.0035,True
eb0fc479f19b,silverstone_FP2,ecu_canbus,bit_flip_high,detection,0.0042,True
7803129b51b7,silverstone_FP2,throttle,sensor_dropout,detection,0.0022,True
47bef8a73b1a,silverstone_FP2,ecu_canbus,bit_flip_high,detection,0.0035,True
cb56db5f1e00,silverstone_FP2,engine_temp_alt,schema_drift,detection,0.0028,True
61aad3f6e3e8,silverstone_FP2,g_force_lateral,duplicate_timestamp,detection,0.0023,True
82fcd94ee5fd,silverstone_FP2,rpm_canbus,schema_drift,detection,0.0032,True
363e2570277a,silverstone_FP2,throttle,bit_flip_low,detection,0.0038,True
2cb0fac2b3d8,silverstone_FP2,rpm_new,schema_drift,detection,0.0029,True
806dd277b9d1,silverstone_FP2,tyre_pressure,bit_flip_low,detection,0.0031,True
0d47f7789043,silverstone_FP2,ecu_canbus_new,schema_drift,detection,0.0028,True
7a5b24564f7f,silverstone_FP2,brake_temp,sensor_dropout,detection,0.0019,True
56e867e0fb44,silverstone_FP2,g_force_lateral,null_value,detection,0.002,True
c085e6f8040e,silverstone_FP2,heart_rate,sensor_dropout,detection,0.0018,True
14cdbcf8f8ef,silverstone_FP2,tyre_pressure,bit_flip_high,detection,0.0034,True
60f042c6a876,silverstone_FP2,speed,duplicate_timestamp,detection,0.0023,True
d7a2d39d83ec,silverstone_FP2,g_force_lateral,duplicate_timestamp,detection,0.0022,True
c4470bcaa41a,silverstone_FP2,rpm,null_value,detection,0.0019,True
c97a3029545d,silverstone_FP2,tyre_pressure_raw,schema_drift,detection,0.003,True
0d00e05ea6b8,silverstone_FP2,rpm,bit_flip_low,detection,0.0037,True
617278109916,silverstone_FP2,tyre_pressure,null_value,detection,0.0021,True
485e05829adc,silverstone_FP2,g_force_lateral_new,schema_drift,detection,0.0027,True
07feb8a5b9db,silverstone_FP2,speed,bit_flip_high,detection,0.0035,True
77fb8e367160,silverstone_FP2,rpm,sensor_dropout,detection,0.002,True
1351310a81dd,silverstone_FP2,tyre_pressure,string_in_numeric,detection,0.0012,True
cd9fba31ce33,silverstone_FP2,aero_load,duplicate_timestamp,detection,0.0022,True
d8c5c3f9388c,silverstone_FP2,aero_load,sensor_dropout,detection,0.0021,True
f8959a899085,silverstone_FP2,engine_temp,bit_flip_low,detection,0.0034,True
51dddcd7d124,silverstone_FP2,heart_rate,sensor_dropout,detection,0.002,True
4d4820cc08c3,silverstone_FP2,engine_temp_canbus,schema_drift,detection,0.0029,True
1c8c0953c89d,silverstone_FP2,engine_temp,null_value,detection,0.0019,True
ac944304bc0c,silverstone_FP2,heart_rate,duplicate_timestamp,detection,0.0022,True
e049ad2feac4,silverstone_FP2,brake_temp,null_value,detection,0.0019,True
c9d9fe7195d2,silverstone_FP2,aero_load,duplicate_timestamp,detection,0.0021,True
2abfffe52def,silverstone_FP2,tyre_pressure,duplicate_timestamp,detection,0.0022,True
155eef66f5ef,silverstone_FP2,rpm,bit_flip_low,detection,0.0035,True
6dbb2d6d3c9e,silverstone_FP2,tyre_pressure,bit_flip_low,detection,0.0034,True
a872a8e397bb,silverstone_FP2,ecu_canbus_raw,schema_drift,detection,0.0027,True
eb3b5fabdd32,silverstone_FP2,aero_load,duplicate_timestamp,detection,0.0022,True
d67c0eed8b24,silverstone_FP2,speed,bit_flip_high,detection,0.0035,True
b563bac57048,silverstone_FP2,ecu_canbus_raw,schema_drift,detection,0.0029,True
7dc3d6389a82,silverstone_FP2,throttle,duplicate_timestamp,detection,0.0022,True
19f613fcf5e3,silverstone_FP2,engine_temp,string_in_numeric,detection,0.0011,True
c66c05878626,silverstone_FP2,speed,bit_flip_high,detection,0.0035,True
0b4eefe310bd,silverstone_FP2,aero_load,bit_flip_high,detection,0.0033,True
b3ddc9a191a4,silverstone_FP2,tyre_pressure,sensor_dropout,detection,0.0021,True
b482414e2e64,silverstone_FP2,speed,duplicate_timestamp,detection,0.0022,True
167d2aca1c5b,silverstone_FP2,rpm,string_in_numeric,detection,0.0012,True
2e7106456a1a,silverstone_FP2,ecu_canbus_alt,schema_drift,detection,0.0027,True
dd43e49bbf44,silverstone_FP2,throttle,sensor_dropout,detection,0.002,True
b6db1e457465,silverstone_FP2,tyre_pressure,null_value,detection,0.002,True
ce409f1fca73,silverstone_FP2,speed,duplicate_timestamp,detection,0.0022,True
33ee4b8f9ffb,silverstone_FP2,tyre_pressure,bit_flip_high,detection,0.0032,True
94e0a94a9ab7,silverstone_FP2,throttle,string_in_numeric,detection,0.0013,True
4dd523c700f2,silverstone_FP2,throttle_v2,schema_drift,detection,0.0029,True
2540ddd37cb9,silverstone_FP2,brake_temp,string_in_numeric,detection,0.0014,True
88647bd10cb9,silverstone_FP3,aero_load,bit_flip_high,detection,0.0044,True
b94298b3b653,silverstone_FP3,heart_rate,null_value,detection,0.0019,True
a8a4a0fd432e,silverstone_FP3,rpm_new,schema_drift,detection,0.0029,True
3c9afcbb0873,silverstone_FP3,throttle_alt,schema_drift,detection,0.0028,True
b1ddd8bacf77,silverstone_FP3,throttle,string_in_numeric,detection,0.0011,True
ed382a4c54a8,silverstone_FP3,ecu_canbus,sensor_dropout,detection,0.0024,True
27d33bd410b7,silverstone_FP3,tyre_pressure,string_in_numeric,detection,0.001,True
7241e7626742,silverstone_FP3,engine_temp,string_in_numeric,detection,0.0013,True
fe48006d12ff,silverstone_FP3,g_force_lateral,bit_flip_high,detection,0.0033,True
5b9c8d9322ad,silverstone_FP3,tyre_pressure_alt,schema_drift,detection,0.0028,True
7e8d7263ad0c,silverstone_FP3,g_force_lateral,string_in_numeric,detection,0.0012,True
c5228b62cab2,silverstone_FP3,heart_rate,string_in_numeric,detection,0.001,True
bf6119e38c68,silverstone_FP3,ecu_canbus_new,schema_drift,detection,0.0029,True
bbcd8258f9f4,silverstone_FP3,engine_temp_v2,schema_drift,detection,0.0025,True
18c7675af9fc,silverstone_FP3,engine_temp_alt,schema_drift,detection,0.0027,True
0cd0043f2184,silverstone_FP3,ecu_canbus,sensor_dropout,detection,0.0022,True
83d225af472c,silverstone_FP3,rpm,string_in_numeric,detection,0.0011,True
688cf8ffeb6d,silverstone_FP3,rpm,bit_flip_high,detection,0.0041,True
e6e74747dac4,silverstone_FP3,aero_load,bit_flip_high,detection,0.0036,True
232c9a30c081,silverstone_FP3,g_force_lateral,string_in_numeric,detection,0.0013,True
ff4fb64ca8a4,silverstone_FP3,throttle,sensor_dropout,detection,0.0021,True
674f5fd864d6,silverstone_FP3,speed,duplicate_timestamp,detection,0.0023,True
f0f6f050b738,silverstone_FP3,g_force_lateral,bit_flip_low,detection,0.0035,True
9179fccf6893,silverstone_FP3,g_force_lateral,bit_flip_high,detection,0.0034,True
f0c5f6eae12a,silverstone_FP3,g_force_lateral_v2,schema_drift,detection,0.0027,True
87abe0df4b2a,silverstone_FP3,rpm,null_value,detection,0.002,True
e54512d459ac,silverstone_FP3,throttle_alt,schema_drift,detection,0.003,True
b32c86cda7eb,silverstone_FP3,engine_temp,string_in_numeric,detection,0.0012,True
133a5ee6e11d,silverstone_FP3,brake_temp,bit_flip_high,detection,0.0035,True
ae8fd24c9754,silverstone_FP3,rpm,bit_flip_high,detection,0.0034,True
2f6ce2048639,silverstone_FP3,engine_temp,bit_flip_low,detection,0.0034,True
3c9d0b66773e,silverstone_FP3,engine_temp,bit_flip_low,detection,0.003,True
ef5cb80a4fec,silverstone_FP3,throttle,duplicate_timestamp,detection,0.0023,True
afe725ce684e,silverstone_FP3,g_force_lateral_v2,schema_drift,detection,0.0028,True
4eb3bf05d46a,silverstone_FP3,g_force_lateral,bit_flip_low,detection,0.0032,True
63a483198834,silverstone_FP3,ecu_canbus,sensor_dropout,detection,0.0025,True
99962d1db149,silverstone_FP3,heart_rate,duplicate_timestamp,detection,0.002,True
7a552fde9438,silverstone_FP3,speed_alt,schema_drift,detection,0.003,True
8e85cae8490b,silverstone_FP3,speed,null_value,detection,0.002,True
b74d36e2fa73,silverstone_FP3,brake_temp,duplicate_timestamp,detection,0.0024,True
e62595721df3,silverstone_FP3,g_force_lateral,bit_flip_high,detection,0.0037,True
1fb261cd6266,silverstone_FP3,engine_temp,null_value,detection,0.0022,True
fa546c4ee436,silverstone_FP3,g_force_lateral,bit_flip_low,detection,0.0036,True
640b2a3cde1b,silverstone_FP3,g_force_lateral,bit_flip_high,detection,0.0032,True
f3043ece3562,silverstone_FP3,tyre_pressure,duplicate_timestamp,detection,0.0024,True
f470ca310274,silverstone_FP3,g_force_lateral,bit_flip_high,detection,0.0035,True
1017e3f455c4,silverstone_FP3,rpm,null_value,detection,0.002,True
bac60f53a717,silverstone_FP3,engine_temp_raw,schema_drift,detection,0.0028,True
a276babcd4a3,silverstone_FP3,brake_temp,null_value,detection,0.002,True
f637b0dbaa54,silverstone_FP3,throttle,null_value,detection,0.002,True
8bc3a22e43c5,silverstone_FP3,aero_load,sensor_dropout,detection,0.002,True
e7713660e26a,silverstone_FP3,brake_temp,sensor_dropout,detection,0.0018,True
cdd83f12dd3e,silverstone_FP3,tyre_pressure_canbus,schema_drift,detection,0.003,True
97de28837ee0,silverstone_FP3,rpm,bit_flip_high,detection,0.0037,True
e9414926ac71,silverstone_FP3,g_force_lateral,string_in_numeric,detection,0.0012,True
bc2cdbdd903d,silverstone_FP3,heart_rate_alt,schema_drift,detection,0.003,True
ea1b8e192f26,silverstone_FP3,g_force_lateral,bit_flip_high,detection,0.0032,True
ca22ee9ec105,silverstone_FP3,engine_temp,bit_flip_low,detection,0.0032,True
84abbaf40205,silverstone_FP3,rpm,bit_flip_high,detection,0.0038,True
f24db0468ffc,silverstone_FP3,engine_temp,string_in_numeric,detection,0.0012,True
8cf10864fbbe,silverstone_FP3,ecu_canbus,duplicate_timestamp,detection,0.0024,True
0a7748e14ea1,silverstone_FP3,heart_rate,bit_flip_high,detection,0.0035,True
d9f9d7e3e5de,silverstone_FP3,aero_load_canbus,schema_drift,detection,0.0032,True
3acfd8d108ee,silverstone_FP3,aero_load,duplicate_timestamp,detection,0.0036,True
b7625714db93,silverstone_FP3,throttle,bit_flip_high,detection,0.0039,True
fed688dbd270,silverstone_FP3,tyre_pressure,string_in_numeric,detection,0.0013,True
ea047647c605,silverstone_FP3,g_force_lateral,sensor_dropout,detection,0.0022,True
987d91bd8574,silverstone_FP3,aero_load,bit_flip_high,detection,0.0037,True
11a18bbbfbaa,silverstone_FP3,g_force_lateral,string_in_numeric,detection,0.0011,True
95c058cf1139,silverstone_FP3,rpm_raw,schema_drift,detection,0.003,True
48080d748d74,silverstone_FP3,g_force_lateral,duplicate_timestamp,detection,0.0023,True
9350ade12616,silverstone_FP3,brake_temp,duplicate_timestamp,detection,0.0022,True
e6d14e13f4b5,silverstone_FP3,speed,bit_flip_low,detection,0.004,True
bd0375677f89,silverstone_FP3,aero_load_v2,schema_drift,detection,0.0029,True
54d2c53ad03f,silverstone_FP3,ecu_canbus,string_in_numeric,detection,0.0011,True
66646be290c0,silverstone_FP3,throttle,sensor_dropout,detection,0.002,True
3209530adbc9,silverstone_FP3,ecu_canbus_canbus,schema_drift,detection,0.0029,True
fad24da1fb10,silverstone_FP3,g_force_lateral_alt,schema_drift,detection,0.0026,True
2bdde967ade6,silverstone_FP3,rpm,duplicate_timestamp,detection,0.0022,True
bf5930c5e4f7,silverstone_FP3,brake_temp,null_value,detection,0.002,True
d016736893d2,silverstone_FP3,engine_temp_alt,schema_drift,detection,0.0027,True
f3eedf5e5328,silverstone_FP3,aero_load,bit_flip_low,detection,0.0036,True
54beaaf42136,silverstone_FP3,brake_temp,sensor_dropout,detection,0.0019,True
90511859a057,silverstone_FP3,ecu_canbus,bit_flip_low,detection,0.0024,True
ceeabad5641a,silverstone_FP3,aero_load,sensor_dropout,detection,0.0021,True
201e673b29f8,silverstone_FP3,heart_rate_raw,schema_drift,detection,0.003,True
c2c1480dae1b,silverstone_FP3,g_force_lateral,bit_flip_low,detection,0.0033,True
4cced6708083,silverstone_FP3,brake_temp,null_value,detection,0.002,True
8b4791b0dcd2,silverstone_FP3,engine_temp,bit_flip_high,detection,0.0035,True
4e2d32e8819b,silverstone_FP3,tyre_pressure,duplicate_timestamp,detection,0.0022,True
e07ab0ad91ad,silverstone_QUALI,ecu_canbus_v2,schema_drift,detection,0.0036,True
172e1708fa52,silverstone_QUALI,g_force_lateral,null_value,detection,0.0023,True
4e1e971aa3f0,silverstone_QUALI,g_force_lateral,sensor_dropout,detection,0.0024,True
25787b02f2e5,silverstone_QUALI,ecu_canbus,duplicate_timestamp,detection,0.0021,True
a45e3442e662,silverstone_QUALI,engine_temp,duplicate_timestamp,detection,0.0022,True
d65576c1d7b1,silverstone_QUALI,g_force_lateral,sensor_dropout,detection,0.0022,True
46a2369b5650,silverstone_QUALI,engine_temp,bit_flip_low,detection,0.0039,True
5b31db0cad17,silverstone_QUALI,aero_load,bit_flip_low,detection,0.0034,True
76293c020f02,silverstone_QUALI,brake_temp,null_value,detection,0.0023,True
14b1318f0b02,silverstone_QUALI,throttle,duplicate_timestamp,detection,0.0024,True
d3751d5eddcb,silverstone_QUALI,heart_rate,bit_flip_low,detection,0.0045,True
09aaa69e89c3,silverstone_QUALI,tyre_pressure,bit_flip_low,detection,0.0035,True
dad7c730b9bf,silverstone_QUALI,g_force_lateral,sensor_dropout,detection,0.002,True
8c3fc948e800,silverstone_QUALI,throttle,bit_flip_low,detection,0.0064,True
da640ca32b8f,silverstone_QUALI,g_force_lateral_new,schema_drift,detection,0.0031,True
e66803c413c2,silverstone_QUALI,engine_temp_canbus,schema_drift,detection,0.0028,True
2ebb5dd180cf,silverstone_QUALI,aero_load_alt,schema_drift,detection,0.0028,True
0d8e46244fc9,silverstone_QUALI,engine_temp,duplicate_timestamp,detection,0.0024,True
62a22dd069ef,silverstone_QUALI,heart_rate,bit_flip_high,detection,0.0035,True
f1eb6396a4a2,silverstone_QUALI,speed,bit_flip_low,detection,0.0033,True
d61948c50e19,silverstone_QUALI,tyre_pressure,null_value,detection,0.002,True
ed17c65825c6,silverstone_QUALI,ecu_canbus_alt,schema_drift,detection,0.0051,True
ea00815770d7,silverstone_QUALI,engine_temp,duplicate_timestamp,detection,0.0023,True
3c832d53d070,silverstone_QUALI,heart_rate,null_value,detection,0.002,True
421d12941648,silverstone_QUALI,rpm,null_value,detection,0.0022,True
35e3e3d2c2b8,silverstone_QUALI,tyre_pressure,string_in_numeric,detection,0.0012,True
e6c552bf86d5,silverstone_QUALI,g_force_lateral,null_value,detection,0.0023,True
675e65c6004a,silverstone_QUALI,speed_alt,schema_drift,detection,0.0036,True
d2c216cfb393,silverstone_QUALI,throttle,bit_flip_low,detection,0.0037,True
126868abfdac,silverstone_QUALI,ecu_canbus_canbus,schema_drift,detection,0.0031,True
556a16b1e5ae,silverstone_QUALI,throttle,null_value,detection,0.0021,True
1f0c35fcdcea,silverstone_QUALI,tyre_pressure,bit_flip_low,detection,0.0081,True
7ca19ce9eab3,silverstone_QUALI,g_force_lateral,string_in_numeric,detection,0.0015,True
cd0c8ab4ac2d,silverstone_QUALI,engine_temp,duplicate_timestamp,detection,0.0024,True
26c8f3e42fdf,silverstone_QUALI,rpm,bit_flip_high,detection,0.004,True
0888a52ce4d5,silverstone_QUALI,brake_temp,null_value,detection,0.0021,True
99abd8d1dd19,silverstone_QUALI,rpm,bit_flip_high,detection,0.0034,True
4b946680a4ce,silverstone_QUALI,rpm,sensor_dropout,detection,0.002,True
b40096aef85f,silverstone_QUALI,ecu_canbus,bit_flip_high,detection,0.004,True
0924cb03b21c,silverstone_QUALI,aero_load_new,schema_drift,detection,0.003,True
3d9ad088b515,silverstone_QUALI,heart_rate,bit_flip_high,detection,0.0037,True
b92e8b14c6b9,silverstone_QUALI,throttle,null_value,detection,0.0021,True
95f9222ad39d,silverstone_QUALI,heart_rate,bit_flip_low,detection,0.0034,True
727035880cfc,silverstone_QUALI,brake_temp,bit_flip_high,detection,0.0031,True
aa159f66dfa6,silverstone_QUALI,speed,duplicate_timestamp,detection,0.0022,True
a562752c959c,silverstone_QUALI,throttle,null_value,detection,0.002,True
fe7d71b7cc81,silverstone_QUALI,ecu_canbus_canbus,schema_drift,detection,0.0031,True
58ef87a81036,silverstone_QUALI,aero_load_new,schema_drift,detection,0.0028,True
beda41519bfa,silverstone_QUALI,brake_temp,string_in_numeric,detection,0.0012,True
049568b4867d,silverstone_QUALI,rpm,sensor_dropout,detection,0.002,True
44d35c109c06,silverstone_QUALI,aero_load,duplicate_timestamp,detection,0.0024,True
1eb385f14734,silverstone_QUALI,tyre_pressure,sensor_dropout,detection,0.0024,True
c3a81e4f5a1c,silverstone_QUALI,aero_load,duplicate_timestamp,detection,0.002,True
0ec07169e1cb,silverstone_QUALI,speed,bit_flip_low,detection,0.0046,True
e71ef02877b0,silverstone_QUALI,heart_rate,duplicate_timestamp,detection,0.0025,True
e1dd5909aa3b,silverstone_QUALI,heart_rate,bit_flip_low,detection,0.0036,True
46cbc78f1ab4,silverstone_QUALI,engine_temp,duplicate_timestamp,detection,0.0024,True
8d2ca5d7a950,silverstone_QUALI,heart_rate,duplicate_timestamp,detection,0.0024,True
53b1037ed86f,silverstone_QUALI,tyre_pressure,bit_flip_high,detection,0.0034,True
23e3d476605e,silverstone_QUALI,g_force_lateral,string_in_numeric,detection,0.0012,True
497cf7b00fa8,silverstone_QUALI,rpm,sensor_dropout,detection,0.002,True
ac31579317e7,silverstone_QUALI,aero_load,bit_flip_high,detection,0.0035,True
0a3c563c49c2,silverstone_QUALI,rpm,bit_flip_high,detection,0.0035,True
47416b06d182,silverstone_QUALI,engine_temp,bit_flip_high,detection,0.0032,True
2e2389a97f74,silverstone_QUALI,aero_load,duplicate_timestamp,detection,0.0023,True
8a0d8a29615f,silverstone_QUALI,heart_rate,bit_flip_low,detection,0.0036,True
dc290ce49166,silverstone_QUALI,rpm,string_in_numeric,detection,0.0012,True
61e667bd49ec,silverstone_QUALI,rpm_alt,schema_drift,detection,0.0032,True
c1267c52a675,silverstone_QUALI,engine_temp,sensor_dropout,detection,0.0021,True
ab8f6ce7cac4,silverstone_QUALI,g_force_lateral,null_value,detection,0.0021,True
67d5f836c016,silverstone_QUALI,speed,string_in_numeric,detection,0.0012,True
e90ebca4de0f,silverstone_QUALI,aero_load,bit_flip_high,detection,0.0034,True
6ba3d41e2bc3,silverstone_QUALI,throttle_v2,schema_drift,detection,0.0036,True
0e19074e5630,silverstone_QUALI,rpm,bit_flip_low,detection,0.0047,True
84cbe55038cf,silverstone_QUALI,aero_load,bit_flip_low,detection,0.0039,True
b1847e04011f,silverstone_QUALI,brake_temp,duplicate_timestamp,detection,0.0024,True
065cc7f2b90d,silverstone_QUALI,g_force_lateral,bit_flip_high,detection,0.0038,True
c1b00bb700da,silverstone_QUALI,aero_load_new,schema_drift,detection,0.003,True
681246701e50,silverstone_QUALI,throttle_new,schema_drift,detection,0.0029,True
e549fecab1b6,silverstone_QUALI,heart_rate_raw,schema_drift,detection,0.0029,True
b2c42057d0b9,silverstone_QUALI,engine_temp,null_value,detection,0.0021,True
e9ee46cd36d5,silverstone_QUALI,aero_load,bit_flip_low,detection,0.0036,True
3ebe670ee5d1,silverstone_QUALI,ecu_canbus_raw,schema_drift,detection,0.003,True
75dcadce0c91,silverstone_QUALI,g_force_lateral,bit_flip_low,detection,0.0041,True
cab44ecd4ebf,silverstone_QUALI,brake_temp,duplicate_timestamp,detection,0.0023,True
3f6303dcda92,silverstone_QUALI,rpm_alt,schema_drift,detection,0.003,True
b734faf74475,silverstone_QUALI,rpm_raw,schema_drift,detection,0.003,True
0abb2274e797,silverstone_QUALI,ecu_canbus,bit_flip_low,detection,0.0028,True
f3d74e105f23,silverstone_QUALI,engine_temp,duplicate_timestamp,detection,0.0022,True
7c55c8fa6ff8,silverstone_QUALI,g_force_lateral_new,schema_drift,detection,0.0031,True
1d6263f20446,silverstone_QUALI,throttle,string_in_numeric,detection,0.0016,True
40625d723287,silverstone_QUALI,heart_rate,sensor_dropout,detection,0.0021,True
5b6dd2506397,silverstone_QUALI,heart_rate,bit_flip_high,detection,0.0037,True
00f7d1d43846,silverstone_QUALI,rpm,bit_flip_high,detection,0.0035,True
5d38806390d2,silverstone_QUALI,aero_load,string_in_numeric,detection,0.0015,True
35bf15d4407d,silverstone_QUALI,brake_temp,null_value,detection,0.002,True
1bafab30f593,silverstone_QUALI,heart_rate_canbus,schema_drift,detection,0.0032,True
93c98e535dbe,silverstone_QUALI,brake_temp,duplicate_timestamp,detection,0.0023,True
7f9da907ad6c,silverstone_QUALI,rpm,sensor_dropout,detection,0.0031,True
29967788d4a2,silverstone_QUALI,tyre_pressure,string_in_numeric,detection,0.0012,True
ee82ee8bd630,silverstone_QUALI,ecu_canbus,sensor_dropout,detection,0.0021,True
759f95ffc39b,silverstone_QUALI,speed,null_value,detection,0.002,True
621137a0e85d,silverstone_QUALI,brake_temp_raw,schema_drift,detection,0.0028,True
b5c811d71f0f,silverstone_QUALI,tyre_pressure,sensor_dropout,detection,0.002,True
3c5573d5c554,silverstone_QUALI,aero_load,null_value,detection,0.0019,True
c70733a41fe3,silverstone_QUALI,tyre_pressure,null_value,detection,0.003,True
158f49a2722f,silverstone_QUALI,engine_temp,string_in_numeric,detection,0.0013,True
455dffe50b8c,silverstone_QUALI,speed,duplicate_timestamp,detection,0.0025,True
f0c4dd9b99fb,silverstone_QUALI,engine_temp,bit_flip_low,detection,0.0046,True
50267fa00f29,silverstone_QUALI,heart_rate,null_value,detection,0.0019,True
15959d846fc5,silverstone_RACE,engine_temp,bit_flip_low,detection,0.0035,True
4f8aec7100ad,silverstone_RACE,g_force_lateral,sensor_dropout,detection,0.002,True
96431eeed895,silverstone_RACE,rpm,null_value,detection,0.002,True
e4c296ddf673,silverstone_RACE,heart_rate,duplicate_timestamp,detection,0.0024,True
ed26db38f97b,silverstone_RACE,ecu_canbus,null_value,detection,0.0021,True
1f7925496392,silverstone_RACE,throttle,string_in_numeric,detection,0.0012,True
6a5ed58de3e4,silverstone_RACE,engine_temp,bit_flip_low,detection,0.0042,True
ee9af121c35f,silverstone_RACE,heart_rate_v2,schema_drift,detection,0.0028,True
63fe211af1fd,silverstone_RACE,speed,bit_flip_high,detection,0.0042,True
2ee8ddb750e6,silverstone_RACE,tyre_pressure_new,schema_drift,detection,0.0027,True
a3e7a79a35aa,silverstone_RACE,heart_rate,bit_flip_low,detection,0.0048,True
0b760c135623,silverstone_RACE,tyre_pressure,string_in_numeric,detection,0.0016,True
75d4c1a93954,silverstone_RACE,aero_load,string_in_numeric,detection,0.0011,True
e0e3b073692e,silverstone_RACE,speed,null_value,detection,0.002,True
584b33cf87e4,silverstone_RACE,brake_temp,null_value,detection,0.002,True
a567fa54364d,silverstone_RACE,engine_temp,bit_flip_low,detection,0.0036,True
ed17a8c681ff,silverstone_RACE,heart_rate,sensor_dropout,detection,0.002,True
8587fcb4ff67,silverstone_RACE,rpm,sensor_dropout,detection,0.002,True
4aeef17a811a,silverstone_RACE,g_force_lateral,duplicate_timestamp,detection,0.0025,True
f2bb8d4942ee,silverstone_RACE,heart_rate,duplicate_timestamp,detection,0.0021,True
6948f7e0a89e,silverstone_RACE,g_force_lateral,null_value,detection,0.0021,True
062ee1f6ca22,silverstone_RACE,brake_temp_new,schema_drift,detection,0.0037,True
760720ed5963,silverstone_RACE,ecu_canbus_alt,schema_drift,detection,0.0028,True
c84ad3b828e8,silverstone_RACE,aero_load,duplicate_timestamp,detection,0.0023,True
a8e05e033b92,silverstone_RACE,engine_temp,sensor_dropout,detection,0.002,True
12f002d440c7,silverstone_RACE,ecu_canbus,duplicate_timestamp,detection,0.0022,True
f9add723247b,silverstone_RACE,throttle,null_value,detection,0.0019,True
99d71f40d12c,silverstone_RACE,speed_canbus,schema_drift,detection,0.003,True
926a8a9be216,silverstone_RACE,ecu_canbus_v2,schema_drift,detection,0.0026,True
2c406886bced,silverstone_RACE,aero_load_alt,schema_drift,detection,0.0027,True
41d9ef87e225,silverstone_RACE,aero_load,bit_flip_high,detection,0.0037,True
dcd5a269641f,silverstone_RACE,engine_temp,bit_flip_low,detection,0.0034,True
1f5ff4114021,silverstone_RACE,g_force_lateral,null_value,detection,0.002,True
bcf15b4c8ba2,silverstone_RACE,g_force_lateral_alt,schema_drift,detection,0.0028,True
67be1286ba11,silverstone_RACE,rpm,sensor_dropout,detection,0.0019,True
45f5ace11560,silverstone_RACE,brake_temp_alt,schema_drift,detection,0.003,True
92161748b7ec,silverstone_RACE,aero_load,bit_flip_high,detection,0.0041,True
86026b94d482,silverstone_RACE,g_force_lateral,bit_flip_low,detection,0.0038,True
ee64302ad272,silverstone_RACE,speed_canbus,schema_drift,detection,0.0032,True
5af56ee29b23,silverstone_RACE,aero_load,sensor_dropout,detection,0.0021,True
a739c27909f2,silverstone_RACE,engine_temp,bit_flip_low,detection,0.0038,True
f3f53385e66c,silverstone_RACE,tyre_pressure,duplicate_timestamp,detection,0.0024,True
6a11dcb36e7a,silverstone_RACE,heart_rate,duplicate_timestamp,detection,0.0025,True
4c16c2f39076,silverstone_RACE,heart_rate,string_in_numeric,detection,0.0012,True
d2fbc1aeb021,silverstone_RACE,ecu_canbus,sensor_dropout,detection,0.0022,True
6619972f6533,silverstone_RACE,g_force_lateral,null_value,detection,0.0035,True
52cb90f444db,silverstone_RACE,heart_rate,bit_flip_high,detection,0.0037,True
8bb54f03e5c1,silverstone_RACE,brake_temp,sensor_dropout,detection,0.0021,True
0e825751b354,silverstone_RACE,aero_load,duplicate_timestamp,detection,0.0024,True
04d83b64a810,silverstone_RACE,brake_temp,sensor_dropout,detection,0.0022,True
639376276aaa,silverstone_RACE,brake_temp,sensor_dropout,detection,0.002,True
d88aeaccae99,silverstone_RACE,speed,bit_flip_low,detection,0.0039,True
6868b9d094d4,silverstone_RACE,aero_load_alt,schema_drift,detection,0.003,True
576351051cc8,silverstone_RACE,tyre_pressure,null_value,detection,0.0019,True
abcf781bb25e,silverstone_RACE,brake_temp,duplicate_timestamp,detection,0.0023,True
a4f99fac1424,silverstone_RACE,tyre_pressure,bit_flip_high,detection,0.0038,True
e625ae442753,silverstone_RACE,rpm,bit_flip_high,detection,0.0045,True
7c9de420306d,silverstone_RACE,engine_temp,bit_flip_low,detection,0.0034,True
bda0f2c40069,silverstone_RACE,rpm,bit_flip_high,detection,0.0035,True
565b72a5f3d1,silverstone_RACE,aero_load,duplicate_timestamp,detection,0.0023,True
7c96ffb2d255,silverstone_RACE,engine_temp,bit_flip_high,detection,0.0032,True
1941482b64a6,silverstone_RACE,tyre_pressure,bit_flip_low,detection,0.0042,True
d663c30fc0f3,silverstone_RACE,heart_rate,duplicate_timestamp,detection,0.0025,True
7bbac456bc24,silverstone_RACE,ecu_canbus,null_value,detection,0.0024,True
90039bf46c49,silverstone_RACE,heart_rate,null_value,detection,0.002,True
9cb153111113,silverstone_RACE,speed,null_value,detection,0.0018,True
5b78a0786ee7,silverstone_RACE,throttle,null_value,detection,0.0022,True
784b6f00ba40,silverstone_RACE,heart_rate,duplicate_timestamp,detection,0.0023,True
fcd6d2da43b0,silverstone_RACE,tyre_pressure,sensor_dropout,detection,0.002,True
983c92d61e51,silverstone_RACE,g_force_lateral,bit_flip_high,detection,0.004,True
c838e21daaf7,silverstone_RACE,rpm,bit_flip_low,detection,0.0038,True
be0eadb7f521,silverstone_RACE,speed,sensor_dropout,detection,0.002,True
e56943a099b8,silverstone_RACE,engine_temp,null_value,detection,0.002,True
7d3577a808ec,silverstone_RACE,ecu_canbus,string_in_numeric,detection,0.0014,True
89abe2ae7440,silverstone_RACE,speed,string_in_numeric,detection,0.0012,True
a69146da232f,silverstone_RACE,throttle,bit_flip_high,detection,0.0037,True
26b50bc0bed1,silverstone_RACE,ecu_canbus,string_in_numeric,detection,0.0011,True
61f3706cc772,silverstone_RACE,rpm,bit_flip_low,detection,0.0037,True
5d28de4e7d4e,silverstone_RACE,aero_load,bit_flip_low,detection,0.0034,True
d9e56bb04d5a,silverstone_RACE,ecu_canbus,null_value,detection,0.0022,True
10c9614f54ca,silverstone_RACE,aero_load,null_value,detection,0.0019,True
0e366e0a5e44,silverstone_RACE,ecu_canbus,sensor_dropout,detection,0.0019,True
8cba9d1300f7,silverstone_RACE,aero_load,string_in_numeric,detection,0.0013,True
6ff1158536d0,silverstone_RACE,brake_temp,null_value,detection,0.0019,True
af00d9b0aad6,silverstone_RACE,engine_temp,bit_flip_low,detection,0.0038,True
2f1f03de9f29,silverstone_RACE,ecu_canbus_canbus,schema_drift,detection,0.0029,True
6e62328a36f3,silverstone_RACE,heart_rate,duplicate_timestamp,detection,0.0025,True
7846f62b4341,silverstone_RACE,tyre_pressure,duplicate_timestamp,detection,0.003,True
bf7f13613e8a,silverstone_RACE,g_force_lateral,duplicate_timestamp,detection,0.0022,True
6fac4eccdeb3,silverstone_RACE,engine_temp,bit_flip_high,detection,0.0037,True
81614fd7844c,silverstone_RACE,speed,duplicate_timestamp,detection,0.0021,True
7ef6a55fb71d,silverstone_RACE,engine_temp,bit_flip_high,detection,0.003,True
5c311e481e40,silverstone_RACE,tyre_pressure,sensor_dropout,detection,0.0021,True
216938b0cf0f,silverstone_RACE,aero_load,bit_flip_low,detection,0.0035,True
75fccc81b1a4,silverstone_RACE,rpm_alt,schema_drift,detection,0.0033,True
3c61fa96bd31,budapest_FP1,speed,duplicate_timestamp,detection,0.0024,True
cde47198e34c,budapest_FP1,rpm,bit_flip_low,detection,0.004,True
262a904ef4b8,budapest_FP1,aero_load_v2,schema_drift,detection,0.0031,True
f8182a174c47,budapest_FP1,tyre_pressure,null_value,detection,0.002,True
568be1d3c69c,budapest_FP1,rpm,sensor_dropout,detection,0.0025,True
269b77832afa,budapest_FP1,g_force_lateral_new,schema_drift,detection,0.003,True
5a13dee0bdce,budapest_FP1,tyre_pressure,string_in_numeric,detection,0.0023,True
a3602dc44a10,budapest_FP1,rpm,bit_flip_low,detection,0.0044,True
82d85b1480b2,budapest_FP1,engine_temp,null_value,detection,0.0022,True
bf6c72b1e502,budapest_FP1,engine_temp,string_in_numeric,detection,0.0014,True
7f9bf8d4784e,budapest_FP1,ecu_canbus,string_in_numeric,detection,0.0012,True
e41010a5eade,budapest_FP1,engine_temp,bit_flip_low,detection,0.0037,True
5a16dd12ab8a,budapest_FP1,speed,bit_flip_low,detection,0.0035,True
31f168f7a315,budapest_FP1,brake_temp,bit_flip_low,detection,0.0034,True
c9b606b9e9cd,budapest_FP1,ecu_canbus,bit_flip_low,detection,0.0038,True
7a6a51238fad,budapest_FP1,rpm,null_value,detection,0.002,True
8301f2de71d5,budapest_FP1,brake_temp,bit_flip_low,detection,0.0039,True
30c18938e333,budapest_FP1,engine_temp,null_value,detection,0.0021,True
b3916c1b84b3,budapest_FP1,rpm,bit_flip_high,detection,0.0049,True
aa7309f9ed0b,budapest_FP1,brake_temp,duplicate_timestamp,detection,0.0029,True
498fb12daafb,budapest_FP1,brake_temp,string_in_numeric,detection,0.0012,True
7cfdaf9e642a,budapest_FP1,aero_load,sensor_dropout,detection,0.0022,True
577d33c1df0c,budapest_FP1,engine_temp,duplicate_timestamp,detection,0.0027,True
accf766c98cf,budapest_FP1,speed_canbus,schema_drift,detection,0.0033,True
5122e0ccfc85,budapest_FP1,throttle,bit_flip_high,detection,0.0037,True
b13301fdaacd,budapest_FP1,heart_rate,duplicate_timestamp,detection,0.0023,True
7cee57ca1ae1,budapest_FP1,engine_temp,bit_flip_high,detection,0.0043,True
977c93000584,budapest_FP1,tyre_pressure,duplicate_timestamp,detection,0.0041,True
f5d6e6145f06,budapest_FP1,heart_rate,duplicate_timestamp,detection,0.0024,True
95c9dab4372c,budapest_FP1,ecu_canbus,duplicate_timestamp,detection,0.0031,True
c90332cc7aef,budapest_FP1,aero_load,bit_flip_low,detection,0.0045,True
258d2620fb22,budapest_FP1,heart_rate,sensor_dropout,detection,0.002,True
5dc5e0693cf2,budapest_FP1,g_force_lateral,string_in_numeric,detection,0.0014,True
85c8672b15ce,budapest_FP1,aero_load,bit_flip_high,detection,0.0041,True
bc0ec888ec50,budapest_FP1,g_force_lateral,bit_flip_high,detection,0.0037,True
1878dea88428,budapest_FP1,tyre_pressure,duplicate_timestamp,detection,0.0032,True
9f0eed0b24c5,budapest_FP1,g_force_lateral,bit_flip_low,detection,0.0037,True
4dffbbd421bb,budapest_FP1,rpm,sensor_dropout,detection,0.0023,True
1827eeab190d,budapest_FP1,heart_rate,bit_flip_high,detection,0.004,True
f828023c9d35,budapest_FP1,aero_load,duplicate_timestamp,detection,0.0023,True
e5ecc1c4ea74,budapest_FP1,aero_load,bit_flip_high,detection,0.0035,True
80c88a1cd638,budapest_FP1,ecu_canbus,sensor_dropout,detection,0.0021,True
c5784c9a6b61,budapest_FP1,speed,bit_flip_high,detection,0.0045,True
ae48a2a05630,budapest_FP1,throttle,bit_flip_low,detection,0.0041,True
4293432f8ecd,budapest_FP1,ecu_canbus,bit_flip_high,detection,0.0047,True
d9e11d901c0a,budapest_FP1,g_force_lateral,bit_flip_low,detection,0.0038,True
31f223a0d54e,budapest_FP1,aero_load,duplicate_timestamp,detection,0.0024,True
9158c75a51af,budapest_FP1,rpm_canbus,schema_drift,detection,0.0032,True
2de5d36b3da2,budapest_FP1,aero_load,sensor_dropout,detection,0.0022,True
265c21fd7df2,budapest_FP1,brake_temp,sensor_dropout,detection,0.0023,True
08dc9653e731,budapest_FP1,engine_temp,duplicate_timestamp,detection,0.0024,True
722d2e5948e7,budapest_FP1,brake_temp,duplicate_timestamp,detection,0.0022,True
4a45458973f9,budapest_FP1,g_force_lateral,bit_flip_low,detection,0.0052,True
257c3d8eef66,budapest_FP1,brake_temp,null_value,detection,0.0021,True
dda625326620,budapest_FP1,throttle,sensor_dropout,detection,0.0022,True
fb32d0a5349f,budapest_FP1,g_force_lateral,sensor_dropout,detection,0.0022,True
27acf3ba869c,budapest_FP1,throttle,bit_flip_low,detection,0.0042,True
3a36b8dc6c9e,budapest_FP1,g_force_lateral,bit_flip_low,detection,0.0033,True
17c408fde3cb,budapest_FP1,ecu_canbus_alt,schema_drift,detection,0.0045,True
22af2264ccab,budapest_FP1,g_force_lateral,bit_flip_low,detection,0.0085,True
366d397e9e77,budapest_FP1,g_force_lateral,null_value,detection,0.0021,True
053477140f43,budapest_FP1,rpm,bit_flip_high,detection,0.0038,True
750087c08e2c,budapest_FP1,engine_temp,sensor_dropout,detection,0.002,True
c9c7f850bfda,budapest_FP1,brake_temp,sensor_dropout,detection,0.002,True
ac642396f535,budapest_FP1,aero_load,duplicate_timestamp,detection,0.0027,True
b9fe0c134e9c,budapest_FP1,speed_raw,schema_drift,detection,0.003,True
e55d681e0056,budapest_FP1,engine_temp,bit_flip_high,detection,0.004,True
cef9cb051cfc,budapest_FP1,brake_temp,bit_flip_high,detection,0.0036,True
e7d09f4b7db7,budapest_FP1,rpm,string_in_numeric,detection,0.0013,True
bf96a00038ac,budapest_FP1,aero_load,sensor_dropout,detection,0.0021,True
d887a688b132,budapest_FP1,heart_rate,duplicate_timestamp,detection,0.0024,True
a0bd3c6d5c5b,budapest_FP1,g_force_lateral,bit_flip_high,detection,0.0039,True
f7b1fdfc404e,budapest_FP1,brake_temp,string_in_numeric,detection,0.0011,True
3de5e355f772,budapest_FP1,g_force_lateral,bit_flip_high,detection,0.0037,True
73360727269c,budapest_FP1,aero_load,sensor_dropout,detection,0.0021,True
5f3805f9e26a,budapest_FP1,rpm_raw,schema_drift,detection,0.0031,True
45415a70b98f,budapest_FP1,aero_load,string_in_numeric,detection,0.0014,True
6491b275f987,budapest_FP1,brake_temp,duplicate_timestamp,detection,0.0025,True
729d6d64c9d3,budapest_FP1,heart_rate,sensor_dropout,detection,0.002,True
9a423d74e1d0,budapest_FP1,rpm,sensor_dropout,detection,0.0019,True
6b75add69c55,budapest_FP1,tyre_pressure,bit_flip_low,detection,0.0044,True
e85f32020420,budapest_FP1,g_force_lateral,null_value,detection,0.0022,True
19d94cdd19ed,budapest_FP1,tyre_pressure,sensor_dropout,detection,0.002,True
cc96fced5a90,budapest_FP1,throttle,bit_flip_high,detection,0.0041,True
9df069498331,budapest_FP1,rpm,duplicate_timestamp,detection,0.0025,True
7edcb0d57050,budapest_FP1,engine_temp,null_value,detection,0.0021,True
97e66edadf7b,budapest_FP1,ecu_canbus,string_in_numeric,detection,0.0013,True
6f8aa0b61303,budapest_FP1,brake_temp_alt,schema_drift,detection,0.003,True
2dcb077ffe25,budapest_FP1,engine_temp,null_value,detection,0.0026,True
18bca91539d4,budapest_FP1,heart_rate,string_in_numeric,detection,0.0012,True
92af5459696e,budapest_FP1,engine_temp,string_in_numeric,detection,0.0011,True
22862c9cff8c,budapest_FP1,throttle,sensor_dropout,detection,0.0025,True
94ee04b0c81d,budapest_FP1,aero_load,null_value,detection,0.0021,True
5a56b6dede9f,budapest_FP1,ecu_canbus,null_value,detection,0.0022,True
30de9a612e33,budapest_FP1,tyre_pressure_v2,schema_drift,detection,0.0032,True
9150ea7a9730,budapest_FP1,ecu_canbus_new,schema_drift,detection,0.003,True
157178070016,budapest_FP1,engine_temp,bit_flip_high,detection,0.0043,True
49ada521800d,budapest_FP1,aero_load,null_value,detection,0.0022,True
bf202e5ec637,budapest_FP1,engine_temp_v2,schema_drift,detection,0.0032,True
8ff3c6ed0590,budapest_FP1,ecu_canbus,sensor_dropout,detection,0.0024,True
7913378ed99b,budapest_FP1,heart_rate_raw,schema_drift,detection,0.003,True
87009d6684db,budapest_FP1,rpm,null_value,detection,0.0021,True
de94e887f839,budapest_FP1,aero_load,sensor_dropout,detection,0.002,True
61e0ab0ae171,budapest_FP1,heart_rate_new,schema_drift,detection,0.0029,True
1e930f43da0a,budapest_FP2,engine_temp_alt,schema_drift,detection,0.0028,True
45e697f0bf64,budapest_FP2,tyre_pressure,string_in_numeric,detection,0.0012,True
abfe4a61bf06,budapest_FP2,engine_temp_v2,schema_drift,detection,0.0029,True
360e5db20ad5,budapest_FP2,aero_load,bit_flip_low,detection,0.0071,True
90e97412348f,budapest_FP2,speed,bit_flip_low,detection,0.004,True
ad98357da5bb,budapest_FP2,aero_load_alt,schema_drift,detection,0.0029,True
16b757d2c82b,budapest_FP2,aero_load,sensor_dropout,detection,0.0023,True
ba83eb779dae,budapest_FP2,tyre_pressure,duplicate_timestamp,detection,0.0057,True
c12ac01bf17a,budapest_FP2,aero_load,sensor_dropout,detection,0.002,True
d69785ff9e34,budapest_FP2,ecu_canbus,duplicate_timestamp,detection,0.0023,True
38390d027e3c,budapest_FP2,ecu_canbus,bit_flip_high,detection,0.0045,True
41a73df7fe7f,budapest_FP2,ecu_canbus,bit_flip_high,detection,0.008,True
ebb9e7c047ad,budapest_FP2,tyre_pressure,string_in_numeric,detection,0.0012,True
0e2eeb801c70,budapest_FP2,tyre_pressure,sensor_dropout,detection,0.0021,True
2f788010022e,budapest_FP2,rpm,string_in_numeric,detection,0.0012,True
366bd314328e,budapest_FP2,g_force_lateral,sensor_dropout,detection,0.0022,True
1cc8086ca175,budapest_FP2,g_force_lateral,bit_flip_high,detection,0.0038,True
2db2e55d1bbf,budapest_FP2,engine_temp_v2,schema_drift,detection,0.0026,True
9946f6753bba,budapest_FP2,engine_temp,duplicate_timestamp,detection,0.0025,True
11a5df19800b,budapest_FP2,rpm,sensor_dropout,detection,0.0022,True
6a1e571f92c8,budapest_FP2,throttle,string_in_numeric,detection,0.0013,True
d09e03939954,budapest_FP2,speed,null_value,detection,0.0023,True
c2d21466b670,budapest_FP2,heart_rate,bit_flip_high,detection,0.004,True
0219185d7efd,budapest_FP2,tyre_pressure,string_in_numeric,detection,0.0012,True
905583a61f06,budapest_FP2,speed_v2,schema_drift,detection,0.0033,True
91f1cb31d23e,budapest_FP2,rpm,bit_flip_low,detection,0.0038,True
4cfdfea33627,budapest_FP2,g_force_lateral,sensor_dropout,detection,0.002,True
349ecaeec2f4,budapest_FP2,engine_temp,bit_flip_high,detection,0.0042,True
d6be87998dd8,budapest_FP2,g_force_lateral,null_value,detection,0.0022,True
7eaaef8b3fa5,budapest_FP2,speed,bit_flip_low,detection,0.004,True
b9a1d02f8780,budapest_FP2,ecu_canbus,string_in_numeric,detection,0.0011,True
4190fe1d1415,budapest_FP2,g_force_lateral,duplicate_timestamp,detection,0.0023,True
349d64637673,budapest_FP2,tyre_pressure,bit_flip_high,detection,0.0032,True
f3a18c24d4d9,budapest_FP2,tyre_pressure,sensor_dropout,detection,0.002,True
79274ee234f2,budapest_FP2,heart_rate,bit_flip_high,detection,0.0033,True
f283d1144558,budapest_FP2,aero_load,bit_flip_low,detection,0.005,True
3cc8c64ee4f2,budapest_FP2,rpm_new,schema_drift,detection,0.0031,True
02483fbc70c6,budapest_FP2,engine_temp,bit_flip_low,detection,0.0035,True
046511a5d903,budapest_FP2,tyre_pressure,bit_flip_high,detection,0.0033,True
6e5f9b655822,budapest_FP2,heart_rate,string_in_numeric,detection,0.0012,True
07832f6e3508,budapest_FP2,tyre_pressure,string_in_numeric,detection,0.0013,True
ca95f4e0f501,budapest_FP2,engine_temp,bit_flip_low,detection,0.004,True
40f3a1e1f0b5,budapest_FP2,throttle,bit_flip_low,detection,0.0037,True
ed9dc8c5b3e9,budapest_FP2,tyre_pressure,bit_flip_low,detection,0.0033,True
9c499f3e3edb,budapest_FP2,rpm_alt,schema_drift,detection,0.0032,True
77708d1a8c54,budapest_FP2,tyre_pressure,bit_flip_low,detection,0.0038,True
172952c4a21a,budapest_FP2,tyre_pressure_v2,schema_drift,detection,0.0032,True
b36d78745a8e,budapest_FP2,throttle,bit_flip_low,detection,0.0035,True
2ae195d92090,budapest_FP2,tyre_pressure,bit_flip_high,detection,0.0041,True
381b271f691a,budapest_FP2,ecu_canbus,null_value,detection,0.0022,True
79b92a571cfb,budapest_FP2,tyre_pressure,null_value,detection,0.0022,True
fe0fd0accb3a,budapest_FP2,g_force_lateral,bit_flip_low,detection,0.0035,True
3003af43e19d,budapest_FP2,speed,bit_flip_low,detection,0.0035,True
02f370dd386d,budapest_FP2,brake_temp,duplicate_timestamp,detection,0.0024,True
f63600f3010e,budapest_FP2,aero_load,bit_flip_high,detection,0.0036,True
42b89f4b6832,budapest_FP2,throttle,bit_flip_low,detection,0.0035,True
7391a8ebd9d6,budapest_FP2,engine_temp_alt,schema_drift,detection,0.0028,True
71dad97f0b81,budapest_FP2,rpm,duplicate_timestamp,detection,0.0024,True
cc730eacbd67,budapest_FP2,rpm,string_in_numeric,detection,0.0012,True
c8c7c881899d,budapest_FP2,tyre_pressure,duplicate_timestamp,detection,0.0035,True
0fee3c2f0030,budapest_FP2,throttle,bit_flip_high,detection,0.0043,True
428902ce276d,budapest_FP2,throttle,sensor_dropout,detection,0.0021,True
b777e0db8c7c,budapest_FP2,g_force_lateral,bit_flip_high,detection,0.0038,True
5d1b3eda9e33,budapest_FP2,ecu_canbus,string_in_numeric,detection,0.0013,True
b172c05f1d2d,budapest_FP2,speed_raw,schema_drift,detection,0.0029,True
dc9f43aa75bf,budapest_FP2,heart_rate,null_value,detection,0.002,True
12380205fd5a,budapest_FP2,heart_rate,string_in_numeric,detection,0.0013,True
4063bc28f0b4,budapest_FP2,aero_load_new,schema_drift,detection,0.003,True
88003aa5b1f7,budapest_FP2,ecu_canbus_raw,schema_drift,detection,0.0034,True
863408702eee,budapest_FP2,throttle,sensor_dropout,detection,0.0021,True
cc6d73e4aabf,budapest_FP2,throttle,duplicate_timestamp,detection,0.0031,True
547828ad815f,budapest_FP2,speed,sensor_dropout,detection,0.002,True
4a3ee15de310,budapest_FP2,engine_temp,null_value,detection,0.002,True
ba809ac38a7c,budapest_FP2,engine_temp,string_in_numeric,detection,0.0013,True
906a1f09fb60,budapest_FP2,throttle,bit_flip_low,detection,0.0037,True
29c38e94241f,budapest_FP2,tyre_pressure,bit_flip_low,detection,0.0044,True
afbbca94100b,budapest_FP2,engine_temp,duplicate_timestamp,detection,0.0024,True
af7616f8b64f,budapest_FP2,g_force_lateral,bit_flip_high,detection,0.0039,True
88b7493cc730,budapest_FP2,throttle,sensor_dropout,detection,0.0022,True
1263644f1a35,budapest_FP2,aero_load,bit_flip_low,detection,0.0034,True
8f8bd5f24f93,budapest_FP2,speed,string_in_numeric,detection,0.0012,True
5e3ca9b189a2,budapest_FP2,speed_canbus,schema_drift,detection,0.0032,True
fc4319c7ea41,budapest_FP2,g_force_lateral,bit_flip_high,detection,0.0035,True
8443c67837c2,budapest_FP2,brake_temp,bit_flip_high,detection,0.0033,True
fdf3514c136b,budapest_FP2,g_force_lateral_v2,schema_drift,detection,0.003,True
a48800ec99fa,budapest_FP2,g_force_lateral,bit_flip_high,detection,0.004,True
20d22da33ab0,budapest_FP2,speed,bit_flip_low,detection,0.0038,True
5997ab16c91c,budapest_FP2,ecu_canbus_new,schema_drift,detection,0.0033,True
0c9180b55ce2,budapest_FP2,rpm_alt,schema_drift,detection,0.0032,True
6aa646001767,budapest_FP2,throttle,bit_flip_low,detection,0.0037,True
a68cf371306d,budapest_FP2,speed,bit_flip_low,detection,0.0044,True
19f3f6028d38,budapest_FP2,ecu_canbus,bit_flip_high,detection,0.0038,True
b43edd3c395c,budapest_FP2,rpm,duplicate_timestamp,detection,0.0027,True
844fdcf8dbaf,budapest_FP2,ecu_canbus,duplicate_timestamp,detection,0.0025,True
f4db6b32bbe2,budapest_FP2,throttle,bit_flip_low,detection,0.0037,True
8c98896b9613,budapest_FP2,brake_temp,string_in_numeric,detection,0.0013,True
257598d17714,budapest_FP2,aero_load,sensor_dropout,detection,0.002,True
7dad7a151a1d,budapest_FP3,ecu_canbus_alt,schema_drift,detection,0.0034,True
35378ef0b97b,budapest_FP3,heart_rate,sensor_dropout,detection,0.0022,True
2889e54c3b36,budapest_FP3,rpm,duplicate_timestamp,detection,0.0024,True
c44a77a3b45b,budapest_FP3,rpm,string_in_numeric,detection,0.0014,True
d34802c8e61a,budapest_FP3,g_force_lateral_new,schema_drift,detection,0.0027,True
9abd3babb391,budapest_FP3,throttle,bit_flip_low,detection,0.0043,True
14925ba98b44,budapest_FP3,ecu_canbus,bit_flip_low,detection,0.0035,True
6c5d5957c443,budapest_FP3,g_force_lateral,string_in_numeric,detection,0.001,True
c500a27bc7e0,budapest_FP3,aero_load,bit_flip_low,detection,0.0036,True
a710d643140a,budapest_FP3,throttle_v2,schema_drift,detection,0.0029,True
2785c1240769,budapest_FP3,brake_temp,bit_flip_low,detection,0.0062,True
d3a6128abc21,budapest_FP3,throttle,duplicate_timestamp,detection,0.003,True
372387eac19b,budapest_FP3,throttle,null_value,detection,0.0084,True
ff41ad8eaca6,budapest_FP3,aero_load,bit_flip_high,detection,0.0043,True
b1db63d9815e,budapest_FP3,aero_load,string_in_numeric,detection,0.0012,True
aa56a8faaf2f,budapest_FP3,engine_temp,string_in_numeric,detection,0.0015,True
4c88682a0279,budapest_FP3,aero_load,null_value,detection,0.0027,True
3344fe6f6b7b,budapest_FP3,rpm,duplicate_timestamp,detection,0.0025,True
951e3a6d9dc5,budapest_FP3,heart_rate,bit_flip_high,detection,0.0036,True
bccff01e910a,budapest_FP3,throttle,bit_flip_high,detection,0.0047,True
91a61238195b,budapest_FP3,g_force_lateral_v2,schema_drift,detection,0.003,True
87c91632cb46,budapest_FP3,throttle,string_in_numeric,detection,0.0013,True
476a23b0410e,budapest_FP3,tyre_pressure,sensor_dropout,detection,0.0023,True
e6283f7a1cab,budapest_FP3,aero_load,string_in_numeric,detection,0.0014,True
6f5aadfc8b04,budapest_FP3,tyre_pressure,bit_flip_high,detection,0.0037,True
9651ac047696,budapest_FP3,rpm,duplicate_timestamp,detection,0.0022,True
54d5d8df1a95,budapest_FP3,ecu_canbus,duplicate_timestamp,detection,0.0025,True
594f47d46ac8,budapest_FP3,speed_canbus,schema_drift,detection,0.0034,True
6df017b34ce0,budapest_FP3,brake_temp,string_in_numeric,detection,0.0012,True
1c8a06d8ef05,budapest_FP3,rpm,bit_flip_high,detection,0.0042,True
053df546c8d8,budapest_FP3,throttle,null_value,detection,0.0023,True
2eddcef93f59,budapest_FP3,aero_load,null_value,detection,0.0021,True
5a9c4d6ac926,budapest_FP3,ecu_canbus,sensor_dropout,detection,0.0026,True
d16203423695,budapest_FP3,engine_temp,string_in_numeric,detection,0.0012,True
ada6ccea162d,budapest_FP3,speed,duplicate_timestamp,detection,0.0026,True
f21e4ac73b68,budapest_FP3,g_force_lateral,duplicate_timestamp,detection,0.0026,True
0be608a6d372,budapest_FP3,brake_temp,bit_flip_high,detection,0.0043,True
8ef38e08bf61,budapest_FP3,rpm,sensor_dropout,detection,0.0021,True
1aff48cdd787,budapest_FP3,engine_temp_canbus,schema_drift,detection,0.003,True
f7f26f15a3c2,budapest_FP3,aero_load,null_value,detection,0.0022,True
d1759e8de016,budapest_FP3,ecu_canbus,string_in_numeric,detection,0.0012,True
09a5027df316,budapest_FP3,speed,null_value,detection,0.0024,True
a2deb79c346a,budapest_FP3,rpm,bit_flip_high,detection,0.004,True
b7b3d636d19a,budapest_FP3,aero_load,duplicate_timestamp,detection,0.0023,True
eb21a15cc94a,budapest_FP3,tyre_pressure,bit_flip_high,detection,0.0035,True
1b1f4862e3e2,budapest_FP3,g_force_lateral,null_value,detection,0.0023,True
2686b772840f,budapest_FP3,rpm,null_value,detection,0.002,True
851dcc067f2f,budapest_FP3,tyre_pressure_canbus,schema_drift,detection,0.0031,True
9c43683d6b7d,budapest_FP3,engine_temp,string_in_numeric,detection,0.0013,True
bd9658bcc940,budapest_FP3,aero_load,null_value,detection,0.0025,True
9774867f5060,budapest_FP3,speed,bit_flip_low,detection,0.0043,True
0ab2db35c9ce,budapest_FP3,brake_temp,bit_flip_low,detection,0.0035,True
66c0386e344f,budapest_FP3,tyre_pressure,string_in_numeric,detection,0.0013,True
47ae6eced9ca,budapest_FP3,throttle,null_value,detection,0.002,True
13874685d90f,budapest_FP3,engine_temp,bit_flip_low,detection,0.0037,True
e3da1f86b926,budapest_FP3,tyre_pressure,sensor_dropout,detection,0.002,True
cc7ebcfdb311,budapest_FP3,speed,null_value,detection,0.002,True
a194f4623726,budapest_FP3,aero_load,string_in_numeric,detection,0.0012,True
8e799f2c255e,budapest_FP3,g_force_lateral,bit_flip_high,detection,0.004,True
293ec35546b9,budapest_FP3,engine_temp,sensor_dropout,detection,0.0022,True
b761e4384206,budapest_FP3,aero_load,bit_flip_low,detection,0.0036,True
6536587703c3,budapest_FP3,aero_load,bit_flip_high,detection,0.0036,True
e828fd53a2a4,budapest_FP3,throttle,bit_flip_low,detection,0.0037,True
5adc24055af3,budapest_FP3,engine_temp,null_value,detection,0.0021,True
41c5e55641ab,budapest_FP3,tyre_pressure,null_value,detection,0.0019,True
47b31ec08d1a,budapest_FP3,brake_temp,null_value,detection,0.002,True
eca0f8e60371,budapest_FP3,aero_load,string_in_numeric,detection,0.0012,True
9679bb14c05a,budapest_FP3,engine_temp,sensor_dropout,detection,0.0019,True
9f24fb4eb7c6,budapest_FP3,ecu_canbus_new,schema_drift,detection,0.0035,True
aab6c944c24e,budapest_FP3,tyre_pressure,string_in_numeric,detection,0.0017,True
fdc8dbc90a94,budapest_FP3,heart_rate,bit_flip_low,detection,0.004,True
75156f37deec,budapest_FP3,speed,sensor_dropout,detection,0.0024,True
019659f6d755,budapest_FP3,throttle,null_value,detection,0.0044,True
326820d69745,budapest_FP3,engine_temp,bit_flip_low,detection,0.0038,True
282ce5854deb,budapest_FP3,aero_load,string_in_numeric,detection,0.0015,True
52096319d53c,budapest_FP3,rpm,string_in_numeric,detection,0.0013,True
5dfb936a7838,budapest_FP3,g_force_lateral_v2,schema_drift,detection,0.0031,True
73aad10d3ba8,budapest_FP3,brake_temp_new,schema_drift,detection,0.003,True
4b665e9c2afa,budapest_FP3,rpm,null_value,detection,0.002,True
a1b3336c1817,budapest_FP3,throttle,null_value,detection,0.0023,True
e9e6035a9d92,budapest_FP3,ecu_canbus,duplicate_timestamp,detection,0.0024,True
92510ff38db6,budapest_FP3,engine_temp,duplicate_timestamp,detection,0.0022,True
46a9b1cc12f8,budapest_FP3,aero_load_alt,schema_drift,detection,0.0031,True
ad9526e37426,budapest_FP3,speed_alt,schema_drift,detection,0.0032,True
4f7f289f03d3,budapest_FP3,rpm,duplicate_timestamp,detection,0.0026,True
396711858ae3,budapest_FP3,aero_load,bit_flip_high,detection,0.0043,True
9477ffbf46a7,budapest_FP3,tyre_pressure,duplicate_timestamp,detection,0.0037,True
25fa37741c80,budapest_FP3,ecu_canbus,bit_flip_low,detection,0.0024,True
327fd7c390e0,budapest_FP3,brake_temp,string_in_numeric,detection,0.0012,True
fc51a92f50c3,budapest_FP3,throttle,sensor_dropout,detection,0.002,True
22e5855b15bf,budapest_FP3,engine_temp_canbus,schema_drift,detection,0.0031,True
391aa138857a,budapest_FP3,tyre_pressure,string_in_numeric,detection,0.0013,True
50a78646af50,budapest_FP3,tyre_pressure,null_value,detection,0.0036,True
5bdafdee4511,budapest_FP3,heart_rate,bit_flip_high,detection,0.0037,True
6dcc584afa2c,budapest_FP3,engine_temp,sensor_dropout,detection,0.002,True
e7bac839699f,budapest_FP3,brake_temp,string_in_numeric,detection,0.0011,True
ad7cc455f72c,budapest_QUALI,aero_load,sensor_dropout,detection,0.0022,True
31f390390026,budapest_QUALI,g_force_lateral,duplicate_timestamp,detection,0.0024,True
feb5295dcd51,budapest_QUALI,engine_temp,duplicate_timestamp,detection,0.0022,True
39acc28c7445,budapest_QUALI,speed,duplicate_timestamp,detection,0.0025,True
9fcce0585f06,budapest_QUALI,brake_temp_raw,schema_drift,detection,0.0029,True
dc572e446acf,budapest_QUALI,heart_rate,sensor_dropout,detection,0.002,True
7c9d4e70b04f,budapest_QUALI,rpm,string_in_numeric,detection,0.0013,True
aa55c9eab0f7,budapest_QUALI,ecu_canbus_canbus,schema_drift,detection,0.0031,True
fb11937f089e,budapest_QUALI,aero_load,bit_flip_low,detection,0.004,True
86c8549d32e3,budapest_QUALI,aero_load,duplicate_timestamp,detection,0.0022,True
8fdbc527b1c2,budapest_QUALI,engine_temp,null_value,detection,0.0021,True
88b6a03a9e99,budapest_QUALI,speed,sensor_dropout,detection,0.0024,True
1fc3a1560142,budapest_QUALI,tyre_pressure,string_in_numeric,detection,0.0013,True
f05600b49095,budapest_QUALI,heart_rate,bit_flip_low,detection,0.004,True
2e69f629912b,budapest_QUALI,tyre_pressure,string_in_numeric,detection,0.001,True
c61261f21bc3,budapest_QUALI,rpm,string_in_numeric,detection,0.001,True
145f54ed634a,budapest_QUALI,ecu_canbus_new,schema_drift,detection,0.006,True
b8334c5213ca,budapest_QUALI,engine_temp,null_value,detection,0.0047,True
347cf1549c76,budapest_QUALI,engine_temp,duplicate_timestamp,detection,0.0074,True
a0184659ca93,budapest_QUALI,engine_temp,bit_flip_high,detection,0.0051,True
d669d3b74643,budapest_QUALI,rpm,string_in_numeric,detection,0.0015,True
8bf5985d1787,budapest_QUALI,ecu_canbus,null_value,detection,0.0024,True
159ae4e6618d,budapest_QUALI,tyre_pressure,bit_flip_low,detection,0.0045,True
8fd6bb549f76,budapest_QUALI,speed,sensor_dropout,detection,0.0025,True
e5becd5f3cad,budapest_QUALI,aero_load,bit_flip_low,detection,0.0044,True
d07bd4070a81,budapest_QUALI,tyre_pressure,null_value,detection,0.0023,True
85410b2efa81,budapest_QUALI,g_force_lateral_new,schema_drift,detection,0.0032,True
f31d5cbdfa7d,budapest_QUALI,aero_load_alt,schema_drift,detection,0.0065,True
2c9245204490,budapest_QUALI,speed,duplicate_timestamp,detection,0.005,True
32c37622ebbb,budapest_QUALI,ecu_canbus,duplicate_timestamp,detection,0.0027,True
d5f94aa390b2,budapest_QUALI,engine_temp,null_value,detection,0.0022,True
f4f4412d8195,budapest_QUALI,heart_rate,string_in_numeric,detection,0.0013,True
7dfa1f5d8a1d,budapest_QUALI,aero_load,bit_flip_low,detection,0.0107,True
30e12aa22313,budapest_QUALI,brake_temp,sensor_dropout,detection,0.0027,True
81f1f2212b26,budapest_QUALI,tyre_pressure,bit_flip_high,detection,0.0053,True
45d4274fbf39,budapest_QUALI,g_force_lateral,bit_flip_low,detection,0.0033,True
c3531c363325,budapest_QUALI,throttle_canbus,schema_drift,detection,0.0033,True
e2f16a0b7f09,budapest_QUALI,speed_v2,schema_drift,detection,0.0029,True
40d2fba08a76,budapest_QUALI,rpm,null_value,detection,0.0026,True
5d0e1a1c54cd,budapest_QUALI,heart_rate,string_in_numeric,detection,0.0013,True
62f03198ff7e,budapest_QUALI,engine_temp,duplicate_timestamp,detection,0.0023,True
0e5ba16dc093,budapest_QUALI,aero_load_v2,schema_drift,detection,0.0028,True
7f4d7a651962,budapest_QUALI,ecu_canbus_canbus,schema_drift,detection,0.0042,True
0515b0a6feba,budapest_QUALI,heart_rate,duplicate_timestamp,detection,0.0033,True
8dc64a2dc7b9,budapest_QUALI,g_force_lateral,string_in_numeric,detection,0.0013,True
5efc1ee9452b,budapest_QUALI,g_force_lateral,sensor_dropout,detection,0.0023,True
f9cd109e9d8e,budapest_QUALI,brake_temp,duplicate_timestamp,detection,0.0025,True
9faa2f6f669d,budapest_QUALI,g_force_lateral,bit_flip_high,detection,0.0041,True
f02e93d9e7c6,budapest_QUALI,brake_temp,bit_flip_high,detection,0.0037,True
5bd13b4c786d,budapest_QUALI,heart_rate,null_value,detection,0.002,True
4f4679b3c2a6,budapest_QUALI,rpm_canbus,schema_drift,detection,0.0031,True
ac1e856898dd,budapest_QUALI,tyre_pressure_v2,schema_drift,detection,0.0031,True
dac69ff6985d,budapest_QUALI,throttle,sensor_dropout,detection,0.0022,True
3a886592ebb6,budapest_QUALI,ecu_canbus_alt,schema_drift,detection,0.0029,True
540d6956a62e,budapest_QUALI,rpm,duplicate_timestamp,detection,0.0024,True
c8cd4132f4c8,budapest_QUALI,rpm,sensor_dropout,detection,0.0022,True
45b092412cc8,budapest_QUALI,tyre_pressure_new,schema_drift,detection,0.0048,True
c8f263e464f8,budapest_QUALI,g_force_lateral,duplicate_timestamp,detection,0.0025,True
6f9fc7f80ff5,budapest_QUALI,engine_temp,string_in_numeric,detection,0.0011,True
5943eac518ef,budapest_QUALI,brake_temp,sensor_dropout,detection,0.002,True
2a3702c21053,budapest_QUALI,brake_temp,string_in_numeric,detection,0.0012,True
09c694d42726,budapest_QUALI,brake_temp,bit_flip_high,detection,0.0041,True
7fe475eb6297,budapest_QUALI,brake_temp,duplicate_timestamp,detection,0.0024,True
c22473938ee0,budapest_QUALI,brake_temp,null_value,detection,0.0021,True
f5cbc1e4dda0,budapest_QUALI,throttle,duplicate_timestamp,detection,0.0023,True
bf7c41d55e56,budapest_QUALI,tyre_pressure,duplicate_timestamp,detection,0.0022,True
c5a820f6e3fc,budapest_QUALI,throttle,duplicate_timestamp,detection,0.0025,True
80200ad66a49,budapest_QUALI,tyre_pressure,bit_flip_high,detection,0.0042,True
867a3b996892,budapest_QUALI,throttle,null_value,detection,0.002,True
3d3c984e461d,budapest_QUALI,tyre_pressure,sensor_dropout,detection,0.0021,True
2d3c9d055c1d,budapest_QUALI,rpm_raw,schema_drift,detection,0.0033,True
d4a14e47c305,budapest_QUALI,speed_new,schema_drift,detection,0.0031,True
42a9ab64ed70,budapest_QUALI,heart_rate,bit_flip_high,detection,0.0045,True
c9212937426f,budapest_QUALI,speed_canbus,schema_drift,detection,0.003,True
51650d3fa752,budapest_QUALI,tyre_pressure,string_in_numeric,detection,0.0013,True
7791b3799c10,budapest_QUALI,engine_temp,bit_flip_low,detection,0.0035,True
a19b62d08880,budapest_QUALI,engine_temp,duplicate_timestamp,detection,0.0025,True
cb12311fd099,budapest_QUALI,aero_load,bit_flip_high,detection,0.0038,True
2156d70bf8d3,budapest_QUALI,g_force_lateral,string_in_numeric,detection,0.0013,True
9036fc10af2e,budapest_QUALI,g_force_lateral,duplicate_timestamp,detection,0.0025,True
bb8678f300cd,budapest_QUALI,aero_load_alt,schema_drift,detection,0.003,True
a8b6132c5a37,budapest_QUALI,throttle,bit_flip_low,detection,0.0039,True
0ec6d5cf99ae,budapest_QUALI,engine_temp,duplicate_timestamp,detection,0.0024,True
9086cd308d08,budapest_QUALI,engine_temp,string_in_numeric,detection,0.0013,True
e00cc4c39559,budapest_QUALI,g_force_lateral,duplicate_timestamp,detection,0.0025,True
d46a7a29d498,budapest_QUALI,heart_rate_canbus,schema_drift,detection,0.003,True
d07cf10e4f63,budapest_QUALI,tyre_pressure,string_in_numeric,detection,0.0012,True
4217fbf95558,budapest_QUALI,brake_temp,duplicate_timestamp,detection,0.0021,True
4fcee08de211,budapest_QUALI,speed,duplicate_timestamp,detection,0.0026,True
115eae81590b,budapest_QUALI,heart_rate_v2,schema_drift,detection,0.0031,True
3c82502d259c,budapest_QUALI,engine_temp,duplicate_timestamp,detection,0.0024,True
211edccf88fd,budapest_QUALI,tyre_pressure,sensor_dropout,detection,0.0022,True
9fa0a3d8c7f4,budapest_QUALI,rpm,sensor_dropout,detection,0.0021,True
dece5ef31e5c,budapest_RACE,heart_rate,duplicate_timestamp,detection,0.0025,True
fd402baa4dd4,budapest_RACE,g_force_lateral_alt,schema_drift,detection,0.003,True
81d3915fa445,budapest_RACE,ecu_canbus,sensor_dropout,detection,0.0023,True
cf44395d0f97,budapest_RACE,rpm,string_in_numeric,detection,0.0012,True
85614bcb8e29,budapest_RACE,engine_temp,bit_flip_high,detection,0.0042,True
05a0cc6c89e9,budapest_RACE,ecu_canbus_alt,schema_drift,detection,0.0031,True
4d7d70744b67,budapest_RACE,speed,string_in_numeric,detection,0.0012,True
fd1f6e118452,budapest_RACE,engine_temp,sensor_dropout,detection,0.002,True
8249767118e4,budapest_RACE,ecu_canbus_raw,schema_drift,detection,0.003,True
d920107b6797,budapest_RACE,ecu_canbus,bit_flip_low,detection,0.004,True
2dcfcf95a2f4,budapest_RACE,throttle,sensor_dropout,detection,0.0022,True
91c1cf7a3b1b,budapest_RACE,heart_rate,sensor_dropout,detection,0.0022,True
5e70371b4ce9,budapest_RACE,speed,bit_flip_low,detection,0.0037,True
c790a10bb1ad,budapest_RACE,tyre_pressure,string_in_numeric,detection,0.0012,True
12eadeabdd67,budapest_RACE,heart_rate,null_value,detection,0.0019,True
b35e5b8b6dd9,budapest_RACE,rpm,null_value,detection,0.002,True
256bf3c2c6b0,budapest_RACE,throttle,bit_flip_high,detection,0.0035,True
559919148796,budapest_RACE,aero_load,string_in_numeric,detection,0.0012,True
f2a1148724c2,budapest_RACE,rpm_v2,schema_drift,detection,0.003,True
efbf78a17c44,budapest_RACE,brake_temp,duplicate_timestamp,detection,0.0023,True
3c4ef7455d66,budapest_RACE,rpm_new,schema_drift,detection,0.003,True
12d523109a15,budapest_RACE,g_force_lateral,bit_flip_low,detection,0.0039,True
d3a3136e19ec,budapest_RACE,engine_temp,null_value,detection,0.002,True
4a1c394b216c,budapest_RACE,rpm,string_in_numeric,detection,0.0012,True
253eec6617c9,budapest_RACE,brake_temp,null_value,detection,0.002,True
922d7c43185b,budapest_RACE,g_force_lateral,string_in_numeric,detection,0.0013,True
fd843255227c,budapest_RACE,brake_temp,bit_flip_low,detection,0.0041,True
7b6a79365e04,budapest_RACE,ecu_canbus,bit_flip_high,detection,0.0054,True
33b73e6f7053,budapest_RACE,tyre_pressure,null_value,detection,0.002,True
45465ced12af,budapest_RACE,engine_temp,bit_flip_low,detection,0.0034,True
39eba180c80b,budapest_RACE,heart_rate,bit_flip_low,detection,0.0044,True
1fb645b9e8bf,budapest_RACE,brake_temp,sensor_dropout,detection,0.0022,True
044b14d8b8fa,budapest_RACE,heart_rate,sensor_dropout,detection,0.0023,True
0b9773fad462,budapest_RACE,g_force_lateral,sensor_dropout,detection,0.0023,True
4a0cac894d7e,budapest_RACE,heart_rate,null_value,detection,0.0018,True
fc8d7e850034,budapest_RACE,throttle,sensor_dropout,detection,0.0019,True
2e98186e63d9,budapest_RACE,heart_rate,bit_flip_low,detection,0.0036,True
b884f31b6b4c,budapest_RACE,brake_temp_new,schema_drift,detection,0.003,True
230532dccc0f,budapest_RACE,engine_temp,bit_flip_high,detection,0.0037,True
ac8eac8cc53a,budapest_RACE,ecu_canbus,bit_flip_low,detection,0.0033,True
6f385cb00ec5,budapest_RACE,heart_rate,null_value,detection,0.0022,True
ede1659416ff,budapest_RACE,brake_temp,string_in_numeric,detection,0.0013,True
79483ef19ebd,budapest_RACE,ecu_canbus_raw,schema_drift,detection,0.0027,True
ad0a75eba685,budapest_RACE,ecu_canbus,sensor_dropout,detection,0.002,True
1198143304d9,budapest_RACE,ecu_canbus,string_in_numeric,detection,0.0011,True
6c1b228416a8,budapest_RACE,speed,null_value,detection,0.0024,True
c2100a8213ee,budapest_RACE,ecu_canbus,string_in_numeric,detection,0.001,True
071f71bdd574,budapest_RACE,g_force_lateral,string_in_numeric,detection,0.0012,True
ef96eba6239d,budapest_RACE,g_force_lateral,sensor_dropout,detection,0.002,True
f5eaf3e5f22d,budapest_RACE,rpm,duplicate_timestamp,detection,0.0024,True
67b409f7e5da,budapest_RACE,rpm,bit_flip_low,detection,0.0039,True
a57d7e569762,budapest_RACE,aero_load,sensor_dropout,detection,0.002,True
f45cae41be0d,budapest_RACE,heart_rate,null_value,detection,0.0018,True
246cef35e2ef,budapest_RACE,throttle,null_value,detection,0.0019,True
ccfcb40eb347,budapest_RACE,heart_rate_alt,schema_drift,detection,0.0026,True
80e85516feec,budapest_RACE,throttle_new,schema_drift,detection,0.0028,True
5895ca64e5eb,budapest_RACE,engine_temp_alt,schema_drift,detection,0.0024,True
8d1c54f9a6df,budapest_RACE,heart_rate,null_value,detection,0.0046,True
0fd0df688d3b,budapest_RACE,ecu_canbus,bit_flip_low,detection,0.004,True
3343b76786a6,budapest_RACE,brake_temp_v2,schema_drift,detection,0.0029,True
5e93b16c2792,budapest_RACE,aero_load,sensor_dropout,detection,0.002,True
19402db6846b,budapest_RACE,g_force_lateral,duplicate_timestamp,detection,0.0025,True
b7ddce32a7e2,budapest_RACE,throttle,bit_flip_high,detection,0.004,True
e0c0e636def4,budapest_RACE,g_force_lateral,string_in_numeric,detection,0.0012,True
e15b5f5babe2,budapest_RACE,brake_temp,bit_flip_high,detection,0.0033,True
b67f85fc0575,budapest_RACE,heart_rate,sensor_dropout,detection,0.0021,True
a38561b14d97,budapest_RACE,rpm,bit_flip_high,detection,0.0036,True
d319fff8e9ed,budapest_RACE,g_force_lateral,bit_flip_low,detection,0.0034,True
d574ec646e18,budapest_RACE,engine_temp,duplicate_timestamp,detection,0.0022,True
04708e86ec2b,budapest_RACE,g_force_lateral,bit_flip_high,detection,0.0041,True
fd8246bab9d8,budapest_RACE,tyre_pressure,null_value,detection,0.0022,True
6ac9f424784c,budapest_RACE,rpm,sensor_dropout,detection,0.002,True
4f23f1edd25e,budapest_RACE,throttle,string_in_numeric,detection,0.0012,True
408ce05c5e58,budapest_RACE,ecu_canbus,duplicate_timestamp,detection,0.0023,True
7acf0aa52095,budapest_RACE,brake_temp,bit_flip_high,detection,0.0033,True
47f341e3a9ed,budapest_RACE,engine_temp,bit_flip_high,detection,0.0033,True
97a6da5568a5,budapest_RACE,heart_rate,sensor_dropout,detection,0.0018,True
6d4e558e5017,budapest_RACE,engine_temp,sensor_dropout,detection,0.0019,True
c481e027b210,budapest_RACE,heart_rate,duplicate_timestamp,detection,0.0023,True
5ae68a8307d8,budapest_RACE,throttle,bit_flip_high,detection,0.0039,True
301ed06f7b18,budapest_RACE,engine_temp,duplicate_timestamp,detection,0.0023,True
b7acd0a66f66,budapest_RACE,aero_load,duplicate_timestamp,detection,0.0023,True
b518b545455d,budapest_RACE,tyre_pressure,duplicate_timestamp,detection,0.0026,True
59771473b3d7,budapest_RACE,rpm,string_in_numeric,detection,0.0013,True
48f434eb0b35,budapest_RACE,aero_load,null_value,detection,0.0021,True
42c216ad1f05,budapest_RACE,brake_temp,null_value,detection,0.002,True
2ed11bcb124c,budapest_RACE,aero_load_alt,schema_drift,detection,0.0031,True
839c4d647342,budapest_RACE,brake_temp_alt,schema_drift,detection,0.003,True
7a11cf65edc9,budapest_RACE,tyre_pressure,string_in_numeric,detection,0.0011,True
916b9d68fa50,budapest_RACE,throttle_raw,schema_drift,detection,0.0028,True
6113cf99fa20,budapest_RACE,brake_temp,null_value,detection,0.0026,True
9efb57b71a7c,budapest_RACE,g_force_lateral,null_value,detection,0.0019,True
6e7a83b2ef80,budapest_RACE,rpm,duplicate_timestamp,detection,0.0022,True
e326f05d69e8,budapest_RACE,throttle,sensor_dropout,detection,0.002,True
be53aaea32f7,budapest_RACE,engine_temp,duplicate_timestamp,detection,0.0023,True
427127b08aee,budapest_RACE,throttle,null_value,detection,0.002,True
93a70ad662ba,budapest_RACE,heart_rate,bit_flip_low,detection,0.0036,True
4256232d91d2,budapest_RACE,heart_rate,null_value,detection,0.0019,True
27d4f40b0bf6,budapest_RACE,speed,string_in_numeric,detection,0.0011,True
35a875d3dd1a,budapest_RACE,brake_temp,bit_flip_low,detection,0.0035,True
6f00673b20dc,budapest_RACE,throttle,bit_flip_low,detection,0.0034,True
475daa649c76,budapest_RACE,tyre_pressure,string_in_numeric,detection,0.0014,True
6101f00469bb,budapest_RACE,tyre_pressure,sensor_dropout,detection,0.0019,True
f4b5464c20d6,budapest_RACE,g_force_lateral,string_in_numeric,detection,0.0013,True
7d9a2a716f2e,budapest_RACE,throttle,string_in_numeric,detection,0.0011,True
9012da340dfd,budapest_RACE,ecu_canbus,null_value,detection,0.0037,True
10b95751fa4e,budapest_RACE,speed,null_value,detection,0.002,True
0bae58092bef,budapest_RACE,g_force_lateral,null_value,detection,0.002,True
30762501d2a5,budapest_RACE,engine_temp,null_value,detection,0.0019,True
37fa06442186,budapest_RACE,rpm,bit_flip_low,detection,0.0036,True
8771eeba0643,budapest_RACE,engine_temp,bit_flip_high,detection,0.0034,True
3ad3046ead3c,budapest_RACE,g_force_lateral,bit_flip_low,detection,0.0031,True
f33510fc8378,budapest_RACE,tyre_pressure,bit_flip_high,detection,0.0032,True
10f6691b75e6,budapest_RACE,engine_temp_alt,schema_drift,detection,0.0028,True
fd2eb5871bed,budapest_RACE,tyre_pressure,string_in_numeric,detection,0.0013,True
fe2986f0b919,budapest_RACE,tyre_pressure,bit_flip_high,detection,0.0032,True
f29e5cfceb78,budapest_RACE,ecu_canbus,bit_flip_low,detection,0.0036,False
0fbea9010e67,budapest_RACE,tyre_pressure,null_value,detection,0.002,True
ebe638f1d4c6,budapest_RACE,brake_temp,bit_flip_high,detection,0.0037,True
856690bbcb91,,,dlq_repair,repair,0.0516,True
f5dd061724f2,,,dlq_repair,repair,0.0087,False
ebf705839b70,,,dlq_repair,repair,0.0122,True
66ddd3c0a812,,,dlq_repair,repair,0.0088,False
60003a5071b9,,,dlq_repair,repair,0.0105,False
ce339635b54f,,,dlq_repair,repair,0.014,True
2363af6232ce,,,dlq_repair,repair,0.0064,False
2680c335b5c9,,,dlq_repair,repair,0.0058,False
91948feba829,,,dlq_repair,repair,0.0114,False
928982ad6570,,,dlq_repair,repair,0.0096,True
53029a99fdc5,,,dlq_repair,repair,0.0052,False
ebe51f83e2a9,,,dlq_repair,repair,0.0048,False
9c0426a2d341,,,dlq_repair,repair,0.0047,False
794bce3582d4,,,dlq_repair,repair,0.0121,True
0c5491d148b9,,,dlq_repair,repair,0.008,False
ea30d0b12300,,,dlq_repair,repair,0.0047,False
5c9fbe016b42,,,dlq_repair,repair,0.0073,False
4dcccd8fc100,,,dlq_repair,repair,0.007,False
e7fb4308f90f,,,dlq_repair,repair,0.0112,False
4b3a1434afed,,,dlq_repair,repair,0.0046,False
1b70146487b6,,,dlq_repair,repair,0.0046,False
0694f3aa3285,,,dlq_repair,repair,0.0072,False
c67fea230c50,,,dlq_repair,repair,0.0103,False
3c7738c863ee,,,dlq_repair,repair,0.0064,True
56487cdeb76b,,,dlq_repair,repair,0.0063,True
ef4b67494c2f,,,dlq_repair,repair,0.0045,False
f2fb0c7fc6ec,,,dlq_repair,repair,0.0044,False
03d895ffdd66,,,dlq_repair,repair,0.0065,True
8161b53bf9b0,,,dlq_repair,repair,0.0045,False
6f9d657c9ff6,,,dlq_repair,repair,0.01,False
124d71542b5d,,,dlq_repair,repair,0.0063,True
938899ccf25a,,,dlq_repair,repair,0.0093,True
1e8347f9f09b,,,dlq_repair,repair,0.0091,True
ab72ae709ca9,,,dlq_repair,repair,0.0085,False
0b8a3fd4561d,,,dlq_repair,repair,0.0144,True
7426821674c1,,,dlq_repair,repair,0.0088,True
9abbaacb8c8e,,,dlq_repair,repair,0.0068,False
591486615229,,,dlq_repair,repair,0.0051,False
22796df46ad0,,,dlq_repair,repair,0.0054,False
89d2b19603a0,,,dlq_repair,repair,0.0074,False
8a0f3ba11f0a,,,dlq_repair,repair,0.0105,False
3ca4da95f26b,,,dlq_repair,repair,0.005,False
d83367be66c6,,,dlq_repair,repair,0.01,True
b5430155afb9,,,dlq_repair,repair,0.0046,False
9e5ec34f8b92,,,dlq_repair,repair,0.0064,True
7706e6222b6c,,,dlq_repair,repair,0.0084,False
141e2db36e91,,,dlq_repair,repair,0.0044,False
657feb5843ed,,,dlq_repair,repair,0.0048,False
8b0677f8f86b,,,dlq_repair,repair,0.0044,False
f88dd5d66095,,,dlq_repair,repair,0.0097,True
17dea03c1b1f,,,dlq_repair,repair,0.0109,True
da93a6eaa4cd,,,dlq_repair,repair,0.0052,False
53e04298dd84,,,dlq_repair,repair,0.0066,True
43b8e8d5fb18,,,dlq_repair,repair,0.0048,False
3dc211dee4f5,,,dlq_repair,repair,0.0097,True
6806e6e6bad4,,,dlq_repair,repair,0.0045,False
15d672ff4045,,,dlq_repair,repair,0.0103,False
aefd25a5086a,,,dlq_repair,repair,0.01,False
869340a5ab84,,,dlq_repair,repair,0.0046,False
49d58826d5fd,,,dlq_repair,repair,0.0052,False
2adbdb9c0f9a,,,dlq_repair,repair,0.008,True
10ac2034c0c0,,,dlq_repair,repair,0.0079,False
fb2b695454b1,,,dlq_repair,repair,0.0072,False
06e4843eb8ce,,,dlq_repair,repair,0.0046,False
d4ef254f4d86,,,dlq_repair,repair,0.0105,True
48ab7c2f62c8,,,dlq_repair,repair,0.0096,True
e81ead97562a,,,dlq_repair,repair,0.0049,False
3e905c3715b0,,,dlq_repair,repair,0.0082,False
91072b713bcc,,,dlq_repair,repair,0.0065,True
31533554e59c,,,dlq_repair,repair,0.0046,False
6194ee3a3467,,,dlq_repair,repair,0.0043,False
5d53ead22e53,,,dlq_repair,repair,0.0071,False
de3895ff7bf9,,,dlq_repair,repair,0.0062,True
ba4c21910814,,,dlq_repair,repair,0.0069,False
078fb2adf26d,,,dlq_repair,repair,0.0046,False
b82f16a02589,,,dlq_repair,repair,0.0045,False
f3c24740fdb6,,,dlq_repair,repair,0.0073,False
3ea65a301a74,,,dlq_repair,repair,0.0046,False
dc4c77a35c6f,,,dlq_repair,repair,0.0062,True
ba53f78ad329,,,dlq_repair,repair,0.0039,False
c6df7682f5af,,,dlq_repair,repair,0.0038,False
6040e3ce177b,,,dlq_repair,repair,0.0063,True
ef098a11b7dd,,,dlq_repair,repair,0.0044,False
6a23e435b775,,,dlq_repair,repair,0.0032,False
4be5be411bc7,,,dlq_repair,repair,0.0045,False
9815b8f967af,,,dlq_repair,repair,0.0066,False
cb5ad9a7b239,,,dlq_repair,repair,0.0063,True
644d35e07831,,,dlq_repair,repair,0.0062,True
520a313ef591,,,dlq_repair,repair,0.006,True
3183658b0d7b,,,dlq_repair,repair,0.0061,True
7df0a3e52367,,,dlq_repair,repair,0.004,False
c6fb86c72682,,,dlq_repair,repair,0.0069,False
9cc8752af065,,,dlq_repair,repair,0.0062,True
1c9ec05ea4bb,,,dlq_repair,repair,0.0033,False
efbbc705a010,,,dlq_repair,repair,0.0097,True
95e48cdf455e,,,dlq_repair,repair,0.0031,False
8743844d7f6b,,,dlq_repair,repair,0.004,False
9b17340f895d,,,dlq_repair,repair,0.0044,False
2d8b8e8d1640,,,dlq_repair,repair,0.0045,False
f29ad1999a56,,,dlq_repair,repair,0.0063,True
e93ab2f5f05f,,,dlq_repair,repair,0.0045,False
7f5140bfc31e,,,dlq_repair,repair,0.0033,False
2dabedcc20df,,,dlq_repair,repair,0.007,False
285b1c31c8e4,,,dlq_repair,repair,0.0044,False
6119f1a84c79,,,dlq_repair,repair,0.0094,True
b9e7f1798954,,,dlq_repair,repair,0.0068,False
4050af6359d4,,,dlq_repair,repair,0.0092,True
2189274ce2cb,,,dlq_repair,repair,0.0043,False
e6386485ad49,,,dlq_repair,repair,0.0062,True
e81d43c55cde,,,dlq_repair,repair,0.006,True
10dbfdab2b99,,,dlq_repair,repair,0.0068,False
58a8766f84ab,,,dlq_repair,repair,0.0061,True
8304f2457b3c,,,dlq_repair,repair,0.0047,False
0f466f283690,,,dlq_repair,repair,0.0093,True
d0f835ce744d,,,dlq_repair,repair,0.0045,False
df6302a5c163,,,dlq_repair,repair,0.0045,False
ce15848d1112,,,dlq_repair,repair,0.004,False
f46a00487655,,,dlq_repair,repair,0.0066,True
ac889f70654b,,,dlq_repair,repair,0.0045,False
537aced8cf43,,,dlq_repair,repair,0.0048,False
ed56720b3d6b,,,dlq_repair,repair,0.0062,False
0b313d1bd0fc,,,dlq_repair,repair,0.0095,True
881eb1b325e4,,,dlq_repair,repair,0.0082,True
e0a81cc6409e,,,dlq_repair,repair,0.0048,False
72969fccacd3,,,dlq_repair,repair,0.0042,False
7e3e9c6c3b8f,,,dlq_repair,repair,0.0105,False
63ec2fbdbbd3,,,dlq_repair,repair,0.0062,True
ebdffd7a192a,,,dlq_repair,repair,0.0092,True
131ce970d8da,,,dlq_repair,repair,0.0062,True
8876fb8cd0b2,,,dlq_repair,repair,0.0041,False
35f7d87e2c87,,,dlq_repair,repair,0.0039,False
fda1cc190eb7,,,dlq_repair,repair,0.0093,True
f74e4b8956bd,,,dlq_repair,repair,0.0044,False
700e40ae0208,,,dlq_repair,repair,0.0039,False
6594c333f5f9,,,dlq_repair,repair,0.0093,True
c0174e11c151,,,dlq_repair,repair,0.0045,False
7bea7fd50b35,,,dlq_repair,repair,0.0044,False
753a7378addf,,,dlq_repair,repair,0.0038,False
9ebfca7c9b21,,,dlq_repair,repair,0.0072,False
861f34d1a171,,,dlq_repair,repair,0.004,False
05f64bb124d0,,,dlq_repair,repair,0.0039,False
469f67ae36fc,,,dlq_repair,repair,0.0045,False
d1252f6ab6f4,,,dlq_repair,repair,0.0095,True
244bbe4ec3a7,,,dlq_repair,repair,0.0072,False
544c35528ed8,,,dlq_repair,repair,0.004,False
bd91ba62ed8f,,,dlq_repair,repair,0.0045,False
82f688fcbaf3,,,dlq_repair,repair,0.01,False
d77bfd339f64,,,dlq_repair,repair,0.0103,False
a145aad7ca9d,,,dlq_repair,repair,0.0063,True
6b553dd4284a,,,dlq_repair,repair,0.0046,False
918d2c575ebc,,,dlq_repair,repair,0.0044,False
18dee5a73541,,,dlq_repair,repair,0.0043,False
b6d9052a9c2f,,,dlq_repair,repair,0.004,False
319920873449,,,dlq_repair,repair,0.0083,False
eb0fc479f19b,,,dlq_repair,repair,0.0071,True
47bef8a73b1a,,,dlq_repair,repair,0.0065,True
7a5b24564f7f,,,dlq_repair,repair,0.0045,False
f8959a899085,,,dlq_repair,repair,0.0065,True
1c8c0953c89d,,,dlq_repair,repair,0.0045,False
e049ad2feac4,,,dlq_repair,repair,0.0045,False
19f613fcf5e3,,,dlq_repair,repair,0.0042,False
2540ddd37cb9,,,dlq_repair,repair,0.0037,False
ed382a4c54a8,,,dlq_repair,repair,0.0051,False
7241e7626742,,,dlq_repair,repair,0.004,False
0cd0043f2184,,,dlq_repair,repair,0.0045,False
b32c86cda7eb,,,dlq_repair,repair,0.0038,False
133a5ee6e11d,,,dlq_repair,repair,0.0071,False
2f6ce2048639,,,dlq_repair,repair,0.0062,True
3c9d0b66773e,,,dlq_repair,repair,0.0062,True
63a483198834,,,dlq_repair,repair,0.0044,False
b74d36e2fa73,,,dlq_repair,repair,0.0115,False
1fb261cd6266,,,dlq_repair,repair,0.0045,False
a276babcd4a3,,,dlq_repair,repair,0.0046,False
e7713660e26a,,,dlq_repair,repair,0.0044,False
ca22ee9ec105,,,dlq_repair,repair,0.0063,True
f24db0468ffc,,,dlq_repair,repair,0.0038,False
8cf10864fbbe,,,dlq_repair,repair,0.0098,True
9350ade12616,,,dlq_repair,repair,0.0101,False
54d2c53ad03f,,,dlq_repair,repair,0.0039,False
bf5930c5e4f7,,,dlq_repair,repair,0.0088,False
54beaaf42136,,,dlq_repair,repair,0.0115,False
4cced6708083,,,dlq_repair,repair,0.0048,False
8b4791b0dcd2,,,dlq_repair,repair,0.0091,True
25787b02f2e5,,,dlq_repair,repair,0.0113,True
a45e3442e662,,,dlq_repair,repair,0.0166,True
46a2369b5650,,,dlq_repair,repair,0.0087,True
76293c020f02,,,dlq_repair,repair,0.0065,False
0d8e46244fc9,,,dlq_repair,repair,0.0111,True
ea00815770d7,,,dlq_repair,repair,0.0117,True
cd0c8ab4ac2d,,,dlq_repair,repair,0.01,True
0888a52ce4d5,,,dlq_repair,repair,0.0052,False
b40096aef85f,,,dlq_repair,repair,0.0069,True
727035880cfc,,,dlq_repair,repair,0.0072,False
beda41519bfa,,,dlq_repair,repair,0.0045,False
46cbc78f1ab4,,,dlq_repair,repair,0.0096,True
47416b06d182,,,dlq_repair,repair,0.0063,True
c1267c52a675,,,dlq_repair,repair,0.0046,False
b1847e04011f,,,dlq_repair,repair,0.0099,False
b2c42057d0b9,,,dlq_repair,repair,0.0045,False
cab44ecd4ebf,,,dlq_repair,repair,0.0098,False
