phase,api,chaos_method,reconciler,iteration,packet_idx,source_field,drifted_field,chaos_sub_type,reconciliation_status,quantum_routed
quantum,finnhub,json_manip,regex,1,13,sector,sector,field_split,FALSE_POSITIVE,True
quantum,finnhub,json_manip,regex,1,13,current_price,current_price,field_split,FALSE_POSITIVE,True
quantum,finnhub,json_manip,regex,1,13,avg_volume,avg_volume,field_split,FALSE_POSITIVE,True
quantum,finnhub,json_manip,regex,1,13,industry,industry,field_split,FALSE_POSITIVE,True
quantum,finnhub,json_manip,regex,1,13,open,open_part1,field_split,SUCCESS,True
quantum,finnhub,json_manip,regex,1,13,low,low,field_split,FALSE_POSITIVE,True
quantum,finnhub,json_manip,regex,1,13,change,change,field_split,FALSE_POSITIVE,True
quantum,finnhub,json_manip,regex,1,13,market_cap,market_cap,field_split,FALSE_POSITIVE,True
quantum,finnhub,json_manip,regex,1,13,beta,beta,field_split,FALSE_POSITIVE,True
quantum,finnhub,json_manip,regex,1,13,52w_low,low,field_split,FALSE_POSITIVE,True
quantum,finnhub,json_manip,regex,1,13,symbol,symbol,field_split,FALSE_POSITIVE,True
quantum,finnhub,json_manip,regex,1,13,volume,avg_volume,field_split,FALSE_POSITIVE,True
quantum,finnhub,json_manip,regex,1,13,dividend_yield,dividend_yield,field_split,FALSE_POSITIVE,True
quantum,finnhub,json_manip,regex,1,13,high,high,field_split,FALSE_POSITIVE,True
quantum,finnhub,json_manip,regex,1,13,timestamp,timestamp,field_split,FALSE_POSITIVE,True
quantum,finnhub,json_manip,regex,1,13,percent_change,change,field_split,FALSE_POSITIVE,True
quantum,finnhub,json_manip,regex,1,13,52w_high,high,field_split,FALSE_POSITIVE,True
quantum,finnhub,json_manip,regex,1,13,pe_ratio,pe_ratio,field_split,FALSE_POSITIVE,True
quantum,finnhub,json_manip,regex,1,13,previous_close,previous_close,field_split,FALSE_POSITIVE,True
quantum,finnhub,json_manip,regex,1,17,sector,sector,scalar_to_array,SUCCESS,True
quantum,finnhub,json_manip,regex,1,17,current_price,current_price,scalar_to_array,SUCCESS,True
quantum,finnhub,json_manip,regex,1,17,avg_volume,avg_volume,scalar_to_array,SUCCESS,True
quantum,finnhub,json_manip,regex,1,17,industry,industry,scalar_to_array,SUCCESS,True
quantum,finnhub,json_manip,regex,1,17,open,open,scalar_to_array,SUCCESS,True
quantum,finnhub,json_manip,regex,1,17,low,low,scalar_to_array,SUCCESS,True
quantum,finnhub,json_manip,regex,1,17,change,change,scalar_to_array,SUCCESS,True
quantum,finnhub,json_manip,regex,1,17,market_cap,market_cap,scalar_to_array,SUCCESS,True
quantum,finnhub,json_manip,regex,1,17,beta,beta,scalar_to_array,SUCCESS,True
quantum,finnhub,json_manip,regex,1,17,52w_low,low,scalar_to_array,SUCCESS,True
quantum,finnhub,json_manip,regex,1,17,symbol,symbol,scalar_to_array,SUCCESS,True
quantum,finnhub,json_manip,regex,1,17,volume,avg_volume,scalar_to_array,SUCCESS,True
quantum,finnhub,json_manip,regex,1,17,dividend_yield,dividend_yield,scalar_to_array,SUCCESS,True
quantum,finnhub,json_manip,regex,1,17,high,high,scalar_to_array,SUCCESS,True
quantum,finnhub,json_manip,regex,1,17,timestamp,timestamp,scalar_to_array,SUCCESS,True
quantum,finnhub,json_manip,regex,1,17,percent_change,change,scalar_to_array,SUCCESS,True
quantum,finnhub,json_manip,regex,1,17,52w_high,high,scalar_to_array,SUCCESS,True
quantum,finnhub,json_manip,regex,1,17,pe_ratio,pe_ratio,scalar_to_array,SUCCESS,True
quantum,finnhub,json_manip,regex,1,17,previous_close,previous_close,scalar_to_array,SUCCESS,True
quantum,finnhub,json_manip,regex,1,46,sector,sector,field_join,FALSE_POSITIVE,True
quantum,finnhub,json_manip,regex,1,46,current_price,current_price,field_join,FALSE_POSITIVE,True
quantum,finnhub,json_manip,regex,1,46,avg_volume,volume,field_join,SUCCESS,True
quantum,finnhub,json_manip,regex,1,46,industry,industry,field_join,FALSE_POSITIVE,True
quantum,finnhub,json_manip,regex,1,46,open,open,field_join,FALSE_POSITIVE,True
quantum,finnhub,json_manip,regex,1,46,low,52w_low,field_join,SUCCESS,True
quantum,finnhub,json_manip,regex,1,46,change,change,field_join,FALSE_POSITIVE,True
quantum,finnhub,json_manip,regex,1,46,market_cap,market_cap,field_join,FALSE_POSITIVE,True
quantum,finnhub,json_manip,regex,1,46,beta,beta,field_join,FALSE_POSITIVE,True
quantum,finnhub,json_manip,regex,1,46,52w_low,52w_low,field_join,FALSE_POSITIVE,True
quantum,finnhub,json_manip,regex,1,46,symbol,symbol,field_join,FALSE_POSITIVE,True
quantum,finnhub,json_manip,regex,1,46,volume,volume,field_join,FALSE_POSITIVE,True
quantum,finnhub,json_manip,regex,1,46,dividend_yield,dividend_yield,field_join,FALSE_POSITIVE,True
quantum,finnhub,json_manip,regex,1,46,high,52w_high,field_join,FALSE_POSITIVE,True
quantum,finnhub,json_manip,regex,1,46,timestamp,timestamp,field_join,FALSE_POSITIVE,True
quantum,finnhub,json_manip,regex,1,46,percent_change,change,field_join,FALSE_POSITIVE,True
quantum,finnhub,json_manip,regex,1,46,52w_high,52w_high,field_join,FALSE_POSITIVE,True
quantum,finnhub,json_manip,regex,1,46,pe_ratio,pe_ratio,field_join,FALSE_POSITIVE,True
quantum,finnhub,json_manip,regex,1,46,previous_close,previous_close,field_join,FALSE_POSITIVE,True
quantum,finnhub,json_manip,regex,1,92,sector,sector,field_merge_value,FALSE_POSITIVE,True
quantum,finnhub,json_manip,regex,1,92,current_price,current_price,field_merge_value,FALSE_POSITIVE,True
quantum,finnhub,json_manip,regex,1,92,avg_volume,avg_volume,field_merge_value,FALSE_POSITIVE,True
quantum,finnhub,json_manip,regex,1,92,industry,industry,field_merge_value,FALSE_POSITIVE,True
quantum,finnhub,json_manip,regex,1,92,open,open,field_merge_value,FALSE_POSITIVE,True
quantum,finnhub,json_manip,regex,1,92,low,52w_low,field_merge_value,FALSE_POSITIVE,True
quantum,finnhub,json_manip,regex,1,92,change,change,field_merge_value,FALSE_POSITIVE,True
quantum,finnhub,json_manip,regex,1,92,market_cap,market_cap,field_merge_value,FALSE_POSITIVE,True
quantum,finnhub,json_manip,regex,1,92,beta,beta,field_merge_value,FALSE_POSITIVE,True
quantum,finnhub,json_manip,regex,1,92,52w_low,52w_low,field_merge_value,FALSE_POSITIVE,True
quantum,finnhub,json_manip,regex,1,92,symbol,symbol,field_merge_value,FALSE_POSITIVE,True
quantum,finnhub,json_manip,regex,1,92,volume,avg_volume,field_merge_value,FALSE_POSITIVE,True
quantum,finnhub,json_manip,regex,1,92,dividend_yield,dividend_yield,field_merge_value,FALSE_POSITIVE,True
quantum,finnhub,json_manip,regex,1,92,high,52w_high,field_merge_value,FALSE_POSITIVE,True
quantum,finnhub,json_manip,regex,1,92,timestamp,previous_close_timestamp,field_merge_value,SUCCESS,True
quantum,finnhub,json_manip,regex,1,92,percent_change,change,field_merge_value,FALSE_POSITIVE,True
quantum,finnhub,json_manip,regex,1,92,52w_high,52w_high,field_merge_value,FALSE_POSITIVE,True
quantum,finnhub,json_manip,regex,1,92,pe_ratio,pe_ratio,field_merge_value,FALSE_POSITIVE,True
quantum,finnhub,json_manip,regex,1,92,previous_close,previous_close_timestamp,field_merge_value,SUCCESS,True
quantum,finnhub,json_manip,regex,1,101,sector,sector,field_split,FALSE_POSITIVE,True
quantum,finnhub,json_manip,regex,1,101,current_price,current_price,field_split,FALSE_POSITIVE,True
quantum,finnhub,json_manip,regex,1,101,avg_volume,avg_volume,field_split,FALSE_POSITIVE,True
quantum,finnhub,json_manip,regex,1,101,industry,industry,field_split,FALSE_POSITIVE,True
quantum,finnhub,json_manip,regex,1,101,open,open,field_split,FALSE_POSITIVE,True
quantum,finnhub,json_manip,regex,1,101,low,low,field_split,FALSE_POSITIVE,True
quantum,finnhub,json_manip,regex,1,101,change,change,field_split,FALSE_POSITIVE,True
quantum,finnhub,json_manip,regex,1,101,market_cap,market_cap_part1,field_split,SUCCESS,True
quantum,finnhub,json_manip,regex,1,101,beta,beta,field_split,FALSE_POSITIVE,True
quantum,finnhub,json_manip,regex,1,101,52w_low,low,field_split,FALSE_POSITIVE,True
quantum,finnhub,json_manip,regex,1,101,symbol,symbol,field_split,FALSE_POSITIVE,True
quantum,finnhub,json_manip,regex,1,101,volume,avg_volume,field_split,FALSE_POSITIVE,True
quantum,finnhub,json_manip,regex,1,101,dividend_yield,dividend_yield,field_split,FALSE_POSITIVE,True
quantum,finnhub,json_manip,regex,1,101,high,high,field_split,FALSE_POSITIVE,True
quantum,finnhub,json_manip,regex,1,101,timestamp,timestamp,field_split,FALSE_POSITIVE,True
quantum,finnhub,json_manip,regex,1,101,percent_change,change,field_split,FALSE_POSITIVE,True
quantum,finnhub,json_manip,regex,1,101,52w_high,high,field_split,FALSE_POSITIVE,True
quantum,finnhub,json_manip,regex,1,101,pe_ratio,pe_ratio,field_split,FALSE_POSITIVE,True
quantum,finnhub,json_manip,regex,1,101,previous_close,previous_close,field_split,FALSE_POSITIVE,True
quantum,finnhub,json_manip,regex,1,135,sector,sector,field_split,FALSE_POSITIVE,True
quantum,finnhub,json_manip,regex,1,135,current_price,current_price,field_split,FALSE_POSITIVE,True
quantum,finnhub,json_manip,regex,1,135,avg_volume,avg_volume,field_split,FALSE_POSITIVE,True
quantum,finnhub,json_manip,regex,1,135,industry,industry,field_split,FALSE_POSITIVE,True
quantum,finnhub,json_manip,regex,1,135,open,open_part1,field_split,SUCCESS,True
quantum,finnhub,json_manip,regex,1,135,low,low,field_split,FALSE_POSITIVE,True
quantum,finnhub,json_manip,regex,1,135,change,change,field_split,FALSE_POSITIVE,True
quantum,finnhub,json_manip,regex,1,135,market_cap,market_cap,field_split,FALSE_POSITIVE,True
quantum,finnhub,json_manip,regex,1,135,beta,beta,field_split,FALSE_POSITIVE,True
quantum,finnhub,json_manip,regex,1,135,52w_low,low,field_split,FALSE_POSITIVE,True
quantum,finnhub,json_manip,regex,1,135,symbol,symbol,field_split,FALSE_POSITIVE,True
quantum,finnhub,json_manip,regex,1,135,volume,avg_volume,field_split,FALSE_POSITIVE,True
quantum,finnhub,json_manip,regex,1,135,dividend_yield,dividend_yield,field_split,FALSE_POSITIVE,True
quantum,finnhub,json_manip,regex,1,135,high,high,field_split,FALSE_POSITIVE,True
quantum,finnhub,json_manip,regex,1,135,timestamp,timestamp,field_split,FALSE_POSITIVE,True
quantum,finnhub,json_manip,regex,1,135,percent_change,change,field_split,FALSE_POSITIVE,True
quantum,finnhub,json_manip,regex,1,135,52w_high,high,field_split,FALSE_POSITIVE,True
quantum,finnhub,json_manip,regex,1,135,pe_ratio,pe_ratio,field_split,FALSE_POSITIVE,True
quantum,finnhub,json_manip,regex,1,135,previous_close,previous_close,field_split,FALSE_POSITIVE,True
quantum,finnhub,json_manip,regex,1,323,sector,sector,field_join,FALSE_POSITIVE,True
quantum,finnhub,json_manip,regex,1,323,current_price,current_price,field_join,FALSE_POSITIVE,True
quantum,finnhub,json_manip,regex,1,323,avg_volume,avg_volume,field_join,FALSE_POSITIVE,True
quantum,finnhub,json_manip,regex,1,323,industry,industry,field_join,FALSE_POSITIVE,True
quantum,finnhub,json_manip,regex,1,323,open,open,field_join,FALSE_POSITIVE,True
quantum,finnhub,json_manip,regex,1,323,low,52w_low,field_join,FALSE_POSITIVE,True
quantum,finnhub,json_manip,regex,1,323,change,change,field_join,FALSE_POSITIVE,True
quantum,finnhub,json_manip,regex,1,323,market_cap,market_cap_pe_ratio,field_join,SUCCESS,True
quantum,finnhub,json_manip,regex,1,323,beta,beta,field_join,FALSE_POSITIVE,True
quantum,finnhub,json_manip,regex,1,323,52w_low,52w_low,field_join,FALSE_POSITIVE,True
quantum,finnhub,json_manip,regex,1,323,symbol,symbol,field_join,FALSE_POSITIVE,True
quantum,finnhub,json_manip,regex,1,323,volume,avg_volume,field_join,FALSE_POSITIVE,True
quantum,finnhub,json_manip,regex,1,323,dividend_yield,dividend_yield,field_join,FALSE_POSITIVE,True
quantum,finnhub,json_manip,regex,1,323,high,52w_high,field_join,FALSE_POSITIVE,True
quantum,finnhub,json_manip,regex,1,323,timestamp,timestamp,field_join,FALSE_POSITIVE,True
quantum,finnhub,json_manip,regex,1,323,percent_change,change,field_join,FALSE_POSITIVE,True
quantum,finnhub,json_manip,regex,1,323,52w_high,52w_high,field_join,FALSE_POSITIVE,True
quantum,finnhub,json_manip,regex,1,323,pe_ratio,market_cap_pe_ratio,field_join,SUCCESS,True
quantum,finnhub,json_manip,regex,1,323,previous_close,previous_close,field_join,FALSE_POSITIVE,True
quantum,finnhub,json_manip,regex,1,325,sector,sector,duplicate_field_inject,FALSE_POSITIVE,True
quantum,finnhub,json_manip,regex,1,325,current_price,current_price,duplicate_field_inject,FALSE_POSITIVE,True
quantum,finnhub,json_manip,regex,1,325,avg_volume,avg_volume,duplicate_field_inject,FALSE_POSITIVE,True
quantum,finnhub,json_manip,regex,1,325,industry,industry,duplicate_field_inject,FALSE_POSITIVE,True
quantum,finnhub,json_manip,regex,1,325,open,open,duplicate_field_inject,FALSE_POSITIVE,True
quantum,finnhub,json_manip,regex,1,325,low,low,duplicate_field_inject,FALSE_POSITIVE,True
quantum,finnhub,json_manip,regex,1,325,change,change,duplicate_field_inject,FALSE_POSITIVE,True
quantum,finnhub,json_manip,regex,1,325,market_cap,market_cap,duplicate_field_inject,FALSE_POSITIVE,True
quantum,finnhub,json_manip,regex,1,325,beta,beta,duplicate_field_inject,FALSE_POSITIVE,True
quantum,finnhub,json_manip,regex,1,325,52w_low,low,duplicate_field_inject,FALSE_POSITIVE,True
quantum,finnhub,json_manip,regex,1,325,symbol,symbol,duplicate_field_inject,FALSE_POSITIVE,True
quantum,finnhub,json_manip,regex,1,325,volume,avg_volume,duplicate_field_inject,FALSE_POSITIVE,True
quantum,finnhub,json_manip,regex,1,325,dividend_yield,dividend_yield,duplicate_field_inject,FALSE_POSITIVE,True
quantum,finnhub,json_manip,regex,1,325,high,high,duplicate_field_inject,FALSE_POSITIVE,True
quantum,finnhub,json_manip,regex,1,325,timestamp,timestamp,duplicate_field_inject,FALSE_POSITIVE,True
quantum,finnhub,json_manip,regex,1,325,percent_change,change,duplicate_field_inject,FALSE_POSITIVE,True
quantum,finnhub,json_manip,regex,1,325,52w_high,high,duplicate_field_inject,FALSE_POSITIVE,True
quantum,finnhub,json_manip,regex,1,325,pe_ratio,pe_ratio_copy,duplicate_field_inject,FALSE_POSITIVE,True
quantum,finnhub,json_manip,regex,1,325,previous_close,previous_close,duplicate_field_inject,FALSE_POSITIVE,True
quantum,finnhub,json_manip,regex,1,340,sector,sector,field_join,FALSE_POSITIVE,True
quantum,finnhub,json_manip,regex,1,340,current_price,current_price_low,field_join,SUCCESS,True
quantum,finnhub,json_manip,regex,1,340,avg_volume,avg_volume,field_join,FALSE_POSITIVE,True
quantum,finnhub,json_manip,regex,1,340,industry,industry,field_join,FALSE_POSITIVE,True
quantum,finnhub,json_manip,regex,1,340,open,open,field_join,FALSE_POSITIVE,True
quantum,finnhub,json_manip,regex,1,340,low,52w_low,field_join,SUCCESS,True
quantum,finnhub,json_manip,regex,1,340,change,change,field_join,FALSE_POSITIVE,True
quantum,finnhub,json_manip,regex,1,340,market_cap,market_cap,field_join,FALSE_POSITIVE,True
quantum,finnhub,json_manip,regex,1,340,beta,beta,field_join,FALSE_POSITIVE,True
quantum,finnhub,json_manip,regex,1,340,52w_low,52w_low,field_join,FALSE_POSITIVE,True
quantum,finnhub,json_manip,regex,1,340,symbol,symbol,field_join,FALSE_POSITIVE,True
quantum,finnhub,json_manip,regex,1,340,volume,avg_volume,field_join,FALSE_POSITIVE,True
quantum,finnhub,json_manip,regex,1,340,dividend_yield,dividend_yield,field_join,FALSE_POSITIVE,True
quantum,finnhub,json_manip,regex,1,340,high,52w_high,field_join,FALSE_POSITIVE,True
quantum,finnhub,json_manip,regex,1,340,timestamp,timestamp,field_join,FALSE_POSITIVE,True
quantum,finnhub,json_manip,regex,1,340,percent_change,change,field_join,FALSE_POSITIVE,True
quantum,finnhub,json_manip,regex,1,340,52w_high,52w_high,field_join,FALSE_POSITIVE,True
quantum,finnhub,json_manip,regex,1,340,pe_ratio,pe_ratio,field_join,FALSE_POSITIVE,True
quantum,finnhub,json_manip,regex,1,340,previous_close,previous_close,field_join,FALSE_POSITIVE,True
quantum,finnhub,json_manip,regex,1,389,sector,sector,scalar_to_array,SUCCESS,True
quantum,finnhub,json_manip,regex,1,389,current_price,current_price,scalar_to_array,SUCCESS,True
quantum,finnhub,json_manip,regex,1,389,avg_volume,avg_volume,scalar_to_array,SUCCESS,True
quantum,finnhub,json_manip,regex,1,389,industry,industry,scalar_to_array,SUCCESS,True
quantum,finnhub,json_manip,regex,1,389,open,open,scalar_to_array,SUCCESS,True
quantum,finnhub,json_manip,regex,1,389,low,low,scalar_to_array,SUCCESS,True
quantum,finnhub,json_manip,regex,1,389,change,change,scalar_to_array,SUCCESS,True
quantum,finnhub,json_manip,regex,1,389,market_cap,market_cap,scalar_to_array,SUCCESS,True
quantum,finnhub,json_manip,regex,1,389,beta,beta,scalar_to_array,SUCCESS,True
quantum,finnhub,json_manip,regex,1,389,52w_low,low,scalar_to_array,SUCCESS,True
quantum,finnhub,json_manip,regex,1,389,symbol,symbol,scalar_to_array,SUCCESS,True
quantum,finnhub,json_manip,regex,1,389,volume,avg_volume,scalar_to_array,SUCCESS,True
quantum,finnhub,json_manip,regex,1,389,dividend_yield,dividend_yield,scalar_to_array,SUCCESS,True
quantum,finnhub,json_manip,regex,1,389,high,high,scalar_to_array,SUCCESS,True
quantum,finnhub,json_manip,regex,1,389,timestamp,timestamp,scalar_to_array,SUCCESS,True
quantum,finnhub,json_manip,regex,1,389,percent_change,change,scalar_to_array,SUCCESS,True
quantum,finnhub,json_manip,regex,1,389,52w_high,high,scalar_to_array,SUCCESS,True
quantum,finnhub,json_manip,regex,1,389,pe_ratio,pe_ratio,scalar_to_array,SUCCESS,True
quantum,finnhub,json_manip,regex,1,389,previous_close,previous_close,scalar_to_array,SUCCESS,True
quantum,finnhub,json_manip,regex,1,394,sector,sector,field_merge_value,FALSE_POSITIVE,True
quantum,finnhub,json_manip,regex,1,394,current_price,current_price,field_merge_value,FALSE_POSITIVE,True
quantum,finnhub,json_manip,regex,1,394,avg_volume,avg_volume,field_merge_value,FALSE_POSITIVE,True
quantum,finnhub,json_manip,regex,1,394,industry,industry,field_merge_value,FALSE_POSITIVE,True
quantum,finnhub,json_manip,regex,1,394,open,open,field_merge_value,FALSE_POSITIVE,True
quantum,finnhub,json_manip,regex,1,394,low,52w_low,field_merge_value,FALSE_POSITIVE,True
quantum,finnhub,json_manip,regex,1,394,change,change_percent_change,field_merge_value,SUCCESS,True
quantum,finnhub,json_manip,regex,1,394,market_cap,market_cap,field_merge_value,FALSE_POSITIVE,True
quantum,finnhub,json_manip,regex,1,394,beta,beta,field_merge_value,FALSE_POSITIVE,True
quantum,finnhub,json_manip,regex,1,394,52w_low,52w_low,field_merge_value,FALSE_POSITIVE,True
quantum,finnhub,json_manip,regex,1,394,symbol,symbol,field_merge_value,FALSE_POSITIVE,True
quantum,finnhub,json_manip,regex,1,394,volume,avg_volume,field_merge_value,FALSE_POSITIVE,True
quantum,finnhub,json_manip,regex,1,394,dividend_yield,dividend_yield,field_merge_value,FALSE_POSITIVE,True
quantum,finnhub,json_manip,regex,1,394,high,52w_high,field_merge_value,FALSE_POSITIVE,True
quantum,finnhub,json_manip,regex,1,394,timestamp,timestamp,field_merge_value,FALSE_POSITIVE,True
quantum,finnhub,json_manip,regex,1,394,percent_change,change_percent_change,field_merge_value,SUCCESS,True
quantum,finnhub,json_manip,regex,1,394,52w_high,52w_high,field_merge_value,FALSE_POSITIVE,True
quantum,finnhub,json_manip,regex,1,394,pe_ratio,pe_ratio,field_merge_value,FALSE_POSITIVE,True
quantum,finnhub,json_manip,regex,1,394,previous_close,previous_close,field_merge_value,FALSE_POSITIVE,True
quantum,finnhub,json_manip,regex,1,441,sector,sector,null_injection,SUCCESS,True
quantum,finnhub,json_manip,regex,1,441,current_price,current_price,null_injection,SUCCESS,True
quantum,finnhub,json_manip,regex,1,441,avg_volume,avg_volume,null_injection,SUCCESS,True
quantum,finnhub,json_manip,regex,1,441,industry,industry,null_injection,SUCCESS,True
quantum,finnhub,json_manip,regex,1,441,open,open,null_injection,SUCCESS,True
quantum,finnhub,json_manip,regex,1,441,low,low,null_injection,SUCCESS,True
quantum,finnhub,json_manip,regex,1,441,change,change,null_injection,SUCCESS,True
quantum,finnhub,json_manip,regex,1,441,market_cap,market_cap,null_injection,SUCCESS,True
quantum,finnhub,json_manip,regex,1,441,beta,beta,null_injection,SUCCESS,True
quantum,finnhub,json_manip,regex,1,441,52w_low,low,null_injection,SUCCESS,True
quantum,finnhub,json_manip,regex,1,441,symbol,symbol,null_injection,SUCCESS,True
quantum,finnhub,json_manip,regex,1,441,volume,avg_volume,null_injection,SUCCESS,True
quantum,finnhub,json_manip,regex,1,441,dividend_yield,dividend_yield,null_injection,SUCCESS,True
quantum,finnhub,json_manip,regex,1,441,high,high,null_injection,SUCCESS,True
quantum,finnhub,json_manip,regex,1,441,timestamp,timestamp,null_injection,SUCCESS,True
quantum,finnhub,json_manip,regex,1,441,percent_change,change,null_injection,SUCCESS,True
quantum,finnhub,json_manip,regex,1,441,52w_high,high,null_injection,SUCCESS,True
quantum,finnhub,json_manip,regex,1,441,pe_ratio,pe_ratio,null_injection,SUCCESS,True
quantum,finnhub,json_manip,regex,1,441,previous_close,previous_close,null_injection,SUCCESS,True
quantum,finnhub,json_manip,regex,1,450,sector,sector,variable_drop,FALSE_POSITIVE,True
quantum,finnhub,json_manip,regex,1,450,current_price,current_price,variable_drop,FALSE_POSITIVE,True
quantum,finnhub,json_manip,regex,1,450,avg_volume,avg_volume,variable_drop,FALSE_POSITIVE,True
quantum,finnhub,json_manip,regex,1,450,industry,industry,variable_drop,FALSE_POSITIVE,True
quantum,finnhub,json_manip,regex,1,450,open,open,variable_drop,FALSE_POSITIVE,True
quantum,finnhub,json_manip,regex,1,450,low,52w_low,variable_drop,FALSE_POSITIVE,True
quantum,finnhub,json_manip,regex,1,450,change,change,variable_drop,FALSE_POSITIVE,True
quantum,finnhub,json_manip,regex,1,450,market_cap,market_cap,variable_drop,FALSE_POSITIVE,True
quantum,finnhub,json_manip,regex,1,450,beta,beta,variable_drop,FALSE_POSITIVE,True
quantum,finnhub,json_manip,regex,1,450,52w_low,52w_low,variable_drop,FALSE_POSITIVE,True
quantum,finnhub,json_manip,regex,1,450,symbol,symbol,variable_drop,FALSE_POSITIVE,True
quantum,finnhub,json_manip,regex,1,450,volume,avg_volume,variable_drop,FALSE_POSITIVE,True
quantum,finnhub,json_manip,regex,1,450,high,52w_high,variable_drop,FALSE_POSITIVE,True
quantum,finnhub,json_manip,regex,1,450,timestamp,timestamp,variable_drop,FALSE_POSITIVE,True
quantum,finnhub,json_manip,regex,1,450,percent_change,change,variable_drop,FALSE_POSITIVE,True
quantum,finnhub,json_manip,regex,1,450,52w_high,52w_high,variable_drop,FALSE_POSITIVE,True
quantum,finnhub,json_manip,regex,1,450,pe_ratio,pe_ratio,variable_drop,FALSE_POSITIVE,True
quantum,finnhub,json_manip,regex,1,450,previous_close,previous_close,variable_drop,FALSE_POSITIVE,True
quantum,finnhub,json_manip,regex,1,450,dividend_yield,,variable_drop,FAILURE,True
quantum,finnhub,json_manip,bert,1,473,symbol,symbol,outlier_injection,SUCCESS,True
quantum,finnhub,json_manip,bert,1,473,current_price,current_price,outlier_injection,SUCCESS,True
quantum,finnhub,json_manip,bert,1,473,change,change,outlier_injection,SUCCESS,True
quantum,finnhub,json_manip,bert,1,473,percent_change,percent_change,outlier_injection,SUCCESS,True
quantum,finnhub,json_manip,bert,1,473,high,high,outlier_injection,SUCCESS,True
quantum,finnhub,json_manip,bert,1,473,low,low,outlier_injection,SUCCESS,True
quantum,finnhub,json_manip,bert,1,473,open,open,outlier_injection,SUCCESS,True
quantum,finnhub,json_manip,bert,1,473,previous_close,previous_close,outlier_injection,SUCCESS,True
quantum,finnhub,json_manip,bert,1,473,timestamp,timestamp,outlier_injection,SUCCESS,True
quantum,finnhub,json_manip,bert,1,473,market_cap,market_cap,outlier_injection,SUCCESS,True
quantum,finnhub,json_manip,bert,1,473,volume,volume,outlier_injection,SUCCESS,True
quantum,finnhub,json_manip,bert,1,473,avg_volume,avg_volume,outlier_injection,SUCCESS,True
quantum,finnhub,json_manip,bert,1,473,pe_ratio,pe_ratio,outlier_injection,SUCCESS,True
quantum,finnhub,json_manip,bert,1,473,dividend_yield,dividend_yield,outlier_injection,SUCCESS,True
quantum,finnhub,json_manip,bert,1,473,beta,beta,outlier_injection,SUCCESS,True
quantum,finnhub,json_manip,bert,1,473,52w_high,52w_high,outlier_injection,SUCCESS,True
quantum,finnhub,json_manip,bert,1,473,52w_low,52w_low,outlier_injection,SUCCESS,True
quantum,finnhub,json_manip,bert,1,473,sector,sector,outlier_injection,SUCCESS,True
quantum,finnhub,json_manip,bert,1,473,industry,industry,outlier_injection,SUCCESS,True
quantum,finnhub,json_manip,regex,1,483,sector,sector,null_injection,SUCCESS,True
quantum,finnhub,json_manip,regex,1,483,current_price,current_price,null_injection,SUCCESS,True
quantum,finnhub,json_manip,regex,1,483,avg_volume,avg_volume,null_injection,SUCCESS,True
quantum,finnhub,json_manip,regex,1,483,industry,industry,null_injection,SUCCESS,True
quantum,finnhub,json_manip,regex,1,483,open,open,null_injection,SUCCESS,True
quantum,finnhub,json_manip,regex,1,483,low,low,null_injection,SUCCESS,True
quantum,finnhub,json_manip,regex,1,483,change,change,null_injection,SUCCESS,True
quantum,finnhub,json_manip,regex,1,483,market_cap,market_cap,null_injection,SUCCESS,True
quantum,finnhub,json_manip,regex,1,483,beta,beta,null_injection,SUCCESS,True
quantum,finnhub,json_manip,regex,1,483,52w_low,low,null_injection,SUCCESS,True
quantum,finnhub,json_manip,regex,1,483,symbol,symbol,null_injection,SUCCESS,True
quantum,finnhub,json_manip,regex,1,483,volume,avg_volume,null_injection,SUCCESS,True
quantum,finnhub,json_manip,regex,1,483,dividend_yield,dividend_yield,null_injection,SUCCESS,True
quantum,finnhub,json_manip,regex,1,483,high,high,null_injection,SUCCESS,True
quantum,finnhub,json_manip,regex,1,483,timestamp,timestamp,null_injection,SUCCESS,True
quantum,finnhub,json_manip,regex,1,483,percent_change,change,null_injection,SUCCESS,True
quantum,finnhub,json_manip,regex,1,483,52w_high,high,null_injection,SUCCESS,True
quantum,finnhub,json_manip,regex,1,483,pe_ratio,pe_ratio,null_injection,SUCCESS,True
quantum,finnhub,json_manip,regex,1,483,previous_close,previous_close,null_injection,SUCCESS,True
quantum,finnhub,schema_alter,regex,1,156,sector,sector,nesting_deepen,FALSE_POSITIVE,True
quantum,finnhub,schema_alter,regex,1,156,avg_volume,avg_volume,nesting_deepen,FALSE_POSITIVE,True
quantum,finnhub,schema_alter,regex,1,156,industry,industry,nesting_deepen,FALSE_POSITIVE,True
quantum,finnhub,schema_alter,regex,1,156,open,open,nesting_deepen,FALSE_POSITIVE,True
quantum,finnhub,schema_alter,regex,1,156,low,52w_low,nesting_deepen,FALSE_POSITIVE,True
quantum,finnhub,schema_alter,regex,1,156,change,change,nesting_deepen,FALSE_POSITIVE,True
quantum,finnhub,schema_alter,regex,1,156,market_cap,market_cap,nesting_deepen,FALSE_POSITIVE,True
quantum,finnhub,schema_alter,regex,1,156,beta,beta,nesting_deepen,FALSE_POSITIVE,True
quantum,finnhub,schema_alter,regex,1,156,52w_low,52w_low,nesting_deepen,FALSE_POSITIVE,True
quantum,finnhub,schema_alter,regex,1,156,volume,avg_volume,nesting_deepen,FALSE_POSITIVE,True
quantum,finnhub,schema_alter,regex,1,156,dividend_yield,dividend_yield,nesting_deepen,FALSE_POSITIVE,True
quantum,finnhub,schema_alter,regex,1,156,high,52w_high,nesting_deepen,FALSE_POSITIVE,True
quantum,finnhub,schema_alter,regex,1,156,timestamp,timestamp,nesting_deepen,FALSE_POSITIVE,True
quantum,finnhub,schema_alter,regex,1,156,percent_change,change,nesting_deepen,FALSE_POSITIVE,True
quantum,finnhub,schema_alter,regex,1,156,52w_high,52w_high,nesting_deepen,FALSE_POSITIVE,True
quantum,finnhub,schema_alter,regex,1,156,pe_ratio,pe_ratio,nesting_deepen,FALSE_POSITIVE,True
quantum,finnhub,schema_alter,regex,1,156,previous_close,previous_close,nesting_deepen,FALSE_POSITIVE,True
quantum,finnhub,schema_alter,regex,1,156,current_price,,nesting_deepen,FAILURE,True
quantum,finnhub,schema_alter,regex,1,156,symbol,,nesting_deepen,FAILURE,True
quantum,finnhub,schema_alter,regex,1,162,sector,sector,precision_loss,SUCCESS,True
quantum,finnhub,schema_alter,regex,1,162,current_price,current_price,precision_loss,SUCCESS,True
quantum,finnhub,schema_alter,regex,1,162,avg_volume,avg_volume,precision_loss,SUCCESS,True
quantum,finnhub,schema_alter,regex,1,162,industry,industry,precision_loss,SUCCESS,True
quantum,finnhub,schema_alter,regex,1,162,open,open,precision_loss,SUCCESS,True
quantum,finnhub,schema_alter,regex,1,162,low,low,precision_loss,SUCCESS,True
quantum,finnhub,schema_alter,regex,1,162,change,change,precision_loss,SUCCESS,True
quantum,finnhub,schema_alter,regex,1,162,market_cap,market_cap,precision_loss,SUCCESS,True
quantum,finnhub,schema_alter,regex,1,162,beta,beta,precision_loss,SUCCESS,True
quantum,finnhub,schema_alter,regex,1,162,52w_low,low,precision_loss,SUCCESS,True
quantum,finnhub,schema_alter,regex,1,162,symbol,symbol,precision_loss,SUCCESS,True
quantum,finnhub,schema_alter,regex,1,162,volume,avg_volume,precision_loss,SUCCESS,True
quantum,finnhub,schema_alter,regex,1,162,dividend_yield,dividend_yield,precision_loss,SUCCESS,True
quantum,finnhub,schema_alter,regex,1,162,high,high,precision_loss,SUCCESS,True
quantum,finnhub,schema_alter,regex,1,162,timestamp,timestamp,precision_loss,SUCCESS,True
quantum,finnhub,schema_alter,regex,1,162,percent_change,change,precision_loss,SUCCESS,True
quantum,finnhub,schema_alter,regex,1,162,52w_high,high,precision_loss,SUCCESS,True
quantum,finnhub,schema_alter,regex,1,162,pe_ratio,pe_ratio,precision_loss,SUCCESS,True
quantum,finnhub,schema_alter,regex,1,162,previous_close,previous_close,precision_loss,SUCCESS,True
quantum,finnhub,schema_alter,bert,1,274,symbol,symbol,type_change,SUCCESS,True
quantum,finnhub,schema_alter,bert,1,274,current_price,current_price,type_change,SUCCESS,True
quantum,finnhub,schema_alter,bert,1,274,change,change,type_change,SUCCESS,True
quantum,finnhub,schema_alter,bert,1,274,percent_change,percent_change,type_change,SUCCESS,True
quantum,finnhub,schema_alter,bert,1,274,high,high,type_change,SUCCESS,True
quantum,finnhub,schema_alter,bert,1,274,low,low,type_change,SUCCESS,True
quantum,finnhub,schema_alter,bert,1,274,open,open,type_change,SUCCESS,True
quantum,finnhub,schema_alter,bert,1,274,previous_close,previous_close,type_change,SUCCESS,True
quantum,finnhub,schema_alter,bert,1,274,timestamp,timestamp,type_change,SUCCESS,True
quantum,finnhub,schema_alter,bert,1,274,market_cap,market_cap,type_change,SUCCESS,True
quantum,finnhub,schema_alter,bert,1,274,volume,volume,type_change,SUCCESS,True
quantum,finnhub,schema_alter,bert,1,274,avg_volume,avg_volume,type_change,SUCCESS,True
quantum,finnhub,schema_alter,bert,1,274,pe_ratio,pe_ratio,type_change,SUCCESS,True
quantum,finnhub,schema_alter,bert,1,274,dividend_yield,dividend_yield,type_change,SUCCESS,True
quantum,finnhub,schema_alter,bert,1,274,beta,beta,type_change,SUCCESS,True
quantum,finnhub,schema_alter,bert,1,274,52w_high,52w_high,type_change,SUCCESS,True
quantum,finnhub,schema_alter,bert,1,274,52w_low,52w_low,type_change,SUCCESS,True
quantum,finnhub,schema_alter,bert,1,274,sector,sector,type_change,SUCCESS,True
quantum,finnhub,schema_alter,bert,1,274,industry,industry,type_change,SUCCESS,True
quantum,finnhub,schema_alter,regex,1,363,sector,sector,precision_loss,SUCCESS,True
quantum,finnhub,schema_alter,regex,1,363,current_price,current_price,precision_loss,SUCCESS,True
quantum,finnhub,schema_alter,regex,1,363,avg_volume,avg_volume,precision_loss,SUCCESS,True
quantum,finnhub,schema_alter,regex,1,363,industry,industry,precision_loss,SUCCESS,True
quantum,finnhub,schema_alter,regex,1,363,open,open,precision_loss,SUCCESS,True
quantum,finnhub,schema_alter,regex,1,363,low,low,precision_loss,SUCCESS,True
quantum,finnhub,schema_alter,regex,1,363,change,change,precision_loss,SUCCESS,True
quantum,finnhub,schema_alter,regex,1,363,market_cap,market_cap,precision_loss,SUCCESS,True
quantum,finnhub,schema_alter,regex,1,363,beta,beta,precision_loss,SUCCESS,True
quantum,finnhub,schema_alter,regex,1,363,52w_low,low,precision_loss,SUCCESS,True
quantum,finnhub,schema_alter,regex,1,363,symbol,symbol,precision_loss,SUCCESS,True
quantum,finnhub,schema_alter,regex,1,363,volume,avg_volume,precision_loss,SUCCESS,True
quantum,finnhub,schema_alter,regex,1,363,dividend_yield,dividend_yield,precision_loss,SUCCESS,True
quantum,finnhub,schema_alter,regex,1,363,high,high,precision_loss,SUCCESS,True
quantum,finnhub,schema_alter,regex,1,363,timestamp,timestamp,precision_loss,SUCCESS,True
quantum,finnhub,schema_alter,regex,1,363,percent_change,change,precision_loss,SUCCESS,True
quantum,finnhub,schema_alter,regex,1,363,52w_high,high,precision_loss,SUCCESS,True
quantum,finnhub,schema_alter,regex,1,363,pe_ratio,pe_ratio,precision_loss,SUCCESS,True
quantum,finnhub,schema_alter,regex,1,363,previous_close,previous_close,precision_loss,SUCCESS,True
quantum,finnhub,schema_alter,regex,1,383,sector,sector,translation,FALSE_POSITIVE,True
quantum,finnhub,schema_alter,regex,1,383,current_price,current_price,translation,FALSE_POSITIVE,True
quantum,finnhub,schema_alter,regex,1,383,avg_volume,avg_volume,translation,FALSE_POSITIVE,True
quantum,finnhub,schema_alter,regex,1,383,industry,industry,translation,FALSE_POSITIVE,True
quantum,finnhub,schema_alter,regex,1,383,open,open,translation,FALSE_POSITIVE,True
quantum,finnhub,schema_alter,regex,1,383,low,low,translation,FALSE_POSITIVE,True
quantum,finnhub,schema_alter,regex,1,383,change,change,translation,FALSE_POSITIVE,True
quantum,finnhub,schema_alter,regex,1,383,market_cap,market_cap,translation,FALSE_POSITIVE,True
quantum,finnhub,schema_alter,regex,1,383,beta,beta,translation,FALSE_POSITIVE,True
quantum,finnhub,schema_alter,regex,1,383,52w_low,low,translation,FALSE_POSITIVE,True
quantum,finnhub,schema_alter,regex,1,383,symbol,symbol,translation,FALSE_POSITIVE,True
quantum,finnhub,schema_alter,regex,1,383,volume,avg_volume,translation,FALSE_POSITIVE,True
quantum,finnhub,schema_alter,regex,1,383,dividend_yield,dividend_yield,translation,FALSE_POSITIVE,True
quantum,finnhub,schema_alter,regex,1,383,high,high,translation,FALSE_POSITIVE,True
quantum,finnhub,schema_alter,regex,1,383,timestamp,ts,translation,SUCCESS,True
quantum,finnhub,schema_alter,regex,1,383,percent_change,change,translation,FALSE_POSITIVE,True
quantum,finnhub,schema_alter,regex,1,383,52w_high,high,translation,FALSE_POSITIVE,True
quantum,finnhub,schema_alter,regex,1,383,pe_ratio,pe_ratio,translation,FALSE_POSITIVE,True
quantum,finnhub,schema_alter,regex,1,383,previous_close,previous_close,translation,FALSE_POSITIVE,True
quantum,finnhub,schema_alter,regex,1,419,sector,sector,precision_loss,SUCCESS,True
quantum,finnhub,schema_alter,regex,1,419,current_price,current_price,precision_loss,SUCCESS,True
quantum,finnhub,schema_alter,regex,1,419,avg_volume,avg_volume,precision_loss,SUCCESS,True
quantum,finnhub,schema_alter,regex,1,419,industry,industry,precision_loss,SUCCESS,True
quantum,finnhub,schema_alter,regex,1,419,open,open,precision_loss,SUCCESS,True
quantum,finnhub,schema_alter,regex,1,419,low,low,precision_loss,SUCCESS,True
quantum,finnhub,schema_alter,regex,1,419,change,change,precision_loss,SUCCESS,True
quantum,finnhub,schema_alter,regex,1,419,market_cap,market_cap,precision_loss,SUCCESS,True
quantum,finnhub,schema_alter,regex,1,419,beta,beta,precision_loss,SUCCESS,True
quantum,finnhub,schema_alter,regex,1,419,52w_low,low,precision_loss,SUCCESS,True
quantum,finnhub,schema_alter,regex,1,419,symbol,symbol,precision_loss,SUCCESS,True
quantum,finnhub,schema_alter,regex,1,419,volume,avg_volume,precision_loss,SUCCESS,True
quantum,finnhub,schema_alter,regex,1,419,dividend_yield,dividend_yield,precision_loss,SUCCESS,True
quantum,finnhub,schema_alter,regex,1,419,high,high,precision_loss,SUCCESS,True
quantum,finnhub,schema_alter,regex,1,419,timestamp,timestamp,precision_loss,SUCCESS,True
quantum,finnhub,schema_alter,regex,1,419,percent_change,change,precision_loss,SUCCESS,True
quantum,finnhub,schema_alter,regex,1,419,52w_high,high,precision_loss,SUCCESS,True
quantum,finnhub,schema_alter,regex,1,419,pe_ratio,pe_ratio,precision_loss,SUCCESS,True
quantum,finnhub,schema_alter,regex,1,419,previous_close,previous_close,precision_loss,SUCCESS,True
quantum,finnhub,schema_alter,regex,1,451,sector,sector,type_change,SUCCESS,True
quantum,finnhub,schema_alter,regex,1,451,current_price,current_price,type_change,SUCCESS,True
quantum,finnhub,schema_alter,regex,1,451,avg_volume,avg_volume,type_change,SUCCESS,True
quantum,finnhub,schema_alter,regex,1,451,industry,industry,type_change,SUCCESS,True
quantum,finnhub,schema_alter,regex,1,451,open,open,type_change,SUCCESS,True
quantum,finnhub,schema_alter,regex,1,451,low,low,type_change,SUCCESS,True
quantum,finnhub,schema_alter,regex,1,451,change,change,type_change,SUCCESS,True
quantum,finnhub,schema_alter,regex,1,451,market_cap,market_cap,type_change,SUCCESS,True
quantum,finnhub,schema_alter,regex,1,451,beta,beta,type_change,SUCCESS,True
quantum,finnhub,schema_alter,regex,1,451,52w_low,low,type_change,SUCCESS,True
quantum,finnhub,schema_alter,regex,1,451,symbol,symbol,type_change,SUCCESS,True
quantum,finnhub,schema_alter,regex,1,451,volume,avg_volume,type_change,SUCCESS,True
quantum,finnhub,schema_alter,regex,1,451,dividend_yield,dividend_yield,type_change,SUCCESS,True
quantum,finnhub,schema_alter,regex,1,451,high,high,type_change,SUCCESS,True
quantum,finnhub,schema_alter,regex,1,451,timestamp,timestamp,type_change,SUCCESS,True
quantum,finnhub,schema_alter,regex,1,451,percent_change,change,type_change,SUCCESS,True
quantum,finnhub,schema_alter,regex,1,451,52w_high,high,type_change,SUCCESS,True
quantum,finnhub,schema_alter,regex,1,451,pe_ratio,pe_ratio,type_change,SUCCESS,True
quantum,finnhub,schema_alter,regex,1,451,previous_close,previous_close,type_change,SUCCESS,True
quantum,finnhub,schema_alter,bert,1,457,symbol,SYMBOL,key_case_change,SUCCESS,True
quantum,finnhub,schema_alter,bert,1,457,current_price,CURRENT_PRICE,key_case_change,SUCCESS,True
quantum,finnhub,schema_alter,bert,1,457,change,CHANGE,key_case_change,SUCCESS,True
quantum,finnhub,schema_alter,bert,1,457,percent_change,PERCENT_CHANGE,key_case_change,SUCCESS,True
quantum,finnhub,schema_alter,bert,1,457,high,HIGH,key_case_change,SUCCESS,True
quantum,finnhub,schema_alter,bert,1,457,low,LOW,key_case_change,SUCCESS,True
quantum,finnhub,schema_alter,bert,1,457,open,OPEN,key_case_change,SUCCESS,True
quantum,finnhub,schema_alter,bert,1,457,previous_close,PREVIOUS_CLOSE,key_case_change,SUCCESS,True
quantum,finnhub,schema_alter,bert,1,457,timestamp,TIMESTAMP,key_case_change,SUCCESS,True
quantum,finnhub,schema_alter,bert,1,457,market_cap,MARKET_CAP,key_case_change,SUCCESS,True
quantum,finnhub,schema_alter,bert,1,457,volume,VOLUME,key_case_change,SUCCESS,True
quantum,finnhub,schema_alter,bert,1,457,avg_volume,AVG_VOLUME,key_case_change,SUCCESS,True
quantum,finnhub,schema_alter,bert,1,457,pe_ratio,PE_RATIO,key_case_change,SUCCESS,True
quantum,finnhub,schema_alter,bert,1,457,dividend_yield,DIVIDEND_YIELD,key_case_change,SUCCESS,True
quantum,finnhub,schema_alter,bert,1,457,beta,BETA,key_case_change,SUCCESS,True
quantum,finnhub,schema_alter,bert,1,457,52w_high,52W_HIGH,key_case_change,SUCCESS,True
quantum,finnhub,schema_alter,bert,1,457,52w_low,52W_LOW,key_case_change,SUCCESS,True
quantum,finnhub,schema_alter,bert,1,457,sector,SECTOR,key_case_change,SUCCESS,True
quantum,finnhub,schema_alter,bert,1,457,industry,INDUSTRY,key_case_change,SUCCESS,True
quantum,finnhub,schema_alter,bert,1,465,symbol,SYMBOL,key_case_change,SUCCESS,True
quantum,finnhub,schema_alter,bert,1,465,current_price,CURRENT_PRICE,key_case_change,SUCCESS,True
quantum,finnhub,schema_alter,bert,1,465,change,CHANGE,key_case_change,SUCCESS,True
quantum,finnhub,schema_alter,bert,1,465,percent_change,PERCENT_CHANGE,key_case_change,SUCCESS,True
quantum,finnhub,schema_alter,bert,1,465,high,HIGH,key_case_change,SUCCESS,True
quantum,finnhub,schema_alter,bert,1,465,low,LOW,key_case_change,SUCCESS,True
quantum,finnhub,schema_alter,bert,1,465,open,OPEN,key_case_change,SUCCESS,True
quantum,finnhub,schema_alter,bert,1,465,previous_close,PREVIOUS_CLOSE,key_case_change,SUCCESS,True
quantum,finnhub,schema_alter,bert,1,465,timestamp,TIMESTAMP,key_case_change,SUCCESS,True
quantum,finnhub,schema_alter,bert,1,465,market_cap,MARKET_CAP,key_case_change,SUCCESS,True
quantum,finnhub,schema_alter,bert,1,465,volume,VOLUME,key_case_change,SUCCESS,True
quantum,finnhub,schema_alter,bert,1,465,avg_volume,AVG_VOLUME,key_case_change,SUCCESS,True
quantum,finnhub,schema_alter,bert,1,465,pe_ratio,PE_RATIO,key_case_change,SUCCESS,True
quantum,finnhub,schema_alter,bert,1,465,dividend_yield,DIVIDEND_YIELD,key_case_change,SUCCESS,True
quantum,finnhub,schema_alter,bert,1,465,beta,BETA,key_case_change,SUCCESS,True
quantum,finnhub,schema_alter,bert,1,465,52w_high,52W_HIGH,key_case_change,SUCCESS,True
quantum,finnhub,schema_alter,bert,1,465,52w_low,52W_LOW,key_case_change,SUCCESS,True
quantum,finnhub,schema_alter,bert,1,465,sector,SECTOR,key_case_change,SUCCESS,True
quantum,finnhub,schema_alter,bert,1,465,industry,INDUSTRY,key_case_change,SUCCESS,True
quantum,openf1,schema_alter,bert,1,6,team,team,nesting_deepen,FALSE_POSITIVE,True
quantum,openf1,schema_alter,bert,1,6,team_color,team_color,nesting_deepen,FALSE_POSITIVE,True
quantum,openf1,schema_alter,bert,1,6,position,position,nesting_deepen,FALSE_POSITIVE,True
quantum,openf1,schema_alter,bert,1,6,lap_number,lap_number,nesting_deepen,FALSE_POSITIVE,True
quantum,openf1,schema_alter,bert,1,6,lap_time_ms,lap_time_ms,nesting_deepen,FALSE_POSITIVE,True
quantum,openf1,schema_alter,bert,1,6,pit_stop_count,pit_stop_count,nesting_deepen,FALSE_POSITIVE,True
quantum,openf1,schema_alter,bert,1,6,tire_compound,tire_compound,nesting_deepen,FALSE_POSITIVE,True
quantum,openf1,schema_alter,bert,1,6,tire_age_laps,tire_age_laps,nesting_deepen,FALSE_POSITIVE,True
quantum,openf1,schema_alter,bert,1,6,speed_kmh,speed_kmh,nesting_deepen,FALSE_POSITIVE,True
quantum,openf1,schema_alter,bert,1,6,throttle,throttle,nesting_deepen,FALSE_POSITIVE,True
quantum,openf1,schema_alter,bert,1,6,brake,brake,nesting_deepen,FALSE_POSITIVE,True
quantum,openf1,schema_alter,bert,1,6,n_gear,n_gear,nesting_deepen,FALSE_POSITIVE,True
quantum,openf1,schema_alter,bert,1,6,rpm,rpm,nesting_deepen,FALSE_POSITIVE,True
quantum,openf1,schema_alter,bert,1,6,drs,drs,nesting_deepen,FALSE_POSITIVE,True
quantum,openf1,schema_alter,bert,1,6,ers_deployment_kj,ers_deployment_kj,nesting_deepen,FALSE_POSITIVE,True
quantum,openf1,schema_alter,bert,1,6,fuel_remaining_kg,fuel_remaining_kg,nesting_deepen,FALSE_POSITIVE,True
quantum,openf1,schema_alter,bert,1,6,session_time,session_time,nesting_deepen,FALSE_POSITIVE,True
quantum,openf1,schema_alter,bert,1,6,driver,,nesting_deepen,FAILURE,True
quantum,openf1,schema_alter,bert,1,6,driver_number,,nesting_deepen,FAILURE,True
quantum,openf1,schema_alter,bert,1,36,team,team,nesting_deepen,FALSE_POSITIVE,True
quantum,openf1,schema_alter,bert,1,36,team_color,team_color,nesting_deepen,FALSE_POSITIVE,True
quantum,openf1,schema_alter,bert,1,36,position,position,nesting_deepen,FALSE_POSITIVE,True
quantum,openf1,schema_alter,bert,1,36,lap_number,lap_number,nesting_deepen,FALSE_POSITIVE,True
quantum,openf1,schema_alter,bert,1,36,lap_time_ms,lap_time_ms,nesting_deepen,FALSE_POSITIVE,True
quantum,openf1,schema_alter,bert,1,36,pit_stop_count,pit_stop_count,nesting_deepen,FALSE_POSITIVE,True
quantum,openf1,schema_alter,bert,1,36,tire_compound,tire_compound,nesting_deepen,FALSE_POSITIVE,True
quantum,openf1,schema_alter,bert,1,36,tire_age_laps,tire_age_laps,nesting_deepen,FALSE_POSITIVE,True
quantum,openf1,schema_alter,bert,1,36,speed_kmh,speed_kmh,nesting_deepen,FALSE_POSITIVE,True
quantum,openf1,schema_alter,bert,1,36,throttle,throttle,nesting_deepen,FALSE_POSITIVE,True
quantum,openf1,schema_alter,bert,1,36,brake,brake,nesting_deepen,FALSE_POSITIVE,True
quantum,openf1,schema_alter,bert,1,36,n_gear,n_gear,nesting_deepen,FALSE_POSITIVE,True
quantum,openf1,schema_alter,bert,1,36,rpm,rpm,nesting_deepen,FALSE_POSITIVE,True
quantum,openf1,schema_alter,bert,1,36,drs,drs,nesting_deepen,FALSE_POSITIVE,True
quantum,openf1,schema_alter,bert,1,36,ers_deployment_kj,ers_deployment_kj,nesting_deepen,FALSE_POSITIVE,True
quantum,openf1,schema_alter,bert,1,36,fuel_remaining_kg,fuel_remaining_kg,nesting_deepen,FALSE_POSITIVE,True
quantum,openf1,schema_alter,bert,1,36,session_time,session_time,nesting_deepen,FALSE_POSITIVE,True
quantum,openf1,schema_alter,bert,1,36,driver,,nesting_deepen,FAILURE,True
quantum,openf1,schema_alter,bert,1,36,driver_number,,nesting_deepen,FAILURE,True
quantum,openf1,schema_alter,bert,1,111,driver,driver,type_change,SUCCESS,True
quantum,openf1,schema_alter,bert,1,111,driver_number,driver_number,type_change,SUCCESS,True
quantum,openf1,schema_alter,bert,1,111,team,team,type_change,SUCCESS,True
quantum,openf1,schema_alter,bert,1,111,team_color,team_color,type_change,SUCCESS,True
quantum,openf1,schema_alter,bert,1,111,position,position,type_change,SUCCESS,True
quantum,openf1,schema_alter,bert,1,111,lap_number,lap_number,type_change,SUCCESS,True
quantum,openf1,schema_alter,bert,1,111,lap_time_ms,lap_time_ms,type_change,SUCCESS,True
quantum,openf1,schema_alter,bert,1,111,pit_stop_count,pit_stop_count,type_change,SUCCESS,True
quantum,openf1,schema_alter,bert,1,111,tire_compound,tire_compound,type_change,SUCCESS,True
quantum,openf1,schema_alter,bert,1,111,tire_age_laps,tire_age_laps,type_change,SUCCESS,True
quantum,openf1,schema_alter,bert,1,111,speed_kmh,speed_kmh,type_change,SUCCESS,True
quantum,openf1,schema_alter,bert,1,111,throttle,throttle,type_change,SUCCESS,True
quantum,openf1,schema_alter,bert,1,111,brake,brake,type_change,SUCCESS,True
quantum,openf1,schema_alter,bert,1,111,n_gear,n_gear,type_change,SUCCESS,True
quantum,openf1,schema_alter,bert,1,111,rpm,rpm,type_change,SUCCESS,True
quantum,openf1,schema_alter,bert,1,111,drs,drs,type_change,SUCCESS,True
quantum,openf1,schema_alter,bert,1,111,ers_deployment_kj,ers_deployment_kj,type_change,SUCCESS,True
quantum,openf1,schema_alter,bert,1,111,fuel_remaining_kg,fuel_remaining_kg,type_change,SUCCESS,True
quantum,openf1,schema_alter,bert,1,111,session_time,session_time,type_change,SUCCESS,True
quantum,openf1,schema_alter,bert,1,189,team,team,nesting_deepen,FALSE_POSITIVE,True
quantum,openf1,schema_alter,bert,1,189,team_color,team_color,nesting_deepen,FALSE_POSITIVE,True
quantum,openf1,schema_alter,bert,1,189,position,position,nesting_deepen,FALSE_POSITIVE,True
quantum,openf1,schema_alter,bert,1,189,lap_number,lap_number,nesting_deepen,FALSE_POSITIVE,True
quantum,openf1,schema_alter,bert,1,189,lap_time_ms,lap_time_ms,nesting_deepen,FALSE_POSITIVE,True
quantum,openf1,schema_alter,bert,1,189,pit_stop_count,pit_stop_count,nesting_deepen,FALSE_POSITIVE,True
quantum,openf1,schema_alter,bert,1,189,tire_compound,tire_compound,nesting_deepen,FALSE_POSITIVE,True
quantum,openf1,schema_alter,bert,1,189,tire_age_laps,tire_age_laps,nesting_deepen,FALSE_POSITIVE,True
quantum,openf1,schema_alter,bert,1,189,speed_kmh,speed_kmh,nesting_deepen,FALSE_POSITIVE,True
quantum,openf1,schema_alter,bert,1,189,throttle,throttle,nesting_deepen,FALSE_POSITIVE,True
quantum,openf1,schema_alter,bert,1,189,brake,brake,nesting_deepen,FALSE_POSITIVE,True
quantum,openf1,schema_alter,bert,1,189,n_gear,n_gear,nesting_deepen,FALSE_POSITIVE,True
quantum,openf1,schema_alter,bert,1,189,rpm,rpm,nesting_deepen,FALSE_POSITIVE,True
quantum,openf1,schema_alter,bert,1,189,drs,drs,nesting_deepen,FALSE_POSITIVE,True
quantum,openf1,schema_alter,bert,1,189,ers_deployment_kj,ers_deployment_kj,nesting_deepen,FALSE_POSITIVE,True
quantum,openf1,schema_alter,bert,1,189,fuel_remaining_kg,fuel_remaining_kg,nesting_deepen,FALSE_POSITIVE,True
quantum,openf1,schema_alter,bert,1,189,session_time,session_time,nesting_deepen,FALSE_POSITIVE,True
quantum,openf1,schema_alter,bert,1,189,driver,,nesting_deepen,FAILURE,True
quantum,openf1,schema_alter,bert,1,189,driver_number,,nesting_deepen,FAILURE,True
quantum,openf1,schema_alter,bert,1,203,team,team,nesting_deepen,FALSE_POSITIVE,True
quantum,openf1,schema_alter,bert,1,203,team_color,team_color,nesting_deepen,FALSE_POSITIVE,True
quantum,openf1,schema_alter,bert,1,203,position,position,nesting_deepen,FALSE_POSITIVE,True
quantum,openf1,schema_alter,bert,1,203,lap_number,lap_number,nesting_deepen,FALSE_POSITIVE,True
quantum,openf1,schema_alter,bert,1,203,lap_time_ms,lap_time_ms,nesting_deepen,FALSE_POSITIVE,True
quantum,openf1,schema_alter,bert,1,203,pit_stop_count,pit_stop_count,nesting_deepen,FALSE_POSITIVE,True
quantum,openf1,schema_alter,bert,1,203,tire_compound,tire_compound,nesting_deepen,FALSE_POSITIVE,True
quantum,openf1,schema_alter,bert,1,203,tire_age_laps,tire_age_laps,nesting_deepen,FALSE_POSITIVE,True
quantum,openf1,schema_alter,bert,1,203,speed_kmh,speed_kmh,nesting_deepen,FALSE_POSITIVE,True
quantum,openf1,schema_alter,bert,1,203,throttle,throttle,nesting_deepen,FALSE_POSITIVE,True
quantum,openf1,schema_alter,bert,1,203,brake,brake,nesting_deepen,FALSE_POSITIVE,True
quantum,openf1,schema_alter,bert,1,203,n_gear,n_gear,nesting_deepen,FALSE_POSITIVE,True
quantum,openf1,schema_alter,bert,1,203,rpm,rpm,nesting_deepen,FALSE_POSITIVE,True
quantum,openf1,schema_alter,bert,1,203,drs,drs,nesting_deepen,FALSE_POSITIVE,True
quantum,openf1,schema_alter,bert,1,203,ers_deployment_kj,ers_deployment_kj,nesting_deepen,FALSE_POSITIVE,True
quantum,openf1,schema_alter,bert,1,203,fuel_remaining_kg,fuel_remaining_kg,nesting_deepen,FALSE_POSITIVE,True
quantum,openf1,schema_alter,bert,1,203,session_time,session_time,nesting_deepen,FALSE_POSITIVE,True
quantum,openf1,schema_alter,bert,1,203,driver,,nesting_deepen,FAILURE,True
quantum,openf1,schema_alter,bert,1,203,driver_number,,nesting_deepen,FAILURE,True
quantum,openf1,schema_alter,bert,1,220,driver,DRIVER,key_case_change,SUCCESS,True
quantum,openf1,schema_alter,bert,1,220,driver_number,DRIVER_NUMBER,key_case_change,SUCCESS,True
quantum,openf1,schema_alter,bert,1,220,team,TEAM,key_case_change,SUCCESS,True
quantum,openf1,schema_alter,bert,1,220,team_color,TEAM_COLOR,key_case_change,SUCCESS,True
quantum,openf1,schema_alter,bert,1,220,position,POSITION,key_case_change,SUCCESS,True
quantum,openf1,schema_alter,bert,1,220,lap_number,LAP_NUMBER,key_case_change,SUCCESS,True
quantum,openf1,schema_alter,bert,1,220,lap_time_ms,LAP_TIME_MS,key_case_change,SUCCESS,True
quantum,openf1,schema_alter,bert,1,220,pit_stop_count,PIT_STOP_COUNT,key_case_change,SUCCESS,True
quantum,openf1,schema_alter,bert,1,220,tire_compound,TIRE_COMPOUND,key_case_change,SUCCESS,True
quantum,openf1,schema_alter,bert,1,220,tire_age_laps,TIRE_AGE_LAPS,key_case_change,SUCCESS,True
quantum,openf1,schema_alter,bert,1,220,speed_kmh,SPEED_KMH,key_case_change,SUCCESS,True
quantum,openf1,schema_alter,bert,1,220,throttle,THROTTLE,key_case_change,SUCCESS,True
quantum,openf1,schema_alter,bert,1,220,brake,BRAKE,key_case_change,SUCCESS,True
quantum,openf1,schema_alter,bert,1,220,n_gear,N_GEAR,key_case_change,SUCCESS,True
quantum,openf1,schema_alter,bert,1,220,rpm,RPM,key_case_change,SUCCESS,True
quantum,openf1,schema_alter,bert,1,220,drs,DRS,key_case_change,SUCCESS,True
quantum,openf1,schema_alter,bert,1,220,ers_deployment_kj,ERS_DEPLOYMENT_KJ,key_case_change,SUCCESS,True
quantum,openf1,schema_alter,bert,1,220,fuel_remaining_kg,FUEL_REMAINING_KG,key_case_change,SUCCESS,True
quantum,openf1,schema_alter,bert,1,220,session_time,SESSION_TIME,key_case_change,SUCCESS,True
quantum,openf1,schema_alter,bert,1,316,team,team,nesting_deepen,FALSE_POSITIVE,True
quantum,openf1,schema_alter,bert,1,316,team_color,team_color,nesting_deepen,FALSE_POSITIVE,True
quantum,openf1,schema_alter,bert,1,316,position,position,nesting_deepen,FALSE_POSITIVE,True
quantum,openf1,schema_alter,bert,1,316,lap_number,lap_number,nesting_deepen,FALSE_POSITIVE,True
quantum,openf1,schema_alter,bert,1,316,lap_time_ms,lap_time_ms,nesting_deepen,FALSE_POSITIVE,True
quantum,openf1,schema_alter,bert,1,316,pit_stop_count,pit_stop_count,nesting_deepen,FALSE_POSITIVE,True
quantum,openf1,schema_alter,bert,1,316,tire_compound,tire_compound,nesting_deepen,FALSE_POSITIVE,True
quantum,openf1,schema_alter,bert,1,316,tire_age_laps,tire_age_laps,nesting_deepen,FALSE_POSITIVE,True
quantum,openf1,schema_alter,bert,1,316,speed_kmh,speed_kmh,nesting_deepen,FALSE_POSITIVE,True
quantum,openf1,schema_alter,bert,1,316,throttle,throttle,nesting_deepen,FALSE_POSITIVE,True
quantum,openf1,schema_alter,bert,1,316,brake,brake,nesting_deepen,FALSE_POSITIVE,True
quantum,openf1,schema_alter,bert,1,316,n_gear,n_gear,nesting_deepen,FALSE_POSITIVE,True
quantum,openf1,schema_alter,bert,1,316,rpm,rpm,nesting_deepen,FALSE_POSITIVE,True
quantum,openf1,schema_alter,bert,1,316,drs,drs,nesting_deepen,FALSE_POSITIVE,True
quantum,openf1,schema_alter,bert,1,316,ers_deployment_kj,ers_deployment_kj,nesting_deepen,FALSE_POSITIVE,True
quantum,openf1,schema_alter,bert,1,316,fuel_remaining_kg,fuel_remaining_kg,nesting_deepen,FALSE_POSITIVE,True
quantum,openf1,schema_alter,bert,1,316,session_time,session_time,nesting_deepen,FALSE_POSITIVE,True
quantum,openf1,schema_alter,bert,1,316,driver,,nesting_deepen,FAILURE,True
quantum,openf1,schema_alter,bert,1,316,driver_number,,nesting_deepen,FAILURE,True
quantum,openf1,schema_alter,bert,1,349,driver,DRIVER,key_case_change,SUCCESS,True
quantum,openf1,schema_alter,bert,1,349,driver_number,DRIVER_NUMBER,key_case_change,SUCCESS,True
quantum,openf1,schema_alter,bert,1,349,team,TEAM,key_case_change,SUCCESS,True
quantum,openf1,schema_alter,bert,1,349,team_color,TEAM_COLOR,key_case_change,SUCCESS,True
quantum,openf1,schema_alter,bert,1,349,position,POSITION,key_case_change,SUCCESS,True
quantum,openf1,schema_alter,bert,1,349,lap_number,LAP_NUMBER,key_case_change,SUCCESS,True
quantum,openf1,schema_alter,bert,1,349,lap_time_ms,LAP_TIME_MS,key_case_change,SUCCESS,True
quantum,openf1,schema_alter,bert,1,349,pit_stop_count,PIT_STOP_COUNT,key_case_change,SUCCESS,True
quantum,openf1,schema_alter,bert,1,349,tire_compound,TIRE_COMPOUND,key_case_change,SUCCESS,True
quantum,openf1,schema_alter,bert,1,349,tire_age_laps,TIRE_AGE_LAPS,key_case_change,SUCCESS,True
quantum,openf1,schema_alter,bert,1,349,speed_kmh,SPEED_KMH,key_case_change,SUCCESS,True
quantum,openf1,schema_alter,bert,1,349,throttle,THROTTLE,key_case_change,SUCCESS,True
quantum,openf1,schema_alter,bert,1,349,brake,BRAKE,key_case_change,SUCCESS,True
quantum,openf1,schema_alter,bert,1,349,n_gear,N_GEAR,key_case_change,SUCCESS,True
quantum,openf1,schema_alter,bert,1,349,rpm,RPM,key_case_change,SUCCESS,True
quantum,openf1,schema_alter,bert,1,349,drs,DRS,key_case_change,SUCCESS,True
quantum,openf1,schema_alter,bert,1,349,ers_deployment_kj,ERS_DEPLOYMENT_KJ,key_case_change,SUCCESS,True
quantum,openf1,schema_alter,bert,1,349,fuel_remaining_kg,FUEL_REMAINING_KG,key_case_change,SUCCESS,True
quantum,openf1,schema_alter,bert,1,349,session_time,SESSION_TIME,key_case_change,SUCCESS,True
quantum,spacex,schema_alter,bert,1,20,mission_name,MISSION_NAME,key_case_change,SUCCESS,True
quantum,spacex,schema_alter,bert,1,20,launch_date_utc,LAUNCH_DATE_UTC,key_case_change,SUCCESS,True
quantum,spacex,schema_alter,bert,1,20,rocket_id,ROCKET_ID,key_case_change,SUCCESS,True
quantum,spacex,schema_alter,bert,1,20,launch_success,LAUNCH_SUCCESS,key_case_change,SUCCESS,True
quantum,spacex,schema_alter,bert,1,20,upcoming,UPCOMING,key_case_change,SUCCESS,True
quantum,spacex,schema_alter,bert,1,20,static_fire_date_utc,STATIC_FIRE_DATE_UTC,key_case_change,SUCCESS,True
quantum,spacex,schema_alter,bert,1,20,net_duration,NET_DURATION,key_case_change,SUCCESS,True
quantum,spacex,schema_alter,bert,1,20,window_start,WINDOW_START,key_case_change,SUCCESS,True
quantum,spacex,schema_alter,bert,1,20,window_end,WINDOW_END,key_case_change,SUCCESS,True
quantum,spacex,schema_alter,bert,1,20,failure_count,FAILURE_COUNT,key_case_change,SUCCESS,True
quantum,spacex,schema_alter,bert,1,20,failure_reasons,FAILURE_REASONS,key_case_change,SUCCESS,True
quantum,spacex,schema_alter,bert,1,20,payload_count,PAYLOAD_COUNT,key_case_change,SUCCESS,True
quantum,spacex,schema_alter,bert,1,20,payload_ids,PAYLOAD_IDS,key_case_change,SUCCESS,True
quantum,spacex,schema_alter,bert,1,20,payload_mass_kg,PAYLOAD_MASS_KG,key_case_change,SUCCESS,True
quantum,spacex,schema_alter,bert,1,20,payload_type,PAYLOAD_TYPE,key_case_change,SUCCESS,True
quantum,spacex,schema_alter,bert,1,20,crew_count,CREW_COUNT,key_case_change,SUCCESS,True
quantum,spacex,schema_alter,bert,1,20,launch_site,LAUNCH_SITE,key_case_change,SUCCESS,True
quantum,spacex,schema_alter,bert,1,20,auto_payload,AUTO_PAYLOAD,key_case_change,SUCCESS,True
quantum,spacex,schema_alter,bert,1,20,tbd,TBD,key_case_change,SUCCESS,True
quantum,spacex,schema_alter,bert,1,20,gridfins,GRIDFINS,key_case_change,SUCCESS,True
quantum,spacex,schema_alter,bert,1,20,legs,LEGS,key_case_change,SUCCESS,True
quantum,spacex,schema_alter,bert,1,20,reused,REUSED,key_case_change,SUCCESS,True
quantum,spacex,schema_alter,bert,1,20,fairings_reused,FAIRINGS_REUSED,key_case_change,SUCCESS,True
quantum,spacex,schema_alter,bert,1,20,fairings_recovery_attempt,FAIRINGS_RECOVERY_ATTEMPT,key_case_change,SUCCESS,True
quantum,spacex,schema_alter,bert,1,20,cores_reused,CORES_REUSED,key_case_change,SUCCESS,True
quantum,spacex,schema_alter,bert,1,20,ships,SHIPS,key_case_change,SUCCESS,True
quantum,spacex,schema_alter,bert,1,20,capsules,CAPSULES,key_case_change,SUCCESS,True
quantum,spacex,schema_alter,bert,1,20,flight_number,FLIGHT_NUMBER,key_case_change,SUCCESS,True
quantum,spacex,schema_alter,bert,1,41,mission_name,MISSION_NAME,key_case_change,SUCCESS,True
quantum,spacex,schema_alter,bert,1,41,launch_date_utc,LAUNCH_DATE_UTC,key_case_change,SUCCESS,True
quantum,spacex,schema_alter,bert,1,41,rocket_id,ROCKET_ID,key_case_change,SUCCESS,True
quantum,spacex,schema_alter,bert,1,41,launch_success,LAUNCH_SUCCESS,key_case_change,SUCCESS,True
quantum,spacex,schema_alter,bert,1,41,upcoming,UPCOMING,key_case_change,SUCCESS,True
quantum,spacex,schema_alter,bert,1,41,static_fire_date_utc,STATIC_FIRE_DATE_UTC,key_case_change,SUCCESS,True
quantum,spacex,schema_alter,bert,1,41,net_duration,NET_DURATION,key_case_change,SUCCESS,True
quantum,spacex,schema_alter,bert,1,41,window_start,WINDOW_START,key_case_change,SUCCESS,True
quantum,spacex,schema_alter,bert,1,41,window_end,WINDOW_END,key_case_change,SUCCESS,True
quantum,spacex,schema_alter,bert,1,41,failure_count,FAILURE_COUNT,key_case_change,SUCCESS,True
quantum,spacex,schema_alter,bert,1,41,failure_reasons,FAILURE_REASONS,key_case_change,SUCCESS,True
quantum,spacex,schema_alter,bert,1,41,payload_count,PAYLOAD_COUNT,key_case_change,SUCCESS,True
quantum,spacex,schema_alter,bert,1,41,payload_ids,PAYLOAD_IDS,key_case_change,SUCCESS,True
quantum,spacex,schema_alter,bert,1,41,payload_mass_kg,PAYLOAD_MASS_KG,key_case_change,SUCCESS,True
quantum,spacex,schema_alter,bert,1,41,payload_type,PAYLOAD_TYPE,key_case_change,SUCCESS,True
quantum,spacex,schema_alter,bert,1,41,crew_count,CREW_COUNT,key_case_change,SUCCESS,True
quantum,spacex,schema_alter,bert,1,41,launch_site,LAUNCH_SITE,key_case_change,SUCCESS,True
quantum,spacex,schema_alter,bert,1,41,auto_payload,AUTO_PAYLOAD,key_case_change,SUCCESS,True
quantum,spacex,schema_alter,bert,1,41,tbd,TBD,key_case_change,SUCCESS,True
quantum,spacex,schema_alter,bert,1,41,gridfins,GRIDFINS,key_case_change,SUCCESS,True
quantum,spacex,schema_alter,bert,1,41,legs,LEGS,key_case_change,SUCCESS,True
quantum,spacex,schema_alter,bert,1,41,reused,REUSED,key_case_change,SUCCESS,True
quantum,spacex,schema_alter,bert,1,41,fairings_reused,FAIRINGS_REUSED,key_case_change,SUCCESS,True
quantum,spacex,schema_alter,bert,1,41,fairings_recovery_attempt,FAIRINGS_RECOVERY_ATTEMPT,key_case_change,SUCCESS,True
quantum,spacex,schema_alter,bert,1,41,cores_reused,CORES_REUSED,key_case_change,SUCCESS,True
quantum,spacex,schema_alter,bert,1,41,ships,SHIPS,key_case_change,SUCCESS,True
quantum,spacex,schema_alter,bert,1,41,capsules,CAPSULES,key_case_change,SUCCESS,True
quantum,spacex,schema_alter,bert,1,41,flight_number,FLIGHT_NUMBER,key_case_change,SUCCESS,True
quantum,spacex,schema_alter,bert,1,85,mission_name,mission_name,type_change,SUCCESS,True
quantum,spacex,schema_alter,bert,1,85,launch_date_utc,launch_date_utc,type_change,SUCCESS,True
quantum,spacex,schema_alter,bert,1,85,rocket_id,rocket_id,type_change,SUCCESS,True
quantum,spacex,schema_alter,bert,1,85,launch_success,launch_success,type_change,SUCCESS,True
quantum,spacex,schema_alter,bert,1,85,upcoming,upcoming,type_change,SUCCESS,True
quantum,spacex,schema_alter,bert,1,85,static_fire_date_utc,static_fire_date_utc,type_change,SUCCESS,True
quantum,spacex,schema_alter,bert,1,85,net_duration,net_duration,type_change,SUCCESS,True
quantum,spacex,schema_alter,bert,1,85,window_start,window_start,type_change,SUCCESS,True
quantum,spacex,schema_alter,bert,1,85,window_end,window_end,type_change,SUCCESS,True
quantum,spacex,schema_alter,bert,1,85,failure_count,failure_count,type_change,SUCCESS,True
quantum,spacex,schema_alter,bert,1,85,failure_reasons,failure_reasons,type_change,SUCCESS,True
quantum,spacex,schema_alter,bert,1,85,payload_count,payload_count,type_change,SUCCESS,True
quantum,spacex,schema_alter,bert,1,85,payload_ids,payload_ids,type_change,SUCCESS,True
quantum,spacex,schema_alter,bert,1,85,payload_mass_kg,payload_mass_kg,type_change,SUCCESS,True
quantum,spacex,schema_alter,bert,1,85,payload_type,payload_type,type_change,SUCCESS,True
quantum,spacex,schema_alter,bert,1,85,crew_count,crew_count,type_change,SUCCESS,True
quantum,spacex,schema_alter,bert,1,85,launch_site,launch_site,type_change,SUCCESS,True
quantum,spacex,schema_alter,bert,1,85,auto_payload,auto_payload,type_change,SUCCESS,True
quantum,spacex,schema_alter,bert,1,85,tbd,tbd,type_change,SUCCESS,True
quantum,spacex,schema_alter,bert,1,85,gridfins,gridfins,type_change,SUCCESS,True
quantum,spacex,schema_alter,bert,1,85,legs,legs,type_change,SUCCESS,True
quantum,spacex,schema_alter,bert,1,85,reused,reused,type_change,SUCCESS,True
quantum,spacex,schema_alter,bert,1,85,fairings_reused,fairings_reused,type_change,SUCCESS,True
quantum,spacex,schema_alter,bert,1,85,fairings_recovery_attempt,fairings_recovery_attempt,type_change,SUCCESS,True
quantum,spacex,schema_alter,bert,1,85,cores_reused,cores_reused,type_change,SUCCESS,True
quantum,spacex,schema_alter,bert,1,85,ships,ships,type_change,SUCCESS,True
quantum,spacex,schema_alter,bert,1,85,capsules,capsules,type_change,SUCCESS,True
quantum,spacex,schema_alter,bert,1,85,flight_number,flight_number,type_change,SUCCESS,True
quantum,spacex,schema_alter,bert,1,244,rocket_id,rocket_id,nesting_deepen,FALSE_POSITIVE,True
quantum,spacex,schema_alter,bert,1,244,launch_success,launch_success,nesting_deepen,FALSE_POSITIVE,True
quantum,spacex,schema_alter,bert,1,244,upcoming,upcoming,nesting_deepen,FALSE_POSITIVE,True
quantum,spacex,schema_alter,bert,1,244,static_fire_date_utc,static_fire_date_utc,nesting_deepen,FALSE_POSITIVE,True
quantum,spacex,schema_alter,bert,1,244,net_duration,net_duration,nesting_deepen,FALSE_POSITIVE,True
quantum,spacex,schema_alter,bert,1,244,window_start,window_start,nesting_deepen,FALSE_POSITIVE,True
quantum,spacex,schema_alter,bert,1,244,window_end,window_end,nesting_deepen,FALSE_POSITIVE,True
quantum,spacex,schema_alter,bert,1,244,failure_count,failure_count,nesting_deepen,FALSE_POSITIVE,True
quantum,spacex,schema_alter,bert,1,244,failure_reasons,failure_reasons,nesting_deepen,FALSE_POSITIVE,True
quantum,spacex,schema_alter,bert,1,244,payload_count,payload_count,nesting_deepen,FALSE_POSITIVE,True
quantum,spacex,schema_alter,bert,1,244,payload_ids,payload_ids,nesting_deepen,FALSE_POSITIVE,True
quantum,spacex,schema_alter,bert,1,244,payload_mass_kg,payload_mass_kg,nesting_deepen,FALSE_POSITIVE,True
quantum,spacex,schema_alter,bert,1,244,payload_type,payload_type,nesting_deepen,FALSE_POSITIVE,True
quantum,spacex,schema_alter,bert,1,244,crew_count,crew_count,nesting_deepen,FALSE_POSITIVE,True
quantum,spacex,schema_alter,bert,1,244,launch_site,launch_site,nesting_deepen,FALSE_POSITIVE,True
quantum,spacex,schema_alter,bert,1,244,auto_payload,auto_payload,nesting_deepen,FALSE_POSITIVE,True
quantum,spacex,schema_alter,bert,1,244,tbd,tbd,nesting_deepen,FALSE_POSITIVE,True
quantum,spacex,schema_alter,bert,1,244,gridfins,gridfins,nesting_deepen,FALSE_POSITIVE,True
quantum,spacex,schema_alter,bert,1,244,legs,legs,nesting_deepen,FALSE_POSITIVE,True
quantum,spacex,schema_alter,bert,1,244,reused,reused,nesting_deepen,FALSE_POSITIVE,True
quantum,spacex,schema_alter,bert,1,244,fairings_reused,fairings_reused,nesting_deepen,FALSE_POSITIVE,True
quantum,spacex,schema_alter,bert,1,244,fairings_recovery_attempt,fairings_recovery_attempt,nesting_deepen,FALSE_POSITIVE,True
quantum,spacex,schema_alter,bert,1,244,cores_reused,cores_reused,nesting_deepen,FALSE_POSITIVE,True
quantum,spacex,schema_alter,bert,1,244,ships,ships,nesting_deepen,FALSE_POSITIVE,True
quantum,spacex,schema_alter,bert,1,244,capsules,capsules,nesting_deepen,FALSE_POSITIVE,True
quantum,spacex,schema_alter,bert,1,244,flight_number,flight_number,nesting_deepen,FALSE_POSITIVE,True
quantum,spacex,schema_alter,bert,1,244,mission_name,,nesting_deepen,FAILURE,True
quantum,spacex,schema_alter,bert,1,244,launch_date_utc,,nesting_deepen,FAILURE,True
quantum,spacex,schema_alter,bert,1,301,rocket_id,rocket_id,nesting_deepen,FALSE_POSITIVE,True
quantum,spacex,schema_alter,bert,1,301,launch_success,launch_success,nesting_deepen,FALSE_POSITIVE,True
quantum,spacex,schema_alter,bert,1,301,upcoming,upcoming,nesting_deepen,FALSE_POSITIVE,True
quantum,spacex,schema_alter,bert,1,301,static_fire_date_utc,static_fire_date_utc,nesting_deepen,FALSE_POSITIVE,True
quantum,spacex,schema_alter,bert,1,301,net_duration,net_duration,nesting_deepen,FALSE_POSITIVE,True
quantum,spacex,schema_alter,bert,1,301,window_start,window_start,nesting_deepen,FALSE_POSITIVE,True
quantum,spacex,schema_alter,bert,1,301,window_end,window_end,nesting_deepen,FALSE_POSITIVE,True
quantum,spacex,schema_alter,bert,1,301,failure_count,failure_count,nesting_deepen,FALSE_POSITIVE,True
quantum,spacex,schema_alter,bert,1,301,failure_reasons,failure_reasons,nesting_deepen,FALSE_POSITIVE,True
quantum,spacex,schema_alter,bert,1,301,payload_count,payload_count,nesting_deepen,FALSE_POSITIVE,True
quantum,spacex,schema_alter,bert,1,301,payload_ids,payload_ids,nesting_deepen,FALSE_POSITIVE,True
quantum,spacex,schema_alter,bert,1,301,payload_mass_kg,payload_mass_kg,nesting_deepen,FALSE_POSITIVE,True
quantum,spacex,schema_alter,bert,1,301,payload_type,payload_type,nesting_deepen,FALSE_POSITIVE,True
quantum,spacex,schema_alter,bert,1,301,crew_count,crew_count,nesting_deepen,FALSE_POSITIVE,True
quantum,spacex,schema_alter,bert,1,301,launch_site,launch_site,nesting_deepen,FALSE_POSITIVE,True
quantum,spacex,schema_alter,bert,1,301,auto_payload,auto_payload,nesting_deepen,FALSE_POSITIVE,True
quantum,spacex,schema_alter,bert,1,301,tbd,tbd,nesting_deepen,FALSE_POSITIVE,True
quantum,spacex,schema_alter,bert,1,301,gridfins,gridfins,nesting_deepen,FALSE_POSITIVE,True
quantum,spacex,schema_alter,bert,1,301,legs,legs,nesting_deepen,FALSE_POSITIVE,True
quantum,spacex,schema_alter,bert,1,301,reused,reused,nesting_deepen,FALSE_POSITIVE,True
quantum,spacex,schema_alter,bert,1,301,fairings_reused,fairings_reused,nesting_deepen,FALSE_POSITIVE,True
quantum,spacex,schema_alter,bert,1,301,fairings_recovery_attempt,fairings_recovery_attempt,nesting_deepen,FALSE_POSITIVE,True
quantum,spacex,schema_alter,bert,1,301,cores_reused,cores_reused,nesting_deepen,FALSE_POSITIVE,True
quantum,spacex,schema_alter,bert,1,301,ships,ships,nesting_deepen,FALSE_POSITIVE,True
quantum,spacex,schema_alter,bert,1,301,capsules,capsules,nesting_deepen,FALSE_POSITIVE,True
quantum,spacex,schema_alter,bert,1,301,flight_number,flight_number,nesting_deepen,FALSE_POSITIVE,True
quantum,spacex,schema_alter,bert,1,301,mission_name,,nesting_deepen,FAILURE,True
quantum,spacex,schema_alter,bert,1,301,launch_date_utc,,nesting_deepen,FAILURE,True
quantum,spacex,schema_alter,bert,1,327,mission_name,MISSION_NAME,key_case_change,SUCCESS,True
quantum,spacex,schema_alter,bert,1,327,launch_date_utc,LAUNCH_DATE_UTC,key_case_change,SUCCESS,True
quantum,spacex,schema_alter,bert,1,327,rocket_id,ROCKET_ID,key_case_change,SUCCESS,True
quantum,spacex,schema_alter,bert,1,327,launch_success,LAUNCH_SUCCESS,key_case_change,SUCCESS,True
quantum,spacex,schema_alter,bert,1,327,upcoming,UPCOMING,key_case_change,SUCCESS,True
quantum,spacex,schema_alter,bert,1,327,static_fire_date_utc,STATIC_FIRE_DATE_UTC,key_case_change,SUCCESS,True
quantum,spacex,schema_alter,bert,1,327,net_duration,NET_DURATION,key_case_change,SUCCESS,True
quantum,spacex,schema_alter,bert,1,327,window_start,WINDOW_START,key_case_change,SUCCESS,True
quantum,spacex,schema_alter,bert,1,327,window_end,WINDOW_END,key_case_change,SUCCESS,True
quantum,spacex,schema_alter,bert,1,327,failure_count,FAILURE_COUNT,key_case_change,SUCCESS,True
quantum,spacex,schema_alter,bert,1,327,failure_reasons,FAILURE_REASONS,key_case_change,SUCCESS,True
quantum,spacex,schema_alter,bert,1,327,payload_count,PAYLOAD_COUNT,key_case_change,SUCCESS,True
quantum,spacex,schema_alter,bert,1,327,payload_ids,PAYLOAD_IDS,key_case_change,SUCCESS,True
quantum,spacex,schema_alter,bert,1,327,payload_mass_kg,PAYLOAD_MASS_KG,key_case_change,SUCCESS,True
quantum,spacex,schema_alter,bert,1,327,payload_type,PAYLOAD_TYPE,key_case_change,SUCCESS,True
quantum,spacex,schema_alter,bert,1,327,crew_count,CREW_COUNT,key_case_change,SUCCESS,True
quantum,spacex,schema_alter,bert,1,327,launch_site,LAUNCH_SITE,key_case_change,SUCCESS,True
quantum,spacex,schema_alter,bert,1,327,auto_payload,AUTO_PAYLOAD,key_case_change,SUCCESS,True
quantum,spacex,schema_alter,bert,1,327,tbd,TBD,key_case_change,SUCCESS,True
quantum,spacex,schema_alter,bert,1,327,gridfins,GRIDFINS,key_case_change,SUCCESS,True
quantum,spacex,schema_alter,bert,1,327,legs,LEGS,key_case_change,SUCCESS,True
quantum,spacex,schema_alter,bert,1,327,reused,REUSED,key_case_change,SUCCESS,True
quantum,spacex,schema_alter,bert,1,327,fairings_reused,FAIRINGS_REUSED,key_case_change,SUCCESS,True
quantum,spacex,schema_alter,bert,1,327,fairings_recovery_attempt,FAIRINGS_RECOVERY_ATTEMPT,key_case_change,SUCCESS,True
quantum,spacex,schema_alter,bert,1,327,cores_reused,CORES_REUSED,key_case_change,SUCCESS,True
quantum,spacex,schema_alter,bert,1,327,ships,SHIPS,key_case_change,SUCCESS,True
quantum,spacex,schema_alter,bert,1,327,capsules,CAPSULES,key_case_change,SUCCESS,True
quantum,spacex,schema_alter,bert,1,327,flight_number,FLIGHT_NUMBER,key_case_change,SUCCESS,True
quantum,spacex,schema_alter,bert,1,375,rocket_id,rocket_id,nesting_deepen,FALSE_POSITIVE,True
quantum,spacex,schema_alter,bert,1,375,launch_success,launch_success,nesting_deepen,FALSE_POSITIVE,True
quantum,spacex,schema_alter,bert,1,375,upcoming,upcoming,nesting_deepen,FALSE_POSITIVE,True
quantum,spacex,schema_alter,bert,1,375,static_fire_date_utc,static_fire_date_utc,nesting_deepen,FALSE_POSITIVE,True
quantum,spacex,schema_alter,bert,1,375,net_duration,net_duration,nesting_deepen,FALSE_POSITIVE,True
quantum,spacex,schema_alter,bert,1,375,window_start,window_start,nesting_deepen,FALSE_POSITIVE,True
quantum,spacex,schema_alter,bert,1,375,window_end,window_end,nesting_deepen,FALSE_POSITIVE,True
quantum,spacex,schema_alter,bert,1,375,failure_count,failure_count,nesting_deepen,FALSE_POSITIVE,True
quantum,spacex,schema_alter,bert,1,375,failure_reasons,failure_reasons,nesting_deepen,FALSE_POSITIVE,True
quantum,spacex,schema_alter,bert,1,375,payload_count,payload_count,nesting_deepen,FALSE_POSITIVE,True
quantum,spacex,schema_alter,bert,1,375,payload_ids,payload_ids,nesting_deepen,FALSE_POSITIVE,True
quantum,spacex,schema_alter,bert,1,375,payload_mass_kg,payload_mass_kg,nesting_deepen,FALSE_POSITIVE,True
quantum,spacex,schema_alter,bert,1,375,payload_type,payload_type,nesting_deepen,FALSE_POSITIVE,True
quantum,spacex,schema_alter,bert,1,375,crew_count,crew_count,nesting_deepen,FALSE_POSITIVE,True
quantum,spacex,schema_alter,bert,1,375,launch_site,launch_site,nesting_deepen,FALSE_POSITIVE,True
quantum,spacex,schema_alter,bert,1,375,auto_payload,auto_payload,nesting_deepen,FALSE_POSITIVE,True
quantum,spacex,schema_alter,bert,1,375,tbd,tbd,nesting_deepen,FALSE_POSITIVE,True
quantum,spacex,schema_alter,bert,1,375,gridfins,gridfins,nesting_deepen,FALSE_POSITIVE,True
quantum,spacex,schema_alter,bert,1,375,legs,legs,nesting_deepen,FALSE_POSITIVE,True
quantum,spacex,schema_alter,bert,1,375,reused,reused,nesting_deepen,FALSE_POSITIVE,True
quantum,spacex,schema_alter,bert,1,375,fairings_reused,fairings_reused,nesting_deepen,FALSE_POSITIVE,True
quantum,spacex,schema_alter,bert,1,375,fairings_recovery_attempt,fairings_recovery_attempt,nesting_deepen,FALSE_POSITIVE,True
quantum,spacex,schema_alter,bert,1,375,cores_reused,cores_reused,nesting_deepen,FALSE_POSITIVE,True
quantum,spacex,schema_alter,bert,1,375,ships,ships,nesting_deepen,FALSE_POSITIVE,True
quantum,spacex,schema_alter,bert,1,375,capsules,capsules,nesting_deepen,FALSE_POSITIVE,True
quantum,spacex,schema_alter,bert,1,375,flight_number,flight_number,nesting_deepen,FALSE_POSITIVE,True
quantum,spacex,schema_alter,bert,1,375,mission_name,,nesting_deepen,FAILURE,True
quantum,spacex,schema_alter,bert,1,375,launch_date_utc,,nesting_deepen,FAILURE,True
quantum,spacex,schema_alter,bert,1,434,mission_name,mission_name,type_change,SUCCESS,True
quantum,spacex,schema_alter,bert,1,434,launch_date_utc,launch_date_utc,type_change,SUCCESS,True
quantum,spacex,schema_alter,bert,1,434,rocket_id,rocket_id,type_change,SUCCESS,True
quantum,spacex,schema_alter,bert,1,434,launch_success,launch_success,type_change,SUCCESS,True
quantum,spacex,schema_alter,bert,1,434,upcoming,upcoming,type_change,SUCCESS,True
quantum,spacex,schema_alter,bert,1,434,static_fire_date_utc,static_fire_date_utc,type_change,SUCCESS,True
quantum,spacex,schema_alter,bert,1,434,net_duration,net_duration,type_change,SUCCESS,True
quantum,spacex,schema_alter,bert,1,434,window_start,window_start,type_change,SUCCESS,True
quantum,spacex,schema_alter,bert,1,434,window_end,window_end,type_change,SUCCESS,True
quantum,spacex,schema_alter,bert,1,434,failure_count,failure_count,type_change,SUCCESS,True
quantum,spacex,schema_alter,bert,1,434,failure_reasons,failure_reasons,type_change,SUCCESS,True
quantum,spacex,schema_alter,bert,1,434,payload_count,payload_count,type_change,SUCCESS,True
quantum,spacex,schema_alter,bert,1,434,payload_ids,payload_ids,type_change,SUCCESS,True
quantum,spacex,schema_alter,bert,1,434,payload_mass_kg,payload_mass_kg,type_change,SUCCESS,True
quantum,spacex,schema_alter,bert,1,434,payload_type,payload_type,type_change,SUCCESS,True
quantum,spacex,schema_alter,bert,1,434,crew_count,crew_count,type_change,SUCCESS,True
quantum,spacex,schema_alter,bert,1,434,launch_site,launch_site,type_change,SUCCESS,True
quantum,spacex,schema_alter,bert,1,434,auto_payload,auto_payload,type_change,SUCCESS,True
quantum,spacex,schema_alter,bert,1,434,tbd,tbd,type_change,SUCCESS,True
quantum,spacex,schema_alter,bert,1,434,gridfins,gridfins,type_change,SUCCESS,True
quantum,spacex,schema_alter,bert,1,434,legs,legs,type_change,SUCCESS,True
quantum,spacex,schema_alter,bert,1,434,reused,reused,type_change,SUCCESS,True
quantum,spacex,schema_alter,bert,1,434,fairings_reused,fairings_reused,type_change,SUCCESS,True
quantum,spacex,schema_alter,bert,1,434,fairings_recovery_attempt,fairings_recovery_attempt,type_change,SUCCESS,True
quantum,spacex,schema_alter,bert,1,434,cores_reused,cores_reused,type_change,SUCCESS,True
quantum,spacex,schema_alter,bert,1,434,ships,ships,type_change,SUCCESS,True
quantum,spacex,schema_alter,bert,1,434,capsules,capsules,type_change,SUCCESS,True
quantum,spacex,schema_alter,bert,1,434,flight_number,flight_number,type_change,SUCCESS,True
quantum,openf1,json_manip,bert,1,22,driver,driver,outlier_injection,SUCCESS,True
quantum,openf1,json_manip,bert,1,22,driver_number,driver_number,outlier_injection,SUCCESS,True
quantum,openf1,json_manip,bert,1,22,team,team,outlier_injection,SUCCESS,True
quantum,openf1,json_manip,bert,1,22,team_color,team_color,outlier_injection,SUCCESS,True
quantum,openf1,json_manip,bert,1,22,position,position,outlier_injection,SUCCESS,True
quantum,openf1,json_manip,bert,1,22,lap_number,lap_number,outlier_injection,SUCCESS,True
quantum,openf1,json_manip,bert,1,22,lap_time_ms,lap_time_ms,outlier_injection,SUCCESS,True
quantum,openf1,json_manip,bert,1,22,pit_stop_count,pit_stop_count,outlier_injection,SUCCESS,True
quantum,openf1,json_manip,bert,1,22,tire_compound,tire_compound,outlier_injection,SUCCESS,True
quantum,openf1,json_manip,bert,1,22,tire_age_laps,tire_age_laps,outlier_injection,SUCCESS,True
quantum,openf1,json_manip,bert,1,22,speed_kmh,speed_kmh,outlier_injection,SUCCESS,True
quantum,openf1,json_manip,bert,1,22,throttle,throttle,outlier_injection,SUCCESS,True
quantum,openf1,json_manip,bert,1,22,brake,brake,outlier_injection,SUCCESS,True
quantum,openf1,json_manip,bert,1,22,n_gear,n_gear,outlier_injection,SUCCESS,True
quantum,openf1,json_manip,bert,1,22,rpm,rpm,outlier_injection,SUCCESS,True
quantum,openf1,json_manip,bert,1,22,drs,drs,outlier_injection,SUCCESS,True
quantum,openf1,json_manip,bert,1,22,ers_deployment_kj,ers_deployment_kj,outlier_injection,SUCCESS,True
quantum,openf1,json_manip,bert,1,22,fuel_remaining_kg,fuel_remaining_kg,outlier_injection,SUCCESS,True
quantum,openf1,json_manip,bert,1,22,session_time,session_time,outlier_injection,SUCCESS,True
quantum,openf1,json_manip,bert,1,45,driver,driver,outlier_injection,SUCCESS,True
quantum,openf1,json_manip,bert,1,45,driver_number,driver_number,outlier_injection,SUCCESS,True
quantum,openf1,json_manip,bert,1,45,team,team,outlier_injection,SUCCESS,True
quantum,openf1,json_manip,bert,1,45,team_color,team_color,outlier_injection,SUCCESS,True
quantum,openf1,json_manip,bert,1,45,position,position,outlier_injection,SUCCESS,True
quantum,openf1,json_manip,bert,1,45,lap_number,lap_number,outlier_injection,SUCCESS,True
quantum,openf1,json_manip,bert,1,45,lap_time_ms,lap_time_ms,outlier_injection,SUCCESS,True
quantum,openf1,json_manip,bert,1,45,pit_stop_count,pit_stop_count,outlier_injection,SUCCESS,True
quantum,openf1,json_manip,bert,1,45,tire_compound,tire_compound,outlier_injection,SUCCESS,True
quantum,openf1,json_manip,bert,1,45,tire_age_laps,tire_age_laps,outlier_injection,SUCCESS,True
quantum,openf1,json_manip,bert,1,45,speed_kmh,speed_kmh,outlier_injection,SUCCESS,True
quantum,openf1,json_manip,bert,1,45,throttle,throttle,outlier_injection,SUCCESS,True
quantum,openf1,json_manip,bert,1,45,brake,brake,outlier_injection,SUCCESS,True
quantum,openf1,json_manip,bert,1,45,n_gear,n_gear,outlier_injection,SUCCESS,True
quantum,openf1,json_manip,bert,1,45,rpm,rpm,outlier_injection,SUCCESS,True
quantum,openf1,json_manip,bert,1,45,drs,drs,outlier_injection,SUCCESS,True
quantum,openf1,json_manip,bert,1,45,ers_deployment_kj,ers_deployment_kj,outlier_injection,SUCCESS,True
quantum,openf1,json_manip,bert,1,45,fuel_remaining_kg,fuel_remaining_kg,outlier_injection,SUCCESS,True
quantum,openf1,json_manip,bert,1,45,session_time,session_time,outlier_injection,SUCCESS,True
quantum,openf1,json_manip,bert,1,50,driver,driver,field_merge_value,FALSE_POSITIVE,True
quantum,openf1,json_manip,bert,1,50,driver_number,driver_number,field_merge_value,FALSE_POSITIVE,True
quantum,openf1,json_manip,bert,1,50,team,team,field_merge_value,FALSE_POSITIVE,True
quantum,openf1,json_manip,bert,1,50,team_color,team_color,field_merge_value,FALSE_POSITIVE,True
quantum,openf1,json_manip,bert,1,50,position,position,field_merge_value,FALSE_POSITIVE,True
quantum,openf1,json_manip,bert,1,50,lap_number,lap_number,field_merge_value,FALSE_POSITIVE,True
quantum,openf1,json_manip,bert,1,50,lap_time_ms,lap_time_ms,field_merge_value,FALSE_POSITIVE,True
quantum,openf1,json_manip,bert,1,50,pit_stop_count,pit_stop_count,field_merge_value,FALSE_POSITIVE,True
quantum,openf1,json_manip,bert,1,50,tire_compound,tire_compound,field_merge_value,FALSE_POSITIVE,True
quantum,openf1,json_manip,bert,1,50,tire_age_laps,tire_age_laps,field_merge_value,FALSE_POSITIVE,True
quantum,openf1,json_manip,bert,1,50,speed_kmh,speed_kmh_n_gear,field_merge_value,SUCCESS,True
quantum,openf1,json_manip,bert,1,50,throttle,throttle,field_merge_value,FALSE_POSITIVE,True
quantum,openf1,json_manip,bert,1,50,brake,brake,field_merge_value,FALSE_POSITIVE,True
quantum,openf1,json_manip,bert,1,50,rpm,rpm,field_merge_value,FALSE_POSITIVE,True
quantum,openf1,json_manip,bert,1,50,drs,drs,field_merge_value,FALSE_POSITIVE,True
quantum,openf1,json_manip,bert,1,50,ers_deployment_kj,ers_deployment_kj,field_merge_value,FALSE_POSITIVE,True
quantum,openf1,json_manip,bert,1,50,fuel_remaining_kg,fuel_remaining_kg,field_merge_value,FALSE_POSITIVE,True
quantum,openf1,json_manip,bert,1,50,session_time,session_time,field_merge_value,FALSE_POSITIVE,True
quantum,openf1,json_manip,bert,1,50,n_gear,,field_merge_value,FAILURE,True
quantum,openf1,json_manip,bert,1,86,driver,driver,variable_drop,FALSE_POSITIVE,True
quantum,openf1,json_manip,bert,1,86,driver_number,driver_number,variable_drop,FALSE_POSITIVE,True
quantum,openf1,json_manip,bert,1,86,team,team,variable_drop,FALSE_POSITIVE,True
quantum,openf1,json_manip,bert,1,86,team_color,team_color,variable_drop,FALSE_POSITIVE,True
quantum,openf1,json_manip,bert,1,86,position,position,variable_drop,FALSE_POSITIVE,True
quantum,openf1,json_manip,bert,1,86,lap_number,lap_number,variable_drop,FALSE_POSITIVE,True
quantum,openf1,json_manip,bert,1,86,lap_time_ms,lap_time_ms,variable_drop,FALSE_POSITIVE,True
quantum,openf1,json_manip,bert,1,86,pit_stop_count,pit_stop_count,variable_drop,FALSE_POSITIVE,True
quantum,openf1,json_manip,bert,1,86,tire_compound,tire_compound,variable_drop,FALSE_POSITIVE,True
quantum,openf1,json_manip,bert,1,86,tire_age_laps,tire_age_laps,variable_drop,FALSE_POSITIVE,True
quantum,openf1,json_manip,bert,1,86,speed_kmh,speed_kmh,variable_drop,FALSE_POSITIVE,True
quantum,openf1,json_manip,bert,1,86,throttle,throttle,variable_drop,FALSE_POSITIVE,True
quantum,openf1,json_manip,bert,1,86,brake,brake,variable_drop,FALSE_POSITIVE,True
quantum,openf1,json_manip,bert,1,86,n_gear,n_gear,variable_drop,FALSE_POSITIVE,True
quantum,openf1,json_manip,bert,1,86,rpm,rpm,variable_drop,FALSE_POSITIVE,True
quantum,openf1,json_manip,bert,1,86,drs,drs,variable_drop,FALSE_POSITIVE,True
quantum,openf1,json_manip,bert,1,86,ers_deployment_kj,ers_deployment_kj,variable_drop,FALSE_POSITIVE,True
quantum,openf1,json_manip,bert,1,86,fuel_remaining_kg,fuel_remaining_kg,variable_drop,FALSE_POSITIVE,True
quantum,openf1,json_manip,bert,1,86,session_time,,variable_drop,FAILURE,True
quantum,openf1,json_manip,bert,1,100,driver,driver,field_split,FALSE_POSITIVE,True
quantum,openf1,json_manip,bert,1,100,driver_number,driver_number,field_split,FALSE_POSITIVE,True
quantum,openf1,json_manip,bert,1,100,team,team,field_split,FALSE_POSITIVE,True
quantum,openf1,json_manip,bert,1,100,team_color,team_color,field_split,FALSE_POSITIVE,True
quantum,openf1,json_manip,bert,1,100,position,position,field_split,FALSE_POSITIVE,True
quantum,openf1,json_manip,bert,1,100,lap_number,lap_number_part2,field_split,SUCCESS,True
quantum,openf1,json_manip,bert,1,100,lap_time_ms,lap_time_ms,field_split,FALSE_POSITIVE,True
quantum,openf1,json_manip,bert,1,100,pit_stop_count,pit_stop_count,field_split,FALSE_POSITIVE,True
quantum,openf1,json_manip,bert,1,100,tire_compound,tire_compound,field_split,FALSE_POSITIVE,True
quantum,openf1,json_manip,bert,1,100,tire_age_laps,tire_age_laps,field_split,FALSE_POSITIVE,True
quantum,openf1,json_manip,bert,1,100,speed_kmh,speed_kmh,field_split,FALSE_POSITIVE,True
quantum,openf1,json_manip,bert,1,100,throttle,throttle,field_split,FALSE_POSITIVE,True
quantum,openf1,json_manip,bert,1,100,brake,brake,field_split,FALSE_POSITIVE,True
quantum,openf1,json_manip,bert,1,100,n_gear,n_gear,field_split,FALSE_POSITIVE,True
quantum,openf1,json_manip,bert,1,100,rpm,rpm,field_split,FALSE_POSITIVE,True
quantum,openf1,json_manip,bert,1,100,drs,drs,field_split,FALSE_POSITIVE,True
quantum,openf1,json_manip,bert,1,100,ers_deployment_kj,ers_deployment_kj,field_split,FALSE_POSITIVE,True
quantum,openf1,json_manip,bert,1,100,fuel_remaining_kg,fuel_remaining_kg,field_split,FALSE_POSITIVE,True
quantum,openf1,json_manip,bert,1,100,session_time,session_time,field_split,FALSE_POSITIVE,True
quantum,openf1,json_manip,bert,1,102,driver,driver,scalar_to_array,SUCCESS,True
quantum,openf1,json_manip,bert,1,102,driver_number,driver_number,scalar_to_array,SUCCESS,True
quantum,openf1,json_manip,bert,1,102,team,team,scalar_to_array,SUCCESS,True
quantum,openf1,json_manip,bert,1,102,team_color,team_color,scalar_to_array,SUCCESS,True
quantum,openf1,json_manip,bert,1,102,position,position,scalar_to_array,SUCCESS,True
quantum,openf1,json_manip,bert,1,102,lap_number,lap_number,scalar_to_array,SUCCESS,True
quantum,openf1,json_manip,bert,1,102,lap_time_ms,lap_time_ms,scalar_to_array,SUCCESS,True
quantum,openf1,json_manip,bert,1,102,pit_stop_count,pit_stop_count,scalar_to_array,SUCCESS,True
quantum,openf1,json_manip,bert,1,102,tire_compound,tire_compound,scalar_to_array,SUCCESS,True
quantum,openf1,json_manip,bert,1,102,tire_age_laps,tire_age_laps,scalar_to_array,SUCCESS,True
quantum,openf1,json_manip,bert,1,102,speed_kmh,speed_kmh,scalar_to_array,SUCCESS,True
quantum,openf1,json_manip,bert,1,102,throttle,throttle,scalar_to_array,SUCCESS,True
quantum,openf1,json_manip,bert,1,102,brake,brake,scalar_to_array,SUCCESS,True
quantum,openf1,json_manip,bert,1,102,n_gear,n_gear,scalar_to_array,SUCCESS,True
quantum,openf1,json_manip,bert,1,102,rpm,rpm,scalar_to_array,SUCCESS,True
quantum,openf1,json_manip,bert,1,102,drs,drs,scalar_to_array,SUCCESS,True
quantum,openf1,json_manip,bert,1,102,ers_deployment_kj,ers_deployment_kj,scalar_to_array,SUCCESS,True
quantum,openf1,json_manip,bert,1,102,fuel_remaining_kg,fuel_remaining_kg,scalar_to_array,SUCCESS,True
quantum,openf1,json_manip,bert,1,102,session_time,session_time,scalar_to_array,SUCCESS,True
quantum,openf1,json_manip,bert,1,141,driver,driver,variable_drop,FALSE_POSITIVE,True
quantum,openf1,json_manip,bert,1,141,driver_number,driver_number,variable_drop,FALSE_POSITIVE,True
quantum,openf1,json_manip,bert,1,141,team,team,variable_drop,FALSE_POSITIVE,True
quantum,openf1,json_manip,bert,1,141,team_color,team_color,variable_drop,FALSE_POSITIVE,True
quantum,openf1,json_manip,bert,1,141,position,position,variable_drop,FALSE_POSITIVE,True
quantum,openf1,json_manip,bert,1,141,lap_number,lap_number,variable_drop,FALSE_POSITIVE,True
quantum,openf1,json_manip,bert,1,141,lap_time_ms,lap_time_ms,variable_drop,FALSE_POSITIVE,True
quantum,openf1,json_manip,bert,1,141,pit_stop_count,pit_stop_count,variable_drop,FALSE_POSITIVE,True
quantum,openf1,json_manip,bert,1,141,tire_compound,tire_compound,variable_drop,FALSE_POSITIVE,True
quantum,openf1,json_manip,bert,1,141,tire_age_laps,tire_age_laps,variable_drop,FALSE_POSITIVE,True
quantum,openf1,json_manip,bert,1,141,speed_kmh,speed_kmh,variable_drop,FALSE_POSITIVE,True
quantum,openf1,json_manip,bert,1,141,throttle,throttle,variable_drop,FALSE_POSITIVE,True
quantum,openf1,json_manip,bert,1,141,brake,brake,variable_drop,FALSE_POSITIVE,True
quantum,openf1,json_manip,bert,1,141,n_gear,n_gear,variable_drop,FALSE_POSITIVE,True
quantum,openf1,json_manip,bert,1,141,rpm,rpm,variable_drop,FALSE_POSITIVE,True
quantum,openf1,json_manip,bert,1,141,drs,drs,variable_drop,FALSE_POSITIVE,True
quantum,openf1,json_manip,bert,1,141,ers_deployment_kj,ers_deployment_kj,variable_drop,FALSE_POSITIVE,True
quantum,openf1,json_manip,bert,1,141,fuel_remaining_kg,fuel_remaining_kg,variable_drop,FALSE_POSITIVE,True
quantum,openf1,json_manip,bert,1,141,session_time,,variable_drop,FAILURE,True
quantum,openf1,json_manip,bert,1,209,driver,driver,field_split,FALSE_POSITIVE,True
quantum,openf1,json_manip,bert,1,209,driver_number,driver_number,field_split,FALSE_POSITIVE,True
quantum,openf1,json_manip,bert,1,209,team,team,field_split,FALSE_POSITIVE,True
quantum,openf1,json_manip,bert,1,209,team_color,team_color,field_split,FALSE_POSITIVE,True
quantum,openf1,json_manip,bert,1,209,position,position,field_split,FALSE_POSITIVE,True
quantum,openf1,json_manip,bert,1,209,lap_number,lap_number,field_split,FALSE_POSITIVE,True
quantum,openf1,json_manip,bert,1,209,lap_time_ms,lap_time_ms,field_split,FALSE_POSITIVE,True
quantum,openf1,json_manip,bert,1,209,pit_stop_count,pit_stop_count_part2,field_split,SUCCESS,True
quantum,openf1,json_manip,bert,1,209,tire_compound,tire_compound,field_split,FALSE_POSITIVE,True
quantum,openf1,json_manip,bert,1,209,tire_age_laps,tire_age_laps,field_split,FALSE_POSITIVE,True
quantum,openf1,json_manip,bert,1,209,speed_kmh,speed_kmh,field_split,FALSE_POSITIVE,True
quantum,openf1,json_manip,bert,1,209,throttle,throttle,field_split,FALSE_POSITIVE,True
quantum,openf1,json_manip,bert,1,209,brake,brake,field_split,FALSE_POSITIVE,True
quantum,openf1,json_manip,bert,1,209,n_gear,n_gear,field_split,FALSE_POSITIVE,True
quantum,openf1,json_manip,bert,1,209,rpm,rpm,field_split,FALSE_POSITIVE,True
quantum,openf1,json_manip,bert,1,209,drs,drs,field_split,FALSE_POSITIVE,True
quantum,openf1,json_manip,bert,1,209,ers_deployment_kj,ers_deployment_kj,field_split,FALSE_POSITIVE,True
quantum,openf1,json_manip,bert,1,209,fuel_remaining_kg,fuel_remaining_kg,field_split,FALSE_POSITIVE,True
quantum,openf1,json_manip,bert,1,209,session_time,session_time,field_split,FALSE_POSITIVE,True
quantum,openf1,json_manip,bert,1,221,driver,driver,field_join,FALSE_POSITIVE,True
quantum,openf1,json_manip,bert,1,221,driver_number,driver_number,field_join,FALSE_POSITIVE,True
quantum,openf1,json_manip,bert,1,221,team_color,team_team_color,field_join,SUCCESS,True
quantum,openf1,json_manip,bert,1,221,position,position,field_join,FALSE_POSITIVE,True
quantum,openf1,json_manip,bert,1,221,lap_number,lap_number,field_join,FALSE_POSITIVE,True
quantum,openf1,json_manip,bert,1,221,lap_time_ms,lap_time_ms,field_join,FALSE_POSITIVE,True
quantum,openf1,json_manip,bert,1,221,pit_stop_count,pit_stop_count,field_join,FALSE_POSITIVE,True
quantum,openf1,json_manip,bert,1,221,tire_compound,tire_compound,field_join,FALSE_POSITIVE,True
quantum,openf1,json_manip,bert,1,221,tire_age_laps,tire_age_laps,field_join,FALSE_POSITIVE,True
quantum,openf1,json_manip,bert,1,221,speed_kmh,speed_kmh,field_join,FALSE_POSITIVE,True
quantum,openf1,json_manip,bert,1,221,throttle,throttle,field_join,FALSE_POSITIVE,True
quantum,openf1,json_manip,bert,1,221,brake,brake,field_join,FALSE_POSITIVE,True
quantum,openf1,json_manip,bert,1,221,n_gear,n_gear,field_join,FALSE_POSITIVE,True
quantum,openf1,json_manip,bert,1,221,rpm,rpm,field_join,FALSE_POSITIVE,True
quantum,openf1,json_manip,bert,1,221,drs,drs,field_join,FALSE_POSITIVE,True
quantum,openf1,json_manip,bert,1,221,ers_deployment_kj,ers_deployment_kj,field_join,FALSE_POSITIVE,True
quantum,openf1,json_manip,bert,1,221,fuel_remaining_kg,fuel_remaining_kg,field_join,FALSE_POSITIVE,True
quantum,openf1,json_manip,bert,1,221,session_time,session_time,field_join,FALSE_POSITIVE,True
quantum,openf1,json_manip,bert,1,221,team,,field_join,FAILURE,True
quantum,openf1,json_manip,bert,1,245,driver,driver,null_injection,SUCCESS,True
quantum,openf1,json_manip,bert,1,245,driver_number,driver_number,null_injection,SUCCESS,True
quantum,openf1,json_manip,bert,1,245,team,team,null_injection,SUCCESS,True
quantum,openf1,json_manip,bert,1,245,team_color,team_color,null_injection,SUCCESS,True
quantum,openf1,json_manip,bert,1,245,position,position,null_injection,SUCCESS,True
quantum,openf1,json_manip,bert,1,245,lap_number,lap_number,null_injection,SUCCESS,True
quantum,openf1,json_manip,bert,1,245,lap_time_ms,lap_time_ms,null_injection,SUCCESS,True
quantum,openf1,json_manip,bert,1,245,pit_stop_count,pit_stop_count,null_injection,SUCCESS,True
quantum,openf1,json_manip,bert,1,245,tire_compound,tire_compound,null_injection,SUCCESS,True
quantum,openf1,json_manip,bert,1,245,tire_age_laps,tire_age_laps,null_injection,SUCCESS,True
quantum,openf1,json_manip,bert,1,245,speed_kmh,speed_kmh,null_injection,SUCCESS,True
quantum,openf1,json_manip,bert,1,245,throttle,throttle,null_injection,SUCCESS,True
quantum,openf1,json_manip,bert,1,245,brake,brake,null_injection,SUCCESS,True
quantum,openf1,json_manip,bert,1,245,n_gear,n_gear,null_injection,SUCCESS,True
quantum,openf1,json_manip,bert,1,245,rpm,rpm,null_injection,SUCCESS,True
quantum,openf1,json_manip,bert,1,245,drs,drs,null_injection,SUCCESS,True
quantum,openf1,json_manip,bert,1,245,ers_deployment_kj,ers_deployment_kj,null_injection,SUCCESS,True
quantum,openf1,json_manip,bert,1,245,fuel_remaining_kg,fuel_remaining_kg,null_injection,SUCCESS,True
quantum,openf1,json_manip,bert,1,245,session_time,session_time,null_injection,SUCCESS,True
quantum,openf1,json_manip,bert,1,251,driver,driver,field_split,FALSE_POSITIVE,True
quantum,openf1,json_manip,bert,1,251,driver_number,driver_number_part2,field_split,SUCCESS,True
quantum,openf1,json_manip,bert,1,251,team,team,field_split,FALSE_POSITIVE,True
quantum,openf1,json_manip,bert,1,251,team_color,team_color,field_split,FALSE_POSITIVE,True
quantum,openf1,json_manip,bert,1,251,position,position,field_split,FALSE_POSITIVE,True
quantum,openf1,json_manip,bert,1,251,lap_number,lap_number,field_split,FALSE_POSITIVE,True
quantum,openf1,json_manip,bert,1,251,lap_time_ms,lap_time_ms,field_split,FALSE_POSITIVE,True
quantum,openf1,json_manip,bert,1,251,pit_stop_count,pit_stop_count,field_split,FALSE_POSITIVE,True
quantum,openf1,json_manip,bert,1,251,tire_compound,tire_compound,field_split,FALSE_POSITIVE,True
quantum,openf1,json_manip,bert,1,251,tire_age_laps,tire_age_laps,field_split,FALSE_POSITIVE,True
quantum,openf1,json_manip,bert,1,251,speed_kmh,speed_kmh,field_split,FALSE_POSITIVE,True
quantum,openf1,json_manip,bert,1,251,throttle,throttle,field_split,FALSE_POSITIVE,True
quantum,openf1,json_manip,bert,1,251,brake,brake,field_split,FALSE_POSITIVE,True
quantum,openf1,json_manip,bert,1,251,n_gear,n_gear,field_split,FALSE_POSITIVE,True
quantum,openf1,json_manip,bert,1,251,rpm,rpm,field_split,FALSE_POSITIVE,True
quantum,openf1,json_manip,bert,1,251,drs,drs,field_split,FALSE_POSITIVE,True
quantum,openf1,json_manip,bert,1,251,ers_deployment_kj,ers_deployment_kj,field_split,FALSE_POSITIVE,True
quantum,openf1,json_manip,bert,1,251,fuel_remaining_kg,fuel_remaining_kg,field_split,FALSE_POSITIVE,True
quantum,openf1,json_manip,bert,1,251,session_time,session_time,field_split,FALSE_POSITIVE,True
quantum,openf1,json_manip,bert,1,258,driver,driver,field_split,FALSE_POSITIVE,True
quantum,openf1,json_manip,bert,1,258,driver_number,driver_number,field_split,FALSE_POSITIVE,True
quantum,openf1,json_manip,bert,1,258,team,team,field_split,FALSE_POSITIVE,True
quantum,openf1,json_manip,bert,1,258,team_color,team_color_part2,field_split,SUCCESS,True
quantum,openf1,json_manip,bert,1,258,position,position,field_split,FALSE_POSITIVE,True
quantum,openf1,json_manip,bert,1,258,lap_number,lap_number,field_split,FALSE_POSITIVE,True
quantum,openf1,json_manip,bert,1,258,lap_time_ms,lap_time_ms,field_split,FALSE_POSITIVE,True
quantum,openf1,json_manip,bert,1,258,pit_stop_count,pit_stop_count,field_split,FALSE_POSITIVE,True
quantum,openf1,json_manip,bert,1,258,tire_compound,tire_compound,field_split,FALSE_POSITIVE,True
quantum,openf1,json_manip,bert,1,258,tire_age_laps,tire_age_laps,field_split,FALSE_POSITIVE,True
quantum,openf1,json_manip,bert,1,258,speed_kmh,speed_kmh,field_split,FALSE_POSITIVE,True
quantum,openf1,json_manip,bert,1,258,throttle,throttle,field_split,FALSE_POSITIVE,True
quantum,openf1,json_manip,bert,1,258,brake,brake,field_split,FALSE_POSITIVE,True
quantum,openf1,json_manip,bert,1,258,n_gear,n_gear,field_split,FALSE_POSITIVE,True
quantum,openf1,json_manip,bert,1,258,rpm,rpm,field_split,FALSE_POSITIVE,True
quantum,openf1,json_manip,bert,1,258,drs,drs,field_split,FALSE_POSITIVE,True
quantum,openf1,json_manip,bert,1,258,ers_deployment_kj,ers_deployment_kj,field_split,FALSE_POSITIVE,True
quantum,openf1,json_manip,bert,1,258,fuel_remaining_kg,fuel_remaining_kg,field_split,FALSE_POSITIVE,True
quantum,openf1,json_manip,bert,1,258,session_time,session_time,field_split,FALSE_POSITIVE,True
quantum,openf1,json_manip,bert,1,274,driver,driver,duplicate_field_inject,FALSE_POSITIVE,True
quantum,openf1,json_manip,bert,1,274,driver_number,driver_number,duplicate_field_inject,FALSE_POSITIVE,True
quantum,openf1,json_manip,bert,1,274,team,team,duplicate_field_inject,FALSE_POSITIVE,True
quantum,openf1,json_manip,bert,1,274,team_color,team_color,duplicate_field_inject,FALSE_POSITIVE,True
quantum,openf1,json_manip,bert,1,274,position,position,duplicate_field_inject,FALSE_POSITIVE,True
quantum,openf1,json_manip,bert,1,274,lap_number,lap_number,duplicate_field_inject,FALSE_POSITIVE,True
quantum,openf1,json_manip,bert,1,274,lap_time_ms,lap_time_ms,duplicate_field_inject,FALSE_POSITIVE,True
quantum,openf1,json_manip,bert,1,274,pit_stop_count,pit_stop_count,duplicate_field_inject,FALSE_POSITIVE,True
quantum,openf1,json_manip,bert,1,274,tire_compound,tire_compound,duplicate_field_inject,FALSE_POSITIVE,True
quantum,openf1,json_manip,bert,1,274,tire_age_laps,tire_age_laps,duplicate_field_inject,FALSE_POSITIVE,True
quantum,openf1,json_manip,bert,1,274,speed_kmh,speed_kmh,duplicate_field_inject,FALSE_POSITIVE,True
quantum,openf1,json_manip,bert,1,274,throttle,throttle,duplicate_field_inject,FALSE_POSITIVE,True
quantum,openf1,json_manip,bert,1,274,brake,brake,duplicate_field_inject,FALSE_POSITIVE,True
quantum,openf1,json_manip,bert,1,274,n_gear,n_gear,duplicate_field_inject,FALSE_POSITIVE,True
quantum,openf1,json_manip,bert,1,274,rpm,rpm,duplicate_field_inject,FALSE_POSITIVE,True
quantum,openf1,json_manip,bert,1,274,drs,drs,duplicate_field_inject,FALSE_POSITIVE,True
quantum,openf1,json_manip,bert,1,274,ers_deployment_kj,ers_deployment_kj,duplicate_field_inject,FALSE_POSITIVE,True
quantum,openf1,json_manip,bert,1,274,fuel_remaining_kg,fuel_remaining_kg,duplicate_field_inject,FALSE_POSITIVE,True
quantum,openf1,json_manip,bert,1,274,session_time,session_time,duplicate_field_inject,FALSE_POSITIVE,True
quantum,openf1,json_manip,bert,1,319,driver,driver,field_merge_value,FALSE_POSITIVE,True
quantum,openf1,json_manip,bert,1,319,driver_number,driver_number,field_merge_value,FALSE_POSITIVE,True
quantum,openf1,json_manip,bert,1,319,team,team,field_merge_value,FALSE_POSITIVE,True
quantum,openf1,json_manip,bert,1,319,team_color,team_color,field_merge_value,FALSE_POSITIVE,True
quantum,openf1,json_manip,bert,1,319,position,position,field_merge_value,FALSE_POSITIVE,True
quantum,openf1,json_manip,bert,1,319,lap_number,lap_number,field_merge_value,FALSE_POSITIVE,True
quantum,openf1,json_manip,bert,1,319,lap_time_ms,lap_time_ms,field_merge_value,FALSE_POSITIVE,True
quantum,openf1,json_manip,bert,1,319,pit_stop_count,pit_stop_count,field_merge_value,FALSE_POSITIVE,True
quantum,openf1,json_manip,bert,1,319,tire_compound,tire_compound,field_merge_value,FALSE_POSITIVE,True
quantum,openf1,json_manip,bert,1,319,tire_age_laps,fuel_remaining_kg_tire_age_laps,field_merge_value,SUCCESS,True
quantum,openf1,json_manip,bert,1,319,speed_kmh,speed_kmh,field_merge_value,FALSE_POSITIVE,True
quantum,openf1,json_manip,bert,1,319,throttle,throttle,field_merge_value,FALSE_POSITIVE,True
quantum,openf1,json_manip,bert,1,319,brake,brake,field_merge_value,FALSE_POSITIVE,True
quantum,openf1,json_manip,bert,1,319,n_gear,n_gear,field_merge_value,FALSE_POSITIVE,True
quantum,openf1,json_manip,bert,1,319,rpm,rpm,field_merge_value,FALSE_POSITIVE,True
quantum,openf1,json_manip,bert,1,319,drs,drs,field_merge_value,FALSE_POSITIVE,True
quantum,openf1,json_manip,bert,1,319,ers_deployment_kj,ers_deployment_kj,field_merge_value,FALSE_POSITIVE,True
quantum,openf1,json_manip,bert,1,319,session_time,session_time,field_merge_value,FALSE_POSITIVE,True
quantum,openf1,json_manip,bert,1,319,fuel_remaining_kg,,field_merge_value,FAILURE,True
quantum,openf1,json_manip,bert,1,330,driver,driver,field_join,FALSE_POSITIVE,True
quantum,openf1,json_manip,bert,1,330,driver_number,driver_number,field_join,FALSE_POSITIVE,True
quantum,openf1,json_manip,bert,1,330,team,team,field_join,FALSE_POSITIVE,True
quantum,openf1,json_manip,bert,1,330,team_color,team_color,field_join,FALSE_POSITIVE,True
quantum,openf1,json_manip,bert,1,330,position,position,field_join,FALSE_POSITIVE,True
quantum,openf1,json_manip,bert,1,330,lap_number,lap_number,field_join,FALSE_POSITIVE,True
quantum,openf1,json_manip,bert,1,330,lap_time_ms,lap_time_ms,field_join,FALSE_POSITIVE,True
quantum,openf1,json_manip,bert,1,330,pit_stop_count,pit_stop_count,field_join,FALSE_POSITIVE,True
quantum,openf1,json_manip,bert,1,330,tire_compound,rpm_tire_compound,field_join,SUCCESS,True
quantum,openf1,json_manip,bert,1,330,tire_age_laps,tire_age_laps,field_join,FALSE_POSITIVE,True
quantum,openf1,json_manip,bert,1,330,speed_kmh,speed_kmh,field_join,FALSE_POSITIVE,True
quantum,openf1,json_manip,bert,1,330,throttle,throttle,field_join,FALSE_POSITIVE,True
quantum,openf1,json_manip,bert,1,330,brake,brake,field_join,FALSE_POSITIVE,True
quantum,openf1,json_manip,bert,1,330,n_gear,n_gear,field_join,FALSE_POSITIVE,True
quantum,openf1,json_manip,bert,1,330,drs,drs,field_join,FALSE_POSITIVE,True
quantum,openf1,json_manip,bert,1,330,ers_deployment_kj,ers_deployment_kj,field_join,FALSE_POSITIVE,True
quantum,openf1,json_manip,bert,1,330,fuel_remaining_kg,fuel_remaining_kg,field_join,FALSE_POSITIVE,True
quantum,openf1,json_manip,bert,1,330,session_time,session_time,field_join,FALSE_POSITIVE,True
quantum,openf1,json_manip,bert,1,330,rpm,,field_join,FAILURE,True
quantum,openf1,json_manip,bert,1,339,driver,driver,field_split,FALSE_POSITIVE,True
quantum,openf1,json_manip,bert,1,339,driver_number,driver_number_part2,field_split,SUCCESS,True
quantum,openf1,json_manip,bert,1,339,team,team,field_split,FALSE_POSITIVE,True
quantum,openf1,json_manip,bert,1,339,team_color,team_color,field_split,FALSE_POSITIVE,True
quantum,openf1,json_manip,bert,1,339,position,position,field_split,FALSE_POSITIVE,True
quantum,openf1,json_manip,bert,1,339,lap_number,lap_number,field_split,FALSE_POSITIVE,True
quantum,openf1,json_manip,bert,1,339,lap_time_ms,lap_time_ms,field_split,FALSE_POSITIVE,True
quantum,openf1,json_manip,bert,1,339,pit_stop_count,pit_stop_count,field_split,FALSE_POSITIVE,True
quantum,openf1,json_manip,bert,1,339,tire_compound,tire_compound,field_split,FALSE_POSITIVE,True
quantum,openf1,json_manip,bert,1,339,tire_age_laps,tire_age_laps,field_split,FALSE_POSITIVE,True
quantum,openf1,json_manip,bert,1,339,speed_kmh,speed_kmh,field_split,FALSE_POSITIVE,True
quantum,openf1,json_manip,bert,1,339,throttle,throttle,field_split,FALSE_POSITIVE,True
quantum,openf1,json_manip,bert,1,339,brake,brake,field_split,FALSE_POSITIVE,True
quantum,openf1,json_manip,bert,1,339,n_gear,n_gear,field_split,FALSE_POSITIVE,True
quantum,openf1,json_manip,bert,1,339,rpm,rpm,field_split,FALSE_POSITIVE,True
quantum,openf1,json_manip,bert,1,339,drs,drs,field_split,FALSE_POSITIVE,True
quantum,openf1,json_manip,bert,1,339,ers_deployment_kj,ers_deployment_kj,field_split,FALSE_POSITIVE,True
quantum,openf1,json_manip,bert,1,339,fuel_remaining_kg,fuel_remaining_kg,field_split,FALSE_POSITIVE,True
quantum,openf1,json_manip,bert,1,339,session_time,session_time,field_split,FALSE_POSITIVE,True
quantum,openf1,json_manip,bert,1,405,driver,driver,outlier_injection,SUCCESS,True
quantum,openf1,json_manip,bert,1,405,driver_number,driver_number,outlier_injection,SUCCESS,True
quantum,openf1,json_manip,bert,1,405,team,team,outlier_injection,SUCCESS,True
quantum,openf1,json_manip,bert,1,405,team_color,team_color,outlier_injection,SUCCESS,True
quantum,openf1,json_manip,bert,1,405,position,position,outlier_injection,SUCCESS,True
quantum,openf1,json_manip,bert,1,405,lap_number,lap_number,outlier_injection,SUCCESS,True
quantum,openf1,json_manip,bert,1,405,lap_time_ms,lap_time_ms,outlier_injection,SUCCESS,True
quantum,openf1,json_manip,bert,1,405,pit_stop_count,pit_stop_count,outlier_injection,SUCCESS,True
quantum,openf1,json_manip,bert,1,405,tire_compound,tire_compound,outlier_injection,SUCCESS,True
quantum,openf1,json_manip,bert,1,405,tire_age_laps,tire_age_laps,outlier_injection,SUCCESS,True
quantum,openf1,json_manip,bert,1,405,speed_kmh,speed_kmh,outlier_injection,SUCCESS,True
quantum,openf1,json_manip,bert,1,405,throttle,throttle,outlier_injection,SUCCESS,True
quantum,openf1,json_manip,bert,1,405,brake,brake,outlier_injection,SUCCESS,True
quantum,openf1,json_manip,bert,1,405,n_gear,n_gear,outlier_injection,SUCCESS,True
quantum,openf1,json_manip,bert,1,405,rpm,rpm,outlier_injection,SUCCESS,True
quantum,openf1,json_manip,bert,1,405,drs,drs,outlier_injection,SUCCESS,True
quantum,openf1,json_manip,bert,1,405,ers_deployment_kj,ers_deployment_kj,outlier_injection,SUCCESS,True
quantum,openf1,json_manip,bert,1,405,fuel_remaining_kg,fuel_remaining_kg,outlier_injection,SUCCESS,True
quantum,openf1,json_manip,bert,1,405,session_time,session_time,outlier_injection,SUCCESS,True
quantum,openf1,json_manip,bert,1,419,driver,driver,scalar_to_array,SUCCESS,True
quantum,openf1,json_manip,bert,1,419,driver_number,driver_number,scalar_to_array,SUCCESS,True
quantum,openf1,json_manip,bert,1,419,team,team,scalar_to_array,SUCCESS,True
quantum,openf1,json_manip,bert,1,419,team_color,team_color,scalar_to_array,SUCCESS,True
quantum,openf1,json_manip,bert,1,419,position,position,scalar_to_array,SUCCESS,True
quantum,openf1,json_manip,bert,1,419,lap_number,lap_number,scalar_to_array,SUCCESS,True
quantum,openf1,json_manip,bert,1,419,lap_time_ms,lap_time_ms,scalar_to_array,SUCCESS,True
quantum,openf1,json_manip,bert,1,419,pit_stop_count,pit_stop_count,scalar_to_array,SUCCESS,True
quantum,openf1,json_manip,bert,1,419,tire_compound,tire_compound,scalar_to_array,SUCCESS,True
quantum,openf1,json_manip,bert,1,419,tire_age_laps,tire_age_laps,scalar_to_array,SUCCESS,True
quantum,openf1,json_manip,bert,1,419,speed_kmh,speed_kmh,scalar_to_array,SUCCESS,True
quantum,openf1,json_manip,bert,1,419,throttle,throttle,scalar_to_array,SUCCESS,True
quantum,openf1,json_manip,bert,1,419,brake,brake,scalar_to_array,SUCCESS,True
quantum,openf1,json_manip,bert,1,419,n_gear,n_gear,scalar_to_array,SUCCESS,True
quantum,openf1,json_manip,bert,1,419,rpm,rpm,scalar_to_array,SUCCESS,True
quantum,openf1,json_manip,bert,1,419,drs,drs,scalar_to_array,SUCCESS,True
quantum,openf1,json_manip,bert,1,419,ers_deployment_kj,ers_deployment_kj,scalar_to_array,SUCCESS,True
quantum,openf1,json_manip,bert,1,419,fuel_remaining_kg,fuel_remaining_kg,scalar_to_array,SUCCESS,True
quantum,openf1,json_manip,bert,1,419,session_time,session_time,scalar_to_array,SUCCESS,True
quantum,openf1,json_manip,bert,1,459,driver,driver,outlier_injection,SUCCESS,True
quantum,openf1,json_manip,bert,1,459,driver_number,driver_number,outlier_injection,SUCCESS,True
quantum,openf1,json_manip,bert,1,459,team,team,outlier_injection,SUCCESS,True
quantum,openf1,json_manip,bert,1,459,team_color,team_color,outlier_injection,SUCCESS,True
quantum,openf1,json_manip,bert,1,459,position,position,outlier_injection,SUCCESS,True
quantum,openf1,json_manip,bert,1,459,lap_number,lap_number,outlier_injection,SUCCESS,True
quantum,openf1,json_manip,bert,1,459,lap_time_ms,lap_time_ms,outlier_injection,SUCCESS,True
quantum,openf1,json_manip,bert,1,459,pit_stop_count,pit_stop_count,outlier_injection,SUCCESS,True
quantum,openf1,json_manip,bert,1,459,tire_compound,tire_compound,outlier_injection,SUCCESS,True
quantum,openf1,json_manip,bert,1,459,tire_age_laps,tire_age_laps,outlier_injection,SUCCESS,True
quantum,openf1,json_manip,bert,1,459,speed_kmh,speed_kmh,outlier_injection,SUCCESS,True
quantum,openf1,json_manip,bert,1,459,throttle,throttle,outlier_injection,SUCCESS,True
quantum,openf1,json_manip,bert,1,459,brake,brake,outlier_injection,SUCCESS,True
quantum,openf1,json_manip,bert,1,459,n_gear,n_gear,outlier_injection,SUCCESS,True
quantum,openf1,json_manip,bert,1,459,rpm,rpm,outlier_injection,SUCCESS,True
quantum,openf1,json_manip,bert,1,459,drs,drs,outlier_injection,SUCCESS,True
quantum,openf1,json_manip,bert,1,459,ers_deployment_kj,ers_deployment_kj,outlier_injection,SUCCESS,True
quantum,openf1,json_manip,bert,1,459,fuel_remaining_kg,fuel_remaining_kg,outlier_injection,SUCCESS,True
quantum,openf1,json_manip,bert,1,459,session_time,session_time,outlier_injection,SUCCESS,True
quantum,openf1,json_manip,bert,1,470,driver,driver,outlier_injection,SUCCESS,True
quantum,openf1,json_manip,bert,1,470,driver_number,driver_number,outlier_injection,SUCCESS,True
quantum,openf1,json_manip,bert,1,470,team,team,outlier_injection,SUCCESS,True
quantum,openf1,json_manip,bert,1,470,team_color,team_color,outlier_injection,SUCCESS,True
quantum,openf1,json_manip,bert,1,470,position,position,outlier_injection,SUCCESS,True
quantum,openf1,json_manip,bert,1,470,lap_number,lap_number,outlier_injection,SUCCESS,True
quantum,openf1,json_manip,bert,1,470,lap_time_ms,lap_time_ms,outlier_injection,SUCCESS,True
quantum,openf1,json_manip,bert,1,470,pit_stop_count,pit_stop_count,outlier_injection,SUCCESS,True
quantum,openf1,json_manip,bert,1,470,tire_compound,tire_compound,outlier_injection,SUCCESS,True
quantum,openf1,json_manip,bert,1,470,tire_age_laps,tire_age_laps,outlier_injection,SUCCESS,True
quantum,openf1,json_manip,bert,1,470,speed_kmh,speed_kmh,outlier_injection,SUCCESS,True
quantum,openf1,json_manip,bert,1,470,throttle,throttle,outlier_injection,SUCCESS,True
quantum,openf1,json_manip,bert,1,470,brake,brake,outlier_injection,SUCCESS,True
quantum,openf1,json_manip,bert,1,470,n_gear,n_gear,outlier_injection,SUCCESS,True
quantum,openf1,json_manip,bert,1,470,rpm,rpm,outlier_injection,SUCCESS,True
quantum,openf1,json_manip,bert,1,470,drs,drs,outlier_injection,SUCCESS,True
quantum,openf1,json_manip,bert,1,470,ers_deployment_kj,ers_deployment_kj,outlier_injection,SUCCESS,True
quantum,openf1,json_manip,bert,1,470,fuel_remaining_kg,fuel_remaining_kg,outlier_injection,SUCCESS,True
quantum,openf1,json_manip,bert,1,470,session_time,session_time,outlier_injection,SUCCESS,True
quantum,openf1,json_manip,bert,1,492,driver,driver,null_injection,SUCCESS,True
quantum,openf1,json_manip,bert,1,492,driver_number,driver_number,null_injection,SUCCESS,True
quantum,openf1,json_manip,bert,1,492,team,team,null_injection,SUCCESS,True
quantum,openf1,json_manip,bert,1,492,team_color,team_color,null_injection,SUCCESS,True
quantum,openf1,json_manip,bert,1,492,position,position,null_injection,SUCCESS,True
quantum,openf1,json_manip,bert,1,492,lap_number,lap_number,null_injection,SUCCESS,True
quantum,openf1,json_manip,bert,1,492,lap_time_ms,lap_time_ms,null_injection,SUCCESS,True
quantum,openf1,json_manip,bert,1,492,pit_stop_count,pit_stop_count,null_injection,SUCCESS,True
quantum,openf1,json_manip,bert,1,492,tire_compound,tire_compound,null_injection,SUCCESS,True
quantum,openf1,json_manip,bert,1,492,tire_age_laps,tire_age_laps,null_injection,SUCCESS,True
quantum,openf1,json_manip,bert,1,492,speed_kmh,speed_kmh,null_injection,SUCCESS,True
quantum,openf1,json_manip,bert,1,492,throttle,throttle,null_injection,SUCCESS,True
quantum,openf1,json_manip,bert,1,492,brake,brake,null_injection,SUCCESS,True
quantum,openf1,json_manip,bert,1,492,n_gear,n_gear,null_injection,SUCCESS,True
quantum,openf1,json_manip,bert,1,492,rpm,rpm,null_injection,SUCCESS,True
quantum,openf1,json_manip,bert,1,492,drs,drs,null_injection,SUCCESS,True
quantum,openf1,json_manip,bert,1,492,ers_deployment_kj,ers_deployment_kj,null_injection,SUCCESS,True
quantum,openf1,json_manip,bert,1,492,fuel_remaining_kg,fuel_remaining_kg,null_injection,SUCCESS,True
quantum,openf1,json_manip,bert,1,492,session_time,session_time,null_injection,SUCCESS,True
quantum,spacex,json_manip,bert,1,17,mission_name,mission_name,field_split,FALSE_POSITIVE,True
quantum,spacex,json_manip,bert,1,17,launch_date_utc,launch_date_utc,field_split,FALSE_POSITIVE,True
quantum,spacex,json_manip,bert,1,17,rocket_id,rocket_id,field_split,FALSE_POSITIVE,True
quantum,spacex,json_manip,bert,1,17,launch_success,launch_success,field_split,FALSE_POSITIVE,True
quantum,spacex,json_manip,bert,1,17,upcoming,upcoming,field_split,FALSE_POSITIVE,True
quantum,spacex,json_manip,bert,1,17,static_fire_date_utc,static_fire_date_utc,field_split,FALSE_POSITIVE,True
quantum,spacex,json_manip,bert,1,17,net_duration,net_duration,field_split,FALSE_POSITIVE,True
quantum,spacex,json_manip,bert,1,17,window_start,window_start,field_split,FALSE_POSITIVE,True
quantum,spacex,json_manip,bert,1,17,window_end,window_end,field_split,FALSE_POSITIVE,True
quantum,spacex,json_manip,bert,1,17,failure_count,failure_count,field_split,FALSE_POSITIVE,True
quantum,spacex,json_manip,bert,1,17,failure_reasons,failure_reasons,field_split,FALSE_POSITIVE,True
quantum,spacex,json_manip,bert,1,17,payload_count,payload_count,field_split,FALSE_POSITIVE,True
quantum,spacex,json_manip,bert,1,17,payload_ids,payload_ids,field_split,FALSE_POSITIVE,True
quantum,spacex,json_manip,bert,1,17,payload_mass_kg,payload_mass_kg,field_split,FALSE_POSITIVE,True
quantum,spacex,json_manip,bert,1,17,payload_type,payload_type,field_split,FALSE_POSITIVE,True
quantum,spacex,json_manip,bert,1,17,crew_count,crew_count,field_split,FALSE_POSITIVE,True
quantum,spacex,json_manip,bert,1,17,launch_site,launch_site,field_split,FALSE_POSITIVE,True
quantum,spacex,json_manip,bert,1,17,auto_payload,payload_type,field_split,SUCCESS,True
quantum,spacex,json_manip,bert,1,17,tbd,tbd,field_split,FALSE_POSITIVE,True
quantum,spacex,json_manip,bert,1,17,gridfins,gridfins,field_split,FALSE_POSITIVE,True
quantum,spacex,json_manip,bert,1,17,legs,legs,field_split,FALSE_POSITIVE,True
quantum,spacex,json_manip,bert,1,17,reused,reused,field_split,FALSE_POSITIVE,True
quantum,spacex,json_manip,bert,1,17,fairings_reused,fairings_reused,field_split,FALSE_POSITIVE,True
quantum,spacex,json_manip,bert,1,17,fairings_recovery_attempt,fairings_recovery_attempt,field_split,FALSE_POSITIVE,True
quantum,spacex,json_manip,bert,1,17,cores_reused,cores_reused,field_split,FALSE_POSITIVE,True
quantum,spacex,json_manip,bert,1,17,ships,ships,field_split,FALSE_POSITIVE,True
quantum,spacex,json_manip,bert,1,17,capsules,capsules,field_split,FALSE_POSITIVE,True
quantum,spacex,json_manip,bert,1,17,flight_number,flight_number,field_split,FALSE_POSITIVE,True
quantum,spacex,json_manip,bert,1,31,mission_name,mission_name,variable_drop,FALSE_POSITIVE,True
quantum,spacex,json_manip,bert,1,31,launch_date_utc,launch_date_utc,variable_drop,FALSE_POSITIVE,True
quantum,spacex,json_manip,bert,1,31,rocket_id,rocket_id,variable_drop,FALSE_POSITIVE,True
quantum,spacex,json_manip,bert,1,31,launch_success,launch_success,variable_drop,FALSE_POSITIVE,True
quantum,spacex,json_manip,bert,1,31,upcoming,upcoming,variable_drop,FALSE_POSITIVE,True
quantum,spacex,json_manip,bert,1,31,static_fire_date_utc,static_fire_date_utc,variable_drop,FALSE_POSITIVE,True
quantum,spacex,json_manip,bert,1,31,net_duration,net_duration,variable_drop,FALSE_POSITIVE,True
quantum,spacex,json_manip,bert,1,31,window_start,window_start,variable_drop,FALSE_POSITIVE,True
quantum,spacex,json_manip,bert,1,31,window_end,window_end,variable_drop,FALSE_POSITIVE,True
quantum,spacex,json_manip,bert,1,31,failure_count,failure_count,variable_drop,FALSE_POSITIVE,True
quantum,spacex,json_manip,bert,1,31,failure_reasons,failure_reasons,variable_drop,FALSE_POSITIVE,True
quantum,spacex,json_manip,bert,1,31,payload_count,payload_count,variable_drop,FALSE_POSITIVE,True
quantum,spacex,json_manip,bert,1,31,payload_ids,payload_ids,variable_drop,FALSE_POSITIVE,True
quantum,spacex,json_manip,bert,1,31,payload_mass_kg,payload_mass_kg,variable_drop,FALSE_POSITIVE,True
quantum,spacex,json_manip,bert,1,31,payload_type,payload_type,variable_drop,FALSE_POSITIVE,True
quantum,spacex,json_manip,bert,1,31,crew_count,crew_count,variable_drop,FALSE_POSITIVE,True
quantum,spacex,json_manip,bert,1,31,launch_site,launch_site,variable_drop,FALSE_POSITIVE,True
quantum,spacex,json_manip,bert,1,31,auto_payload,auto_payload,variable_drop,FALSE_POSITIVE,True
quantum,spacex,json_manip,bert,1,31,gridfins,gridfins,variable_drop,FALSE_POSITIVE,True
quantum,spacex,json_manip,bert,1,31,legs,legs,variable_drop,FALSE_POSITIVE,True
quantum,spacex,json_manip,bert,1,31,reused,reused,variable_drop,FALSE_POSITIVE,True
quantum,spacex,json_manip,bert,1,31,fairings_reused,fairings_reused,variable_drop,FALSE_POSITIVE,True
quantum,spacex,json_manip,bert,1,31,fairings_recovery_attempt,fairings_recovery_attempt,variable_drop,FALSE_POSITIVE,True
quantum,spacex,json_manip,bert,1,31,cores_reused,cores_reused,variable_drop,FALSE_POSITIVE,True
quantum,spacex,json_manip,bert,1,31,ships,ships,variable_drop,FALSE_POSITIVE,True
quantum,spacex,json_manip,bert,1,31,capsules,capsules,variable_drop,FALSE_POSITIVE,True
quantum,spacex,json_manip,bert,1,31,flight_number,flight_number,variable_drop,FALSE_POSITIVE,True
quantum,spacex,json_manip,bert,1,31,tbd,,variable_drop,FAILURE,True
quantum,spacex,json_manip,bert,1,71,mission_name,mission_name,array_to_scalar,SUCCESS,True
quantum,spacex,json_manip,bert,1,71,launch_date_utc,launch_date_utc,array_to_scalar,SUCCESS,True
quantum,spacex,json_manip,bert,1,71,rocket_id,rocket_id,array_to_scalar,SUCCESS,True
quantum,spacex,json_manip,bert,1,71,launch_success,launch_success,array_to_scalar,SUCCESS,True
quantum,spacex,json_manip,bert,1,71,upcoming,upcoming,array_to_scalar,SUCCESS,True
quantum,spacex,json_manip,bert,1,71,static_fire_date_utc,static_fire_date_utc,array_to_scalar,SUCCESS,True
quantum,spacex,json_manip,bert,1,71,net_duration,net_duration,array_to_scalar,SUCCESS,True
quantum,spacex,json_manip,bert,1,71,window_start,window_start,array_to_scalar,SUCCESS,True
quantum,spacex,json_manip,bert,1,71,window_end,window_end,array_to_scalar,SUCCESS,True
quantum,spacex,json_manip,bert,1,71,failure_count,failure_count,array_to_scalar,SUCCESS,True
quantum,spacex,json_manip,bert,1,71,failure_reasons,failure_reasons,array_to_scalar,SUCCESS,True
quantum,spacex,json_manip,bert,1,71,payload_count,payload_count,array_to_scalar,SUCCESS,True
quantum,spacex,json_manip,bert,1,71,payload_ids,payload_ids,array_to_scalar,SUCCESS,True
quantum,spacex,json_manip,bert,1,71,payload_mass_kg,payload_mass_kg,array_to_scalar,SUCCESS,True
quantum,spacex,json_manip,bert,1,71,payload_type,payload_type,array_to_scalar,SUCCESS,True
quantum,spacex,json_manip,bert,1,71,crew_count,crew_count,array_to_scalar,SUCCESS,True
quantum,spacex,json_manip,bert,1,71,launch_site,launch_site,array_to_scalar,SUCCESS,True
quantum,spacex,json_manip,bert,1,71,auto_payload,auto_payload,array_to_scalar,SUCCESS,True
quantum,spacex,json_manip,bert,1,71,tbd,tbd,array_to_scalar,SUCCESS,True
quantum,spacex,json_manip,bert,1,71,gridfins,gridfins,array_to_scalar,SUCCESS,True
quantum,spacex,json_manip,bert,1,71,legs,legs,array_to_scalar,SUCCESS,True
quantum,spacex,json_manip,bert,1,71,reused,reused,array_to_scalar,SUCCESS,True
quantum,spacex,json_manip,bert,1,71,fairings_reused,fairings_reused,array_to_scalar,SUCCESS,True
quantum,spacex,json_manip,bert,1,71,fairings_recovery_attempt,fairings_recovery_attempt,array_to_scalar,SUCCESS,True
quantum,spacex,json_manip,bert,1,71,cores_reused,cores_reused,array_to_scalar,SUCCESS,True
quantum,spacex,json_manip,bert,1,71,ships,ships,array_to_scalar,SUCCESS,True
quantum,spacex,json_manip,bert,1,71,capsules,capsules,array_to_scalar,SUCCESS,True
quantum,spacex,json_manip,bert,1,71,flight_number,flight_number,array_to_scalar,SUCCESS,True
quantum,spacex,json_manip,bert,1,108,mission_name,mission_name,variable_drop,FALSE_POSITIVE,True
quantum,spacex,json_manip,bert,1,108,launch_date_utc,launch_date_utc,variable_drop,FALSE_POSITIVE,True
quantum,spacex,json_manip,bert,1,108,rocket_id,rocket_id,variable_drop,FALSE_POSITIVE,True
quantum,spacex,json_manip,bert,1,108,launch_success,launch_success,variable_drop,FALSE_POSITIVE,True
quantum,spacex,json_manip,bert,1,108,upcoming,upcoming,variable_drop,FALSE_POSITIVE,True
quantum,spacex,json_manip,bert,1,108,static_fire_date_utc,static_fire_date_utc,variable_drop,FALSE_POSITIVE,True
quantum,spacex,json_manip,bert,1,108,net_duration,net_duration,variable_drop,FALSE_POSITIVE,True
quantum,spacex,json_manip,bert,1,108,window_start,window_start,variable_drop,FALSE_POSITIVE,True
quantum,spacex,json_manip,bert,1,108,window_end,window_end,variable_drop,FALSE_POSITIVE,True
quantum,spacex,json_manip,bert,1,108,failure_count,failure_count,variable_drop,FALSE_POSITIVE,True
quantum,spacex,json_manip,bert,1,108,failure_reasons,failure_reasons,variable_drop,FALSE_POSITIVE,True
quantum,spacex,json_manip,bert,1,108,payload_count,payload_count,variable_drop,FALSE_POSITIVE,True
quantum,spacex,json_manip,bert,1,108,payload_ids,payload_ids,variable_drop,FALSE_POSITIVE,True
quantum,spacex,json_manip,bert,1,108,payload_mass_kg,payload_mass_kg,variable_drop,FALSE_POSITIVE,True
quantum,spacex,json_manip,bert,1,108,payload_type,payload_type,variable_drop,FALSE_POSITIVE,True
quantum,spacex,json_manip,bert,1,108,crew_count,crew_count,variable_drop,FALSE_POSITIVE,True
quantum,spacex,json_manip,bert,1,108,launch_site,launch_site,variable_drop,FALSE_POSITIVE,True
quantum,spacex,json_manip,bert,1,108,auto_payload,auto_payload,variable_drop,FALSE_POSITIVE,True
quantum,spacex,json_manip,bert,1,108,tbd,tbd,variable_drop,FALSE_POSITIVE,True
quantum,spacex,json_manip,bert,1,108,gridfins,gridfins,variable_drop,FALSE_POSITIVE,True
quantum,spacex,json_manip,bert,1,108,legs,legs,variable_drop,FALSE_POSITIVE,True
quantum,spacex,json_manip,bert,1,108,reused,reused,variable_drop,FALSE_POSITIVE,True
quantum,spacex,json_manip,bert,1,108,fairings_reused,fairings_reused,variable_drop,FALSE_POSITIVE,True
quantum,spacex,json_manip,bert,1,108,fairings_recovery_attempt,fairings_recovery_attempt,variable_drop,FALSE_POSITIVE,True
quantum,spacex,json_manip,bert,1,108,cores_reused,cores_reused,variable_drop,FALSE_POSITIVE,True
quantum,spacex,json_manip,bert,1,108,ships,ships,variable_drop,FALSE_POSITIVE,True
quantum,spacex,json_manip,bert,1,108,flight_number,flight_number,variable_drop,FALSE_POSITIVE,True
quantum,spacex,json_manip,bert,1,108,capsules,,variable_drop,FAILURE,True
quantum,spacex,json_manip,bert,1,135,mission_name,mission_name,null_injection,SUCCESS,True
quantum,spacex,json_manip,bert,1,135,launch_date_utc,launch_date_utc,null_injection,SUCCESS,True
quantum,spacex,json_manip,bert,1,135,rocket_id,rocket_id,null_injection,SUCCESS,True
quantum,spacex,json_manip,bert,1,135,launch_success,launch_success,null_injection,SUCCESS,True
quantum,spacex,json_manip,bert,1,135,upcoming,upcoming,null_injection,SUCCESS,True
quantum,spacex,json_manip,bert,1,135,static_fire_date_utc,static_fire_date_utc,null_injection,SUCCESS,True
quantum,spacex,json_manip,bert,1,135,net_duration,net_duration,null_injection,SUCCESS,True
quantum,spacex,json_manip,bert,1,135,window_start,window_start,null_injection,SUCCESS,True
quantum,spacex,json_manip,bert,1,135,window_end,window_end,null_injection,SUCCESS,True
quantum,spacex,json_manip,bert,1,135,failure_count,failure_count,null_injection,SUCCESS,True
quantum,spacex,json_manip,bert,1,135,failure_reasons,failure_reasons,null_injection,SUCCESS,True
quantum,spacex,json_manip,bert,1,135,payload_count,payload_count,null_injection,SUCCESS,True
quantum,spacex,json_manip,bert,1,135,payload_ids,payload_ids,null_injection,SUCCESS,True
quantum,spacex,json_manip,bert,1,135,payload_mass_kg,payload_mass_kg,null_injection,SUCCESS,True
quantum,spacex,json_manip,bert,1,135,payload_type,payload_type,null_injection,SUCCESS,True
quantum,spacex,json_manip,bert,1,135,crew_count,crew_count,null_injection,SUCCESS,True
quantum,spacex,json_manip,bert,1,135,launch_site,launch_site,null_injection,SUCCESS,True
quantum,spacex,json_manip,bert,1,135,auto_payload,auto_payload,null_injection,SUCCESS,True
quantum,spacex,json_manip,bert,1,135,tbd,tbd,null_injection,SUCCESS,True
quantum,spacex,json_manip,bert,1,135,gridfins,gridfins,null_injection,SUCCESS,True
quantum,spacex,json_manip,bert,1,135,legs,legs,null_injection,SUCCESS,True
quantum,spacex,json_manip,bert,1,135,reused,reused,null_injection,SUCCESS,True
quantum,spacex,json_manip,bert,1,135,fairings_reused,fairings_reused,null_injection,SUCCESS,True
quantum,spacex,json_manip,bert,1,135,fairings_recovery_attempt,fairings_recovery_attempt,null_injection,SUCCESS,True
quantum,spacex,json_manip,bert,1,135,cores_reused,cores_reused,null_injection,SUCCESS,True
quantum,spacex,json_manip,bert,1,135,ships,ships,null_injection,SUCCESS,True
quantum,spacex,json_manip,bert,1,135,capsules,capsules,null_injection,SUCCESS,True
quantum,spacex,json_manip,bert,1,135,flight_number,flight_number,null_injection,SUCCESS,True
quantum,spacex,json_manip,bert,1,162,mission_name,mission_name,scalar_to_array,SUCCESS,True
quantum,spacex,json_manip,bert,1,162,launch_date_utc,launch_date_utc,scalar_to_array,SUCCESS,True
quantum,spacex,json_manip,bert,1,162,rocket_id,rocket_id,scalar_to_array,SUCCESS,True
quantum,spacex,json_manip,bert,1,162,launch_success,launch_success,scalar_to_array,SUCCESS,True
quantum,spacex,json_manip,bert,1,162,upcoming,upcoming,scalar_to_array,SUCCESS,True
quantum,spacex,json_manip,bert,1,162,static_fire_date_utc,static_fire_date_utc,scalar_to_array,SUCCESS,True
quantum,spacex,json_manip,bert,1,162,net_duration,net_duration,scalar_to_array,SUCCESS,True
quantum,spacex,json_manip,bert,1,162,window_start,window_start,scalar_to_array,SUCCESS,True
quantum,spacex,json_manip,bert,1,162,window_end,window_end,scalar_to_array,SUCCESS,True
quantum,spacex,json_manip,bert,1,162,failure_count,failure_count,scalar_to_array,SUCCESS,True
quantum,spacex,json_manip,bert,1,162,failure_reasons,failure_reasons,scalar_to_array,SUCCESS,True
quantum,spacex,json_manip,bert,1,162,payload_count,payload_count,scalar_to_array,SUCCESS,True
quantum,spacex,json_manip,bert,1,162,payload_ids,payload_ids,scalar_to_array,SUCCESS,True
quantum,spacex,json_manip,bert,1,162,payload_mass_kg,payload_mass_kg,scalar_to_array,SUCCESS,True
quantum,spacex,json_manip,bert,1,162,payload_type,payload_type,scalar_to_array,SUCCESS,True
quantum,spacex,json_manip,bert,1,162,crew_count,crew_count,scalar_to_array,SUCCESS,True
quantum,spacex,json_manip,bert,1,162,launch_site,launch_site,scalar_to_array,SUCCESS,True
quantum,spacex,json_manip,bert,1,162,auto_payload,auto_payload,scalar_to_array,SUCCESS,True
quantum,spacex,json_manip,bert,1,162,tbd,tbd,scalar_to_array,SUCCESS,True
quantum,spacex,json_manip,bert,1,162,gridfins,gridfins,scalar_to_array,SUCCESS,True
quantum,spacex,json_manip,bert,1,162,legs,legs,scalar_to_array,SUCCESS,True
quantum,spacex,json_manip,bert,1,162,reused,reused,scalar_to_array,SUCCESS,True
quantum,spacex,json_manip,bert,1,162,fairings_reused,fairings_reused,scalar_to_array,SUCCESS,True
quantum,spacex,json_manip,bert,1,162,fairings_recovery_attempt,fairings_recovery_attempt,scalar_to_array,SUCCESS,True
quantum,spacex,json_manip,bert,1,162,cores_reused,cores_reused,scalar_to_array,SUCCESS,True
quantum,spacex,json_manip,bert,1,162,ships,ships,scalar_to_array,SUCCESS,True
quantum,spacex,json_manip,bert,1,162,capsules,capsules,scalar_to_array,SUCCESS,True
quantum,spacex,json_manip,bert,1,162,flight_number,flight_number,scalar_to_array,SUCCESS,True
quantum,spacex,json_manip,bert,1,190,mission_name,mission_name,field_merge_value,FALSE_POSITIVE,True
quantum,spacex,json_manip,bert,1,190,launch_date_utc,launch_date_utc,field_merge_value,FALSE_POSITIVE,True
quantum,spacex,json_manip,bert,1,190,rocket_id,rocket_id,field_merge_value,FALSE_POSITIVE,True
quantum,spacex,json_manip,bert,1,190,launch_success,launch_success,field_merge_value,FALSE_POSITIVE,True
quantum,spacex,json_manip,bert,1,190,upcoming,upcoming,field_merge_value,FALSE_POSITIVE,True
quantum,spacex,json_manip,bert,1,190,static_fire_date_utc,static_fire_date_utc,field_merge_value,FALSE_POSITIVE,True
quantum,spacex,json_manip,bert,1,190,net_duration,net_duration,field_merge_value,FALSE_POSITIVE,True
quantum,spacex,json_manip,bert,1,190,window_start,window_start,field_merge_value,FALSE_POSITIVE,True
quantum,spacex,json_manip,bert,1,190,window_end,window_end,field_merge_value,FALSE_POSITIVE,True
quantum,spacex,json_manip,bert,1,190,failure_count,failure_count,field_merge_value,FALSE_POSITIVE,True
quantum,spacex,json_manip,bert,1,190,payload_count,payload_count,field_merge_value,FALSE_POSITIVE,True
quantum,spacex,json_manip,bert,1,190,payload_ids,payload_ids,field_merge_value,FALSE_POSITIVE,True
quantum,spacex,json_manip,bert,1,190,payload_mass_kg,payload_count,field_merge_value,SUCCESS,True
quantum,spacex,json_manip,bert,1,190,payload_type,payload_type,field_merge_value,FALSE_POSITIVE,True
quantum,spacex,json_manip,bert,1,190,crew_count,crew_count,field_merge_value,FALSE_POSITIVE,True
quantum,spacex,json_manip,bert,1,190,launch_site,launch_site,field_merge_value,FALSE_POSITIVE,True
quantum,spacex,json_manip,bert,1,190,auto_payload,auto_payload,field_merge_value,FALSE_POSITIVE,True
quantum,spacex,json_manip,bert,1,190,tbd,tbd,field_merge_value,FALSE_POSITIVE,True
quantum,spacex,json_manip,bert,1,190,gridfins,gridfins,field_merge_value,FALSE_POSITIVE,True
quantum,spacex,json_manip,bert,1,190,legs,legs,field_merge_value,FALSE_POSITIVE,True
quantum,spacex,json_manip,bert,1,190,reused,reused,field_merge_value,FALSE_POSITIVE,True
quantum,spacex,json_manip,bert,1,190,fairings_reused,fairings_reused,field_merge_value,FALSE_POSITIVE,True
quantum,spacex,json_manip,bert,1,190,fairings_recovery_attempt,fairings_recovery_attempt,field_merge_value,FALSE_POSITIVE,True
quantum,spacex,json_manip,bert,1,190,cores_reused,cores_reused,field_merge_value,FALSE_POSITIVE,True
quantum,spacex,json_manip,bert,1,190,ships,ships,field_merge_value,FALSE_POSITIVE,True
quantum,spacex,json_manip,bert,1,190,capsules,capsules,field_merge_value,FALSE_POSITIVE,True
quantum,spacex,json_manip,bert,1,190,flight_number,flight_number,field_merge_value,FALSE_POSITIVE,True
quantum,spacex,json_manip,bert,1,190,failure_reasons,,field_merge_value,FAILURE,True
quantum,spacex,json_manip,bert,1,229,mission_name,mission_name,variable_drop,FALSE_POSITIVE,True
quantum,spacex,json_manip,bert,1,229,launch_date_utc,launch_date_utc,variable_drop,FALSE_POSITIVE,True
quantum,spacex,json_manip,bert,1,229,rocket_id,rocket_id,variable_drop,FALSE_POSITIVE,True
quantum,spacex,json_manip,bert,1,229,launch_success,launch_success,variable_drop,FALSE_POSITIVE,True
quantum,spacex,json_manip,bert,1,229,upcoming,upcoming,variable_drop,FALSE_POSITIVE,True
quantum,spacex,json_manip,bert,1,229,static_fire_date_utc,static_fire_date_utc,variable_drop,FALSE_POSITIVE,True
quantum,spacex,json_manip,bert,1,229,net_duration,net_duration,variable_drop,FALSE_POSITIVE,True
quantum,spacex,json_manip,bert,1,229,window_start,window_start,variable_drop,FALSE_POSITIVE,True
quantum,spacex,json_manip,bert,1,229,window_end,window_end,variable_drop,FALSE_POSITIVE,True
quantum,spacex,json_manip,bert,1,229,failure_reasons,failure_reasons,variable_drop,FALSE_POSITIVE,True
quantum,spacex,json_manip,bert,1,229,payload_count,payload_count,variable_drop,FALSE_POSITIVE,True
quantum,spacex,json_manip,bert,1,229,payload_ids,payload_ids,variable_drop,FALSE_POSITIVE,True
quantum,spacex,json_manip,bert,1,229,payload_mass_kg,payload_mass_kg,variable_drop,FALSE_POSITIVE,True
quantum,spacex,json_manip,bert,1,229,payload_type,payload_type,variable_drop,FALSE_POSITIVE,True
quantum,spacex,json_manip,bert,1,229,crew_count,crew_count,variable_drop,FALSE_POSITIVE,True
quantum,spacex,json_manip,bert,1,229,launch_site,launch_site,variable_drop,FALSE_POSITIVE,True
quantum,spacex,json_manip,bert,1,229,auto_payload,auto_payload,variable_drop,FALSE_POSITIVE,True
quantum,spacex,json_manip,bert,1,229,tbd,tbd,variable_drop,FALSE_POSITIVE,True
quantum,spacex,json_manip,bert,1,229,gridfins,gridfins,variable_drop,FALSE_POSITIVE,True
quantum,spacex,json_manip,bert,1,229,legs,legs,variable_drop,FALSE_POSITIVE,True
quantum,spacex,json_manip,bert,1,229,reused,reused,variable_drop,FALSE_POSITIVE,True
quantum,spacex,json_manip,bert,1,229,fairings_reused,fairings_reused,variable_drop,FALSE_POSITIVE,True
quantum,spacex,json_manip,bert,1,229,fairings_recovery_attempt,fairings_recovery_attempt,variable_drop,FALSE_POSITIVE,True
quantum,spacex,json_manip,bert,1,229,cores_reused,cores_reused,variable_drop,FALSE_POSITIVE,True
quantum,spacex,json_manip,bert,1,229,ships,ships,variable_drop,FALSE_POSITIVE,True
quantum,spacex,json_manip,bert,1,229,capsules,capsules,variable_drop,FALSE_POSITIVE,True
quantum,spacex,json_manip,bert,1,229,flight_number,flight_number,variable_drop,FALSE_POSITIVE,True
quantum,spacex,json_manip,bert,1,229,failure_count,,variable_drop,FAILURE,True
quantum,spacex,json_manip,bert,1,235,mission_name,mission_name,field_merge_value,FALSE_POSITIVE,True
quantum,spacex,json_manip,bert,1,235,launch_date_utc,launch_date_utc,field_merge_value,FALSE_POSITIVE,True
quantum,spacex,json_manip,bert,1,235,rocket_id,rocket_id_capsules,field_merge_value,SUCCESS,True
quantum,spacex,json_manip,bert,1,235,launch_success,launch_success,field_merge_value,FALSE_POSITIVE,True
quantum,spacex,json_manip,bert,1,235,upcoming,upcoming,field_merge_value,FALSE_POSITIVE,True
quantum,spacex,json_manip,bert,1,235,static_fire_date_utc,static_fire_date_utc,field_merge_value,FALSE_POSITIVE,True
quantum,spacex,json_manip,bert,1,235,net_duration,net_duration,field_merge_value,FALSE_POSITIVE,True
quantum,spacex,json_manip,bert,1,235,window_start,window_start,field_merge_value,FALSE_POSITIVE,True
quantum,spacex,json_manip,bert,1,235,window_end,window_end,field_merge_value,FALSE_POSITIVE,True
quantum,spacex,json_manip,bert,1,235,failure_count,failure_count,field_merge_value,FALSE_POSITIVE,True
quantum,spacex,json_manip,bert,1,235,failure_reasons,failure_reasons,field_merge_value,FALSE_POSITIVE,True
quantum,spacex,json_manip,bert,1,235,payload_count,payload_count,field_merge_value,FALSE_POSITIVE,True
quantum,spacex,json_manip,bert,1,235,payload_ids,payload_ids,field_merge_value,FALSE_POSITIVE,True
quantum,spacex,json_manip,bert,1,235,payload_mass_kg,payload_mass_kg,field_merge_value,FALSE_POSITIVE,True
quantum,spacex,json_manip,bert,1,235,payload_type,payload_type,field_merge_value,FALSE_POSITIVE,True
quantum,spacex,json_manip,bert,1,235,crew_count,crew_count,field_merge_value,FALSE_POSITIVE,True
quantum,spacex,json_manip,bert,1,235,launch_site,launch_site,field_merge_value,FALSE_POSITIVE,True
quantum,spacex,json_manip,bert,1,235,auto_payload,auto_payload,field_merge_value,FALSE_POSITIVE,True
quantum,spacex,json_manip,bert,1,235,tbd,tbd,field_merge_value,FALSE_POSITIVE,True
quantum,spacex,json_manip,bert,1,235,gridfins,gridfins,field_merge_value,FALSE_POSITIVE,True
quantum,spacex,json_manip,bert,1,235,legs,legs,field_merge_value,FALSE_POSITIVE,True
quantum,spacex,json_manip,bert,1,235,reused,reused,field_merge_value,FALSE_POSITIVE,True
quantum,spacex,json_manip,bert,1,235,fairings_reused,fairings_reused,field_merge_value,FALSE_POSITIVE,True
quantum,spacex,json_manip,bert,1,235,fairings_recovery_attempt,fairings_recovery_attempt,field_merge_value,FALSE_POSITIVE,True
quantum,spacex,json_manip,bert,1,235,cores_reused,cores_reused,field_merge_value,FALSE_POSITIVE,True
quantum,spacex,json_manip,bert,1,235,ships,ships,field_merge_value,FALSE_POSITIVE,True
quantum,spacex,json_manip,bert,1,235,flight_number,flight_number,field_merge_value,FALSE_POSITIVE,True
quantum,spacex,json_manip,bert,1,235,capsules,,field_merge_value,FAILURE,True
quantum,spacex,json_manip,bert,1,291,mission_name,mission_name,null_injection,SUCCESS,True
quantum,spacex,json_manip,bert,1,291,launch_date_utc,launch_date_utc,null_injection,SUCCESS,True
quantum,spacex,json_manip,bert,1,291,rocket_id,rocket_id,null_injection,SUCCESS,True
quantum,spacex,json_manip,bert,1,291,launch_success,launch_success,null_injection,SUCCESS,True
quantum,spacex,json_manip,bert,1,291,upcoming,upcoming,null_injection,SUCCESS,True
quantum,spacex,json_manip,bert,1,291,static_fire_date_utc,static_fire_date_utc,null_injection,SUCCESS,True
quantum,spacex,json_manip,bert,1,291,net_duration,net_duration,null_injection,SUCCESS,True
quantum,spacex,json_manip,bert,1,291,window_start,window_start,null_injection,SUCCESS,True
quantum,spacex,json_manip,bert,1,291,window_end,window_end,null_injection,SUCCESS,True
quantum,spacex,json_manip,bert,1,291,failure_count,failure_count,null_injection,SUCCESS,True
quantum,spacex,json_manip,bert,1,291,failure_reasons,failure_reasons,null_injection,SUCCESS,True
quantum,spacex,json_manip,bert,1,291,payload_count,payload_count,null_injection,SUCCESS,True
quantum,spacex,json_manip,bert,1,291,payload_ids,payload_ids,null_injection,SUCCESS,True
quantum,spacex,json_manip,bert,1,291,payload_mass_kg,payload_mass_kg,null_injection,SUCCESS,True
quantum,spacex,json_manip,bert,1,291,payload_type,payload_type,null_injection,SUCCESS,True
quantum,spacex,json_manip,bert,1,291,crew_count,crew_count,null_injection,SUCCESS,True
quantum,spacex,json_manip,bert,1,291,launch_site,launch_site,null_injection,SUCCESS,True
quantum,spacex,json_manip,bert,1,291,auto_payload,auto_payload,null_injection,SUCCESS,True
quantum,spacex,json_manip,bert,1,291,tbd,tbd,null_injection,SUCCESS,True
quantum,spacex,json_manip,bert,1,291,gridfins,gridfins,null_injection,SUCCESS,True
quantum,spacex,json_manip,bert,1,291,legs,legs,null_injection,SUCCESS,True
quantum,spacex,json_manip,bert,1,291,reused,reused,null_injection,SUCCESS,True
quantum,spacex,json_manip,bert,1,291,fairings_reused,fairings_reused,null_injection,SUCCESS,True
quantum,spacex,json_manip,bert,1,291,fairings_recovery_attempt,fairings_recovery_attempt,null_injection,SUCCESS,True
quantum,spacex,json_manip,bert,1,291,cores_reused,cores_reused,null_injection,SUCCESS,True
quantum,spacex,json_manip,bert,1,291,ships,ships,null_injection,SUCCESS,True
quantum,spacex,json_manip,bert,1,291,capsules,capsules,null_injection,SUCCESS,True
quantum,spacex,json_manip,bert,1,291,flight_number,flight_number,null_injection,SUCCESS,True
quantum,spacex,json_manip,bert,1,296,mission_name,mission_name,variable_drop,FALSE_POSITIVE,True
quantum,spacex,json_manip,bert,1,296,launch_date_utc,launch_date_utc,variable_drop,FALSE_POSITIVE,True
quantum,spacex,json_manip,bert,1,296,rocket_id,rocket_id,variable_drop,FALSE_POSITIVE,True
quantum,spacex,json_manip,bert,1,296,launch_success,launch_success,variable_drop,FALSE_POSITIVE,True
quantum,spacex,json_manip,bert,1,296,upcoming,upcoming,variable_drop,FALSE_POSITIVE,True
quantum,spacex,json_manip,bert,1,296,static_fire_date_utc,static_fire_date_utc,variable_drop,FALSE_POSITIVE,True
quantum,spacex,json_manip,bert,1,296,window_start,window_start,variable_drop,FALSE_POSITIVE,True
quantum,spacex,json_manip,bert,1,296,window_end,window_end,variable_drop,FALSE_POSITIVE,True
quantum,spacex,json_manip,bert,1,296,failure_count,failure_count,variable_drop,FALSE_POSITIVE,True
quantum,spacex,json_manip,bert,1,296,failure_reasons,failure_reasons,variable_drop,FALSE_POSITIVE,True
quantum,spacex,json_manip,bert,1,296,payload_count,payload_count,variable_drop,FALSE_POSITIVE,True
quantum,spacex,json_manip,bert,1,296,payload_ids,payload_ids,variable_drop,FALSE_POSITIVE,True
quantum,spacex,json_manip,bert,1,296,payload_mass_kg,payload_mass_kg,variable_drop,FALSE_POSITIVE,True
quantum,spacex,json_manip,bert,1,296,payload_type,payload_type,variable_drop,FALSE_POSITIVE,True
quantum,spacex,json_manip,bert,1,296,crew_count,crew_count,variable_drop,FALSE_POSITIVE,True
quantum,spacex,json_manip,bert,1,296,launch_site,launch_site,variable_drop,FALSE_POSITIVE,True
quantum,spacex,json_manip,bert,1,296,auto_payload,auto_payload,variable_drop,FALSE_POSITIVE,True
quantum,spacex,json_manip,bert,1,296,tbd,tbd,variable_drop,FALSE_POSITIVE,True
quantum,spacex,json_manip,bert,1,296,gridfins,gridfins,variable_drop,FALSE_POSITIVE,True
quantum,spacex,json_manip,bert,1,296,legs,legs,variable_drop,FALSE_POSITIVE,True
quantum,spacex,json_manip,bert,1,296,reused,reused,variable_drop,FALSE_POSITIVE,True
quantum,spacex,json_manip,bert,1,296,fairings_reused,fairings_reused,variable_drop,FALSE_POSITIVE,True
quantum,spacex,json_manip,bert,1,296,fairings_recovery_attempt,fairings_recovery_attempt,variable_drop,FALSE_POSITIVE,True
quantum,spacex,json_manip,bert,1,296,cores_reused,cores_reused,variable_drop,FALSE_POSITIVE,True
quantum,spacex,json_manip,bert,1,296,ships,ships,variable_drop,FALSE_POSITIVE,True
quantum,spacex,json_manip,bert,1,296,capsules,capsules,variable_drop,FALSE_POSITIVE,True
quantum,spacex,json_manip,bert,1,296,flight_number,flight_number,variable_drop,FALSE_POSITIVE,True
quantum,spacex,json_manip,bert,1,296,net_duration,,variable_drop,FAILURE,True
quantum,spacex,json_manip,bert,1,298,mission_name,mission_name,array_to_scalar,SUCCESS,True
quantum,spacex,json_manip,bert,1,298,launch_date_utc,launch_date_utc,array_to_scalar,SUCCESS,True
quantum,spacex,json_manip,bert,1,298,rocket_id,rocket_id,array_to_scalar,SUCCESS,True
quantum,spacex,json_manip,bert,1,298,launch_success,launch_success,array_to_scalar,SUCCESS,True
quantum,spacex,json_manip,bert,1,298,upcoming,upcoming,array_to_scalar,SUCCESS,True
quantum,spacex,json_manip,bert,1,298,static_fire_date_utc,static_fire_date_utc,array_to_scalar,SUCCESS,True
quantum,spacex,json_manip,bert,1,298,net_duration,net_duration,array_to_scalar,SUCCESS,True
quantum,spacex,json_manip,bert,1,298,window_start,window_start,array_to_scalar,SUCCESS,True
quantum,spacex,json_manip,bert,1,298,window_end,window_end,array_to_scalar,SUCCESS,True
quantum,spacex,json_manip,bert,1,298,failure_count,failure_count,array_to_scalar,SUCCESS,True
quantum,spacex,json_manip,bert,1,298,failure_reasons,failure_reasons,array_to_scalar,SUCCESS,True
quantum,spacex,json_manip,bert,1,298,payload_count,payload_count,array_to_scalar,SUCCESS,True
quantum,spacex,json_manip,bert,1,298,payload_ids,payload_ids,array_to_scalar,SUCCESS,True
quantum,spacex,json_manip,bert,1,298,payload_mass_kg,payload_mass_kg,array_to_scalar,SUCCESS,True
quantum,spacex,json_manip,bert,1,298,payload_type,payload_type,array_to_scalar,SUCCESS,True
quantum,spacex,json_manip,bert,1,298,crew_count,crew_count,array_to_scalar,SUCCESS,True
quantum,spacex,json_manip,bert,1,298,launch_site,launch_site,array_to_scalar,SUCCESS,True
quantum,spacex,json_manip,bert,1,298,auto_payload,auto_payload,array_to_scalar,SUCCESS,True
quantum,spacex,json_manip,bert,1,298,tbd,tbd,array_to_scalar,SUCCESS,True
quantum,spacex,json_manip,bert,1,298,gridfins,gridfins,array_to_scalar,SUCCESS,True
quantum,spacex,json_manip,bert,1,298,legs,legs,array_to_scalar,SUCCESS,True
quantum,spacex,json_manip,bert,1,298,reused,reused,array_to_scalar,SUCCESS,True
quantum,spacex,json_manip,bert,1,298,fairings_reused,fairings_reused,array_to_scalar,SUCCESS,True
quantum,spacex,json_manip,bert,1,298,fairings_recovery_attempt,fairings_recovery_attempt,array_to_scalar,SUCCESS,True
quantum,spacex,json_manip,bert,1,298,cores_reused,cores_reused,array_to_scalar,SUCCESS,True
quantum,spacex,json_manip,bert,1,298,ships,ships,array_to_scalar,SUCCESS,True
quantum,spacex,json_manip,bert,1,298,capsules,capsules,array_to_scalar,SUCCESS,True
quantum,spacex,json_manip,bert,1,298,flight_number,flight_number,array_to_scalar,SUCCESS,True
quantum,spacex,json_manip,bert,1,306,mission_name,mission_name,array_to_scalar,SUCCESS,True
quantum,spacex,json_manip,bert,1,306,launch_date_utc,launch_date_utc,array_to_scalar,SUCCESS,True
quantum,spacex,json_manip,bert,1,306,rocket_id,rocket_id,array_to_scalar,SUCCESS,True
quantum,spacex,json_manip,bert,1,306,launch_success,launch_success,array_to_scalar,SUCCESS,True
quantum,spacex,json_manip,bert,1,306,upcoming,upcoming,array_to_scalar,SUCCESS,True
quantum,spacex,json_manip,bert,1,306,static_fire_date_utc,static_fire_date_utc,array_to_scalar,SUCCESS,True
quantum,spacex,json_manip,bert,1,306,net_duration,net_duration,array_to_scalar,SUCCESS,True
quantum,spacex,json_manip,bert,1,306,window_start,window_start,array_to_scalar,SUCCESS,True
quantum,spacex,json_manip,bert,1,306,window_end,window_end,array_to_scalar,SUCCESS,True
quantum,spacex,json_manip,bert,1,306,failure_count,failure_count,array_to_scalar,SUCCESS,True
quantum,spacex,json_manip,bert,1,306,failure_reasons,failure_reasons,array_to_scalar,SUCCESS,True
quantum,spacex,json_manip,bert,1,306,payload_count,payload_count,array_to_scalar,SUCCESS,True
quantum,spacex,json_manip,bert,1,306,payload_ids,payload_ids,array_to_scalar,SUCCESS,True
quantum,spacex,json_manip,bert,1,306,payload_mass_kg,payload_mass_kg,array_to_scalar,SUCCESS,True
quantum,spacex,json_manip,bert,1,306,payload_type,payload_type,array_to_scalar,SUCCESS,True
quantum,spacex,json_manip,bert,1,306,crew_count,crew_count,array_to_scalar,SUCCESS,True
quantum,spacex,json_manip,bert,1,306,launch_site,launch_site,array_to_scalar,SUCCESS,True
quantum,spacex,json_manip,bert,1,306,auto_payload,auto_payload,array_to_scalar,SUCCESS,True
quantum,spacex,json_manip,bert,1,306,tbd,tbd,array_to_scalar,SUCCESS,True
quantum,spacex,json_manip,bert,1,306,gridfins,gridfins,array_to_scalar,SUCCESS,True
quantum,spacex,json_manip,bert,1,306,legs,legs,array_to_scalar,SUCCESS,True
quantum,spacex,json_manip,bert,1,306,reused,reused,array_to_scalar,SUCCESS,True
quantum,spacex,json_manip,bert,1,306,fairings_reused,fairings_reused,array_to_scalar,SUCCESS,True
quantum,spacex,json_manip,bert,1,306,fairings_recovery_attempt,fairings_recovery_attempt,array_to_scalar,SUCCESS,True
quantum,spacex,json_manip,bert,1,306,cores_reused,cores_reused,array_to_scalar,SUCCESS,True
quantum,spacex,json_manip,bert,1,306,ships,ships,array_to_scalar,SUCCESS,True
quantum,spacex,json_manip,bert,1,306,capsules,capsules,array_to_scalar,SUCCESS,True
quantum,spacex,json_manip,bert,1,306,flight_number,flight_number,array_to_scalar,SUCCESS,True
quantum,spacex,json_manip,bert,1,307,mission_name,mission_name,default_value_inject,SUCCESS,True
quantum,spacex,json_manip,bert,1,307,launch_date_utc,launch_date_utc,default_value_inject,SUCCESS,True
quantum,spacex,json_manip,bert,1,307,rocket_id,rocket_id,default_value_inject,SUCCESS,True
quantum,spacex,json_manip,bert,1,307,launch_success,launch_success,default_value_inject,SUCCESS,True
quantum,spacex,json_manip,bert,1,307,upcoming,upcoming,default_value_inject,SUCCESS,True
quantum,spacex,json_manip,bert,1,307,static_fire_date_utc,static_fire_date_utc,default_value_inject,SUCCESS,True
quantum,spacex,json_manip,bert,1,307,net_duration,net_duration,default_value_inject,SUCCESS,True
quantum,spacex,json_manip,bert,1,307,window_start,window_start,default_value_inject,SUCCESS,True
quantum,spacex,json_manip,bert,1,307,window_end,window_end,default_value_inject,SUCCESS,True
quantum,spacex,json_manip,bert,1,307,failure_count,failure_count,default_value_inject,SUCCESS,True
quantum,spacex,json_manip,bert,1,307,failure_reasons,failure_reasons,default_value_inject,SUCCESS,True
quantum,spacex,json_manip,bert,1,307,payload_count,payload_count,default_value_inject,SUCCESS,True
quantum,spacex,json_manip,bert,1,307,payload_ids,payload_ids,default_value_inject,SUCCESS,True
quantum,spacex,json_manip,bert,1,307,payload_mass_kg,payload_mass_kg,default_value_inject,SUCCESS,True
quantum,spacex,json_manip,bert,1,307,payload_type,payload_type,default_value_inject,SUCCESS,True
quantum,spacex,json_manip,bert,1,307,crew_count,crew_count,default_value_inject,SUCCESS,True
quantum,spacex,json_manip,bert,1,307,launch_site,launch_site,default_value_inject,SUCCESS,True
quantum,spacex,json_manip,bert,1,307,auto_payload,auto_payload,default_value_inject,SUCCESS,True
quantum,spacex,json_manip,bert,1,307,tbd,tbd,default_value_inject,SUCCESS,True
quantum,spacex,json_manip,bert,1,307,gridfins,gridfins,default_value_inject,SUCCESS,True
quantum,spacex,json_manip,bert,1,307,legs,legs,default_value_inject,SUCCESS,True
quantum,spacex,json_manip,bert,1,307,reused,reused,default_value_inject,SUCCESS,True
quantum,spacex,json_manip,bert,1,307,fairings_reused,fairings_reused,default_value_inject,SUCCESS,True
quantum,spacex,json_manip,bert,1,307,fairings_recovery_attempt,fairings_recovery_attempt,default_value_inject,SUCCESS,True
quantum,spacex,json_manip,bert,1,307,cores_reused,cores_reused,default_value_inject,SUCCESS,True
quantum,spacex,json_manip,bert,1,307,ships,ships,default_value_inject,SUCCESS,True
quantum,spacex,json_manip,bert,1,307,capsules,capsules,default_value_inject,SUCCESS,True
quantum,spacex,json_manip,bert,1,307,flight_number,flight_number,default_value_inject,SUCCESS,True
quantum,spacex,json_manip,bert,1,334,mission_name,mission_name,field_split,FALSE_POSITIVE,True
quantum,spacex,json_manip,bert,1,334,launch_date_utc,launch_date_utc,field_split,FALSE_POSITIVE,True
quantum,spacex,json_manip,bert,1,334,rocket_id,rocket_id,field_split,FALSE_POSITIVE,True
quantum,spacex,json_manip,bert,1,334,launch_success,launch_success,field_split,FALSE_POSITIVE,True
quantum,spacex,json_manip,bert,1,334,upcoming,upcoming,field_split,FALSE_POSITIVE,True
quantum,spacex,json_manip,bert,1,334,static_fire_date_utc,static_fire_date_utc,field_split,FALSE_POSITIVE,True
quantum,spacex,json_manip,bert,1,334,net_duration,net_duration,field_split,FALSE_POSITIVE,True
quantum,spacex,json_manip,bert,1,334,window_start,window_start,field_split,FALSE_POSITIVE,True
quantum,spacex,json_manip,bert,1,334,window_end,window_end,field_split,FALSE_POSITIVE,True
quantum,spacex,json_manip,bert,1,334,failure_count,failure_count,field_split,FALSE_POSITIVE,True
quantum,spacex,json_manip,bert,1,334,failure_reasons,failure_reasons,field_split,FALSE_POSITIVE,True
quantum,spacex,json_manip,bert,1,334,payload_count,payload_count,field_split,FALSE_POSITIVE,True
quantum,spacex,json_manip,bert,1,334,payload_ids,payload_ids,field_split,FALSE_POSITIVE,True
quantum,spacex,json_manip,bert,1,334,payload_mass_kg,payload_mass_kg,field_split,FALSE_POSITIVE,True
quantum,spacex,json_manip,bert,1,334,payload_type,payload_type_part1,field_split,SUCCESS,True
quantum,spacex,json_manip,bert,1,334,crew_count,crew_count,field_split,FALSE_POSITIVE,True
quantum,spacex,json_manip,bert,1,334,launch_site,launch_site,field_split,FALSE_POSITIVE,True
quantum,spacex,json_manip,bert,1,334,auto_payload,auto_payload,field_split,FALSE_POSITIVE,True
quantum,spacex,json_manip,bert,1,334,tbd,tbd,field_split,FALSE_POSITIVE,True
quantum,spacex,json_manip,bert,1,334,gridfins,gridfins,field_split,FALSE_POSITIVE,True
quantum,spacex,json_manip,bert,1,334,legs,legs,field_split,FALSE_POSITIVE,True
quantum,spacex,json_manip,bert,1,334,reused,reused,field_split,FALSE_POSITIVE,True
quantum,spacex,json_manip,bert,1,334,fairings_reused,fairings_reused,field_split,FALSE_POSITIVE,True
quantum,spacex,json_manip,bert,1,334,fairings_recovery_attempt,fairings_recovery_attempt,field_split,FALSE_POSITIVE,True
quantum,spacex,json_manip,bert,1,334,cores_reused,cores_reused,field_split,FALSE_POSITIVE,True
quantum,spacex,json_manip,bert,1,334,ships,ships,field_split,FALSE_POSITIVE,True
quantum,spacex,json_manip,bert,1,334,capsules,capsules,field_split,FALSE_POSITIVE,True
quantum,spacex,json_manip,bert,1,334,flight_number,flight_number,field_split,FALSE_POSITIVE,True
quantum,spacex,json_manip,bert,1,350,mission_name,mission_name,duplicate_field_inject,FALSE_POSITIVE,True
quantum,spacex,json_manip,bert,1,350,launch_date_utc,launch_date_utc,duplicate_field_inject,FALSE_POSITIVE,True
quantum,spacex,json_manip,bert,1,350,rocket_id,rocket_id,duplicate_field_inject,FALSE_POSITIVE,True
quantum,spacex,json_manip,bert,1,350,launch_success,launch_success,duplicate_field_inject,FALSE_POSITIVE,True
quantum,spacex,json_manip,bert,1,350,upcoming,upcoming,duplicate_field_inject,FALSE_POSITIVE,True
quantum,spacex,json_manip,bert,1,350,static_fire_date_utc,static_fire_date_utc,duplicate_field_inject,FALSE_POSITIVE,True
quantum,spacex,json_manip,bert,1,350,net_duration,net_duration,duplicate_field_inject,FALSE_POSITIVE,True
quantum,spacex,json_manip,bert,1,350,window_start,window_start,duplicate_field_inject,FALSE_POSITIVE,True
quantum,spacex,json_manip,bert,1,350,window_end,window_end,duplicate_field_inject,FALSE_POSITIVE,True
quantum,spacex,json_manip,bert,1,350,failure_count,failure_count,duplicate_field_inject,FALSE_POSITIVE,True
quantum,spacex,json_manip,bert,1,350,failure_reasons,failure_reasons,duplicate_field_inject,FALSE_POSITIVE,True
quantum,spacex,json_manip,bert,1,350,payload_count,payload_count,duplicate_field_inject,FALSE_POSITIVE,True
quantum,spacex,json_manip,bert,1,350,payload_ids,payload_ids,duplicate_field_inject,FALSE_POSITIVE,True
quantum,spacex,json_manip,bert,1,350,payload_mass_kg,payload_mass_kg,duplicate_field_inject,FALSE_POSITIVE,True
quantum,spacex,json_manip,bert,1,350,payload_type,payload_type,duplicate_field_inject,FALSE_POSITIVE,True
quantum,spacex,json_manip,bert,1,350,crew_count,crew_count,duplicate_field_inject,FALSE_POSITIVE,True
quantum,spacex,json_manip,bert,1,350,launch_site,launch_site,duplicate_field_inject,FALSE_POSITIVE,True
quantum,spacex,json_manip,bert,1,350,auto_payload,auto_payload,duplicate_field_inject,FALSE_POSITIVE,True
quantum,spacex,json_manip,bert,1,350,tbd,tbd,duplicate_field_inject,FALSE_POSITIVE,True
quantum,spacex,json_manip,bert,1,350,gridfins,gridfins,duplicate_field_inject,FALSE_POSITIVE,True
quantum,spacex,json_manip,bert,1,350,legs,legs,duplicate_field_inject,FALSE_POSITIVE,True
quantum,spacex,json_manip,bert,1,350,reused,reused,duplicate_field_inject,FALSE_POSITIVE,True
quantum,spacex,json_manip,bert,1,350,fairings_reused,fairings_reused,duplicate_field_inject,FALSE_POSITIVE,True
quantum,spacex,json_manip,bert,1,350,fairings_recovery_attempt,fairings_recovery_attempt,duplicate_field_inject,FALSE_POSITIVE,True
quantum,spacex,json_manip,bert,1,350,cores_reused,cores_reused,duplicate_field_inject,FALSE_POSITIVE,True
quantum,spacex,json_manip,bert,1,350,ships,ships,duplicate_field_inject,FALSE_POSITIVE,True
quantum,spacex,json_manip,bert,1,350,capsules,capsules,duplicate_field_inject,FALSE_POSITIVE,True
quantum,spacex,json_manip,bert,1,350,flight_number,flight_number,duplicate_field_inject,FALSE_POSITIVE,True
quantum,spacex,json_manip,bert,1,356,mission_name,mission_name,array_expansion,SUCCESS,True
quantum,spacex,json_manip,bert,1,356,launch_date_utc,launch_date_utc,array_expansion,SUCCESS,True
quantum,spacex,json_manip,bert,1,356,rocket_id,rocket_id,array_expansion,SUCCESS,True
quantum,spacex,json_manip,bert,1,356,launch_success,launch_success,array_expansion,SUCCESS,True
quantum,spacex,json_manip,bert,1,356,upcoming,upcoming,array_expansion,SUCCESS,True
quantum,spacex,json_manip,bert,1,356,static_fire_date_utc,static_fire_date_utc,array_expansion,SUCCESS,True
quantum,spacex,json_manip,bert,1,356,net_duration,net_duration,array_expansion,SUCCESS,True
quantum,spacex,json_manip,bert,1,356,window_start,window_start,array_expansion,SUCCESS,True
quantum,spacex,json_manip,bert,1,356,window_end,window_end,array_expansion,SUCCESS,True
quantum,spacex,json_manip,bert,1,356,failure_count,failure_count,array_expansion,SUCCESS,True
quantum,spacex,json_manip,bert,1,356,failure_reasons,failure_reasons,array_expansion,SUCCESS,True
quantum,spacex,json_manip,bert,1,356,payload_count,payload_count,array_expansion,SUCCESS,True
quantum,spacex,json_manip,bert,1,356,payload_ids,payload_ids,array_expansion,SUCCESS,True
quantum,spacex,json_manip,bert,1,356,payload_mass_kg,payload_mass_kg,array_expansion,SUCCESS,True
quantum,spacex,json_manip,bert,1,356,payload_type,payload_type,array_expansion,SUCCESS,True
quantum,spacex,json_manip,bert,1,356,crew_count,crew_count,array_expansion,SUCCESS,True
quantum,spacex,json_manip,bert,1,356,launch_site,launch_site,array_expansion,SUCCESS,True
quantum,spacex,json_manip,bert,1,356,auto_payload,auto_payload,array_expansion,SUCCESS,True
quantum,spacex,json_manip,bert,1,356,tbd,tbd,array_expansion,SUCCESS,True
quantum,spacex,json_manip,bert,1,356,gridfins,gridfins,array_expansion,SUCCESS,True
quantum,spacex,json_manip,bert,1,356,legs,legs,array_expansion,SUCCESS,True
quantum,spacex,json_manip,bert,1,356,reused,reused,array_expansion,SUCCESS,True
quantum,spacex,json_manip,bert,1,356,fairings_reused,fairings_reused,array_expansion,SUCCESS,True
quantum,spacex,json_manip,bert,1,356,fairings_recovery_attempt,fairings_recovery_attempt,array_expansion,SUCCESS,True
quantum,spacex,json_manip,bert,1,356,cores_reused,cores_reused,array_expansion,SUCCESS,True
quantum,spacex,json_manip,bert,1,356,ships,ships,array_expansion,SUCCESS,True
quantum,spacex,json_manip,bert,1,356,capsules,capsules,array_expansion,SUCCESS,True
quantum,spacex,json_manip,bert,1,356,flight_number,flight_number,array_expansion,SUCCESS,True
quantum,spacex,json_manip,bert,1,368,mission_name,mission_name,outlier_injection,SUCCESS,True
quantum,spacex,json_manip,bert,1,368,launch_date_utc,launch_date_utc,outlier_injection,SUCCESS,True
quantum,spacex,json_manip,bert,1,368,rocket_id,rocket_id,outlier_injection,SUCCESS,True
quantum,spacex,json_manip,bert,1,368,launch_success,launch_success,outlier_injection,SUCCESS,True
quantum,spacex,json_manip,bert,1,368,upcoming,upcoming,outlier_injection,SUCCESS,True
quantum,spacex,json_manip,bert,1,368,static_fire_date_utc,static_fire_date_utc,outlier_injection,SUCCESS,True
quantum,spacex,json_manip,bert,1,368,net_duration,net_duration,outlier_injection,SUCCESS,True
quantum,spacex,json_manip,bert,1,368,window_start,window_start,outlier_injection,SUCCESS,True
quantum,spacex,json_manip,bert,1,368,window_end,window_end,outlier_injection,SUCCESS,True
quantum,spacex,json_manip,bert,1,368,failure_count,failure_count,outlier_injection,SUCCESS,True
quantum,spacex,json_manip,bert,1,368,failure_reasons,failure_reasons,outlier_injection,SUCCESS,True
quantum,spacex,json_manip,bert,1,368,payload_count,payload_count,outlier_injection,SUCCESS,True
quantum,spacex,json_manip,bert,1,368,payload_ids,payload_ids,outlier_injection,SUCCESS,True
quantum,spacex,json_manip,bert,1,368,payload_mass_kg,payload_mass_kg,outlier_injection,SUCCESS,True
quantum,spacex,json_manip,bert,1,368,payload_type,payload_type,outlier_injection,SUCCESS,True
quantum,spacex,json_manip,bert,1,368,crew_count,crew_count,outlier_injection,SUCCESS,True
quantum,spacex,json_manip,bert,1,368,launch_site,launch_site,outlier_injection,SUCCESS,True
quantum,spacex,json_manip,bert,1,368,auto_payload,auto_payload,outlier_injection,SUCCESS,True
quantum,spacex,json_manip,bert,1,368,tbd,tbd,outlier_injection,SUCCESS,True
quantum,spacex,json_manip,bert,1,368,gridfins,gridfins,outlier_injection,SUCCESS,True
quantum,spacex,json_manip,bert,1,368,legs,legs,outlier_injection,SUCCESS,True
quantum,spacex,json_manip,bert,1,368,reused,reused,outlier_injection,SUCCESS,True
quantum,spacex,json_manip,bert,1,368,fairings_reused,fairings_reused,outlier_injection,SUCCESS,True
quantum,spacex,json_manip,bert,1,368,fairings_recovery_attempt,fairings_recovery_attempt,outlier_injection,SUCCESS,True
quantum,spacex,json_manip,bert,1,368,cores_reused,cores_reused,outlier_injection,SUCCESS,True
quantum,spacex,json_manip,bert,1,368,ships,ships,outlier_injection,SUCCESS,True
quantum,spacex,json_manip,bert,1,368,capsules,capsules,outlier_injection,SUCCESS,True
quantum,spacex,json_manip,bert,1,368,flight_number,flight_number,outlier_injection,SUCCESS,True
quantum,spacex,json_manip,bert,1,448,mission_name,mission_name,array_expansion,SUCCESS,True
quantum,spacex,json_manip,bert,1,448,launch_date_utc,launch_date_utc,array_expansion,SUCCESS,True
quantum,spacex,json_manip,bert,1,448,rocket_id,rocket_id,array_expansion,SUCCESS,True
quantum,spacex,json_manip,bert,1,448,launch_success,launch_success,array_expansion,SUCCESS,True
quantum,spacex,json_manip,bert,1,448,upcoming,upcoming,array_expansion,SUCCESS,True
quantum,spacex,json_manip,bert,1,448,static_fire_date_utc,static_fire_date_utc,array_expansion,SUCCESS,True
quantum,spacex,json_manip,bert,1,448,net_duration,net_duration,array_expansion,SUCCESS,True
quantum,spacex,json_manip,bert,1,448,window_start,window_start,array_expansion,SUCCESS,True
quantum,spacex,json_manip,bert,1,448,window_end,window_end,array_expansion,SUCCESS,True
quantum,spacex,json_manip,bert,1,448,failure_count,failure_count,array_expansion,SUCCESS,True
quantum,spacex,json_manip,bert,1,448,failure_reasons,failure_reasons,array_expansion,SUCCESS,True
quantum,spacex,json_manip,bert,1,448,payload_count,payload_count,array_expansion,SUCCESS,True
quantum,spacex,json_manip,bert,1,448,payload_ids,payload_ids,array_expansion,SUCCESS,True
quantum,spacex,json_manip,bert,1,448,payload_mass_kg,payload_mass_kg,array_expansion,SUCCESS,True
quantum,spacex,json_manip,bert,1,448,payload_type,payload_type,array_expansion,SUCCESS,True
quantum,spacex,json_manip,bert,1,448,crew_count,crew_count,array_expansion,SUCCESS,True
quantum,spacex,json_manip,bert,1,448,launch_site,launch_site,array_expansion,SUCCESS,True
quantum,spacex,json_manip,bert,1,448,auto_payload,auto_payload,array_expansion,SUCCESS,True
quantum,spacex,json_manip,bert,1,448,tbd,tbd,array_expansion,SUCCESS,True
quantum,spacex,json_manip,bert,1,448,gridfins,gridfins,array_expansion,SUCCESS,True
quantum,spacex,json_manip,bert,1,448,legs,legs,array_expansion,SUCCESS,True
quantum,spacex,json_manip,bert,1,448,reused,reused,array_expansion,SUCCESS,True
quantum,spacex,json_manip,bert,1,448,fairings_reused,fairings_reused,array_expansion,SUCCESS,True
quantum,spacex,json_manip,bert,1,448,fairings_recovery_attempt,fairings_recovery_attempt,array_expansion,SUCCESS,True
quantum,spacex,json_manip,bert,1,448,cores_reused,cores_reused,array_expansion,SUCCESS,True
quantum,spacex,json_manip,bert,1,448,ships,ships,array_expansion,SUCCESS,True
quantum,spacex,json_manip,bert,1,448,capsules,capsules,array_expansion,SUCCESS,True
quantum,spacex,json_manip,bert,1,448,flight_number,flight_number,array_expansion,SUCCESS,True
quantum,spacex,json_manip,bert,1,449,mission_name,mission_name,default_value_inject,SUCCESS,True
quantum,spacex,json_manip,bert,1,449,launch_date_utc,launch_date_utc,default_value_inject,SUCCESS,True
quantum,spacex,json_manip,bert,1,449,rocket_id,rocket_id,default_value_inject,SUCCESS,True
quantum,spacex,json_manip,bert,1,449,launch_success,launch_success,default_value_inject,SUCCESS,True
quantum,spacex,json_manip,bert,1,449,upcoming,upcoming,default_value_inject,SUCCESS,True
quantum,spacex,json_manip,bert,1,449,static_fire_date_utc,static_fire_date_utc,default_value_inject,SUCCESS,True
quantum,spacex,json_manip,bert,1,449,net_duration,net_duration,default_value_inject,SUCCESS,True
quantum,spacex,json_manip,bert,1,449,window_start,window_start,default_value_inject,SUCCESS,True
quantum,spacex,json_manip,bert,1,449,window_end,window_end,default_value_inject,SUCCESS,True
quantum,spacex,json_manip,bert,1,449,failure_count,failure_count,default_value_inject,SUCCESS,True
quantum,spacex,json_manip,bert,1,449,failure_reasons,failure_reasons,default_value_inject,SUCCESS,True
quantum,spacex,json_manip,bert,1,449,payload_count,payload_count,default_value_inject,SUCCESS,True
quantum,spacex,json_manip,bert,1,449,payload_ids,payload_ids,default_value_inject,SUCCESS,True
quantum,spacex,json_manip,bert,1,449,payload_mass_kg,payload_mass_kg,default_value_inject,SUCCESS,True
quantum,spacex,json_manip,bert,1,449,payload_type,payload_type,default_value_inject,SUCCESS,True
quantum,spacex,json_manip,bert,1,449,crew_count,crew_count,default_value_inject,SUCCESS,True
quantum,spacex,json_manip,bert,1,449,launch_site,launch_site,default_value_inject,SUCCESS,True
quantum,spacex,json_manip,bert,1,449,auto_payload,auto_payload,default_value_inject,SUCCESS,True
quantum,spacex,json_manip,bert,1,449,tbd,tbd,default_value_inject,SUCCESS,True
quantum,spacex,json_manip,bert,1,449,gridfins,gridfins,default_value_inject,SUCCESS,True
quantum,spacex,json_manip,bert,1,449,legs,legs,default_value_inject,SUCCESS,True
quantum,spacex,json_manip,bert,1,449,reused,reused,default_value_inject,SUCCESS,True
quantum,spacex,json_manip,bert,1,449,fairings_reused,fairings_reused,default_value_inject,SUCCESS,True
quantum,spacex,json_manip,bert,1,449,fairings_recovery_attempt,fairings_recovery_attempt,default_value_inject,SUCCESS,True
quantum,spacex,json_manip,bert,1,449,cores_reused,cores_reused,default_value_inject,SUCCESS,True
quantum,spacex,json_manip,bert,1,449,ships,ships,default_value_inject,SUCCESS,True
quantum,spacex,json_manip,bert,1,449,capsules,capsules,default_value_inject,SUCCESS,True
quantum,spacex,json_manip,bert,1,449,flight_number,flight_number,default_value_inject,SUCCESS,True
quantum,spacex,json_manip,bert,1,480,mission_name,mission_name,field_split,FALSE_POSITIVE,True
quantum,spacex,json_manip,bert,1,480,launch_date_utc,launch_date_utc,field_split,FALSE_POSITIVE,True
quantum,spacex,json_manip,bert,1,480,rocket_id,rocket_id,field_split,FALSE_POSITIVE,True
quantum,spacex,json_manip,bert,1,480,launch_success,launch_success,field_split,FALSE_POSITIVE,True
quantum,spacex,json_manip,bert,1,480,upcoming,upcoming,field_split,FALSE_POSITIVE,True
quantum,spacex,json_manip,bert,1,480,static_fire_date_utc,static_fire_date_utc,field_split,FALSE_POSITIVE,True
quantum,spacex,json_manip,bert,1,480,net_duration,net_duration,field_split,FALSE_POSITIVE,True
quantum,spacex,json_manip,bert,1,480,window_start,window_start,field_split,FALSE_POSITIVE,True
quantum,spacex,json_manip,bert,1,480,window_end,window_end,field_split,FALSE_POSITIVE,True
quantum,spacex,json_manip,bert,1,480,failure_count,failure_count,field_split,FALSE_POSITIVE,True
quantum,spacex,json_manip,bert,1,480,failure_reasons,failure_reasons,field_split,FALSE_POSITIVE,True
quantum,spacex,json_manip,bert,1,480,payload_count,payload_count,field_split,FALSE_POSITIVE,True
quantum,spacex,json_manip,bert,1,480,payload_ids,payload_ids,field_split,FALSE_POSITIVE,True
quantum,spacex,json_manip,bert,1,480,payload_mass_kg,payload_mass_kg,field_split,FALSE_POSITIVE,True
quantum,spacex,json_manip,bert,1,480,payload_type,payload_type,field_split,FALSE_POSITIVE,True
quantum,spacex,json_manip,bert,1,480,crew_count,crew_count,field_split,FALSE_POSITIVE,True
quantum,spacex,json_manip,bert,1,480,launch_site,launch_site,field_split,FALSE_POSITIVE,True
quantum,spacex,json_manip,bert,1,480,auto_payload,auto_payload,field_split,FALSE_POSITIVE,True
quantum,spacex,json_manip,bert,1,480,tbd,tbd,field_split,FALSE_POSITIVE,True
quantum,spacex,json_manip,bert,1,480,gridfins,gridfins,field_split,FALSE_POSITIVE,True
quantum,spacex,json_manip,bert,1,480,legs,legs,field_split,FALSE_POSITIVE,True
quantum,spacex,json_manip,bert,1,480,reused,reused,field_split,FALSE_POSITIVE,True
quantum,spacex,json_manip,bert,1,480,fairings_reused,fairings_reused,field_split,FALSE_POSITIVE,True
quantum,spacex,json_manip,bert,1,480,fairings_recovery_attempt,fairings_recovery_attempt,field_split,FALSE_POSITIVE,True
quantum,spacex,json_manip,bert,1,480,cores_reused,cores_reused,field_split,FALSE_POSITIVE,True
quantum,spacex,json_manip,bert,1,480,ships,ships,field_split,FALSE_POSITIVE,True
quantum,spacex,json_manip,bert,1,480,capsules,capsules,field_split,FALSE_POSITIVE,True
quantum,spacex,json_manip,bert,1,480,flight_number,flight_number_part2,field_split,SUCCESS,True
quantum,spacex,json_manip,bert,1,499,mission_name,mission_name,duplicate_field_inject,FALSE_POSITIVE,True
quantum,spacex,json_manip,bert,1,499,launch_date_utc,launch_date_utc,duplicate_field_inject,FALSE_POSITIVE,True
quantum,spacex,json_manip,bert,1,499,rocket_id,rocket_id,duplicate_field_inject,FALSE_POSITIVE,True
quantum,spacex,json_manip,bert,1,499,launch_success,launch_success,duplicate_field_inject,FALSE_POSITIVE,True
quantum,spacex,json_manip,bert,1,499,upcoming,upcoming,duplicate_field_inject,FALSE_POSITIVE,True
quantum,spacex,json_manip,bert,1,499,static_fire_date_utc,static_fire_date_utc,duplicate_field_inject,FALSE_POSITIVE,True
quantum,spacex,json_manip,bert,1,499,net_duration,net_duration,duplicate_field_inject,FALSE_POSITIVE,True
quantum,spacex,json_manip,bert,1,499,window_start,window_start,duplicate_field_inject,FALSE_POSITIVE,True
quantum,spacex,json_manip,bert,1,499,window_end,window_end,duplicate_field_inject,FALSE_POSITIVE,True
quantum,spacex,json_manip,bert,1,499,failure_count,failure_count,duplicate_field_inject,FALSE_POSITIVE,True
quantum,spacex,json_manip,bert,1,499,failure_reasons,failure_reasons,duplicate_field_inject,FALSE_POSITIVE,True
quantum,spacex,json_manip,bert,1,499,payload_count,payload_count,duplicate_field_inject,FALSE_POSITIVE,True
quantum,spacex,json_manip,bert,1,499,payload_ids,payload_ids,duplicate_field_inject,FALSE_POSITIVE,True
quantum,spacex,json_manip,bert,1,499,payload_mass_kg,payload_mass_kg,duplicate_field_inject,FALSE_POSITIVE,True
quantum,spacex,json_manip,bert,1,499,payload_type,payload_type,duplicate_field_inject,FALSE_POSITIVE,True
quantum,spacex,json_manip,bert,1,499,crew_count,crew_count,duplicate_field_inject,FALSE_POSITIVE,True
quantum,spacex,json_manip,bert,1,499,launch_site,launch_site,duplicate_field_inject,FALSE_POSITIVE,True
quantum,spacex,json_manip,bert,1,499,auto_payload,auto_payload,duplicate_field_inject,FALSE_POSITIVE,True
quantum,spacex,json_manip,bert,1,499,tbd,tbd,duplicate_field_inject,FALSE_POSITIVE,True
quantum,spacex,json_manip,bert,1,499,gridfins,gridfins,duplicate_field_inject,FALSE_POSITIVE,True
quantum,spacex,json_manip,bert,1,499,legs,legs,duplicate_field_inject,FALSE_POSITIVE,True
quantum,spacex,json_manip,bert,1,499,reused,reused,duplicate_field_inject,FALSE_POSITIVE,True
quantum,spacex,json_manip,bert,1,499,fairings_reused,fairings_reused,duplicate_field_inject,FALSE_POSITIVE,True
quantum,spacex,json_manip,bert,1,499,fairings_recovery_attempt,fairings_recovery_attempt,duplicate_field_inject,FALSE_POSITIVE,True
quantum,spacex,json_manip,bert,1,499,cores_reused,cores_reused,duplicate_field_inject,FALSE_POSITIVE,True
quantum,spacex,json_manip,bert,1,499,ships,ships,duplicate_field_inject,FALSE_POSITIVE,True
quantum,spacex,json_manip,bert,1,499,capsules,capsules,duplicate_field_inject,FALSE_POSITIVE,True
quantum,spacex,json_manip,bert,1,499,flight_number,flight_number,duplicate_field_inject,FALSE_POSITIVE,True
quantum,openweather,schema_alter,regex,1,2,humidity_percent,humidity_percent,type_change,SUCCESS,True
quantum,openweather,schema_alter,regex,1,2,weather_icon,weather_icon,type_change,SUCCESS,True
quantum,openweather,schema_alter,regex,1,2,clouds_percent,clouds_percent,type_change,SUCCESS,True
quantum,openweather,schema_alter,regex,1,2,wind_degrees,wind_degrees,type_change,SUCCESS,True
quantum,openweather,schema_alter,regex,1,2,rain_1h_mm,rain_1h_mm,type_change,SUCCESS,True
quantum,openweather,schema_alter,regex,1,2,visibility_m,visibility_m,type_change,SUCCESS,True
quantum,openweather,schema_alter,regex,1,2,wind_speed_ms,wind_speed_ms,type_change,SUCCESS,True
quantum,openweather,schema_alter,regex,1,2,snow_1h_mm,snow_1h_mm,type_change,SUCCESS,True
quantum,openweather,schema_alter,regex,1,2,temperature_c,temperature_c,type_change,SUCCESS,True
quantum,openweather,schema_alter,regex,1,2,lon,lon,type_change,SUCCESS,True
quantum,openweather,schema_alter,regex,1,2,lat,lat,type_change,SUCCESS,True
quantum,openweather,schema_alter,regex,1,2,weather_description,weather_description,type_change,SUCCESS,True
quantum,openweather,schema_alter,regex,1,2,heat_index_c,heat_index_c,type_change,SUCCESS,True
quantum,openweather,schema_alter,regex,1,2,pressure_hpa,pressure_hpa,type_change,SUCCESS,True
quantum,openweather,schema_alter,regex,1,2,wind_chill_c,wind_chill_c,type_change,SUCCESS,True
quantum,openweather,schema_alter,regex,1,2,timezone,timezone,type_change,SUCCESS,True
quantum,openweather,schema_alter,regex,1,2,weather_main,weather_main,type_change,SUCCESS,True
quantum,openweather,schema_alter,regex,1,2,cloud_percent,cloud_percent,type_change,SUCCESS,True
quantum,openweather,schema_alter,regex,1,2,city,city,type_change,SUCCESS,True
quantum,openweather,schema_alter,regex,1,2,sunset_ts,timezone,type_change,SUCCESS,True
quantum,openweather,schema_alter,regex,1,2,wind_gust_ms,wind_gust_ms,type_change,SUCCESS,True
quantum,openweather,schema_alter,regex,1,2,sunrise_ts,timezone,type_change,SUCCESS,True
quantum,openweather,schema_alter,regex,1,2,dew_point_c,dew_point_c,type_change,SUCCESS,True
quantum,openweather,schema_alter,regex,1,2,feels_like_c,feels_like_c,type_change,SUCCESS,True
quantum,openweather,schema_alter,regex,1,3,humidity_percent,humidity_percent,nesting_deepen,FALSE_POSITIVE,True
quantum,openweather,schema_alter,regex,1,3,weather_icon,weather_icon,nesting_deepen,FALSE_POSITIVE,True
quantum,openweather,schema_alter,regex,1,3,clouds_percent,clouds_percent,nesting_deepen,FALSE_POSITIVE,True
quantum,openweather,schema_alter,regex,1,3,wind_degrees,wind_degrees,nesting_deepen,FALSE_POSITIVE,True
quantum,openweather,schema_alter,regex,1,3,rain_1h_mm,rain_1h_mm,nesting_deepen,FALSE_POSITIVE,True
quantum,openweather,schema_alter,regex,1,3,visibility_m,visibility_m,nesting_deepen,FALSE_POSITIVE,True
quantum,openweather,schema_alter,regex,1,3,wind_speed_ms,wind_speed_ms,nesting_deepen,FALSE_POSITIVE,True
quantum,openweather,schema_alter,regex,1,3,snow_1h_mm,snow_1h_mm,nesting_deepen,FALSE_POSITIVE,True
quantum,openweather,schema_alter,regex,1,3,temperature_c,temperature_c,nesting_deepen,FALSE_POSITIVE,True
quantum,openweather,schema_alter,regex,1,3,lon,lon,nesting_deepen,FALSE_POSITIVE,True
quantum,openweather,schema_alter,regex,1,3,weather_description,weather_description,nesting_deepen,FALSE_POSITIVE,True
quantum,openweather,schema_alter,regex,1,3,heat_index_c,heat_index_c,nesting_deepen,FALSE_POSITIVE,True
quantum,openweather,schema_alter,regex,1,3,pressure_hpa,pressure_hpa,nesting_deepen,FALSE_POSITIVE,True
quantum,openweather,schema_alter,regex,1,3,wind_chill_c,wind_chill_c,nesting_deepen,FALSE_POSITIVE,True
quantum,openweather,schema_alter,regex,1,3,timezone,timezone,nesting_deepen,FALSE_POSITIVE,True
quantum,openweather,schema_alter,regex,1,3,weather_main,weather_main,nesting_deepen,FALSE_POSITIVE,True
quantum,openweather,schema_alter,regex,1,3,cloud_percent,cloud_percent,nesting_deepen,FALSE_POSITIVE,True
quantum,openweather,schema_alter,regex,1,3,sunset_ts,timezone,nesting_deepen,FALSE_POSITIVE,True
quantum,openweather,schema_alter,regex,1,3,wind_gust_ms,wind_gust_ms,nesting_deepen,FALSE_POSITIVE,True
quantum,openweather,schema_alter,regex,1,3,sunrise_ts,timezone,nesting_deepen,FALSE_POSITIVE,True
quantum,openweather,schema_alter,regex,1,3,dew_point_c,dew_point_c,nesting_deepen,FALSE_POSITIVE,True
quantum,openweather,schema_alter,regex,1,3,feels_like_c,feels_like_c,nesting_deepen,FALSE_POSITIVE,True
quantum,openweather,schema_alter,regex,1,3,lat,,nesting_deepen,FAILURE,True
quantum,openweather,schema_alter,regex,1,3,city,,nesting_deepen,FAILURE,True
quantum,openweather,schema_alter,regex,1,94,humidity_percent,HUMIDITY_PERCENT,key_case_change,SUCCESS,True
quantum,openweather,schema_alter,regex,1,94,weather_icon,WEATHER_ICON,key_case_change,SUCCESS,True
quantum,openweather,schema_alter,regex,1,94,clouds_percent,CLOUDS_PERCENT,key_case_change,SUCCESS,True
quantum,openweather,schema_alter,regex,1,94,wind_degrees,WIND_DEGREES,key_case_change,SUCCESS,True
quantum,openweather,schema_alter,regex,1,94,rain_1h_mm,RAIN_1H_MM,key_case_change,SUCCESS,True
quantum,openweather,schema_alter,regex,1,94,visibility_m,VISIBILITY_M,key_case_change,SUCCESS,True
quantum,openweather,schema_alter,regex,1,94,wind_speed_ms,WIND_SPEED_MS,key_case_change,SUCCESS,True
quantum,openweather,schema_alter,regex,1,94,snow_1h_mm,SNOW_1H_MM,key_case_change,SUCCESS,True
quantum,openweather,schema_alter,regex,1,94,temperature_c,TEMPERATURE_C,key_case_change,SUCCESS,True
quantum,openweather,schema_alter,regex,1,94,lon,LON,key_case_change,SUCCESS,True
quantum,openweather,schema_alter,regex,1,94,lat,LAT,key_case_change,SUCCESS,True
quantum,openweather,schema_alter,regex,1,94,weather_description,WEATHER_DESCRIPTION,key_case_change,SUCCESS,True
quantum,openweather,schema_alter,regex,1,94,heat_index_c,HEAT_INDEX_C,key_case_change,SUCCESS,True
quantum,openweather,schema_alter,regex,1,94,pressure_hpa,PRESSURE_HPA,key_case_change,SUCCESS,True
quantum,openweather,schema_alter,regex,1,94,wind_chill_c,WIND_CHILL_C,key_case_change,SUCCESS,True
quantum,openweather,schema_alter,regex,1,94,timezone,SUNSET_TS,key_case_change,SUCCESS,True
quantum,openweather,schema_alter,regex,1,94,weather_main,WEATHER_MAIN,key_case_change,SUCCESS,True
quantum,openweather,schema_alter,regex,1,94,cloud_percent,CLOUD_PERCENT,key_case_change,SUCCESS,True
quantum,openweather,schema_alter,regex,1,94,city,CITY,key_case_change,SUCCESS,True
quantum,openweather,schema_alter,regex,1,94,sunset_ts,SUNSET_TS,key_case_change,SUCCESS,True
quantum,openweather,schema_alter,regex,1,94,wind_gust_ms,WIND_GUST_MS,key_case_change,SUCCESS,True
quantum,openweather,schema_alter,regex,1,94,sunrise_ts,SUNSET_TS,key_case_change,SUCCESS,True
quantum,openweather,schema_alter,regex,1,94,dew_point_c,DEW_POINT_C,key_case_change,SUCCESS,True
quantum,openweather,schema_alter,regex,1,94,feels_like_c,FEELS_LIKE_C,key_case_change,SUCCESS,True
quantum,openweather,schema_alter,regex,1,154,humidity_percent,humidity_percent,precision_loss,SUCCESS,True
quantum,openweather,schema_alter,regex,1,154,weather_icon,weather_icon,precision_loss,SUCCESS,True
quantum,openweather,schema_alter,regex,1,154,clouds_percent,clouds_percent,precision_loss,SUCCESS,True
quantum,openweather,schema_alter,regex,1,154,wind_degrees,wind_degrees,precision_loss,SUCCESS,True
quantum,openweather,schema_alter,regex,1,154,rain_1h_mm,rain_1h_mm,precision_loss,SUCCESS,True
quantum,openweather,schema_alter,regex,1,154,visibility_m,visibility_m,precision_loss,SUCCESS,True
quantum,openweather,schema_alter,regex,1,154,wind_speed_ms,wind_speed_ms,precision_loss,SUCCESS,True
quantum,openweather,schema_alter,regex,1,154,snow_1h_mm,snow_1h_mm,precision_loss,SUCCESS,True
quantum,openweather,schema_alter,regex,1,154,temperature_c,temperature_c,precision_loss,SUCCESS,True
quantum,openweather,schema_alter,regex,1,154,lon,lon,precision_loss,SUCCESS,True
quantum,openweather,schema_alter,regex,1,154,lat,lat,precision_loss,SUCCESS,True
quantum,openweather,schema_alter,regex,1,154,weather_description,weather_description,precision_loss,SUCCESS,True
quantum,openweather,schema_alter,regex,1,154,heat_index_c,heat_index_c,precision_loss,SUCCESS,True
quantum,openweather,schema_alter,regex,1,154,pressure_hpa,pressure_hpa,precision_loss,SUCCESS,True
quantum,openweather,schema_alter,regex,1,154,wind_chill_c,wind_chill_c,precision_loss,SUCCESS,True
quantum,openweather,schema_alter,regex,1,154,timezone,timezone,precision_loss,SUCCESS,True
quantum,openweather,schema_alter,regex,1,154,weather_main,weather_main,precision_loss,SUCCESS,True
quantum,openweather,schema_alter,regex,1,154,cloud_percent,cloud_percent,precision_loss,SUCCESS,True
quantum,openweather,schema_alter,regex,1,154,city,city,precision_loss,SUCCESS,True
quantum,openweather,schema_alter,regex,1,154,sunset_ts,timezone,precision_loss,SUCCESS,True
quantum,openweather,schema_alter,regex,1,154,wind_gust_ms,wind_gust_ms,precision_loss,SUCCESS,True
quantum,openweather,schema_alter,regex,1,154,sunrise_ts,timezone,precision_loss,SUCCESS,True
quantum,openweather,schema_alter,regex,1,154,dew_point_c,dew_point_c,precision_loss,SUCCESS,True
quantum,openweather,schema_alter,regex,1,154,feels_like_c,feels_like_c,precision_loss,SUCCESS,True
quantum,openweather,schema_alter,regex,1,155,humidity_percent,humidity_percent,precision_loss,SUCCESS,True
quantum,openweather,schema_alter,regex,1,155,weather_icon,weather_icon,precision_loss,SUCCESS,True
quantum,openweather,schema_alter,regex,1,155,clouds_percent,clouds_percent,precision_loss,SUCCESS,True
quantum,openweather,schema_alter,regex,1,155,wind_degrees,wind_degrees,precision_loss,SUCCESS,True
quantum,openweather,schema_alter,regex,1,155,rain_1h_mm,rain_1h_mm,precision_loss,SUCCESS,True
quantum,openweather,schema_alter,regex,1,155,visibility_m,visibility_m,precision_loss,SUCCESS,True
quantum,openweather,schema_alter,regex,1,155,wind_speed_ms,wind_speed_ms,precision_loss,SUCCESS,True
quantum,openweather,schema_alter,regex,1,155,snow_1h_mm,snow_1h_mm,precision_loss,SUCCESS,True
quantum,openweather,schema_alter,regex,1,155,temperature_c,temperature_c,precision_loss,SUCCESS,True
quantum,openweather,schema_alter,regex,1,155,lon,lon,precision_loss,SUCCESS,True
quantum,openweather,schema_alter,regex,1,155,lat,lat,precision_loss,SUCCESS,True
quantum,openweather,schema_alter,regex,1,155,weather_description,weather_description,precision_loss,SUCCESS,True
quantum,openweather,schema_alter,regex,1,155,heat_index_c,heat_index_c,precision_loss,SUCCESS,True
quantum,openweather,schema_alter,regex,1,155,pressure_hpa,pressure_hpa,precision_loss,SUCCESS,True
quantum,openweather,schema_alter,regex,1,155,wind_chill_c,wind_chill_c,precision_loss,SUCCESS,True
quantum,openweather,schema_alter,regex,1,155,timezone,timezone,precision_loss,SUCCESS,True
quantum,openweather,schema_alter,regex,1,155,weather_main,weather_main,precision_loss,SUCCESS,True
quantum,openweather,schema_alter,regex,1,155,cloud_percent,cloud_percent,precision_loss,SUCCESS,True
quantum,openweather,schema_alter,regex,1,155,city,city,precision_loss,SUCCESS,True
quantum,openweather,schema_alter,regex,1,155,sunset_ts,timezone,precision_loss,SUCCESS,True
quantum,openweather,schema_alter,regex,1,155,wind_gust_ms,wind_gust_ms,precision_loss,SUCCESS,True
quantum,openweather,schema_alter,regex,1,155,sunrise_ts,timezone,precision_loss,SUCCESS,True
quantum,openweather,schema_alter,regex,1,155,dew_point_c,dew_point_c,precision_loss,SUCCESS,True
quantum,openweather,schema_alter,regex,1,155,feels_like_c,feels_like_c,precision_loss,SUCCESS,True
quantum,openweather,schema_alter,regex,1,269,humidity_percent,humidity_percent,type_change,SUCCESS,True
quantum,openweather,schema_alter,regex,1,269,weather_icon,weather_icon,type_change,SUCCESS,True
quantum,openweather,schema_alter,regex,1,269,clouds_percent,clouds_percent,type_change,SUCCESS,True
quantum,openweather,schema_alter,regex,1,269,wind_degrees,wind_degrees,type_change,SUCCESS,True
quantum,openweather,schema_alter,regex,1,269,rain_1h_mm,rain_1h_mm,type_change,SUCCESS,True
quantum,openweather,schema_alter,regex,1,269,visibility_m,visibility_m,type_change,SUCCESS,True
quantum,openweather,schema_alter,regex,1,269,wind_speed_ms,wind_speed_ms,type_change,SUCCESS,True
quantum,openweather,schema_alter,regex,1,269,snow_1h_mm,snow_1h_mm,type_change,SUCCESS,True
quantum,openweather,schema_alter,regex,1,269,temperature_c,temperature_c,type_change,SUCCESS,True
quantum,openweather,schema_alter,regex,1,269,lon,lon,type_change,SUCCESS,True
quantum,openweather,schema_alter,regex,1,269,lat,lat,type_change,SUCCESS,True
quantum,openweather,schema_alter,regex,1,269,weather_description,weather_description,type_change,SUCCESS,True
quantum,openweather,schema_alter,regex,1,269,heat_index_c,heat_index_c,type_change,SUCCESS,True
quantum,openweather,schema_alter,regex,1,269,pressure_hpa,pressure_hpa,type_change,SUCCESS,True
quantum,openweather,schema_alter,regex,1,269,wind_chill_c,wind_chill_c,type_change,SUCCESS,True
quantum,openweather,schema_alter,regex,1,269,timezone,timezone,type_change,SUCCESS,True
quantum,openweather,schema_alter,regex,1,269,weather_main,weather_main,type_change,SUCCESS,True
quantum,openweather,schema_alter,regex,1,269,cloud_percent,cloud_percent,type_change,SUCCESS,True
quantum,openweather,schema_alter,regex,1,269,city,city,type_change,SUCCESS,True
quantum,openweather,schema_alter,regex,1,269,sunset_ts,timezone,type_change,SUCCESS,True
quantum,openweather,schema_alter,regex,1,269,wind_gust_ms,wind_gust_ms,type_change,SUCCESS,True
quantum,openweather,schema_alter,regex,1,269,sunrise_ts,timezone,type_change,SUCCESS,True
quantum,openweather,schema_alter,regex,1,269,dew_point_c,dew_point_c,type_change,SUCCESS,True
quantum,openweather,schema_alter,regex,1,269,feels_like_c,feels_like_c,type_change,SUCCESS,True
quantum,openweather,schema_alter,regex,1,309,humidity_percent,humidity_percent,type_change,SUCCESS,True
quantum,openweather,schema_alter,regex,1,309,weather_icon,weather_icon,type_change,SUCCESS,True
quantum,openweather,schema_alter,regex,1,309,clouds_percent,clouds_percent,type_change,SUCCESS,True
quantum,openweather,schema_alter,regex,1,309,wind_degrees,wind_degrees,type_change,SUCCESS,True
quantum,openweather,schema_alter,regex,1,309,rain_1h_mm,rain_1h_mm,type_change,SUCCESS,True
quantum,openweather,schema_alter,regex,1,309,visibility_m,visibility_m,type_change,SUCCESS,True
quantum,openweather,schema_alter,regex,1,309,wind_speed_ms,wind_speed_ms,type_change,SUCCESS,True
quantum,openweather,schema_alter,regex,1,309,snow_1h_mm,snow_1h_mm,type_change,SUCCESS,True
quantum,openweather,schema_alter,regex,1,309,temperature_c,temperature_c,type_change,SUCCESS,True
quantum,openweather,schema_alter,regex,1,309,lon,lon,type_change,SUCCESS,True
quantum,openweather,schema_alter,regex,1,309,lat,lat,type_change,SUCCESS,True
quantum,openweather,schema_alter,regex,1,309,weather_description,weather_description,type_change,SUCCESS,True
quantum,openweather,schema_alter,regex,1,309,heat_index_c,heat_index_c,type_change,SUCCESS,True
quantum,openweather,schema_alter,regex,1,309,pressure_hpa,pressure_hpa,type_change,SUCCESS,True
quantum,openweather,schema_alter,regex,1,309,wind_chill_c,wind_chill_c,type_change,SUCCESS,True
quantum,openweather,schema_alter,regex,1,309,timezone,timezone,type_change,SUCCESS,True
quantum,openweather,schema_alter,regex,1,309,weather_main,weather_main,type_change,SUCCESS,True
quantum,openweather,schema_alter,regex,1,309,cloud_percent,cloud_percent,type_change,SUCCESS,True
quantum,openweather,schema_alter,regex,1,309,city,city,type_change,SUCCESS,True
quantum,openweather,schema_alter,regex,1,309,sunset_ts,timezone,type_change,SUCCESS,True
quantum,openweather,schema_alter,regex,1,309,wind_gust_ms,wind_gust_ms,type_change,SUCCESS,True
quantum,openweather,schema_alter,regex,1,309,sunrise_ts,timezone,type_change,SUCCESS,True
quantum,openweather,schema_alter,regex,1,309,dew_point_c,dew_point_c,type_change,SUCCESS,True
quantum,openweather,schema_alter,regex,1,309,feels_like_c,feels_like_c,type_change,SUCCESS,True
quantum,openweather,json_manip,regex,1,22,humidity_percent,humidity_percent,field_merge_value,FALSE_POSITIVE,True
quantum,openweather,json_manip,regex,1,22,weather_icon,weather_icon,field_merge_value,FALSE_POSITIVE,True
quantum,openweather,json_manip,regex,1,22,clouds_percent,clouds_percent,field_merge_value,FALSE_POSITIVE,True
quantum,openweather,json_manip,regex,1,22,wind_degrees,wind_degrees,field_merge_value,FALSE_POSITIVE,True
quantum,openweather,json_manip,regex,1,22,rain_1h_mm,rain_1h_mm_timezone,field_merge_value,SUCCESS,True
quantum,openweather,json_manip,regex,1,22,visibility_m,visibility_m,field_merge_value,FALSE_POSITIVE,True
quantum,openweather,json_manip,regex,1,22,wind_speed_ms,wind_speed_ms,field_merge_value,FALSE_POSITIVE,True
quantum,openweather,json_manip,regex,1,22,snow_1h_mm,snow_1h_mm,field_merge_value,FALSE_POSITIVE,True
quantum,openweather,json_manip,regex,1,22,temperature_c,temperature_c,field_merge_value,FALSE_POSITIVE,True
quantum,openweather,json_manip,regex,1,22,lon,lon,field_merge_value,FALSE_POSITIVE,True
quantum,openweather,json_manip,regex,1,22,lat,lat,field_merge_value,FALSE_POSITIVE,True
quantum,openweather,json_manip,regex,1,22,weather_description,weather_description,field_merge_value,FALSE_POSITIVE,True
quantum,openweather,json_manip,regex,1,22,heat_index_c,heat_index_c,field_merge_value,FALSE_POSITIVE,True
quantum,openweather,json_manip,regex,1,22,pressure_hpa,pressure_hpa,field_merge_value,FALSE_POSITIVE,True
quantum,openweather,json_manip,regex,1,22,wind_chill_c,wind_chill_c,field_merge_value,FALSE_POSITIVE,True
quantum,openweather,json_manip,regex,1,22,timezone,rain_1h_mm_timezone,field_merge_value,SUCCESS,True
quantum,openweather,json_manip,regex,1,22,weather_main,weather_main,field_merge_value,FALSE_POSITIVE,True
quantum,openweather,json_manip,regex,1,22,cloud_percent,cloud_percent,field_merge_value,FALSE_POSITIVE,True
quantum,openweather,json_manip,regex,1,22,city,city,field_merge_value,FALSE_POSITIVE,True
quantum,openweather,json_manip,regex,1,22,sunset_ts,rain_1h_mm_timezone,field_merge_value,FALSE_POSITIVE,True
quantum,openweather,json_manip,regex,1,22,wind_gust_ms,wind_gust_ms,field_merge_value,FALSE_POSITIVE,True
quantum,openweather,json_manip,regex,1,22,sunrise_ts,rain_1h_mm_timezone,field_merge_value,FALSE_POSITIVE,True
quantum,openweather,json_manip,regex,1,22,dew_point_c,dew_point_c,field_merge_value,FALSE_POSITIVE,True
quantum,openweather,json_manip,regex,1,22,feels_like_c,feels_like_c,field_merge_value,FALSE_POSITIVE,True
quantum,openweather,json_manip,regex,1,91,humidity_percent,humidity_percent,null_injection,SUCCESS,True
quantum,openweather,json_manip,regex,1,91,weather_icon,weather_icon,null_injection,SUCCESS,True
quantum,openweather,json_manip,regex,1,91,clouds_percent,clouds_percent,null_injection,SUCCESS,True
quantum,openweather,json_manip,regex,1,91,wind_degrees,wind_degrees,null_injection,SUCCESS,True
quantum,openweather,json_manip,regex,1,91,rain_1h_mm,rain_1h_mm,null_injection,SUCCESS,True
quantum,openweather,json_manip,regex,1,91,visibility_m,visibility_m,null_injection,SUCCESS,True
quantum,openweather,json_manip,regex,1,91,wind_speed_ms,wind_speed_ms,null_injection,SUCCESS,True
quantum,openweather,json_manip,regex,1,91,snow_1h_mm,snow_1h_mm,null_injection,SUCCESS,True
quantum,openweather,json_manip,regex,1,91,temperature_c,temperature_c,null_injection,SUCCESS,True
quantum,openweather,json_manip,regex,1,91,lon,lon,null_injection,SUCCESS,True
quantum,openweather,json_manip,regex,1,91,lat,lat,null_injection,SUCCESS,True
quantum,openweather,json_manip,regex,1,91,weather_description,weather_description,null_injection,SUCCESS,True
quantum,openweather,json_manip,regex,1,91,heat_index_c,heat_index_c,null_injection,SUCCESS,True
quantum,openweather,json_manip,regex,1,91,pressure_hpa,pressure_hpa,null_injection,SUCCESS,True
quantum,openweather,json_manip,regex,1,91,wind_chill_c,wind_chill_c,null_injection,SUCCESS,True
quantum,openweather,json_manip,regex,1,91,timezone,timezone,null_injection,SUCCESS,True
quantum,openweather,json_manip,regex,1,91,weather_main,weather_main,null_injection,SUCCESS,True
quantum,openweather,json_manip,regex,1,91,cloud_percent,cloud_percent,null_injection,SUCCESS,True
quantum,openweather,json_manip,regex,1,91,city,city,null_injection,SUCCESS,True
quantum,openweather,json_manip,regex,1,91,sunset_ts,timezone,null_injection,SUCCESS,True
quantum,openweather,json_manip,regex,1,91,wind_gust_ms,wind_gust_ms,null_injection,SUCCESS,True
quantum,openweather,json_manip,regex,1,91,sunrise_ts,timezone,null_injection,SUCCESS,True
quantum,openweather,json_manip,regex,1,91,dew_point_c,dew_point_c,null_injection,SUCCESS,True
quantum,openweather,json_manip,regex,1,91,feels_like_c,feels_like_c,null_injection,SUCCESS,True
quantum,openweather,json_manip,regex,1,92,humidity_percent,humidity_percent,scalar_to_array,SUCCESS,True
quantum,openweather,json_manip,regex,1,92,weather_icon,weather_icon,scalar_to_array,SUCCESS,True
quantum,openweather,json_manip,regex,1,92,clouds_percent,clouds_percent,scalar_to_array,SUCCESS,True
quantum,openweather,json_manip,regex,1,92,wind_degrees,wind_degrees,scalar_to_array,SUCCESS,True
quantum,openweather,json_manip,regex,1,92,rain_1h_mm,rain_1h_mm,scalar_to_array,SUCCESS,True
quantum,openweather,json_manip,regex,1,92,visibility_m,visibility_m,scalar_to_array,SUCCESS,True
quantum,openweather,json_manip,regex,1,92,wind_speed_ms,wind_speed_ms,scalar_to_array,SUCCESS,True
quantum,openweather,json_manip,regex,1,92,snow_1h_mm,snow_1h_mm,scalar_to_array,SUCCESS,True
quantum,openweather,json_manip,regex,1,92,temperature_c,temperature_c,scalar_to_array,SUCCESS,True
quantum,openweather,json_manip,regex,1,92,lon,lon,scalar_to_array,SUCCESS,True
quantum,openweather,json_manip,regex,1,92,lat,lat,scalar_to_array,SUCCESS,True
quantum,openweather,json_manip,regex,1,92,weather_description,weather_description,scalar_to_array,SUCCESS,True
quantum,openweather,json_manip,regex,1,92,heat_index_c,heat_index_c,scalar_to_array,SUCCESS,True
quantum,openweather,json_manip,regex,1,92,pressure_hpa,pressure_hpa,scalar_to_array,SUCCESS,True
quantum,openweather,json_manip,regex,1,92,wind_chill_c,wind_chill_c,scalar_to_array,SUCCESS,True
quantum,openweather,json_manip,regex,1,92,timezone,timezone,scalar_to_array,SUCCESS,True
quantum,openweather,json_manip,regex,1,92,weather_main,weather_main,scalar_to_array,SUCCESS,True
quantum,openweather,json_manip,regex,1,92,cloud_percent,cloud_percent,scalar_to_array,SUCCESS,True
quantum,openweather,json_manip,regex,1,92,city,city,scalar_to_array,SUCCESS,True
quantum,openweather,json_manip,regex,1,92,sunset_ts,timezone,scalar_to_array,SUCCESS,True
quantum,openweather,json_manip,regex,1,92,wind_gust_ms,wind_gust_ms,scalar_to_array,SUCCESS,True
quantum,openweather,json_manip,regex,1,92,sunrise_ts,timezone,scalar_to_array,SUCCESS,True
quantum,openweather,json_manip,regex,1,92,dew_point_c,dew_point_c,scalar_to_array,SUCCESS,True
quantum,openweather,json_manip,regex,1,92,feels_like_c,feels_like_c,scalar_to_array,SUCCESS,True
quantum,openweather,json_manip,regex,1,101,humidity_percent,humidity_percent,null_injection,SUCCESS,True
quantum,openweather,json_manip,regex,1,101,weather_icon,weather_icon,null_injection,SUCCESS,True
quantum,openweather,json_manip,regex,1,101,clouds_percent,clouds_percent,null_injection,SUCCESS,True
quantum,openweather,json_manip,regex,1,101,wind_degrees,wind_degrees,null_injection,SUCCESS,True
quantum,openweather,json_manip,regex,1,101,rain_1h_mm,rain_1h_mm,null_injection,SUCCESS,True
quantum,openweather,json_manip,regex,1,101,visibility_m,visibility_m,null_injection,SUCCESS,True
quantum,openweather,json_manip,regex,1,101,wind_speed_ms,wind_speed_ms,null_injection,SUCCESS,True
quantum,openweather,json_manip,regex,1,101,snow_1h_mm,snow_1h_mm,null_injection,SUCCESS,True
quantum,openweather,json_manip,regex,1,101,temperature_c,temperature_c,null_injection,SUCCESS,True
quantum,openweather,json_manip,regex,1,101,lon,lon,null_injection,SUCCESS,True
quantum,openweather,json_manip,regex,1,101,lat,lat,null_injection,SUCCESS,True
quantum,openweather,json_manip,regex,1,101,weather_description,weather_description,null_injection,SUCCESS,True
quantum,openweather,json_manip,regex,1,101,heat_index_c,heat_index_c,null_injection,SUCCESS,True
quantum,openweather,json_manip,regex,1,101,pressure_hpa,pressure_hpa,null_injection,SUCCESS,True
quantum,openweather,json_manip,regex,1,101,wind_chill_c,wind_chill_c,null_injection,SUCCESS,True
quantum,openweather,json_manip,regex,1,101,timezone,timezone,null_injection,SUCCESS,True
quantum,openweather,json_manip,regex,1,101,weather_main,weather_main,null_injection,SUCCESS,True
quantum,openweather,json_manip,regex,1,101,cloud_percent,cloud_percent,null_injection,SUCCESS,True
quantum,openweather,json_manip,regex,1,101,city,city,null_injection,SUCCESS,True
quantum,openweather,json_manip,regex,1,101,sunset_ts,timezone,null_injection,SUCCESS,True
quantum,openweather,json_manip,regex,1,101,wind_gust_ms,wind_gust_ms,null_injection,SUCCESS,True
quantum,openweather,json_manip,regex,1,101,sunrise_ts,timezone,null_injection,SUCCESS,True
quantum,openweather,json_manip,regex,1,101,dew_point_c,dew_point_c,null_injection,SUCCESS,True
quantum,openweather,json_manip,regex,1,101,feels_like_c,feels_like_c,null_injection,SUCCESS,True
quantum,openweather,json_manip,regex,1,155,humidity_percent,humidity_percent,variable_drop,FALSE_POSITIVE,True
quantum,openweather,json_manip,regex,1,155,weather_icon,weather_icon,variable_drop,FALSE_POSITIVE,True
quantum,openweather,json_manip,regex,1,155,clouds_percent,clouds_percent,variable_drop,FALSE_POSITIVE,True
quantum,openweather,json_manip,regex,1,155,wind_degrees,wind_degrees,variable_drop,FALSE_POSITIVE,True
quantum,openweather,json_manip,regex,1,155,rain_1h_mm,rain_1h_mm,variable_drop,FALSE_POSITIVE,True
quantum,openweather,json_manip,regex,1,155,visibility_m,visibility_m,variable_drop,FALSE_POSITIVE,True
quantum,openweather,json_manip,regex,1,155,wind_speed_ms,wind_speed_ms,variable_drop,FALSE_POSITIVE,True
quantum,openweather,json_manip,regex,1,155,snow_1h_mm,snow_1h_mm,variable_drop,FALSE_POSITIVE,True
quantum,openweather,json_manip,regex,1,155,temperature_c,temperature_c,variable_drop,FALSE_POSITIVE,True
quantum,openweather,json_manip,regex,1,155,lon,lon,variable_drop,FALSE_POSITIVE,True
quantum,openweather,json_manip,regex,1,155,lat,lat,variable_drop,FALSE_POSITIVE,True
quantum,openweather,json_manip,regex,1,155,heat_index_c,heat_index_c,variable_drop,FALSE_POSITIVE,True
quantum,openweather,json_manip,regex,1,155,pressure_hpa,pressure_hpa,variable_drop,FALSE_POSITIVE,True
quantum,openweather,json_manip,regex,1,155,wind_chill_c,wind_chill_c,variable_drop,FALSE_POSITIVE,True
quantum,openweather,json_manip,regex,1,155,timezone,timezone,variable_drop,FALSE_POSITIVE,True
quantum,openweather,json_manip,regex,1,155,weather_main,weather_main,variable_drop,FALSE_POSITIVE,True
quantum,openweather,json_manip,regex,1,155,cloud_percent,cloud_percent,variable_drop,FALSE_POSITIVE,True
quantum,openweather,json_manip,regex,1,155,city,city,variable_drop,FALSE_POSITIVE,True
quantum,openweather,json_manip,regex,1,155,sunset_ts,timezone,variable_drop,FALSE_POSITIVE,True
quantum,openweather,json_manip,regex,1,155,wind_gust_ms,wind_gust_ms,variable_drop,FALSE_POSITIVE,True
quantum,openweather,json_manip,regex,1,155,sunrise_ts,timezone,variable_drop,FALSE_POSITIVE,True
quantum,openweather,json_manip,regex,1,155,dew_point_c,dew_point_c,variable_drop,FALSE_POSITIVE,True
quantum,openweather,json_manip,regex,1,155,feels_like_c,feels_like_c,variable_drop,FALSE_POSITIVE,True
quantum,openweather,json_manip,regex,1,155,weather_description,,variable_drop,FAILURE,True
quantum,openweather,json_manip,regex,1,205,humidity_percent,humidity_percent,field_merge_value,FALSE_POSITIVE,True
quantum,openweather,json_manip,regex,1,205,weather_icon,weather_icon,field_merge_value,FALSE_POSITIVE,True
quantum,openweather,json_manip,regex,1,205,clouds_percent,clouds_percent,field_merge_value,FALSE_POSITIVE,True
quantum,openweather,json_manip,regex,1,205,wind_degrees,wind_degrees,field_merge_value,FALSE_POSITIVE,True
quantum,openweather,json_manip,regex,1,205,rain_1h_mm,rain_1h_mm,field_merge_value,FALSE_POSITIVE,True
quantum,openweather,json_manip,regex,1,205,visibility_m,visibility_m,field_merge_value,FALSE_POSITIVE,True
quantum,openweather,json_manip,regex,1,205,wind_speed_ms,wind_speed_ms,field_merge_value,FALSE_POSITIVE,True
quantum,openweather,json_manip,regex,1,205,snow_1h_mm,snow_1h_mm,field_merge_value,FALSE_POSITIVE,True
quantum,openweather,json_manip,regex,1,205,temperature_c,temperature_c,field_merge_value,FALSE_POSITIVE,True
quantum,openweather,json_manip,regex,1,205,lon,lon,field_merge_value,FALSE_POSITIVE,True
quantum,openweather,json_manip,regex,1,205,lat,wind_chill_c_lat,field_merge_value,SUCCESS,True
quantum,openweather,json_manip,regex,1,205,weather_description,weather_description,field_merge_value,FALSE_POSITIVE,True
quantum,openweather,json_manip,regex,1,205,heat_index_c,heat_index_c,field_merge_value,FALSE_POSITIVE,True
quantum,openweather,json_manip,regex,1,205,pressure_hpa,pressure_hpa,field_merge_value,FALSE_POSITIVE,True
quantum,openweather,json_manip,regex,1,205,wind_chill_c,wind_chill_c_lat,field_merge_value,SUCCESS,True
quantum,openweather,json_manip,regex,1,205,timezone,timezone,field_merge_value,FALSE_POSITIVE,True
quantum,openweather,json_manip,regex,1,205,weather_main,weather_main,field_merge_value,FALSE_POSITIVE,True
quantum,openweather,json_manip,regex,1,205,cloud_percent,cloud_percent,field_merge_value,FALSE_POSITIVE,True
quantum,openweather,json_manip,regex,1,205,city,city,field_merge_value,FALSE_POSITIVE,True
quantum,openweather,json_manip,regex,1,205,sunset_ts,timezone,field_merge_value,FALSE_POSITIVE,True
quantum,openweather,json_manip,regex,1,205,wind_gust_ms,wind_gust_ms,field_merge_value,FALSE_POSITIVE,True
quantum,openweather,json_manip,regex,1,205,sunrise_ts,timezone,field_merge_value,FALSE_POSITIVE,True
quantum,openweather,json_manip,regex,1,205,dew_point_c,dew_point_c,field_merge_value,FALSE_POSITIVE,True
quantum,openweather,json_manip,regex,1,205,feels_like_c,feels_like_c,field_merge_value,FALSE_POSITIVE,True
quantum,openweather,json_manip,regex,1,218,humidity_percent,humidity_percent,scalar_to_array,SUCCESS,True
quantum,openweather,json_manip,regex,1,218,weather_icon,weather_icon,scalar_to_array,SUCCESS,True
quantum,openweather,json_manip,regex,1,218,clouds_percent,clouds_percent,scalar_to_array,SUCCESS,True
quantum,openweather,json_manip,regex,1,218,wind_degrees,wind_degrees,scalar_to_array,SUCCESS,True
quantum,openweather,json_manip,regex,1,218,rain_1h_mm,rain_1h_mm,scalar_to_array,SUCCESS,True
quantum,openweather,json_manip,regex,1,218,visibility_m,visibility_m,scalar_to_array,SUCCESS,True
quantum,openweather,json_manip,regex,1,218,wind_speed_ms,wind_speed_ms,scalar_to_array,SUCCESS,True
quantum,openweather,json_manip,regex,1,218,snow_1h_mm,snow_1h_mm,scalar_to_array,SUCCESS,True
quantum,openweather,json_manip,regex,1,218,temperature_c,temperature_c,scalar_to_array,SUCCESS,True
quantum,openweather,json_manip,regex,1,218,lon,lon,scalar_to_array,SUCCESS,True
quantum,openweather,json_manip,regex,1,218,lat,lat,scalar_to_array,SUCCESS,True
quantum,openweather,json_manip,regex,1,218,weather_description,weather_description,scalar_to_array,SUCCESS,True
quantum,openweather,json_manip,regex,1,218,heat_index_c,heat_index_c,scalar_to_array,SUCCESS,True
quantum,openweather,json_manip,regex,1,218,pressure_hpa,pressure_hpa,scalar_to_array,SUCCESS,True
quantum,openweather,json_manip,regex,1,218,wind_chill_c,wind_chill_c,scalar_to_array,SUCCESS,True
quantum,openweather,json_manip,regex,1,218,timezone,timezone,scalar_to_array,SUCCESS,True
quantum,openweather,json_manip,regex,1,218,weather_main,weather_main,scalar_to_array,SUCCESS,True
quantum,openweather,json_manip,regex,1,218,cloud_percent,cloud_percent,scalar_to_array,SUCCESS,True
quantum,openweather,json_manip,regex,1,218,city,city,scalar_to_array,SUCCESS,True
quantum,openweather,json_manip,regex,1,218,sunset_ts,timezone,scalar_to_array,SUCCESS,True
quantum,openweather,json_manip,regex,1,218,wind_gust_ms,wind_gust_ms,scalar_to_array,SUCCESS,True
quantum,openweather,json_manip,regex,1,218,sunrise_ts,timezone,scalar_to_array,SUCCESS,True
quantum,openweather,json_manip,regex,1,218,dew_point_c,dew_point_c,scalar_to_array,SUCCESS,True
quantum,openweather,json_manip,regex,1,218,feels_like_c,feels_like_c,scalar_to_array,SUCCESS,True
quantum,openweather,json_manip,regex,1,249,humidity_percent,humidity_percent,duplicate_field_inject,FALSE_POSITIVE,True
quantum,openweather,json_manip,regex,1,249,weather_icon,weather_icon,duplicate_field_inject,FALSE_POSITIVE,True
quantum,openweather,json_manip,regex,1,249,clouds_percent,clouds_percent,duplicate_field_inject,FALSE_POSITIVE,True
quantum,openweather,json_manip,regex,1,249,wind_degrees,wind_degrees,duplicate_field_inject,FALSE_POSITIVE,True
quantum,openweather,json_manip,regex,1,249,rain_1h_mm,rain_1h_mm,duplicate_field_inject,FALSE_POSITIVE,True
quantum,openweather,json_manip,regex,1,249,visibility_m,visibility_m,duplicate_field_inject,FALSE_POSITIVE,True
quantum,openweather,json_manip,regex,1,249,wind_speed_ms,wind_speed_ms,duplicate_field_inject,FALSE_POSITIVE,True
quantum,openweather,json_manip,regex,1,249,snow_1h_mm,snow_1h_mm,duplicate_field_inject,FALSE_POSITIVE,True
quantum,openweather,json_manip,regex,1,249,temperature_c,temperature_c,duplicate_field_inject,FALSE_POSITIVE,True
quantum,openweather,json_manip,regex,1,249,lon,lon,duplicate_field_inject,FALSE_POSITIVE,True
quantum,openweather,json_manip,regex,1,249,lat,lat_copy,duplicate_field_inject,FALSE_POSITIVE,True
quantum,openweather,json_manip,regex,1,249,weather_description,weather_description,duplicate_field_inject,FALSE_POSITIVE,True
quantum,openweather,json_manip,regex,1,249,heat_index_c,heat_index_c,duplicate_field_inject,FALSE_POSITIVE,True
quantum,openweather,json_manip,regex,1,249,pressure_hpa,pressure_hpa,duplicate_field_inject,FALSE_POSITIVE,True
quantum,openweather,json_manip,regex,1,249,wind_chill_c,wind_chill_c,duplicate_field_inject,FALSE_POSITIVE,True
quantum,openweather,json_manip,regex,1,249,timezone,timezone,duplicate_field_inject,FALSE_POSITIVE,True
quantum,openweather,json_manip,regex,1,249,weather_main,weather_main,duplicate_field_inject,FALSE_POSITIVE,True
quantum,openweather,json_manip,regex,1,249,cloud_percent,cloud_percent,duplicate_field_inject,FALSE_POSITIVE,True
quantum,openweather,json_manip,regex,1,249,city,city,duplicate_field_inject,FALSE_POSITIVE,True
quantum,openweather,json_manip,regex,1,249,sunset_ts,timezone,duplicate_field_inject,FALSE_POSITIVE,True
quantum,openweather,json_manip,regex,1,249,wind_gust_ms,wind_gust_ms,duplicate_field_inject,FALSE_POSITIVE,True
quantum,openweather,json_manip,regex,1,249,sunrise_ts,timezone,duplicate_field_inject,FALSE_POSITIVE,True
quantum,openweather,json_manip,regex,1,249,dew_point_c,dew_point_c,duplicate_field_inject,FALSE_POSITIVE,True
quantum,openweather,json_manip,regex,1,249,feels_like_c,feels_like_c,duplicate_field_inject,FALSE_POSITIVE,True
quantum,openweather,json_manip,regex,1,291,humidity_percent,humidity_percent,field_merge_value,FALSE_POSITIVE,True
quantum,openweather,json_manip,regex,1,291,weather_icon,weather_icon,field_merge_value,FALSE_POSITIVE,True
quantum,openweather,json_manip,regex,1,291,clouds_percent,clouds_percent,field_merge_value,FALSE_POSITIVE,True
quantum,openweather,json_manip,regex,1,291,wind_degrees,wind_degrees,field_merge_value,FALSE_POSITIVE,True
quantum,openweather,json_manip,regex,1,291,rain_1h_mm,rain_1h_mm,field_merge_value,FALSE_POSITIVE,True
quantum,openweather,json_manip,regex,1,291,visibility_m,visibility_m,field_merge_value,FALSE_POSITIVE,True
quantum,openweather,json_manip,regex,1,291,wind_speed_ms,wind_speed_ms,field_merge_value,FALSE_POSITIVE,True
quantum,openweather,json_manip,regex,1,291,snow_1h_mm,snow_1h_mm,field_merge_value,FALSE_POSITIVE,True
quantum,openweather,json_manip,regex,1,291,temperature_c,temperature_c,field_merge_value,FALSE_POSITIVE,True
quantum,openweather,json_manip,regex,1,291,lon,lon,field_merge_value,FALSE_POSITIVE,True
quantum,openweather,json_manip,regex,1,291,lat,sunrise_ts_lat,field_merge_value,SUCCESS,True
quantum,openweather,json_manip,regex,1,291,weather_description,weather_description,field_merge_value,FALSE_POSITIVE,True
quantum,openweather,json_manip,regex,1,291,heat_index_c,heat_index_c,field_merge_value,FALSE_POSITIVE,True
quantum,openweather,json_manip,regex,1,291,pressure_hpa,pressure_hpa,field_merge_value,FALSE_POSITIVE,True
quantum,openweather,json_manip,regex,1,291,wind_chill_c,wind_chill_c,field_merge_value,FALSE_POSITIVE,True
quantum,openweather,json_manip,regex,1,291,timezone,sunrise_ts_lat,field_merge_value,FALSE_POSITIVE,True
quantum,openweather,json_manip,regex,1,291,weather_main,weather_main,field_merge_value,FALSE_POSITIVE,True
quantum,openweather,json_manip,regex,1,291,cloud_percent,cloud_percent,field_merge_value,FALSE_POSITIVE,True
quantum,openweather,json_manip,regex,1,291,city,city,field_merge_value,FALSE_POSITIVE,True
quantum,openweather,json_manip,regex,1,291,sunset_ts,sunrise_ts_lat,field_merge_value,FALSE_POSITIVE,True
quantum,openweather,json_manip,regex,1,291,wind_gust_ms,wind_gust_ms,field_merge_value,FALSE_POSITIVE,True
quantum,openweather,json_manip,regex,1,291,sunrise_ts,sunrise_ts_lat,field_merge_value,SUCCESS,True
quantum,openweather,json_manip,regex,1,291,dew_point_c,dew_point_c,field_merge_value,FALSE_POSITIVE,True
quantum,openweather,json_manip,regex,1,291,feels_like_c,feels_like_c,field_merge_value,FALSE_POSITIVE,True
quantum,openweather,json_manip,regex,1,308,humidity_percent,humidity_percent,null_injection,SUCCESS,True
quantum,openweather,json_manip,regex,1,308,weather_icon,weather_icon,null_injection,SUCCESS,True
quantum,openweather,json_manip,regex,1,308,clouds_percent,clouds_percent,null_injection,SUCCESS,True
quantum,openweather,json_manip,regex,1,308,wind_degrees,wind_degrees,null_injection,SUCCESS,True
quantum,openweather,json_manip,regex,1,308,rain_1h_mm,rain_1h_mm,null_injection,SUCCESS,True
quantum,openweather,json_manip,regex,1,308,visibility_m,visibility_m,null_injection,SUCCESS,True
quantum,openweather,json_manip,regex,1,308,wind_speed_ms,wind_speed_ms,null_injection,SUCCESS,True
quantum,openweather,json_manip,regex,1,308,snow_1h_mm,snow_1h_mm,null_injection,SUCCESS,True
quantum,openweather,json_manip,regex,1,308,temperature_c,temperature_c,null_injection,SUCCESS,True
quantum,openweather,json_manip,regex,1,308,lon,lon,null_injection,SUCCESS,True
quantum,openweather,json_manip,regex,1,308,lat,lat,null_injection,SUCCESS,True
quantum,openweather,json_manip,regex,1,308,weather_description,weather_description,null_injection,SUCCESS,True
quantum,openweather,json_manip,regex,1,308,heat_index_c,heat_index_c,null_injection,SUCCESS,True
quantum,openweather,json_manip,regex,1,308,pressure_hpa,pressure_hpa,null_injection,SUCCESS,True
quantum,openweather,json_manip,regex,1,308,wind_chill_c,wind_chill_c,null_injection,SUCCESS,True
quantum,openweather,json_manip,regex,1,308,timezone,timezone,null_injection,SUCCESS,True
quantum,openweather,json_manip,regex,1,308,weather_main,weather_main,null_injection,SUCCESS,True
quantum,openweather,json_manip,regex,1,308,cloud_percent,cloud_percent,null_injection,SUCCESS,True
quantum,openweather,json_manip,regex,1,308,city,city,null_injection,SUCCESS,True
quantum,openweather,json_manip,regex,1,308,sunset_ts,timezone,null_injection,SUCCESS,True
quantum,openweather,json_manip,regex,1,308,wind_gust_ms,wind_gust_ms,null_injection,SUCCESS,True
quantum,openweather,json_manip,regex,1,308,sunrise_ts,timezone,null_injection,SUCCESS,True
quantum,openweather,json_manip,regex,1,308,dew_point_c,dew_point_c,null_injection,SUCCESS,True
quantum,openweather,json_manip,regex,1,308,feels_like_c,feels_like_c,null_injection,SUCCESS,True
quantum,openweather,json_manip,regex,1,325,humidity_percent,humidity_percent,outlier_injection,SUCCESS,True
quantum,openweather,json_manip,regex,1,325,weather_icon,weather_icon,outlier_injection,SUCCESS,True
quantum,openweather,json_manip,regex,1,325,clouds_percent,clouds_percent,outlier_injection,SUCCESS,True
quantum,openweather,json_manip,regex,1,325,wind_degrees,wind_degrees,outlier_injection,SUCCESS,True
quantum,openweather,json_manip,regex,1,325,rain_1h_mm,rain_1h_mm,outlier_injection,SUCCESS,True
quantum,openweather,json_manip,regex,1,325,visibility_m,visibility_m,outlier_injection,SUCCESS,True
quantum,openweather,json_manip,regex,1,325,wind_speed_ms,wind_speed_ms,outlier_injection,SUCCESS,True
quantum,openweather,json_manip,regex,1,325,snow_1h_mm,snow_1h_mm,outlier_injection,SUCCESS,True
quantum,openweather,json_manip,regex,1,325,temperature_c,temperature_c,outlier_injection,SUCCESS,True
quantum,openweather,json_manip,regex,1,325,lon,lon,outlier_injection,SUCCESS,True
quantum,openweather,json_manip,regex,1,325,lat,lat,outlier_injection,SUCCESS,True
quantum,openweather,json_manip,regex,1,325,weather_description,weather_description,outlier_injection,SUCCESS,True
quantum,openweather,json_manip,regex,1,325,heat_index_c,heat_index_c,outlier_injection,SUCCESS,True
quantum,openweather,json_manip,regex,1,325,pressure_hpa,pressure_hpa,outlier_injection,SUCCESS,True
quantum,openweather,json_manip,regex,1,325,wind_chill_c,wind_chill_c,outlier_injection,SUCCESS,True
quantum,openweather,json_manip,regex,1,325,timezone,timezone,outlier_injection,SUCCESS,True
quantum,openweather,json_manip,regex,1,325,weather_main,weather_main,outlier_injection,SUCCESS,True
quantum,openweather,json_manip,regex,1,325,cloud_percent,cloud_percent,outlier_injection,SUCCESS,True
quantum,openweather,json_manip,regex,1,325,city,city,outlier_injection,SUCCESS,True
quantum,openweather,json_manip,regex,1,325,sunset_ts,timezone,outlier_injection,SUCCESS,True
quantum,openweather,json_manip,regex,1,325,wind_gust_ms,wind_gust_ms,outlier_injection,SUCCESS,True
quantum,openweather,json_manip,regex,1,325,sunrise_ts,timezone,outlier_injection,SUCCESS,True
quantum,openweather,json_manip,regex,1,325,dew_point_c,dew_point_c,outlier_injection,SUCCESS,True
quantum,openweather,json_manip,regex,1,325,feels_like_c,feels_like_c,outlier_injection,SUCCESS,True
quantum,openweather,json_manip,regex,1,341,humidity_percent,humidity_percent,duplicate_field_inject,FALSE_POSITIVE,True
quantum,openweather,json_manip,regex,1,341,weather_icon,weather_icon,duplicate_field_inject,FALSE_POSITIVE,True
quantum,openweather,json_manip,regex,1,341,clouds_percent,clouds_percent,duplicate_field_inject,FALSE_POSITIVE,True
quantum,openweather,json_manip,regex,1,341,wind_degrees,wind_degrees,duplicate_field_inject,FALSE_POSITIVE,True
quantum,openweather,json_manip,regex,1,341,rain_1h_mm,rain_1h_mm,duplicate_field_inject,FALSE_POSITIVE,True
quantum,openweather,json_manip,regex,1,341,visibility_m,visibility_m,duplicate_field_inject,FALSE_POSITIVE,True
quantum,openweather,json_manip,regex,1,341,wind_speed_ms,wind_speed_ms,duplicate_field_inject,FALSE_POSITIVE,True
quantum,openweather,json_manip,regex,1,341,snow_1h_mm,snow_1h_mm,duplicate_field_inject,FALSE_POSITIVE,True
quantum,openweather,json_manip,regex,1,341,temperature_c,temperature_c,duplicate_field_inject,FALSE_POSITIVE,True
quantum,openweather,json_manip,regex,1,341,lon,lon,duplicate_field_inject,FALSE_POSITIVE,True
quantum,openweather,json_manip,regex,1,341,lat,lat,duplicate_field_inject,FALSE_POSITIVE,True
quantum,openweather,json_manip,regex,1,341,weather_description,weather_description,duplicate_field_inject,FALSE_POSITIVE,True
quantum,openweather,json_manip,regex,1,341,heat_index_c,heat_index_c,duplicate_field_inject,FALSE_POSITIVE,True
quantum,openweather,json_manip,regex,1,341,pressure_hpa,pressure_hpa,duplicate_field_inject,FALSE_POSITIVE,True
quantum,openweather,json_manip,regex,1,341,wind_chill_c,wind_chill_c_copy,duplicate_field_inject,FALSE_POSITIVE,True
quantum,openweather,json_manip,regex,1,341,timezone,timezone,duplicate_field_inject,FALSE_POSITIVE,True
quantum,openweather,json_manip,regex,1,341,weather_main,weather_main,duplicate_field_inject,FALSE_POSITIVE,True
quantum,openweather,json_manip,regex,1,341,cloud_percent,cloud_percent,duplicate_field_inject,FALSE_POSITIVE,True
quantum,openweather,json_manip,regex,1,341,city,city,duplicate_field_inject,FALSE_POSITIVE,True
quantum,openweather,json_manip,regex,1,341,sunset_ts,timezone,duplicate_field_inject,FALSE_POSITIVE,True
quantum,openweather,json_manip,regex,1,341,wind_gust_ms,wind_gust_ms,duplicate_field_inject,FALSE_POSITIVE,True
quantum,openweather,json_manip,regex,1,341,sunrise_ts,timezone,duplicate_field_inject,FALSE_POSITIVE,True
quantum,openweather,json_manip,regex,1,341,dew_point_c,dew_point_c,duplicate_field_inject,FALSE_POSITIVE,True
quantum,openweather,json_manip,regex,1,341,feels_like_c,feels_like_c,duplicate_field_inject,FALSE_POSITIVE,True
quantum,openweather,json_manip,regex,1,355,humidity_percent,humidity_percent,variable_drop,FALSE_POSITIVE,True
quantum,openweather,json_manip,regex,1,355,weather_icon,weather_icon,variable_drop,FALSE_POSITIVE,True
quantum,openweather,json_manip,regex,1,355,clouds_percent,clouds_percent,variable_drop,FALSE_POSITIVE,True
quantum,openweather,json_manip,regex,1,355,wind_degrees,wind_degrees,variable_drop,FALSE_POSITIVE,True
quantum,openweather,json_manip,regex,1,355,rain_1h_mm,rain_1h_mm,variable_drop,FALSE_POSITIVE,True
quantum,openweather,json_manip,regex,1,355,visibility_m,visibility_m,variable_drop,FALSE_POSITIVE,True
quantum,openweather,json_manip,regex,1,355,wind_speed_ms,wind_speed_ms,variable_drop,FALSE_POSITIVE,True
quantum,openweather,json_manip,regex,1,355,snow_1h_mm,snow_1h_mm,variable_drop,FALSE_POSITIVE,True
quantum,openweather,json_manip,regex,1,355,temperature_c,temperature_c,variable_drop,FALSE_POSITIVE,True
quantum,openweather,json_manip,regex,1,355,lon,lon,variable_drop,FALSE_POSITIVE,True
quantum,openweather,json_manip,regex,1,355,lat,lat,variable_drop,FALSE_POSITIVE,True
quantum,openweather,json_manip,regex,1,355,weather_description,weather_description,variable_drop,FALSE_POSITIVE,True
quantum,openweather,json_manip,regex,1,355,heat_index_c,heat_index_c,variable_drop,FALSE_POSITIVE,True
quantum,openweather,json_manip,regex,1,355,pressure_hpa,pressure_hpa,variable_drop,FALSE_POSITIVE,True
quantum,openweather,json_manip,regex,1,355,wind_chill_c,wind_chill_c,variable_drop,FALSE_POSITIVE,True
quantum,openweather,json_manip,regex,1,355,timezone,timezone,variable_drop,FALSE_POSITIVE,True
quantum,openweather,json_manip,regex,1,355,weather_main,weather_main,variable_drop,FALSE_POSITIVE,True
quantum,openweather,json_manip,regex,1,355,cloud_percent,cloud_percent,variable_drop,FALSE_POSITIVE,True
quantum,openweather,json_manip,regex,1,355,city,city,variable_drop,FALSE_POSITIVE,True
quantum,openweather,json_manip,regex,1,355,sunset_ts,timezone,variable_drop,FALSE_POSITIVE,True
quantum,openweather,json_manip,regex,1,355,sunrise_ts,timezone,variable_drop,FALSE_POSITIVE,True
quantum,openweather,json_manip,regex,1,355,dew_point_c,dew_point_c,variable_drop,FALSE_POSITIVE,True
quantum,openweather,json_manip,regex,1,355,feels_like_c,feels_like_c,variable_drop,FALSE_POSITIVE,True
quantum,openweather,json_manip,regex,1,355,wind_gust_ms,,variable_drop,FAILURE,True
quantum,openweather,json_manip,regex,1,444,humidity_percent,humidity_percent,outlier_injection,SUCCESS,True
quantum,openweather,json_manip,regex,1,444,weather_icon,weather_icon,outlier_injection,SUCCESS,True
quantum,openweather,json_manip,regex,1,444,clouds_percent,clouds_percent,outlier_injection,SUCCESS,True
quantum,openweather,json_manip,regex,1,444,wind_degrees,wind_degrees,outlier_injection,SUCCESS,True
quantum,openweather,json_manip,regex,1,444,rain_1h_mm,rain_1h_mm,outlier_injection,SUCCESS,True
quantum,openweather,json_manip,regex,1,444,visibility_m,visibility_m,outlier_injection,SUCCESS,True
quantum,openweather,json_manip,regex,1,444,wind_speed_ms,wind_speed_ms,outlier_injection,SUCCESS,True
quantum,openweather,json_manip,regex,1,444,snow_1h_mm,snow_1h_mm,outlier_injection,SUCCESS,True
quantum,openweather,json_manip,regex,1,444,temperature_c,temperature_c,outlier_injection,SUCCESS,True
quantum,openweather,json_manip,regex,1,444,lon,lon,outlier_injection,SUCCESS,True
quantum,openweather,json_manip,regex,1,444,lat,lat,outlier_injection,SUCCESS,True
quantum,openweather,json_manip,regex,1,444,weather_description,weather_description,outlier_injection,SUCCESS,True
quantum,openweather,json_manip,regex,1,444,heat_index_c,heat_index_c,outlier_injection,SUCCESS,True
quantum,openweather,json_manip,regex,1,444,pressure_hpa,pressure_hpa,outlier_injection,SUCCESS,True
quantum,openweather,json_manip,regex,1,444,wind_chill_c,wind_chill_c,outlier_injection,SUCCESS,True
quantum,openweather,json_manip,regex,1,444,timezone,timezone,outlier_injection,SUCCESS,True
quantum,openweather,json_manip,regex,1,444,weather_main,weather_main,outlier_injection,SUCCESS,True
quantum,openweather,json_manip,regex,1,444,cloud_percent,cloud_percent,outlier_injection,SUCCESS,True
quantum,openweather,json_manip,regex,1,444,city,city,outlier_injection,SUCCESS,True
quantum,openweather,json_manip,regex,1,444,sunset_ts,timezone,outlier_injection,SUCCESS,True
quantum,openweather,json_manip,regex,1,444,wind_gust_ms,wind_gust_ms,outlier_injection,SUCCESS,True
quantum,openweather,json_manip,regex,1,444,sunrise_ts,timezone,outlier_injection,SUCCESS,True
quantum,openweather,json_manip,regex,1,444,dew_point_c,dew_point_c,outlier_injection,SUCCESS,True
quantum,openweather,json_manip,regex,1,444,feels_like_c,feels_like_c,outlier_injection,SUCCESS,True
quantum,openweather,json_manip,regex,1,451,humidity_percent,humidity_percent,scalar_to_array,SUCCESS,True
quantum,openweather,json_manip,regex,1,451,weather_icon,weather_icon,scalar_to_array,SUCCESS,True
quantum,openweather,json_manip,regex,1,451,clouds_percent,clouds_percent,scalar_to_array,SUCCESS,True
quantum,openweather,json_manip,regex,1,451,wind_degrees,wind_degrees,scalar_to_array,SUCCESS,True
quantum,openweather,json_manip,regex,1,451,rain_1h_mm,rain_1h_mm,scalar_to_array,SUCCESS,True
quantum,openweather,json_manip,regex,1,451,visibility_m,visibility_m,scalar_to_array,SUCCESS,True
quantum,openweather,json_manip,regex,1,451,wind_speed_ms,wind_speed_ms,scalar_to_array,SUCCESS,True
quantum,openweather,json_manip,regex,1,451,snow_1h_mm,snow_1h_mm,scalar_to_array,SUCCESS,True
quantum,openweather,json_manip,regex,1,451,temperature_c,temperature_c,scalar_to_array,SUCCESS,True
quantum,openweather,json_manip,regex,1,451,lon,lon,scalar_to_array,SUCCESS,True
quantum,openweather,json_manip,regex,1,451,lat,lat,scalar_to_array,SUCCESS,True
quantum,openweather,json_manip,regex,1,451,weather_description,weather_description,scalar_to_array,SUCCESS,True
quantum,openweather,json_manip,regex,1,451,heat_index_c,heat_index_c,scalar_to_array,SUCCESS,True
quantum,openweather,json_manip,regex,1,451,pressure_hpa,pressure_hpa,scalar_to_array,SUCCESS,True
quantum,openweather,json_manip,regex,1,451,wind_chill_c,wind_chill_c,scalar_to_array,SUCCESS,True
quantum,openweather,json_manip,regex,1,451,timezone,timezone,scalar_to_array,SUCCESS,True
quantum,openweather,json_manip,regex,1,451,weather_main,weather_main,scalar_to_array,SUCCESS,True
quantum,openweather,json_manip,regex,1,451,cloud_percent,cloud_percent,scalar_to_array,SUCCESS,True
quantum,openweather,json_manip,regex,1,451,city,city,scalar_to_array,SUCCESS,True
quantum,openweather,json_manip,regex,1,451,sunset_ts,timezone,scalar_to_array,SUCCESS,True
quantum,openweather,json_manip,regex,1,451,wind_gust_ms,wind_gust_ms,scalar_to_array,SUCCESS,True
quantum,openweather,json_manip,regex,1,451,sunrise_ts,timezone,scalar_to_array,SUCCESS,True
quantum,openweather,json_manip,regex,1,451,dew_point_c,dew_point_c,scalar_to_array,SUCCESS,True
quantum,openweather,json_manip,regex,1,451,feels_like_c,feels_like_c,scalar_to_array,SUCCESS,True
quantum,openweather,json_manip,regex,1,492,humidity_percent,humidity_percent,null_injection,SUCCESS,True
quantum,openweather,json_manip,regex,1,492,weather_icon,weather_icon,null_injection,SUCCESS,True
quantum,openweather,json_manip,regex,1,492,clouds_percent,clouds_percent,null_injection,SUCCESS,True
quantum,openweather,json_manip,regex,1,492,wind_degrees,wind_degrees,null_injection,SUCCESS,True
quantum,openweather,json_manip,regex,1,492,rain_1h_mm,rain_1h_mm,null_injection,SUCCESS,True
quantum,openweather,json_manip,regex,1,492,visibility_m,visibility_m,null_injection,SUCCESS,True
quantum,openweather,json_manip,regex,1,492,wind_speed_ms,wind_speed_ms,null_injection,SUCCESS,True
quantum,openweather,json_manip,regex,1,492,snow_1h_mm,snow_1h_mm,null_injection,SUCCESS,True
quantum,openweather,json_manip,regex,1,492,temperature_c,temperature_c,null_injection,SUCCESS,True
quantum,openweather,json_manip,regex,1,492,lon,lon,null_injection,SUCCESS,True
quantum,openweather,json_manip,regex,1,492,lat,lat,null_injection,SUCCESS,True
quantum,openweather,json_manip,regex,1,492,weather_description,weather_description,null_injection,SUCCESS,True
quantum,openweather,json_manip,regex,1,492,heat_index_c,heat_index_c,null_injection,SUCCESS,True
quantum,openweather,json_manip,regex,1,492,pressure_hpa,pressure_hpa,null_injection,SUCCESS,True
quantum,openweather,json_manip,regex,1,492,wind_chill_c,wind_chill_c,null_injection,SUCCESS,True
quantum,openweather,json_manip,regex,1,492,timezone,timezone,null_injection,SUCCESS,True
quantum,openweather,json_manip,regex,1,492,weather_main,weather_main,null_injection,SUCCESS,True
quantum,openweather,json_manip,regex,1,492,cloud_percent,cloud_percent,null_injection,SUCCESS,True
quantum,openweather,json_manip,regex,1,492,city,city,null_injection,SUCCESS,True
quantum,openweather,json_manip,regex,1,492,sunset_ts,timezone,null_injection,SUCCESS,True
quantum,openweather,json_manip,regex,1,492,wind_gust_ms,wind_gust_ms,null_injection,SUCCESS,True
quantum,openweather,json_manip,regex,1,492,sunrise_ts,timezone,null_injection,SUCCESS,True
quantum,openweather,json_manip,regex,1,492,dew_point_c,dew_point_c,null_injection,SUCCESS,True
quantum,openweather,json_manip,regex,1,492,feels_like_c,feels_like_c,null_injection,SUCCESS,True
quantum,openf1,qwen,bert,1,0,driver,driver,qwen_semantic,FALSE_POSITIVE,True
quantum,openf1,qwen,bert,1,0,driver_number,driver_number,qwen_semantic,FALSE_POSITIVE,True
quantum,openf1,qwen,bert,1,0,team,team,qwen_semantic,FALSE_POSITIVE,True
quantum,openf1,qwen,bert,1,0,team_color,team_color_code,qwen_semantic,SUCCESS,True
quantum,openf1,qwen,bert,1,0,position,position,qwen_semantic,FALSE_POSITIVE,True
quantum,openf1,qwen,bert,1,0,lap_number,lap_number,qwen_semantic,FALSE_POSITIVE,True
quantum,openf1,qwen,bert,1,0,lap_time_ms,lap_time_ms,qwen_semantic,FALSE_POSITIVE,True
quantum,openf1,qwen,bert,1,0,pit_stop_count,pit_stop_count,qwen_semantic,FALSE_POSITIVE,True
quantum,openf1,qwen,bert,1,0,tire_compound,tire_compound,qwen_semantic,FALSE_POSITIVE,True
quantum,openf1,qwen,bert,1,0,tire_age_laps,tire_age_laps,qwen_semantic,FALSE_POSITIVE,True
quantum,openf1,qwen,bert,1,0,speed_kmh,speed_kmh,qwen_semantic,FALSE_POSITIVE,True
quantum,openf1,qwen,bert,1,0,throttle,throttle,qwen_semantic,FALSE_POSITIVE,True
quantum,openf1,qwen,bert,1,0,brake,brake,qwen_semantic,FALSE_POSITIVE,True
quantum,openf1,qwen,bert,1,0,n_gear,gear,qwen_semantic,SUCCESS,True
quantum,openf1,qwen,bert,1,0,rpm,rpm,qwen_semantic,FALSE_POSITIVE,True
quantum,openf1,qwen,bert,1,0,drs,drs,qwen_semantic,FALSE_POSITIVE,True
quantum,openf1,qwen,bert,1,0,ers_deployment_kj,ers_deployment_kj,qwen_semantic,FALSE_POSITIVE,True
quantum,openf1,qwen,bert,1,0,fuel_remaining_kg,fuel_remaining_kg,qwen_semantic,FALSE_POSITIVE,True
quantum,openf1,qwen,bert,1,0,session_time,session_time,qwen_semantic,FALSE_POSITIVE,True
quantum,openf1,qwen,bert,1,1,driver,driver,qwen_semantic,FALSE_POSITIVE,True
quantum,openf1,qwen,bert,1,1,driver_number,driver_number,qwen_semantic,FALSE_POSITIVE,True
quantum,openf1,qwen,bert,1,1,team,team,qwen_semantic,FALSE_POSITIVE,True
quantum,openf1,qwen,bert,1,1,team_color,team_color_code,qwen_semantic,SUCCESS,True
quantum,openf1,qwen,bert,1,1,position,position,qwen_semantic,FALSE_POSITIVE,True
quantum,openf1,qwen,bert,1,1,lap_number,lap_number,qwen_semantic,FALSE_POSITIVE,True
quantum,openf1,qwen,bert,1,1,lap_time_ms,lap_time_ms,qwen_semantic,FALSE_POSITIVE,True
quantum,openf1,qwen,bert,1,1,pit_stop_count,pit_stop_count,qwen_semantic,FALSE_POSITIVE,True
quantum,openf1,qwen,bert,1,1,tire_compound,tire_compound,qwen_semantic,FALSE_POSITIVE,True
quantum,openf1,qwen,bert,1,1,tire_age_laps,tire_age_laps,qwen_semantic,FALSE_POSITIVE,True
quantum,openf1,qwen,bert,1,1,speed_kmh,speed_kmh,qwen_semantic,FALSE_POSITIVE,True
quantum,openf1,qwen,bert,1,1,throttle,throttle,qwen_semantic,FALSE_POSITIVE,True
quantum,openf1,qwen,bert,1,1,brake,brake,qwen_semantic,FALSE_POSITIVE,True
quantum,openf1,qwen,bert,1,1,n_gear,n_gear,qwen_semantic,FALSE_POSITIVE,True
quantum,openf1,qwen,bert,1,1,rpm,rpm,qwen_semantic,FALSE_POSITIVE,True
quantum,openf1,qwen,bert,1,1,drs,drs,qwen_semantic,FALSE_POSITIVE,True
quantum,openf1,qwen,bert,1,1,ers_deployment_kj,ers_deployment_kj,qwen_semantic,FALSE_POSITIVE,True
quantum,openf1,qwen,bert,1,1,fuel_remaining_kg,fuel_remaining_kg,qwen_semantic,FALSE_POSITIVE,True
quantum,openf1,qwen,bert,1,1,session_time,session_time,qwen_semantic,FALSE_POSITIVE,True
quantum,openf1,qwen,bert,1,13,driver,driver,qwen_semantic,FALSE_POSITIVE,True
quantum,openf1,qwen,bert,1,13,driver_number,driver_number,qwen_semantic,FALSE_POSITIVE,True
quantum,openf1,qwen,bert,1,13,team,team,qwen_semantic,FALSE_POSITIVE,True
quantum,openf1,qwen,bert,1,13,team_color,team_color_code,qwen_semantic,SUCCESS,True
quantum,openf1,qwen,bert,1,13,position,position,qwen_semantic,FALSE_POSITIVE,True
quantum,openf1,qwen,bert,1,13,lap_number,lap_number,qwen_semantic,FALSE_POSITIVE,True
quantum,openf1,qwen,bert,1,13,lap_time_ms,lap_time_ms,qwen_semantic,FALSE_POSITIVE,True
quantum,openf1,qwen,bert,1,13,pit_stop_count,pit_stop_count,qwen_semantic,FALSE_POSITIVE,True
quantum,openf1,qwen,bert,1,13,tire_compound,tire_compound,qwen_semantic,FALSE_POSITIVE,True
quantum,openf1,qwen,bert,1,13,tire_age_laps,tire_age_laps,qwen_semantic,FALSE_POSITIVE,True
quantum,openf1,qwen,bert,1,13,speed_kmh,speed_kmh,qwen_semantic,FALSE_POSITIVE,True
quantum,openf1,qwen,bert,1,13,throttle,throttle,qwen_semantic,FALSE_POSITIVE,True
quantum,openf1,qwen,bert,1,13,brake,brake,qwen_semantic,FALSE_POSITIVE,True
quantum,openf1,qwen,bert,1,13,n_gear,n_gear,qwen_semantic,FALSE_POSITIVE,True
quantum,openf1,qwen,bert,1,13,rpm,rpm,qwen_semantic,FALSE_POSITIVE,True
quantum,openf1,qwen,bert,1,13,ers_deployment_kj,ers_energy_deployed_kj,qwen_semantic,SUCCESS,True
quantum,openf1,qwen,bert,1,13,fuel_remaining_kg,fuel_remaining_kg,qwen_semantic,FALSE_POSITIVE,True
quantum,openf1,qwen,bert,1,13,session_time,session_time,qwen_semantic,FALSE_POSITIVE,True
quantum,openf1,qwen,bert,1,13,drs,,qwen_semantic,FAILURE,True
quantum,openf1,qwen,bert,1,15,driver,driver,qwen_semantic,FALSE_POSITIVE,True
quantum,openf1,qwen,bert,1,15,driver_number,driver_number,qwen_semantic,FALSE_POSITIVE,True
quantum,openf1,qwen,bert,1,15,team,team,qwen_semantic,FALSE_POSITIVE,True
quantum,openf1,qwen,bert,1,15,team_color,team_color,qwen_semantic,FALSE_POSITIVE,True
quantum,openf1,qwen,bert,1,15,position,position,qwen_semantic,FALSE_POSITIVE,True
quantum,openf1,qwen,bert,1,15,lap_number,lap_number,qwen_semantic,FALSE_POSITIVE,True
quantum,openf1,qwen,bert,1,15,lap_time_ms,lap_time_ms,qwen_semantic,FALSE_POSITIVE,True
quantum,openf1,qwen,bert,1,15,pit_stop_count,pit_stop_count,qwen_semantic,FALSE_POSITIVE,True
quantum,openf1,qwen,bert,1,15,tire_compound,tire_compound,qwen_semantic,FALSE_POSITIVE,True
quantum,openf1,qwen,bert,1,15,tire_age_laps,tire_age_laps,qwen_semantic,FALSE_POSITIVE,True
quantum,openf1,qwen,bert,1,15,speed_kmh,speed_kmh,qwen_semantic,FALSE_POSITIVE,True
quantum,openf1,qwen,bert,1,15,throttle,throttle,qwen_semantic,FALSE_POSITIVE,True
quantum,openf1,qwen,bert,1,15,brake,brake,qwen_semantic,FALSE_POSITIVE,True
quantum,openf1,qwen,bert,1,15,n_gear,n_gear,qwen_semantic,FALSE_POSITIVE,True
quantum,openf1,qwen,bert,1,15,rpm,rpm,qwen_semantic,FALSE_POSITIVE,True
quantum,openf1,qwen,bert,1,15,drs,drs,qwen_semantic,FALSE_POSITIVE,True
quantum,openf1,qwen,bert,1,15,ers_deployment_kj,ers_deployment_kj,qwen_semantic,FALSE_POSITIVE,True
quantum,openf1,qwen,bert,1,15,fuel_remaining_kg,fuel_remaining_kg,qwen_semantic,FALSE_POSITIVE,True
quantum,openf1,qwen,bert,1,15,session_time,session_duration,qwen_semantic,SUCCESS,True
quantum,openf1,qwen,bert,1,20,driver,driver,qwen_semantic,FALSE_POSITIVE,True
quantum,openf1,qwen,bert,1,20,driver_number,driver_number,qwen_semantic,FALSE_POSITIVE,True
quantum,openf1,qwen,bert,1,20,team,team,qwen_semantic,FALSE_POSITIVE,True
quantum,openf1,qwen,bert,1,20,team_color,team_color_code,qwen_semantic,SUCCESS,True
quantum,openf1,qwen,bert,1,20,position,position,qwen_semantic,FALSE_POSITIVE,True
quantum,openf1,qwen,bert,1,20,lap_number,lap_number,qwen_semantic,FALSE_POSITIVE,True
quantum,openf1,qwen,bert,1,20,lap_time_ms,lap_time_ms,qwen_semantic,FALSE_POSITIVE,True
quantum,openf1,qwen,bert,1,20,pit_stop_count,pit_stop_count,qwen_semantic,FALSE_POSITIVE,True
quantum,openf1,qwen,bert,1,20,tire_compound,tire_compound,qwen_semantic,FALSE_POSITIVE,True
quantum,openf1,qwen,bert,1,20,tire_age_laps,tire_age_laps,qwen_semantic,FALSE_POSITIVE,True
quantum,openf1,qwen,bert,1,20,speed_kmh,speed_kmh,qwen_semantic,FALSE_POSITIVE,True
quantum,openf1,qwen,bert,1,20,throttle,throttle,qwen_semantic,FALSE_POSITIVE,True
quantum,openf1,qwen,bert,1,20,brake,brake,qwen_semantic,FALSE_POSITIVE,True
quantum,openf1,qwen,bert,1,20,n_gear,gear,qwen_semantic,SUCCESS,True
quantum,openf1,qwen,bert,1,20,rpm,rpm,qwen_semantic,FALSE_POSITIVE,True
quantum,openf1,qwen,bert,1,20,drs,drs,qwen_semantic,FALSE_POSITIVE,True
quantum,openf1,qwen,bert,1,20,ers_deployment_kj,ers_deployment_kj,qwen_semantic,FALSE_POSITIVE,True
quantum,openf1,qwen,bert,1,20,fuel_remaining_kg,fuel_remaining_kg,qwen_semantic,FALSE_POSITIVE,True
quantum,openf1,qwen,bert,1,20,session_time,session_time,qwen_semantic,FALSE_POSITIVE,True
quantum,openf1,qwen,bert,1,64,driver,driver,qwen_semantic,FALSE_POSITIVE,True
quantum,openf1,qwen,bert,1,64,driver_number,driver_number,qwen_semantic,FALSE_POSITIVE,True
quantum,openf1,qwen,bert,1,64,team,team,qwen_semantic,FALSE_POSITIVE,True
quantum,openf1,qwen,bert,1,64,team_color,team_color_code,qwen_semantic,SUCCESS,True
quantum,openf1,qwen,bert,1,64,position,position,qwen_semantic,FALSE_POSITIVE,True
quantum,openf1,qwen,bert,1,64,lap_number,lap_number,qwen_semantic,FALSE_POSITIVE,True
quantum,openf1,qwen,bert,1,64,lap_time_ms,lap_time_ms,qwen_semantic,FALSE_POSITIVE,True
quantum,openf1,qwen,bert,1,64,pit_stop_count,pit_stop_count,qwen_semantic,FALSE_POSITIVE,True
quantum,openf1,qwen,bert,1,64,tire_compound,tire_compound,qwen_semantic,FALSE_POSITIVE,True
quantum,openf1,qwen,bert,1,64,tire_age_laps,tire_age_laps,qwen_semantic,FALSE_POSITIVE,True
quantum,openf1,qwen,bert,1,64,speed_kmh,speed_kmh,qwen_semantic,FALSE_POSITIVE,True
quantum,openf1,qwen,bert,1,64,throttle,throttle,qwen_semantic,FALSE_POSITIVE,True
quantum,openf1,qwen,bert,1,64,brake,brake,qwen_semantic,FALSE_POSITIVE,True
quantum,openf1,qwen,bert,1,64,n_gear,n_gear,qwen_semantic,FALSE_POSITIVE,True
quantum,openf1,qwen,bert,1,64,rpm,rpm,qwen_semantic,FALSE_POSITIVE,True
quantum,openf1,qwen,bert,1,64,drs,drs,qwen_semantic,FALSE_POSITIVE,True
quantum,openf1,qwen,bert,1,64,ers_deployment_kj,ers_deployment_kj,qwen_semantic,FALSE_POSITIVE,True
quantum,openf1,qwen,bert,1,64,fuel_remaining_kg,fuel_remaining_kg,qwen_semantic,FALSE_POSITIVE,True
quantum,openf1,qwen,bert,1,64,session_time,session_time,qwen_semantic,FALSE_POSITIVE,True
quantum,openf1,qwen,bert,1,87,driver,driver,qwen_semantic,FALSE_POSITIVE,True
quantum,openf1,qwen,bert,1,87,driver_number,driver_number,qwen_semantic,FALSE_POSITIVE,True
quantum,openf1,qwen,bert,1,87,team,team,qwen_semantic,FALSE_POSITIVE,True
quantum,openf1,qwen,bert,1,87,team_color,team_color_code,qwen_semantic,SUCCESS,True
quantum,openf1,qwen,bert,1,87,position,position,qwen_semantic,FALSE_POSITIVE,True
quantum,openf1,qwen,bert,1,87,lap_number,lap_number,qwen_semantic,FALSE_POSITIVE,True
quantum,openf1,qwen,bert,1,87,lap_time_ms,lap_time_ms,qwen_semantic,FALSE_POSITIVE,True
quantum,openf1,qwen,bert,1,87,pit_stop_count,pit_stop_count,qwen_semantic,FALSE_POSITIVE,True
quantum,openf1,qwen,bert,1,87,tire_compound,tire_compound,qwen_semantic,FALSE_POSITIVE,True
quantum,openf1,qwen,bert,1,87,tire_age_laps,tire_age_laps,qwen_semantic,FALSE_POSITIVE,True
quantum,openf1,qwen,bert,1,87,speed_kmh,speed_kmh,qwen_semantic,FALSE_POSITIVE,True
quantum,openf1,qwen,bert,1,87,throttle,throttle,qwen_semantic,FALSE_POSITIVE,True
quantum,openf1,qwen,bert,1,87,brake,brake,qwen_semantic,FALSE_POSITIVE,True
quantum,openf1,qwen,bert,1,87,n_gear,n_gear,qwen_semantic,FALSE_POSITIVE,True
quantum,openf1,qwen,bert,1,87,rpm,rpm,qwen_semantic,FALSE_POSITIVE,True
quantum,openf1,qwen,bert,1,87,drs,drs,qwen_semantic,FALSE_POSITIVE,True
quantum,openf1,qwen,bert,1,87,ers_deployment_kj,ers_deployment_kj,qwen_semantic,FALSE_POSITIVE,True
quantum,openf1,qwen,bert,1,87,fuel_remaining_kg,fuel_remaining_kg,qwen_semantic,FALSE_POSITIVE,True
quantum,openf1,qwen,bert,1,87,session_time,session_time,qwen_semantic,FALSE_POSITIVE,True
quantum,openf1,qwen,bert,1,100,driver,driver,qwen_semantic,FALSE_POSITIVE,True
quantum,openf1,qwen,bert,1,100,driver_number,driver_number,qwen_semantic,FALSE_POSITIVE,True
quantum,openf1,qwen,bert,1,100,team,team,qwen_semantic,FALSE_POSITIVE,True
quantum,openf1,qwen,bert,1,100,team_color,team_color_code,qwen_semantic,SUCCESS,True
quantum,openf1,qwen,bert,1,100,position,position,qwen_semantic,FALSE_POSITIVE,True
quantum,openf1,qwen,bert,1,100,lap_number,lap_number,qwen_semantic,FALSE_POSITIVE,True
quantum,openf1,qwen,bert,1,100,lap_time_ms,lap_time_ms,qwen_semantic,FALSE_POSITIVE,True
quantum,openf1,qwen,bert,1,100,pit_stop_count,pit_stop_count,qwen_semantic,FALSE_POSITIVE,True
quantum,openf1,qwen,bert,1,100,tire_compound,tire_compound,qwen_semantic,FALSE_POSITIVE,True
quantum,openf1,qwen,bert,1,100,tire_age_laps,tire_age_laps,qwen_semantic,FALSE_POSITIVE,True
quantum,openf1,qwen,bert,1,100,speed_kmh,speed_kmh,qwen_semantic,FALSE_POSITIVE,True
quantum,openf1,qwen,bert,1,100,throttle,throttle,qwen_semantic,FALSE_POSITIVE,True
quantum,openf1,qwen,bert,1,100,brake,brake,qwen_semantic,FALSE_POSITIVE,True
quantum,openf1,qwen,bert,1,100,n_gear,gear,qwen_semantic,SUCCESS,True
quantum,openf1,qwen,bert,1,100,rpm,rpm,qwen_semantic,FALSE_POSITIVE,True
quantum,openf1,qwen,bert,1,100,drs,drs,qwen_semantic,FALSE_POSITIVE,True
quantum,openf1,qwen,bert,1,100,ers_deployment_kj,ers_deployment_kj,qwen_semantic,FALSE_POSITIVE,True
quantum,openf1,qwen,bert,1,100,fuel_remaining_kg,fuel_remaining_kg,qwen_semantic,FALSE_POSITIVE,True
quantum,openf1,qwen,bert,1,100,session_time,session_time,qwen_semantic,FALSE_POSITIVE,True
quantum,openf1,qwen,bert,1,133,driver,driver,qwen_semantic,FALSE_POSITIVE,True
quantum,openf1,qwen,bert,1,133,driver_number,driver_number,qwen_semantic,FALSE_POSITIVE,True
quantum,openf1,qwen,bert,1,133,team,team,qwen_semantic,FALSE_POSITIVE,True
quantum,openf1,qwen,bert,1,133,team_color,team_color_code,qwen_semantic,SUCCESS,True
quantum,openf1,qwen,bert,1,133,position,position,qwen_semantic,FALSE_POSITIVE,True
quantum,openf1,qwen,bert,1,133,lap_number,lap_number,qwen_semantic,FALSE_POSITIVE,True
quantum,openf1,qwen,bert,1,133,lap_time_ms,lap_time_ms,qwen_semantic,FALSE_POSITIVE,True
quantum,openf1,qwen,bert,1,133,pit_stop_count,pit_stop_count,qwen_semantic,FALSE_POSITIVE,True
quantum,openf1,qwen,bert,1,133,tire_compound,tire_compound,qwen_semantic,FALSE_POSITIVE,True
quantum,openf1,qwen,bert,1,133,tire_age_laps,tire_age_laps,qwen_semantic,FALSE_POSITIVE,True
quantum,openf1,qwen,bert,1,133,speed_kmh,speed_kmh,qwen_semantic,FALSE_POSITIVE,True
quantum,openf1,qwen,bert,1,133,throttle,throttle,qwen_semantic,FALSE_POSITIVE,True
quantum,openf1,qwen,bert,1,133,brake,brake,qwen_semantic,FALSE_POSITIVE,True
quantum,openf1,qwen,bert,1,133,n_gear,gear,qwen_semantic,SUCCESS,True
quantum,openf1,qwen,bert,1,133,rpm,rpm,qwen_semantic,FALSE_POSITIVE,True
quantum,openf1,qwen,bert,1,133,drs,drs,qwen_semantic,FALSE_POSITIVE,True
quantum,openf1,qwen,bert,1,133,ers_deployment_kj,ers_deployment_kj,qwen_semantic,FALSE_POSITIVE,True
quantum,openf1,qwen,bert,1,133,fuel_remaining_kg,fuel_remaining_kg,qwen_semantic,FALSE_POSITIVE,True
quantum,openf1,qwen,bert,1,133,session_time,session_time,qwen_semantic,FALSE_POSITIVE,True
quantum,openf1,qwen,bert,1,151,driver,driver,qwen_semantic,FALSE_POSITIVE,True
quantum,openf1,qwen,bert,1,151,driver_number,driver_number,qwen_semantic,FALSE_POSITIVE,True
quantum,openf1,qwen,bert,1,151,team,team,qwen_semantic,FALSE_POSITIVE,True
quantum,openf1,qwen,bert,1,151,team_color,team_color_code,qwen_semantic,SUCCESS,True
quantum,openf1,qwen,bert,1,151,position,position,qwen_semantic,FALSE_POSITIVE,True
quantum,openf1,qwen,bert,1,151,lap_number,lap_number,qwen_semantic,FALSE_POSITIVE,True
quantum,openf1,qwen,bert,1,151,lap_time_ms,lap_time_ms,qwen_semantic,FALSE_POSITIVE,True
quantum,openf1,qwen,bert,1,151,pit_stop_count,pit_stop_count,qwen_semantic,FALSE_POSITIVE,True
quantum,openf1,qwen,bert,1,151,tire_compound,tire_compound,qwen_semantic,FALSE_POSITIVE,True
quantum,openf1,qwen,bert,1,151,tire_age_laps,tire_age_laps,qwen_semantic,FALSE_POSITIVE,True
quantum,openf1,qwen,bert,1,151,speed_kmh,speed_kmh,qwen_semantic,FALSE_POSITIVE,True
quantum,openf1,qwen,bert,1,151,throttle,throttle,qwen_semantic,FALSE_POSITIVE,True
quantum,openf1,qwen,bert,1,151,brake,brake,qwen_semantic,FALSE_POSITIVE,True
quantum,openf1,qwen,bert,1,151,n_gear,n_gear,qwen_semantic,FALSE_POSITIVE,True
quantum,openf1,qwen,bert,1,151,rpm,rpm,qwen_semantic,FALSE_POSITIVE,True
quantum,openf1,qwen,bert,1,151,drs,drs,qwen_semantic,FALSE_POSITIVE,True
quantum,openf1,qwen,bert,1,151,ers_deployment_kj,ers_deployment_kj,qwen_semantic,FALSE_POSITIVE,True
quantum,openf1,qwen,bert,1,151,fuel_remaining_kg,fuel_remaining_kg,qwen_semantic,FALSE_POSITIVE,True
quantum,openf1,qwen,bert,1,151,session_time,session_time,qwen_semantic,FALSE_POSITIVE,True
quantum,openf1,qwen,bert,1,178,driver,driver,qwen_semantic,FALSE_POSITIVE,True
quantum,openf1,qwen,bert,1,178,driver_number,driver_number,qwen_semantic,FALSE_POSITIVE,True
quantum,openf1,qwen,bert,1,178,team,team,qwen_semantic,FALSE_POSITIVE,True
quantum,openf1,qwen,bert,1,178,team_color,team_color_code,qwen_semantic,SUCCESS,True
quantum,openf1,qwen,bert,1,178,position,position,qwen_semantic,FALSE_POSITIVE,True
quantum,openf1,qwen,bert,1,178,lap_number,lap_number,qwen_semantic,FALSE_POSITIVE,True
quantum,openf1,qwen,bert,1,178,lap_time_ms,lap_time_ms,qwen_semantic,FALSE_POSITIVE,True
quantum,openf1,qwen,bert,1,178,pit_stop_count,pit_stop_count,qwen_semantic,FALSE_POSITIVE,True
quantum,openf1,qwen,bert,1,178,tire_compound,tire_compound,qwen_semantic,FALSE_POSITIVE,True
quantum,openf1,qwen,bert,1,178,tire_age_laps,tire_age_laps,qwen_semantic,FALSE_POSITIVE,True
quantum,openf1,qwen,bert,1,178,speed_kmh,speed_kmh,qwen_semantic,FALSE_POSITIVE,True
quantum,openf1,qwen,bert,1,178,throttle,throttle,qwen_semantic,FALSE_POSITIVE,True
quantum,openf1,qwen,bert,1,178,brake,brake,qwen_semantic,FALSE_POSITIVE,True
quantum,openf1,qwen,bert,1,178,n_gear,n_gear,qwen_semantic,FALSE_POSITIVE,True
quantum,openf1,qwen,bert,1,178,rpm,rpm,qwen_semantic,FALSE_POSITIVE,True
quantum,openf1,qwen,bert,1,178,drs,drs,qwen_semantic,FALSE_POSITIVE,True
quantum,openf1,qwen,bert,1,178,ers_deployment_kj,ers_deployment_kj,qwen_semantic,FALSE_POSITIVE,True
quantum,openf1,qwen,bert,1,178,fuel_remaining_kg,fuel_remaining_kg,qwen_semantic,FALSE_POSITIVE,True
quantum,openf1,qwen,bert,1,178,session_time,session_time,qwen_semantic,FALSE_POSITIVE,True
quantum,openf1,qwen,bert,1,193,driver,driver,qwen_semantic,FALSE_POSITIVE,True
quantum,openf1,qwen,bert,1,193,driver_number,driver_number,qwen_semantic,FALSE_POSITIVE,True
quantum,openf1,qwen,bert,1,193,team,team,qwen_semantic,FALSE_POSITIVE,True
quantum,openf1,qwen,bert,1,193,team_color,team_color_code,qwen_semantic,SUCCESS,True
quantum,openf1,qwen,bert,1,193,position,position,qwen_semantic,FALSE_POSITIVE,True
quantum,openf1,qwen,bert,1,193,lap_number,lap_number,qwen_semantic,FALSE_POSITIVE,True
quantum,openf1,qwen,bert,1,193,lap_time_ms,lap_time_ms,qwen_semantic,FALSE_POSITIVE,True
quantum,openf1,qwen,bert,1,193,pit_stop_count,pit_stop_count,qwen_semantic,FALSE_POSITIVE,True
quantum,openf1,qwen,bert,1,193,tire_compound,tire_compound,qwen_semantic,FALSE_POSITIVE,True
quantum,openf1,qwen,bert,1,193,tire_age_laps,tire_age_laps,qwen_semantic,FALSE_POSITIVE,True
quantum,openf1,qwen,bert,1,193,speed_kmh,speed_kmh,qwen_semantic,FALSE_POSITIVE,True
quantum,openf1,qwen,bert,1,193,throttle,throttle,qwen_semantic,FALSE_POSITIVE,True
quantum,openf1,qwen,bert,1,193,brake,brake,qwen_semantic,FALSE_POSITIVE,True
quantum,openf1,qwen,bert,1,193,n_gear,gear,qwen_semantic,SUCCESS,True
quantum,openf1,qwen,bert,1,193,rpm,rpm,qwen_semantic,FALSE_POSITIVE,True
quantum,openf1,qwen,bert,1,193,drs,drs,qwen_semantic,FALSE_POSITIVE,True
quantum,openf1,qwen,bert,1,193,ers_deployment_kj,ers_deployment_kj,qwen_semantic,FALSE_POSITIVE,True
quantum,openf1,qwen,bert,1,193,fuel_remaining_kg,fuel_remaining_kg,qwen_semantic,FALSE_POSITIVE,True
quantum,openf1,qwen,bert,1,193,session_time,session_time,qwen_semantic,FALSE_POSITIVE,True
quantum,openf1,qwen,bert,1,203,driver,driver,qwen_semantic,FALSE_POSITIVE,True
quantum,openf1,qwen,bert,1,203,driver_number,driver_number,qwen_semantic,FALSE_POSITIVE,True
quantum,openf1,qwen,bert,1,203,team,team,qwen_semantic,FALSE_POSITIVE,True
quantum,openf1,qwen,bert,1,203,team_color,team_color_code,qwen_semantic,SUCCESS,True
quantum,openf1,qwen,bert,1,203,position,position,qwen_semantic,FALSE_POSITIVE,True
quantum,openf1,qwen,bert,1,203,lap_number,lap_number,qwen_semantic,FALSE_POSITIVE,True
quantum,openf1,qwen,bert,1,203,lap_time_ms,lap_time_ms,qwen_semantic,FALSE_POSITIVE,True
quantum,openf1,qwen,bert,1,203,pit_stop_count,pit_stop_count,qwen_semantic,FALSE_POSITIVE,True
quantum,openf1,qwen,bert,1,203,tire_compound,tire_compound,qwen_semantic,FALSE_POSITIVE,True
quantum,openf1,qwen,bert,1,203,tire_age_laps,tire_age_laps,qwen_semantic,FALSE_POSITIVE,True
quantum,openf1,qwen,bert,1,203,speed_kmh,speed_kmh,qwen_semantic,FALSE_POSITIVE,True
quantum,openf1,qwen,bert,1,203,throttle,throttle,qwen_semantic,FALSE_POSITIVE,True
quantum,openf1,qwen,bert,1,203,brake,brake,qwen_semantic,FALSE_POSITIVE,True
quantum,openf1,qwen,bert,1,203,n_gear,n_gear,qwen_semantic,FALSE_POSITIVE,True
quantum,openf1,qwen,bert,1,203,rpm,rpm,qwen_semantic,FALSE_POSITIVE,True
quantum,openf1,qwen,bert,1,203,drs,drs,qwen_semantic,FALSE_POSITIVE,True
quantum,openf1,qwen,bert,1,203,ers_deployment_kj,ers_energy_deployed_kj,qwen_semantic,SUCCESS,True
quantum,openf1,qwen,bert,1,203,fuel_remaining_kg,fuel_remaining_kg,qwen_semantic,FALSE_POSITIVE,True
quantum,openf1,qwen,bert,1,203,session_time,session_time,qwen_semantic,FALSE_POSITIVE,True
quantum,openf1,qwen,bert,1,214,driver,driver,qwen_semantic,FALSE_POSITIVE,True
quantum,openf1,qwen,bert,1,214,driver_number,driver_number,qwen_semantic,FALSE_POSITIVE,True
quantum,openf1,qwen,bert,1,214,team,team,qwen_semantic,FALSE_POSITIVE,True
quantum,openf1,qwen,bert,1,214,team_color,team_color_code,qwen_semantic,SUCCESS,True
quantum,openf1,qwen,bert,1,214,position,position,qwen_semantic,FALSE_POSITIVE,True
quantum,openf1,qwen,bert,1,214,lap_number,lap_number,qwen_semantic,FALSE_POSITIVE,True
quantum,openf1,qwen,bert,1,214,lap_time_ms,lap_time_ms,qwen_semantic,FALSE_POSITIVE,True
quantum,openf1,qwen,bert,1,214,pit_stop_count,pit_stop_count,qwen_semantic,FALSE_POSITIVE,True
quantum,openf1,qwen,bert,1,214,tire_compound,tire_compound,qwen_semantic,FALSE_POSITIVE,True
quantum,openf1,qwen,bert,1,214,tire_age_laps,tire_age_laps,qwen_semantic,FALSE_POSITIVE,True
quantum,openf1,qwen,bert,1,214,speed_kmh,speed_kmh,qwen_semantic,FALSE_POSITIVE,True
quantum,openf1,qwen,bert,1,214,throttle,throttle,qwen_semantic,FALSE_POSITIVE,True
quantum,openf1,qwen,bert,1,214,brake,brake,qwen_semantic,FALSE_POSITIVE,True
quantum,openf1,qwen,bert,1,214,n_gear,n_gear,qwen_semantic,FALSE_POSITIVE,True
quantum,openf1,qwen,bert,1,214,rpm,rpm,qwen_semantic,FALSE_POSITIVE,True
quantum,openf1,qwen,bert,1,214,drs,drs,qwen_semantic,FALSE_POSITIVE,True
quantum,openf1,qwen,bert,1,214,ers_deployment_kj,ers_deployment_kj,qwen_semantic,FALSE_POSITIVE,True
quantum,openf1,qwen,bert,1,214,fuel_remaining_kg,fuel_remaining_kg,qwen_semantic,FALSE_POSITIVE,True
quantum,openf1,qwen,bert,1,214,session_time,session_time,qwen_semantic,FALSE_POSITIVE,True
quantum,openf1,qwen,bert,1,221,driver,driver,qwen_semantic,FALSE_POSITIVE,True
quantum,openf1,qwen,bert,1,221,driver_number,driver_number,qwen_semantic,FALSE_POSITIVE,True
quantum,openf1,qwen,bert,1,221,team,team,qwen_semantic,FALSE_POSITIVE,True
quantum,openf1,qwen,bert,1,221,team_color,team_color,qwen_semantic,FALSE_POSITIVE,True
quantum,openf1,qwen,bert,1,221,position,position,qwen_semantic,FALSE_POSITIVE,True
quantum,openf1,qwen,bert,1,221,lap_number,lap_number,qwen_semantic,FALSE_POSITIVE,True
quantum,openf1,qwen,bert,1,221,lap_time_ms,lap_time_ms,qwen_semantic,FALSE_POSITIVE,True
quantum,openf1,qwen,bert,1,221,pit_stop_count,pit_stop_count,qwen_semantic,FALSE_POSITIVE,True
quantum,openf1,qwen,bert,1,221,tire_compound,tire_compound,qwen_semantic,FALSE_POSITIVE,True
quantum,openf1,qwen,bert,1,221,tire_age_laps,tire_age_laps,qwen_semantic,FALSE_POSITIVE,True
quantum,openf1,qwen,bert,1,221,speed_kmh,speed_kmh,qwen_semantic,FALSE_POSITIVE,True
quantum,openf1,qwen,bert,1,221,throttle,throttle,qwen_semantic,FALSE_POSITIVE,True
quantum,openf1,qwen,bert,1,221,brake,brake,qwen_semantic,FALSE_POSITIVE,True
quantum,openf1,qwen,bert,1,221,n_gear,gear,qwen_semantic,SUCCESS,True
quantum,openf1,qwen,bert,1,221,rpm,rpm,qwen_semantic,FALSE_POSITIVE,True
quantum,openf1,qwen,bert,1,221,drs,drs,qwen_semantic,FALSE_POSITIVE,True
quantum,openf1,qwen,bert,1,221,ers_deployment_kj,ers_deployment_kj,qwen_semantic,FALSE_POSITIVE,True
quantum,openf1,qwen,bert,1,221,fuel_remaining_kg,fuel_remaining_kg,qwen_semantic,FALSE_POSITIVE,True
quantum,openf1,qwen,bert,1,221,session_time,session_time,qwen_semantic,FALSE_POSITIVE,True
quantum,openf1,qwen,bert,1,225,driver,driver,qwen_semantic,FALSE_POSITIVE,True
quantum,openf1,qwen,bert,1,225,driver_number,driver_number,qwen_semantic,FALSE_POSITIVE,True
quantum,openf1,qwen,bert,1,225,team,team,qwen_semantic,FALSE_POSITIVE,True
quantum,openf1,qwen,bert,1,225,team_color,team_color_code,qwen_semantic,SUCCESS,True
quantum,openf1,qwen,bert,1,225,position,position,qwen_semantic,FALSE_POSITIVE,True
quantum,openf1,qwen,bert,1,225,lap_number,lap_number,qwen_semantic,FALSE_POSITIVE,True
quantum,openf1,qwen,bert,1,225,lap_time_ms,lap_time_ms,qwen_semantic,FALSE_POSITIVE,True
quantum,openf1,qwen,bert,1,225,pit_stop_count,pit_stop_count,qwen_semantic,FALSE_POSITIVE,True
quantum,openf1,qwen,bert,1,225,tire_compound,tire_compound,qwen_semantic,FALSE_POSITIVE,True
quantum,openf1,qwen,bert,1,225,tire_age_laps,tire_age_laps,qwen_semantic,FALSE_POSITIVE,True
quantum,openf1,qwen,bert,1,225,speed_kmh,speed_kmh,qwen_semantic,FALSE_POSITIVE,True
quantum,openf1,qwen,bert,1,225,throttle,throttle,qwen_semantic,FALSE_POSITIVE,True
quantum,openf1,qwen,bert,1,225,brake,brake,qwen_semantic,FALSE_POSITIVE,True
quantum,openf1,qwen,bert,1,225,n_gear,n_gear,qwen_semantic,FALSE_POSITIVE,True
quantum,openf1,qwen,bert,1,225,rpm,rpm,qwen_semantic,FALSE_POSITIVE,True
quantum,openf1,qwen,bert,1,225,drs,drs,qwen_semantic,FALSE_POSITIVE,True
quantum,openf1,qwen,bert,1,225,ers_deployment_kj,ers_deployment_kj,qwen_semantic,FALSE_POSITIVE,True
quantum,openf1,qwen,bert,1,225,fuel_remaining_kg,fuel_remaining_kg,qwen_semantic,FALSE_POSITIVE,True
quantum,openf1,qwen,bert,1,225,session_time,session_time,qwen_semantic,FALSE_POSITIVE,True
quantum,openf1,qwen,bert,1,265,driver,driver,qwen_semantic,FALSE_POSITIVE,True
quantum,openf1,qwen,bert,1,265,driver_number,driver_number,qwen_semantic,FALSE_POSITIVE,True
quantum,openf1,qwen,bert,1,265,team,team,qwen_semantic,FALSE_POSITIVE,True
quantum,openf1,qwen,bert,1,265,team_color,team_color_code,qwen_semantic,SUCCESS,True
quantum,openf1,qwen,bert,1,265,position,position,qwen_semantic,FALSE_POSITIVE,True
quantum,openf1,qwen,bert,1,265,lap_number,lap_number,qwen_semantic,FALSE_POSITIVE,True
quantum,openf1,qwen,bert,1,265,lap_time_ms,lap_time_ms,qwen_semantic,FALSE_POSITIVE,True
quantum,openf1,qwen,bert,1,265,pit_stop_count,pit_stop_count,qwen_semantic,FALSE_POSITIVE,True
quantum,openf1,qwen,bert,1,265,tire_compound,tire_compound,qwen_semantic,FALSE_POSITIVE,True
quantum,openf1,qwen,bert,1,265,tire_age_laps,tire_age_laps,qwen_semantic,FALSE_POSITIVE,True
quantum,openf1,qwen,bert,1,265,speed_kmh,speed_kmh,qwen_semantic,FALSE_POSITIVE,True
quantum,openf1,qwen,bert,1,265,throttle,throttle,qwen_semantic,FALSE_POSITIVE,True
quantum,openf1,qwen,bert,1,265,brake,brake,qwen_semantic,FALSE_POSITIVE,True
quantum,openf1,qwen,bert,1,265,n_gear,n_gear,qwen_semantic,FALSE_POSITIVE,True
quantum,openf1,qwen,bert,1,265,rpm,rpm,qwen_semantic,FALSE_POSITIVE,True
quantum,openf1,qwen,bert,1,265,drs,drs,qwen_semantic,FALSE_POSITIVE,True
quantum,openf1,qwen,bert,1,265,ers_deployment_kj,ers_deployment_kj,qwen_semantic,FALSE_POSITIVE,True
quantum,openf1,qwen,bert,1,265,fuel_remaining_kg,fuel_remaining_kg,qwen_semantic,FALSE_POSITIVE,True
quantum,openf1,qwen,bert,1,265,session_time,session_time,qwen_semantic,FALSE_POSITIVE,True
quantum,openf1,qwen,bert,1,271,driver,driver,qwen_semantic,FALSE_POSITIVE,True
quantum,openf1,qwen,bert,1,271,driver_number,driver_number,qwen_semantic,FALSE_POSITIVE,True
quantum,openf1,qwen,bert,1,271,team,team,qwen_semantic,FALSE_POSITIVE,True
quantum,openf1,qwen,bert,1,271,team_color,team_color,qwen_semantic,FALSE_POSITIVE,True
quantum,openf1,qwen,bert,1,271,position,position,qwen_semantic,FALSE_POSITIVE,True
quantum,openf1,qwen,bert,1,271,lap_number,lap_number,qwen_semantic,FALSE_POSITIVE,True
quantum,openf1,qwen,bert,1,271,lap_time_ms,lap_time_ms,qwen_semantic,FALSE_POSITIVE,True
quantum,openf1,qwen,bert,1,271,pit_stop_count,pit_stop_count,qwen_semantic,FALSE_POSITIVE,True
quantum,openf1,qwen,bert,1,271,tire_compound,tire_compound,qwen_semantic,FALSE_POSITIVE,True
quantum,openf1,qwen,bert,1,271,tire_age_laps,tire_age_laps,qwen_semantic,FALSE_POSITIVE,True
quantum,openf1,qwen,bert,1,271,speed_kmh,speed_kmh,qwen_semantic,FALSE_POSITIVE,True
quantum,openf1,qwen,bert,1,271,throttle,throttle,qwen_semantic,FALSE_POSITIVE,True
quantum,openf1,qwen,bert,1,271,brake,brake,qwen_semantic,FALSE_POSITIVE,True
quantum,openf1,qwen,bert,1,271,n_gear,n_gear,qwen_semantic,FALSE_POSITIVE,True
quantum,openf1,qwen,bert,1,271,rpm,rpm,qwen_semantic,FALSE_POSITIVE,True
quantum,openf1,qwen,bert,1,271,drs,drs,qwen_semantic,FALSE_POSITIVE,True
quantum,openf1,qwen,bert,1,271,ers_deployment_kj,ers_deployment_kj,qwen_semantic,FALSE_POSITIVE,True
quantum,openf1,qwen,bert,1,271,fuel_remaining_kg,fuel_remaining_kg,qwen_semantic,FALSE_POSITIVE,True
quantum,openf1,qwen,bert,1,271,session_time,session_duration,qwen_semantic,SUCCESS,True
quantum,openf1,qwen,bert,1,305,driver,driver,qwen_semantic,FALSE_POSITIVE,True
quantum,openf1,qwen,bert,1,305,driver_number,driver_number,qwen_semantic,FALSE_POSITIVE,True
quantum,openf1,qwen,bert,1,305,team,team,qwen_semantic,FALSE_POSITIVE,True
quantum,openf1,qwen,bert,1,305,team_color,team_color_code,qwen_semantic,SUCCESS,True
quantum,openf1,qwen,bert,1,305,position,position,qwen_semantic,FALSE_POSITIVE,True
quantum,openf1,qwen,bert,1,305,lap_number,lap_number,qwen_semantic,FALSE_POSITIVE,True
quantum,openf1,qwen,bert,1,305,lap_time_ms,lap_time_ms,qwen_semantic,FALSE_POSITIVE,True
quantum,openf1,qwen,bert,1,305,pit_stop_count,pit_stop_count,qwen_semantic,FALSE_POSITIVE,True
quantum,openf1,qwen,bert,1,305,tire_compound,tire_compound,qwen_semantic,FALSE_POSITIVE,True
quantum,openf1,qwen,bert,1,305,tire_age_laps,tire_age_laps,qwen_semantic,FALSE_POSITIVE,True
quantum,openf1,qwen,bert,1,305,speed_kmh,speed_kmh,qwen_semantic,FALSE_POSITIVE,True
quantum,openf1,qwen,bert,1,305,throttle,throttle,qwen_semantic,FALSE_POSITIVE,True
quantum,openf1,qwen,bert,1,305,brake,brake,qwen_semantic,FALSE_POSITIVE,True
quantum,openf1,qwen,bert,1,305,n_gear,n_gear,qwen_semantic,FALSE_POSITIVE,True
quantum,openf1,qwen,bert,1,305,rpm,rpm,qwen_semantic,FALSE_POSITIVE,True
quantum,openf1,qwen,bert,1,305,drs,drs,qwen_semantic,FALSE_POSITIVE,True
quantum,openf1,qwen,bert,1,305,ers_deployment_kj,ers_deployment_kj,qwen_semantic,FALSE_POSITIVE,True
quantum,openf1,qwen,bert,1,305,fuel_remaining_kg,fuel_remaining_kg,qwen_semantic,FALSE_POSITIVE,True
quantum,openf1,qwen,bert,1,305,session_time,session_time,qwen_semantic,FALSE_POSITIVE,True
quantum,openf1,qwen,bert,1,390,driver,driver,qwen_semantic,FALSE_POSITIVE,True
quantum,openf1,qwen,bert,1,390,driver_number,driver_number,qwen_semantic,FALSE_POSITIVE,True
quantum,openf1,qwen,bert,1,390,team,team,qwen_semantic,FALSE_POSITIVE,True
quantum,openf1,qwen,bert,1,390,team_color,team_color_code,qwen_semantic,SUCCESS,True
quantum,openf1,qwen,bert,1,390,position,position,qwen_semantic,FALSE_POSITIVE,True
quantum,openf1,qwen,bert,1,390,lap_number,lap_number,qwen_semantic,FALSE_POSITIVE,True
quantum,openf1,qwen,bert,1,390,lap_time_ms,lap_time_ms,qwen_semantic,FALSE_POSITIVE,True
quantum,openf1,qwen,bert,1,390,pit_stop_count,pit_stop_count,qwen_semantic,FALSE_POSITIVE,True
quantum,openf1,qwen,bert,1,390,tire_compound,tire_compound,qwen_semantic,FALSE_POSITIVE,True
quantum,openf1,qwen,bert,1,390,tire_age_laps,tire_age_laps,qwen_semantic,FALSE_POSITIVE,True
quantum,openf1,qwen,bert,1,390,speed_kmh,speed_kmh,qwen_semantic,FALSE_POSITIVE,True
quantum,openf1,qwen,bert,1,390,throttle,throttle,qwen_semantic,FALSE_POSITIVE,True
quantum,openf1,qwen,bert,1,390,brake,brake,qwen_semantic,FALSE_POSITIVE,True
quantum,openf1,qwen,bert,1,390,n_gear,n_gear,qwen_semantic,FALSE_POSITIVE,True
quantum,openf1,qwen,bert,1,390,rpm,rpm,qwen_semantic,FALSE_POSITIVE,True
quantum,openf1,qwen,bert,1,390,drs,drs,qwen_semantic,FALSE_POSITIVE,True
quantum,openf1,qwen,bert,1,390,ers_deployment_kj,ers_energy_deployed_kj,qwen_semantic,SUCCESS,True
quantum,openf1,qwen,bert,1,390,fuel_remaining_kg,fuel_remaining_kg,qwen_semantic,FALSE_POSITIVE,True
quantum,openf1,qwen,bert,1,390,session_time,session_time,qwen_semantic,FALSE_POSITIVE,True
quantum,openf1,qwen,bert,1,393,driver,driver,qwen_semantic,FALSE_POSITIVE,True
quantum,openf1,qwen,bert,1,393,driver_number,driver_number,qwen_semantic,FALSE_POSITIVE,True
quantum,openf1,qwen,bert,1,393,team,team,qwen_semantic,FALSE_POSITIVE,True
quantum,openf1,qwen,bert,1,393,team_color,team_color_code,qwen_semantic,SUCCESS,True
quantum,openf1,qwen,bert,1,393,position,position,qwen_semantic,FALSE_POSITIVE,True
quantum,openf1,qwen,bert,1,393,lap_number,lap_number,qwen_semantic,FALSE_POSITIVE,True
quantum,openf1,qwen,bert,1,393,lap_time_ms,lap_time_ms,qwen_semantic,FALSE_POSITIVE,True
quantum,openf1,qwen,bert,1,393,pit_stop_count,pit_stop_count,qwen_semantic,FALSE_POSITIVE,True
quantum,openf1,qwen,bert,1,393,tire_compound,tire_compound,qwen_semantic,FALSE_POSITIVE,True
quantum,openf1,qwen,bert,1,393,tire_age_laps,tire_age_laps,qwen_semantic,FALSE_POSITIVE,True
quantum,openf1,qwen,bert,1,393,speed_kmh,speed_kmh,qwen_semantic,FALSE_POSITIVE,True
quantum,openf1,qwen,bert,1,393,throttle,throttle,qwen_semantic,FALSE_POSITIVE,True
quantum,openf1,qwen,bert,1,393,brake,brake,qwen_semantic,FALSE_POSITIVE,True
quantum,openf1,qwen,bert,1,393,n_gear,n_gear,qwen_semantic,FALSE_POSITIVE,True
quantum,openf1,qwen,bert,1,393,rpm,rpm,qwen_semantic,FALSE_POSITIVE,True
quantum,openf1,qwen,bert,1,393,drs,drs,qwen_semantic,FALSE_POSITIVE,True
quantum,openf1,qwen,bert,1,393,ers_deployment_kj,ers_energy_deployed_kj,qwen_semantic,SUCCESS,True
quantum,openf1,qwen,bert,1,393,fuel_remaining_kg,fuel_remaining_kg,qwen_semantic,FALSE_POSITIVE,True
quantum,openf1,qwen,bert,1,393,session_time,session_time,qwen_semantic,FALSE_POSITIVE,True
quantum,openf1,qwen,bert,1,432,driver,driver,qwen_semantic,FALSE_POSITIVE,True
quantum,openf1,qwen,bert,1,432,driver_number,driver_code,qwen_semantic,SUCCESS,True
quantum,openf1,qwen,bert,1,432,team,team,qwen_semantic,FALSE_POSITIVE,True
quantum,openf1,qwen,bert,1,432,team_color,team_color,qwen_semantic,FALSE_POSITIVE,True
quantum,openf1,qwen,bert,1,432,position,position,qwen_semantic,FALSE_POSITIVE,True
quantum,openf1,qwen,bert,1,432,lap_number,lap_number,qwen_semantic,FALSE_POSITIVE,True
quantum,openf1,qwen,bert,1,432,lap_time_ms,lap_time_ms,qwen_semantic,FALSE_POSITIVE,True
quantum,openf1,qwen,bert,1,432,pit_stop_count,pit_stop_count,qwen_semantic,FALSE_POSITIVE,True
quantum,openf1,qwen,bert,1,432,tire_compound,tire_compound,qwen_semantic,FALSE_POSITIVE,True
quantum,openf1,qwen,bert,1,432,tire_age_laps,tire_age_laps,qwen_semantic,FALSE_POSITIVE,True
quantum,openf1,qwen,bert,1,432,speed_kmh,speed_kmh,qwen_semantic,FALSE_POSITIVE,True
quantum,openf1,qwen,bert,1,432,throttle,throttle,qwen_semantic,FALSE_POSITIVE,True
quantum,openf1,qwen,bert,1,432,brake,brake,qwen_semantic,FALSE_POSITIVE,True
quantum,openf1,qwen,bert,1,432,n_gear,n_gear,qwen_semantic,FALSE_POSITIVE,True
quantum,openf1,qwen,bert,1,432,rpm,rpm,qwen_semantic,FALSE_POSITIVE,True
quantum,openf1,qwen,bert,1,432,drs,drs,qwen_semantic,FALSE_POSITIVE,True
quantum,openf1,qwen,bert,1,432,ers_deployment_kj,ers_deployment_kj,qwen_semantic,FALSE_POSITIVE,True
quantum,openf1,qwen,bert,1,432,fuel_remaining_kg,fuel_remaining_kg,qwen_semantic,FALSE_POSITIVE,True
quantum,openf1,qwen,bert,1,432,session_time,session_duration,qwen_semantic,SUCCESS,True
quantum,openf1,qwen,bert,1,463,driver,driver,qwen_semantic,FALSE_POSITIVE,True
quantum,openf1,qwen,bert,1,463,driver_number,driver_number,qwen_semantic,FALSE_POSITIVE,True
quantum,openf1,qwen,bert,1,463,team,team,qwen_semantic,FALSE_POSITIVE,True
quantum,openf1,qwen,bert,1,463,team_color,team_color_code,qwen_semantic,SUCCESS,True
quantum,openf1,qwen,bert,1,463,position,position,qwen_semantic,FALSE_POSITIVE,True
quantum,openf1,qwen,bert,1,463,lap_number,lap_number,qwen_semantic,FALSE_POSITIVE,True
quantum,openf1,qwen,bert,1,463,lap_time_ms,lap_time_ms,qwen_semantic,FALSE_POSITIVE,True
quantum,openf1,qwen,bert,1,463,pit_stop_count,pit_stop_count,qwen_semantic,FALSE_POSITIVE,True
quantum,openf1,qwen,bert,1,463,tire_compound,tire_compound,qwen_semantic,FALSE_POSITIVE,True
quantum,openf1,qwen,bert,1,463,tire_age_laps,tire_age_laps,qwen_semantic,FALSE_POSITIVE,True
quantum,openf1,qwen,bert,1,463,speed_kmh,speed_kmh,qwen_semantic,FALSE_POSITIVE,True
quantum,openf1,qwen,bert,1,463,throttle,throttle,qwen_semantic,FALSE_POSITIVE,True
quantum,openf1,qwen,bert,1,463,brake,brake,qwen_semantic,FALSE_POSITIVE,True
quantum,openf1,qwen,bert,1,463,n_gear,gear,qwen_semantic,SUCCESS,True
quantum,openf1,qwen,bert,1,463,rpm,rpm,qwen_semantic,FALSE_POSITIVE,True
quantum,openf1,qwen,bert,1,463,drs,drs,qwen_semantic,FALSE_POSITIVE,True
quantum,openf1,qwen,bert,1,463,ers_deployment_kj,ers_deployment_kj,qwen_semantic,FALSE_POSITIVE,True
quantum,openf1,qwen,bert,1,463,fuel_remaining_kg,fuel_remaining_kg,qwen_semantic,FALSE_POSITIVE,True
quantum,openf1,qwen,bert,1,463,session_time,session_time,qwen_semantic,FALSE_POSITIVE,True
quantum,openf1,qwen,bert,1,477,driver,driver,qwen_semantic,FALSE_POSITIVE,True
quantum,openf1,qwen,bert,1,477,driver_number,driver_number,qwen_semantic,FALSE_POSITIVE,True
quantum,openf1,qwen,bert,1,477,team,team,qwen_semantic,FALSE_POSITIVE,True
quantum,openf1,qwen,bert,1,477,team_color,team_color_code,qwen_semantic,SUCCESS,True
quantum,openf1,qwen,bert,1,477,position,position,qwen_semantic,FALSE_POSITIVE,True
quantum,openf1,qwen,bert,1,477,lap_number,lap_number,qwen_semantic,FALSE_POSITIVE,True
quantum,openf1,qwen,bert,1,477,lap_time_ms,lap_time_ms,qwen_semantic,FALSE_POSITIVE,True
quantum,openf1,qwen,bert,1,477,pit_stop_count,pit_stop_count,qwen_semantic,FALSE_POSITIVE,True
quantum,openf1,qwen,bert,1,477,tire_compound,tire_compound,qwen_semantic,FALSE_POSITIVE,True
quantum,openf1,qwen,bert,1,477,tire_age_laps,tire_age_laps,qwen_semantic,FALSE_POSITIVE,True
quantum,openf1,qwen,bert,1,477,speed_kmh,speed_kmh,qwen_semantic,FALSE_POSITIVE,True
quantum,openf1,qwen,bert,1,477,throttle,throttle,qwen_semantic,FALSE_POSITIVE,True
quantum,openf1,qwen,bert,1,477,brake,brake,qwen_semantic,FALSE_POSITIVE,True
quantum,openf1,qwen,bert,1,477,n_gear,n_gear,qwen_semantic,FALSE_POSITIVE,True
quantum,openf1,qwen,bert,1,477,rpm,rpm,qwen_semantic,FALSE_POSITIVE,True
quantum,openf1,qwen,bert,1,477,drs,drs,qwen_semantic,FALSE_POSITIVE,True
quantum,openf1,qwen,bert,1,477,ers_deployment_kj,ers_deployment_kj,qwen_semantic,FALSE_POSITIVE,True
quantum,openf1,qwen,bert,1,477,fuel_remaining_kg,fuel_remaining_kg,qwen_semantic,FALSE_POSITIVE,True
quantum,openf1,qwen,bert,1,477,session_time,session_time,qwen_semantic,FALSE_POSITIVE,True
quantum,openf1,qwen,bert,1,489,driver,driver,qwen_semantic,FALSE_POSITIVE,True
quantum,openf1,qwen,bert,1,489,driver_number,driver_number,qwen_semantic,FALSE_POSITIVE,True
quantum,openf1,qwen,bert,1,489,team,team,qwen_semantic,FALSE_POSITIVE,True
quantum,openf1,qwen,bert,1,489,team_color,team_color_code,qwen_semantic,SUCCESS,True
quantum,openf1,qwen,bert,1,489,position,position,qwen_semantic,FALSE_POSITIVE,True
quantum,openf1,qwen,bert,1,489,lap_number,lap_number,qwen_semantic,FALSE_POSITIVE,True
quantum,openf1,qwen,bert,1,489,lap_time_ms,lap_time_ms,qwen_semantic,FALSE_POSITIVE,True
quantum,openf1,qwen,bert,1,489,pit_stop_count,pit_stop_count,qwen_semantic,FALSE_POSITIVE,True
quantum,openf1,qwen,bert,1,489,tire_compound,tire_compound,qwen_semantic,FALSE_POSITIVE,True
quantum,openf1,qwen,bert,1,489,tire_age_laps,tire_age_laps,qwen_semantic,FALSE_POSITIVE,True
quantum,openf1,qwen,bert,1,489,speed_kmh,speed_kmh,qwen_semantic,FALSE_POSITIVE,True
quantum,openf1,qwen,bert,1,489,throttle,throttle,qwen_semantic,FALSE_POSITIVE,True
quantum,openf1,qwen,bert,1,489,brake,brake,qwen_semantic,FALSE_POSITIVE,True
quantum,openf1,qwen,bert,1,489,n_gear,n_gear,qwen_semantic,FALSE_POSITIVE,True
quantum,openf1,qwen,bert,1,489,rpm,rpm,qwen_semantic,FALSE_POSITIVE,True
quantum,openf1,qwen,bert,1,489,drs,drs,qwen_semantic,FALSE_POSITIVE,True
quantum,openf1,qwen,bert,1,489,ers_deployment_kj,ers_deployment_kj,qwen_semantic,FALSE_POSITIVE,True
quantum,openf1,qwen,bert,1,489,fuel_remaining_kg,fuel_remaining_kg,qwen_semantic,FALSE_POSITIVE,True
quantum,openf1,qwen,bert,1,489,session_time,session_time,qwen_semantic,FALSE_POSITIVE,True
quantum,finnhub,qwen,regex,1,17,sector,sector,qwen_semantic,FALSE_POSITIVE,True
quantum,finnhub,qwen,regex,1,17,current_price,current_price,qwen_semantic,FALSE_POSITIVE,True
quantum,finnhub,qwen,regex,1,17,avg_volume,avg_volume,qwen_semantic,FALSE_POSITIVE,True
quantum,finnhub,qwen,regex,1,17,industry,industry,qwen_semantic,FALSE_POSITIVE,True
quantum,finnhub,qwen,regex,1,17,open,open,qwen_semantic,FALSE_POSITIVE,True
quantum,finnhub,qwen,regex,1,17,low,low,qwen_semantic,FALSE_POSITIVE,True
quantum,finnhub,qwen,regex,1,17,change,change,qwen_semantic,FALSE_POSITIVE,True
quantum,finnhub,qwen,regex,1,17,market_cap,market_cap,qwen_semantic,FALSE_POSITIVE,True
quantum,finnhub,qwen,regex,1,17,beta,beta,qwen_semantic,FALSE_POSITIVE,True
quantum,finnhub,qwen,regex,1,17,52w_low,low,qwen_semantic,FALSE_POSITIVE,True
quantum,finnhub,qwen,regex,1,17,symbol,symbol,qwen_semantic,FALSE_POSITIVE,True
quantum,finnhub,qwen,regex,1,17,volume,avg_volume,qwen_semantic,FALSE_POSITIVE,True
quantum,finnhub,qwen,regex,1,17,dividend_yield,dividend_yield,qwen_semantic,FALSE_POSITIVE,True
quantum,finnhub,qwen,regex,1,17,high,high,qwen_semantic,FALSE_POSITIVE,True
quantum,finnhub,qwen,regex,1,17,timestamp,timestamp_backup,qwen_semantic,FALSE_POSITIVE,True
quantum,finnhub,qwen,regex,1,17,percent_change,change,qwen_semantic,FALSE_POSITIVE,True
quantum,finnhub,qwen,regex,1,17,52w_high,high,qwen_semantic,FALSE_POSITIVE,True
quantum,finnhub,qwen,regex,1,17,pe_ratio,pe_ratio,qwen_semantic,FALSE_POSITIVE,True
quantum,finnhub,qwen,regex,1,17,previous_close,previous_close_alt,qwen_semantic,SUCCESS,True
quantum,finnhub,qwen,regex,1,34,sector,sector,qwen_semantic,FALSE_POSITIVE,True
quantum,finnhub,qwen,regex,1,34,current_price,current_price,qwen_semantic,FALSE_POSITIVE,True
quantum,finnhub,qwen,regex,1,34,avg_volume,avg_volume,qwen_semantic,FALSE_POSITIVE,True
quantum,finnhub,qwen,regex,1,34,industry,industry,qwen_semantic,FALSE_POSITIVE,True
quantum,finnhub,qwen,regex,1,34,open,open,qwen_semantic,FALSE_POSITIVE,True
quantum,finnhub,qwen,regex,1,34,low,low,qwen_semantic,FALSE_POSITIVE,True
quantum,finnhub,qwen,regex,1,34,change,percent_change,qwen_semantic,SUCCESS,True
quantum,finnhub,qwen,regex,1,34,market_cap,market_cap_backup,qwen_semantic,FALSE_POSITIVE,True
quantum,finnhub,qwen,regex,1,34,beta,beta,qwen_semantic,FALSE_POSITIVE,True
quantum,finnhub,qwen,regex,1,34,52w_low,low,qwen_semantic,FALSE_POSITIVE,True
quantum,finnhub,qwen,regex,1,34,symbol,symbol,qwen_semantic,FALSE_POSITIVE,True
quantum,finnhub,qwen,regex,1,34,volume,avg_volume,qwen_semantic,FALSE_POSITIVE,True
quantum,finnhub,qwen,regex,1,34,dividend_yield,dividend_yield,qwen_semantic,FALSE_POSITIVE,True
quantum,finnhub,qwen,regex,1,34,high,high,qwen_semantic,FALSE_POSITIVE,True
quantum,finnhub,qwen,regex,1,34,timestamp,timestamp,qwen_semantic,FALSE_POSITIVE,True
quantum,finnhub,qwen,regex,1,34,percent_change,percent_change,qwen_semantic,FALSE_POSITIVE,True
quantum,finnhub,qwen,regex,1,34,52w_high,high,qwen_semantic,FALSE_POSITIVE,True
quantum,finnhub,qwen,regex,1,34,pe_ratio,pe_ratio,qwen_semantic,FALSE_POSITIVE,True
quantum,finnhub,qwen,regex,1,34,previous_close,previous_close,qwen_semantic,FALSE_POSITIVE,True
quantum,finnhub,qwen,regex,1,47,sector,sector,qwen_semantic,FALSE_POSITIVE,True
quantum,finnhub,qwen,regex,1,47,current_price,currentPrice,qwen_semantic,SUCCESS,True
quantum,finnhub,qwen,regex,1,47,avg_volume,volume,qwen_semantic,SUCCESS,True
quantum,finnhub,qwen,regex,1,47,industry,industry,qwen_semantic,FALSE_POSITIVE,True
quantum,finnhub,qwen,regex,1,47,open,open,qwen_semantic,FALSE_POSITIVE,True
quantum,finnhub,qwen,regex,1,47,low,low,qwen_semantic,FALSE_POSITIVE,True
quantum,finnhub,qwen,regex,1,47,change,change,qwen_semantic,FALSE_POSITIVE,True
quantum,finnhub,qwen,regex,1,47,beta,beta,qwen_semantic,FALSE_POSITIVE,True
quantum,finnhub,qwen,regex,1,47,52w_low,low,qwen_semantic,SUCCESS,True
quantum,finnhub,qwen,regex,1,47,symbol,symbol,qwen_semantic,FALSE_POSITIVE,True
quantum,finnhub,qwen,regex,1,47,volume,avgVolume,qwen_semantic,FALSE_POSITIVE,True
quantum,finnhub,qwen,regex,1,47,dividend_yield,dividendYield,qwen_semantic,SUCCESS,True
quantum,finnhub,qwen,regex,1,47,high,high,qwen_semantic,FALSE_POSITIVE,True
quantum,finnhub,qwen,regex,1,47,timestamp,timestamp,qwen_semantic,FALSE_POSITIVE,True
quantum,finnhub,qwen,regex,1,47,percent_change,change,qwen_semantic,SUCCESS,True
quantum,finnhub,qwen,regex,1,47,52w_high,high,qwen_semantic,SUCCESS,True
quantum,finnhub,qwen,regex,1,47,market_cap,,qwen_semantic,FAILURE,True
quantum,finnhub,qwen,regex,1,47,pe_ratio,,qwen_semantic,FAILURE,True
quantum,finnhub,qwen,regex,1,47,previous_close,,qwen_semantic,FAILURE,True
quantum,finnhub,qwen,regex,1,85,sector,sector,qwen_semantic,FALSE_POSITIVE,True
quantum,finnhub,qwen,regex,1,85,current_price,current_price,qwen_semantic,FALSE_POSITIVE,True
quantum,finnhub,qwen,regex,1,85,avg_volume,avg_volume,qwen_semantic,FALSE_POSITIVE,True
quantum,finnhub,qwen,regex,1,85,industry,industry,qwen_semantic,FALSE_POSITIVE,True
quantum,finnhub,qwen,regex,1,85,open,open,qwen_semantic,FALSE_POSITIVE,True
quantum,finnhub,qwen,regex,1,85,low,low,qwen_semantic,FALSE_POSITIVE,True
quantum,finnhub,qwen,regex,1,85,change,change,qwen_semantic,FALSE_POSITIVE,True
quantum,finnhub,qwen,regex,1,85,market_cap,market_cap,qwen_semantic,FALSE_POSITIVE,True
quantum,finnhub,qwen,regex,1,85,beta,beta,qwen_semantic,FALSE_POSITIVE,True
quantum,finnhub,qwen,regex,1,85,52w_low,low,qwen_semantic,FALSE_POSITIVE,True
quantum,finnhub,qwen,regex,1,85,symbol,symbol,qwen_semantic,FALSE_POSITIVE,True
quantum,finnhub,qwen,regex,1,85,volume,avg_volume,qwen_semantic,FALSE_POSITIVE,True
quantum,finnhub,qwen,regex,1,85,dividend_yield,dividend_yield,qwen_semantic,FALSE_POSITIVE,True
quantum,finnhub,qwen,regex,1,85,high,high,qwen_semantic,FALSE_POSITIVE,True
quantum,finnhub,qwen,regex,1,85,timestamp,timestamp,qwen_semantic,FALSE_POSITIVE,True
quantum,finnhub,qwen,regex,1,85,percent_change,change,qwen_semantic,FALSE_POSITIVE,True
quantum,finnhub,qwen,regex,1,85,52w_high,high,qwen_semantic,FALSE_POSITIVE,True
quantum,finnhub,qwen,regex,1,85,pe_ratio,pe_ratio,qwen_semantic,FALSE_POSITIVE,True
quantum,finnhub,qwen,regex,1,85,previous_close,previous_close_alt,qwen_semantic,SUCCESS,True
quantum,finnhub,qwen,regex,1,137,sector,sector,qwen_semantic,FALSE_POSITIVE,True
quantum,finnhub,qwen,regex,1,137,current_price,currentPrice,qwen_semantic,SUCCESS,True
quantum,finnhub,qwen,regex,1,137,avg_volume,volume,qwen_semantic,SUCCESS,True
quantum,finnhub,qwen,regex,1,137,industry,industry,qwen_semantic,FALSE_POSITIVE,True
quantum,finnhub,qwen,regex,1,137,open,open,qwen_semantic,FALSE_POSITIVE,True
quantum,finnhub,qwen,regex,1,137,low,low,qwen_semantic,FALSE_POSITIVE,True
quantum,finnhub,qwen,regex,1,137,change,change,qwen_semantic,FALSE_POSITIVE,True
quantum,finnhub,qwen,regex,1,137,beta,beta,qwen_semantic,FALSE_POSITIVE,True
quantum,finnhub,qwen,regex,1,137,52w_low,low,qwen_semantic,SUCCESS,True
quantum,finnhub,qwen,regex,1,137,symbol,symbol,qwen_semantic,FALSE_POSITIVE,True
quantum,finnhub,qwen,regex,1,137,volume,avgVolume,qwen_semantic,FALSE_POSITIVE,True
quantum,finnhub,qwen,regex,1,137,dividend_yield,dividendYield,qwen_semantic,SUCCESS,True
quantum,finnhub,qwen,regex,1,137,high,high,qwen_semantic,FALSE_POSITIVE,True
quantum,finnhub,qwen,regex,1,137,timestamp,timestamp,qwen_semantic,FALSE_POSITIVE,True
quantum,finnhub,qwen,regex,1,137,percent_change,change,qwen_semantic,SUCCESS,True
quantum,finnhub,qwen,regex,1,137,52w_high,high,qwen_semantic,SUCCESS,True
quantum,finnhub,qwen,regex,1,137,market_cap,,qwen_semantic,FAILURE,True
quantum,finnhub,qwen,regex,1,137,pe_ratio,,qwen_semantic,FAILURE,True
quantum,finnhub,qwen,regex,1,137,previous_close,,qwen_semantic,FAILURE,True
quantum,finnhub,qwen,regex,1,143,sector,sector,qwen_semantic,FALSE_POSITIVE,True
quantum,finnhub,qwen,regex,1,143,current_price,current_price,qwen_semantic,FALSE_POSITIVE,True
quantum,finnhub,qwen,regex,1,143,avg_volume,avg_volume,qwen_semantic,FALSE_POSITIVE,True
quantum,finnhub,qwen,regex,1,143,industry,industry,qwen_semantic,FALSE_POSITIVE,True
quantum,finnhub,qwen,regex,1,143,open,open,qwen_semantic,FALSE_POSITIVE,True
quantum,finnhub,qwen,regex,1,143,low,low,qwen_semantic,FALSE_POSITIVE,True
quantum,finnhub,qwen,regex,1,143,change,change,qwen_semantic,FALSE_POSITIVE,True
quantum,finnhub,qwen,regex,1,143,market_cap,market_cap,qwen_semantic,FALSE_POSITIVE,True
quantum,finnhub,qwen,regex,1,143,beta,beta,qwen_semantic,FALSE_POSITIVE,True
quantum,finnhub,qwen,regex,1,143,52w_low,low,qwen_semantic,FALSE_POSITIVE,True
quantum,finnhub,qwen,regex,1,143,symbol,symbol,qwen_semantic,FALSE_POSITIVE,True
quantum,finnhub,qwen,regex,1,143,volume,avg_volume,qwen_semantic,FALSE_POSITIVE,True
quantum,finnhub,qwen,regex,1,143,dividend_yield,dividend_yield,qwen_semantic,FALSE_POSITIVE,True
quantum,finnhub,qwen,regex,1,143,high,high,qwen_semantic,FALSE_POSITIVE,True
quantum,finnhub,qwen,regex,1,143,timestamp,ts,qwen_semantic,SUCCESS,True
quantum,finnhub,qwen,regex,1,143,percent_change,change,qwen_semantic,FALSE_POSITIVE,True
quantum,finnhub,qwen,regex,1,143,52w_high,high,qwen_semantic,FALSE_POSITIVE,True
quantum,finnhub,qwen,regex,1,143,pe_ratio,pe_ratio,qwen_semantic,FALSE_POSITIVE,True
quantum,finnhub,qwen,regex,1,143,previous_close,previous_close,qwen_semantic,FALSE_POSITIVE,True
quantum,finnhub,qwen,regex,1,149,sector,sector,qwen_semantic,FALSE_POSITIVE,True
quantum,finnhub,qwen,regex,1,149,current_price,currentPrice,qwen_semantic,SUCCESS,True
quantum,finnhub,qwen,regex,1,149,avg_volume,volume,qwen_semantic,SUCCESS,True
quantum,finnhub,qwen,regex,1,149,industry,industry,qwen_semantic,FALSE_POSITIVE,True
quantum,finnhub,qwen,regex,1,149,open,open,qwen_semantic,FALSE_POSITIVE,True
quantum,finnhub,qwen,regex,1,149,low,low,qwen_semantic,FALSE_POSITIVE,True
quantum,finnhub,qwen,regex,1,149,change,change,qwen_semantic,FALSE_POSITIVE,True
quantum,finnhub,qwen,regex,1,149,beta,beta,qwen_semantic,FALSE_POSITIVE,True
quantum,finnhub,qwen,regex,1,149,52w_low,low,qwen_semantic,SUCCESS,True
quantum,finnhub,qwen,regex,1,149,symbol,symbol,qwen_semantic,FALSE_POSITIVE,True
quantum,finnhub,qwen,regex,1,149,volume,avgVolume,qwen_semantic,FALSE_POSITIVE,True
quantum,finnhub,qwen,regex,1,149,dividend_yield,dividendYield,qwen_semantic,SUCCESS,True
quantum,finnhub,qwen,regex,1,149,high,high,qwen_semantic,FALSE_POSITIVE,True
quantum,finnhub,qwen,regex,1,149,timestamp,timestamp,qwen_semantic,FALSE_POSITIVE,True
quantum,finnhub,qwen,regex,1,149,percent_change,change,qwen_semantic,SUCCESS,True
quantum,finnhub,qwen,regex,1,149,52w_high,high,qwen_semantic,SUCCESS,True
quantum,finnhub,qwen,regex,1,149,market_cap,,qwen_semantic,FAILURE,True
quantum,finnhub,qwen,regex,1,149,pe_ratio,,qwen_semantic,FAILURE,True
quantum,finnhub,qwen,regex,1,149,previous_close,,qwen_semantic,FAILURE,True
quantum,finnhub,qwen,regex,1,160,sector,sector,qwen_semantic,FALSE_POSITIVE,True
quantum,finnhub,qwen,regex,1,160,current_price,current_price,qwen_semantic,FALSE_POSITIVE,True
quantum,finnhub,qwen,regex,1,160,avg_volume,avg_volume,qwen_semantic,FALSE_POSITIVE,True
quantum,finnhub,qwen,regex,1,160,industry,industry,qwen_semantic,FALSE_POSITIVE,True
quantum,finnhub,qwen,regex,1,160,open,open,qwen_semantic,FALSE_POSITIVE,True
quantum,finnhub,qwen,regex,1,160,low,low,qwen_semantic,FALSE_POSITIVE,True
quantum,finnhub,qwen,regex,1,160,change,change,qwen_semantic,FALSE_POSITIVE,True
quantum,finnhub,qwen,regex,1,160,market_cap,market_cap,qwen_semantic,FALSE_POSITIVE,True
quantum,finnhub,qwen,regex,1,160,beta,beta,qwen_semantic,FALSE_POSITIVE,True
quantum,finnhub,qwen,regex,1,160,52w_low,low,qwen_semantic,FALSE_POSITIVE,True
quantum,finnhub,qwen,regex,1,160,symbol,symbol,qwen_semantic,FALSE_POSITIVE,True
quantum,finnhub,qwen,regex,1,160,volume,avg_volume,qwen_semantic,FALSE_POSITIVE,True
quantum,finnhub,qwen,regex,1,160,dividend_yield,dividend_yield,qwen_semantic,FALSE_POSITIVE,True
quantum,finnhub,qwen,regex,1,160,high,high,qwen_semantic,FALSE_POSITIVE,True
quantum,finnhub,qwen,regex,1,160,timestamp,ts,qwen_semantic,SUCCESS,True
quantum,finnhub,qwen,regex,1,160,percent_change,change,qwen_semantic,FALSE_POSITIVE,True
quantum,finnhub,qwen,regex,1,160,52w_high,high,qwen_semantic,FALSE_POSITIVE,True
quantum,finnhub,qwen,regex,1,160,pe_ratio,pe_ratio,qwen_semantic,FALSE_POSITIVE,True
quantum,finnhub,qwen,regex,1,160,previous_close,previous_close,qwen_semantic,FALSE_POSITIVE,True
quantum,finnhub,qwen,regex,1,167,sector,sector,qwen_semantic,FALSE_POSITIVE,True
quantum,finnhub,qwen,regex,1,167,current_price,currentPrice,qwen_semantic,SUCCESS,True
quantum,finnhub,qwen,regex,1,167,avg_volume,volume,qwen_semantic,SUCCESS,True
quantum,finnhub,qwen,regex,1,167,industry,industry,qwen_semantic,FALSE_POSITIVE,True
quantum,finnhub,qwen,regex,1,167,open,open,qwen_semantic,FALSE_POSITIVE,True
quantum,finnhub,qwen,regex,1,167,low,low,qwen_semantic,FALSE_POSITIVE,True
quantum,finnhub,qwen,regex,1,167,change,change,qwen_semantic,FALSE_POSITIVE,True
quantum,finnhub,qwen,regex,1,167,beta,beta,qwen_semantic,FALSE_POSITIVE,True
quantum,finnhub,qwen,regex,1,167,52w_low,low,qwen_semantic,SUCCESS,True
quantum,finnhub,qwen,regex,1,167,symbol,symbol,qwen_semantic,FALSE_POSITIVE,True
quantum,finnhub,qwen,regex,1,167,volume,avgVolume,qwen_semantic,FALSE_POSITIVE,True
quantum,finnhub,qwen,regex,1,167,dividend_yield,dividendYield,qwen_semantic,SUCCESS,True
quantum,finnhub,qwen,regex,1,167,high,high,qwen_semantic,FALSE_POSITIVE,True
quantum,finnhub,qwen,regex,1,167,timestamp,timestamp,qwen_semantic,FALSE_POSITIVE,True
quantum,finnhub,qwen,regex,1,167,percent_change,change,qwen_semantic,SUCCESS,True
quantum,finnhub,qwen,regex,1,167,52w_high,high,qwen_semantic,SUCCESS,True
quantum,finnhub,qwen,regex,1,167,market_cap,,qwen_semantic,FAILURE,True
quantum,finnhub,qwen,regex,1,167,pe_ratio,,qwen_semantic,FAILURE,True
quantum,finnhub,qwen,regex,1,167,previous_close,,qwen_semantic,FAILURE,True
quantum,finnhub,qwen,regex,1,216,sector,sector,qwen_semantic,FALSE_POSITIVE,True
quantum,finnhub,qwen,regex,1,216,current_price,currentPrice,qwen_semantic,SUCCESS,True
quantum,finnhub,qwen,regex,1,216,avg_volume,volume,qwen_semantic,SUCCESS,True
quantum,finnhub,qwen,regex,1,216,industry,industry,qwen_semantic,FALSE_POSITIVE,True
quantum,finnhub,qwen,regex,1,216,open,open,qwen_semantic,FALSE_POSITIVE,True
quantum,finnhub,qwen,regex,1,216,low,low,qwen_semantic,FALSE_POSITIVE,True
quantum,finnhub,qwen,regex,1,216,change,change,qwen_semantic,FALSE_POSITIVE,True
quantum,finnhub,qwen,regex,1,216,beta,beta,qwen_semantic,FALSE_POSITIVE,True
quantum,finnhub,qwen,regex,1,216,52w_low,low,qwen_semantic,SUCCESS,True
quantum,finnhub,qwen,regex,1,216,symbol,symbol,qwen_semantic,FALSE_POSITIVE,True
quantum,finnhub,qwen,regex,1,216,volume,avgVolume,qwen_semantic,FALSE_POSITIVE,True
quantum,finnhub,qwen,regex,1,216,dividend_yield,dividendYield,qwen_semantic,SUCCESS,True
quantum,finnhub,qwen,regex,1,216,high,high,qwen_semantic,FALSE_POSITIVE,True
quantum,finnhub,qwen,regex,1,216,timestamp,timestamp,qwen_semantic,FALSE_POSITIVE,True
quantum,finnhub,qwen,regex,1,216,percent_change,change,qwen_semantic,SUCCESS,True
quantum,finnhub,qwen,regex,1,216,52w_high,high,qwen_semantic,SUCCESS,True
quantum,finnhub,qwen,regex,1,216,market_cap,,qwen_semantic,FAILURE,True
quantum,finnhub,qwen,regex,1,216,pe_ratio,,qwen_semantic,FAILURE,True
quantum,finnhub,qwen,regex,1,216,previous_close,,qwen_semantic,FAILURE,True
quantum,finnhub,qwen,regex,1,235,sector,sector,qwen_semantic,FALSE_POSITIVE,True
quantum,finnhub,qwen,regex,1,235,current_price,currentPrice,qwen_semantic,SUCCESS,True
quantum,finnhub,qwen,regex,1,235,avg_volume,volume,qwen_semantic,SUCCESS,True
quantum,finnhub,qwen,regex,1,235,industry,industry,qwen_semantic,FALSE_POSITIVE,True
quantum,finnhub,qwen,regex,1,235,open,open,qwen_semantic,FALSE_POSITIVE,True
quantum,finnhub,qwen,regex,1,235,low,low,qwen_semantic,FALSE_POSITIVE,True
quantum,finnhub,qwen,regex,1,235,change,change,qwen_semantic,FALSE_POSITIVE,True
quantum,finnhub,qwen,regex,1,235,beta,beta,qwen_semantic,FALSE_POSITIVE,True
quantum,finnhub,qwen,regex,1,235,52w_low,low,qwen_semantic,SUCCESS,True
quantum,finnhub,qwen,regex,1,235,symbol,symbol,qwen_semantic,FALSE_POSITIVE,True
quantum,finnhub,qwen,regex,1,235,volume,avgVolume,qwen_semantic,FALSE_POSITIVE,True
quantum,finnhub,qwen,regex,1,235,dividend_yield,dividendYield,qwen_semantic,SUCCESS,True
quantum,finnhub,qwen,regex,1,235,high,high,qwen_semantic,FALSE_POSITIVE,True
quantum,finnhub,qwen,regex,1,235,timestamp,timestamp,qwen_semantic,FALSE_POSITIVE,True
quantum,finnhub,qwen,regex,1,235,percent_change,change,qwen_semantic,SUCCESS,True
quantum,finnhub,qwen,regex,1,235,52w_high,high,qwen_semantic,SUCCESS,True
quantum,finnhub,qwen,regex,1,235,market_cap,,qwen_semantic,FAILURE,True
quantum,finnhub,qwen,regex,1,235,pe_ratio,,qwen_semantic,FAILURE,True
quantum,finnhub,qwen,regex,1,235,previous_close,,qwen_semantic,FAILURE,True
quantum,finnhub,qwen,regex,1,251,sector,sector,qwen_semantic,FALSE_POSITIVE,True
quantum,finnhub,qwen,regex,1,251,current_price,currentPrice,qwen_semantic,SUCCESS,True
quantum,finnhub,qwen,regex,1,251,avg_volume,volume,qwen_semantic,SUCCESS,True
quantum,finnhub,qwen,regex,1,251,industry,industry,qwen_semantic,FALSE_POSITIVE,True
quantum,finnhub,qwen,regex,1,251,open,open,qwen_semantic,FALSE_POSITIVE,True
quantum,finnhub,qwen,regex,1,251,low,low,qwen_semantic,FALSE_POSITIVE,True
quantum,finnhub,qwen,regex,1,251,change,change,qwen_semantic,FALSE_POSITIVE,True
quantum,finnhub,qwen,regex,1,251,beta,beta,qwen_semantic,FALSE_POSITIVE,True
quantum,finnhub,qwen,regex,1,251,52w_low,low,qwen_semantic,SUCCESS,True
quantum,finnhub,qwen,regex,1,251,symbol,symbol,qwen_semantic,FALSE_POSITIVE,True
quantum,finnhub,qwen,regex,1,251,volume,avgVolume,qwen_semantic,FALSE_POSITIVE,True
quantum,finnhub,qwen,regex,1,251,dividend_yield,dividendYield,qwen_semantic,SUCCESS,True
quantum,finnhub,qwen,regex,1,251,high,high,qwen_semantic,FALSE_POSITIVE,True
quantum,finnhub,qwen,regex,1,251,timestamp,timestamp,qwen_semantic,FALSE_POSITIVE,True
quantum,finnhub,qwen,regex,1,251,percent_change,change,qwen_semantic,SUCCESS,True
quantum,finnhub,qwen,regex,1,251,52w_high,high,qwen_semantic,SUCCESS,True
quantum,finnhub,qwen,regex,1,251,market_cap,,qwen_semantic,FAILURE,True
quantum,finnhub,qwen,regex,1,251,pe_ratio,,qwen_semantic,FAILURE,True
quantum,finnhub,qwen,regex,1,251,previous_close,,qwen_semantic,FAILURE,True
quantum,finnhub,qwen,regex,1,272,sector,sector,qwen_semantic,FALSE_POSITIVE,True
quantum,finnhub,qwen,regex,1,272,current_price,currentPrice,qwen_semantic,SUCCESS,True
quantum,finnhub,qwen,regex,1,272,avg_volume,volume,qwen_semantic,SUCCESS,True
quantum,finnhub,qwen,regex,1,272,industry,industry,qwen_semantic,FALSE_POSITIVE,True
quantum,finnhub,qwen,regex,1,272,open,open,qwen_semantic,FALSE_POSITIVE,True
quantum,finnhub,qwen,regex,1,272,low,low,qwen_semantic,FALSE_POSITIVE,True
quantum,finnhub,qwen,regex,1,272,change,change,qwen_semantic,FALSE_POSITIVE,True
quantum,finnhub,qwen,regex,1,272,beta,beta,qwen_semantic,FALSE_POSITIVE,True
quantum,finnhub,qwen,regex,1,272,52w_low,low,qwen_semantic,SUCCESS,True
quantum,finnhub,qwen,regex,1,272,symbol,symbol,qwen_semantic,FALSE_POSITIVE,True
quantum,finnhub,qwen,regex,1,272,volume,avgVolume,qwen_semantic,FALSE_POSITIVE,True
quantum,finnhub,qwen,regex,1,272,dividend_yield,dividendYield,qwen_semantic,SUCCESS,True
quantum,finnhub,qwen,regex,1,272,high,high,qwen_semantic,FALSE_POSITIVE,True
quantum,finnhub,qwen,regex,1,272,timestamp,timestamp,qwen_semantic,FALSE_POSITIVE,True
quantum,finnhub,qwen,regex,1,272,percent_change,change,qwen_semantic,SUCCESS,True
quantum,finnhub,qwen,regex,1,272,52w_high,high,qwen_semantic,SUCCESS,True
quantum,finnhub,qwen,regex,1,272,market_cap,,qwen_semantic,FAILURE,True
quantum,finnhub,qwen,regex,1,272,pe_ratio,,qwen_semantic,FAILURE,True
quantum,finnhub,qwen,regex,1,272,previous_close,,qwen_semantic,FAILURE,True
quantum,finnhub,qwen,regex,1,295,sector,sector,qwen_semantic,FALSE_POSITIVE,True
quantum,finnhub,qwen,regex,1,295,current_price,currentPrice,qwen_semantic,SUCCESS,True
quantum,finnhub,qwen,regex,1,295,avg_volume,volume,qwen_semantic,SUCCESS,True
quantum,finnhub,qwen,regex,1,295,industry,industry,qwen_semantic,FALSE_POSITIVE,True
quantum,finnhub,qwen,regex,1,295,open,open,qwen_semantic,FALSE_POSITIVE,True
quantum,finnhub,qwen,regex,1,295,low,low,qwen_semantic,FALSE_POSITIVE,True
quantum,finnhub,qwen,regex,1,295,change,change,qwen_semantic,FALSE_POSITIVE,True
quantum,finnhub,qwen,regex,1,295,beta,beta,qwen_semantic,FALSE_POSITIVE,True
quantum,finnhub,qwen,regex,1,295,52w_low,low,qwen_semantic,SUCCESS,True
quantum,finnhub,qwen,regex,1,295,symbol,symbol,qwen_semantic,FALSE_POSITIVE,True
quantum,finnhub,qwen,regex,1,295,volume,avgVolume,qwen_semantic,FALSE_POSITIVE,True
quantum,finnhub,qwen,regex,1,295,dividend_yield,dividendYield,qwen_semantic,SUCCESS,True
quantum,finnhub,qwen,regex,1,295,high,high,qwen_semantic,FALSE_POSITIVE,True
quantum,finnhub,qwen,regex,1,295,timestamp,timestamp,qwen_semantic,FALSE_POSITIVE,True
quantum,finnhub,qwen,regex,1,295,percent_change,change,qwen_semantic,SUCCESS,True
quantum,finnhub,qwen,regex,1,295,52w_high,high,qwen_semantic,SUCCESS,True
quantum,finnhub,qwen,regex,1,295,market_cap,,qwen_semantic,FAILURE,True
quantum,finnhub,qwen,regex,1,295,pe_ratio,,qwen_semantic,FAILURE,True
quantum,finnhub,qwen,regex,1,295,previous_close,,qwen_semantic,FAILURE,True
quantum,finnhub,qwen,regex,1,333,sector,sector,qwen_semantic,FALSE_POSITIVE,True
quantum,finnhub,qwen,regex,1,333,current_price,current_price,qwen_semantic,FALSE_POSITIVE,True
quantum,finnhub,qwen,regex,1,333,avg_volume,volume,qwen_semantic,SUCCESS,True
quantum,finnhub,qwen,regex,1,333,industry,industry,qwen_semantic,FALSE_POSITIVE,True
quantum,finnhub,qwen,regex,1,333,open,open,qwen_semantic,FALSE_POSITIVE,True
quantum,finnhub,qwen,regex,1,333,low,low,qwen_semantic,FALSE_POSITIVE,True
quantum,finnhub,qwen,regex,1,333,change,change,qwen_semantic,FALSE_POSITIVE,True
quantum,finnhub,qwen,regex,1,333,market_cap,market_cap,qwen_semantic,FALSE_POSITIVE,True
quantum,finnhub,qwen,regex,1,333,beta,beta,qwen_semantic,FALSE_POSITIVE,True
quantum,finnhub,qwen,regex,1,333,52w_low,low,qwen_semantic,FALSE_POSITIVE,True
quantum,finnhub,qwen,regex,1,333,symbol,symbol,qwen_semantic,FALSE_POSITIVE,True
quantum,finnhub,qwen,regex,1,333,volume,volume,qwen_semantic,FALSE_POSITIVE,True
quantum,finnhub,qwen,regex,1,333,dividend_yield,dividend_yield,qwen_semantic,FALSE_POSITIVE,True
quantum,finnhub,qwen,regex,1,333,high,high,qwen_semantic,FALSE_POSITIVE,True
quantum,finnhub,qwen,regex,1,333,timestamp,timestamp,qwen_semantic,FALSE_POSITIVE,True
quantum,finnhub,qwen,regex,1,333,percent_change,change,qwen_semantic,FALSE_POSITIVE,True
quantum,finnhub,qwen,regex,1,333,52w_high,high,qwen_semantic,FALSE_POSITIVE,True
quantum,finnhub,qwen,regex,1,333,pe_ratio,pe_ratio_backup,qwen_semantic,FALSE_POSITIVE,True
quantum,finnhub,qwen,regex,1,333,previous_close,previous_close,qwen_semantic,FALSE_POSITIVE,True
quantum,finnhub,qwen,regex,1,342,sector,sector,qwen_semantic,FALSE_POSITIVE,True
quantum,finnhub,qwen,regex,1,342,current_price,currentPrice,qwen_semantic,SUCCESS,True
quantum,finnhub,qwen,regex,1,342,avg_volume,volume,qwen_semantic,SUCCESS,True
quantum,finnhub,qwen,regex,1,342,industry,industry,qwen_semantic,FALSE_POSITIVE,True
quantum,finnhub,qwen,regex,1,342,open,open,qwen_semantic,FALSE_POSITIVE,True
quantum,finnhub,qwen,regex,1,342,low,low,qwen_semantic,FALSE_POSITIVE,True
quantum,finnhub,qwen,regex,1,342,change,change,qwen_semantic,FALSE_POSITIVE,True
quantum,finnhub,qwen,regex,1,342,beta,beta,qwen_semantic,FALSE_POSITIVE,True
quantum,finnhub,qwen,regex,1,342,52w_low,low,qwen_semantic,SUCCESS,True
quantum,finnhub,qwen,regex,1,342,symbol,symbol,qwen_semantic,FALSE_POSITIVE,True
quantum,finnhub,qwen,regex,1,342,volume,avgVolume,qwen_semantic,FALSE_POSITIVE,True
quantum,finnhub,qwen,regex,1,342,dividend_yield,dividendYield,qwen_semantic,SUCCESS,True
quantum,finnhub,qwen,regex,1,342,high,high,qwen_semantic,FALSE_POSITIVE,True
quantum,finnhub,qwen,regex,1,342,timestamp,timestamp,qwen_semantic,FALSE_POSITIVE,True
quantum,finnhub,qwen,regex,1,342,percent_change,change,qwen_semantic,SUCCESS,True
quantum,finnhub,qwen,regex,1,342,52w_high,high,qwen_semantic,SUCCESS,True
quantum,finnhub,qwen,regex,1,342,market_cap,,qwen_semantic,FAILURE,True
quantum,finnhub,qwen,regex,1,342,pe_ratio,,qwen_semantic,FAILURE,True
quantum,finnhub,qwen,regex,1,342,previous_close,,qwen_semantic,FAILURE,True
quantum,finnhub,qwen,regex,1,343,sector,sector,qwen_semantic,FALSE_POSITIVE,True
quantum,finnhub,qwen,regex,1,343,current_price,currentPrice,qwen_semantic,SUCCESS,True
quantum,finnhub,qwen,regex,1,343,avg_volume,volume,qwen_semantic,SUCCESS,True
quantum,finnhub,qwen,regex,1,343,industry,industry,qwen_semantic,FALSE_POSITIVE,True
quantum,finnhub,qwen,regex,1,343,open,open,qwen_semantic,FALSE_POSITIVE,True
quantum,finnhub,qwen,regex,1,343,low,low,qwen_semantic,FALSE_POSITIVE,True
quantum,finnhub,qwen,regex,1,343,change,change,qwen_semantic,FALSE_POSITIVE,True
quantum,finnhub,qwen,regex,1,343,beta,beta,qwen_semantic,FALSE_POSITIVE,True
quantum,finnhub,qwen,regex,1,343,52w_low,low,qwen_semantic,SUCCESS,True
quantum,finnhub,qwen,regex,1,343,symbol,symbol,qwen_semantic,FALSE_POSITIVE,True
quantum,finnhub,qwen,regex,1,343,volume,avgVolume,qwen_semantic,FALSE_POSITIVE,True
quantum,finnhub,qwen,regex,1,343,dividend_yield,dividendYield,qwen_semantic,SUCCESS,True
quantum,finnhub,qwen,regex,1,343,high,high,qwen_semantic,FALSE_POSITIVE,True
quantum,finnhub,qwen,regex,1,343,timestamp,timestamp,qwen_semantic,FALSE_POSITIVE,True
quantum,finnhub,qwen,regex,1,343,percent_change,change,qwen_semantic,SUCCESS,True
quantum,finnhub,qwen,regex,1,343,52w_high,high,qwen_semantic,SUCCESS,True
quantum,finnhub,qwen,regex,1,343,market_cap,,qwen_semantic,FAILURE,True
quantum,finnhub,qwen,regex,1,343,pe_ratio,,qwen_semantic,FAILURE,True
quantum,finnhub,qwen,regex,1,343,previous_close,,qwen_semantic,FAILURE,True
quantum,finnhub,qwen,regex,1,352,sector,sector,qwen_semantic,FALSE_POSITIVE,True
quantum,finnhub,qwen,regex,1,352,current_price,currentPrice,qwen_semantic,SUCCESS,True
quantum,finnhub,qwen,regex,1,352,avg_volume,volume,qwen_semantic,SUCCESS,True
quantum,finnhub,qwen,regex,1,352,industry,industry,qwen_semantic,FALSE_POSITIVE,True
quantum,finnhub,qwen,regex,1,352,open,open,qwen_semantic,FALSE_POSITIVE,True
quantum,finnhub,qwen,regex,1,352,low,low,qwen_semantic,FALSE_POSITIVE,True
quantum,finnhub,qwen,regex,1,352,change,change,qwen_semantic,FALSE_POSITIVE,True
quantum,finnhub,qwen,regex,1,352,beta,beta,qwen_semantic,FALSE_POSITIVE,True
quantum,finnhub,qwen,regex,1,352,52w_low,low,qwen_semantic,SUCCESS,True
quantum,finnhub,qwen,regex,1,352,symbol,symbol,qwen_semantic,FALSE_POSITIVE,True
quantum,finnhub,qwen,regex,1,352,volume,avgVolume,qwen_semantic,FALSE_POSITIVE,True
quantum,finnhub,qwen,regex,1,352,dividend_yield,dividendYield,qwen_semantic,SUCCESS,True
quantum,finnhub,qwen,regex,1,352,high,high,qwen_semantic,FALSE_POSITIVE,True
quantum,finnhub,qwen,regex,1,352,timestamp,timestamp,qwen_semantic,FALSE_POSITIVE,True
quantum,finnhub,qwen,regex,1,352,percent_change,change,qwen_semantic,SUCCESS,True
quantum,finnhub,qwen,regex,1,352,52w_high,high,qwen_semantic,SUCCESS,True
quantum,finnhub,qwen,regex,1,352,market_cap,,qwen_semantic,FAILURE,True
quantum,finnhub,qwen,regex,1,352,pe_ratio,,qwen_semantic,FAILURE,True
quantum,finnhub,qwen,regex,1,352,previous_close,,qwen_semantic,FAILURE,True
quantum,finnhub,qwen,regex,1,358,sector,sector,qwen_semantic,FALSE_POSITIVE,True
quantum,finnhub,qwen,regex,1,358,current_price,currentPrice,qwen_semantic,SUCCESS,True
quantum,finnhub,qwen,regex,1,358,avg_volume,volume,qwen_semantic,SUCCESS,True
quantum,finnhub,qwen,regex,1,358,industry,industry,qwen_semantic,FALSE_POSITIVE,True
quantum,finnhub,qwen,regex,1,358,open,open,qwen_semantic,FALSE_POSITIVE,True
quantum,finnhub,qwen,regex,1,358,low,low,qwen_semantic,FALSE_POSITIVE,True
quantum,finnhub,qwen,regex,1,358,change,change,qwen_semantic,FALSE_POSITIVE,True
quantum,finnhub,qwen,regex,1,358,beta,beta,qwen_semantic,FALSE_POSITIVE,True
quantum,finnhub,qwen,regex,1,358,52w_low,low,qwen_semantic,SUCCESS,True
quantum,finnhub,qwen,regex,1,358,symbol,symbol,qwen_semantic,FALSE_POSITIVE,True
quantum,finnhub,qwen,regex,1,358,volume,avgVolume,qwen_semantic,FALSE_POSITIVE,True
quantum,finnhub,qwen,regex,1,358,dividend_yield,dividendYield,qwen_semantic,SUCCESS,True
quantum,finnhub,qwen,regex,1,358,high,52WeekHigh,qwen_semantic,FALSE_POSITIVE,True
quantum,finnhub,qwen,regex,1,358,timestamp,timestamp,qwen_semantic,FALSE_POSITIVE,True
quantum,finnhub,qwen,regex,1,358,percent_change,change,qwen_semantic,SUCCESS,True
quantum,finnhub,qwen,regex,1,358,52w_high,high,qwen_semantic,SUCCESS,True
quantum,finnhub,qwen,regex,1,358,market_cap,,qwen_semantic,FAILURE,True
quantum,finnhub,qwen,regex,1,358,pe_ratio,,qwen_semantic,FAILURE,True
quantum,finnhub,qwen,regex,1,358,previous_close,,qwen_semantic,FAILURE,True
quantum,finnhub,qwen,regex,1,375,sector,sector,qwen_semantic,FALSE_POSITIVE,True
quantum,finnhub,qwen,regex,1,375,current_price,currentPrice,qwen_semantic,SUCCESS,True
quantum,finnhub,qwen,regex,1,375,avg_volume,volume,qwen_semantic,SUCCESS,True
quantum,finnhub,qwen,regex,1,375,industry,industry,qwen_semantic,FALSE_POSITIVE,True
quantum,finnhub,qwen,regex,1,375,open,open,qwen_semantic,FALSE_POSITIVE,True
quantum,finnhub,qwen,regex,1,375,low,low,qwen_semantic,FALSE_POSITIVE,True
quantum,finnhub,qwen,regex,1,375,change,change,qwen_semantic,FALSE_POSITIVE,True
quantum,finnhub,qwen,regex,1,375,beta,beta,qwen_semantic,FALSE_POSITIVE,True
quantum,finnhub,qwen,regex,1,375,52w_low,low,qwen_semantic,SUCCESS,True
quantum,finnhub,qwen,regex,1,375,symbol,symbol,qwen_semantic,FALSE_POSITIVE,True
quantum,finnhub,qwen,regex,1,375,volume,avgVolume,qwen_semantic,FALSE_POSITIVE,True
quantum,finnhub,qwen,regex,1,375,dividend_yield,dividendYield,qwen_semantic,SUCCESS,True
quantum,finnhub,qwen,regex,1,375,high,high,qwen_semantic,FALSE_POSITIVE,True
quantum,finnhub,qwen,regex,1,375,timestamp,timestamp,qwen_semantic,FALSE_POSITIVE,True
quantum,finnhub,qwen,regex,1,375,percent_change,change,qwen_semantic,SUCCESS,True
quantum,finnhub,qwen,regex,1,375,52w_high,high,qwen_semantic,SUCCESS,True
quantum,finnhub,qwen,regex,1,375,market_cap,,qwen_semantic,FAILURE,True
quantum,finnhub,qwen,regex,1,375,pe_ratio,,qwen_semantic,FAILURE,True
quantum,finnhub,qwen,regex,1,375,previous_close,,qwen_semantic,FAILURE,True
quantum,finnhub,qwen,regex,1,381,sector,sector,qwen_semantic,FALSE_POSITIVE,True
quantum,finnhub,qwen,regex,1,381,current_price,current_price,qwen_semantic,FALSE_POSITIVE,True
quantum,finnhub,qwen,regex,1,381,avg_volume,avg_volume,qwen_semantic,FALSE_POSITIVE,True
quantum,finnhub,qwen,regex,1,381,industry,industry,qwen_semantic,FALSE_POSITIVE,True
quantum,finnhub,qwen,regex,1,381,open,open,qwen_semantic,FALSE_POSITIVE,True
quantum,finnhub,qwen,regex,1,381,low,low,qwen_semantic,FALSE_POSITIVE,True
quantum,finnhub,qwen,regex,1,381,change,change,qwen_semantic,FALSE_POSITIVE,True
quantum,finnhub,qwen,regex,1,381,market_cap,market_cap,qwen_semantic,FALSE_POSITIVE,True
quantum,finnhub,qwen,regex,1,381,beta,beta_alt,qwen_semantic,SUCCESS,True
quantum,finnhub,qwen,regex,1,381,52w_low,low,qwen_semantic,FALSE_POSITIVE,True
quantum,finnhub,qwen,regex,1,381,symbol,symbol,qwen_semantic,FALSE_POSITIVE,True
quantum,finnhub,qwen,regex,1,381,volume,avg_volume,qwen_semantic,FALSE_POSITIVE,True
quantum,finnhub,qwen,regex,1,381,dividend_yield,dividend_yield,qwen_semantic,FALSE_POSITIVE,True
quantum,finnhub,qwen,regex,1,381,high,high,qwen_semantic,FALSE_POSITIVE,True
quantum,finnhub,qwen,regex,1,381,timestamp,timestamp,qwen_semantic,FALSE_POSITIVE,True
quantum,finnhub,qwen,regex,1,381,percent_change,change,qwen_semantic,FALSE_POSITIVE,True
quantum,finnhub,qwen,regex,1,381,52w_high,high,qwen_semantic,FALSE_POSITIVE,True
quantum,finnhub,qwen,regex,1,381,pe_ratio,pe_ratio,qwen_semantic,FALSE_POSITIVE,True
quantum,finnhub,qwen,regex,1,381,previous_close,previous_close,qwen_semantic,FALSE_POSITIVE,True
quantum,finnhub,qwen,regex,1,382,sector,sector,qwen_semantic,FALSE_POSITIVE,True
quantum,finnhub,qwen,regex,1,382,current_price,current_price,qwen_semantic,FALSE_POSITIVE,True
quantum,finnhub,qwen,regex,1,382,avg_volume,avg_volume,qwen_semantic,FALSE_POSITIVE,True
quantum,finnhub,qwen,regex,1,382,industry,industry,qwen_semantic,FALSE_POSITIVE,True
quantum,finnhub,qwen,regex,1,382,open,open,qwen_semantic,FALSE_POSITIVE,True
quantum,finnhub,qwen,regex,1,382,low,low,qwen_semantic,FALSE_POSITIVE,True
quantum,finnhub,qwen,regex,1,382,change,change,qwen_semantic,FALSE_POSITIVE,True
quantum,finnhub,qwen,regex,1,382,market_cap,market_cap,qwen_semantic,FALSE_POSITIVE,True
quantum,finnhub,qwen,regex,1,382,beta,beta,qwen_semantic,FALSE_POSITIVE,True
quantum,finnhub,qwen,regex,1,382,52w_low,low,qwen_semantic,FALSE_POSITIVE,True
quantum,finnhub,qwen,regex,1,382,symbol,symbol,qwen_semantic,FALSE_POSITIVE,True
quantum,finnhub,qwen,regex,1,382,volume,avg_volume,qwen_semantic,SUCCESS,True
quantum,finnhub,qwen,regex,1,382,dividend_yield,dividend_yield,qwen_semantic,FALSE_POSITIVE,True
quantum,finnhub,qwen,regex,1,382,high,high,qwen_semantic,FALSE_POSITIVE,True
quantum,finnhub,qwen,regex,1,382,timestamp,timestamp,qwen_semantic,FALSE_POSITIVE,True
quantum,finnhub,qwen,regex,1,382,percent_change,change,qwen_semantic,FALSE_POSITIVE,True
quantum,finnhub,qwen,regex,1,382,52w_high,high,qwen_semantic,FALSE_POSITIVE,True
quantum,finnhub,qwen,regex,1,382,pe_ratio,pe_ratio,qwen_semantic,FALSE_POSITIVE,True
quantum,finnhub,qwen,regex,1,382,previous_close,previous_close,qwen_semantic,FALSE_POSITIVE,True
quantum,finnhub,qwen,regex,1,442,sector,sector,qwen_semantic,FALSE_POSITIVE,True
quantum,finnhub,qwen,regex,1,442,current_price,current_price,qwen_semantic,FALSE_POSITIVE,True
quantum,finnhub,qwen,regex,1,442,avg_volume,avg_volume,qwen_semantic,FALSE_POSITIVE,True
quantum,finnhub,qwen,regex,1,442,industry,industry,qwen_semantic,FALSE_POSITIVE,True
quantum,finnhub,qwen,regex,1,442,open,open,qwen_semantic,FALSE_POSITIVE,True
quantum,finnhub,qwen,regex,1,442,low,low,qwen_semantic,FALSE_POSITIVE,True
quantum,finnhub,qwen,regex,1,442,change,change,qwen_semantic,FALSE_POSITIVE,True
quantum,finnhub,qwen,regex,1,442,market_cap,market_cap,qwen_semantic,FALSE_POSITIVE,True
quantum,finnhub,qwen,regex,1,442,beta,beta,qwen_semantic,FALSE_POSITIVE,True
quantum,finnhub,qwen,regex,1,442,52w_low,low,qwen_semantic,FALSE_POSITIVE,True
quantum,finnhub,qwen,regex,1,442,symbol,symbol,qwen_semantic,FALSE_POSITIVE,True
quantum,finnhub,qwen,regex,1,442,volume,avg_volume,qwen_semantic,FALSE_POSITIVE,True
quantum,finnhub,qwen,regex,1,442,dividend_yield,dividend_yield,qwen_semantic,FALSE_POSITIVE,True
quantum,finnhub,qwen,regex,1,442,high,high,qwen_semantic,FALSE_POSITIVE,True
quantum,finnhub,qwen,regex,1,442,timestamp,ts,qwen_semantic,SUCCESS,True
quantum,finnhub,qwen,regex,1,442,percent_change,change,qwen_semantic,FALSE_POSITIVE,True
quantum,finnhub,qwen,regex,1,442,52w_high,high,qwen_semantic,FALSE_POSITIVE,True
quantum,finnhub,qwen,regex,1,442,pe_ratio,pe_ratio,qwen_semantic,FALSE_POSITIVE,True
quantum,finnhub,qwen,regex,1,442,previous_close,previous_close,qwen_semantic,FALSE_POSITIVE,True
quantum,finnhub,qwen,regex,1,467,sector,sector,qwen_semantic,FALSE_POSITIVE,True
quantum,finnhub,qwen,regex,1,467,current_price,current_price,qwen_semantic,FALSE_POSITIVE,True
quantum,finnhub,qwen,regex,1,467,avg_volume,avg_volume,qwen_semantic,FALSE_POSITIVE,True
quantum,finnhub,qwen,regex,1,467,industry,industry,qwen_semantic,FALSE_POSITIVE,True
quantum,finnhub,qwen,regex,1,467,open,open,qwen_semantic,FALSE_POSITIVE,True
quantum,finnhub,qwen,regex,1,467,low,low,qwen_semantic,FALSE_POSITIVE,True
quantum,finnhub,qwen,regex,1,467,change,change,qwen_semantic,FALSE_POSITIVE,True
quantum,finnhub,qwen,regex,1,467,market_cap,market_cap,qwen_semantic,FALSE_POSITIVE,True
quantum,finnhub,qwen,regex,1,467,beta,beta,qwen_semantic,FALSE_POSITIVE,True
quantum,finnhub,qwen,regex,1,467,52w_low,low,qwen_semantic,FALSE_POSITIVE,True
quantum,finnhub,qwen,regex,1,467,symbol,symbol_alt,qwen_semantic,SUCCESS,True
quantum,finnhub,qwen,regex,1,467,volume,avg_volume,qwen_semantic,FALSE_POSITIVE,True
quantum,finnhub,qwen,regex,1,467,dividend_yield,dividend_yield,qwen_semantic,FALSE_POSITIVE,True
quantum,finnhub,qwen,regex,1,467,high,high,qwen_semantic,FALSE_POSITIVE,True
quantum,finnhub,qwen,regex,1,467,timestamp,timestamp,qwen_semantic,FALSE_POSITIVE,True
quantum,finnhub,qwen,regex,1,467,percent_change,change,qwen_semantic,FALSE_POSITIVE,True
quantum,finnhub,qwen,regex,1,467,52w_high,high,qwen_semantic,FALSE_POSITIVE,True
quantum,finnhub,qwen,regex,1,467,pe_ratio,pe_ratio,qwen_semantic,FALSE_POSITIVE,True
quantum,finnhub,qwen,regex,1,467,previous_close,previous_close,qwen_semantic,FALSE_POSITIVE,True
quantum,finnhub,qwen,regex,1,476,sector,sector,qwen_semantic,FALSE_POSITIVE,True
quantum,finnhub,qwen,regex,1,476,current_price,current_price,qwen_semantic,FALSE_POSITIVE,True
quantum,finnhub,qwen,regex,1,476,avg_volume,avg_volume,qwen_semantic,FALSE_POSITIVE,True
quantum,finnhub,qwen,regex,1,476,industry,industry,qwen_semantic,FALSE_POSITIVE,True
quantum,finnhub,qwen,regex,1,476,open,open,qwen_semantic,FALSE_POSITIVE,True
quantum,finnhub,qwen,regex,1,476,low,low,qwen_semantic,FALSE_POSITIVE,True
quantum,finnhub,qwen,regex,1,476,change,change,qwen_semantic,FALSE_POSITIVE,True
quantum,finnhub,qwen,regex,1,476,market_cap,market_cap,qwen_semantic,FALSE_POSITIVE,True
quantum,finnhub,qwen,regex,1,476,beta,beta,qwen_semantic,FALSE_POSITIVE,True
quantum,finnhub,qwen,regex,1,476,52w_low,low,qwen_semantic,FALSE_POSITIVE,True
quantum,finnhub,qwen,regex,1,476,symbol,symbol,qwen_semantic,FALSE_POSITIVE,True
quantum,finnhub,qwen,regex,1,476,volume,avg_volume,qwen_semantic,FALSE_POSITIVE,True
quantum,finnhub,qwen,regex,1,476,dividend_yield,dividend_yield,qwen_semantic,FALSE_POSITIVE,True
quantum,finnhub,qwen,regex,1,476,high,high,qwen_semantic,FALSE_POSITIVE,True
quantum,finnhub,qwen,regex,1,476,timestamp,ts,qwen_semantic,SUCCESS,True
quantum,finnhub,qwen,regex,1,476,percent_change,change,qwen_semantic,FALSE_POSITIVE,True
quantum,finnhub,qwen,regex,1,476,52w_high,high,qwen_semantic,FALSE_POSITIVE,True
quantum,finnhub,qwen,regex,1,476,pe_ratio,pe_ratio,qwen_semantic,FALSE_POSITIVE,True
quantum,finnhub,qwen,regex,1,476,previous_close,previous_close,qwen_semantic,FALSE_POSITIVE,True
quantum,spacex,qwen,bert,1,4,mission_name,mission_name,qwen_semantic,FALSE_POSITIVE,True
quantum,spacex,qwen,bert,1,4,launch_date_utc,launch_date_utc,qwen_semantic,FALSE_POSITIVE,True
quantum,spacex,qwen,bert,1,4,rocket_id,rocket_id,qwen_semantic,FALSE_POSITIVE,True
quantum,spacex,qwen,bert,1,4,launch_success,launch_success,qwen_semantic,FALSE_POSITIVE,True
quantum,spacex,qwen,bert,1,4,upcoming,upcoming,qwen_semantic,FALSE_POSITIVE,True
quantum,spacex,qwen,bert,1,4,static_fire_date_utc,static_fire_date_utc,qwen_semantic,FALSE_POSITIVE,True
quantum,spacex,qwen,bert,1,4,net_duration,net_duration,qwen_semantic,FALSE_POSITIVE,True
quantum,spacex,qwen,bert,1,4,window_start,window_start,qwen_semantic,FALSE_POSITIVE,True
quantum,spacex,qwen,bert,1,4,window_end,window_end,qwen_semantic,FALSE_POSITIVE,True
quantum,spacex,qwen,bert,1,4,failure_count,failure_count,qwen_semantic,FALSE_POSITIVE,True
quantum,spacex,qwen,bert,1,4,failure_reasons,failure_reasons,qwen_semantic,FALSE_POSITIVE,True
quantum,spacex,qwen,bert,1,4,payload_count,payload_count,qwen_semantic,FALSE_POSITIVE,True
quantum,spacex,qwen,bert,1,4,payload_ids,payload_ids,qwen_semantic,FALSE_POSITIVE,True
quantum,spacex,qwen,bert,1,4,payload_mass_kg,payload_mass_kg,qwen_semantic,FALSE_POSITIVE,True
quantum,spacex,qwen,bert,1,4,payload_type,payload_type,qwen_semantic,FALSE_POSITIVE,True
quantum,spacex,qwen,bert,1,4,crew_count,crew_count,qwen_semantic,FALSE_POSITIVE,True
quantum,spacex,qwen,bert,1,4,launch_site,launch_site,qwen_semantic,FALSE_POSITIVE,True
quantum,spacex,qwen,bert,1,4,auto_payload,auto_payload,qwen_semantic,FALSE_POSITIVE,True
quantum,spacex,qwen,bert,1,4,tbd,tbd,qwen_semantic,FALSE_POSITIVE,True
quantum,spacex,qwen,bert,1,4,gridfins,gridfins,qwen_semantic,FALSE_POSITIVE,True
quantum,spacex,qwen,bert,1,4,legs,legs,qwen_semantic,FALSE_POSITIVE,True
quantum,spacex,qwen,bert,1,4,reused,reused,qwen_semantic,FALSE_POSITIVE,True
quantum,spacex,qwen,bert,1,4,fairings_reused,fairings_reused,qwen_semantic,FALSE_POSITIVE,True
quantum,spacex,qwen,bert,1,4,fairings_recovery_attempt,fairings_recovery_attempt,qwen_semantic,FALSE_POSITIVE,True
quantum,spacex,qwen,bert,1,4,cores_reused,cores_reused,qwen_semantic,FALSE_POSITIVE,True
quantum,spacex,qwen,bert,1,4,capsules,capsules,qwen_semantic,FALSE_POSITIVE,True
quantum,spacex,qwen,bert,1,4,flight_number,flight_number,qwen_semantic,FALSE_POSITIVE,True
quantum,spacex,qwen,bert,1,4,ships,,qwen_semantic,FAILURE,True
quantum,spacex,qwen,bert,1,14,mission_name,mission_name,qwen_semantic,FALSE_POSITIVE,True
quantum,spacex,qwen,bert,1,14,launch_date_utc,launch_date_utc,qwen_semantic,FALSE_POSITIVE,True
quantum,spacex,qwen,bert,1,14,rocket_id,rocket_id,qwen_semantic,FALSE_POSITIVE,True
quantum,spacex,qwen,bert,1,14,launch_success,launch_success,qwen_semantic,FALSE_POSITIVE,True
quantum,spacex,qwen,bert,1,14,upcoming,upcoming,qwen_semantic,FALSE_POSITIVE,True
quantum,spacex,qwen,bert,1,14,static_fire_date_utc,static_fire_date_utc,qwen_semantic,FALSE_POSITIVE,True
quantum,spacex,qwen,bert,1,14,net_duration,net_duration,qwen_semantic,FALSE_POSITIVE,True
quantum,spacex,qwen,bert,1,14,window_start,window_start,qwen_semantic,FALSE_POSITIVE,True
quantum,spacex,qwen,bert,1,14,window_end,window_end,qwen_semantic,FALSE_POSITIVE,True
quantum,spacex,qwen,bert,1,14,failure_count,failure_count,qwen_semantic,FALSE_POSITIVE,True
quantum,spacex,qwen,bert,1,14,failure_reasons,failure_reasons,qwen_semantic,FALSE_POSITIVE,True
quantum,spacex,qwen,bert,1,14,payload_count,payload_count,qwen_semantic,FALSE_POSITIVE,True
quantum,spacex,qwen,bert,1,14,payload_ids,payload_ids,qwen_semantic,FALSE_POSITIVE,True
quantum,spacex,qwen,bert,1,14,payload_mass_kg,payload_mass_kg,qwen_semantic,FALSE_POSITIVE,True
quantum,spacex,qwen,bert,1,14,payload_type,payload_type,qwen_semantic,FALSE_POSITIVE,True
quantum,spacex,qwen,bert,1,14,crew_count,crew_count,qwen_semantic,FALSE_POSITIVE,True
quantum,spacex,qwen,bert,1,14,launch_site,launch_site,qwen_semantic,FALSE_POSITIVE,True
quantum,spacex,qwen,bert,1,14,auto_payload,auto_payload,qwen_semantic,FALSE_POSITIVE,True
quantum,spacex,qwen,bert,1,14,tbd,tbd,qwen_semantic,FALSE_POSITIVE,True
quantum,spacex,qwen,bert,1,14,gridfins,gridfins,qwen_semantic,FALSE_POSITIVE,True
quantum,spacex,qwen,bert,1,14,legs,legs,qwen_semantic,FALSE_POSITIVE,True
quantum,spacex,qwen,bert,1,14,reused,reused,qwen_semantic,FALSE_POSITIVE,True
quantum,spacex,qwen,bert,1,14,fairings_reused,fairings_reused,qwen_semantic,FALSE_POSITIVE,True
quantum,spacex,qwen,bert,1,14,fairings_recovery_attempt,fairings_recovery_attempt,qwen_semantic,FALSE_POSITIVE,True
quantum,spacex,qwen,bert,1,14,cores_reused,cores_reused_alt,qwen_semantic,SUCCESS,True
quantum,spacex,qwen,bert,1,14,ships,ships,qwen_semantic,FALSE_POSITIVE,True
quantum,spacex,qwen,bert,1,14,capsules,capsules,qwen_semantic,FALSE_POSITIVE,True
quantum,spacex,qwen,bert,1,14,flight_number,flight_number,qwen_semantic,FALSE_POSITIVE,True
quantum,spacex,qwen,bert,1,26,mission_name,mission_name_alt,qwen_semantic,SUCCESS,True
quantum,spacex,qwen,bert,1,26,launch_date_utc,launch_date_utc,qwen_semantic,FALSE_POSITIVE,True
quantum,spacex,qwen,bert,1,26,rocket_id,rocket_id,qwen_semantic,FALSE_POSITIVE,True
quantum,spacex,qwen,bert,1,26,launch_success,launch_success,qwen_semantic,FALSE_POSITIVE,True
quantum,spacex,qwen,bert,1,26,upcoming,upcoming,qwen_semantic,FALSE_POSITIVE,True
quantum,spacex,qwen,bert,1,26,static_fire_date_utc,static_fire_date_utc,qwen_semantic,FALSE_POSITIVE,True
quantum,spacex,qwen,bert,1,26,net_duration,net_duration,qwen_semantic,FALSE_POSITIVE,True
quantum,spacex,qwen,bert,1,26,window_start,window_start,qwen_semantic,FALSE_POSITIVE,True
quantum,spacex,qwen,bert,1,26,window_end,window_end,qwen_semantic,FALSE_POSITIVE,True
quantum,spacex,qwen,bert,1,26,failure_count,failure_count,qwen_semantic,FALSE_POSITIVE,True
quantum,spacex,qwen,bert,1,26,failure_reasons,failure_reasons,qwen_semantic,FALSE_POSITIVE,True
quantum,spacex,qwen,bert,1,26,payload_count,payload_count,qwen_semantic,FALSE_POSITIVE,True
quantum,spacex,qwen,bert,1,26,payload_ids,payload_ids,qwen_semantic,FALSE_POSITIVE,True
quantum,spacex,qwen,bert,1,26,payload_mass_kg,payload_mass_kg,qwen_semantic,FALSE_POSITIVE,True
quantum,spacex,qwen,bert,1,26,payload_type,payload_type,qwen_semantic,FALSE_POSITIVE,True
quantum,spacex,qwen,bert,1,26,crew_count,crew_count,qwen_semantic,FALSE_POSITIVE,True
quantum,spacex,qwen,bert,1,26,launch_site,launch_site,qwen_semantic,FALSE_POSITIVE,True
quantum,spacex,qwen,bert,1,26,auto_payload,auto_payload,qwen_semantic,FALSE_POSITIVE,True
quantum,spacex,qwen,bert,1,26,tbd,tbd,qwen_semantic,FALSE_POSITIVE,True
quantum,spacex,qwen,bert,1,26,gridfins,gridfins,qwen_semantic,FALSE_POSITIVE,True
quantum,spacex,qwen,bert,1,26,legs,legs,qwen_semantic,FALSE_POSITIVE,True
quantum,spacex,qwen,bert,1,26,reused,reused,qwen_semantic,FALSE_POSITIVE,True
quantum,spacex,qwen,bert,1,26,fairings_reused,fairings_reused,qwen_semantic,FALSE_POSITIVE,True
quantum,spacex,qwen,bert,1,26,fairings_recovery_attempt,fairings_recovery_attempt,qwen_semantic,FALSE_POSITIVE,True
quantum,spacex,qwen,bert,1,26,cores_reused,cores_reused,qwen_semantic,FALSE_POSITIVE,True
quantum,spacex,qwen,bert,1,26,ships,ships,qwen_semantic,FALSE_POSITIVE,True
quantum,spacex,qwen,bert,1,26,capsules,capsules,qwen_semantic,FALSE_POSITIVE,True
quantum,spacex,qwen,bert,1,26,flight_number,flight_number,qwen_semantic,FALSE_POSITIVE,True
quantum,spacex,qwen,bert,1,48,mission_name,mission_name,qwen_semantic,FALSE_POSITIVE,True
quantum,spacex,qwen,bert,1,48,launch_date_utc,launch_date_utc,qwen_semantic,FALSE_POSITIVE,True
quantum,spacex,qwen,bert,1,48,rocket_id,rocket_id,qwen_semantic,FALSE_POSITIVE,True
quantum,spacex,qwen,bert,1,48,launch_success,launch_success,qwen_semantic,FALSE_POSITIVE,True
quantum,spacex,qwen,bert,1,48,upcoming,upcoming,qwen_semantic,FALSE_POSITIVE,True
quantum,spacex,qwen,bert,1,48,static_fire_date_utc,static_fire_date_utc,qwen_semantic,FALSE_POSITIVE,True
quantum,spacex,qwen,bert,1,48,net_duration,net_duration,qwen_semantic,FALSE_POSITIVE,True
quantum,spacex,qwen,bert,1,48,window_start,window_start,qwen_semantic,FALSE_POSITIVE,True
quantum,spacex,qwen,bert,1,48,window_end,window_end,qwen_semantic,FALSE_POSITIVE,True
quantum,spacex,qwen,bert,1,48,failure_count,failure_count,qwen_semantic,FALSE_POSITIVE,True
quantum,spacex,qwen,bert,1,48,failure_reasons,failure_reasons,qwen_semantic,FALSE_POSITIVE,True
quantum,spacex,qwen,bert,1,48,payload_count,payload_count,qwen_semantic,FALSE_POSITIVE,True
quantum,spacex,qwen,bert,1,48,payload_ids,payload_ids,qwen_semantic,FALSE_POSITIVE,True
quantum,spacex,qwen,bert,1,48,payload_mass_kg,payload_mass_kg,qwen_semantic,FALSE_POSITIVE,True
quantum,spacex,qwen,bert,1,48,payload_type,payload_type,qwen_semantic,FALSE_POSITIVE,True
quantum,spacex,qwen,bert,1,48,crew_count,crew_count,qwen_semantic,FALSE_POSITIVE,True
quantum,spacex,qwen,bert,1,48,launch_site,launch_site,qwen_semantic,FALSE_POSITIVE,True
quantum,spacex,qwen,bert,1,48,auto_payload,auto_payload,qwen_semantic,FALSE_POSITIVE,True
quantum,spacex,qwen,bert,1,48,tbd,tbd,qwen_semantic,FALSE_POSITIVE,True
quantum,spacex,qwen,bert,1,48,gridfins,gridfins,qwen_semantic,FALSE_POSITIVE,True
quantum,spacex,qwen,bert,1,48,reused,reused,qwen_semantic,FALSE_POSITIVE,True
quantum,spacex,qwen,bert,1,48,fairings_reused,fairings_reused,qwen_semantic,FALSE_POSITIVE,True
quantum,spacex,qwen,bert,1,48,fairings_recovery_attempt,fairings_recovery_attempt,qwen_semantic,FALSE_POSITIVE,True
quantum,spacex,qwen,bert,1,48,cores_reused,cores_reused,qwen_semantic,FALSE_POSITIVE,True
quantum,spacex,qwen,bert,1,48,ships,ships,qwen_semantic,FALSE_POSITIVE,True
quantum,spacex,qwen,bert,1,48,capsules,capsules,qwen_semantic,FALSE_POSITIVE,True
quantum,spacex,qwen,bert,1,48,flight_number,flight_number,qwen_semantic,FALSE_POSITIVE,True
quantum,spacex,qwen,bert,1,48,legs,,qwen_semantic,FAILURE,True
quantum,spacex,qwen,bert,1,140,mission_name,mission_name,qwen_semantic,FALSE_POSITIVE,True
quantum,spacex,qwen,bert,1,140,launch_date_utc,launch_date_utc,qwen_semantic,FALSE_POSITIVE,True
quantum,spacex,qwen,bert,1,140,rocket_id,rocket_id,qwen_semantic,FALSE_POSITIVE,True
quantum,spacex,qwen,bert,1,140,launch_success,launch_success,qwen_semantic,FALSE_POSITIVE,True
quantum,spacex,qwen,bert,1,140,upcoming,upcoming,qwen_semantic,FALSE_POSITIVE,True
quantum,spacex,qwen,bert,1,140,static_fire_date_utc,static_fire_date_utc,qwen_semantic,FALSE_POSITIVE,True
quantum,spacex,qwen,bert,1,140,net_duration,net_duration_alt,qwen_semantic,SUCCESS,True
quantum,spacex,qwen,bert,1,140,window_start,window_start,qwen_semantic,FALSE_POSITIVE,True
quantum,spacex,qwen,bert,1,140,window_end,window_end,qwen_semantic,FALSE_POSITIVE,True
quantum,spacex,qwen,bert,1,140,failure_count,failure_count,qwen_semantic,FALSE_POSITIVE,True
quantum,spacex,qwen,bert,1,140,failure_reasons,failure_reasons,qwen_semantic,FALSE_POSITIVE,True
quantum,spacex,qwen,bert,1,140,payload_count,payload_count,qwen_semantic,FALSE_POSITIVE,True
quantum,spacex,qwen,bert,1,140,payload_ids,payload_ids,qwen_semantic,FALSE_POSITIVE,True
quantum,spacex,qwen,bert,1,140,payload_mass_kg,payload_mass_kg,qwen_semantic,FALSE_POSITIVE,True
quantum,spacex,qwen,bert,1,140,payload_type,payload_type,qwen_semantic,FALSE_POSITIVE,True
quantum,spacex,qwen,bert,1,140,crew_count,crew_count,qwen_semantic,FALSE_POSITIVE,True
quantum,spacex,qwen,bert,1,140,launch_site,launch_site,qwen_semantic,FALSE_POSITIVE,True
quantum,spacex,qwen,bert,1,140,auto_payload,auto_payload,qwen_semantic,FALSE_POSITIVE,True
quantum,spacex,qwen,bert,1,140,tbd,tbd,qwen_semantic,FALSE_POSITIVE,True
quantum,spacex,qwen,bert,1,140,gridfins,gridfins,qwen_semantic,FALSE_POSITIVE,True
quantum,spacex,qwen,bert,1,140,legs,legs,qwen_semantic,FALSE_POSITIVE,True
quantum,spacex,qwen,bert,1,140,reused,reused,qwen_semantic,FALSE_POSITIVE,True
quantum,spacex,qwen,bert,1,140,fairings_reused,fairings_reused,qwen_semantic,FALSE_POSITIVE,True
quantum,spacex,qwen,bert,1,140,fairings_recovery_attempt,fairings_recovery_attempt,qwen_semantic,FALSE_POSITIVE,True
quantum,spacex,qwen,bert,1,140,cores_reused,cores_reused,qwen_semantic,FALSE_POSITIVE,True
quantum,spacex,qwen,bert,1,140,ships,ships,qwen_semantic,FALSE_POSITIVE,True
quantum,spacex,qwen,bert,1,140,capsules,capsules,qwen_semantic,FALSE_POSITIVE,True
quantum,spacex,qwen,bert,1,140,flight_number,flight_number,qwen_semantic,FALSE_POSITIVE,True
quantum,spacex,qwen,bert,1,145,mission_name,mission_name,qwen_semantic,FALSE_POSITIVE,True
quantum,spacex,qwen,bert,1,145,launch_date_utc,launch_date_utc,qwen_semantic,FALSE_POSITIVE,True
quantum,spacex,qwen,bert,1,145,rocket_id,rocket_id,qwen_semantic,FALSE_POSITIVE,True
quantum,spacex,qwen,bert,1,145,launch_success,launch_success,qwen_semantic,FALSE_POSITIVE,True
quantum,spacex,qwen,bert,1,145,upcoming,upcoming,qwen_semantic,FALSE_POSITIVE,True
quantum,spacex,qwen,bert,1,145,static_fire_date_utc,static_fire_date_utc,qwen_semantic,FALSE_POSITIVE,True
quantum,spacex,qwen,bert,1,145,net_duration,net_duration,qwen_semantic,FALSE_POSITIVE,True
quantum,spacex,qwen,bert,1,145,window_start,window_start,qwen_semantic,FALSE_POSITIVE,True
quantum,spacex,qwen,bert,1,145,window_end,window_end,qwen_semantic,FALSE_POSITIVE,True
quantum,spacex,qwen,bert,1,145,failure_count,failure_count,qwen_semantic,FALSE_POSITIVE,True
quantum,spacex,qwen,bert,1,145,failure_reasons,failure_reasons,qwen_semantic,FALSE_POSITIVE,True
quantum,spacex,qwen,bert,1,145,payload_count,payload_count,qwen_semantic,FALSE_POSITIVE,True
quantum,spacex,qwen,bert,1,145,payload_ids,payload_ids,qwen_semantic,FALSE_POSITIVE,True
quantum,spacex,qwen,bert,1,145,payload_mass_kg,payload_mass_kg,qwen_semantic,FALSE_POSITIVE,True
quantum,spacex,qwen,bert,1,145,payload_type,payload_type,qwen_semantic,FALSE_POSITIVE,True
quantum,spacex,qwen,bert,1,145,crew_count,crew_count,qwen_semantic,FALSE_POSITIVE,True
quantum,spacex,qwen,bert,1,145,launch_site,launch_site,qwen_semantic,FALSE_POSITIVE,True
quantum,spacex,qwen,bert,1,145,auto_payload,auto_payload,qwen_semantic,FALSE_POSITIVE,True
quantum,spacex,qwen,bert,1,145,tbd,tbd,qwen_semantic,FALSE_POSITIVE,True
quantum,spacex,qwen,bert,1,145,gridfins,gridfins,qwen_semantic,FALSE_POSITIVE,True
quantum,spacex,qwen,bert,1,145,legs,legs,qwen_semantic,FALSE_POSITIVE,True
quantum,spacex,qwen,bert,1,145,fairings_reused,fairings_reused,qwen_semantic,FALSE_POSITIVE,True
quantum,spacex,qwen,bert,1,145,fairings_recovery_attempt,fairings_recovery_attempt,qwen_semantic,FALSE_POSITIVE,True
quantum,spacex,qwen,bert,1,145,cores_reused,cores_reused,qwen_semantic,FALSE_POSITIVE,True
quantum,spacex,qwen,bert,1,145,ships,ships,qwen_semantic,FALSE_POSITIVE,True
quantum,spacex,qwen,bert,1,145,capsules,capsules,qwen_semantic,FALSE_POSITIVE,True
quantum,spacex,qwen,bert,1,145,flight_number,flight_number,qwen_semantic,FALSE_POSITIVE,True
quantum,spacex,qwen,bert,1,145,reused,,qwen_semantic,FAILURE,True
quantum,spacex,qwen,bert,1,191,mission_name,mission_name,qwen_semantic,FALSE_POSITIVE,True
quantum,spacex,qwen,bert,1,191,launch_date_utc,launch_date_utc,qwen_semantic,FALSE_POSITIVE,True
quantum,spacex,qwen,bert,1,191,rocket_id,rocket_id,qwen_semantic,FALSE_POSITIVE,True
quantum,spacex,qwen,bert,1,191,launch_success,launch_success,qwen_semantic,FALSE_POSITIVE,True
quantum,spacex,qwen,bert,1,191,upcoming,upcoming,qwen_semantic,FALSE_POSITIVE,True
quantum,spacex,qwen,bert,1,191,static_fire_date_utc,static_fire_date_utc,qwen_semantic,FALSE_POSITIVE,True
quantum,spacex,qwen,bert,1,191,net_duration,net_duration,qwen_semantic,FALSE_POSITIVE,True
quantum,spacex,qwen,bert,1,191,window_start,window_start,qwen_semantic,FALSE_POSITIVE,True
quantum,spacex,qwen,bert,1,191,window_end,window_end,qwen_semantic,FALSE_POSITIVE,True
quantum,spacex,qwen,bert,1,191,failure_count,failure_count,qwen_semantic,FALSE_POSITIVE,True
quantum,spacex,qwen,bert,1,191,failure_reasons,failure_reasons,qwen_semantic,FALSE_POSITIVE,True
quantum,spacex,qwen,bert,1,191,payload_count,payload_count,qwen_semantic,FALSE_POSITIVE,True
quantum,spacex,qwen,bert,1,191,payload_ids,payload_ids,qwen_semantic,FALSE_POSITIVE,True
quantum,spacex,qwen,bert,1,191,payload_mass_kg,payload_mass_kg,qwen_semantic,FALSE_POSITIVE,True
quantum,spacex,qwen,bert,1,191,payload_type,payload_type,qwen_semantic,FALSE_POSITIVE,True
quantum,spacex,qwen,bert,1,191,crew_count,crew_count,qwen_semantic,FALSE_POSITIVE,True
quantum,spacex,qwen,bert,1,191,launch_site,launch_site,qwen_semantic,FALSE_POSITIVE,True
quantum,spacex,qwen,bert,1,191,auto_payload,auto_payload,qwen_semantic,FALSE_POSITIVE,True
quantum,spacex,qwen,bert,1,191,tbd,tbd,qwen_semantic,FALSE_POSITIVE,True
quantum,spacex,qwen,bert,1,191,gridfins,gridfins,qwen_semantic,FALSE_POSITIVE,True
quantum,spacex,qwen,bert,1,191,legs,legs,qwen_semantic,FALSE_POSITIVE,True
quantum,spacex,qwen,bert,1,191,reused,reused,qwen_semantic,FALSE_POSITIVE,True
quantum,spacex,qwen,bert,1,191,fairings_reused,fairings_reused_alt,qwen_semantic,SUCCESS,True
quantum,spacex,qwen,bert,1,191,fairings_recovery_attempt,fairings_recovery_attempt,qwen_semantic,FALSE_POSITIVE,True
quantum,spacex,qwen,bert,1,191,cores_reused,cores_reused,qwen_semantic,FALSE_POSITIVE,True
quantum,spacex,qwen,bert,1,191,ships,ships,qwen_semantic,FALSE_POSITIVE,True
quantum,spacex,qwen,bert,1,191,capsules,capsules,qwen_semantic,FALSE_POSITIVE,True
quantum,spacex,qwen,bert,1,191,flight_number,flight_number,qwen_semantic,FALSE_POSITIVE,True
quantum,spacex,qwen,bert,1,206,mission_name,mission_name,qwen_semantic,FALSE_POSITIVE,True
quantum,spacex,qwen,bert,1,206,launch_date_utc,launch_date_utc,qwen_semantic,FALSE_POSITIVE,True
quantum,spacex,qwen,bert,1,206,rocket_id,rocket_id,qwen_semantic,FALSE_POSITIVE,True
quantum,spacex,qwen,bert,1,206,launch_success,launch_success,qwen_semantic,FALSE_POSITIVE,True
quantum,spacex,qwen,bert,1,206,upcoming,upcoming,qwen_semantic,FALSE_POSITIVE,True
quantum,spacex,qwen,bert,1,206,static_fire_date_utc,static_fire_date_utc,qwen_semantic,FALSE_POSITIVE,True
quantum,spacex,qwen,bert,1,206,net_duration,net_duration,qwen_semantic,FALSE_POSITIVE,True
quantum,spacex,qwen,bert,1,206,window_start,window_start,qwen_semantic,FALSE_POSITIVE,True
quantum,spacex,qwen,bert,1,206,window_end,window_end_alt,qwen_semantic,SUCCESS,True
quantum,spacex,qwen,bert,1,206,failure_count,failure_count,qwen_semantic,FALSE_POSITIVE,True
quantum,spacex,qwen,bert,1,206,failure_reasons,failure_reasons,qwen_semantic,FALSE_POSITIVE,True
quantum,spacex,qwen,bert,1,206,payload_count,payload_count,qwen_semantic,FALSE_POSITIVE,True
quantum,spacex,qwen,bert,1,206,payload_ids,payload_ids,qwen_semantic,FALSE_POSITIVE,True
quantum,spacex,qwen,bert,1,206,payload_mass_kg,payload_mass_kg,qwen_semantic,FALSE_POSITIVE,True
quantum,spacex,qwen,bert,1,206,payload_type,payload_type,qwen_semantic,FALSE_POSITIVE,True
quantum,spacex,qwen,bert,1,206,crew_count,crew_count,qwen_semantic,FALSE_POSITIVE,True
quantum,spacex,qwen,bert,1,206,launch_site,launch_site,qwen_semantic,FALSE_POSITIVE,True
quantum,spacex,qwen,bert,1,206,auto_payload,auto_payload,qwen_semantic,FALSE_POSITIVE,True
quantum,spacex,qwen,bert,1,206,tbd,tbd,qwen_semantic,FALSE_POSITIVE,True
quantum,spacex,qwen,bert,1,206,gridfins,gridfins,qwen_semantic,FALSE_POSITIVE,True
quantum,spacex,qwen,bert,1,206,legs,legs,qwen_semantic,FALSE_POSITIVE,True
quantum,spacex,qwen,bert,1,206,reused,reused,qwen_semantic,FALSE_POSITIVE,True
quantum,spacex,qwen,bert,1,206,fairings_reused,fairings_reused,qwen_semantic,FALSE_POSITIVE,True
quantum,spacex,qwen,bert,1,206,fairings_recovery_attempt,fairings_recovery_attempt,qwen_semantic,FALSE_POSITIVE,True
quantum,spacex,qwen,bert,1,206,cores_reused,cores_reused,qwen_semantic,FALSE_POSITIVE,True
quantum,spacex,qwen,bert,1,206,ships,ships,qwen_semantic,FALSE_POSITIVE,True
quantum,spacex,qwen,bert,1,206,capsules,capsules,qwen_semantic,FALSE_POSITIVE,True
quantum,spacex,qwen,bert,1,206,flight_number,flight_number,qwen_semantic,FALSE_POSITIVE,True
quantum,spacex,qwen,bert,1,209,mission_name,mission_name,qwen_semantic,FALSE_POSITIVE,True
quantum,spacex,qwen,bert,1,209,launch_date_utc,launch_date_utc,qwen_semantic,FALSE_POSITIVE,True
quantum,spacex,qwen,bert,1,209,rocket_id,rocket_id,qwen_semantic,FALSE_POSITIVE,True
quantum,spacex,qwen,bert,1,209,launch_success,launch_success,qwen_semantic,FALSE_POSITIVE,True
quantum,spacex,qwen,bert,1,209,upcoming,upcoming,qwen_semantic,FALSE_POSITIVE,True
quantum,spacex,qwen,bert,1,209,static_fire_date_utc,static_fire_date_utc,qwen_semantic,FALSE_POSITIVE,True
quantum,spacex,qwen,bert,1,209,net_duration,net_duration,qwen_semantic,FALSE_POSITIVE,True
quantum,spacex,qwen,bert,1,209,window_start,window_start,qwen_semantic,FALSE_POSITIVE,True
quantum,spacex,qwen,bert,1,209,window_end,window_end,qwen_semantic,FALSE_POSITIVE,True
quantum,spacex,qwen,bert,1,209,failure_count,failure_count,qwen_semantic,FALSE_POSITIVE,True
quantum,spacex,qwen,bert,1,209,failure_reasons,failure_reasons,qwen_semantic,FALSE_POSITIVE,True
quantum,spacex,qwen,bert,1,209,payload_count,payload_count,qwen_semantic,FALSE_POSITIVE,True
quantum,spacex,qwen,bert,1,209,payload_ids,payload_ids,qwen_semantic,FALSE_POSITIVE,True
quantum,spacex,qwen,bert,1,209,payload_mass_kg,payload_mass_kg,qwen_semantic,FALSE_POSITIVE,True
quantum,spacex,qwen,bert,1,209,payload_type,payload_type,qwen_semantic,FALSE_POSITIVE,True
quantum,spacex,qwen,bert,1,209,crew_count,crew_count,qwen_semantic,FALSE_POSITIVE,True
quantum,spacex,qwen,bert,1,209,launch_site,launch_site,qwen_semantic,FALSE_POSITIVE,True
quantum,spacex,qwen,bert,1,209,auto_payload,auto_payload,qwen_semantic,FALSE_POSITIVE,True
quantum,spacex,qwen,bert,1,209,tbd,tbd,qwen_semantic,FALSE_POSITIVE,True
quantum,spacex,qwen,bert,1,209,legs,legs,qwen_semantic,FALSE_POSITIVE,True
quantum,spacex,qwen,bert,1,209,reused,reused,qwen_semantic,FALSE_POSITIVE,True
quantum,spacex,qwen,bert,1,209,fairings_reused,fairings_reused,qwen_semantic,FALSE_POSITIVE,True
quantum,spacex,qwen,bert,1,209,fairings_recovery_attempt,fairings_recovery_attempt,qwen_semantic,FALSE_POSITIVE,True
quantum,spacex,qwen,bert,1,209,cores_reused,cores_reused,qwen_semantic,FALSE_POSITIVE,True
quantum,spacex,qwen,bert,1,209,ships,ships,qwen_semantic,FALSE_POSITIVE,True
quantum,spacex,qwen,bert,1,209,capsules,capsules,qwen_semantic,FALSE_POSITIVE,True
quantum,spacex,qwen,bert,1,209,flight_number,flight_number,qwen_semantic,FALSE_POSITIVE,True
quantum,spacex,qwen,bert,1,209,gridfins,,qwen_semantic,FAILURE,True
quantum,spacex,qwen,bert,1,211,mission_name,mission_name,qwen_semantic,FALSE_POSITIVE,True
quantum,spacex,qwen,bert,1,211,launch_date_utc,launch_date_utc,qwen_semantic,FALSE_POSITIVE,True
quantum,spacex,qwen,bert,1,211,rocket_id,rocket_id_alt,qwen_semantic,SUCCESS,True
quantum,spacex,qwen,bert,1,211,launch_success,launch_success,qwen_semantic,FALSE_POSITIVE,True
quantum,spacex,qwen,bert,1,211,upcoming,upcoming,qwen_semantic,FALSE_POSITIVE,True
quantum,spacex,qwen,bert,1,211,static_fire_date_utc,static_fire_date_utc,qwen_semantic,FALSE_POSITIVE,True
quantum,spacex,qwen,bert,1,211,net_duration,net_duration,qwen_semantic,FALSE_POSITIVE,True
quantum,spacex,qwen,bert,1,211,window_start,window_start,qwen_semantic,FALSE_POSITIVE,True
quantum,spacex,qwen,bert,1,211,window_end,window_end,qwen_semantic,FALSE_POSITIVE,True
quantum,spacex,qwen,bert,1,211,failure_count,failure_count,qwen_semantic,FALSE_POSITIVE,True
quantum,spacex,qwen,bert,1,211,failure_reasons,failure_reasons,qwen_semantic,FALSE_POSITIVE,True
quantum,spacex,qwen,bert,1,211,payload_count,payload_count,qwen_semantic,FALSE_POSITIVE,True
quantum,spacex,qwen,bert,1,211,payload_ids,payload_ids,qwen_semantic,FALSE_POSITIVE,True
quantum,spacex,qwen,bert,1,211,payload_mass_kg,payload_mass_kg,qwen_semantic,FALSE_POSITIVE,True
quantum,spacex,qwen,bert,1,211,payload_type,payload_type,qwen_semantic,FALSE_POSITIVE,True
quantum,spacex,qwen,bert,1,211,crew_count,crew_count,qwen_semantic,FALSE_POSITIVE,True
quantum,spacex,qwen,bert,1,211,launch_site,launch_site,qwen_semantic,FALSE_POSITIVE,True
quantum,spacex,qwen,bert,1,211,auto_payload,auto_payload,qwen_semantic,FALSE_POSITIVE,True
quantum,spacex,qwen,bert,1,211,tbd,tbd,qwen_semantic,FALSE_POSITIVE,True
quantum,spacex,qwen,bert,1,211,gridfins,gridfins,qwen_semantic,FALSE_POSITIVE,True
quantum,spacex,qwen,bert,1,211,legs,legs,qwen_semantic,FALSE_POSITIVE,True
quantum,spacex,qwen,bert,1,211,reused,reused,qwen_semantic,FALSE_POSITIVE,True
quantum,spacex,qwen,bert,1,211,fairings_reused,fairings_reused,qwen_semantic,FALSE_POSITIVE,True
quantum,spacex,qwen,bert,1,211,fairings_recovery_attempt,fairings_recovery_attempt,qwen_semantic,FALSE_POSITIVE,True
quantum,spacex,qwen,bert,1,211,cores_reused,cores_reused,qwen_semantic,FALSE_POSITIVE,True
quantum,spacex,qwen,bert,1,211,ships,ships,qwen_semantic,FALSE_POSITIVE,True
quantum,spacex,qwen,bert,1,211,capsules,capsules,qwen_semantic,FALSE_POSITIVE,True
quantum,spacex,qwen,bert,1,211,flight_number,flight_number,qwen_semantic,FALSE_POSITIVE,True
quantum,spacex,qwen,bert,1,223,mission_name,mission_name,qwen_semantic,FALSE_POSITIVE,True
quantum,spacex,qwen,bert,1,223,launch_date_utc,launch_date_utc,qwen_semantic,FALSE_POSITIVE,True
quantum,spacex,qwen,bert,1,223,rocket_id,rocket_id,qwen_semantic,FALSE_POSITIVE,True
quantum,spacex,qwen,bert,1,223,launch_success,launch_success,qwen_semantic,FALSE_POSITIVE,True
quantum,spacex,qwen,bert,1,223,upcoming,upcoming,qwen_semantic,FALSE_POSITIVE,True
quantum,spacex,qwen,bert,1,223,static_fire_date_utc,static_fire_date_utc,qwen_semantic,FALSE_POSITIVE,True
quantum,spacex,qwen,bert,1,223,net_duration,net_duration,qwen_semantic,FALSE_POSITIVE,True
quantum,spacex,qwen,bert,1,223,window_start,window_start,qwen_semantic,FALSE_POSITIVE,True
quantum,spacex,qwen,bert,1,223,window_end,window_end,qwen_semantic,FALSE_POSITIVE,True
quantum,spacex,qwen,bert,1,223,failure_count,failure_count,qwen_semantic,FALSE_POSITIVE,True
quantum,spacex,qwen,bert,1,223,failure_reasons,failure_reasons,qwen_semantic,FALSE_POSITIVE,True
quantum,spacex,qwen,bert,1,223,payload_count,payload_count,qwen_semantic,FALSE_POSITIVE,True
quantum,spacex,qwen,bert,1,223,payload_ids,payload_ids,qwen_semantic,FALSE_POSITIVE,True
quantum,spacex,qwen,bert,1,223,payload_mass_kg,payload_mass_kg,qwen_semantic,FALSE_POSITIVE,True
quantum,spacex,qwen,bert,1,223,payload_type,payload_type,qwen_semantic,FALSE_POSITIVE,True
quantum,spacex,qwen,bert,1,223,crew_count,crew_count,qwen_semantic,FALSE_POSITIVE,True
quantum,spacex,qwen,bert,1,223,launch_site,launch_site,qwen_semantic,FALSE_POSITIVE,True
quantum,spacex,qwen,bert,1,223,auto_payload,auto_payload,qwen_semantic,FALSE_POSITIVE,True
quantum,spacex,qwen,bert,1,223,tbd,tbd,qwen_semantic,FALSE_POSITIVE,True
quantum,spacex,qwen,bert,1,223,gridfins,gridfins,qwen_semantic,FALSE_POSITIVE,True
quantum,spacex,qwen,bert,1,223,legs,legs,qwen_semantic,FALSE_POSITIVE,True
quantum,spacex,qwen,bert,1,223,reused,reused,qwen_semantic,FALSE_POSITIVE,True
quantum,spacex,qwen,bert,1,223,fairings_reused,fairings_reused,qwen_semantic,FALSE_POSITIVE,True
quantum,spacex,qwen,bert,1,223,fairings_recovery_attempt,fairings_recovery_attempt,qwen_semantic,FALSE_POSITIVE,True
quantum,spacex,qwen,bert,1,223,cores_reused,cores_reused,qwen_semantic,FALSE_POSITIVE,True
quantum,spacex,qwen,bert,1,223,ships,ships,qwen_semantic,FALSE_POSITIVE,True
quantum,spacex,qwen,bert,1,223,capsules,capsules_alt,qwen_semantic,SUCCESS,True
quantum,spacex,qwen,bert,1,223,flight_number,flight_number,qwen_semantic,FALSE_POSITIVE,True
quantum,spacex,qwen,bert,1,229,mission_name,mission_name,qwen_semantic,FALSE_POSITIVE,True
quantum,spacex,qwen,bert,1,229,launch_date_utc,launch_date_utc,qwen_semantic,FALSE_POSITIVE,True
quantum,spacex,qwen,bert,1,229,rocket_id,rocket_id,qwen_semantic,FALSE_POSITIVE,True
quantum,spacex,qwen,bert,1,229,launch_success,launch_success,qwen_semantic,FALSE_POSITIVE,True
quantum,spacex,qwen,bert,1,229,upcoming,upcoming,qwen_semantic,FALSE_POSITIVE,True
quantum,spacex,qwen,bert,1,229,static_fire_date_utc,static_fire_date_utc,qwen_semantic,FALSE_POSITIVE,True
quantum,spacex,qwen,bert,1,229,net_duration,net_duration,qwen_semantic,FALSE_POSITIVE,True
quantum,spacex,qwen,bert,1,229,window_start,window_start,qwen_semantic,FALSE_POSITIVE,True
quantum,spacex,qwen,bert,1,229,window_end,window_start,qwen_semantic,SUCCESS,True
quantum,spacex,qwen,bert,1,229,failure_count,failure_count,qwen_semantic,FALSE_POSITIVE,True
quantum,spacex,qwen,bert,1,229,failure_reasons,failure_reasons,qwen_semantic,FALSE_POSITIVE,True
quantum,spacex,qwen,bert,1,229,payload_count,payload_count,qwen_semantic,FALSE_POSITIVE,True
quantum,spacex,qwen,bert,1,229,payload_ids,payload_ids,qwen_semantic,FALSE_POSITIVE,True
quantum,spacex,qwen,bert,1,229,payload_mass_kg,payload_mass_kg,qwen_semantic,FALSE_POSITIVE,True
quantum,spacex,qwen,bert,1,229,payload_type,payload_type,qwen_semantic,FALSE_POSITIVE,True
quantum,spacex,qwen,bert,1,229,crew_count,crew_count,qwen_semantic,FALSE_POSITIVE,True
quantum,spacex,qwen,bert,1,229,launch_site,launch_site,qwen_semantic,FALSE_POSITIVE,True
quantum,spacex,qwen,bert,1,229,auto_payload,auto_payload,qwen_semantic,FALSE_POSITIVE,True
quantum,spacex,qwen,bert,1,229,tbd,tbd,qwen_semantic,FALSE_POSITIVE,True
quantum,spacex,qwen,bert,1,229,gridfins,gridfins,qwen_semantic,FALSE_POSITIVE,True
quantum,spacex,qwen,bert,1,229,legs,legs,qwen_semantic,FALSE_POSITIVE,True
quantum,spacex,qwen,bert,1,229,reused,reused,qwen_semantic,FALSE_POSITIVE,True
quantum,spacex,qwen,bert,1,229,fairings_reused,fairings_reused,qwen_semantic,FALSE_POSITIVE,True
quantum,spacex,qwen,bert,1,229,fairings_recovery_attempt,fairings_recovery_attempt,qwen_semantic,FALSE_POSITIVE,True
quantum,spacex,qwen,bert,1,229,cores_reused,cores_reused,qwen_semantic,FALSE_POSITIVE,True
quantum,spacex,qwen,bert,1,229,ships,ships,qwen_semantic,FALSE_POSITIVE,True
quantum,spacex,qwen,bert,1,229,capsules,capsules,qwen_semantic,FALSE_POSITIVE,True
quantum,spacex,qwen,bert,1,229,flight_number,flight_number,qwen_semantic,FALSE_POSITIVE,True
quantum,spacex,qwen,bert,1,232,mission_name,mission_name,qwen_semantic,FALSE_POSITIVE,True
quantum,spacex,qwen,bert,1,232,launch_date_utc,launch_date_utc,qwen_semantic,FALSE_POSITIVE,True
quantum,spacex,qwen,bert,1,232,rocket_id,rocket_id,qwen_semantic,FALSE_POSITIVE,True
quantum,spacex,qwen,bert,1,232,launch_success,launch_success,qwen_semantic,FALSE_POSITIVE,True
quantum,spacex,qwen,bert,1,232,upcoming,upcoming,qwen_semantic,FALSE_POSITIVE,True
quantum,spacex,qwen,bert,1,232,static_fire_date_utc,static_fire_date_utc,qwen_semantic,FALSE_POSITIVE,True
quantum,spacex,qwen,bert,1,232,net_duration,net_duration,qwen_semantic,FALSE_POSITIVE,True
quantum,spacex,qwen,bert,1,232,window_start,window_start,qwen_semantic,FALSE_POSITIVE,True
quantum,spacex,qwen,bert,1,232,window_end,window_end,qwen_semantic,FALSE_POSITIVE,True
quantum,spacex,qwen,bert,1,232,failure_count,failure_count,qwen_semantic,FALSE_POSITIVE,True
quantum,spacex,qwen,bert,1,232,failure_reasons,failure_reasons,qwen_semantic,FALSE_POSITIVE,True
quantum,spacex,qwen,bert,1,232,payload_count,payload_count,qwen_semantic,FALSE_POSITIVE,True
quantum,spacex,qwen,bert,1,232,payload_ids,payload_ids,qwen_semantic,FALSE_POSITIVE,True
quantum,spacex,qwen,bert,1,232,payload_mass_kg,payload_mass_kg,qwen_semantic,FALSE_POSITIVE,True
quantum,spacex,qwen,bert,1,232,payload_type,auto_payload,qwen_semantic,SUCCESS,True
quantum,spacex,qwen,bert,1,232,crew_count,crew_count,qwen_semantic,FALSE_POSITIVE,True
quantum,spacex,qwen,bert,1,232,launch_site,launch_site,qwen_semantic,FALSE_POSITIVE,True
quantum,spacex,qwen,bert,1,232,auto_payload,auto_payload,qwen_semantic,FALSE_POSITIVE,True
quantum,spacex,qwen,bert,1,232,tbd,tbd,qwen_semantic,FALSE_POSITIVE,True
quantum,spacex,qwen,bert,1,232,gridfins,gridfins,qwen_semantic,FALSE_POSITIVE,True
quantum,spacex,qwen,bert,1,232,legs,legs,qwen_semantic,FALSE_POSITIVE,True
quantum,spacex,qwen,bert,1,232,reused,reused,qwen_semantic,FALSE_POSITIVE,True
quantum,spacex,qwen,bert,1,232,fairings_reused,fairings_reused,qwen_semantic,FALSE_POSITIVE,True
quantum,spacex,qwen,bert,1,232,fairings_recovery_attempt,fairings_recovery_attempt,qwen_semantic,FALSE_POSITIVE,True
quantum,spacex,qwen,bert,1,232,cores_reused,cores_reused,qwen_semantic,FALSE_POSITIVE,True
quantum,spacex,qwen,bert,1,232,ships,ships,qwen_semantic,FALSE_POSITIVE,True
quantum,spacex,qwen,bert,1,232,capsules,capsules,qwen_semantic,FALSE_POSITIVE,True
quantum,spacex,qwen,bert,1,232,flight_number,flight_number,qwen_semantic,FALSE_POSITIVE,True
quantum,spacex,qwen,bert,1,280,mission_name,mission_name,qwen_semantic,FALSE_POSITIVE,True
quantum,spacex,qwen,bert,1,280,launch_date_utc,launch_date_utc,qwen_semantic,FALSE_POSITIVE,True
quantum,spacex,qwen,bert,1,280,rocket_id,rocket_id,qwen_semantic,FALSE_POSITIVE,True
quantum,spacex,qwen,bert,1,280,launch_success,launch_success,qwen_semantic,FALSE_POSITIVE,True
quantum,spacex,qwen,bert,1,280,upcoming,upcoming,qwen_semantic,FALSE_POSITIVE,True
quantum,spacex,qwen,bert,1,280,static_fire_date_utc,static_fire_date_utc,qwen_semantic,FALSE_POSITIVE,True
quantum,spacex,qwen,bert,1,280,net_duration,net_duration,qwen_semantic,FALSE_POSITIVE,True
quantum,spacex,qwen,bert,1,280,window_start,window_start,qwen_semantic,FALSE_POSITIVE,True
quantum,spacex,qwen,bert,1,280,window_end,window_end,qwen_semantic,FALSE_POSITIVE,True
quantum,spacex,qwen,bert,1,280,failure_count,failure_count,qwen_semantic,FALSE_POSITIVE,True
quantum,spacex,qwen,bert,1,280,failure_reasons,failure_reasons,qwen_semantic,FALSE_POSITIVE,True
quantum,spacex,qwen,bert,1,280,payload_count,payload_count,qwen_semantic,FALSE_POSITIVE,True
quantum,spacex,qwen,bert,1,280,payload_ids,payload_ids,qwen_semantic,FALSE_POSITIVE,True
quantum,spacex,qwen,bert,1,280,payload_mass_kg,payload_mass_kg,qwen_semantic,FALSE_POSITIVE,True
quantum,spacex,qwen,bert,1,280,payload_type,payload_type,qwen_semantic,FALSE_POSITIVE,True
quantum,spacex,qwen,bert,1,280,crew_count,crew_count,qwen_semantic,FALSE_POSITIVE,True
quantum,spacex,qwen,bert,1,280,launch_site,launch_site,qwen_semantic,FALSE_POSITIVE,True
quantum,spacex,qwen,bert,1,280,auto_payload,auto_payload,qwen_semantic,FALSE_POSITIVE,True
quantum,spacex,qwen,bert,1,280,tbd,tbd,qwen_semantic,FALSE_POSITIVE,True
quantum,spacex,qwen,bert,1,280,gridfins,gridfins,qwen_semantic,FALSE_POSITIVE,True
quantum,spacex,qwen,bert,1,280,legs,legs,qwen_semantic,FALSE_POSITIVE,True
quantum,spacex,qwen,bert,1,280,fairings_reused,fairings_reused,qwen_semantic,FALSE_POSITIVE,True
quantum,spacex,qwen,bert,1,280,fairings_recovery_attempt,fairings_recovery_attempt,qwen_semantic,FALSE_POSITIVE,True
quantum,spacex,qwen,bert,1,280,cores_reused,cores_reused,qwen_semantic,FALSE_POSITIVE,True
quantum,spacex,qwen,bert,1,280,ships,ships,qwen_semantic,FALSE_POSITIVE,True
quantum,spacex,qwen,bert,1,280,capsules,capsules,qwen_semantic,FALSE_POSITIVE,True
quantum,spacex,qwen,bert,1,280,flight_number,flight_number,qwen_semantic,FALSE_POSITIVE,True
quantum,spacex,qwen,bert,1,280,reused,,qwen_semantic,FAILURE,True
quantum,spacex,qwen,bert,1,288,mission_name,mission_name,qwen_semantic,FALSE_POSITIVE,True
quantum,spacex,qwen,bert,1,288,launch_date_utc,launch_date_utc,qwen_semantic,FALSE_POSITIVE,True
quantum,spacex,qwen,bert,1,288,rocket_id,rocket_id,qwen_semantic,FALSE_POSITIVE,True
quantum,spacex,qwen,bert,1,288,launch_success,launch_success,qwen_semantic,FALSE_POSITIVE,True
quantum,spacex,qwen,bert,1,288,upcoming,upcoming,qwen_semantic,FALSE_POSITIVE,True
quantum,spacex,qwen,bert,1,288,static_fire_date_utc,static_fire_date_utc,qwen_semantic,FALSE_POSITIVE,True
quantum,spacex,qwen,bert,1,288,net_duration,net_duration_alt,qwen_semantic,SUCCESS,True
quantum,spacex,qwen,bert,1,288,window_start,window_start,qwen_semantic,FALSE_POSITIVE,True
quantum,spacex,qwen,bert,1,288,window_end,window_end,qwen_semantic,FALSE_POSITIVE,True
quantum,spacex,qwen,bert,1,288,failure_count,failure_count,qwen_semantic,FALSE_POSITIVE,True
quantum,spacex,qwen,bert,1,288,failure_reasons,failure_reasons,qwen_semantic,FALSE_POSITIVE,True
quantum,spacex,qwen,bert,1,288,payload_count,payload_count,qwen_semantic,FALSE_POSITIVE,True
quantum,spacex,qwen,bert,1,288,payload_ids,payload_ids,qwen_semantic,FALSE_POSITIVE,True
quantum,spacex,qwen,bert,1,288,payload_mass_kg,payload_mass_kg,qwen_semantic,FALSE_POSITIVE,True
quantum,spacex,qwen,bert,1,288,payload_type,payload_type,qwen_semantic,FALSE_POSITIVE,True
quantum,spacex,qwen,bert,1,288,crew_count,crew_count,qwen_semantic,FALSE_POSITIVE,True
quantum,spacex,qwen,bert,1,288,launch_site,launch_site,qwen_semantic,FALSE_POSITIVE,True
quantum,spacex,qwen,bert,1,288,auto_payload,auto_payload,qwen_semantic,FALSE_POSITIVE,True
quantum,spacex,qwen,bert,1,288,tbd,tbd,qwen_semantic,FALSE_POSITIVE,True
quantum,spacex,qwen,bert,1,288,gridfins,gridfins,qwen_semantic,FALSE_POSITIVE,True
quantum,spacex,qwen,bert,1,288,legs,legs,qwen_semantic,FALSE_POSITIVE,True
quantum,spacex,qwen,bert,1,288,reused,reused,qwen_semantic,FALSE_POSITIVE,True
quantum,spacex,qwen,bert,1,288,fairings_reused,fairings_reused,qwen_semantic,FALSE_POSITIVE,True
quantum,spacex,qwen,bert,1,288,fairings_recovery_attempt,fairings_recovery_attempt,qwen_semantic,FALSE_POSITIVE,True
quantum,spacex,qwen,bert,1,288,cores_reused,cores_reused,qwen_semantic,FALSE_POSITIVE,True
quantum,spacex,qwen,bert,1,288,ships,ships,qwen_semantic,FALSE_POSITIVE,True
quantum,spacex,qwen,bert,1,288,capsules,capsules,qwen_semantic,FALSE_POSITIVE,True
quantum,spacex,qwen,bert,1,288,flight_number,flight_number,qwen_semantic,FALSE_POSITIVE,True
quantum,spacex,qwen,bert,1,299,mission_name,mission_name,qwen_semantic,FALSE_POSITIVE,True
quantum,spacex,qwen,bert,1,299,launch_date_utc,launch_date_utc,qwen_semantic,FALSE_POSITIVE,True
quantum,spacex,qwen,bert,1,299,rocket_id,rocket_id,qwen_semantic,FALSE_POSITIVE,True
quantum,spacex,qwen,bert,1,299,upcoming,upcoming,qwen_semantic,FALSE_POSITIVE,True
quantum,spacex,qwen,bert,1,299,static_fire_date_utc,static_fire_date_utc,qwen_semantic,FALSE_POSITIVE,True
quantum,spacex,qwen,bert,1,299,net_duration,net_duration,qwen_semantic,FALSE_POSITIVE,True
quantum,spacex,qwen,bert,1,299,window_start,window_start,qwen_semantic,FALSE_POSITIVE,True
quantum,spacex,qwen,bert,1,299,window_end,window_end,qwen_semantic,FALSE_POSITIVE,True
quantum,spacex,qwen,bert,1,299,failure_count,failure_count,qwen_semantic,FALSE_POSITIVE,True
quantum,spacex,qwen,bert,1,299,failure_reasons,failure_reasons,qwen_semantic,FALSE_POSITIVE,True
quantum,spacex,qwen,bert,1,299,payload_count,payload_count,qwen_semantic,FALSE_POSITIVE,True
quantum,spacex,qwen,bert,1,299,payload_ids,payload_ids,qwen_semantic,FALSE_POSITIVE,True
quantum,spacex,qwen,bert,1,299,payload_mass_kg,payload_mass_kg,qwen_semantic,FALSE_POSITIVE,True
quantum,spacex,qwen,bert,1,299,payload_type,payload_type,qwen_semantic,FALSE_POSITIVE,True
quantum,spacex,qwen,bert,1,299,crew_count,crew_count,qwen_semantic,FALSE_POSITIVE,True
quantum,spacex,qwen,bert,1,299,launch_site,launch_site,qwen_semantic,FALSE_POSITIVE,True
quantum,spacex,qwen,bert,1,299,auto_payload,auto_payload,qwen_semantic,FALSE_POSITIVE,True
quantum,spacex,qwen,bert,1,299,tbd,tbd,qwen_semantic,FALSE_POSITIVE,True
quantum,spacex,qwen,bert,1,299,gridfins,gridfins,qwen_semantic,FALSE_POSITIVE,True
quantum,spacex,qwen,bert,1,299,legs,legs,qwen_semantic,FALSE_POSITIVE,True
quantum,spacex,qwen,bert,1,299,reused,reused,qwen_semantic,FALSE_POSITIVE,True
quantum,spacex,qwen,bert,1,299,fairings_reused,fairings_reused,qwen_semantic,FALSE_POSITIVE,True
quantum,spacex,qwen,bert,1,299,fairings_recovery_attempt,fairings_recovery_attempt,qwen_semantic,FALSE_POSITIVE,True
quantum,spacex,qwen,bert,1,299,cores_reused,cores_reused,qwen_semantic,FALSE_POSITIVE,True
quantum,spacex,qwen,bert,1,299,ships,ships,qwen_semantic,FALSE_POSITIVE,True
quantum,spacex,qwen,bert,1,299,capsules,capsules,qwen_semantic,FALSE_POSITIVE,True
quantum,spacex,qwen,bert,1,299,flight_number,flight_number,qwen_semantic,FALSE_POSITIVE,True
quantum,spacex,qwen,bert,1,299,launch_success,,qwen_semantic,FAILURE,True
quantum,spacex,qwen,bert,1,357,mission_name,mission_name,qwen_semantic,FALSE_POSITIVE,True
quantum,spacex,qwen,bert,1,357,launch_date_utc,launch_date_utc,qwen_semantic,FALSE_POSITIVE,True
quantum,spacex,qwen,bert,1,357,rocket_id,rocket_id,qwen_semantic,FALSE_POSITIVE,True
quantum,spacex,qwen,bert,1,357,launch_success,launch_success,qwen_semantic,FALSE_POSITIVE,True
quantum,spacex,qwen,bert,1,357,upcoming,upcoming,qwen_semantic,FALSE_POSITIVE,True
quantum,spacex,qwen,bert,1,357,static_fire_date_utc,static_fire_date_utc,qwen_semantic,FALSE_POSITIVE,True
quantum,spacex,qwen,bert,1,357,net_duration,net_duration,qwen_semantic,FALSE_POSITIVE,True
quantum,spacex,qwen,bert,1,357,window_start,window_start,qwen_semantic,FALSE_POSITIVE,True
quantum,spacex,qwen,bert,1,357,window_end,window_end,qwen_semantic,FALSE_POSITIVE,True
quantum,spacex,qwen,bert,1,357,failure_count,failure_count,qwen_semantic,FALSE_POSITIVE,True
quantum,spacex,qwen,bert,1,357,failure_reasons,failure_reasons,qwen_semantic,FALSE_POSITIVE,True
quantum,spacex,qwen,bert,1,357,payload_count,payload_count,qwen_semantic,FALSE_POSITIVE,True
quantum,spacex,qwen,bert,1,357,payload_ids,payload_ids,qwen_semantic,FALSE_POSITIVE,True
quantum,spacex,qwen,bert,1,357,payload_mass_kg,payload_mass_kg,qwen_semantic,FALSE_POSITIVE,True
quantum,spacex,qwen,bert,1,357,payload_type,payload_type,qwen_semantic,FALSE_POSITIVE,True
quantum,spacex,qwen,bert,1,357,crew_count,crew_count,qwen_semantic,FALSE_POSITIVE,True
quantum,spacex,qwen,bert,1,357,launch_site,launch_site,qwen_semantic,FALSE_POSITIVE,True
quantum,spacex,qwen,bert,1,357,auto_payload,auto_payload,qwen_semantic,FALSE_POSITIVE,True
quantum,spacex,qwen,bert,1,357,tbd,tbd,qwen_semantic,FALSE_POSITIVE,True
quantum,spacex,qwen,bert,1,357,gridfins,gridfins,qwen_semantic,FALSE_POSITIVE,True
quantum,spacex,qwen,bert,1,357,legs,legs,qwen_semantic,FALSE_POSITIVE,True
quantum,spacex,qwen,bert,1,357,reused,reused,qwen_semantic,FALSE_POSITIVE,True
quantum,spacex,qwen,bert,1,357,fairings_reused,fairings_reused,qwen_semantic,FALSE_POSITIVE,True
quantum,spacex,qwen,bert,1,357,fairings_recovery_attempt,fairings_recovery_attempt,qwen_semantic,FALSE_POSITIVE,True
quantum,spacex,qwen,bert,1,357,cores_reused,cores_reused,qwen_semantic,FALSE_POSITIVE,True
quantum,spacex,qwen,bert,1,357,ships,ships,qwen_semantic,FALSE_POSITIVE,True
quantum,spacex,qwen,bert,1,357,flight_number,flight_number,qwen_semantic,FALSE_POSITIVE,True
quantum,spacex,qwen,bert,1,357,capsules,,qwen_semantic,FAILURE,True
quantum,spacex,qwen,bert,1,380,mission_name,mission_name,qwen_semantic,FALSE_POSITIVE,True
quantum,spacex,qwen,bert,1,380,launch_date_utc,launch_date_utc,qwen_semantic,FALSE_POSITIVE,True
quantum,spacex,qwen,bert,1,380,rocket_id,rocket_id,qwen_semantic,FALSE_POSITIVE,True
quantum,spacex,qwen,bert,1,380,launch_success,launch_success,qwen_semantic,FALSE_POSITIVE,True
quantum,spacex,qwen,bert,1,380,upcoming,upcoming,qwen_semantic,FALSE_POSITIVE,True
quantum,spacex,qwen,bert,1,380,static_fire_date_utc,static_fire_date_utc,qwen_semantic,FALSE_POSITIVE,True
quantum,spacex,qwen,bert,1,380,net_duration,net_duration,qwen_semantic,FALSE_POSITIVE,True
quantum,spacex,qwen,bert,1,380,window_start,window_start,qwen_semantic,FALSE_POSITIVE,True
quantum,spacex,qwen,bert,1,380,window_end,window_end,qwen_semantic,FALSE_POSITIVE,True
quantum,spacex,qwen,bert,1,380,failure_count,failure_count,qwen_semantic,FALSE_POSITIVE,True
quantum,spacex,qwen,bert,1,380,failure_reasons,failure_reasons,qwen_semantic,FALSE_POSITIVE,True
quantum,spacex,qwen,bert,1,380,payload_count,payload_count,qwen_semantic,FALSE_POSITIVE,True
quantum,spacex,qwen,bert,1,380,payload_ids,payload_ids,qwen_semantic,FALSE_POSITIVE,True
quantum,spacex,qwen,bert,1,380,payload_mass_kg,payload_mass_kg,qwen_semantic,FALSE_POSITIVE,True
quantum,spacex,qwen,bert,1,380,payload_type,payload_type,qwen_semantic,FALSE_POSITIVE,True
quantum,spacex,qwen,bert,1,380,crew_count,crew_count_alt,qwen_semantic,SUCCESS,True
quantum,spacex,qwen,bert,1,380,launch_site,launch_site,qwen_semantic,FALSE_POSITIVE,True
quantum,spacex,qwen,bert,1,380,auto_payload,auto_payload,qwen_semantic,FALSE_POSITIVE,True
quantum,spacex,qwen,bert,1,380,tbd,tbd,qwen_semantic,FALSE_POSITIVE,True
quantum,spacex,qwen,bert,1,380,gridfins,gridfins,qwen_semantic,FALSE_POSITIVE,True
quantum,spacex,qwen,bert,1,380,legs,legs,qwen_semantic,FALSE_POSITIVE,True
quantum,spacex,qwen,bert,1,380,reused,reused,qwen_semantic,FALSE_POSITIVE,True
quantum,spacex,qwen,bert,1,380,fairings_reused,fairings_reused,qwen_semantic,FALSE_POSITIVE,True
quantum,spacex,qwen,bert,1,380,fairings_recovery_attempt,fairings_recovery_attempt,qwen_semantic,FALSE_POSITIVE,True
quantum,spacex,qwen,bert,1,380,cores_reused,cores_reused,qwen_semantic,FALSE_POSITIVE,True
quantum,spacex,qwen,bert,1,380,ships,ships,qwen_semantic,FALSE_POSITIVE,True
quantum,spacex,qwen,bert,1,380,capsules,capsules,qwen_semantic,FALSE_POSITIVE,True
quantum,spacex,qwen,bert,1,380,flight_number,flight_number,qwen_semantic,FALSE_POSITIVE,True
quantum,spacex,qwen,bert,1,389,mission_name,mission_name,qwen_semantic,FALSE_POSITIVE,True
quantum,spacex,qwen,bert,1,389,launch_date_utc,launch_date_utc,qwen_semantic,FALSE_POSITIVE,True
quantum,spacex,qwen,bert,1,389,rocket_id,rocket_id,qwen_semantic,FALSE_POSITIVE,True
quantum,spacex,qwen,bert,1,389,launch_success,launch_success,qwen_semantic,FALSE_POSITIVE,True
quantum,spacex,qwen,bert,1,389,upcoming,upcoming,qwen_semantic,FALSE_POSITIVE,True
quantum,spacex,qwen,bert,1,389,static_fire_date_utc,static_fire_date_utc,qwen_semantic,FALSE_POSITIVE,True
quantum,spacex,qwen,bert,1,389,net_duration,net_duration,qwen_semantic,FALSE_POSITIVE,True
quantum,spacex,qwen,bert,1,389,window_start,window_start,qwen_semantic,FALSE_POSITIVE,True
quantum,spacex,qwen,bert,1,389,window_end,window_end,qwen_semantic,FALSE_POSITIVE,True
quantum,spacex,qwen,bert,1,389,failure_count,failure_count,qwen_semantic,FALSE_POSITIVE,True
quantum,spacex,qwen,bert,1,389,failure_reasons,failure_reasons,qwen_semantic,FALSE_POSITIVE,True
quantum,spacex,qwen,bert,1,389,payload_count,payload_count,qwen_semantic,FALSE_POSITIVE,True
quantum,spacex,qwen,bert,1,389,payload_ids,payload_ids,qwen_semantic,FALSE_POSITIVE,True
quantum,spacex,qwen,bert,1,389,payload_mass_kg,payload_mass_kg,qwen_semantic,FALSE_POSITIVE,True
quantum,spacex,qwen,bert,1,389,payload_type,payload_type,qwen_semantic,FALSE_POSITIVE,True
quantum,spacex,qwen,bert,1,389,crew_count,crew_count,qwen_semantic,FALSE_POSITIVE,True
quantum,spacex,qwen,bert,1,389,launch_site,launch_site,qwen_semantic,FALSE_POSITIVE,True
quantum,spacex,qwen,bert,1,389,auto_payload,auto_payload,qwen_semantic,FALSE_POSITIVE,True
quantum,spacex,qwen,bert,1,389,gridfins,gridfins,qwen_semantic,FALSE_POSITIVE,True
quantum,spacex,qwen,bert,1,389,legs,legs,qwen_semantic,FALSE_POSITIVE,True
quantum,spacex,qwen,bert,1,389,reused,reused,qwen_semantic,FALSE_POSITIVE,True
quantum,spacex,qwen,bert,1,389,fairings_reused,fairings_reused,qwen_semantic,FALSE_POSITIVE,True
quantum,spacex,qwen,bert,1,389,fairings_recovery_attempt,fairings_recovery_attempt,qwen_semantic,FALSE_POSITIVE,True
quantum,spacex,qwen,bert,1,389,cores_reused,cores_reused,qwen_semantic,FALSE_POSITIVE,True
quantum,spacex,qwen,bert,1,389,ships,ships,qwen_semantic,FALSE_POSITIVE,True
quantum,spacex,qwen,bert,1,389,capsules,capsules,qwen_semantic,FALSE_POSITIVE,True
quantum,spacex,qwen,bert,1,389,flight_number,flight_number,qwen_semantic,FALSE_POSITIVE,True
quantum,spacex,qwen,bert,1,389,tbd,,qwen_semantic,FAILURE,True
quantum,spacex,qwen,bert,1,397,mission_name,mission_name,qwen_semantic,FALSE_POSITIVE,True
quantum,spacex,qwen,bert,1,397,launch_date_utc,launch_date_utc,qwen_semantic,FALSE_POSITIVE,True
quantum,spacex,qwen,bert,1,397,rocket_id,rocket_id_alt,qwen_semantic,SUCCESS,True
quantum,spacex,qwen,bert,1,397,launch_success,launch_success,qwen_semantic,FALSE_POSITIVE,True
quantum,spacex,qwen,bert,1,397,upcoming,upcoming,qwen_semantic,FALSE_POSITIVE,True
quantum,spacex,qwen,bert,1,397,static_fire_date_utc,static_fire_date_utc,qwen_semantic,FALSE_POSITIVE,True
quantum,spacex,qwen,bert,1,397,net_duration,net_duration,qwen_semantic,FALSE_POSITIVE,True
quantum,spacex,qwen,bert,1,397,window_start,window_start,qwen_semantic,FALSE_POSITIVE,True
quantum,spacex,qwen,bert,1,397,window_end,window_end,qwen_semantic,FALSE_POSITIVE,True
quantum,spacex,qwen,bert,1,397,failure_count,failure_count,qwen_semantic,FALSE_POSITIVE,True
quantum,spacex,qwen,bert,1,397,failure_reasons,failure_reasons,qwen_semantic,FALSE_POSITIVE,True
quantum,spacex,qwen,bert,1,397,payload_count,payload_count,qwen_semantic,FALSE_POSITIVE,True
quantum,spacex,qwen,bert,1,397,payload_ids,payload_ids,qwen_semantic,FALSE_POSITIVE,True
quantum,spacex,qwen,bert,1,397,payload_mass_kg,payload_mass_kg,qwen_semantic,FALSE_POSITIVE,True
quantum,spacex,qwen,bert,1,397,payload_type,payload_type,qwen_semantic,FALSE_POSITIVE,True
quantum,spacex,qwen,bert,1,397,crew_count,crew_count,qwen_semantic,FALSE_POSITIVE,True
quantum,spacex,qwen,bert,1,397,launch_site,launch_site,qwen_semantic,FALSE_POSITIVE,True
quantum,spacex,qwen,bert,1,397,auto_payload,auto_payload,qwen_semantic,FALSE_POSITIVE,True
quantum,spacex,qwen,bert,1,397,tbd,tbd,qwen_semantic,FALSE_POSITIVE,True
quantum,spacex,qwen,bert,1,397,gridfins,gridfins,qwen_semantic,FALSE_POSITIVE,True
quantum,spacex,qwen,bert,1,397,legs,legs,qwen_semantic,FALSE_POSITIVE,True
quantum,spacex,qwen,bert,1,397,reused,reused,qwen_semantic,FALSE_POSITIVE,True
quantum,spacex,qwen,bert,1,397,fairings_reused,fairings_reused,qwen_semantic,FALSE_POSITIVE,True
quantum,spacex,qwen,bert,1,397,fairings_recovery_attempt,fairings_recovery_attempt,qwen_semantic,FALSE_POSITIVE,True
quantum,spacex,qwen,bert,1,397,cores_reused,cores_reused,qwen_semantic,FALSE_POSITIVE,True
quantum,spacex,qwen,bert,1,397,ships,ships,qwen_semantic,FALSE_POSITIVE,True
quantum,spacex,qwen,bert,1,397,capsules,capsules,qwen_semantic,FALSE_POSITIVE,True
quantum,spacex,qwen,bert,1,397,flight_number,flight_number,qwen_semantic,FALSE_POSITIVE,True
quantum,spacex,qwen,bert,1,451,mission_name,mission_name,qwen_semantic,FALSE_POSITIVE,True
quantum,spacex,qwen,bert,1,451,launch_date_utc,launch_date_utc,qwen_semantic,FALSE_POSITIVE,True
quantum,spacex,qwen,bert,1,451,rocket_id,rocket_id,qwen_semantic,FALSE_POSITIVE,True
quantum,spacex,qwen,bert,1,451,launch_success,launch_success,qwen_semantic,FALSE_POSITIVE,True
quantum,spacex,qwen,bert,1,451,upcoming,upcoming,qwen_semantic,FALSE_POSITIVE,True
quantum,spacex,qwen,bert,1,451,static_fire_date_utc,static_fire_date_utc,qwen_semantic,FALSE_POSITIVE,True
quantum,spacex,qwen,bert,1,451,net_duration,net_duration,qwen_semantic,FALSE_POSITIVE,True
quantum,spacex,qwen,bert,1,451,window_start,window_start,qwen_semantic,FALSE_POSITIVE,True
quantum,spacex,qwen,bert,1,451,window_end,window_end,qwen_semantic,FALSE_POSITIVE,True
quantum,spacex,qwen,bert,1,451,failure_count,failure_count,qwen_semantic,FALSE_POSITIVE,True
quantum,spacex,qwen,bert,1,451,failure_reasons,failure_reasons,qwen_semantic,FALSE_POSITIVE,True
quantum,spacex,qwen,bert,1,451,payload_count,payload_count,qwen_semantic,FALSE_POSITIVE,True
quantum,spacex,qwen,bert,1,451,payload_ids,payload_ids,qwen_semantic,FALSE_POSITIVE,True
quantum,spacex,qwen,bert,1,451,payload_mass_kg,payload_mass_kg,qwen_semantic,FALSE_POSITIVE,True
quantum,spacex,qwen,bert,1,451,payload_type,payload_type,qwen_semantic,FALSE_POSITIVE,True
quantum,spacex,qwen,bert,1,451,crew_count,crew_count_alt,qwen_semantic,SUCCESS,True
quantum,spacex,qwen,bert,1,451,launch_site,launch_site,qwen_semantic,FALSE_POSITIVE,True
quantum,spacex,qwen,bert,1,451,auto_payload,auto_payload,qwen_semantic,FALSE_POSITIVE,True
quantum,spacex,qwen,bert,1,451,tbd,tbd,qwen_semantic,FALSE_POSITIVE,True
quantum,spacex,qwen,bert,1,451,gridfins,gridfins,qwen_semantic,FALSE_POSITIVE,True
quantum,spacex,qwen,bert,1,451,legs,legs,qwen_semantic,FALSE_POSITIVE,True
quantum,spacex,qwen,bert,1,451,reused,reused,qwen_semantic,FALSE_POSITIVE,True
quantum,spacex,qwen,bert,1,451,fairings_reused,fairings_reused,qwen_semantic,FALSE_POSITIVE,True
quantum,spacex,qwen,bert,1,451,fairings_recovery_attempt,fairings_recovery_attempt,qwen_semantic,FALSE_POSITIVE,True
quantum,spacex,qwen,bert,1,451,cores_reused,cores_reused,qwen_semantic,FALSE_POSITIVE,True
quantum,spacex,qwen,bert,1,451,ships,ships,qwen_semantic,FALSE_POSITIVE,True
quantum,spacex,qwen,bert,1,451,capsules,capsules,qwen_semantic,FALSE_POSITIVE,True
quantum,spacex,qwen,bert,1,451,flight_number,flight_number,qwen_semantic,FALSE_POSITIVE,True
quantum,spacex,qwen,bert,1,454,mission_name,mission_name,qwen_semantic,FALSE_POSITIVE,True
quantum,spacex,qwen,bert,1,454,launch_date_utc,launch_date_utc,qwen_semantic,FALSE_POSITIVE,True
quantum,spacex,qwen,bert,1,454,rocket_id,rocket_id,qwen_semantic,FALSE_POSITIVE,True
quantum,spacex,qwen,bert,1,454,launch_success,launch_success,qwen_semantic,FALSE_POSITIVE,True
quantum,spacex,qwen,bert,1,454,upcoming,upcoming,qwen_semantic,FALSE_POSITIVE,True
quantum,spacex,qwen,bert,1,454,static_fire_date_utc,static_fire_date_utc,qwen_semantic,FALSE_POSITIVE,True
quantum,spacex,qwen,bert,1,454,net_duration,net_duration,qwen_semantic,FALSE_POSITIVE,True
quantum,spacex,qwen,bert,1,454,window_start,window_start,qwen_semantic,FALSE_POSITIVE,True
quantum,spacex,qwen,bert,1,454,window_end,window_end,qwen_semantic,FALSE_POSITIVE,True
quantum,spacex,qwen,bert,1,454,failure_count,failure_count,qwen_semantic,FALSE_POSITIVE,True
quantum,spacex,qwen,bert,1,454,failure_reasons,failure_reasons,qwen_semantic,FALSE_POSITIVE,True
quantum,spacex,qwen,bert,1,454,payload_count,payload_count,qwen_semantic,FALSE_POSITIVE,True
quantum,spacex,qwen,bert,1,454,payload_ids,payload_ids,qwen_semantic,FALSE_POSITIVE,True
quantum,spacex,qwen,bert,1,454,payload_mass_kg,payload_mass_kg,qwen_semantic,FALSE_POSITIVE,True
quantum,spacex,qwen,bert,1,454,payload_type,payload_type,qwen_semantic,FALSE_POSITIVE,True
quantum,spacex,qwen,bert,1,454,crew_count,crew_count,qwen_semantic,FALSE_POSITIVE,True
quantum,spacex,qwen,bert,1,454,launch_site,launch_site,qwen_semantic,FALSE_POSITIVE,True
quantum,spacex,qwen,bert,1,454,auto_payload,auto_payload,qwen_semantic,FALSE_POSITIVE,True
quantum,spacex,qwen,bert,1,454,tbd,tbd,qwen_semantic,FALSE_POSITIVE,True
quantum,spacex,qwen,bert,1,454,gridfins,gridfins,qwen_semantic,FALSE_POSITIVE,True
quantum,spacex,qwen,bert,1,454,legs,legs,qwen_semantic,FALSE_POSITIVE,True
quantum,spacex,qwen,bert,1,454,fairings_reused,fairings_reused,qwen_semantic,FALSE_POSITIVE,True
quantum,spacex,qwen,bert,1,454,fairings_recovery_attempt,fairings_recovery_attempt,qwen_semantic,FALSE_POSITIVE,True
quantum,spacex,qwen,bert,1,454,cores_reused,cores_reused,qwen_semantic,FALSE_POSITIVE,True
quantum,spacex,qwen,bert,1,454,ships,ships,qwen_semantic,FALSE_POSITIVE,True
quantum,spacex,qwen,bert,1,454,capsules,capsules,qwen_semantic,FALSE_POSITIVE,True
quantum,spacex,qwen,bert,1,454,flight_number,flight_number,qwen_semantic,FALSE_POSITIVE,True
quantum,spacex,qwen,bert,1,454,reused,,qwen_semantic,FAILURE,True
quantum,spacex,qwen,bert,1,470,mission_name,mission_name,qwen_semantic,FALSE_POSITIVE,True
quantum,spacex,qwen,bert,1,470,launch_date_utc,launch_date_utc,qwen_semantic,FALSE_POSITIVE,True
quantum,spacex,qwen,bert,1,470,rocket_id,rocket_id,qwen_semantic,FALSE_POSITIVE,True
quantum,spacex,qwen,bert,1,470,launch_success,launch_success,qwen_semantic,FALSE_POSITIVE,True
quantum,spacex,qwen,bert,1,470,upcoming,upcoming,qwen_semantic,FALSE_POSITIVE,True
quantum,spacex,qwen,bert,1,470,static_fire_date_utc,static_fire_date_utc,qwen_semantic,FALSE_POSITIVE,True
quantum,spacex,qwen,bert,1,470,net_duration,net_duration,qwen_semantic,FALSE_POSITIVE,True
quantum,spacex,qwen,bert,1,470,window_start,window_start,qwen_semantic,FALSE_POSITIVE,True
quantum,spacex,qwen,bert,1,470,window_end,window_end,qwen_semantic,FALSE_POSITIVE,True
quantum,spacex,qwen,bert,1,470,failure_count,failure_count,qwen_semantic,FALSE_POSITIVE,True
quantum,spacex,qwen,bert,1,470,failure_reasons,failure_reasons,qwen_semantic,FALSE_POSITIVE,True
quantum,spacex,qwen,bert,1,470,payload_count,payload_count,qwen_semantic,FALSE_POSITIVE,True
quantum,spacex,qwen,bert,1,470,payload_ids,payload_ids,qwen_semantic,FALSE_POSITIVE,True
quantum,spacex,qwen,bert,1,470,payload_mass_kg,payload_mass_kg,qwen_semantic,FALSE_POSITIVE,True
quantum,spacex,qwen,bert,1,470,payload_type,payload_type,qwen_semantic,FALSE_POSITIVE,True
quantum,spacex,qwen,bert,1,470,crew_count,crew_count,qwen_semantic,FALSE_POSITIVE,True
quantum,spacex,qwen,bert,1,470,launch_site,launch_site,qwen_semantic,FALSE_POSITIVE,True
quantum,spacex,qwen,bert,1,470,auto_payload,auto_payload,qwen_semantic,FALSE_POSITIVE,True
quantum,spacex,qwen,bert,1,470,tbd,tbd,qwen_semantic,FALSE_POSITIVE,True
quantum,spacex,qwen,bert,1,470,gridfins,gridfins,qwen_semantic,FALSE_POSITIVE,True
quantum,spacex,qwen,bert,1,470,legs,legs,qwen_semantic,FALSE_POSITIVE,True
quantum,spacex,qwen,bert,1,470,reused,reused,qwen_semantic,FALSE_POSITIVE,True
quantum,spacex,qwen,bert,1,470,fairings_reused,fairings_reused,qwen_semantic,FALSE_POSITIVE,True
quantum,spacex,qwen,bert,1,470,fairings_recovery_attempt,fairings_recovery_attempt,qwen_semantic,FALSE_POSITIVE,True
quantum,spacex,qwen,bert,1,470,cores_reused,cores_reused_alt,qwen_semantic,SUCCESS,True
quantum,spacex,qwen,bert,1,470,ships,ships,qwen_semantic,FALSE_POSITIVE,True
quantum,spacex,qwen,bert,1,470,capsules,capsules,qwen_semantic,FALSE_POSITIVE,True
quantum,spacex,qwen,bert,1,470,flight_number,flight_number,qwen_semantic,FALSE_POSITIVE,True
quantum,spacex,qwen,bert,1,472,mission_name,mission_name,qwen_semantic,FALSE_POSITIVE,True
quantum,spacex,qwen,bert,1,472,launch_date_utc,launch_date_utc,qwen_semantic,FALSE_POSITIVE,True
quantum,spacex,qwen,bert,1,472,rocket_id,rocket_id,qwen_semantic,FALSE_POSITIVE,True
quantum,spacex,qwen,bert,1,472,launch_success,launch_success,qwen_semantic,FALSE_POSITIVE,True
quantum,spacex,qwen,bert,1,472,upcoming,upcoming,qwen_semantic,FALSE_POSITIVE,True
quantum,spacex,qwen,bert,1,472,static_fire_date_utc,static_fire_date_utc,qwen_semantic,FALSE_POSITIVE,True
quantum,spacex,qwen,bert,1,472,net_duration,net_duration,qwen_semantic,FALSE_POSITIVE,True
quantum,spacex,qwen,bert,1,472,window_start,window_start,qwen_semantic,FALSE_POSITIVE,True
quantum,spacex,qwen,bert,1,472,window_end,window_end,qwen_semantic,FALSE_POSITIVE,True
quantum,spacex,qwen,bert,1,472,failure_count,failure_count,qwen_semantic,FALSE_POSITIVE,True
quantum,spacex,qwen,bert,1,472,failure_reasons,failure_reasons,qwen_semantic,FALSE_POSITIVE,True
quantum,spacex,qwen,bert,1,472,payload_count,payload_count,qwen_semantic,FALSE_POSITIVE,True
quantum,spacex,qwen,bert,1,472,payload_ids,payload_ids,qwen_semantic,FALSE_POSITIVE,True
quantum,spacex,qwen,bert,1,472,payload_mass_kg,payload_mass_kg,qwen_semantic,FALSE_POSITIVE,True
quantum,spacex,qwen,bert,1,472,payload_type,payload_type,qwen_semantic,FALSE_POSITIVE,True
quantum,spacex,qwen,bert,1,472,crew_count,crew_count,qwen_semantic,FALSE_POSITIVE,True
quantum,spacex,qwen,bert,1,472,launch_site,launch_site_alt,qwen_semantic,SUCCESS,True
quantum,spacex,qwen,bert,1,472,auto_payload,auto_payload,qwen_semantic,FALSE_POSITIVE,True
quantum,spacex,qwen,bert,1,472,tbd,tbd,qwen_semantic,FALSE_POSITIVE,True
quantum,spacex,qwen,bert,1,472,gridfins,gridfins,qwen_semantic,FALSE_POSITIVE,True
quantum,spacex,qwen,bert,1,472,legs,legs,qwen_semantic,FALSE_POSITIVE,True
quantum,spacex,qwen,bert,1,472,reused,reused,qwen_semantic,FALSE_POSITIVE,True
quantum,spacex,qwen,bert,1,472,fairings_reused,fairings_reused,qwen_semantic,FALSE_POSITIVE,True
quantum,spacex,qwen,bert,1,472,fairings_recovery_attempt,fairings_recovery_attempt,qwen_semantic,FALSE_POSITIVE,True
quantum,spacex,qwen,bert,1,472,cores_reused,cores_reused,qwen_semantic,FALSE_POSITIVE,True
quantum,spacex,qwen,bert,1,472,ships,ships,qwen_semantic,FALSE_POSITIVE,True
quantum,spacex,qwen,bert,1,472,capsules,capsules,qwen_semantic,FALSE_POSITIVE,True
quantum,spacex,qwen,bert,1,472,flight_number,flight_number,qwen_semantic,FALSE_POSITIVE,True
quantum,spacex,qwen,bert,1,493,mission_name,mission_name,qwen_semantic,FALSE_POSITIVE,True
quantum,spacex,qwen,bert,1,493,launch_date_utc,launch_date_utc,qwen_semantic,FALSE_POSITIVE,True
quantum,spacex,qwen,bert,1,493,rocket_id,rocket_id,qwen_semantic,FALSE_POSITIVE,True
quantum,spacex,qwen,bert,1,493,launch_success,launch_success,qwen_semantic,FALSE_POSITIVE,True
quantum,spacex,qwen,bert,1,493,upcoming,upcoming,qwen_semantic,FALSE_POSITIVE,True
quantum,spacex,qwen,bert,1,493,static_fire_date_utc,static_fire_date_utc,qwen_semantic,FALSE_POSITIVE,True
quantum,spacex,qwen,bert,1,493,net_duration,net_duration,qwen_semantic,FALSE_POSITIVE,True
quantum,spacex,qwen,bert,1,493,window_start,window_start,qwen_semantic,FALSE_POSITIVE,True
quantum,spacex,qwen,bert,1,493,window_end,window_end,qwen_semantic,FALSE_POSITIVE,True
quantum,spacex,qwen,bert,1,493,failure_count,failure_count,qwen_semantic,FALSE_POSITIVE,True
quantum,spacex,qwen,bert,1,493,failure_reasons,failure_reasons,qwen_semantic,FALSE_POSITIVE,True
quantum,spacex,qwen,bert,1,493,payload_count,payload_count,qwen_semantic,FALSE_POSITIVE,True
quantum,spacex,qwen,bert,1,493,payload_ids,payload_ids,qwen_semantic,FALSE_POSITIVE,True
quantum,spacex,qwen,bert,1,493,payload_mass_kg,payload_mass_kg,qwen_semantic,FALSE_POSITIVE,True
quantum,spacex,qwen,bert,1,493,payload_type,auto_payload,qwen_semantic,SUCCESS,True
quantum,spacex,qwen,bert,1,493,crew_count,crew_count,qwen_semantic,FALSE_POSITIVE,True
quantum,spacex,qwen,bert,1,493,launch_site,launch_site,qwen_semantic,FALSE_POSITIVE,True
quantum,spacex,qwen,bert,1,493,auto_payload,auto_payload,qwen_semantic,FALSE_POSITIVE,True
quantum,spacex,qwen,bert,1,493,tbd,tbd,qwen_semantic,FALSE_POSITIVE,True
quantum,spacex,qwen,bert,1,493,gridfins,gridfins,qwen_semantic,FALSE_POSITIVE,True
quantum,spacex,qwen,bert,1,493,legs,legs,qwen_semantic,FALSE_POSITIVE,True
quantum,spacex,qwen,bert,1,493,reused,reused,qwen_semantic,FALSE_POSITIVE,True
quantum,spacex,qwen,bert,1,493,fairings_reused,fairings_reused,qwen_semantic,FALSE_POSITIVE,True
quantum,spacex,qwen,bert,1,493,fairings_recovery_attempt,fairings_recovery_attempt,qwen_semantic,FALSE_POSITIVE,True
quantum,spacex,qwen,bert,1,493,cores_reused,cores_reused,qwen_semantic,FALSE_POSITIVE,True
quantum,spacex,qwen,bert,1,493,ships,ships,qwen_semantic,FALSE_POSITIVE,True
quantum,spacex,qwen,bert,1,493,capsules,capsules,qwen_semantic,FALSE_POSITIVE,True
quantum,spacex,qwen,bert,1,493,flight_number,flight_number,qwen_semantic,FALSE_POSITIVE,True
quantum,openweather,qwen,regex,1,11,humidity_percent,humidity_percent,qwen_semantic,FALSE_POSITIVE,True
quantum,openweather,qwen,regex,1,11,weather_icon,weather_icon,qwen_semantic,FALSE_POSITIVE,True
quantum,openweather,qwen,regex,1,11,clouds_percent,clouds_percent,qwen_semantic,FALSE_POSITIVE,True
quantum,openweather,qwen,regex,1,11,wind_degrees,wind_degrees,qwen_semantic,FALSE_POSITIVE,True
quantum,openweather,qwen,regex,1,11,rain_1h_mm,rain_1h_mm,qwen_semantic,FALSE_POSITIVE,True
quantum,openweather,qwen,regex,1,11,visibility_m,visibility_m,qwen_semantic,FALSE_POSITIVE,True
quantum,openweather,qwen,regex,1,11,wind_speed_ms,wind_speed_ms,qwen_semantic,FALSE_POSITIVE,True
quantum,openweather,qwen,regex,1,11,snow_1h_mm,snow_1h_mm,qwen_semantic,FALSE_POSITIVE,True
quantum,openweather,qwen,regex,1,11,temperature_c,temperature_c,qwen_semantic,FALSE_POSITIVE,True
quantum,openweather,qwen,regex,1,11,lon,lon_alt,qwen_semantic,SUCCESS,True
quantum,openweather,qwen,regex,1,11,lat,lat,qwen_semantic,FALSE_POSITIVE,True
quantum,openweather,qwen,regex,1,11,weather_description,weather_description,qwen_semantic,FALSE_POSITIVE,True
quantum,openweather,qwen,regex,1,11,heat_index_c,heat_index_c,qwen_semantic,FALSE_POSITIVE,True
quantum,openweather,qwen,regex,1,11,pressure_hpa,pressure_hpa,qwen_semantic,FALSE_POSITIVE,True
quantum,openweather,qwen,regex,1,11,wind_chill_c,wind_chill_c,qwen_semantic,FALSE_POSITIVE,True
quantum,openweather,qwen,regex,1,11,timezone,timezone,qwen_semantic,FALSE_POSITIVE,True
quantum,openweather,qwen,regex,1,11,weather_main,weather_main,qwen_semantic,FALSE_POSITIVE,True
quantum,openweather,qwen,regex,1,11,cloud_percent,cloud_percent,qwen_semantic,FALSE_POSITIVE,True
quantum,openweather,qwen,regex,1,11,city,city,qwen_semantic,FALSE_POSITIVE,True
quantum,openweather,qwen,regex,1,11,sunset_ts,timezone,qwen_semantic,FALSE_POSITIVE,True
quantum,openweather,qwen,regex,1,11,wind_gust_ms,wind_gust_ms,qwen_semantic,FALSE_POSITIVE,True
quantum,openweather,qwen,regex,1,11,sunrise_ts,timezone,qwen_semantic,FALSE_POSITIVE,True
quantum,openweather,qwen,regex,1,11,dew_point_c,dew_point_c,qwen_semantic,FALSE_POSITIVE,True
quantum,openweather,qwen,regex,1,11,feels_like_c,feels_like_c,qwen_semantic,FALSE_POSITIVE,True
quantum,openweather,qwen,regex,1,13,humidity_percent,humidity_percent,qwen_semantic,FALSE_POSITIVE,True
quantum,openweather,qwen,regex,1,13,weather_icon,weather_icon,qwen_semantic,FALSE_POSITIVE,True
quantum,openweather,qwen,regex,1,13,clouds_percent,clouds_percent,qwen_semantic,FALSE_POSITIVE,True
quantum,openweather,qwen,regex,1,13,wind_degrees,wind_degrees,qwen_semantic,FALSE_POSITIVE,True
quantum,openweather,qwen,regex,1,13,rain_1h_mm,rain_1h_mm,qwen_semantic,FALSE_POSITIVE,True
quantum,openweather,qwen,regex,1,13,visibility_m,visibility_m,qwen_semantic,FALSE_POSITIVE,True
quantum,openweather,qwen,regex,1,13,wind_speed_ms,wind_speed_ms,qwen_semantic,FALSE_POSITIVE,True
quantum,openweather,qwen,regex,1,13,snow_1h_mm,snow_1h_mm,qwen_semantic,FALSE_POSITIVE,True
quantum,openweather,qwen,regex,1,13,temperature_c,temperature_c,qwen_semantic,FALSE_POSITIVE,True
quantum,openweather,qwen,regex,1,13,lon,lon,qwen_semantic,FALSE_POSITIVE,True
quantum,openweather,qwen,regex,1,13,lat,lat,qwen_semantic,FALSE_POSITIVE,True
quantum,openweather,qwen,regex,1,13,weather_description,weather_description,qwen_semantic,FALSE_POSITIVE,True
quantum,openweather,qwen,regex,1,13,heat_index_c,heat_index_c,qwen_semantic,FALSE_POSITIVE,True
quantum,openweather,qwen,regex,1,13,pressure_hpa,pressure_hpa,qwen_semantic,FALSE_POSITIVE,True
quantum,openweather,qwen,regex,1,13,wind_chill_c,wind_chill_c,qwen_semantic,FALSE_POSITIVE,True
quantum,openweather,qwen,regex,1,13,timezone,timezone_alt,qwen_semantic,SUCCESS,True
quantum,openweather,qwen,regex,1,13,weather_main,weather_main,qwen_semantic,FALSE_POSITIVE,True
quantum,openweather,qwen,regex,1,13,cloud_percent,cloud_percent_backup,qwen_semantic,FALSE_POSITIVE,True
quantum,openweather,qwen,regex,1,13,city,city,qwen_semantic,FALSE_POSITIVE,True
quantum,openweather,qwen,regex,1,13,sunset_ts,timezone_alt,qwen_semantic,FALSE_POSITIVE,True
quantum,openweather,qwen,regex,1,13,wind_gust_ms,wind_gust_ms,qwen_semantic,FALSE_POSITIVE,True
quantum,openweather,qwen,regex,1,13,sunrise_ts,timezone_alt,qwen_semantic,FALSE_POSITIVE,True
quantum,openweather,qwen,regex,1,13,dew_point_c,dew_point_c,qwen_semantic,FALSE_POSITIVE,True
quantum,openweather,qwen,regex,1,13,feels_like_c,feels_like_c,qwen_semantic,FALSE_POSITIVE,True
quantum,openweather,qwen,regex,1,20,humidity_percent,humidity_percent,qwen_semantic,FALSE_POSITIVE,True
quantum,openweather,qwen,regex,1,20,weather_icon,weather_icon,qwen_semantic,FALSE_POSITIVE,True
quantum,openweather,qwen,regex,1,20,clouds_percent,clouds_percent,qwen_semantic,FALSE_POSITIVE,True
quantum,openweather,qwen,regex,1,20,wind_degrees,wind_degrees,qwen_semantic,FALSE_POSITIVE,True
quantum,openweather,qwen,regex,1,20,rain_1h_mm,rain_1h_mm,qwen_semantic,FALSE_POSITIVE,True
quantum,openweather,qwen,regex,1,20,visibility_m,visibility_m,qwen_semantic,FALSE_POSITIVE,True
quantum,openweather,qwen,regex,1,20,wind_speed_ms,wind_speed_ms,qwen_semantic,FALSE_POSITIVE,True
quantum,openweather,qwen,regex,1,20,snow_1h_mm,snow_1h_mm,qwen_semantic,FALSE_POSITIVE,True
quantum,openweather,qwen,regex,1,20,temperature_c,temperature_c_alt,qwen_semantic,SUCCESS,True
quantum,openweather,qwen,regex,1,20,lon,lon,qwen_semantic,FALSE_POSITIVE,True
quantum,openweather,qwen,regex,1,20,lat,lat,qwen_semantic,FALSE_POSITIVE,True
quantum,openweather,qwen,regex,1,20,weather_description,weather_description,qwen_semantic,FALSE_POSITIVE,True
quantum,openweather,qwen,regex,1,20,heat_index_c,heat_index_c,qwen_semantic,FALSE_POSITIVE,True
quantum,openweather,qwen,regex,1,20,pressure_hpa,pressure_hpa_backup,qwen_semantic,FALSE_POSITIVE,True
quantum,openweather,qwen,regex,1,20,wind_chill_c,wind_chill_c,qwen_semantic,FALSE_POSITIVE,True
quantum,openweather,qwen,regex,1,20,timezone,timezone,qwen_semantic,FALSE_POSITIVE,True
quantum,openweather,qwen,regex,1,20,weather_main,weather_main,qwen_semantic,FALSE_POSITIVE,True
quantum,openweather,qwen,regex,1,20,cloud_percent,cloud_percent,qwen_semantic,FALSE_POSITIVE,True
quantum,openweather,qwen,regex,1,20,city,city,qwen_semantic,FALSE_POSITIVE,True
quantum,openweather,qwen,regex,1,20,sunset_ts,timezone,qwen_semantic,FALSE_POSITIVE,True
quantum,openweather,qwen,regex,1,20,wind_gust_ms,wind_gust_ms,qwen_semantic,FALSE_POSITIVE,True
quantum,openweather,qwen,regex,1,20,sunrise_ts,timezone,qwen_semantic,FALSE_POSITIVE,True
quantum,openweather,qwen,regex,1,20,dew_point_c,dew_point_c,qwen_semantic,FALSE_POSITIVE,True
quantum,openweather,qwen,regex,1,20,feels_like_c,feels_like_c,qwen_semantic,FALSE_POSITIVE,True
quantum,openweather,qwen,regex,1,29,humidity_percent,humidity_percent,qwen_semantic,FALSE_POSITIVE,True
quantum,openweather,qwen,regex,1,29,weather_icon,weather_icon_alt,qwen_semantic,SUCCESS,True
quantum,openweather,qwen,regex,1,29,clouds_percent,clouds_percent,qwen_semantic,FALSE_POSITIVE,True
quantum,openweather,qwen,regex,1,29,wind_degrees,wind_degrees,qwen_semantic,FALSE_POSITIVE,True
quantum,openweather,qwen,regex,1,29,rain_1h_mm,rain_1h_mm,qwen_semantic,FALSE_POSITIVE,True
quantum,openweather,qwen,regex,1,29,visibility_m,visibility_m,qwen_semantic,FALSE_POSITIVE,True
quantum,openweather,qwen,regex,1,29,wind_speed_ms,wind_speed_ms,qwen_semantic,FALSE_POSITIVE,True
quantum,openweather,qwen,regex,1,29,snow_1h_mm,snow_1h_mm,qwen_semantic,FALSE_POSITIVE,True
quantum,openweather,qwen,regex,1,29,temperature_c,temperature_c,qwen_semantic,FALSE_POSITIVE,True
quantum,openweather,qwen,regex,1,29,lon,lon,qwen_semantic,FALSE_POSITIVE,True
quantum,openweather,qwen,regex,1,29,lat,lat,qwen_semantic,FALSE_POSITIVE,True
quantum,openweather,qwen,regex,1,29,weather_description,weather_description,qwen_semantic,FALSE_POSITIVE,True
quantum,openweather,qwen,regex,1,29,heat_index_c,heat_index_c,qwen_semantic,FALSE_POSITIVE,True
quantum,openweather,qwen,regex,1,29,pressure_hpa,pressure_hpa,qwen_semantic,FALSE_POSITIVE,True
quantum,openweather,qwen,regex,1,29,wind_chill_c,wind_chill_c,qwen_semantic,FALSE_POSITIVE,True
quantum,openweather,qwen,regex,1,29,timezone,timezone,qwen_semantic,FALSE_POSITIVE,True
quantum,openweather,qwen,regex,1,29,weather_main,weather_main,qwen_semantic,FALSE_POSITIVE,True
quantum,openweather,qwen,regex,1,29,cloud_percent,cloud_percent,qwen_semantic,FALSE_POSITIVE,True
quantum,openweather,qwen,regex,1,29,city,city,qwen_semantic,FALSE_POSITIVE,True
quantum,openweather,qwen,regex,1,29,sunset_ts,timezone,qwen_semantic,FALSE_POSITIVE,True
quantum,openweather,qwen,regex,1,29,wind_gust_ms,wind_gust_ms,qwen_semantic,FALSE_POSITIVE,True
quantum,openweather,qwen,regex,1,29,sunrise_ts,timezone,qwen_semantic,FALSE_POSITIVE,True
quantum,openweather,qwen,regex,1,29,dew_point_c,dew_point_c,qwen_semantic,FALSE_POSITIVE,True
quantum,openweather,qwen,regex,1,29,feels_like_c,feels_like_c,qwen_semantic,FALSE_POSITIVE,True
quantum,openweather,qwen,regex,1,58,humidity_percent,humidity_percent,qwen_semantic,FALSE_POSITIVE,True
quantum,openweather,qwen,regex,1,58,weather_icon,weather_icon,qwen_semantic,FALSE_POSITIVE,True
quantum,openweather,qwen,regex,1,58,clouds_percent,clouds_percent,qwen_semantic,FALSE_POSITIVE,True
quantum,openweather,qwen,regex,1,58,wind_degrees,wind_degrees_alt,qwen_semantic,SUCCESS,True
quantum,openweather,qwen,regex,1,58,rain_1h_mm,rain_1h_mm,qwen_semantic,FALSE_POSITIVE,True
quantum,openweather,qwen,regex,1,58,visibility_m,visibility_m,qwen_semantic,FALSE_POSITIVE,True
quantum,openweather,qwen,regex,1,58,wind_speed_ms,wind_speed_ms,qwen_semantic,FALSE_POSITIVE,True
quantum,openweather,qwen,regex,1,58,snow_1h_mm,snow_1h_mm,qwen_semantic,FALSE_POSITIVE,True
quantum,openweather,qwen,regex,1,58,temperature_c,temperature_c,qwen_semantic,FALSE_POSITIVE,True
quantum,openweather,qwen,regex,1,58,lon,lon,qwen_semantic,FALSE_POSITIVE,True
quantum,openweather,qwen,regex,1,58,lat,lat,qwen_semantic,FALSE_POSITIVE,True
quantum,openweather,qwen,regex,1,58,weather_description,weather_description,qwen_semantic,FALSE_POSITIVE,True
quantum,openweather,qwen,regex,1,58,heat_index_c,heat_index_c,qwen_semantic,FALSE_POSITIVE,True
quantum,openweather,qwen,regex,1,58,pressure_hpa,pressure_hpa,qwen_semantic,FALSE_POSITIVE,True
quantum,openweather,qwen,regex,1,58,wind_chill_c,wind_chill_c,qwen_semantic,FALSE_POSITIVE,True
quantum,openweather,qwen,regex,1,58,timezone,timezone,qwen_semantic,FALSE_POSITIVE,True
quantum,openweather,qwen,regex,1,58,weather_main,weather_main,qwen_semantic,FALSE_POSITIVE,True
quantum,openweather,qwen,regex,1,58,cloud_percent,cloud_percent,qwen_semantic,FALSE_POSITIVE,True
quantum,openweather,qwen,regex,1,58,city,city,qwen_semantic,FALSE_POSITIVE,True
quantum,openweather,qwen,regex,1,58,sunset_ts,timezone,qwen_semantic,FALSE_POSITIVE,True
quantum,openweather,qwen,regex,1,58,wind_gust_ms,wind_gust_ms,qwen_semantic,FALSE_POSITIVE,True
quantum,openweather,qwen,regex,1,58,sunrise_ts,timezone,qwen_semantic,FALSE_POSITIVE,True
quantum,openweather,qwen,regex,1,58,dew_point_c,dew_point_c,qwen_semantic,FALSE_POSITIVE,True
quantum,openweather,qwen,regex,1,58,feels_like_c,feels_like_c,qwen_semantic,FALSE_POSITIVE,True
quantum,openweather,qwen,regex,1,76,humidity_percent,humidity_percent,qwen_semantic,FALSE_POSITIVE,True
quantum,openweather,qwen,regex,1,76,weather_icon,weather_icon,qwen_semantic,FALSE_POSITIVE,True
quantum,openweather,qwen,regex,1,76,clouds_percent,clouds_percent,qwen_semantic,FALSE_POSITIVE,True
quantum,openweather,qwen,regex,1,76,wind_degrees,wind_degrees,qwen_semantic,FALSE_POSITIVE,True
quantum,openweather,qwen,regex,1,76,rain_1h_mm,rain_1h_mm_backup,qwen_semantic,FALSE_POSITIVE,True
quantum,openweather,qwen,regex,1,76,visibility_m,visibility_m,qwen_semantic,FALSE_POSITIVE,True
quantum,openweather,qwen,regex,1,76,wind_speed_ms,wind_speed_ms,qwen_semantic,FALSE_POSITIVE,True
quantum,openweather,qwen,regex,1,76,snow_1h_mm,snow_1h_mm,qwen_semantic,FALSE_POSITIVE,True
quantum,openweather,qwen,regex,1,76,temperature_c,temperature_c,qwen_semantic,FALSE_POSITIVE,True
quantum,openweather,qwen,regex,1,76,lon,lon,qwen_semantic,FALSE_POSITIVE,True
quantum,openweather,qwen,regex,1,76,lat,lat,qwen_semantic,FALSE_POSITIVE,True
quantum,openweather,qwen,regex,1,76,weather_description,weather_description,qwen_semantic,FALSE_POSITIVE,True
quantum,openweather,qwen,regex,1,76,heat_index_c,heat_index_c,qwen_semantic,FALSE_POSITIVE,True
quantum,openweather,qwen,regex,1,76,pressure_hpa,pressure_hpa,qwen_semantic,FALSE_POSITIVE,True
quantum,openweather,qwen,regex,1,76,wind_chill_c,wind_chill_c,qwen_semantic,FALSE_POSITIVE,True
quantum,openweather,qwen,regex,1,76,timezone,timezone,qwen_semantic,FALSE_POSITIVE,True
quantum,openweather,qwen,regex,1,76,weather_main,weather_main,qwen_semantic,FALSE_POSITIVE,True
quantum,openweather,qwen,regex,1,76,cloud_percent,cloud_percent,qwen_semantic,FALSE_POSITIVE,True
quantum,openweather,qwen,regex,1,76,city,city,qwen_semantic,FALSE_POSITIVE,True
quantum,openweather,qwen,regex,1,76,sunset_ts,timezone,qwen_semantic,SUCCESS,True
quantum,openweather,qwen,regex,1,76,wind_gust_ms,wind_gust_ms,qwen_semantic,FALSE_POSITIVE,True
quantum,openweather,qwen,regex,1,76,sunrise_ts,timezone,qwen_semantic,FALSE_POSITIVE,True
quantum,openweather,qwen,regex,1,76,dew_point_c,dew_point_c,qwen_semantic,FALSE_POSITIVE,True
quantum,openweather,qwen,regex,1,76,feels_like_c,feels_like_c,qwen_semantic,FALSE_POSITIVE,True
quantum,openweather,qwen,regex,1,82,humidity_percent,humidity_percent,qwen_semantic,FALSE_POSITIVE,True
quantum,openweather,qwen,regex,1,82,weather_icon,weather_icon,qwen_semantic,FALSE_POSITIVE,True
quantum,openweather,qwen,regex,1,82,clouds_percent,clouds_percent,qwen_semantic,FALSE_POSITIVE,True
quantum,openweather,qwen,regex,1,82,wind_degrees,wind_degrees,qwen_semantic,FALSE_POSITIVE,True
quantum,openweather,qwen,regex,1,82,rain_1h_mm,rain_1h_mm,qwen_semantic,FALSE_POSITIVE,True
quantum,openweather,qwen,regex,1,82,visibility_m,visibility_m,qwen_semantic,FALSE_POSITIVE,True
quantum,openweather,qwen,regex,1,82,wind_speed_ms,wind_speed_ms,qwen_semantic,FALSE_POSITIVE,True
quantum,openweather,qwen,regex,1,82,snow_1h_mm,snow_1h_mm,qwen_semantic,FALSE_POSITIVE,True
quantum,openweather,qwen,regex,1,82,temperature_c,temperature_c,qwen_semantic,FALSE_POSITIVE,True
quantum,openweather,qwen,regex,1,82,lon,lon,qwen_semantic,FALSE_POSITIVE,True
quantum,openweather,qwen,regex,1,82,lat,lat,qwen_semantic,FALSE_POSITIVE,True
quantum,openweather,qwen,regex,1,82,weather_description,weather_description,qwen_semantic,FALSE_POSITIVE,True
quantum,openweather,qwen,regex,1,82,heat_index_c,heat_index_c,qwen_semantic,FALSE_POSITIVE,True
quantum,openweather,qwen,regex,1,82,pressure_hpa,pressure_hpa,qwen_semantic,FALSE_POSITIVE,True
quantum,openweather,qwen,regex,1,82,wind_chill_c,wind_chill_c,qwen_semantic,FALSE_POSITIVE,True
quantum,openweather,qwen,regex,1,82,timezone,timezone,qwen_semantic,FALSE_POSITIVE,True
quantum,openweather,qwen,regex,1,82,weather_main,weather_main,qwen_semantic,FALSE_POSITIVE,True
quantum,openweather,qwen,regex,1,82,cloud_percent,cloud_percent_alt,qwen_semantic,SUCCESS,True
quantum,openweather,qwen,regex,1,82,city,city,qwen_semantic,FALSE_POSITIVE,True
quantum,openweather,qwen,regex,1,82,sunset_ts,timezone,qwen_semantic,FALSE_POSITIVE,True
quantum,openweather,qwen,regex,1,82,wind_gust_ms,wind_gust_ms,qwen_semantic,FALSE_POSITIVE,True
quantum,openweather,qwen,regex,1,82,sunrise_ts,timezone,qwen_semantic,FALSE_POSITIVE,True
quantum,openweather,qwen,regex,1,82,dew_point_c,dew_point_c,qwen_semantic,FALSE_POSITIVE,True
quantum,openweather,qwen,regex,1,82,feels_like_c,feels_like_c,qwen_semantic,FALSE_POSITIVE,True
quantum,openweather,qwen,regex,1,85,humidity_percent,humidity_percent,qwen_semantic,FALSE_POSITIVE,True
quantum,openweather,qwen,regex,1,85,weather_icon,weather_icon,qwen_semantic,FALSE_POSITIVE,True
quantum,openweather,qwen,regex,1,85,clouds_percent,clouds_percent,qwen_semantic,FALSE_POSITIVE,True
quantum,openweather,qwen,regex,1,85,wind_degrees,wind_degrees,qwen_semantic,FALSE_POSITIVE,True
quantum,openweather,qwen,regex,1,85,rain_1h_mm,rain_1h_mm,qwen_semantic,FALSE_POSITIVE,True
quantum,openweather,qwen,regex,1,85,visibility_m,visibility_m,qwen_semantic,FALSE_POSITIVE,True
quantum,openweather,qwen,regex,1,85,wind_speed_ms,wind_speed_ms,qwen_semantic,FALSE_POSITIVE,True
quantum,openweather,qwen,regex,1,85,snow_1h_mm,snow_1h_mm,qwen_semantic,FALSE_POSITIVE,True
quantum,openweather,qwen,regex,1,85,temperature_c,temperature_c,qwen_semantic,FALSE_POSITIVE,True
quantum,openweather,qwen,regex,1,85,lon,lon,qwen_semantic,FALSE_POSITIVE,True
quantum,openweather,qwen,regex,1,85,lat,lat,qwen_semantic,FALSE_POSITIVE,True
quantum,openweather,qwen,regex,1,85,weather_description,weather_description,qwen_semantic,FALSE_POSITIVE,True
quantum,openweather,qwen,regex,1,85,heat_index_c,heat_index_c,qwen_semantic,FALSE_POSITIVE,True
quantum,openweather,qwen,regex,1,85,pressure_hpa,pressure_hpa,qwen_semantic,FALSE_POSITIVE,True
quantum,openweather,qwen,regex,1,85,wind_chill_c,wind_chill_c,qwen_semantic,FALSE_POSITIVE,True
quantum,openweather,qwen,regex,1,85,timezone,timezone_alt,qwen_semantic,SUCCESS,True
quantum,openweather,qwen,regex,1,85,weather_main,weather_main,qwen_semantic,FALSE_POSITIVE,True
quantum,openweather,qwen,regex,1,85,cloud_percent,cloud_percent,qwen_semantic,FALSE_POSITIVE,True
quantum,openweather,qwen,regex,1,85,city,city,qwen_semantic,FALSE_POSITIVE,True
quantum,openweather,qwen,regex,1,85,sunset_ts,timezone_alt,qwen_semantic,FALSE_POSITIVE,True
quantum,openweather,qwen,regex,1,85,wind_gust_ms,wind_gust_ms,qwen_semantic,FALSE_POSITIVE,True
quantum,openweather,qwen,regex,1,85,sunrise_ts,timezone_alt,qwen_semantic,FALSE_POSITIVE,True
quantum,openweather,qwen,regex,1,85,dew_point_c,dew_point_c,qwen_semantic,FALSE_POSITIVE,True
quantum,openweather,qwen,regex,1,85,feels_like_c,feels_like_c,qwen_semantic,FALSE_POSITIVE,True
quantum,openweather,qwen,regex,1,108,humidity_percent,humidity_percent,qwen_semantic,FALSE_POSITIVE,True
quantum,openweather,qwen,regex,1,108,weather_icon,weather_icon,qwen_semantic,FALSE_POSITIVE,True
quantum,openweather,qwen,regex,1,108,clouds_percent,clouds_percent,qwen_semantic,FALSE_POSITIVE,True
quantum,openweather,qwen,regex,1,108,wind_degrees,wind_degrees,qwen_semantic,FALSE_POSITIVE,True
quantum,openweather,qwen,regex,1,108,rain_1h_mm,rain_1h_mm,qwen_semantic,FALSE_POSITIVE,True
quantum,openweather,qwen,regex,1,108,visibility_m,visibility_m,qwen_semantic,FALSE_POSITIVE,True
quantum,openweather,qwen,regex,1,108,wind_speed_ms,wind_speed_ms,qwen_semantic,FALSE_POSITIVE,True
quantum,openweather,qwen,regex,1,108,snow_1h_mm,snow_1h_mm,qwen_semantic,FALSE_POSITIVE,True
quantum,openweather,qwen,regex,1,108,temperature_c,temperature_c,qwen_semantic,FALSE_POSITIVE,True
quantum,openweather,qwen,regex,1,108,lon,lon,qwen_semantic,FALSE_POSITIVE,True
quantum,openweather,qwen,regex,1,108,lat,lat,qwen_semantic,FALSE_POSITIVE,True
quantum,openweather,qwen,regex,1,108,weather_description,weather_description,qwen_semantic,FALSE_POSITIVE,True
quantum,openweather,qwen,regex,1,108,heat_index_c,heat_index_c,qwen_semantic,FALSE_POSITIVE,True
quantum,openweather,qwen,regex,1,108,pressure_hpa,pressure_hpa,qwen_semantic,FALSE_POSITIVE,True
quantum,openweather,qwen,regex,1,108,wind_chill_c,wind_chill_c,qwen_semantic,FALSE_POSITIVE,True
quantum,openweather,qwen,regex,1,108,timezone,timezone_backup,qwen_semantic,FALSE_POSITIVE,True
quantum,openweather,qwen,regex,1,108,weather_main,weather_main,qwen_semantic,FALSE_POSITIVE,True
quantum,openweather,qwen,regex,1,108,cloud_percent,cloud_percent_alt,qwen_semantic,SUCCESS,True
quantum,openweather,qwen,regex,1,108,city,city,qwen_semantic,FALSE_POSITIVE,True
quantum,openweather,qwen,regex,1,108,sunset_ts,timezone_backup,qwen_semantic,FALSE_POSITIVE,True
quantum,openweather,qwen,regex,1,108,wind_gust_ms,wind_gust_ms,qwen_semantic,FALSE_POSITIVE,True
quantum,openweather,qwen,regex,1,108,sunrise_ts,timezone_backup,qwen_semantic,FALSE_POSITIVE,True
quantum,openweather,qwen,regex,1,108,dew_point_c,dew_point_c,qwen_semantic,FALSE_POSITIVE,True
quantum,openweather,qwen,regex,1,108,feels_like_c,feels_like_c,qwen_semantic,FALSE_POSITIVE,True
quantum,openweather,qwen,regex,1,118,humidity_percent,humidity_percent,qwen_semantic,FALSE_POSITIVE,True
quantum,openweather,qwen,regex,1,118,weather_icon,weather_icon,qwen_semantic,FALSE_POSITIVE,True
quantum,openweather,qwen,regex,1,118,clouds_percent,clouds_percent,qwen_semantic,FALSE_POSITIVE,True
quantum,openweather,qwen,regex,1,118,wind_degrees,wind_degrees,qwen_semantic,FALSE_POSITIVE,True
quantum,openweather,qwen,regex,1,118,rain_1h_mm,rain_1h_mm,qwen_semantic,FALSE_POSITIVE,True
quantum,openweather,qwen,regex,1,118,visibility_m,visibility_m,qwen_semantic,FALSE_POSITIVE,True
quantum,openweather,qwen,regex,1,118,wind_speed_ms,wind_speed_ms_alt,qwen_semantic,SUCCESS,True
quantum,openweather,qwen,regex,1,118,snow_1h_mm,snow_1h_mm,qwen_semantic,FALSE_POSITIVE,True
quantum,openweather,qwen,regex,1,118,temperature_c,temperature_c,qwen_semantic,FALSE_POSITIVE,True
quantum,openweather,qwen,regex,1,118,lon,lon,qwen_semantic,FALSE_POSITIVE,True
quantum,openweather,qwen,regex,1,118,lat,lat,qwen_semantic,FALSE_POSITIVE,True
quantum,openweather,qwen,regex,1,118,weather_description,weather_description,qwen_semantic,FALSE_POSITIVE,True
quantum,openweather,qwen,regex,1,118,heat_index_c,heat_index_c,qwen_semantic,FALSE_POSITIVE,True
quantum,openweather,qwen,regex,1,118,pressure_hpa,pressure_hpa,qwen_semantic,FALSE_POSITIVE,True
quantum,openweather,qwen,regex,1,118,wind_chill_c,wind_chill_c,qwen_semantic,FALSE_POSITIVE,True
quantum,openweather,qwen,regex,1,118,timezone,timezone,qwen_semantic,FALSE_POSITIVE,True
quantum,openweather,qwen,regex,1,118,weather_main,weather_main,qwen_semantic,FALSE_POSITIVE,True
quantum,openweather,qwen,regex,1,118,cloud_percent,cloud_percent,qwen_semantic,FALSE_POSITIVE,True
quantum,openweather,qwen,regex,1,118,city,city,qwen_semantic,FALSE_POSITIVE,True
quantum,openweather,qwen,regex,1,118,sunset_ts,timezone,qwen_semantic,FALSE_POSITIVE,True
quantum,openweather,qwen,regex,1,118,wind_gust_ms,wind_gust_ms,qwen_semantic,FALSE_POSITIVE,True
quantum,openweather,qwen,regex,1,118,sunrise_ts,timezone,qwen_semantic,FALSE_POSITIVE,True
quantum,openweather,qwen,regex,1,118,dew_point_c,dew_point_c,qwen_semantic,FALSE_POSITIVE,True
quantum,openweather,qwen,regex,1,118,feels_like_c,feels_like_c,qwen_semantic,FALSE_POSITIVE,True
quantum,openweather,qwen,regex,1,154,humidity_percent,humidity_percent_alt,qwen_semantic,SUCCESS,True
quantum,openweather,qwen,regex,1,154,weather_icon,weather_icon,qwen_semantic,FALSE_POSITIVE,True
quantum,openweather,qwen,regex,1,154,clouds_percent,clouds_percent,qwen_semantic,FALSE_POSITIVE,True
quantum,openweather,qwen,regex,1,154,wind_degrees,wind_degrees,qwen_semantic,FALSE_POSITIVE,True
quantum,openweather,qwen,regex,1,154,rain_1h_mm,rain_1h_mm,qwen_semantic,FALSE_POSITIVE,True
quantum,openweather,qwen,regex,1,154,visibility_m,visibility_m,qwen_semantic,FALSE_POSITIVE,True
quantum,openweather,qwen,regex,1,154,wind_speed_ms,wind_speed_ms,qwen_semantic,FALSE_POSITIVE,True
quantum,openweather,qwen,regex,1,154,snow_1h_mm,snow_1h_mm,qwen_semantic,FALSE_POSITIVE,True
quantum,openweather,qwen,regex,1,154,temperature_c,temperature_c,qwen_semantic,FALSE_POSITIVE,True
quantum,openweather,qwen,regex,1,154,lon,lon,qwen_semantic,FALSE_POSITIVE,True
quantum,openweather,qwen,regex,1,154,lat,lat,qwen_semantic,FALSE_POSITIVE,True
quantum,openweather,qwen,regex,1,154,weather_description,weather_description,qwen_semantic,FALSE_POSITIVE,True
quantum,openweather,qwen,regex,1,154,heat_index_c,heat_index_c,qwen_semantic,FALSE_POSITIVE,True
quantum,openweather,qwen,regex,1,154,pressure_hpa,pressure_hpa,qwen_semantic,FALSE_POSITIVE,True
quantum,openweather,qwen,regex,1,154,wind_chill_c,wind_chill_c,qwen_semantic,FALSE_POSITIVE,True
quantum,openweather,qwen,regex,1,154,timezone,timezone,qwen_semantic,FALSE_POSITIVE,True
quantum,openweather,qwen,regex,1,154,weather_main,weather_main,qwen_semantic,FALSE_POSITIVE,True
quantum,openweather,qwen,regex,1,154,cloud_percent,cloud_percent,qwen_semantic,FALSE_POSITIVE,True
quantum,openweather,qwen,regex,1,154,city,city,qwen_semantic,FALSE_POSITIVE,True
quantum,openweather,qwen,regex,1,154,sunset_ts,timezone,qwen_semantic,FALSE_POSITIVE,True
quantum,openweather,qwen,regex,1,154,wind_gust_ms,wind_gust_ms,qwen_semantic,FALSE_POSITIVE,True
quantum,openweather,qwen,regex,1,154,sunrise_ts,timezone,qwen_semantic,FALSE_POSITIVE,True
quantum,openweather,qwen,regex,1,154,dew_point_c,dew_point_c,qwen_semantic,FALSE_POSITIVE,True
quantum,openweather,qwen,regex,1,154,feels_like_c,feels_like_c,qwen_semantic,FALSE_POSITIVE,True
quantum,openweather,qwen,regex,1,160,humidity_percent,humidity_percent,qwen_semantic,FALSE_POSITIVE,True
quantum,openweather,qwen,regex,1,160,weather_icon,weather_icon,qwen_semantic,FALSE_POSITIVE,True
quantum,openweather,qwen,regex,1,160,clouds_percent,clouds_percent,qwen_semantic,FALSE_POSITIVE,True
quantum,openweather,qwen,regex,1,160,wind_degrees,wind_degrees,qwen_semantic,FALSE_POSITIVE,True
quantum,openweather,qwen,regex,1,160,rain_1h_mm,rain_1h_mm,qwen_semantic,FALSE_POSITIVE,True
quantum,openweather,qwen,regex,1,160,visibility_m,visibility_m,qwen_semantic,FALSE_POSITIVE,True
quantum,openweather,qwen,regex,1,160,wind_speed_ms,wind_speed_ms,qwen_semantic,FALSE_POSITIVE,True
quantum,openweather,qwen,regex,1,160,snow_1h_mm,snow_1h_mm,qwen_semantic,FALSE_POSITIVE,True
quantum,openweather,qwen,regex,1,160,temperature_c,temperature_c,qwen_semantic,FALSE_POSITIVE,True
quantum,openweather,qwen,regex,1,160,lon,lon,qwen_semantic,FALSE_POSITIVE,True
quantum,openweather,qwen,regex,1,160,lat,lat,qwen_semantic,FALSE_POSITIVE,True
quantum,openweather,qwen,regex,1,160,weather_description,weather_description_alt,qwen_semantic,SUCCESS,True
quantum,openweather,qwen,regex,1,160,heat_index_c,heat_index_c,qwen_semantic,FALSE_POSITIVE,True
quantum,openweather,qwen,regex,1,160,pressure_hpa,pressure_hpa,qwen_semantic,FALSE_POSITIVE,True
quantum,openweather,qwen,regex,1,160,wind_chill_c,wind_chill_c,qwen_semantic,FALSE_POSITIVE,True
quantum,openweather,qwen,regex,1,160,timezone,timezone,qwen_semantic,FALSE_POSITIVE,True
quantum,openweather,qwen,regex,1,160,weather_main,weather_main,qwen_semantic,FALSE_POSITIVE,True
quantum,openweather,qwen,regex,1,160,cloud_percent,cloud_percent,qwen_semantic,FALSE_POSITIVE,True
quantum,openweather,qwen,regex,1,160,city,city,qwen_semantic,FALSE_POSITIVE,True
quantum,openweather,qwen,regex,1,160,sunset_ts,timezone,qwen_semantic,FALSE_POSITIVE,True
quantum,openweather,qwen,regex,1,160,wind_gust_ms,wind_gust_ms,qwen_semantic,FALSE_POSITIVE,True
quantum,openweather,qwen,regex,1,160,sunrise_ts,timezone,qwen_semantic,FALSE_POSITIVE,True
quantum,openweather,qwen,regex,1,160,dew_point_c,dew_point_c,qwen_semantic,FALSE_POSITIVE,True
quantum,openweather,qwen,regex,1,160,feels_like_c,feels_like_c,qwen_semantic,FALSE_POSITIVE,True
quantum,openweather,qwen,regex,1,194,humidity_percent,humidity_percent,qwen_semantic,FALSE_POSITIVE,True
quantum,openweather,qwen,regex,1,194,weather_icon,weather_icon,qwen_semantic,FALSE_POSITIVE,True
quantum,openweather,qwen,regex,1,194,clouds_percent,clouds_percent,qwen_semantic,FALSE_POSITIVE,True
quantum,openweather,qwen,regex,1,194,wind_degrees,wind_degrees,qwen_semantic,FALSE_POSITIVE,True
quantum,openweather,qwen,regex,1,194,rain_1h_mm,rain_1h_mm,qwen_semantic,FALSE_POSITIVE,True
quantum,openweather,qwen,regex,1,194,visibility_m,visibility_m,qwen_semantic,FALSE_POSITIVE,True
quantum,openweather,qwen,regex,1,194,wind_speed_ms,wind_speed_ms_alt,qwen_semantic,SUCCESS,True
quantum,openweather,qwen,regex,1,194,snow_1h_mm,snow_1h_mm,qwen_semantic,FALSE_POSITIVE,True
quantum,openweather,qwen,regex,1,194,temperature_c,temperature_c,qwen_semantic,FALSE_POSITIVE,True
quantum,openweather,qwen,regex,1,194,lon,lon,qwen_semantic,FALSE_POSITIVE,True
quantum,openweather,qwen,regex,1,194,lat,lat,qwen_semantic,FALSE_POSITIVE,True
quantum,openweather,qwen,regex,1,194,weather_description,weather_description,qwen_semantic,FALSE_POSITIVE,True
quantum,openweather,qwen,regex,1,194,heat_index_c,heat_index_c,qwen_semantic,FALSE_POSITIVE,True
quantum,openweather,qwen,regex,1,194,pressure_hpa,pressure_hpa,qwen_semantic,FALSE_POSITIVE,True
quantum,openweather,qwen,regex,1,194,wind_chill_c,wind_chill_c,qwen_semantic,FALSE_POSITIVE,True
quantum,openweather,qwen,regex,1,194,timezone,timezone,qwen_semantic,FALSE_POSITIVE,True
quantum,openweather,qwen,regex,1,194,weather_main,weather_main,qwen_semantic,FALSE_POSITIVE,True
quantum,openweather,qwen,regex,1,194,cloud_percent,cloud_percent,qwen_semantic,FALSE_POSITIVE,True
quantum,openweather,qwen,regex,1,194,city,city,qwen_semantic,FALSE_POSITIVE,True
quantum,openweather,qwen,regex,1,194,sunset_ts,timezone,qwen_semantic,FALSE_POSITIVE,True
quantum,openweather,qwen,regex,1,194,wind_gust_ms,wind_gust_ms,qwen_semantic,FALSE_POSITIVE,True
quantum,openweather,qwen,regex,1,194,sunrise_ts,timezone,qwen_semantic,FALSE_POSITIVE,True
quantum,openweather,qwen,regex,1,194,dew_point_c,dew_point_c,qwen_semantic,FALSE_POSITIVE,True
quantum,openweather,qwen,regex,1,194,feels_like_c,feels_like_c,qwen_semantic,FALSE_POSITIVE,True
quantum,openweather,qwen,regex,1,255,humidity_percent,humidity_percent,qwen_semantic,FALSE_POSITIVE,True
quantum,openweather,qwen,regex,1,255,weather_icon,weather_icon,qwen_semantic,FALSE_POSITIVE,True
quantum,openweather,qwen,regex,1,255,clouds_percent,clouds_percent,qwen_semantic,FALSE_POSITIVE,True
quantum,openweather,qwen,regex,1,255,wind_degrees,wind_degrees,qwen_semantic,FALSE_POSITIVE,True
quantum,openweather,qwen,regex,1,255,rain_1h_mm,rain_1h_mm,qwen_semantic,FALSE_POSITIVE,True
quantum,openweather,qwen,regex,1,255,visibility_m,visibility_m,qwen_semantic,FALSE_POSITIVE,True
quantum,openweather,qwen,regex,1,255,wind_speed_ms,wind_speed_ms,qwen_semantic,FALSE_POSITIVE,True
quantum,openweather,qwen,regex,1,255,snow_1h_mm,snow_1h_mm,qwen_semantic,FALSE_POSITIVE,True
quantum,openweather,qwen,regex,1,255,temperature_c,temperature_c,qwen_semantic,FALSE_POSITIVE,True
quantum,openweather,qwen,regex,1,255,lon,lon,qwen_semantic,FALSE_POSITIVE,True
quantum,openweather,qwen,regex,1,255,lat,lat,qwen_semantic,FALSE_POSITIVE,True
quantum,openweather,qwen,regex,1,255,weather_description,weather_description,qwen_semantic,FALSE_POSITIVE,True
quantum,openweather,qwen,regex,1,255,heat_index_c,heat_index_c,qwen_semantic,FALSE_POSITIVE,True
quantum,openweather,qwen,regex,1,255,pressure_hpa,pressure_hpa,qwen_semantic,FALSE_POSITIVE,True
quantum,openweather,qwen,regex,1,255,wind_chill_c,wind_chill_c,qwen_semantic,FALSE_POSITIVE,True
quantum,openweather,qwen,regex,1,255,timezone,timezone,qwen_semantic,FALSE_POSITIVE,True
quantum,openweather,qwen,regex,1,255,weather_main,weather_main_alt,qwen_semantic,SUCCESS,True
quantum,openweather,qwen,regex,1,255,cloud_percent,cloud_percent,qwen_semantic,FALSE_POSITIVE,True
quantum,openweather,qwen,regex,1,255,city,city,qwen_semantic,FALSE_POSITIVE,True
quantum,openweather,qwen,regex,1,255,sunset_ts,timezone,qwen_semantic,FALSE_POSITIVE,True
quantum,openweather,qwen,regex,1,255,wind_gust_ms,wind_gust_ms,qwen_semantic,FALSE_POSITIVE,True
quantum,openweather,qwen,regex,1,255,sunrise_ts,timezone,qwen_semantic,FALSE_POSITIVE,True
quantum,openweather,qwen,regex,1,255,dew_point_c,dew_point_c,qwen_semantic,FALSE_POSITIVE,True
quantum,openweather,qwen,regex,1,255,feels_like_c,feels_like_c,qwen_semantic,FALSE_POSITIVE,True
quantum,openweather,qwen,regex,1,264,humidity_percent,humidity_percent,qwen_semantic,FALSE_POSITIVE,True
quantum,openweather,qwen,regex,1,264,weather_icon,weather_icon,qwen_semantic,FALSE_POSITIVE,True
quantum,openweather,qwen,regex,1,264,clouds_percent,clouds_percent,qwen_semantic,FALSE_POSITIVE,True
quantum,openweather,qwen,regex,1,264,wind_degrees,wind_degrees,qwen_semantic,FALSE_POSITIVE,True
quantum,openweather,qwen,regex,1,264,rain_1h_mm,rain_1h_mm,qwen_semantic,FALSE_POSITIVE,True
quantum,openweather,qwen,regex,1,264,visibility_m,visibility_m,qwen_semantic,FALSE_POSITIVE,True
quantum,openweather,qwen,regex,1,264,wind_speed_ms,wind_speed_ms,qwen_semantic,FALSE_POSITIVE,True
quantum,openweather,qwen,regex,1,264,snow_1h_mm,snow_1h_mm,qwen_semantic,FALSE_POSITIVE,True
quantum,openweather,qwen,regex,1,264,temperature_c,temperature_c,qwen_semantic,FALSE_POSITIVE,True
quantum,openweather,qwen,regex,1,264,lon,lon,qwen_semantic,FALSE_POSITIVE,True
quantum,openweather,qwen,regex,1,264,lat,lat,qwen_semantic,FALSE_POSITIVE,True
quantum,openweather,qwen,regex,1,264,weather_description,weather_description,qwen_semantic,FALSE_POSITIVE,True
quantum,openweather,qwen,regex,1,264,heat_index_c,heat_index_c,qwen_semantic,FALSE_POSITIVE,True
quantum,openweather,qwen,regex,1,264,pressure_hpa,pressure_hpa,qwen_semantic,FALSE_POSITIVE,True
quantum,openweather,qwen,regex,1,264,wind_chill_c,wind_chill_c_alt,qwen_semantic,SUCCESS,True
quantum,openweather,qwen,regex,1,264,timezone,timezone,qwen_semantic,FALSE_POSITIVE,True
quantum,openweather,qwen,regex,1,264,weather_main,weather_main,qwen_semantic,FALSE_POSITIVE,True
quantum,openweather,qwen,regex,1,264,cloud_percent,cloud_percent,qwen_semantic,FALSE_POSITIVE,True
quantum,openweather,qwen,regex,1,264,city,city,qwen_semantic,FALSE_POSITIVE,True
quantum,openweather,qwen,regex,1,264,sunset_ts,timezone,qwen_semantic,FALSE_POSITIVE,True
quantum,openweather,qwen,regex,1,264,wind_gust_ms,wind_gust_ms,qwen_semantic,FALSE_POSITIVE,True
quantum,openweather,qwen,regex,1,264,sunrise_ts,timezone,qwen_semantic,FALSE_POSITIVE,True
quantum,openweather,qwen,regex,1,264,dew_point_c,dew_point_c,qwen_semantic,FALSE_POSITIVE,True
quantum,openweather,qwen,regex,1,264,feels_like_c,feels_like_c,qwen_semantic,FALSE_POSITIVE,True
quantum,openweather,qwen,regex,1,277,humidity_percent,humidity_percent,qwen_semantic,FALSE_POSITIVE,True
quantum,openweather,qwen,regex,1,277,weather_icon,weather_icon,qwen_semantic,FALSE_POSITIVE,True
quantum,openweather,qwen,regex,1,277,clouds_percent,clouds_percent,qwen_semantic,FALSE_POSITIVE,True
quantum,openweather,qwen,regex,1,277,wind_degrees,wind_degrees,qwen_semantic,FALSE_POSITIVE,True
quantum,openweather,qwen,regex,1,277,rain_1h_mm,rain_1h_mm,qwen_semantic,FALSE_POSITIVE,True
quantum,openweather,qwen,regex,1,277,visibility_m,visibility_m,qwen_semantic,FALSE_POSITIVE,True
quantum,openweather,qwen,regex,1,277,wind_speed_ms,wind_speed_ms,qwen_semantic,FALSE_POSITIVE,True
quantum,openweather,qwen,regex,1,277,snow_1h_mm,snow_1h_mm,qwen_semantic,FALSE_POSITIVE,True
quantum,openweather,qwen,regex,1,277,temperature_c,temperature_c,qwen_semantic,FALSE_POSITIVE,True
quantum,openweather,qwen,regex,1,277,lon,lon,qwen_semantic,FALSE_POSITIVE,True
quantum,openweather,qwen,regex,1,277,lat,lat_alt,qwen_semantic,SUCCESS,True
quantum,openweather,qwen,regex,1,277,weather_description,weather_description,qwen_semantic,FALSE_POSITIVE,True
quantum,openweather,qwen,regex,1,277,heat_index_c,heat_index_c,qwen_semantic,FALSE_POSITIVE,True
quantum,openweather,qwen,regex,1,277,pressure_hpa,pressure_hpa,qwen_semantic,FALSE_POSITIVE,True
quantum,openweather,qwen,regex,1,277,wind_chill_c,wind_chill_c,qwen_semantic,FALSE_POSITIVE,True
quantum,openweather,qwen,regex,1,277,timezone,timezone,qwen_semantic,FALSE_POSITIVE,True
quantum,openweather,qwen,regex,1,277,weather_main,weather_main,qwen_semantic,FALSE_POSITIVE,True
quantum,openweather,qwen,regex,1,277,cloud_percent,cloud_percent,qwen_semantic,FALSE_POSITIVE,True
quantum,openweather,qwen,regex,1,277,city,city,qwen_semantic,FALSE_POSITIVE,True
quantum,openweather,qwen,regex,1,277,sunset_ts,timezone,qwen_semantic,FALSE_POSITIVE,True
quantum,openweather,qwen,regex,1,277,wind_gust_ms,wind_gust_ms,qwen_semantic,FALSE_POSITIVE,True
quantum,openweather,qwen,regex,1,277,sunrise_ts,timezone,qwen_semantic,FALSE_POSITIVE,True
quantum,openweather,qwen,regex,1,277,dew_point_c,dew_point_c,qwen_semantic,FALSE_POSITIVE,True
quantum,openweather,qwen,regex,1,277,feels_like_c,feels_like_c,qwen_semantic,FALSE_POSITIVE,True
quantum,openweather,qwen,regex,1,306,humidity_percent,humidity_percent,qwen_semantic,FALSE_POSITIVE,True
quantum,openweather,qwen,regex,1,306,weather_icon,weather_icon,qwen_semantic,FALSE_POSITIVE,True
quantum,openweather,qwen,regex,1,306,clouds_percent,clouds_percent,qwen_semantic,FALSE_POSITIVE,True
quantum,openweather,qwen,regex,1,306,wind_degrees,wind_degrees,qwen_semantic,FALSE_POSITIVE,True
quantum,openweather,qwen,regex,1,306,rain_1h_mm,rain_1h_mm,qwen_semantic,FALSE_POSITIVE,True
quantum,openweather,qwen,regex,1,306,visibility_m,visibility_m,qwen_semantic,FALSE_POSITIVE,True
quantum,openweather,qwen,regex,1,306,wind_speed_ms,wind_speed_ms,qwen_semantic,FALSE_POSITIVE,True
quantum,openweather,qwen,regex,1,306,snow_1h_mm,snow_1h_mm,qwen_semantic,FALSE_POSITIVE,True
quantum,openweather,qwen,regex,1,306,temperature_c,temperature_c,qwen_semantic,FALSE_POSITIVE,True
quantum,openweather,qwen,regex,1,306,lon,lon_alt,qwen_semantic,SUCCESS,True
quantum,openweather,qwen,regex,1,306,lat,lat,qwen_semantic,FALSE_POSITIVE,True
quantum,openweather,qwen,regex,1,306,weather_description,weather_description,qwen_semantic,FALSE_POSITIVE,True
quantum,openweather,qwen,regex,1,306,heat_index_c,heat_index_c,qwen_semantic,FALSE_POSITIVE,True
quantum,openweather,qwen,regex,1,306,pressure_hpa,pressure_hpa,qwen_semantic,FALSE_POSITIVE,True
quantum,openweather,qwen,regex,1,306,wind_chill_c,wind_chill_c,qwen_semantic,FALSE_POSITIVE,True
quantum,openweather,qwen,regex,1,306,timezone,timezone,qwen_semantic,FALSE_POSITIVE,True
quantum,openweather,qwen,regex,1,306,weather_main,weather_main,qwen_semantic,FALSE_POSITIVE,True
quantum,openweather,qwen,regex,1,306,cloud_percent,cloud_percent,qwen_semantic,FALSE_POSITIVE,True
quantum,openweather,qwen,regex,1,306,city,city,qwen_semantic,FALSE_POSITIVE,True
quantum,openweather,qwen,regex,1,306,sunset_ts,timezone,qwen_semantic,FALSE_POSITIVE,True
quantum,openweather,qwen,regex,1,306,wind_gust_ms,wind_gust_ms,qwen_semantic,FALSE_POSITIVE,True
quantum,openweather,qwen,regex,1,306,sunrise_ts,timezone,qwen_semantic,FALSE_POSITIVE,True
quantum,openweather,qwen,regex,1,306,dew_point_c,dew_point_c,qwen_semantic,FALSE_POSITIVE,True
quantum,openweather,qwen,regex,1,306,feels_like_c,feels_like_c,qwen_semantic,FALSE_POSITIVE,True
quantum,openweather,qwen,regex,1,308,humidity_percent,humidity_percent,qwen_semantic,FALSE_POSITIVE,True
quantum,openweather,qwen,regex,1,308,weather_icon,weather_icon,qwen_semantic,FALSE_POSITIVE,True
quantum,openweather,qwen,regex,1,308,clouds_percent,clouds_percent,qwen_semantic,FALSE_POSITIVE,True
quantum,openweather,qwen,regex,1,308,wind_degrees,wind_degrees,qwen_semantic,FALSE_POSITIVE,True
quantum,openweather,qwen,regex,1,308,rain_1h_mm,rain_1h_mm,qwen_semantic,FALSE_POSITIVE,True
quantum,openweather,qwen,regex,1,308,visibility_m,visibility_m,qwen_semantic,FALSE_POSITIVE,True
quantum,openweather,qwen,regex,1,308,wind_speed_ms,wind_speed_ms,qwen_semantic,FALSE_POSITIVE,True
quantum,openweather,qwen,regex,1,308,snow_1h_mm,snow_1h_mm,qwen_semantic,FALSE_POSITIVE,True
quantum,openweather,qwen,regex,1,308,temperature_c,temperature_c_backup,qwen_semantic,FALSE_POSITIVE,True
quantum,openweather,qwen,regex,1,308,lon,lon,qwen_semantic,FALSE_POSITIVE,True
quantum,openweather,qwen,regex,1,308,lat,lat,qwen_semantic,FALSE_POSITIVE,True
quantum,openweather,qwen,regex,1,308,weather_description,weather_description,qwen_semantic,FALSE_POSITIVE,True
quantum,openweather,qwen,regex,1,308,heat_index_c,heat_index_c,qwen_semantic,FALSE_POSITIVE,True
quantum,openweather,qwen,regex,1,308,pressure_hpa,pressure_hpa,qwen_semantic,FALSE_POSITIVE,True
quantum,openweather,qwen,regex,1,308,wind_chill_c,wind_chill_c,qwen_semantic,FALSE_POSITIVE,True
quantum,openweather,qwen,regex,1,308,timezone,timezone,qwen_semantic,FALSE_POSITIVE,True
quantum,openweather,qwen,regex,1,308,weather_main,weather_main_alt,qwen_semantic,SUCCESS,True
quantum,openweather,qwen,regex,1,308,cloud_percent,cloud_percent,qwen_semantic,FALSE_POSITIVE,True
quantum,openweather,qwen,regex,1,308,city,city,qwen_semantic,FALSE_POSITIVE,True
quantum,openweather,qwen,regex,1,308,sunset_ts,timezone,qwen_semantic,FALSE_POSITIVE,True
quantum,openweather,qwen,regex,1,308,wind_gust_ms,wind_gust_ms,qwen_semantic,FALSE_POSITIVE,True
quantum,openweather,qwen,regex,1,308,sunrise_ts,timezone,qwen_semantic,FALSE_POSITIVE,True
quantum,openweather,qwen,regex,1,308,dew_point_c,dew_point_c,qwen_semantic,FALSE_POSITIVE,True
quantum,openweather,qwen,regex,1,308,feels_like_c,feels_like_c,qwen_semantic,FALSE_POSITIVE,True
quantum,openweather,qwen,regex,1,327,humidity_percent,humidity_percent,qwen_semantic,FALSE_POSITIVE,True
quantum,openweather,qwen,regex,1,327,weather_icon,weather_icon,qwen_semantic,FALSE_POSITIVE,True
quantum,openweather,qwen,regex,1,327,clouds_percent,clouds_percent,qwen_semantic,FALSE_POSITIVE,True
quantum,openweather,qwen,regex,1,327,wind_degrees,wind_degrees,qwen_semantic,FALSE_POSITIVE,True
quantum,openweather,qwen,regex,1,327,rain_1h_mm,rain_1h_mm_alt,qwen_semantic,SUCCESS,True
quantum,openweather,qwen,regex,1,327,visibility_m,visibility_m,qwen_semantic,FALSE_POSITIVE,True
quantum,openweather,qwen,regex,1,327,wind_speed_ms,wind_speed_ms,qwen_semantic,FALSE_POSITIVE,True
quantum,openweather,qwen,regex,1,327,snow_1h_mm,snow_1h_mm,qwen_semantic,FALSE_POSITIVE,True
quantum,openweather,qwen,regex,1,327,temperature_c,temperature_c,qwen_semantic,FALSE_POSITIVE,True
quantum,openweather,qwen,regex,1,327,lon,lon,qwen_semantic,FALSE_POSITIVE,True
quantum,openweather,qwen,regex,1,327,lat,lat,qwen_semantic,FALSE_POSITIVE,True
quantum,openweather,qwen,regex,1,327,weather_description,weather_description,qwen_semantic,FALSE_POSITIVE,True
quantum,openweather,qwen,regex,1,327,heat_index_c,heat_index_c,qwen_semantic,FALSE_POSITIVE,True
quantum,openweather,qwen,regex,1,327,pressure_hpa,pressure_hpa,qwen_semantic,FALSE_POSITIVE,True
quantum,openweather,qwen,regex,1,327,wind_chill_c,wind_chill_c,qwen_semantic,FALSE_POSITIVE,True
quantum,openweather,qwen,regex,1,327,timezone,timezone,qwen_semantic,FALSE_POSITIVE,True
quantum,openweather,qwen,regex,1,327,weather_main,weather_main,qwen_semantic,FALSE_POSITIVE,True
quantum,openweather,qwen,regex,1,327,cloud_percent,cloud_percent,qwen_semantic,FALSE_POSITIVE,True
quantum,openweather,qwen,regex,1,327,city,city,qwen_semantic,FALSE_POSITIVE,True
quantum,openweather,qwen,regex,1,327,sunset_ts,timezone,qwen_semantic,FALSE_POSITIVE,True
quantum,openweather,qwen,regex,1,327,wind_gust_ms,wind_gust_ms_backup,qwen_semantic,FALSE_POSITIVE,True
quantum,openweather,qwen,regex,1,327,sunrise_ts,timezone,qwen_semantic,FALSE_POSITIVE,True
quantum,openweather,qwen,regex,1,327,dew_point_c,dew_point_c,qwen_semantic,FALSE_POSITIVE,True
quantum,openweather,qwen,regex,1,327,feels_like_c,feels_like_c,qwen_semantic,FALSE_POSITIVE,True
quantum,openweather,qwen,regex,1,344,humidity_percent,humidity_percent,qwen_semantic,FALSE_POSITIVE,True
quantum,openweather,qwen,regex,1,344,weather_icon,weather_icon,qwen_semantic,FALSE_POSITIVE,True
quantum,openweather,qwen,regex,1,344,clouds_percent,clouds_percent,qwen_semantic,FALSE_POSITIVE,True
quantum,openweather,qwen,regex,1,344,wind_degrees,wind_degrees,qwen_semantic,FALSE_POSITIVE,True
quantum,openweather,qwen,regex,1,344,rain_1h_mm,rain_1h_mm,qwen_semantic,FALSE_POSITIVE,True
quantum,openweather,qwen,regex,1,344,visibility_m,visibility_m,qwen_semantic,FALSE_POSITIVE,True
quantum,openweather,qwen,regex,1,344,wind_speed_ms,wind_speed_ms,qwen_semantic,FALSE_POSITIVE,True
quantum,openweather,qwen,regex,1,344,snow_1h_mm,snow_1h_mm,qwen_semantic,FALSE_POSITIVE,True
quantum,openweather,qwen,regex,1,344,temperature_c,temperature_c_backup,qwen_semantic,FALSE_POSITIVE,True
quantum,openweather,qwen,regex,1,344,lon,lon,qwen_semantic,FALSE_POSITIVE,True
quantum,openweather,qwen,regex,1,344,lat,lat,qwen_semantic,FALSE_POSITIVE,True
quantum,openweather,qwen,regex,1,344,weather_description,weather_description,qwen_semantic,FALSE_POSITIVE,True
quantum,openweather,qwen,regex,1,344,heat_index_c,heat_index_c,qwen_semantic,FALSE_POSITIVE,True
quantum,openweather,qwen,regex,1,344,pressure_hpa,pressure_hpa,qwen_semantic,FALSE_POSITIVE,True
quantum,openweather,qwen,regex,1,344,wind_chill_c,wind_chill_c,qwen_semantic,FALSE_POSITIVE,True
quantum,openweather,qwen,regex,1,344,timezone,timezone,qwen_semantic,FALSE_POSITIVE,True
quantum,openweather,qwen,regex,1,344,weather_main,weather_main,qwen_semantic,FALSE_POSITIVE,True
quantum,openweather,qwen,regex,1,344,cloud_percent,cloud_percent,qwen_semantic,FALSE_POSITIVE,True
quantum,openweather,qwen,regex,1,344,city,city,qwen_semantic,FALSE_POSITIVE,True
quantum,openweather,qwen,regex,1,344,sunset_ts,timezone,qwen_semantic,FALSE_POSITIVE,True
quantum,openweather,qwen,regex,1,344,wind_gust_ms,wind_gust_ms,qwen_semantic,FALSE_POSITIVE,True
quantum,openweather,qwen,regex,1,344,sunrise_ts,timezone,qwen_semantic,FALSE_POSITIVE,True
quantum,openweather,qwen,regex,1,344,dew_point_c,dew_point_c,qwen_semantic,FALSE_POSITIVE,True
quantum,openweather,qwen,regex,1,344,feels_like_c,feels_like_c_alt,qwen_semantic,SUCCESS,True
quantum,openweather,qwen,regex,1,386,humidity_percent,humidity_percent,qwen_semantic,FALSE_POSITIVE,True
quantum,openweather,qwen,regex,1,386,weather_icon,weather_icon,qwen_semantic,FALSE_POSITIVE,True
quantum,openweather,qwen,regex,1,386,clouds_percent,clouds_percent,qwen_semantic,FALSE_POSITIVE,True
quantum,openweather,qwen,regex,1,386,wind_degrees,wind_degrees,qwen_semantic,FALSE_POSITIVE,True
quantum,openweather,qwen,regex,1,386,rain_1h_mm,rain_1h_mm,qwen_semantic,FALSE_POSITIVE,True
quantum,openweather,qwen,regex,1,386,visibility_m,visibility_m,qwen_semantic,FALSE_POSITIVE,True
quantum,openweather,qwen,regex,1,386,wind_speed_ms,wind_speed_ms,qwen_semantic,FALSE_POSITIVE,True
quantum,openweather,qwen,regex,1,386,snow_1h_mm,snow_1h_mm,qwen_semantic,FALSE_POSITIVE,True
quantum,openweather,qwen,regex,1,386,temperature_c,temperature_c,qwen_semantic,FALSE_POSITIVE,True
quantum,openweather,qwen,regex,1,386,lon,lon,qwen_semantic,FALSE_POSITIVE,True
quantum,openweather,qwen,regex,1,386,lat,lat,qwen_semantic,FALSE_POSITIVE,True
quantum,openweather,qwen,regex,1,386,weather_description,weather_description,qwen_semantic,FALSE_POSITIVE,True
quantum,openweather,qwen,regex,1,386,heat_index_c,heat_index_c,qwen_semantic,FALSE_POSITIVE,True
quantum,openweather,qwen,regex,1,386,pressure_hpa,pressure_hpa,qwen_semantic,FALSE_POSITIVE,True
quantum,openweather,qwen,regex,1,386,wind_chill_c,wind_chill_c,qwen_semantic,FALSE_POSITIVE,True
quantum,openweather,qwen,regex,1,386,timezone,sunrise_ts_backup,qwen_semantic,FALSE_POSITIVE,True
quantum,openweather,qwen,regex,1,386,weather_main,weather_main_alt,qwen_semantic,SUCCESS,True
quantum,openweather,qwen,regex,1,386,cloud_percent,cloud_percent,qwen_semantic,FALSE_POSITIVE,True
quantum,openweather,qwen,regex,1,386,city,city,qwen_semantic,FALSE_POSITIVE,True
quantum,openweather,qwen,regex,1,386,sunset_ts,sunrise_ts_backup,qwen_semantic,FALSE_POSITIVE,True
quantum,openweather,qwen,regex,1,386,wind_gust_ms,wind_gust_ms,qwen_semantic,FALSE_POSITIVE,True
quantum,openweather,qwen,regex,1,386,sunrise_ts,sunrise_ts_backup,qwen_semantic,FALSE_POSITIVE,True
quantum,openweather,qwen,regex,1,386,dew_point_c,dew_point_c,qwen_semantic,FALSE_POSITIVE,True
quantum,openweather,qwen,regex,1,386,feels_like_c,feels_like_c,qwen_semantic,FALSE_POSITIVE,True
quantum,openweather,qwen,regex,1,388,humidity_percent,humidity_percent,qwen_semantic,FALSE_POSITIVE,True
quantum,openweather,qwen,regex,1,388,weather_icon,weather_icon,qwen_semantic,FALSE_POSITIVE,True
quantum,openweather,qwen,regex,1,388,clouds_percent,clouds_percent,qwen_semantic,FALSE_POSITIVE,True
quantum,openweather,qwen,regex,1,388,wind_degrees,wind_degrees,qwen_semantic,FALSE_POSITIVE,True
quantum,openweather,qwen,regex,1,388,rain_1h_mm,rain_1h_mm,qwen_semantic,FALSE_POSITIVE,True
quantum,openweather,qwen,regex,1,388,visibility_m,visibility_m,qwen_semantic,FALSE_POSITIVE,True
quantum,openweather,qwen,regex,1,388,wind_speed_ms,wind_speed_ms,qwen_semantic,FALSE_POSITIVE,True
quantum,openweather,qwen,regex,1,388,snow_1h_mm,snow_1h_mm,qwen_semantic,FALSE_POSITIVE,True
quantum,openweather,qwen,regex,1,388,temperature_c,temperature_c,qwen_semantic,FALSE_POSITIVE,True
quantum,openweather,qwen,regex,1,388,lon,lon,qwen_semantic,FALSE_POSITIVE,True
quantum,openweather,qwen,regex,1,388,lat,lat,qwen_semantic,FALSE_POSITIVE,True
quantum,openweather,qwen,regex,1,388,weather_description,weather_description,qwen_semantic,FALSE_POSITIVE,True
quantum,openweather,qwen,regex,1,388,heat_index_c,heat_index_c,qwen_semantic,FALSE_POSITIVE,True
quantum,openweather,qwen,regex,1,388,pressure_hpa,pressure_hpa,qwen_semantic,FALSE_POSITIVE,True
quantum,openweather,qwen,regex,1,388,wind_chill_c,wind_chill_c,qwen_semantic,FALSE_POSITIVE,True
quantum,openweather,qwen,regex,1,388,timezone,sunset_ts_backup,qwen_semantic,FALSE_POSITIVE,True
quantum,openweather,qwen,regex,1,388,weather_main,weather_main,qwen_semantic,FALSE_POSITIVE,True
quantum,openweather,qwen,regex,1,388,cloud_percent,cloud_percent,qwen_semantic,FALSE_POSITIVE,True
quantum,openweather,qwen,regex,1,388,city,city,qwen_semantic,FALSE_POSITIVE,True
quantum,openweather,qwen,regex,1,388,sunset_ts,sunset_ts_backup,qwen_semantic,FALSE_POSITIVE,True
quantum,openweather,qwen,regex,1,388,wind_gust_ms,wind_gust_ms,qwen_semantic,FALSE_POSITIVE,True
quantum,openweather,qwen,regex,1,388,sunrise_ts,sunset_ts_backup,qwen_semantic,SUCCESS,True
quantum,openweather,qwen,regex,1,388,dew_point_c,dew_point_c,qwen_semantic,FALSE_POSITIVE,True
quantum,openweather,qwen,regex,1,388,feels_like_c,feels_like_c,qwen_semantic,FALSE_POSITIVE,True
quantum,openweather,qwen,regex,1,415,humidity_percent,humidity_percent,qwen_semantic,FALSE_POSITIVE,True
quantum,openweather,qwen,regex,1,415,weather_icon,weather_icon,qwen_semantic,FALSE_POSITIVE,True
quantum,openweather,qwen,regex,1,415,clouds_percent,clouds_percent,qwen_semantic,FALSE_POSITIVE,True
quantum,openweather,qwen,regex,1,415,wind_degrees,wind_degrees,qwen_semantic,FALSE_POSITIVE,True
quantum,openweather,qwen,regex,1,415,rain_1h_mm,rain_1h_mm,qwen_semantic,FALSE_POSITIVE,True
quantum,openweather,qwen,regex,1,415,visibility_m,visibility_m,qwen_semantic,FALSE_POSITIVE,True
quantum,openweather,qwen,regex,1,415,wind_speed_ms,wind_speed_ms,qwen_semantic,FALSE_POSITIVE,True
quantum,openweather,qwen,regex,1,415,snow_1h_mm,snow_1h_mm,qwen_semantic,FALSE_POSITIVE,True
quantum,openweather,qwen,regex,1,415,temperature_c,temperature_c,qwen_semantic,FALSE_POSITIVE,True
quantum,openweather,qwen,regex,1,415,lon,lon,qwen_semantic,FALSE_POSITIVE,True
quantum,openweather,qwen,regex,1,415,lat,lat,qwen_semantic,FALSE_POSITIVE,True
quantum,openweather,qwen,regex,1,415,weather_description,weather_description,qwen_semantic,FALSE_POSITIVE,True
quantum,openweather,qwen,regex,1,415,heat_index_c,heat_index_c,qwen_semantic,FALSE_POSITIVE,True
quantum,openweather,qwen,regex,1,415,pressure_hpa,pressure_hpa,qwen_semantic,FALSE_POSITIVE,True
quantum,openweather,qwen,regex,1,415,wind_chill_c,wind_chill_c,qwen_semantic,FALSE_POSITIVE,True
quantum,openweather,qwen,regex,1,415,timezone,timezone,qwen_semantic,FALSE_POSITIVE,True
quantum,openweather,qwen,regex,1,415,weather_main,weather_main,qwen_semantic,FALSE_POSITIVE,True
quantum,openweather,qwen,regex,1,415,cloud_percent,cloud_percent,qwen_semantic,FALSE_POSITIVE,True
quantum,openweather,qwen,regex,1,415,city,city,qwen_semantic,FALSE_POSITIVE,True
quantum,openweather,qwen,regex,1,415,sunset_ts,timezone,qwen_semantic,FALSE_POSITIVE,True
quantum,openweather,qwen,regex,1,415,wind_gust_ms,wind_gust_ms_alt,qwen_semantic,SUCCESS,True
quantum,openweather,qwen,regex,1,415,sunrise_ts,timezone,qwen_semantic,FALSE_POSITIVE,True
quantum,openweather,qwen,regex,1,415,dew_point_c,dew_point_c,qwen_semantic,FALSE_POSITIVE,True
quantum,openweather,qwen,regex,1,415,feels_like_c,feels_like_c,qwen_semantic,FALSE_POSITIVE,True
quantum,openweather,qwen,regex,1,422,humidity_percent,humidity_percent,qwen_semantic,FALSE_POSITIVE,True
quantum,openweather,qwen,regex,1,422,weather_icon,weather_icon,qwen_semantic,FALSE_POSITIVE,True
quantum,openweather,qwen,regex,1,422,clouds_percent,clouds_percent,qwen_semantic,FALSE_POSITIVE,True
quantum,openweather,qwen,regex,1,422,wind_degrees,wind_degrees,qwen_semantic,FALSE_POSITIVE,True
quantum,openweather,qwen,regex,1,422,rain_1h_mm,rain_1h_mm,qwen_semantic,FALSE_POSITIVE,True
quantum,openweather,qwen,regex,1,422,visibility_m,visibility_m,qwen_semantic,FALSE_POSITIVE,True
quantum,openweather,qwen,regex,1,422,wind_speed_ms,wind_speed_ms,qwen_semantic,FALSE_POSITIVE,True
quantum,openweather,qwen,regex,1,422,snow_1h_mm,snow_1h_mm,qwen_semantic,FALSE_POSITIVE,True
quantum,openweather,qwen,regex,1,422,temperature_c,temperature_c,qwen_semantic,FALSE_POSITIVE,True
quantum,openweather,qwen,regex,1,422,lon,lon,qwen_semantic,FALSE_POSITIVE,True
quantum,openweather,qwen,regex,1,422,lat,lat,qwen_semantic,FALSE_POSITIVE,True
quantum,openweather,qwen,regex,1,422,weather_description,weather_description,qwen_semantic,FALSE_POSITIVE,True
quantum,openweather,qwen,regex,1,422,heat_index_c,heat_index_c,qwen_semantic,FALSE_POSITIVE,True
quantum,openweather,qwen,regex,1,422,pressure_hpa,pressure_hpa,qwen_semantic,FALSE_POSITIVE,True
quantum,openweather,qwen,regex,1,422,wind_chill_c,wind_chill_c,qwen_semantic,FALSE_POSITIVE,True
quantum,openweather,qwen,regex,1,422,timezone,sunset_ts_backup,qwen_semantic,FALSE_POSITIVE,True
quantum,openweather,qwen,regex,1,422,weather_main,weather_main_alt,qwen_semantic,SUCCESS,True
quantum,openweather,qwen,regex,1,422,cloud_percent,cloud_percent,qwen_semantic,FALSE_POSITIVE,True
quantum,openweather,qwen,regex,1,422,city,city,qwen_semantic,FALSE_POSITIVE,True
quantum,openweather,qwen,regex,1,422,sunset_ts,sunset_ts_backup,qwen_semantic,FALSE_POSITIVE,True
quantum,openweather,qwen,regex,1,422,wind_gust_ms,wind_gust_ms,qwen_semantic,FALSE_POSITIVE,True
quantum,openweather,qwen,regex,1,422,sunrise_ts,sunset_ts_backup,qwen_semantic,FALSE_POSITIVE,True
quantum,openweather,qwen,regex,1,422,dew_point_c,dew_point_c,qwen_semantic,FALSE_POSITIVE,True
quantum,openweather,qwen,regex,1,422,feels_like_c,feels_like_c,qwen_semantic,FALSE_POSITIVE,True
quantum,openweather,qwen,regex,1,448,humidity_percent,humidity_percent,qwen_semantic,FALSE_POSITIVE,True
quantum,openweather,qwen,regex,1,448,weather_icon,weather_icon,qwen_semantic,FALSE_POSITIVE,True
quantum,openweather,qwen,regex,1,448,clouds_percent,clouds_percent_alt,qwen_semantic,SUCCESS,True
quantum,openweather,qwen,regex,1,448,wind_degrees,wind_degrees,qwen_semantic,FALSE_POSITIVE,True
quantum,openweather,qwen,regex,1,448,rain_1h_mm,rain_1h_mm,qwen_semantic,FALSE_POSITIVE,True
quantum,openweather,qwen,regex,1,448,visibility_m,visibility_m,qwen_semantic,FALSE_POSITIVE,True
quantum,openweather,qwen,regex,1,448,wind_speed_ms,wind_speed_ms,qwen_semantic,FALSE_POSITIVE,True
quantum,openweather,qwen,regex,1,448,snow_1h_mm,snow_1h_mm,qwen_semantic,FALSE_POSITIVE,True
quantum,openweather,qwen,regex,1,448,temperature_c,temperature_c,qwen_semantic,FALSE_POSITIVE,True
quantum,openweather,qwen,regex,1,448,lon,lon,qwen_semantic,FALSE_POSITIVE,True
quantum,openweather,qwen,regex,1,448,lat,lat,qwen_semantic,FALSE_POSITIVE,True
quantum,openweather,qwen,regex,1,448,weather_description,weather_description,qwen_semantic,FALSE_POSITIVE,True
quantum,openweather,qwen,regex,1,448,heat_index_c,heat_index_c,qwen_semantic,FALSE_POSITIVE,True
quantum,openweather,qwen,regex,1,448,pressure_hpa,pressure_hpa,qwen_semantic,FALSE_POSITIVE,True
quantum,openweather,qwen,regex,1,448,wind_chill_c,wind_chill_c,qwen_semantic,FALSE_POSITIVE,True
quantum,openweather,qwen,regex,1,448,timezone,timezone,qwen_semantic,FALSE_POSITIVE,True
quantum,openweather,qwen,regex,1,448,weather_main,weather_main,qwen_semantic,FALSE_POSITIVE,True
quantum,openweather,qwen,regex,1,448,cloud_percent,cloud_percent,qwen_semantic,FALSE_POSITIVE,True
quantum,openweather,qwen,regex,1,448,city,city,qwen_semantic,FALSE_POSITIVE,True
quantum,openweather,qwen,regex,1,448,sunset_ts,timezone,qwen_semantic,FALSE_POSITIVE,True
quantum,openweather,qwen,regex,1,448,wind_gust_ms,wind_gust_ms,qwen_semantic,FALSE_POSITIVE,True
quantum,openweather,qwen,regex,1,448,sunrise_ts,timezone,qwen_semantic,FALSE_POSITIVE,True
quantum,openweather,qwen,regex,1,448,dew_point_c,dew_point_c_backup,qwen_semantic,FALSE_POSITIVE,True
quantum,openweather,qwen,regex,1,448,feels_like_c,feels_like_c,qwen_semantic,FALSE_POSITIVE,True
