phase,api,chaos_method,reconciler,iteration,packet_idx,source_field,drifted_field,chaos_sub_type,reconciliation_status,quantum_routed
quantum,openf1,schema_alter,bert,1,22,driver,DRIVER,key_case_change,SUCCESS,True
quantum,openf1,schema_alter,bert,1,22,driver_number,DRIVER_NUMBER,key_case_change,SUCCESS,True
quantum,openf1,schema_alter,bert,1,22,team,TEAM,key_case_change,SUCCESS,True
quantum,openf1,schema_alter,bert,1,22,team_color,TEAM_COLOR,key_case_change,SUCCESS,True
quantum,openf1,schema_alter,bert,1,22,position,POSITION,key_case_change,SUCCESS,True
quantum,openf1,schema_alter,bert,1,22,lap_number,LAP_NUMBER,key_case_change,SUCCESS,True
quantum,openf1,schema_alter,bert,1,22,lap_time_ms,LAP_TIME_MS,key_case_change,SUCCESS,True
quantum,openf1,schema_alter,bert,1,22,pit_stop_count,PIT_STOP_COUNT,key_case_change,SUCCESS,True
quantum,openf1,schema_alter,bert,1,22,tire_compound,TIRE_COMPOUND,key_case_change,SUCCESS,True
quantum,openf1,schema_alter,bert,1,22,tire_age_laps,TIRE_AGE_LAPS,key_case_change,SUCCESS,True
quantum,openf1,schema_alter,bert,1,22,speed_kmh,SPEED_KMH,key_case_change,SUCCESS,True
quantum,openf1,schema_alter,bert,1,22,throttle,THROTTLE,key_case_change,SUCCESS,True
quantum,openf1,schema_alter,bert,1,22,brake,BRAKE,key_case_change,SUCCESS,True
quantum,openf1,schema_alter,bert,1,22,n_gear,N_GEAR,key_case_change,SUCCESS,True
quantum,openf1,schema_alter,bert,1,22,rpm,RPM,key_case_change,SUCCESS,True
quantum,openf1,schema_alter,bert,1,22,drs,DRS,key_case_change,SUCCESS,True
quantum,openf1,schema_alter,bert,1,22,ers_deployment_kj,ERS_DEPLOYMENT_KJ,key_case_change,SUCCESS,True
quantum,openf1,schema_alter,bert,1,22,fuel_remaining_kg,FUEL_REMAINING_KG,key_case_change,SUCCESS,True
quantum,openf1,schema_alter,bert,1,22,session_time,SESSION_TIME,key_case_change,SUCCESS,True
quantum,openf1,schema_alter,bert,1,40,driver,driver,type_change,SUCCESS,True
quantum,openf1,schema_alter,bert,1,40,driver_number,driver_number,type_change,SUCCESS,True
quantum,openf1,schema_alter,bert,1,40,team,team,type_change,SUCCESS,True
quantum,openf1,schema_alter,bert,1,40,team_color,team_color,type_change,SUCCESS,True
quantum,openf1,schema_alter,bert,1,40,position,position,type_change,SUCCESS,True
quantum,openf1,schema_alter,bert,1,40,lap_number,lap_number,type_change,SUCCESS,True
quantum,openf1,schema_alter,bert,1,40,lap_time_ms,lap_time_ms,type_change,SUCCESS,True
quantum,openf1,schema_alter,bert,1,40,pit_stop_count,pit_stop_count,type_change,SUCCESS,True
quantum,openf1,schema_alter,bert,1,40,tire_compound,tire_compound,type_change,SUCCESS,True
quantum,openf1,schema_alter,bert,1,40,tire_age_laps,tire_age_laps,type_change,SUCCESS,True
quantum,openf1,schema_alter,bert,1,40,speed_kmh,speed_kmh,type_change,SUCCESS,True
quantum,openf1,schema_alter,bert,1,40,throttle,throttle,type_change,SUCCESS,True
quantum,openf1,schema_alter,bert,1,40,brake,brake,type_change,SUCCESS,True
quantum,openf1,schema_alter,bert,1,40,n_gear,n_gear,type_change,SUCCESS,True
quantum,openf1,schema_alter,bert,1,40,rpm,rpm,type_change,SUCCESS,True
quantum,openf1,schema_alter,bert,1,40,drs,drs,type_change,SUCCESS,True
quantum,openf1,schema_alter,bert,1,40,ers_deployment_kj,ers_deployment_kj,type_change,SUCCESS,True
quantum,openf1,schema_alter,bert,1,40,fuel_remaining_kg,fuel_remaining_kg,type_change,SUCCESS,True
quantum,openf1,schema_alter,bert,1,40,session_time,session_time,type_change,SUCCESS,True
quantum,openf1,schema_alter,regex,1,157,throttle,throttle,nesting_deepen,FALSE_POSITIVE,True
quantum,openf1,schema_alter,regex,1,157,tire_age_laps,tire_age_laps,nesting_deepen,FALSE_POSITIVE,True
quantum,openf1,schema_alter,regex,1,157,brake,brake,nesting_deepen,FALSE_POSITIVE,True
quantum,openf1,schema_alter,regex,1,157,tire_compound,tire_compound,nesting_deepen,FALSE_POSITIVE,True
quantum,openf1,schema_alter,regex,1,157,lap_time_ms,lap_time_ms,nesting_deepen,FALSE_POSITIVE,True
quantum,openf1,schema_alter,regex,1,157,fuel_remaining_kg,fuel_remaining_kg,nesting_deepen,FALSE_POSITIVE,True
quantum,openf1,schema_alter,regex,1,157,drs,drs,nesting_deepen,FALSE_POSITIVE,True
quantum,openf1,schema_alter,regex,1,157,team,team_color,nesting_deepen,FALSE_POSITIVE,True
quantum,openf1,schema_alter,regex,1,157,rpm,rpm,nesting_deepen,FALSE_POSITIVE,True
quantum,openf1,schema_alter,regex,1,157,team_color,team_color,nesting_deepen,FALSE_POSITIVE,True
quantum,openf1,schema_alter,regex,1,157,pit_stop_count,pit_stop_count,nesting_deepen,FALSE_POSITIVE,True
quantum,openf1,schema_alter,regex,1,157,n_gear,n_gear,nesting_deepen,FALSE_POSITIVE,True
quantum,openf1,schema_alter,regex,1,157,session_time,lap_time_ms,nesting_deepen,FALSE_POSITIVE,True
quantum,openf1,schema_alter,regex,1,157,lap_number,lap_number,nesting_deepen,FALSE_POSITIVE,True
quantum,openf1,schema_alter,regex,1,157,position,position,nesting_deepen,FALSE_POSITIVE,True
quantum,openf1,schema_alter,regex,1,157,ers_deployment_kj,ers_deployment_kj,nesting_deepen,FALSE_POSITIVE,True
quantum,openf1,schema_alter,regex,1,157,speed_kmh,speed_kmh,nesting_deepen,FALSE_POSITIVE,True
quantum,openf1,schema_alter,regex,1,157,driver,,nesting_deepen,FAILURE,True
quantum,openf1,schema_alter,regex,1,157,driver_number,,nesting_deepen,FAILURE,True
quantum,openf1,schema_alter,bert,1,179,driver,driver,type_change,SUCCESS,True
quantum,openf1,schema_alter,bert,1,179,driver_number,driver_number,type_change,SUCCESS,True
quantum,openf1,schema_alter,bert,1,179,team,team,type_change,SUCCESS,True
quantum,openf1,schema_alter,bert,1,179,team_color,team_color,type_change,SUCCESS,True
quantum,openf1,schema_alter,bert,1,179,position,position,type_change,SUCCESS,True
quantum,openf1,schema_alter,bert,1,179,lap_number,lap_number,type_change,SUCCESS,True
quantum,openf1,schema_alter,bert,1,179,lap_time_ms,lap_time_ms,type_change,SUCCESS,True
quantum,openf1,schema_alter,bert,1,179,pit_stop_count,pit_stop_count,type_change,SUCCESS,True
quantum,openf1,schema_alter,bert,1,179,tire_compound,tire_compound,type_change,SUCCESS,True
quantum,openf1,schema_alter,bert,1,179,tire_age_laps,tire_age_laps,type_change,SUCCESS,True
quantum,openf1,schema_alter,bert,1,179,speed_kmh,speed_kmh,type_change,SUCCESS,True
quantum,openf1,schema_alter,bert,1,179,throttle,throttle,type_change,SUCCESS,True
quantum,openf1,schema_alter,bert,1,179,brake,brake,type_change,SUCCESS,True
quantum,openf1,schema_alter,bert,1,179,n_gear,n_gear,type_change,SUCCESS,True
quantum,openf1,schema_alter,bert,1,179,rpm,rpm,type_change,SUCCESS,True
quantum,openf1,schema_alter,bert,1,179,drs,drs,type_change,SUCCESS,True
quantum,openf1,schema_alter,bert,1,179,ers_deployment_kj,ers_deployment_kj,type_change,SUCCESS,True
quantum,openf1,schema_alter,bert,1,179,fuel_remaining_kg,fuel_remaining_kg,type_change,SUCCESS,True
quantum,openf1,schema_alter,bert,1,179,session_time,session_time,type_change,SUCCESS,True
quantum,openf1,schema_alter,bert,1,215,driver,driver,type_change,SUCCESS,True
quantum,openf1,schema_alter,bert,1,215,driver_number,driver_number,type_change,SUCCESS,True
quantum,openf1,schema_alter,bert,1,215,team,team,type_change,SUCCESS,True
quantum,openf1,schema_alter,bert,1,215,team_color,team_color,type_change,SUCCESS,True
quantum,openf1,schema_alter,bert,1,215,position,position,type_change,SUCCESS,True
quantum,openf1,schema_alter,bert,1,215,lap_number,lap_number,type_change,SUCCESS,True
quantum,openf1,schema_alter,bert,1,215,lap_time_ms,lap_time_ms,type_change,SUCCESS,True
quantum,openf1,schema_alter,bert,1,215,pit_stop_count,pit_stop_count,type_change,SUCCESS,True
quantum,openf1,schema_alter,bert,1,215,tire_compound,tire_compound,type_change,SUCCESS,True
quantum,openf1,schema_alter,bert,1,215,tire_age_laps,tire_age_laps,type_change,SUCCESS,True
quantum,openf1,schema_alter,bert,1,215,speed_kmh,speed_kmh,type_change,SUCCESS,True
quantum,openf1,schema_alter,bert,1,215,throttle,throttle,type_change,SUCCESS,True
quantum,openf1,schema_alter,bert,1,215,brake,brake,type_change,SUCCESS,True
quantum,openf1,schema_alter,bert,1,215,n_gear,n_gear,type_change,SUCCESS,True
quantum,openf1,schema_alter,bert,1,215,rpm,rpm,type_change,SUCCESS,True
quantum,openf1,schema_alter,bert,1,215,drs,drs,type_change,SUCCESS,True
quantum,openf1,schema_alter,bert,1,215,ers_deployment_kj,ers_deployment_kj,type_change,SUCCESS,True
quantum,openf1,schema_alter,bert,1,215,fuel_remaining_kg,fuel_remaining_kg,type_change,SUCCESS,True
quantum,openf1,schema_alter,bert,1,215,session_time,session_time,type_change,SUCCESS,True
quantum,openf1,schema_alter,bert,1,218,driver,driver,type_change,SUCCESS,True
quantum,openf1,schema_alter,bert,1,218,driver_number,driver_number,type_change,SUCCESS,True
quantum,openf1,schema_alter,bert,1,218,team,team,type_change,SUCCESS,True
quantum,openf1,schema_alter,bert,1,218,team_color,team_color,type_change,SUCCESS,True
quantum,openf1,schema_alter,bert,1,218,position,position,type_change,SUCCESS,True
quantum,openf1,schema_alter,bert,1,218,lap_number,lap_number,type_change,SUCCESS,True
quantum,openf1,schema_alter,bert,1,218,lap_time_ms,lap_time_ms,type_change,SUCCESS,True
quantum,openf1,schema_alter,bert,1,218,pit_stop_count,pit_stop_count,type_change,SUCCESS,True
quantum,openf1,schema_alter,bert,1,218,tire_compound,tire_compound,type_change,SUCCESS,True
quantum,openf1,schema_alter,bert,1,218,tire_age_laps,tire_age_laps,type_change,SUCCESS,True
quantum,openf1,schema_alter,bert,1,218,speed_kmh,speed_kmh,type_change,SUCCESS,True
quantum,openf1,schema_alter,bert,1,218,throttle,throttle,type_change,SUCCESS,True
quantum,openf1,schema_alter,bert,1,218,brake,brake,type_change,SUCCESS,True
quantum,openf1,schema_alter,bert,1,218,n_gear,n_gear,type_change,SUCCESS,True
quantum,openf1,schema_alter,bert,1,218,rpm,rpm,type_change,SUCCESS,True
quantum,openf1,schema_alter,bert,1,218,drs,drs,type_change,SUCCESS,True
quantum,openf1,schema_alter,bert,1,218,ers_deployment_kj,ers_deployment_kj,type_change,SUCCESS,True
quantum,openf1,schema_alter,bert,1,218,fuel_remaining_kg,fuel_remaining_kg,type_change,SUCCESS,True
quantum,openf1,schema_alter,bert,1,218,session_time,session_time,type_change,SUCCESS,True
quantum,openf1,schema_alter,bert,1,220,driver,driver,type_change,SUCCESS,True
quantum,openf1,schema_alter,bert,1,220,driver_number,driver_number,type_change,SUCCESS,True
quantum,openf1,schema_alter,bert,1,220,team,team,type_change,SUCCESS,True
quantum,openf1,schema_alter,bert,1,220,team_color,team_color,type_change,SUCCESS,True
quantum,openf1,schema_alter,bert,1,220,position,position,type_change,SUCCESS,True
quantum,openf1,schema_alter,bert,1,220,lap_number,lap_number,type_change,SUCCESS,True
quantum,openf1,schema_alter,bert,1,220,lap_time_ms,lap_time_ms,type_change,SUCCESS,True
quantum,openf1,schema_alter,bert,1,220,pit_stop_count,pit_stop_count,type_change,SUCCESS,True
quantum,openf1,schema_alter,bert,1,220,tire_compound,tire_compound,type_change,SUCCESS,True
quantum,openf1,schema_alter,bert,1,220,tire_age_laps,tire_age_laps,type_change,SUCCESS,True
quantum,openf1,schema_alter,bert,1,220,speed_kmh,speed_kmh,type_change,SUCCESS,True
quantum,openf1,schema_alter,bert,1,220,throttle,throttle,type_change,SUCCESS,True
quantum,openf1,schema_alter,bert,1,220,brake,brake,type_change,SUCCESS,True
quantum,openf1,schema_alter,bert,1,220,n_gear,n_gear,type_change,SUCCESS,True
quantum,openf1,schema_alter,bert,1,220,rpm,rpm,type_change,SUCCESS,True
quantum,openf1,schema_alter,bert,1,220,drs,drs,type_change,SUCCESS,True
quantum,openf1,schema_alter,bert,1,220,ers_deployment_kj,ers_deployment_kj,type_change,SUCCESS,True
quantum,openf1,schema_alter,bert,1,220,fuel_remaining_kg,fuel_remaining_kg,type_change,SUCCESS,True
quantum,openf1,schema_alter,bert,1,220,session_time,session_time,type_change,SUCCESS,True
quantum,openf1,schema_alter,bert,1,268,driver,DRIVER,key_case_change,SUCCESS,True
quantum,openf1,schema_alter,bert,1,268,driver_number,DRIVER_NUMBER,key_case_change,SUCCESS,True
quantum,openf1,schema_alter,bert,1,268,team,TEAM,key_case_change,SUCCESS,True
quantum,openf1,schema_alter,bert,1,268,team_color,TEAM_COLOR,key_case_change,SUCCESS,True
quantum,openf1,schema_alter,bert,1,268,position,POSITION,key_case_change,SUCCESS,True
quantum,openf1,schema_alter,bert,1,268,lap_number,LAP_NUMBER,key_case_change,SUCCESS,True
quantum,openf1,schema_alter,bert,1,268,lap_time_ms,LAP_TIME_MS,key_case_change,SUCCESS,True
quantum,openf1,schema_alter,bert,1,268,pit_stop_count,PIT_STOP_COUNT,key_case_change,SUCCESS,True
quantum,openf1,schema_alter,bert,1,268,tire_compound,TIRE_COMPOUND,key_case_change,SUCCESS,True
quantum,openf1,schema_alter,bert,1,268,tire_age_laps,TIRE_AGE_LAPS,key_case_change,SUCCESS,True
quantum,openf1,schema_alter,bert,1,268,speed_kmh,SPEED_KMH,key_case_change,SUCCESS,True
quantum,openf1,schema_alter,bert,1,268,throttle,THROTTLE,key_case_change,SUCCESS,True
quantum,openf1,schema_alter,bert,1,268,brake,BRAKE,key_case_change,SUCCESS,True
quantum,openf1,schema_alter,bert,1,268,n_gear,N_GEAR,key_case_change,SUCCESS,True
quantum,openf1,schema_alter,bert,1,268,rpm,RPM,key_case_change,SUCCESS,True
quantum,openf1,schema_alter,bert,1,268,drs,DRS,key_case_change,SUCCESS,True
quantum,openf1,schema_alter,bert,1,268,ers_deployment_kj,ERS_DEPLOYMENT_KJ,key_case_change,SUCCESS,True
quantum,openf1,schema_alter,bert,1,268,fuel_remaining_kg,FUEL_REMAINING_KG,key_case_change,SUCCESS,True
quantum,openf1,schema_alter,bert,1,268,session_time,SESSION_TIME,key_case_change,SUCCESS,True
quantum,openf1,schema_alter,regex,1,290,throttle,throttle,nesting_deepen,FALSE_POSITIVE,True
quantum,openf1,schema_alter,regex,1,290,tire_age_laps,tire_age_laps,nesting_deepen,FALSE_POSITIVE,True
quantum,openf1,schema_alter,regex,1,290,brake,brake,nesting_deepen,FALSE_POSITIVE,True
quantum,openf1,schema_alter,regex,1,290,tire_compound,tire_compound,nesting_deepen,FALSE_POSITIVE,True
quantum,openf1,schema_alter,regex,1,290,lap_time_ms,lap_time_ms,nesting_deepen,FALSE_POSITIVE,True
quantum,openf1,schema_alter,regex,1,290,fuel_remaining_kg,fuel_remaining_kg,nesting_deepen,FALSE_POSITIVE,True
quantum,openf1,schema_alter,regex,1,290,drs,drs,nesting_deepen,FALSE_POSITIVE,True
quantum,openf1,schema_alter,regex,1,290,team,team_color,nesting_deepen,FALSE_POSITIVE,True
quantum,openf1,schema_alter,regex,1,290,rpm,rpm,nesting_deepen,FALSE_POSITIVE,True
quantum,openf1,schema_alter,regex,1,290,team_color,team_color,nesting_deepen,FALSE_POSITIVE,True
quantum,openf1,schema_alter,regex,1,290,pit_stop_count,pit_stop_count,nesting_deepen,FALSE_POSITIVE,True
quantum,openf1,schema_alter,regex,1,290,n_gear,n_gear,nesting_deepen,FALSE_POSITIVE,True
quantum,openf1,schema_alter,regex,1,290,session_time,lap_time_ms,nesting_deepen,FALSE_POSITIVE,True
quantum,openf1,schema_alter,regex,1,290,lap_number,lap_number,nesting_deepen,FALSE_POSITIVE,True
quantum,openf1,schema_alter,regex,1,290,position,position,nesting_deepen,FALSE_POSITIVE,True
quantum,openf1,schema_alter,regex,1,290,ers_deployment_kj,ers_deployment_kj,nesting_deepen,FALSE_POSITIVE,True
quantum,openf1,schema_alter,regex,1,290,speed_kmh,speed_kmh,nesting_deepen,FALSE_POSITIVE,True
quantum,openf1,schema_alter,regex,1,290,driver,,nesting_deepen,FAILURE,True
quantum,openf1,schema_alter,regex,1,290,driver_number,,nesting_deepen,FAILURE,True
quantum,openf1,schema_alter,bert,1,421,driver,driver,type_change,SUCCESS,True
quantum,openf1,schema_alter,bert,1,421,driver_number,driver_number,type_change,SUCCESS,True
quantum,openf1,schema_alter,bert,1,421,team,team,type_change,SUCCESS,True
quantum,openf1,schema_alter,bert,1,421,team_color,team_color,type_change,SUCCESS,True
quantum,openf1,schema_alter,bert,1,421,position,position,type_change,SUCCESS,True
quantum,openf1,schema_alter,bert,1,421,lap_number,lap_number,type_change,SUCCESS,True
quantum,openf1,schema_alter,bert,1,421,lap_time_ms,lap_time_ms,type_change,SUCCESS,True
quantum,openf1,schema_alter,bert,1,421,pit_stop_count,pit_stop_count,type_change,SUCCESS,True
quantum,openf1,schema_alter,bert,1,421,tire_compound,tire_compound,type_change,SUCCESS,True
quantum,openf1,schema_alter,bert,1,421,tire_age_laps,tire_age_laps,type_change,SUCCESS,True
quantum,openf1,schema_alter,bert,1,421,speed_kmh,speed_kmh,type_change,SUCCESS,True
quantum,openf1,schema_alter,bert,1,421,throttle,throttle,type_change,SUCCESS,True
quantum,openf1,schema_alter,bert,1,421,brake,brake,type_change,SUCCESS,True
quantum,openf1,schema_alter,bert,1,421,n_gear,n_gear,type_change,SUCCESS,True
quantum,openf1,schema_alter,bert,1,421,rpm,rpm,type_change,SUCCESS,True
quantum,openf1,schema_alter,bert,1,421,drs,drs,type_change,SUCCESS,True
quantum,openf1,schema_alter,bert,1,421,ers_deployment_kj,ers_deployment_kj,type_change,SUCCESS,True
quantum,openf1,schema_alter,bert,1,421,fuel_remaining_kg,fuel_remaining_kg,type_change,SUCCESS,True
quantum,openf1,schema_alter,bert,1,421,session_time,session_time,type_change,SUCCESS,True
quantum,finnhub,schema_alter,regex,1,11,current_price,current_price,timestamp_format_change,SUCCESS,True
quantum,finnhub,schema_alter,regex,1,11,dividend_yield,dividend_yield,timestamp_format_change,SUCCESS,True
quantum,finnhub,schema_alter,regex,1,11,volume,volume,timestamp_format_change,SUCCESS,True
quantum,finnhub,schema_alter,regex,1,11,52w_high,52w_high,timestamp_format_change,SUCCESS,True
quantum,finnhub,schema_alter,regex,1,11,market_cap,market_cap,timestamp_format_change,SUCCESS,True
quantum,finnhub,schema_alter,regex,1,11,52w_low,52w_low,timestamp_format_change,SUCCESS,True
quantum,finnhub,schema_alter,regex,1,11,high,52w_high,timestamp_format_change,SUCCESS,True
quantum,finnhub,schema_alter,regex,1,11,percent_change,percent_change,timestamp_format_change,SUCCESS,True
quantum,finnhub,schema_alter,regex,1,11,timestamp,timestamp,timestamp_format_change,SUCCESS,True
quantum,finnhub,schema_alter,regex,1,11,symbol,symbol,timestamp_format_change,SUCCESS,True
quantum,finnhub,schema_alter,regex,1,11,beta,beta,timestamp_format_change,SUCCESS,True
quantum,finnhub,schema_alter,regex,1,11,open,open,timestamp_format_change,SUCCESS,True
quantum,finnhub,schema_alter,regex,1,11,pe_ratio,pe_ratio,timestamp_format_change,SUCCESS,True
quantum,finnhub,schema_alter,regex,1,11,sector,sector,timestamp_format_change,SUCCESS,True
quantum,finnhub,schema_alter,regex,1,11,low,52w_low,timestamp_format_change,SUCCESS,True
quantum,finnhub,schema_alter,regex,1,11,change,percent_change,timestamp_format_change,SUCCESS,True
quantum,finnhub,schema_alter,regex,1,11,previous_close,previous_close,timestamp_format_change,SUCCESS,True
quantum,finnhub,schema_alter,regex,1,11,industry,industry,timestamp_format_change,SUCCESS,True
quantum,finnhub,schema_alter,regex,1,11,avg_volume,volume,timestamp_format_change,SUCCESS,True
quantum,finnhub,schema_alter,bert,1,14,symbol,symbol,translation,FALSE_POSITIVE,True
quantum,finnhub,schema_alter,bert,1,14,current_price,current_price,translation,FALSE_POSITIVE,True
quantum,finnhub,schema_alter,bert,1,14,change,change,translation,FALSE_POSITIVE,True
quantum,finnhub,schema_alter,bert,1,14,percent_change,percent_change,translation,FALSE_POSITIVE,True
quantum,finnhub,schema_alter,bert,1,14,high,high,translation,FALSE_POSITIVE,True
quantum,finnhub,schema_alter,bert,1,14,low,low,translation,FALSE_POSITIVE,True
quantum,finnhub,schema_alter,bert,1,14,open,open,translation,FALSE_POSITIVE,True
quantum,finnhub,schema_alter,bert,1,14,previous_close,previous_close,translation,FALSE_POSITIVE,True
quantum,finnhub,schema_alter,bert,1,14,market_cap,market_cap,translation,FALSE_POSITIVE,True
quantum,finnhub,schema_alter,bert,1,14,volume,volume,translation,FALSE_POSITIVE,True
quantum,finnhub,schema_alter,bert,1,14,avg_volume,avg_volume,translation,FALSE_POSITIVE,True
quantum,finnhub,schema_alter,bert,1,14,pe_ratio,pe_ratio,translation,FALSE_POSITIVE,True
quantum,finnhub,schema_alter,bert,1,14,dividend_yield,dividend_yield,translation,FALSE_POSITIVE,True
quantum,finnhub,schema_alter,bert,1,14,beta,beta,translation,FALSE_POSITIVE,True
quantum,finnhub,schema_alter,bert,1,14,52w_high,52w_high,translation,FALSE_POSITIVE,True
quantum,finnhub,schema_alter,bert,1,14,52w_low,52w_low,translation,FALSE_POSITIVE,True
quantum,finnhub,schema_alter,bert,1,14,sector,sector,translation,FALSE_POSITIVE,True
quantum,finnhub,schema_alter,bert,1,14,industry,industry,translation,FALSE_POSITIVE,True
quantum,finnhub,schema_alter,bert,1,14,timestamp,,translation,FAILURE,True
quantum,finnhub,schema_alter,regex,1,29,current_price,current_price,precision_loss,SUCCESS,True
quantum,finnhub,schema_alter,regex,1,29,dividend_yield,dividend_yield,precision_loss,SUCCESS,True
quantum,finnhub,schema_alter,regex,1,29,volume,volume,precision_loss,SUCCESS,True
quantum,finnhub,schema_alter,regex,1,29,52w_high,52w_high,precision_loss,SUCCESS,True
quantum,finnhub,schema_alter,regex,1,29,market_cap,market_cap,precision_loss,SUCCESS,True
quantum,finnhub,schema_alter,regex,1,29,52w_low,52w_low,precision_loss,SUCCESS,True
quantum,finnhub,schema_alter,regex,1,29,high,52w_high,precision_loss,SUCCESS,True
quantum,finnhub,schema_alter,regex,1,29,percent_change,percent_change,precision_loss,SUCCESS,True
quantum,finnhub,schema_alter,regex,1,29,timestamp,timestamp,precision_loss,SUCCESS,True
quantum,finnhub,schema_alter,regex,1,29,symbol,symbol,precision_loss,SUCCESS,True
quantum,finnhub,schema_alter,regex,1,29,beta,beta,precision_loss,SUCCESS,True
quantum,finnhub,schema_alter,regex,1,29,open,open,precision_loss,SUCCESS,True
quantum,finnhub,schema_alter,regex,1,29,pe_ratio,pe_ratio,precision_loss,SUCCESS,True
quantum,finnhub,schema_alter,regex,1,29,sector,sector,precision_loss,SUCCESS,True
quantum,finnhub,schema_alter,regex,1,29,low,52w_low,precision_loss,SUCCESS,True
quantum,finnhub,schema_alter,regex,1,29,change,percent_change,precision_loss,SUCCESS,True
quantum,finnhub,schema_alter,regex,1,29,previous_close,previous_close,precision_loss,SUCCESS,True
quantum,finnhub,schema_alter,regex,1,29,industry,industry,precision_loss,SUCCESS,True
quantum,finnhub,schema_alter,regex,1,29,avg_volume,volume,precision_loss,SUCCESS,True
quantum,finnhub,schema_alter,regex,1,36,current_price,current_price,precision_loss,SUCCESS,True
quantum,finnhub,schema_alter,regex,1,36,dividend_yield,dividend_yield,precision_loss,SUCCESS,True
quantum,finnhub,schema_alter,regex,1,36,volume,volume,precision_loss,SUCCESS,True
quantum,finnhub,schema_alter,regex,1,36,52w_high,52w_high,precision_loss,SUCCESS,True
quantum,finnhub,schema_alter,regex,1,36,market_cap,market_cap,precision_loss,SUCCESS,True
quantum,finnhub,schema_alter,regex,1,36,52w_low,52w_low,precision_loss,SUCCESS,True
quantum,finnhub,schema_alter,regex,1,36,high,52w_high,precision_loss,SUCCESS,True
quantum,finnhub,schema_alter,regex,1,36,percent_change,percent_change,precision_loss,SUCCESS,True
quantum,finnhub,schema_alter,regex,1,36,timestamp,timestamp,precision_loss,SUCCESS,True
quantum,finnhub,schema_alter,regex,1,36,symbol,symbol,precision_loss,SUCCESS,True
quantum,finnhub,schema_alter,regex,1,36,beta,beta,precision_loss,SUCCESS,True
quantum,finnhub,schema_alter,regex,1,36,open,open,precision_loss,SUCCESS,True
quantum,finnhub,schema_alter,regex,1,36,pe_ratio,pe_ratio,precision_loss,SUCCESS,True
quantum,finnhub,schema_alter,regex,1,36,sector,sector,precision_loss,SUCCESS,True
quantum,finnhub,schema_alter,regex,1,36,low,52w_low,precision_loss,SUCCESS,True
quantum,finnhub,schema_alter,regex,1,36,change,percent_change,precision_loss,SUCCESS,True
quantum,finnhub,schema_alter,regex,1,36,previous_close,previous_close,precision_loss,SUCCESS,True
quantum,finnhub,schema_alter,regex,1,36,industry,industry,precision_loss,SUCCESS,True
quantum,finnhub,schema_alter,regex,1,36,avg_volume,volume,precision_loss,SUCCESS,True
quantum,finnhub,schema_alter,bert,1,129,symbol,SYMBOL,key_case_change,SUCCESS,True
quantum,finnhub,schema_alter,bert,1,129,current_price,CURRENT_PRICE,key_case_change,SUCCESS,True
quantum,finnhub,schema_alter,bert,1,129,change,CHANGE,key_case_change,SUCCESS,True
quantum,finnhub,schema_alter,bert,1,129,percent_change,PERCENT_CHANGE,key_case_change,SUCCESS,True
quantum,finnhub,schema_alter,bert,1,129,high,HIGH,key_case_change,SUCCESS,True
quantum,finnhub,schema_alter,bert,1,129,low,LOW,key_case_change,SUCCESS,True
quantum,finnhub,schema_alter,bert,1,129,open,OPEN,key_case_change,SUCCESS,True
quantum,finnhub,schema_alter,bert,1,129,previous_close,PREVIOUS_CLOSE,key_case_change,SUCCESS,True
quantum,finnhub,schema_alter,bert,1,129,timestamp,TIMESTAMP,key_case_change,SUCCESS,True
quantum,finnhub,schema_alter,bert,1,129,market_cap,MARKET_CAP,key_case_change,SUCCESS,True
quantum,finnhub,schema_alter,bert,1,129,volume,VOLUME,key_case_change,SUCCESS,True
quantum,finnhub,schema_alter,bert,1,129,avg_volume,AVG_VOLUME,key_case_change,SUCCESS,True
quantum,finnhub,schema_alter,bert,1,129,pe_ratio,PE_RATIO,key_case_change,SUCCESS,True
quantum,finnhub,schema_alter,bert,1,129,dividend_yield,DIVIDEND_YIELD,key_case_change,SUCCESS,True
quantum,finnhub,schema_alter,bert,1,129,beta,BETA,key_case_change,SUCCESS,True
quantum,finnhub,schema_alter,bert,1,129,52w_high,52W_HIGH,key_case_change,SUCCESS,True
quantum,finnhub,schema_alter,bert,1,129,52w_low,52W_LOW,key_case_change,SUCCESS,True
quantum,finnhub,schema_alter,bert,1,129,sector,SECTOR,key_case_change,SUCCESS,True
quantum,finnhub,schema_alter,bert,1,129,industry,INDUSTRY,key_case_change,SUCCESS,True
quantum,finnhub,schema_alter,levenshtein,1,207,dividend_yield,dividend_yield,nesting_deepen,FALSE_POSITIVE,True
quantum,finnhub,schema_alter,levenshtein,1,207,volume,volume,nesting_deepen,FALSE_POSITIVE,True
quantum,finnhub,schema_alter,levenshtein,1,207,52w_high,52w_high,nesting_deepen,FALSE_POSITIVE,True
quantum,finnhub,schema_alter,levenshtein,1,207,market_cap,market_cap,nesting_deepen,FALSE_POSITIVE,True
quantum,finnhub,schema_alter,levenshtein,1,207,52w_low,52w_low,nesting_deepen,FALSE_POSITIVE,True
quantum,finnhub,schema_alter,levenshtein,1,207,high,high,nesting_deepen,FALSE_POSITIVE,True
quantum,finnhub,schema_alter,levenshtein,1,207,percent_change,percent_change,nesting_deepen,FALSE_POSITIVE,True
quantum,finnhub,schema_alter,levenshtein,1,207,timestamp,timestamp,nesting_deepen,FALSE_POSITIVE,True
quantum,finnhub,schema_alter,levenshtein,1,207,beta,beta,nesting_deepen,FALSE_POSITIVE,True
quantum,finnhub,schema_alter,levenshtein,1,207,open,open,nesting_deepen,FALSE_POSITIVE,True
quantum,finnhub,schema_alter,levenshtein,1,207,pe_ratio,pe_ratio,nesting_deepen,FALSE_POSITIVE,True
quantum,finnhub,schema_alter,levenshtein,1,207,sector,sector,nesting_deepen,FALSE_POSITIVE,True
quantum,finnhub,schema_alter,levenshtein,1,207,low,low,nesting_deepen,FALSE_POSITIVE,True
quantum,finnhub,schema_alter,levenshtein,1,207,change,change,nesting_deepen,FALSE_POSITIVE,True
quantum,finnhub,schema_alter,levenshtein,1,207,previous_close,previous_close,nesting_deepen,FALSE_POSITIVE,True
quantum,finnhub,schema_alter,levenshtein,1,207,industry,industry,nesting_deepen,FALSE_POSITIVE,True
quantum,finnhub,schema_alter,levenshtein,1,207,avg_volume,avg_volume,nesting_deepen,FALSE_POSITIVE,True
quantum,finnhub,schema_alter,levenshtein,1,207,current_price,,nesting_deepen,FAILURE,True
quantum,finnhub,schema_alter,levenshtein,1,207,symbol,,nesting_deepen,FAILURE,True
quantum,finnhub,schema_alter,regex,1,217,current_price,current_price,precision_loss,SUCCESS,True
quantum,finnhub,schema_alter,regex,1,217,dividend_yield,dividend_yield,precision_loss,SUCCESS,True
quantum,finnhub,schema_alter,regex,1,217,volume,volume,precision_loss,SUCCESS,True
quantum,finnhub,schema_alter,regex,1,217,52w_high,52w_high,precision_loss,SUCCESS,True
quantum,finnhub,schema_alter,regex,1,217,market_cap,market_cap,precision_loss,SUCCESS,True
quantum,finnhub,schema_alter,regex,1,217,52w_low,52w_low,precision_loss,SUCCESS,True
quantum,finnhub,schema_alter,regex,1,217,high,52w_high,precision_loss,SUCCESS,True
quantum,finnhub,schema_alter,regex,1,217,percent_change,percent_change,precision_loss,SUCCESS,True
quantum,finnhub,schema_alter,regex,1,217,timestamp,timestamp,precision_loss,SUCCESS,True
quantum,finnhub,schema_alter,regex,1,217,symbol,symbol,precision_loss,SUCCESS,True
quantum,finnhub,schema_alter,regex,1,217,beta,beta,precision_loss,SUCCESS,True
quantum,finnhub,schema_alter,regex,1,217,open,open,precision_loss,SUCCESS,True
quantum,finnhub,schema_alter,regex,1,217,pe_ratio,pe_ratio,precision_loss,SUCCESS,True
quantum,finnhub,schema_alter,regex,1,217,sector,sector,precision_loss,SUCCESS,True
quantum,finnhub,schema_alter,regex,1,217,low,52w_low,precision_loss,SUCCESS,True
quantum,finnhub,schema_alter,regex,1,217,change,percent_change,precision_loss,SUCCESS,True
quantum,finnhub,schema_alter,regex,1,217,previous_close,previous_close,precision_loss,SUCCESS,True
quantum,finnhub,schema_alter,regex,1,217,industry,industry,precision_loss,SUCCESS,True
quantum,finnhub,schema_alter,regex,1,217,avg_volume,volume,precision_loss,SUCCESS,True
quantum,finnhub,schema_alter,bert,1,230,symbol,symbol,timestamp_format_change,SUCCESS,True
quantum,finnhub,schema_alter,bert,1,230,current_price,current_price,timestamp_format_change,SUCCESS,True
quantum,finnhub,schema_alter,bert,1,230,change,change,timestamp_format_change,SUCCESS,True
quantum,finnhub,schema_alter,bert,1,230,percent_change,percent_change,timestamp_format_change,SUCCESS,True
quantum,finnhub,schema_alter,bert,1,230,high,high,timestamp_format_change,SUCCESS,True
quantum,finnhub,schema_alter,bert,1,230,low,low,timestamp_format_change,SUCCESS,True
quantum,finnhub,schema_alter,bert,1,230,open,open,timestamp_format_change,SUCCESS,True
quantum,finnhub,schema_alter,bert,1,230,previous_close,previous_close,timestamp_format_change,SUCCESS,True
quantum,finnhub,schema_alter,bert,1,230,timestamp,timestamp,timestamp_format_change,SUCCESS,True
quantum,finnhub,schema_alter,bert,1,230,market_cap,market_cap,timestamp_format_change,SUCCESS,True
quantum,finnhub,schema_alter,bert,1,230,volume,volume,timestamp_format_change,SUCCESS,True
quantum,finnhub,schema_alter,bert,1,230,avg_volume,avg_volume,timestamp_format_change,SUCCESS,True
quantum,finnhub,schema_alter,bert,1,230,pe_ratio,pe_ratio,timestamp_format_change,SUCCESS,True
quantum,finnhub,schema_alter,bert,1,230,dividend_yield,dividend_yield,timestamp_format_change,SUCCESS,True
quantum,finnhub,schema_alter,bert,1,230,beta,beta,timestamp_format_change,SUCCESS,True
quantum,finnhub,schema_alter,bert,1,230,52w_high,52w_high,timestamp_format_change,SUCCESS,True
quantum,finnhub,schema_alter,bert,1,230,52w_low,52w_low,timestamp_format_change,SUCCESS,True
quantum,finnhub,schema_alter,bert,1,230,sector,sector,timestamp_format_change,SUCCESS,True
quantum,finnhub,schema_alter,bert,1,230,industry,industry,timestamp_format_change,SUCCESS,True
quantum,finnhub,schema_alter,regex,1,249,current_price,CURRENT_PRICE,key_case_change,SUCCESS,True
quantum,finnhub,schema_alter,regex,1,249,dividend_yield,DIVIDEND_YIELD,key_case_change,SUCCESS,True
quantum,finnhub,schema_alter,regex,1,249,volume,VOLUME,key_case_change,SUCCESS,True
quantum,finnhub,schema_alter,regex,1,249,52w_high,52W_HIGH,key_case_change,SUCCESS,True
quantum,finnhub,schema_alter,regex,1,249,market_cap,MARKET_CAP,key_case_change,SUCCESS,True
quantum,finnhub,schema_alter,regex,1,249,52w_low,LOW,key_case_change,SUCCESS,True
quantum,finnhub,schema_alter,regex,1,249,high,52W_HIGH,key_case_change,SUCCESS,True
quantum,finnhub,schema_alter,regex,1,249,percent_change,CHANGE,key_case_change,SUCCESS,True
quantum,finnhub,schema_alter,regex,1,249,timestamp,TIMESTAMP,key_case_change,SUCCESS,True
quantum,finnhub,schema_alter,regex,1,249,symbol,SYMBOL,key_case_change,SUCCESS,True
quantum,finnhub,schema_alter,regex,1,249,beta,BETA,key_case_change,SUCCESS,True
quantum,finnhub,schema_alter,regex,1,249,open,OPEN,key_case_change,SUCCESS,True
quantum,finnhub,schema_alter,regex,1,249,pe_ratio,PE_RATIO,key_case_change,SUCCESS,True
quantum,finnhub,schema_alter,regex,1,249,sector,SECTOR,key_case_change,SUCCESS,True
quantum,finnhub,schema_alter,regex,1,249,low,LOW,key_case_change,SUCCESS,True
quantum,finnhub,schema_alter,regex,1,249,change,CHANGE,key_case_change,SUCCESS,True
quantum,finnhub,schema_alter,regex,1,249,previous_close,PREVIOUS_CLOSE,key_case_change,SUCCESS,True
quantum,finnhub,schema_alter,regex,1,249,industry,INDUSTRY,key_case_change,SUCCESS,True
quantum,finnhub,schema_alter,regex,1,249,avg_volume,VOLUME,key_case_change,SUCCESS,True
quantum,finnhub,schema_alter,regex,1,289,current_price,current_price,translation,FALSE_POSITIVE,True
quantum,finnhub,schema_alter,regex,1,289,dividend_yield,dividend_yield,translation,FALSE_POSITIVE,True
quantum,finnhub,schema_alter,regex,1,289,volume,volume,translation,FALSE_POSITIVE,True
quantum,finnhub,schema_alter,regex,1,289,52w_high,52w_high,translation,FALSE_POSITIVE,True
quantum,finnhub,schema_alter,regex,1,289,market_cap,market_cap,translation,FALSE_POSITIVE,True
quantum,finnhub,schema_alter,regex,1,289,52w_low,52w_low,translation,FALSE_POSITIVE,True
quantum,finnhub,schema_alter,regex,1,289,high,52w_high,translation,FALSE_POSITIVE,True
quantum,finnhub,schema_alter,regex,1,289,percent_change,percent_change,translation,FALSE_POSITIVE,True
quantum,finnhub,schema_alter,regex,1,289,timestamp,ts,translation,SUCCESS,True
quantum,finnhub,schema_alter,regex,1,289,symbol,symbol,translation,FALSE_POSITIVE,True
quantum,finnhub,schema_alter,regex,1,289,beta,beta,translation,FALSE_POSITIVE,True
quantum,finnhub,schema_alter,regex,1,289,open,open,translation,FALSE_POSITIVE,True
quantum,finnhub,schema_alter,regex,1,289,pe_ratio,pe_ratio,translation,FALSE_POSITIVE,True
quantum,finnhub,schema_alter,regex,1,289,sector,sector,translation,FALSE_POSITIVE,True
quantum,finnhub,schema_alter,regex,1,289,low,52w_low,translation,FALSE_POSITIVE,True
quantum,finnhub,schema_alter,regex,1,289,change,percent_change,translation,FALSE_POSITIVE,True
quantum,finnhub,schema_alter,regex,1,289,previous_close,previous_close,translation,FALSE_POSITIVE,True
quantum,finnhub,schema_alter,regex,1,289,industry,industry,translation,FALSE_POSITIVE,True
quantum,finnhub,schema_alter,regex,1,289,avg_volume,volume,translation,FALSE_POSITIVE,True
quantum,finnhub,schema_alter,regex,1,369,current_price,current_price,translation,FALSE_POSITIVE,True
quantum,finnhub,schema_alter,regex,1,369,dividend_yield,dividend_yield,translation,FALSE_POSITIVE,True
quantum,finnhub,schema_alter,regex,1,369,volume,volume,translation,FALSE_POSITIVE,True
quantum,finnhub,schema_alter,regex,1,369,52w_high,52w_high,translation,FALSE_POSITIVE,True
quantum,finnhub,schema_alter,regex,1,369,market_cap,market_cap,translation,FALSE_POSITIVE,True
quantum,finnhub,schema_alter,regex,1,369,52w_low,52w_low,translation,FALSE_POSITIVE,True
quantum,finnhub,schema_alter,regex,1,369,high,52w_high,translation,FALSE_POSITIVE,True
quantum,finnhub,schema_alter,regex,1,369,percent_change,percent_change,translation,FALSE_POSITIVE,True
quantum,finnhub,schema_alter,regex,1,369,timestamp,ts,translation,SUCCESS,True
quantum,finnhub,schema_alter,regex,1,369,symbol,symbol,translation,FALSE_POSITIVE,True
quantum,finnhub,schema_alter,regex,1,369,beta,beta,translation,FALSE_POSITIVE,True
quantum,finnhub,schema_alter,regex,1,369,open,open,translation,FALSE_POSITIVE,True
quantum,finnhub,schema_alter,regex,1,369,pe_ratio,pe_ratio,translation,FALSE_POSITIVE,True
quantum,finnhub,schema_alter,regex,1,369,sector,sector,translation,FALSE_POSITIVE,True
quantum,finnhub,schema_alter,regex,1,369,low,52w_low,translation,FALSE_POSITIVE,True
quantum,finnhub,schema_alter,regex,1,369,change,percent_change,translation,FALSE_POSITIVE,True
quantum,finnhub,schema_alter,regex,1,369,previous_close,previous_close,translation,FALSE_POSITIVE,True
quantum,finnhub,schema_alter,regex,1,369,industry,industry,translation,FALSE_POSITIVE,True
quantum,finnhub,schema_alter,regex,1,369,avg_volume,volume,translation,FALSE_POSITIVE,True
quantum,finnhub,schema_alter,regex,1,373,current_price,current_price,precision_loss,SUCCESS,True
quantum,finnhub,schema_alter,regex,1,373,dividend_yield,dividend_yield,precision_loss,SUCCESS,True
quantum,finnhub,schema_alter,regex,1,373,volume,volume,precision_loss,SUCCESS,True
quantum,finnhub,schema_alter,regex,1,373,52w_high,52w_high,precision_loss,SUCCESS,True
quantum,finnhub,schema_alter,regex,1,373,market_cap,market_cap,precision_loss,SUCCESS,True
quantum,finnhub,schema_alter,regex,1,373,52w_low,52w_low,precision_loss,SUCCESS,True
quantum,finnhub,schema_alter,regex,1,373,high,52w_high,precision_loss,SUCCESS,True
quantum,finnhub,schema_alter,regex,1,373,percent_change,percent_change,precision_loss,SUCCESS,True
quantum,finnhub,schema_alter,regex,1,373,timestamp,timestamp,precision_loss,SUCCESS,True
quantum,finnhub,schema_alter,regex,1,373,symbol,symbol,precision_loss,SUCCESS,True
quantum,finnhub,schema_alter,regex,1,373,beta,beta,precision_loss,SUCCESS,True
quantum,finnhub,schema_alter,regex,1,373,open,open,precision_loss,SUCCESS,True
quantum,finnhub,schema_alter,regex,1,373,pe_ratio,pe_ratio,precision_loss,SUCCESS,True
quantum,finnhub,schema_alter,regex,1,373,sector,sector,precision_loss,SUCCESS,True
quantum,finnhub,schema_alter,regex,1,373,low,52w_low,precision_loss,SUCCESS,True
quantum,finnhub,schema_alter,regex,1,373,change,percent_change,precision_loss,SUCCESS,True
quantum,finnhub,schema_alter,regex,1,373,previous_close,previous_close,precision_loss,SUCCESS,True
quantum,finnhub,schema_alter,regex,1,373,industry,industry,precision_loss,SUCCESS,True
quantum,finnhub,schema_alter,regex,1,373,avg_volume,volume,precision_loss,SUCCESS,True
quantum,finnhub,schema_alter,bert,1,431,symbol,SYMBOL,key_case_change,SUCCESS,True
quantum,finnhub,schema_alter,bert,1,431,current_price,CURRENT_PRICE,key_case_change,SUCCESS,True
quantum,finnhub,schema_alter,bert,1,431,change,CHANGE,key_case_change,SUCCESS,True
quantum,finnhub,schema_alter,bert,1,431,percent_change,PERCENT_CHANGE,key_case_change,SUCCESS,True
quantum,finnhub,schema_alter,bert,1,431,high,HIGH,key_case_change,SUCCESS,True
quantum,finnhub,schema_alter,bert,1,431,low,LOW,key_case_change,SUCCESS,True
quantum,finnhub,schema_alter,bert,1,431,open,OPEN,key_case_change,SUCCESS,True
quantum,finnhub,schema_alter,bert,1,431,previous_close,PREVIOUS_CLOSE,key_case_change,SUCCESS,True
quantum,finnhub,schema_alter,bert,1,431,timestamp,TIMESTAMP,key_case_change,SUCCESS,True
quantum,finnhub,schema_alter,bert,1,431,market_cap,MARKET_CAP,key_case_change,SUCCESS,True
quantum,finnhub,schema_alter,bert,1,431,volume,VOLUME,key_case_change,SUCCESS,True
quantum,finnhub,schema_alter,bert,1,431,avg_volume,AVG_VOLUME,key_case_change,SUCCESS,True
quantum,finnhub,schema_alter,bert,1,431,pe_ratio,PE_RATIO,key_case_change,SUCCESS,True
quantum,finnhub,schema_alter,bert,1,431,dividend_yield,DIVIDEND_YIELD,key_case_change,SUCCESS,True
quantum,finnhub,schema_alter,bert,1,431,beta,BETA,key_case_change,SUCCESS,True
quantum,finnhub,schema_alter,bert,1,431,52w_high,52W_HIGH,key_case_change,SUCCESS,True
quantum,finnhub,schema_alter,bert,1,431,52w_low,52W_LOW,key_case_change,SUCCESS,True
quantum,finnhub,schema_alter,bert,1,431,sector,SECTOR,key_case_change,SUCCESS,True
quantum,finnhub,schema_alter,bert,1,431,industry,INDUSTRY,key_case_change,SUCCESS,True
quantum,finnhub,schema_alter,levenshtein,1,467,current_price,current_price,type_change,SUCCESS,True
quantum,finnhub,schema_alter,levenshtein,1,467,dividend_yield,dividend_yield,type_change,SUCCESS,True
quantum,finnhub,schema_alter,levenshtein,1,467,volume,volume,type_change,SUCCESS,True
quantum,finnhub,schema_alter,levenshtein,1,467,52w_high,52w_high,type_change,SUCCESS,True
quantum,finnhub,schema_alter,levenshtein,1,467,market_cap,market_cap,type_change,SUCCESS,True
quantum,finnhub,schema_alter,levenshtein,1,467,52w_low,52w_low,type_change,SUCCESS,True
quantum,finnhub,schema_alter,levenshtein,1,467,high,high,type_change,SUCCESS,True
quantum,finnhub,schema_alter,levenshtein,1,467,percent_change,percent_change,type_change,SUCCESS,True
quantum,finnhub,schema_alter,levenshtein,1,467,timestamp,timestamp,type_change,SUCCESS,True
quantum,finnhub,schema_alter,levenshtein,1,467,symbol,symbol,type_change,SUCCESS,True
quantum,finnhub,schema_alter,levenshtein,1,467,beta,beta,type_change,SUCCESS,True
quantum,finnhub,schema_alter,levenshtein,1,467,open,open,type_change,SUCCESS,True
quantum,finnhub,schema_alter,levenshtein,1,467,pe_ratio,pe_ratio,type_change,SUCCESS,True
quantum,finnhub,schema_alter,levenshtein,1,467,sector,sector,type_change,SUCCESS,True
quantum,finnhub,schema_alter,levenshtein,1,467,low,low,type_change,SUCCESS,True
quantum,finnhub,schema_alter,levenshtein,1,467,change,change,type_change,SUCCESS,True
quantum,finnhub,schema_alter,levenshtein,1,467,previous_close,previous_close,type_change,SUCCESS,True
quantum,finnhub,schema_alter,levenshtein,1,467,industry,industry,type_change,SUCCESS,True
quantum,finnhub,schema_alter,levenshtein,1,467,avg_volume,avg_volume,type_change,SUCCESS,True
quantum,finnhub,json_manip,regex,1,12,current_price,current_price,duplicate_field_inject,FALSE_POSITIVE,True
quantum,finnhub,json_manip,regex,1,12,dividend_yield,dividend_yield,duplicate_field_inject,FALSE_POSITIVE,True
quantum,finnhub,json_manip,regex,1,12,volume,volume,duplicate_field_inject,FALSE_POSITIVE,True
quantum,finnhub,json_manip,regex,1,12,52w_high,52w_high,duplicate_field_inject,FALSE_POSITIVE,True
quantum,finnhub,json_manip,regex,1,12,market_cap,market_cap,duplicate_field_inject,FALSE_POSITIVE,True
quantum,finnhub,json_manip,regex,1,12,52w_low,52w_low,duplicate_field_inject,FALSE_POSITIVE,True
quantum,finnhub,json_manip,regex,1,12,high,52w_high,duplicate_field_inject,FALSE_POSITIVE,True
quantum,finnhub,json_manip,regex,1,12,percent_change,percent_change,duplicate_field_inject,FALSE_POSITIVE,True
quantum,finnhub,json_manip,regex,1,12,timestamp,timestamp,duplicate_field_inject,FALSE_POSITIVE,True
quantum,finnhub,json_manip,regex,1,12,symbol,symbol,duplicate_field_inject,FALSE_POSITIVE,True
quantum,finnhub,json_manip,regex,1,12,beta,beta,duplicate_field_inject,FALSE_POSITIVE,True
quantum,finnhub,json_manip,regex,1,12,open,open,duplicate_field_inject,FALSE_POSITIVE,True
quantum,finnhub,json_manip,regex,1,12,pe_ratio,pe_ratio,duplicate_field_inject,FALSE_POSITIVE,True
quantum,finnhub,json_manip,regex,1,12,sector,sector,duplicate_field_inject,FALSE_POSITIVE,True
quantum,finnhub,json_manip,regex,1,12,low,52w_low,duplicate_field_inject,FALSE_POSITIVE,True
quantum,finnhub,json_manip,regex,1,12,change,percent_change,duplicate_field_inject,FALSE_POSITIVE,True
quantum,finnhub,json_manip,regex,1,12,previous_close,previous_close,duplicate_field_inject,FALSE_POSITIVE,True
quantum,finnhub,json_manip,regex,1,12,industry,industry_copy,duplicate_field_inject,FALSE_POSITIVE,True
quantum,finnhub,json_manip,regex,1,12,avg_volume,volume,duplicate_field_inject,FALSE_POSITIVE,True
quantum,finnhub,json_manip,regex,1,55,current_price,current_price,field_merge_value,FALSE_POSITIVE,True
quantum,finnhub,json_manip,regex,1,55,dividend_yield,dividend_yield,field_merge_value,FALSE_POSITIVE,True
quantum,finnhub,json_manip,regex,1,55,volume,volume,field_merge_value,FALSE_POSITIVE,True
quantum,finnhub,json_manip,regex,1,55,52w_high,high,field_merge_value,FALSE_POSITIVE,True
quantum,finnhub,json_manip,regex,1,55,market_cap,market_cap,field_merge_value,FALSE_POSITIVE,True
quantum,finnhub,json_manip,regex,1,55,52w_low,avg_volume_52w_low,field_merge_value,SUCCESS,True
quantum,finnhub,json_manip,regex,1,55,high,high,field_merge_value,FALSE_POSITIVE,True
quantum,finnhub,json_manip,regex,1,55,percent_change,percent_change,field_merge_value,FALSE_POSITIVE,True
quantum,finnhub,json_manip,regex,1,55,timestamp,timestamp,field_merge_value,FALSE_POSITIVE,True
quantum,finnhub,json_manip,regex,1,55,symbol,symbol,field_merge_value,FALSE_POSITIVE,True
quantum,finnhub,json_manip,regex,1,55,beta,beta,field_merge_value,FALSE_POSITIVE,True
quantum,finnhub,json_manip,regex,1,55,open,open,field_merge_value,FALSE_POSITIVE,True
quantum,finnhub,json_manip,regex,1,55,pe_ratio,pe_ratio,field_merge_value,FALSE_POSITIVE,True
quantum,finnhub,json_manip,regex,1,55,sector,sector,field_merge_value,FALSE_POSITIVE,True
quantum,finnhub,json_manip,regex,1,55,low,avg_volume_52w_low,field_merge_value,FALSE_POSITIVE,True
quantum,finnhub,json_manip,regex,1,55,change,percent_change,field_merge_value,FALSE_POSITIVE,True
quantum,finnhub,json_manip,regex,1,55,previous_close,previous_close,field_merge_value,FALSE_POSITIVE,True
quantum,finnhub,json_manip,regex,1,55,industry,industry,field_merge_value,FALSE_POSITIVE,True
quantum,finnhub,json_manip,regex,1,55,avg_volume,volume,field_merge_value,SUCCESS,True
quantum,finnhub,json_manip,bert,1,77,symbol,symbol,duplicate_field_inject,FALSE_POSITIVE,True
quantum,finnhub,json_manip,bert,1,77,current_price,current_price,duplicate_field_inject,FALSE_POSITIVE,True
quantum,finnhub,json_manip,bert,1,77,change,change,duplicate_field_inject,FALSE_POSITIVE,True
quantum,finnhub,json_manip,bert,1,77,percent_change,percent_change,duplicate_field_inject,FALSE_POSITIVE,True
quantum,finnhub,json_manip,bert,1,77,high,high,duplicate_field_inject,FALSE_POSITIVE,True
quantum,finnhub,json_manip,bert,1,77,low,low,duplicate_field_inject,FALSE_POSITIVE,True
quantum,finnhub,json_manip,bert,1,77,open,open,duplicate_field_inject,FALSE_POSITIVE,True
quantum,finnhub,json_manip,bert,1,77,previous_close,previous_close,duplicate_field_inject,FALSE_POSITIVE,True
quantum,finnhub,json_manip,bert,1,77,timestamp,timestamp,duplicate_field_inject,FALSE_POSITIVE,True
quantum,finnhub,json_manip,bert,1,77,market_cap,market_cap,duplicate_field_inject,FALSE_POSITIVE,True
quantum,finnhub,json_manip,bert,1,77,volume,volume,duplicate_field_inject,FALSE_POSITIVE,True
quantum,finnhub,json_manip,bert,1,77,avg_volume,avg_volume,duplicate_field_inject,FALSE_POSITIVE,True
quantum,finnhub,json_manip,bert,1,77,pe_ratio,pe_ratio,duplicate_field_inject,FALSE_POSITIVE,True
quantum,finnhub,json_manip,bert,1,77,dividend_yield,dividend_yield,duplicate_field_inject,FALSE_POSITIVE,True
quantum,finnhub,json_manip,bert,1,77,beta,beta,duplicate_field_inject,FALSE_POSITIVE,True
quantum,finnhub,json_manip,bert,1,77,52w_high,52w_high,duplicate_field_inject,FALSE_POSITIVE,True
quantum,finnhub,json_manip,bert,1,77,52w_low,52w_low,duplicate_field_inject,FALSE_POSITIVE,True
quantum,finnhub,json_manip,bert,1,77,sector,sector,duplicate_field_inject,FALSE_POSITIVE,True
quantum,finnhub,json_manip,bert,1,77,industry,industry,duplicate_field_inject,FALSE_POSITIVE,True
quantum,finnhub,json_manip,bert,1,91,symbol,symbol,field_split,FALSE_POSITIVE,True
quantum,finnhub,json_manip,bert,1,91,current_price,current_price,field_split,FALSE_POSITIVE,True
quantum,finnhub,json_manip,bert,1,91,change,change,field_split,FALSE_POSITIVE,True
quantum,finnhub,json_manip,bert,1,91,percent_change,percent_change,field_split,FALSE_POSITIVE,True
quantum,finnhub,json_manip,bert,1,91,high,low,field_split,SUCCESS,True
quantum,finnhub,json_manip,bert,1,91,low,low,field_split,FALSE_POSITIVE,True
quantum,finnhub,json_manip,bert,1,91,open,open,field_split,FALSE_POSITIVE,True
quantum,finnhub,json_manip,bert,1,91,previous_close,previous_close,field_split,FALSE_POSITIVE,True
quantum,finnhub,json_manip,bert,1,91,timestamp,timestamp,field_split,FALSE_POSITIVE,True
quantum,finnhub,json_manip,bert,1,91,market_cap,market_cap,field_split,FALSE_POSITIVE,True
quantum,finnhub,json_manip,bert,1,91,volume,volume,field_split,FALSE_POSITIVE,True
quantum,finnhub,json_manip,bert,1,91,avg_volume,avg_volume,field_split,FALSE_POSITIVE,True
quantum,finnhub,json_manip,bert,1,91,pe_ratio,pe_ratio,field_split,FALSE_POSITIVE,True
quantum,finnhub,json_manip,bert,1,91,dividend_yield,dividend_yield,field_split,FALSE_POSITIVE,True
quantum,finnhub,json_manip,bert,1,91,beta,beta,field_split,FALSE_POSITIVE,True
quantum,finnhub,json_manip,bert,1,91,52w_high,52w_high,field_split,FALSE_POSITIVE,True
quantum,finnhub,json_manip,bert,1,91,52w_low,52w_low,field_split,FALSE_POSITIVE,True
quantum,finnhub,json_manip,bert,1,91,sector,sector,field_split,FALSE_POSITIVE,True
quantum,finnhub,json_manip,bert,1,91,industry,industry,field_split,FALSE_POSITIVE,True
quantum,finnhub,json_manip,levenshtein,1,119,current_price,current_price,duplicate_field_inject,FALSE_POSITIVE,True
quantum,finnhub,json_manip,levenshtein,1,119,dividend_yield,dividend_yield,duplicate_field_inject,FALSE_POSITIVE,True
quantum,finnhub,json_manip,levenshtein,1,119,volume,volume,duplicate_field_inject,FALSE_POSITIVE,True
quantum,finnhub,json_manip,levenshtein,1,119,52w_high,52w_high,duplicate_field_inject,FALSE_POSITIVE,True
quantum,finnhub,json_manip,levenshtein,1,119,market_cap,market_cap,duplicate_field_inject,FALSE_POSITIVE,True
quantum,finnhub,json_manip,levenshtein,1,119,52w_low,52w_low,duplicate_field_inject,FALSE_POSITIVE,True
quantum,finnhub,json_manip,levenshtein,1,119,high,high,duplicate_field_inject,FALSE_POSITIVE,True
quantum,finnhub,json_manip,levenshtein,1,119,percent_change,percent_change,duplicate_field_inject,FALSE_POSITIVE,True
quantum,finnhub,json_manip,levenshtein,1,119,timestamp,timestamp,duplicate_field_inject,FALSE_POSITIVE,True
quantum,finnhub,json_manip,levenshtein,1,119,symbol,symbol,duplicate_field_inject,FALSE_POSITIVE,True
quantum,finnhub,json_manip,levenshtein,1,119,beta,beta,duplicate_field_inject,FALSE_POSITIVE,True
quantum,finnhub,json_manip,levenshtein,1,119,open,open,duplicate_field_inject,FALSE_POSITIVE,True
quantum,finnhub,json_manip,levenshtein,1,119,pe_ratio,pe_ratio,duplicate_field_inject,FALSE_POSITIVE,True
quantum,finnhub,json_manip,levenshtein,1,119,sector,sector,duplicate_field_inject,FALSE_POSITIVE,True
quantum,finnhub,json_manip,levenshtein,1,119,low,low,duplicate_field_inject,FALSE_POSITIVE,True
quantum,finnhub,json_manip,levenshtein,1,119,change,change,duplicate_field_inject,FALSE_POSITIVE,True
quantum,finnhub,json_manip,levenshtein,1,119,previous_close,previous_close,duplicate_field_inject,FALSE_POSITIVE,True
quantum,finnhub,json_manip,levenshtein,1,119,industry,industry,duplicate_field_inject,FALSE_POSITIVE,True
quantum,finnhub,json_manip,levenshtein,1,119,avg_volume,avg_volume,duplicate_field_inject,FALSE_POSITIVE,True
quantum,finnhub,json_manip,regex,1,147,current_price,current_price,outlier_injection,SUCCESS,True
quantum,finnhub,json_manip,regex,1,147,dividend_yield,dividend_yield,outlier_injection,SUCCESS,True
quantum,finnhub,json_manip,regex,1,147,volume,volume,outlier_injection,SUCCESS,True
quantum,finnhub,json_manip,regex,1,147,52w_high,52w_high,outlier_injection,SUCCESS,True
quantum,finnhub,json_manip,regex,1,147,market_cap,market_cap,outlier_injection,SUCCESS,True
quantum,finnhub,json_manip,regex,1,147,52w_low,52w_low,outlier_injection,SUCCESS,True
quantum,finnhub,json_manip,regex,1,147,high,52w_high,outlier_injection,SUCCESS,True
quantum,finnhub,json_manip,regex,1,147,percent_change,percent_change,outlier_injection,SUCCESS,True
quantum,finnhub,json_manip,regex,1,147,timestamp,timestamp,outlier_injection,SUCCESS,True
quantum,finnhub,json_manip,regex,1,147,symbol,symbol,outlier_injection,SUCCESS,True
quantum,finnhub,json_manip,regex,1,147,beta,beta,outlier_injection,SUCCESS,True
quantum,finnhub,json_manip,regex,1,147,open,open,outlier_injection,SUCCESS,True
quantum,finnhub,json_manip,regex,1,147,pe_ratio,pe_ratio,outlier_injection,SUCCESS,True
quantum,finnhub,json_manip,regex,1,147,sector,sector,outlier_injection,SUCCESS,True
quantum,finnhub,json_manip,regex,1,147,low,52w_low,outlier_injection,SUCCESS,True
quantum,finnhub,json_manip,regex,1,147,change,percent_change,outlier_injection,SUCCESS,True
quantum,finnhub,json_manip,regex,1,147,previous_close,previous_close,outlier_injection,SUCCESS,True
quantum,finnhub,json_manip,regex,1,147,industry,industry,outlier_injection,SUCCESS,True
quantum,finnhub,json_manip,regex,1,147,avg_volume,volume,outlier_injection,SUCCESS,True
quantum,finnhub,json_manip,regex,1,158,current_price,current_price,variable_drop,FALSE_POSITIVE,True
quantum,finnhub,json_manip,regex,1,158,dividend_yield,dividend_yield,variable_drop,FALSE_POSITIVE,True
quantum,finnhub,json_manip,regex,1,158,volume,volume,variable_drop,FALSE_POSITIVE,True
quantum,finnhub,json_manip,regex,1,158,52w_high,high,variable_drop,FALSE_POSITIVE,True
quantum,finnhub,json_manip,regex,1,158,market_cap,market_cap,variable_drop,FALSE_POSITIVE,True
quantum,finnhub,json_manip,regex,1,158,52w_low,52w_low,variable_drop,FALSE_POSITIVE,True
quantum,finnhub,json_manip,regex,1,158,high,high,variable_drop,FALSE_POSITIVE,True
quantum,finnhub,json_manip,regex,1,158,percent_change,percent_change,variable_drop,FALSE_POSITIVE,True
quantum,finnhub,json_manip,regex,1,158,timestamp,timestamp,variable_drop,FALSE_POSITIVE,True
quantum,finnhub,json_manip,regex,1,158,symbol,symbol,variable_drop,FALSE_POSITIVE,True
quantum,finnhub,json_manip,regex,1,158,beta,beta,variable_drop,FALSE_POSITIVE,True
quantum,finnhub,json_manip,regex,1,158,open,open,variable_drop,FALSE_POSITIVE,True
quantum,finnhub,json_manip,regex,1,158,pe_ratio,pe_ratio,variable_drop,FALSE_POSITIVE,True
quantum,finnhub,json_manip,regex,1,158,sector,sector,variable_drop,FALSE_POSITIVE,True
quantum,finnhub,json_manip,regex,1,158,low,52w_low,variable_drop,FALSE_POSITIVE,True
quantum,finnhub,json_manip,regex,1,158,change,percent_change,variable_drop,FALSE_POSITIVE,True
quantum,finnhub,json_manip,regex,1,158,previous_close,previous_close,variable_drop,FALSE_POSITIVE,True
quantum,finnhub,json_manip,regex,1,158,industry,industry,variable_drop,FALSE_POSITIVE,True
quantum,finnhub,json_manip,regex,1,158,avg_volume,volume,variable_drop,SUCCESS,True
quantum,finnhub,json_manip,regex,1,213,current_price,current_price,duplicate_field_inject,FALSE_POSITIVE,True
quantum,finnhub,json_manip,regex,1,213,dividend_yield,dividend_yield,duplicate_field_inject,FALSE_POSITIVE,True
quantum,finnhub,json_manip,regex,1,213,volume,volume,duplicate_field_inject,FALSE_POSITIVE,True
quantum,finnhub,json_manip,regex,1,213,52w_high,52w_high,duplicate_field_inject,FALSE_POSITIVE,True
quantum,finnhub,json_manip,regex,1,213,market_cap,market_cap,duplicate_field_inject,FALSE_POSITIVE,True
quantum,finnhub,json_manip,regex,1,213,52w_low,52w_low,duplicate_field_inject,FALSE_POSITIVE,True
quantum,finnhub,json_manip,regex,1,213,high,52w_high,duplicate_field_inject,FALSE_POSITIVE,True
quantum,finnhub,json_manip,regex,1,213,percent_change,percent_change,duplicate_field_inject,FALSE_POSITIVE,True
quantum,finnhub,json_manip,regex,1,213,timestamp,timestamp,duplicate_field_inject,FALSE_POSITIVE,True
quantum,finnhub,json_manip,regex,1,213,symbol,symbol,duplicate_field_inject,FALSE_POSITIVE,True
quantum,finnhub,json_manip,regex,1,213,beta,beta,duplicate_field_inject,FALSE_POSITIVE,True
quantum,finnhub,json_manip,regex,1,213,open,open,duplicate_field_inject,FALSE_POSITIVE,True
quantum,finnhub,json_manip,regex,1,213,pe_ratio,pe_ratio,duplicate_field_inject,FALSE_POSITIVE,True
quantum,finnhub,json_manip,regex,1,213,sector,sector,duplicate_field_inject,FALSE_POSITIVE,True
quantum,finnhub,json_manip,regex,1,213,low,52w_low,duplicate_field_inject,FALSE_POSITIVE,True
quantum,finnhub,json_manip,regex,1,213,change,percent_change,duplicate_field_inject,FALSE_POSITIVE,True
quantum,finnhub,json_manip,regex,1,213,previous_close,previous_close,duplicate_field_inject,FALSE_POSITIVE,True
quantum,finnhub,json_manip,regex,1,213,industry,industry,duplicate_field_inject,FALSE_POSITIVE,True
quantum,finnhub,json_manip,regex,1,213,avg_volume,volume,duplicate_field_inject,FALSE_POSITIVE,True
quantum,finnhub,json_manip,bert,1,319,symbol,symbol,scalar_to_array,SUCCESS,True
quantum,finnhub,json_manip,bert,1,319,current_price,current_price,scalar_to_array,SUCCESS,True
quantum,finnhub,json_manip,bert,1,319,change,change,scalar_to_array,SUCCESS,True
quantum,finnhub,json_manip,bert,1,319,percent_change,percent_change,scalar_to_array,SUCCESS,True
quantum,finnhub,json_manip,bert,1,319,high,high,scalar_to_array,SUCCESS,True
quantum,finnhub,json_manip,bert,1,319,low,low,scalar_to_array,SUCCESS,True
quantum,finnhub,json_manip,bert,1,319,open,open,scalar_to_array,SUCCESS,True
quantum,finnhub,json_manip,bert,1,319,previous_close,previous_close,scalar_to_array,SUCCESS,True
quantum,finnhub,json_manip,bert,1,319,timestamp,timestamp,scalar_to_array,SUCCESS,True
quantum,finnhub,json_manip,bert,1,319,market_cap,market_cap,scalar_to_array,SUCCESS,True
quantum,finnhub,json_manip,bert,1,319,volume,volume,scalar_to_array,SUCCESS,True
quantum,finnhub,json_manip,bert,1,319,avg_volume,avg_volume,scalar_to_array,SUCCESS,True
quantum,finnhub,json_manip,bert,1,319,pe_ratio,pe_ratio,scalar_to_array,SUCCESS,True
quantum,finnhub,json_manip,bert,1,319,dividend_yield,dividend_yield,scalar_to_array,SUCCESS,True
quantum,finnhub,json_manip,bert,1,319,beta,beta,scalar_to_array,SUCCESS,True
quantum,finnhub,json_manip,bert,1,319,52w_high,52w_high,scalar_to_array,SUCCESS,True
quantum,finnhub,json_manip,bert,1,319,52w_low,52w_low,scalar_to_array,SUCCESS,True
quantum,finnhub,json_manip,bert,1,319,sector,sector,scalar_to_array,SUCCESS,True
quantum,finnhub,json_manip,bert,1,319,industry,industry,scalar_to_array,SUCCESS,True
quantum,finnhub,json_manip,bert,1,349,symbol,symbol,field_merge_value,FALSE_POSITIVE,True
quantum,finnhub,json_manip,bert,1,349,current_price,current_price,field_merge_value,FALSE_POSITIVE,True
quantum,finnhub,json_manip,bert,1,349,change,change,field_merge_value,FALSE_POSITIVE,True
quantum,finnhub,json_manip,bert,1,349,percent_change,percent_change,field_merge_value,FALSE_POSITIVE,True
quantum,finnhub,json_manip,bert,1,349,high,high,field_merge_value,FALSE_POSITIVE,True
quantum,finnhub,json_manip,bert,1,349,low,low,field_merge_value,FALSE_POSITIVE,True
quantum,finnhub,json_manip,bert,1,349,previous_close,previous_close,field_merge_value,FALSE_POSITIVE,True
quantum,finnhub,json_manip,bert,1,349,timestamp,timestamp,field_merge_value,FALSE_POSITIVE,True
quantum,finnhub,json_manip,bert,1,349,market_cap,market_cap,field_merge_value,FALSE_POSITIVE,True
quantum,finnhub,json_manip,bert,1,349,volume,volume,field_merge_value,FALSE_POSITIVE,True
quantum,finnhub,json_manip,bert,1,349,avg_volume,avg_volume,field_merge_value,FALSE_POSITIVE,True
quantum,finnhub,json_manip,bert,1,349,pe_ratio,pe_ratio,field_merge_value,FALSE_POSITIVE,True
quantum,finnhub,json_manip,bert,1,349,dividend_yield,dividend_yield,field_merge_value,FALSE_POSITIVE,True
quantum,finnhub,json_manip,bert,1,349,beta,beta,field_merge_value,FALSE_POSITIVE,True
quantum,finnhub,json_manip,bert,1,349,52w_high,52w_high,field_merge_value,FALSE_POSITIVE,True
quantum,finnhub,json_manip,bert,1,349,52w_low,52w_low,field_merge_value,FALSE_POSITIVE,True
quantum,finnhub,json_manip,bert,1,349,sector,sector,field_merge_value,FALSE_POSITIVE,True
quantum,finnhub,json_manip,bert,1,349,open,,field_merge_value,FAILURE,True
quantum,finnhub,json_manip,bert,1,349,industry,,field_merge_value,FAILURE,True
quantum,finnhub,json_manip,bert,1,352,current_price,current_price,variable_drop,FALSE_POSITIVE,True
quantum,finnhub,json_manip,bert,1,352,change,change,variable_drop,FALSE_POSITIVE,True
quantum,finnhub,json_manip,bert,1,352,percent_change,percent_change,variable_drop,FALSE_POSITIVE,True
quantum,finnhub,json_manip,bert,1,352,high,high,variable_drop,FALSE_POSITIVE,True
quantum,finnhub,json_manip,bert,1,352,low,low,variable_drop,FALSE_POSITIVE,True
quantum,finnhub,json_manip,bert,1,352,open,open,variable_drop,FALSE_POSITIVE,True
quantum,finnhub,json_manip,bert,1,352,previous_close,previous_close,variable_drop,FALSE_POSITIVE,True
quantum,finnhub,json_manip,bert,1,352,timestamp,timestamp,variable_drop,FALSE_POSITIVE,True
quantum,finnhub,json_manip,bert,1,352,market_cap,market_cap,variable_drop,FALSE_POSITIVE,True
quantum,finnhub,json_manip,bert,1,352,volume,volume,variable_drop,FALSE_POSITIVE,True
quantum,finnhub,json_manip,bert,1,352,avg_volume,avg_volume,variable_drop,FALSE_POSITIVE,True
quantum,finnhub,json_manip,bert,1,352,pe_ratio,pe_ratio,variable_drop,FALSE_POSITIVE,True
quantum,finnhub,json_manip,bert,1,352,dividend_yield,dividend_yield,variable_drop,FALSE_POSITIVE,True
quantum,finnhub,json_manip,bert,1,352,beta,beta,variable_drop,FALSE_POSITIVE,True
quantum,finnhub,json_manip,bert,1,352,52w_high,52w_high,variable_drop,FALSE_POSITIVE,True
quantum,finnhub,json_manip,bert,1,352,52w_low,52w_low,variable_drop,FALSE_POSITIVE,True
quantum,finnhub,json_manip,bert,1,352,sector,sector,variable_drop,FALSE_POSITIVE,True
quantum,finnhub,json_manip,bert,1,352,industry,industry,variable_drop,FALSE_POSITIVE,True
quantum,finnhub,json_manip,bert,1,352,symbol,,variable_drop,FAILURE,True
quantum,finnhub,json_manip,regex,1,380,current_price,current_price,duplicate_field_inject,FALSE_POSITIVE,True
quantum,finnhub,json_manip,regex,1,380,dividend_yield,dividend_yield,duplicate_field_inject,FALSE_POSITIVE,True
quantum,finnhub,json_manip,regex,1,380,volume,volume,duplicate_field_inject,FALSE_POSITIVE,True
quantum,finnhub,json_manip,regex,1,380,52w_high,52w_high,duplicate_field_inject,FALSE_POSITIVE,True
quantum,finnhub,json_manip,regex,1,380,market_cap,market_cap,duplicate_field_inject,FALSE_POSITIVE,True
quantum,finnhub,json_manip,regex,1,380,52w_low,52w_low,duplicate_field_inject,FALSE_POSITIVE,True
quantum,finnhub,json_manip,regex,1,380,high,52w_high,duplicate_field_inject,FALSE_POSITIVE,True
quantum,finnhub,json_manip,regex,1,380,percent_change,percent_change,duplicate_field_inject,FALSE_POSITIVE,True
quantum,finnhub,json_manip,regex,1,380,timestamp,timestamp,duplicate_field_inject,FALSE_POSITIVE,True
quantum,finnhub,json_manip,regex,1,380,symbol,symbol,duplicate_field_inject,FALSE_POSITIVE,True
quantum,finnhub,json_manip,regex,1,380,beta,beta,duplicate_field_inject,FALSE_POSITIVE,True
quantum,finnhub,json_manip,regex,1,380,open,open,duplicate_field_inject,FALSE_POSITIVE,True
quantum,finnhub,json_manip,regex,1,380,pe_ratio,pe_ratio,duplicate_field_inject,FALSE_POSITIVE,True
quantum,finnhub,json_manip,regex,1,380,sector,sector,duplicate_field_inject,FALSE_POSITIVE,True
quantum,finnhub,json_manip,regex,1,380,low,52w_low,duplicate_field_inject,FALSE_POSITIVE,True
quantum,finnhub,json_manip,regex,1,380,change,percent_change,duplicate_field_inject,FALSE_POSITIVE,True
quantum,finnhub,json_manip,regex,1,380,previous_close,previous_close,duplicate_field_inject,FALSE_POSITIVE,True
quantum,finnhub,json_manip,regex,1,380,industry,industry,duplicate_field_inject,FALSE_POSITIVE,True
quantum,finnhub,json_manip,regex,1,380,avg_volume,volume,duplicate_field_inject,FALSE_POSITIVE,True
quantum,finnhub,json_manip,bert,1,395,symbol,symbol,scalar_to_array,SUCCESS,True
quantum,finnhub,json_manip,bert,1,395,current_price,current_price,scalar_to_array,SUCCESS,True
quantum,finnhub,json_manip,bert,1,395,change,change,scalar_to_array,SUCCESS,True
quantum,finnhub,json_manip,bert,1,395,percent_change,percent_change,scalar_to_array,SUCCESS,True
quantum,finnhub,json_manip,bert,1,395,high,high,scalar_to_array,SUCCESS,True
quantum,finnhub,json_manip,bert,1,395,low,low,scalar_to_array,SUCCESS,True
quantum,finnhub,json_manip,bert,1,395,open,open,scalar_to_array,SUCCESS,True
quantum,finnhub,json_manip,bert,1,395,previous_close,previous_close,scalar_to_array,SUCCESS,True
quantum,finnhub,json_manip,bert,1,395,timestamp,timestamp,scalar_to_array,SUCCESS,True
quantum,finnhub,json_manip,bert,1,395,market_cap,market_cap,scalar_to_array,SUCCESS,True
quantum,finnhub,json_manip,bert,1,395,volume,volume,scalar_to_array,SUCCESS,True
quantum,finnhub,json_manip,bert,1,395,avg_volume,avg_volume,scalar_to_array,SUCCESS,True
quantum,finnhub,json_manip,bert,1,395,pe_ratio,pe_ratio,scalar_to_array,SUCCESS,True
quantum,finnhub,json_manip,bert,1,395,dividend_yield,dividend_yield,scalar_to_array,SUCCESS,True
quantum,finnhub,json_manip,bert,1,395,beta,beta,scalar_to_array,SUCCESS,True
quantum,finnhub,json_manip,bert,1,395,52w_high,52w_high,scalar_to_array,SUCCESS,True
quantum,finnhub,json_manip,bert,1,395,52w_low,52w_low,scalar_to_array,SUCCESS,True
quantum,finnhub,json_manip,bert,1,395,sector,sector,scalar_to_array,SUCCESS,True
quantum,finnhub,json_manip,bert,1,395,industry,industry,scalar_to_array,SUCCESS,True
quantum,finnhub,json_manip,regex,1,447,current_price,current_price,field_join,FALSE_POSITIVE,True
quantum,finnhub,json_manip,regex,1,447,dividend_yield,dividend_yield,field_join,FALSE_POSITIVE,True
quantum,finnhub,json_manip,regex,1,447,volume,volume,field_join,FALSE_POSITIVE,True
quantum,finnhub,json_manip,regex,1,447,52w_high,52w_high,field_join,FALSE_POSITIVE,True
quantum,finnhub,json_manip,regex,1,447,market_cap,market_cap,field_join,FALSE_POSITIVE,True
quantum,finnhub,json_manip,regex,1,447,52w_low,52w_low,field_join,FALSE_POSITIVE,True
quantum,finnhub,json_manip,regex,1,447,high,52w_high,field_join,SUCCESS,True
quantum,finnhub,json_manip,regex,1,447,percent_change,percent_change,field_join,FALSE_POSITIVE,True
quantum,finnhub,json_manip,regex,1,447,timestamp,timestamp,field_join,FALSE_POSITIVE,True
quantum,finnhub,json_manip,regex,1,447,symbol,symbol,field_join,FALSE_POSITIVE,True
quantum,finnhub,json_manip,regex,1,447,beta,high_beta,field_join,SUCCESS,True
quantum,finnhub,json_manip,regex,1,447,open,open,field_join,FALSE_POSITIVE,True
quantum,finnhub,json_manip,regex,1,447,pe_ratio,pe_ratio,field_join,FALSE_POSITIVE,True
quantum,finnhub,json_manip,regex,1,447,sector,sector,field_join,FALSE_POSITIVE,True
quantum,finnhub,json_manip,regex,1,447,low,52w_low,field_join,FALSE_POSITIVE,True
quantum,finnhub,json_manip,regex,1,447,change,percent_change,field_join,FALSE_POSITIVE,True
quantum,finnhub,json_manip,regex,1,447,previous_close,previous_close,field_join,FALSE_POSITIVE,True
quantum,finnhub,json_manip,regex,1,447,industry,industry,field_join,FALSE_POSITIVE,True
quantum,finnhub,json_manip,regex,1,447,avg_volume,volume,field_join,FALSE_POSITIVE,True
quantum,finnhub,json_manip,regex,1,462,current_price,current_price,field_split,FALSE_POSITIVE,True
quantum,finnhub,json_manip,regex,1,462,dividend_yield,dividend_yield,field_split,FALSE_POSITIVE,True
quantum,finnhub,json_manip,regex,1,462,volume,volume,field_split,FALSE_POSITIVE,True
quantum,finnhub,json_manip,regex,1,462,52w_high,52w_high,field_split,FALSE_POSITIVE,True
quantum,finnhub,json_manip,regex,1,462,market_cap,market_cap,field_split,FALSE_POSITIVE,True
quantum,finnhub,json_manip,regex,1,462,52w_low,52w_low,field_split,FALSE_POSITIVE,True
quantum,finnhub,json_manip,regex,1,462,high,52w_high,field_split,FALSE_POSITIVE,True
quantum,finnhub,json_manip,regex,1,462,percent_change,percent_change,field_split,FALSE_POSITIVE,True
quantum,finnhub,json_manip,regex,1,462,timestamp,timestamp,field_split,FALSE_POSITIVE,True
quantum,finnhub,json_manip,regex,1,462,symbol,symbol,field_split,FALSE_POSITIVE,True
quantum,finnhub,json_manip,regex,1,462,beta,beta,field_split,FALSE_POSITIVE,True
quantum,finnhub,json_manip,regex,1,462,open,open,field_split,FALSE_POSITIVE,True
quantum,finnhub,json_manip,regex,1,462,pe_ratio,pe_ratio,field_split,FALSE_POSITIVE,True
quantum,finnhub,json_manip,regex,1,462,sector,sector,field_split,FALSE_POSITIVE,True
quantum,finnhub,json_manip,regex,1,462,low,52w_low,field_split,FALSE_POSITIVE,True
quantum,finnhub,json_manip,regex,1,462,change,percent_change,field_split,FALSE_POSITIVE,True
quantum,finnhub,json_manip,regex,1,462,previous_close,previous_close_part2,field_split,SUCCESS,True
quantum,finnhub,json_manip,regex,1,462,industry,industry,field_split,FALSE_POSITIVE,True
quantum,finnhub,json_manip,regex,1,462,avg_volume,volume,field_split,FALSE_POSITIVE,True
quantum,openf1,json_manip,regex,1,77,throttle,throttle,scalar_to_array,SUCCESS,True
quantum,openf1,json_manip,regex,1,77,tire_age_laps,tire_age_laps,scalar_to_array,SUCCESS,True
quantum,openf1,json_manip,regex,1,77,brake,brake,scalar_to_array,SUCCESS,True
quantum,openf1,json_manip,regex,1,77,tire_compound,tire_compound,scalar_to_array,SUCCESS,True
quantum,openf1,json_manip,regex,1,77,lap_time_ms,lap_time_ms,scalar_to_array,SUCCESS,True
quantum,openf1,json_manip,regex,1,77,fuel_remaining_kg,fuel_remaining_kg,scalar_to_array,SUCCESS,True
quantum,openf1,json_manip,regex,1,77,drs,drs,scalar_to_array,SUCCESS,True
quantum,openf1,json_manip,regex,1,77,team,team,scalar_to_array,SUCCESS,True
quantum,openf1,json_manip,regex,1,77,driver,driver,scalar_to_array,SUCCESS,True
quantum,openf1,json_manip,regex,1,77,driver_number,driver,scalar_to_array,SUCCESS,True
quantum,openf1,json_manip,regex,1,77,rpm,rpm,scalar_to_array,SUCCESS,True
quantum,openf1,json_manip,regex,1,77,team_color,team,scalar_to_array,SUCCESS,True
quantum,openf1,json_manip,regex,1,77,pit_stop_count,pit_stop_count,scalar_to_array,SUCCESS,True
quantum,openf1,json_manip,regex,1,77,n_gear,n_gear,scalar_to_array,SUCCESS,True
quantum,openf1,json_manip,regex,1,77,session_time,lap_time_ms,scalar_to_array,SUCCESS,True
quantum,openf1,json_manip,regex,1,77,lap_number,lap_number,scalar_to_array,SUCCESS,True
quantum,openf1,json_manip,regex,1,77,position,position,scalar_to_array,SUCCESS,True
quantum,openf1,json_manip,regex,1,77,ers_deployment_kj,ers_deployment_kj,scalar_to_array,SUCCESS,True
quantum,openf1,json_manip,regex,1,77,speed_kmh,speed_kmh,scalar_to_array,SUCCESS,True
quantum,openf1,json_manip,bert,1,79,driver,driver,null_injection,SUCCESS,True
quantum,openf1,json_manip,bert,1,79,driver_number,driver_number,null_injection,SUCCESS,True
quantum,openf1,json_manip,bert,1,79,team,team,null_injection,SUCCESS,True
quantum,openf1,json_manip,bert,1,79,team_color,team_color,null_injection,SUCCESS,True
quantum,openf1,json_manip,bert,1,79,position,position,null_injection,SUCCESS,True
quantum,openf1,json_manip,bert,1,79,lap_number,lap_number,null_injection,SUCCESS,True
quantum,openf1,json_manip,bert,1,79,lap_time_ms,lap_time_ms,null_injection,SUCCESS,True
quantum,openf1,json_manip,bert,1,79,pit_stop_count,pit_stop_count,null_injection,SUCCESS,True
quantum,openf1,json_manip,bert,1,79,tire_compound,tire_compound,null_injection,SUCCESS,True
quantum,openf1,json_manip,bert,1,79,tire_age_laps,tire_age_laps,null_injection,SUCCESS,True
quantum,openf1,json_manip,bert,1,79,speed_kmh,speed_kmh,null_injection,SUCCESS,True
quantum,openf1,json_manip,bert,1,79,throttle,throttle,null_injection,SUCCESS,True
quantum,openf1,json_manip,bert,1,79,brake,brake,null_injection,SUCCESS,True
quantum,openf1,json_manip,bert,1,79,n_gear,n_gear,null_injection,SUCCESS,True
quantum,openf1,json_manip,bert,1,79,rpm,rpm,null_injection,SUCCESS,True
quantum,openf1,json_manip,bert,1,79,drs,drs,null_injection,SUCCESS,True
quantum,openf1,json_manip,bert,1,79,ers_deployment_kj,ers_deployment_kj,null_injection,SUCCESS,True
quantum,openf1,json_manip,bert,1,79,fuel_remaining_kg,fuel_remaining_kg,null_injection,SUCCESS,True
quantum,openf1,json_manip,bert,1,79,session_time,session_time,null_injection,SUCCESS,True
quantum,openf1,json_manip,bert,1,210,driver,driver,variable_drop,FALSE_POSITIVE,True
quantum,openf1,json_manip,bert,1,210,driver_number,driver_number,variable_drop,FALSE_POSITIVE,True
quantum,openf1,json_manip,bert,1,210,team,team,variable_drop,FALSE_POSITIVE,True
quantum,openf1,json_manip,bert,1,210,team_color,team_color,variable_drop,FALSE_POSITIVE,True
quantum,openf1,json_manip,bert,1,210,position,position,variable_drop,FALSE_POSITIVE,True
quantum,openf1,json_manip,bert,1,210,lap_number,lap_number,variable_drop,FALSE_POSITIVE,True
quantum,openf1,json_manip,bert,1,210,lap_time_ms,lap_time_ms,variable_drop,FALSE_POSITIVE,True
quantum,openf1,json_manip,bert,1,210,tire_compound,tire_compound,variable_drop,FALSE_POSITIVE,True
quantum,openf1,json_manip,bert,1,210,tire_age_laps,tire_age_laps,variable_drop,FALSE_POSITIVE,True
quantum,openf1,json_manip,bert,1,210,speed_kmh,speed_kmh,variable_drop,FALSE_POSITIVE,True
quantum,openf1,json_manip,bert,1,210,throttle,throttle,variable_drop,FALSE_POSITIVE,True
quantum,openf1,json_manip,bert,1,210,brake,brake,variable_drop,FALSE_POSITIVE,True
quantum,openf1,json_manip,bert,1,210,n_gear,n_gear,variable_drop,FALSE_POSITIVE,True
quantum,openf1,json_manip,bert,1,210,rpm,rpm,variable_drop,FALSE_POSITIVE,True
quantum,openf1,json_manip,bert,1,210,drs,drs,variable_drop,FALSE_POSITIVE,True
quantum,openf1,json_manip,bert,1,210,ers_deployment_kj,ers_deployment_kj,variable_drop,FALSE_POSITIVE,True
quantum,openf1,json_manip,bert,1,210,fuel_remaining_kg,fuel_remaining_kg,variable_drop,FALSE_POSITIVE,True
quantum,openf1,json_manip,bert,1,210,session_time,session_time,variable_drop,FALSE_POSITIVE,True
quantum,openf1,json_manip,bert,1,210,pit_stop_count,,variable_drop,FAILURE,True
quantum,openf1,json_manip,bert,1,219,driver,driver,field_join,FALSE_POSITIVE,True
quantum,openf1,json_manip,bert,1,219,driver_number,driver_number,field_join,FALSE_POSITIVE,True
quantum,openf1,json_manip,bert,1,219,team_color,team_color,field_join,FALSE_POSITIVE,True
quantum,openf1,json_manip,bert,1,219,position,position,field_join,FALSE_POSITIVE,True
quantum,openf1,json_manip,bert,1,219,lap_number,lap_number,field_join,FALSE_POSITIVE,True
quantum,openf1,json_manip,bert,1,219,lap_time_ms,lap_time_ms,field_join,FALSE_POSITIVE,True
quantum,openf1,json_manip,bert,1,219,pit_stop_count,pit_stop_count,field_join,FALSE_POSITIVE,True
quantum,openf1,json_manip,bert,1,219,tire_compound,tire_compound,field_join,FALSE_POSITIVE,True
quantum,openf1,json_manip,bert,1,219,tire_age_laps,team_tire_age_laps,field_join,SUCCESS,True
quantum,openf1,json_manip,bert,1,219,speed_kmh,speed_kmh,field_join,FALSE_POSITIVE,True
quantum,openf1,json_manip,bert,1,219,throttle,throttle,field_join,FALSE_POSITIVE,True
quantum,openf1,json_manip,bert,1,219,brake,brake,field_join,FALSE_POSITIVE,True
quantum,openf1,json_manip,bert,1,219,n_gear,n_gear,field_join,FALSE_POSITIVE,True
quantum,openf1,json_manip,bert,1,219,rpm,rpm,field_join,FALSE_POSITIVE,True
quantum,openf1,json_manip,bert,1,219,drs,drs,field_join,FALSE_POSITIVE,True
quantum,openf1,json_manip,bert,1,219,ers_deployment_kj,ers_deployment_kj,field_join,FALSE_POSITIVE,True
quantum,openf1,json_manip,bert,1,219,fuel_remaining_kg,fuel_remaining_kg,field_join,FALSE_POSITIVE,True
quantum,openf1,json_manip,bert,1,219,session_time,session_time,field_join,FALSE_POSITIVE,True
quantum,openf1,json_manip,bert,1,219,team,,field_join,FAILURE,True
quantum,openf1,json_manip,bert,1,234,driver,driver,variable_drop,FALSE_POSITIVE,True
quantum,openf1,json_manip,bert,1,234,driver_number,driver_number,variable_drop,FALSE_POSITIVE,True
quantum,openf1,json_manip,bert,1,234,team,team,variable_drop,FALSE_POSITIVE,True
quantum,openf1,json_manip,bert,1,234,team_color,team_color,variable_drop,FALSE_POSITIVE,True
quantum,openf1,json_manip,bert,1,234,position,position,variable_drop,FALSE_POSITIVE,True
quantum,openf1,json_manip,bert,1,234,lap_number,lap_number,variable_drop,FALSE_POSITIVE,True
quantum,openf1,json_manip,bert,1,234,lap_time_ms,lap_time_ms,variable_drop,FALSE_POSITIVE,True
quantum,openf1,json_manip,bert,1,234,pit_stop_count,pit_stop_count,variable_drop,FALSE_POSITIVE,True
quantum,openf1,json_manip,bert,1,234,tire_age_laps,tire_age_laps,variable_drop,FALSE_POSITIVE,True
quantum,openf1,json_manip,bert,1,234,speed_kmh,speed_kmh,variable_drop,FALSE_POSITIVE,True
quantum,openf1,json_manip,bert,1,234,throttle,throttle,variable_drop,FALSE_POSITIVE,True
quantum,openf1,json_manip,bert,1,234,brake,brake,variable_drop,FALSE_POSITIVE,True
quantum,openf1,json_manip,bert,1,234,n_gear,n_gear,variable_drop,FALSE_POSITIVE,True
quantum,openf1,json_manip,bert,1,234,rpm,rpm,variable_drop,FALSE_POSITIVE,True
quantum,openf1,json_manip,bert,1,234,drs,drs,variable_drop,FALSE_POSITIVE,True
quantum,openf1,json_manip,bert,1,234,ers_deployment_kj,ers_deployment_kj,variable_drop,FALSE_POSITIVE,True
quantum,openf1,json_manip,bert,1,234,fuel_remaining_kg,fuel_remaining_kg,variable_drop,FALSE_POSITIVE,True
quantum,openf1,json_manip,bert,1,234,session_time,session_time,variable_drop,FALSE_POSITIVE,True
quantum,openf1,json_manip,bert,1,234,tire_compound,,variable_drop,FAILURE,True
quantum,openf1,json_manip,bert,1,261,driver,driver,null_injection,SUCCESS,True
quantum,openf1,json_manip,bert,1,261,driver_number,driver_number,null_injection,SUCCESS,True
quantum,openf1,json_manip,bert,1,261,team,team,null_injection,SUCCESS,True
quantum,openf1,json_manip,bert,1,261,team_color,team_color,null_injection,SUCCESS,True
quantum,openf1,json_manip,bert,1,261,position,position,null_injection,SUCCESS,True
quantum,openf1,json_manip,bert,1,261,lap_number,lap_number,null_injection,SUCCESS,True
quantum,openf1,json_manip,bert,1,261,lap_time_ms,lap_time_ms,null_injection,SUCCESS,True
quantum,openf1,json_manip,bert,1,261,pit_stop_count,pit_stop_count,null_injection,SUCCESS,True
quantum,openf1,json_manip,bert,1,261,tire_compound,tire_compound,null_injection,SUCCESS,True
quantum,openf1,json_manip,bert,1,261,tire_age_laps,tire_age_laps,null_injection,SUCCESS,True
quantum,openf1,json_manip,bert,1,261,speed_kmh,speed_kmh,null_injection,SUCCESS,True
quantum,openf1,json_manip,bert,1,261,throttle,throttle,null_injection,SUCCESS,True
quantum,openf1,json_manip,bert,1,261,brake,brake,null_injection,SUCCESS,True
quantum,openf1,json_manip,bert,1,261,n_gear,n_gear,null_injection,SUCCESS,True
quantum,openf1,json_manip,bert,1,261,rpm,rpm,null_injection,SUCCESS,True
quantum,openf1,json_manip,bert,1,261,drs,drs,null_injection,SUCCESS,True
quantum,openf1,json_manip,bert,1,261,ers_deployment_kj,ers_deployment_kj,null_injection,SUCCESS,True
quantum,openf1,json_manip,bert,1,261,fuel_remaining_kg,fuel_remaining_kg,null_injection,SUCCESS,True
quantum,openf1,json_manip,bert,1,261,session_time,session_time,null_injection,SUCCESS,True
quantum,openf1,json_manip,bert,1,265,driver_number,driver_number,field_split,FALSE_POSITIVE,True
quantum,openf1,json_manip,bert,1,265,team,team,field_split,FALSE_POSITIVE,True
quantum,openf1,json_manip,bert,1,265,team_color,team_color,field_split,FALSE_POSITIVE,True
quantum,openf1,json_manip,bert,1,265,position,position,field_split,FALSE_POSITIVE,True
quantum,openf1,json_manip,bert,1,265,lap_number,lap_number,field_split,FALSE_POSITIVE,True
quantum,openf1,json_manip,bert,1,265,lap_time_ms,lap_time_ms,field_split,FALSE_POSITIVE,True
quantum,openf1,json_manip,bert,1,265,pit_stop_count,pit_stop_count,field_split,FALSE_POSITIVE,True
quantum,openf1,json_manip,bert,1,265,tire_compound,tire_compound,field_split,FALSE_POSITIVE,True
quantum,openf1,json_manip,bert,1,265,tire_age_laps,tire_age_laps,field_split,FALSE_POSITIVE,True
quantum,openf1,json_manip,bert,1,265,speed_kmh,speed_kmh,field_split,FALSE_POSITIVE,True
quantum,openf1,json_manip,bert,1,265,throttle,throttle,field_split,FALSE_POSITIVE,True
quantum,openf1,json_manip,bert,1,265,brake,brake,field_split,FALSE_POSITIVE,True
quantum,openf1,json_manip,bert,1,265,n_gear,n_gear,field_split,FALSE_POSITIVE,True
quantum,openf1,json_manip,bert,1,265,rpm,rpm,field_split,FALSE_POSITIVE,True
quantum,openf1,json_manip,bert,1,265,drs,drs,field_split,FALSE_POSITIVE,True
quantum,openf1,json_manip,bert,1,265,ers_deployment_kj,ers_deployment_kj,field_split,FALSE_POSITIVE,True
quantum,openf1,json_manip,bert,1,265,fuel_remaining_kg,fuel_remaining_kg,field_split,FALSE_POSITIVE,True
quantum,openf1,json_manip,bert,1,265,session_time,session_time,field_split,FALSE_POSITIVE,True
quantum,openf1,json_manip,bert,1,265,driver,,field_split,FAILURE,True
quantum,openf1,json_manip,levenshtein,1,272,throttle,throttle,field_merge_value,FALSE_POSITIVE,True
quantum,openf1,json_manip,levenshtein,1,272,tire_age_laps,tire_age_laps,field_merge_value,FALSE_POSITIVE,True
quantum,openf1,json_manip,levenshtein,1,272,tire_compound,tire_compound,field_merge_value,FALSE_POSITIVE,True
quantum,openf1,json_manip,levenshtein,1,272,lap_time_ms,lap_time_ms,field_merge_value,FALSE_POSITIVE,True
quantum,openf1,json_manip,levenshtein,1,272,fuel_remaining_kg,fuel_remaining_kg,field_merge_value,FALSE_POSITIVE,True
quantum,openf1,json_manip,levenshtein,1,272,drs,drs,field_merge_value,FALSE_POSITIVE,True
quantum,openf1,json_manip,levenshtein,1,272,team,team,field_merge_value,FALSE_POSITIVE,True
quantum,openf1,json_manip,levenshtein,1,272,driver,driver,field_merge_value,FALSE_POSITIVE,True
quantum,openf1,json_manip,levenshtein,1,272,rpm,rpm,field_merge_value,FALSE_POSITIVE,True
quantum,openf1,json_manip,levenshtein,1,272,team_color,team_color,field_merge_value,FALSE_POSITIVE,True
quantum,openf1,json_manip,levenshtein,1,272,pit_stop_count,pit_stop_count,field_merge_value,FALSE_POSITIVE,True
quantum,openf1,json_manip,levenshtein,1,272,n_gear,n_gear,field_merge_value,FALSE_POSITIVE,True
quantum,openf1,json_manip,levenshtein,1,272,session_time,session_time,field_merge_value,FALSE_POSITIVE,True
quantum,openf1,json_manip,levenshtein,1,272,lap_number,lap_number,field_merge_value,FALSE_POSITIVE,True
quantum,openf1,json_manip,levenshtein,1,272,position,position,field_merge_value,FALSE_POSITIVE,True
quantum,openf1,json_manip,levenshtein,1,272,ers_deployment_kj,ers_deployment_kj,field_merge_value,FALSE_POSITIVE,True
quantum,openf1,json_manip,levenshtein,1,272,speed_kmh,speed_kmh,field_merge_value,FALSE_POSITIVE,True
quantum,openf1,json_manip,levenshtein,1,272,brake,,field_merge_value,FAILURE,True
quantum,openf1,json_manip,levenshtein,1,272,driver_number,,field_merge_value,FAILURE,True
quantum,openf1,json_manip,bert,1,303,driver,driver,outlier_injection,SUCCESS,True
quantum,openf1,json_manip,bert,1,303,driver_number,driver_number,outlier_injection,SUCCESS,True
quantum,openf1,json_manip,bert,1,303,team,team,outlier_injection,SUCCESS,True
quantum,openf1,json_manip,bert,1,303,team_color,team_color,outlier_injection,SUCCESS,True
quantum,openf1,json_manip,bert,1,303,position,position,outlier_injection,SUCCESS,True
quantum,openf1,json_manip,bert,1,303,lap_number,lap_number,outlier_injection,SUCCESS,True
quantum,openf1,json_manip,bert,1,303,lap_time_ms,lap_time_ms,outlier_injection,SUCCESS,True
quantum,openf1,json_manip,bert,1,303,pit_stop_count,pit_stop_count,outlier_injection,SUCCESS,True
quantum,openf1,json_manip,bert,1,303,tire_compound,tire_compound,outlier_injection,SUCCESS,True
quantum,openf1,json_manip,bert,1,303,tire_age_laps,tire_age_laps,outlier_injection,SUCCESS,True
quantum,openf1,json_manip,bert,1,303,speed_kmh,speed_kmh,outlier_injection,SUCCESS,True
quantum,openf1,json_manip,bert,1,303,throttle,throttle,outlier_injection,SUCCESS,True
quantum,openf1,json_manip,bert,1,303,brake,brake,outlier_injection,SUCCESS,True
quantum,openf1,json_manip,bert,1,303,n_gear,n_gear,outlier_injection,SUCCESS,True
quantum,openf1,json_manip,bert,1,303,rpm,rpm,outlier_injection,SUCCESS,True
quantum,openf1,json_manip,bert,1,303,drs,drs,outlier_injection,SUCCESS,True
quantum,openf1,json_manip,bert,1,303,ers_deployment_kj,ers_deployment_kj,outlier_injection,SUCCESS,True
quantum,openf1,json_manip,bert,1,303,fuel_remaining_kg,fuel_remaining_kg,outlier_injection,SUCCESS,True
quantum,openf1,json_manip,bert,1,303,session_time,session_time,outlier_injection,SUCCESS,True
quantum,openf1,json_manip,bert,1,356,driver,driver,variable_drop,FALSE_POSITIVE,True
quantum,openf1,json_manip,bert,1,356,driver_number,driver_number,variable_drop,FALSE_POSITIVE,True
quantum,openf1,json_manip,bert,1,356,team,team,variable_drop,FALSE_POSITIVE,True
quantum,openf1,json_manip,bert,1,356,team_color,team_color,variable_drop,FALSE_POSITIVE,True
quantum,openf1,json_manip,bert,1,356,position,position,variable_drop,FALSE_POSITIVE,True
quantum,openf1,json_manip,bert,1,356,lap_number,lap_number,variable_drop,FALSE_POSITIVE,True
quantum,openf1,json_manip,bert,1,356,lap_time_ms,lap_time_ms,variable_drop,FALSE_POSITIVE,True
quantum,openf1,json_manip,bert,1,356,pit_stop_count,pit_stop_count,variable_drop,FALSE_POSITIVE,True
quantum,openf1,json_manip,bert,1,356,tire_compound,tire_compound,variable_drop,FALSE_POSITIVE,True
quantum,openf1,json_manip,bert,1,356,tire_age_laps,tire_age_laps,variable_drop,FALSE_POSITIVE,True
quantum,openf1,json_manip,bert,1,356,speed_kmh,speed_kmh,variable_drop,FALSE_POSITIVE,True
quantum,openf1,json_manip,bert,1,356,brake,brake,variable_drop,FALSE_POSITIVE,True
quantum,openf1,json_manip,bert,1,356,n_gear,n_gear,variable_drop,FALSE_POSITIVE,True
quantum,openf1,json_manip,bert,1,356,rpm,rpm,variable_drop,FALSE_POSITIVE,True
quantum,openf1,json_manip,bert,1,356,drs,drs,variable_drop,FALSE_POSITIVE,True
quantum,openf1,json_manip,bert,1,356,ers_deployment_kj,ers_deployment_kj,variable_drop,FALSE_POSITIVE,True
quantum,openf1,json_manip,bert,1,356,fuel_remaining_kg,fuel_remaining_kg,variable_drop,FALSE_POSITIVE,True
quantum,openf1,json_manip,bert,1,356,session_time,session_time,variable_drop,FALSE_POSITIVE,True
quantum,openf1,json_manip,bert,1,356,throttle,,variable_drop,FAILURE,True
quantum,openf1,json_manip,regex,1,415,throttle,throttle,scalar_to_array,SUCCESS,True
quantum,openf1,json_manip,regex,1,415,tire_age_laps,tire_age_laps,scalar_to_array,SUCCESS,True
quantum,openf1,json_manip,regex,1,415,brake,brake,scalar_to_array,SUCCESS,True
quantum,openf1,json_manip,regex,1,415,tire_compound,tire_compound,scalar_to_array,SUCCESS,True
quantum,openf1,json_manip,regex,1,415,lap_time_ms,lap_time_ms,scalar_to_array,SUCCESS,True
quantum,openf1,json_manip,regex,1,415,fuel_remaining_kg,fuel_remaining_kg,scalar_to_array,SUCCESS,True
quantum,openf1,json_manip,regex,1,415,drs,drs,scalar_to_array,SUCCESS,True
quantum,openf1,json_manip,regex,1,415,team,team,scalar_to_array,SUCCESS,True
quantum,openf1,json_manip,regex,1,415,driver,driver,scalar_to_array,SUCCESS,True
quantum,openf1,json_manip,regex,1,415,driver_number,driver,scalar_to_array,SUCCESS,True
quantum,openf1,json_manip,regex,1,415,rpm,rpm,scalar_to_array,SUCCESS,True
quantum,openf1,json_manip,regex,1,415,team_color,team,scalar_to_array,SUCCESS,True
quantum,openf1,json_manip,regex,1,415,pit_stop_count,pit_stop_count,scalar_to_array,SUCCESS,True
quantum,openf1,json_manip,regex,1,415,n_gear,n_gear,scalar_to_array,SUCCESS,True
quantum,openf1,json_manip,regex,1,415,session_time,lap_time_ms,scalar_to_array,SUCCESS,True
quantum,openf1,json_manip,regex,1,415,lap_number,lap_number,scalar_to_array,SUCCESS,True
quantum,openf1,json_manip,regex,1,415,position,position,scalar_to_array,SUCCESS,True
quantum,openf1,json_manip,regex,1,415,ers_deployment_kj,ers_deployment_kj,scalar_to_array,SUCCESS,True
quantum,openf1,json_manip,regex,1,415,speed_kmh,speed_kmh,scalar_to_array,SUCCESS,True
quantum,openf1,json_manip,levenshtein,1,420,throttle,throttle,duplicate_field_inject,FALSE_POSITIVE,True
quantum,openf1,json_manip,levenshtein,1,420,tire_age_laps,tire_age_laps,duplicate_field_inject,FALSE_POSITIVE,True
quantum,openf1,json_manip,levenshtein,1,420,brake,brake,duplicate_field_inject,FALSE_POSITIVE,True
quantum,openf1,json_manip,levenshtein,1,420,tire_compound,tire_compound,duplicate_field_inject,FALSE_POSITIVE,True
quantum,openf1,json_manip,levenshtein,1,420,lap_time_ms,lap_time_ms,duplicate_field_inject,FALSE_POSITIVE,True
quantum,openf1,json_manip,levenshtein,1,420,fuel_remaining_kg,fuel_remaining_kg,duplicate_field_inject,FALSE_POSITIVE,True
quantum,openf1,json_manip,levenshtein,1,420,drs,drs,duplicate_field_inject,FALSE_POSITIVE,True
quantum,openf1,json_manip,levenshtein,1,420,team,team,duplicate_field_inject,FALSE_POSITIVE,True
quantum,openf1,json_manip,levenshtein,1,420,driver,driver,duplicate_field_inject,FALSE_POSITIVE,True
quantum,openf1,json_manip,levenshtein,1,420,driver_number,driver_number,duplicate_field_inject,FALSE_POSITIVE,True
quantum,openf1,json_manip,levenshtein,1,420,rpm,rpm,duplicate_field_inject,FALSE_POSITIVE,True
quantum,openf1,json_manip,levenshtein,1,420,team_color,team_color,duplicate_field_inject,FALSE_POSITIVE,True
quantum,openf1,json_manip,levenshtein,1,420,pit_stop_count,pit_stop_count,duplicate_field_inject,FALSE_POSITIVE,True
quantum,openf1,json_manip,levenshtein,1,420,n_gear,n_gear,duplicate_field_inject,FALSE_POSITIVE,True
quantum,openf1,json_manip,levenshtein,1,420,session_time,session_time,duplicate_field_inject,FALSE_POSITIVE,True
quantum,openf1,json_manip,levenshtein,1,420,lap_number,lap_number,duplicate_field_inject,FALSE_POSITIVE,True
quantum,openf1,json_manip,levenshtein,1,420,position,position,duplicate_field_inject,FALSE_POSITIVE,True
quantum,openf1,json_manip,levenshtein,1,420,ers_deployment_kj,ers_deployment_kj,duplicate_field_inject,FALSE_POSITIVE,True
quantum,openf1,json_manip,levenshtein,1,420,speed_kmh,speed_kmh,duplicate_field_inject,FALSE_POSITIVE,True
quantum,openf1,json_manip,bert,1,435,driver,driver,variable_drop,FALSE_POSITIVE,True
quantum,openf1,json_manip,bert,1,435,driver_number,driver_number,variable_drop,FALSE_POSITIVE,True
quantum,openf1,json_manip,bert,1,435,team,team,variable_drop,FALSE_POSITIVE,True
quantum,openf1,json_manip,bert,1,435,team_color,team_color,variable_drop,FALSE_POSITIVE,True
quantum,openf1,json_manip,bert,1,435,position,position,variable_drop,FALSE_POSITIVE,True
quantum,openf1,json_manip,bert,1,435,lap_number,lap_number,variable_drop,FALSE_POSITIVE,True
quantum,openf1,json_manip,bert,1,435,lap_time_ms,lap_time_ms,variable_drop,FALSE_POSITIVE,True
quantum,openf1,json_manip,bert,1,435,pit_stop_count,pit_stop_count,variable_drop,FALSE_POSITIVE,True
quantum,openf1,json_manip,bert,1,435,tire_age_laps,tire_age_laps,variable_drop,FALSE_POSITIVE,True
quantum,openf1,json_manip,bert,1,435,speed_kmh,speed_kmh,variable_drop,FALSE_POSITIVE,True
quantum,openf1,json_manip,bert,1,435,throttle,throttle,variable_drop,FALSE_POSITIVE,True
quantum,openf1,json_manip,bert,1,435,brake,brake,variable_drop,FALSE_POSITIVE,True
quantum,openf1,json_manip,bert,1,435,n_gear,n_gear,variable_drop,FALSE_POSITIVE,True
quantum,openf1,json_manip,bert,1,435,rpm,rpm,variable_drop,FALSE_POSITIVE,True
quantum,openf1,json_manip,bert,1,435,drs,drs,variable_drop,FALSE_POSITIVE,True
quantum,openf1,json_manip,bert,1,435,ers_deployment_kj,ers_deployment_kj,variable_drop,FALSE_POSITIVE,True
quantum,openf1,json_manip,bert,1,435,fuel_remaining_kg,fuel_remaining_kg,variable_drop,FALSE_POSITIVE,True
quantum,openf1,json_manip,bert,1,435,session_time,session_time,variable_drop,FALSE_POSITIVE,True
quantum,openf1,json_manip,bert,1,435,tire_compound,,variable_drop,FAILURE,True
quantum,openf1,json_manip,bert,1,460,driver,driver,field_merge_value,FALSE_POSITIVE,True
quantum,openf1,json_manip,bert,1,460,driver_number,driver_number,field_merge_value,FALSE_POSITIVE,True
quantum,openf1,json_manip,bert,1,460,team_color,team_color,field_merge_value,FALSE_POSITIVE,True
quantum,openf1,json_manip,bert,1,460,position,position,field_merge_value,FALSE_POSITIVE,True
quantum,openf1,json_manip,bert,1,460,lap_number,team_lap_number,field_merge_value,SUCCESS,True
quantum,openf1,json_manip,bert,1,460,lap_time_ms,lap_time_ms,field_merge_value,FALSE_POSITIVE,True
quantum,openf1,json_manip,bert,1,460,pit_stop_count,pit_stop_count,field_merge_value,FALSE_POSITIVE,True
quantum,openf1,json_manip,bert,1,460,tire_compound,tire_compound,field_merge_value,FALSE_POSITIVE,True
quantum,openf1,json_manip,bert,1,460,tire_age_laps,tire_age_laps,field_merge_value,FALSE_POSITIVE,True
quantum,openf1,json_manip,bert,1,460,speed_kmh,speed_kmh,field_merge_value,FALSE_POSITIVE,True
quantum,openf1,json_manip,bert,1,460,throttle,throttle,field_merge_value,FALSE_POSITIVE,True
quantum,openf1,json_manip,bert,1,460,brake,brake,field_merge_value,FALSE_POSITIVE,True
quantum,openf1,json_manip,bert,1,460,n_gear,n_gear,field_merge_value,FALSE_POSITIVE,True
quantum,openf1,json_manip,bert,1,460,rpm,rpm,field_merge_value,FALSE_POSITIVE,True
quantum,openf1,json_manip,bert,1,460,drs,drs,field_merge_value,FALSE_POSITIVE,True
quantum,openf1,json_manip,bert,1,460,ers_deployment_kj,ers_deployment_kj,field_merge_value,FALSE_POSITIVE,True
quantum,openf1,json_manip,bert,1,460,fuel_remaining_kg,fuel_remaining_kg,field_merge_value,FALSE_POSITIVE,True
quantum,openf1,json_manip,bert,1,460,session_time,session_time,field_merge_value,FALSE_POSITIVE,True
quantum,openf1,json_manip,bert,1,460,team,,field_merge_value,FAILURE,True
quantum,openf1,json_manip,bert,1,470,driver,driver,field_merge_value,FALSE_POSITIVE,True
quantum,openf1,json_manip,bert,1,470,driver_number,driver_number,field_merge_value,FALSE_POSITIVE,True
quantum,openf1,json_manip,bert,1,470,team,team,field_merge_value,FALSE_POSITIVE,True
quantum,openf1,json_manip,bert,1,470,team_color,team_color,field_merge_value,FALSE_POSITIVE,True
quantum,openf1,json_manip,bert,1,470,position,position,field_merge_value,FALSE_POSITIVE,True
quantum,openf1,json_manip,bert,1,470,lap_number,lap_number,field_merge_value,FALSE_POSITIVE,True
quantum,openf1,json_manip,bert,1,470,lap_time_ms,lap_time_ms,field_merge_value,FALSE_POSITIVE,True
quantum,openf1,json_manip,bert,1,470,pit_stop_count,pit_stop_count,field_merge_value,FALSE_POSITIVE,True
quantum,openf1,json_manip,bert,1,470,tire_compound,tire_compound,field_merge_value,FALSE_POSITIVE,True
quantum,openf1,json_manip,bert,1,470,tire_age_laps,tire_age_laps,field_merge_value,FALSE_POSITIVE,True
quantum,openf1,json_manip,bert,1,470,speed_kmh,throttle_speed_kmh,field_merge_value,SUCCESS,True
quantum,openf1,json_manip,bert,1,470,throttle,throttle_speed_kmh,field_merge_value,SUCCESS,True
quantum,openf1,json_manip,bert,1,470,brake,brake,field_merge_value,FALSE_POSITIVE,True
quantum,openf1,json_manip,bert,1,470,n_gear,n_gear,field_merge_value,FALSE_POSITIVE,True
quantum,openf1,json_manip,bert,1,470,rpm,rpm,field_merge_value,FALSE_POSITIVE,True
quantum,openf1,json_manip,bert,1,470,drs,drs,field_merge_value,FALSE_POSITIVE,True
quantum,openf1,json_manip,bert,1,470,ers_deployment_kj,ers_deployment_kj,field_merge_value,FALSE_POSITIVE,True
quantum,openf1,json_manip,bert,1,470,fuel_remaining_kg,fuel_remaining_kg,field_merge_value,FALSE_POSITIVE,True
quantum,openf1,json_manip,bert,1,470,session_time,session_time,field_merge_value,FALSE_POSITIVE,True
quantum,openf1,json_manip,bert,1,496,driver,driver,outlier_injection,SUCCESS,True
quantum,openf1,json_manip,bert,1,496,driver_number,driver_number,outlier_injection,SUCCESS,True
quantum,openf1,json_manip,bert,1,496,team,team,outlier_injection,SUCCESS,True
quantum,openf1,json_manip,bert,1,496,team_color,team_color,outlier_injection,SUCCESS,True
quantum,openf1,json_manip,bert,1,496,position,position,outlier_injection,SUCCESS,True
quantum,openf1,json_manip,bert,1,496,lap_number,lap_number,outlier_injection,SUCCESS,True
quantum,openf1,json_manip,bert,1,496,lap_time_ms,lap_time_ms,outlier_injection,SUCCESS,True
quantum,openf1,json_manip,bert,1,496,pit_stop_count,pit_stop_count,outlier_injection,SUCCESS,True
quantum,openf1,json_manip,bert,1,496,tire_compound,tire_compound,outlier_injection,SUCCESS,True
quantum,openf1,json_manip,bert,1,496,tire_age_laps,tire_age_laps,outlier_injection,SUCCESS,True
quantum,openf1,json_manip,bert,1,496,speed_kmh,speed_kmh,outlier_injection,SUCCESS,True
quantum,openf1,json_manip,bert,1,496,throttle,throttle,outlier_injection,SUCCESS,True
quantum,openf1,json_manip,bert,1,496,brake,brake,outlier_injection,SUCCESS,True
quantum,openf1,json_manip,bert,1,496,n_gear,n_gear,outlier_injection,SUCCESS,True
quantum,openf1,json_manip,bert,1,496,rpm,rpm,outlier_injection,SUCCESS,True
quantum,openf1,json_manip,bert,1,496,drs,drs,outlier_injection,SUCCESS,True
quantum,openf1,json_manip,bert,1,496,ers_deployment_kj,ers_deployment_kj,outlier_injection,SUCCESS,True
quantum,openf1,json_manip,bert,1,496,fuel_remaining_kg,fuel_remaining_kg,outlier_injection,SUCCESS,True
quantum,openf1,json_manip,bert,1,496,session_time,session_time,outlier_injection,SUCCESS,True
quantum,spacex,schema_alter,bert,1,80,rocket_id,rocket_id,nesting_deepen,FALSE_POSITIVE,True
quantum,spacex,schema_alter,bert,1,80,launch_success,launch_success,nesting_deepen,FALSE_POSITIVE,True
quantum,spacex,schema_alter,bert,1,80,upcoming,upcoming,nesting_deepen,FALSE_POSITIVE,True
quantum,spacex,schema_alter,bert,1,80,static_fire_date_utc,static_fire_date_utc,nesting_deepen,FALSE_POSITIVE,True
quantum,spacex,schema_alter,bert,1,80,net_duration,net_duration,nesting_deepen,FALSE_POSITIVE,True
quantum,spacex,schema_alter,bert,1,80,window_start,window_start,nesting_deepen,FALSE_POSITIVE,True
quantum,spacex,schema_alter,bert,1,80,window_end,window_end,nesting_deepen,FALSE_POSITIVE,True
quantum,spacex,schema_alter,bert,1,80,failure_count,failure_count,nesting_deepen,FALSE_POSITIVE,True
quantum,spacex,schema_alter,bert,1,80,failure_reasons,failure_reasons,nesting_deepen,FALSE_POSITIVE,True
quantum,spacex,schema_alter,bert,1,80,payload_count,payload_count,nesting_deepen,FALSE_POSITIVE,True
quantum,spacex,schema_alter,bert,1,80,payload_ids,payload_ids,nesting_deepen,FALSE_POSITIVE,True
quantum,spacex,schema_alter,bert,1,80,payload_mass_kg,payload_mass_kg,nesting_deepen,FALSE_POSITIVE,True
quantum,spacex,schema_alter,bert,1,80,payload_type,payload_type,nesting_deepen,FALSE_POSITIVE,True
quantum,spacex,schema_alter,bert,1,80,crew_count,crew_count,nesting_deepen,FALSE_POSITIVE,True
quantum,spacex,schema_alter,bert,1,80,launch_site,launch_site,nesting_deepen,FALSE_POSITIVE,True
quantum,spacex,schema_alter,bert,1,80,auto_payload,auto_payload,nesting_deepen,FALSE_POSITIVE,True
quantum,spacex,schema_alter,bert,1,80,tbd,tbd,nesting_deepen,FALSE_POSITIVE,True
quantum,spacex,schema_alter,bert,1,80,gridfins,gridfins,nesting_deepen,FALSE_POSITIVE,True
quantum,spacex,schema_alter,bert,1,80,legs,legs,nesting_deepen,FALSE_POSITIVE,True
quantum,spacex,schema_alter,bert,1,80,reused,reused,nesting_deepen,FALSE_POSITIVE,True
quantum,spacex,schema_alter,bert,1,80,fairings_reused,fairings_reused,nesting_deepen,FALSE_POSITIVE,True
quantum,spacex,schema_alter,bert,1,80,fairings_recovery_attempt,fairings_recovery_attempt,nesting_deepen,FALSE_POSITIVE,True
quantum,spacex,schema_alter,bert,1,80,cores_reused,cores_reused,nesting_deepen,FALSE_POSITIVE,True
quantum,spacex,schema_alter,bert,1,80,ships,ships,nesting_deepen,FALSE_POSITIVE,True
quantum,spacex,schema_alter,bert,1,80,capsules,capsules,nesting_deepen,FALSE_POSITIVE,True
quantum,spacex,schema_alter,bert,1,80,flight_number,flight_number,nesting_deepen,FALSE_POSITIVE,True
quantum,spacex,schema_alter,bert,1,80,mission_name,,nesting_deepen,FAILURE,True
quantum,spacex,schema_alter,bert,1,80,launch_date_utc,,nesting_deepen,FAILURE,True
quantum,spacex,schema_alter,levenshtein,1,197,tbd,TBD,key_case_change,SUCCESS,True
quantum,spacex,schema_alter,levenshtein,1,197,window_end,,key_case_change,FAILURE,True
quantum,spacex,schema_alter,levenshtein,1,197,failure_count,,key_case_change,FAILURE,True
quantum,spacex,schema_alter,levenshtein,1,197,launch_date_utc,,key_case_change,FAILURE,True
quantum,spacex,schema_alter,levenshtein,1,197,upcoming,,key_case_change,FAILURE,True
quantum,spacex,schema_alter,levenshtein,1,197,auto_payload,,key_case_change,FAILURE,True
quantum,spacex,schema_alter,levenshtein,1,197,legs,,key_case_change,FAILURE,True
quantum,spacex,schema_alter,levenshtein,1,197,rocket_id,,key_case_change,FAILURE,True
quantum,spacex,schema_alter,levenshtein,1,197,net_duration,,key_case_change,FAILURE,True
quantum,spacex,schema_alter,levenshtein,1,197,payload_count,,key_case_change,FAILURE,True
quantum,spacex,schema_alter,levenshtein,1,197,cores_reused,,key_case_change,FAILURE,True
quantum,spacex,schema_alter,levenshtein,1,197,launch_site,,key_case_change,FAILURE,True
quantum,spacex,schema_alter,levenshtein,1,197,payload_mass_kg,,key_case_change,FAILURE,True
quantum,spacex,schema_alter,levenshtein,1,197,gridfins,,key_case_change,FAILURE,True
quantum,spacex,schema_alter,levenshtein,1,197,launch_success,,key_case_change,FAILURE,True
quantum,spacex,schema_alter,levenshtein,1,197,crew_count,,key_case_change,FAILURE,True
quantum,spacex,schema_alter,levenshtein,1,197,failure_reasons,,key_case_change,FAILURE,True
quantum,spacex,schema_alter,levenshtein,1,197,capsules,,key_case_change,FAILURE,True
quantum,spacex,schema_alter,levenshtein,1,197,static_fire_date_utc,,key_case_change,FAILURE,True
quantum,spacex,schema_alter,levenshtein,1,197,window_start,,key_case_change,FAILURE,True
quantum,spacex,schema_alter,levenshtein,1,197,fairings_recovery_attempt,,key_case_change,FAILURE,True
quantum,spacex,schema_alter,levenshtein,1,197,flight_number,,key_case_change,FAILURE,True
quantum,spacex,schema_alter,levenshtein,1,197,reused,,key_case_change,FAILURE,True
quantum,spacex,schema_alter,levenshtein,1,197,ships,,key_case_change,FAILURE,True
quantum,spacex,schema_alter,levenshtein,1,197,payload_type,,key_case_change,FAILURE,True
quantum,spacex,schema_alter,levenshtein,1,197,fairings_reused,,key_case_change,FAILURE,True
quantum,spacex,schema_alter,levenshtein,1,197,mission_name,,key_case_change,FAILURE,True
quantum,spacex,schema_alter,levenshtein,1,197,payload_ids,,key_case_change,FAILURE,True
quantum,spacex,schema_alter,bert,1,234,mission_name,mission_name,type_change,SUCCESS,True
quantum,spacex,schema_alter,bert,1,234,launch_date_utc,launch_date_utc,type_change,SUCCESS,True
quantum,spacex,schema_alter,bert,1,234,rocket_id,rocket_id,type_change,SUCCESS,True
quantum,spacex,schema_alter,bert,1,234,launch_success,launch_success,type_change,SUCCESS,True
quantum,spacex,schema_alter,bert,1,234,upcoming,upcoming,type_change,SUCCESS,True
quantum,spacex,schema_alter,bert,1,234,static_fire_date_utc,static_fire_date_utc,type_change,SUCCESS,True
quantum,spacex,schema_alter,bert,1,234,net_duration,net_duration,type_change,SUCCESS,True
quantum,spacex,schema_alter,bert,1,234,window_start,window_start,type_change,SUCCESS,True
quantum,spacex,schema_alter,bert,1,234,window_end,window_end,type_change,SUCCESS,True
quantum,spacex,schema_alter,bert,1,234,failure_count,failure_count,type_change,SUCCESS,True
quantum,spacex,schema_alter,bert,1,234,failure_reasons,failure_reasons,type_change,SUCCESS,True
quantum,spacex,schema_alter,bert,1,234,payload_count,payload_count,type_change,SUCCESS,True
quantum,spacex,schema_alter,bert,1,234,payload_ids,payload_ids,type_change,SUCCESS,True
quantum,spacex,schema_alter,bert,1,234,payload_mass_kg,payload_mass_kg,type_change,SUCCESS,True
quantum,spacex,schema_alter,bert,1,234,payload_type,payload_type,type_change,SUCCESS,True
quantum,spacex,schema_alter,bert,1,234,crew_count,crew_count,type_change,SUCCESS,True
quantum,spacex,schema_alter,bert,1,234,launch_site,launch_site,type_change,SUCCESS,True
quantum,spacex,schema_alter,bert,1,234,auto_payload,auto_payload,type_change,SUCCESS,True
quantum,spacex,schema_alter,bert,1,234,tbd,tbd,type_change,SUCCESS,True
quantum,spacex,schema_alter,bert,1,234,gridfins,gridfins,type_change,SUCCESS,True
quantum,spacex,schema_alter,bert,1,234,legs,legs,type_change,SUCCESS,True
quantum,spacex,schema_alter,bert,1,234,reused,reused,type_change,SUCCESS,True
quantum,spacex,schema_alter,bert,1,234,fairings_reused,fairings_reused,type_change,SUCCESS,True
quantum,spacex,schema_alter,bert,1,234,fairings_recovery_attempt,fairings_recovery_attempt,type_change,SUCCESS,True
quantum,spacex,schema_alter,bert,1,234,cores_reused,cores_reused,type_change,SUCCESS,True
quantum,spacex,schema_alter,bert,1,234,ships,ships,type_change,SUCCESS,True
quantum,spacex,schema_alter,bert,1,234,capsules,capsules,type_change,SUCCESS,True
quantum,spacex,schema_alter,bert,1,234,flight_number,flight_number,type_change,SUCCESS,True
quantum,spacex,schema_alter,regex,1,296,window_end,window_end,type_change,SUCCESS,True
quantum,spacex,schema_alter,regex,1,296,failure_count,failure_count,type_change,SUCCESS,True
quantum,spacex,schema_alter,regex,1,296,launch_date_utc,launch_date_utc,type_change,SUCCESS,True
quantum,spacex,schema_alter,regex,1,296,upcoming,upcoming,type_change,SUCCESS,True
quantum,spacex,schema_alter,regex,1,296,auto_payload,auto_payload,type_change,SUCCESS,True
quantum,spacex,schema_alter,regex,1,296,legs,legs,type_change,SUCCESS,True
quantum,spacex,schema_alter,regex,1,296,rocket_id,rocket_id,type_change,SUCCESS,True
quantum,spacex,schema_alter,regex,1,296,net_duration,net_duration,type_change,SUCCESS,True
quantum,spacex,schema_alter,regex,1,296,payload_count,payload_count,type_change,SUCCESS,True
quantum,spacex,schema_alter,regex,1,296,cores_reused,cores_reused,type_change,SUCCESS,True
quantum,spacex,schema_alter,regex,1,296,launch_site,launch_site,type_change,SUCCESS,True
quantum,spacex,schema_alter,regex,1,296,payload_mass_kg,payload_mass_kg,type_change,SUCCESS,True
quantum,spacex,schema_alter,regex,1,296,gridfins,rocket_id,type_change,SUCCESS,True
quantum,spacex,schema_alter,regex,1,296,launch_success,launch_success,type_change,SUCCESS,True
quantum,spacex,schema_alter,regex,1,296,crew_count,crew_count,type_change,SUCCESS,True
quantum,spacex,schema_alter,regex,1,296,failure_reasons,failure_reasons,type_change,SUCCESS,True
quantum,spacex,schema_alter,regex,1,296,capsules,capsules,type_change,SUCCESS,True
quantum,spacex,schema_alter,regex,1,296,tbd,tbd,type_change,SUCCESS,True
quantum,spacex,schema_alter,regex,1,296,static_fire_date_utc,static_fire_date_utc,type_change,SUCCESS,True
quantum,spacex,schema_alter,regex,1,296,window_start,window_start,type_change,SUCCESS,True
quantum,spacex,schema_alter,regex,1,296,fairings_recovery_attempt,fairings_recovery_attempt,type_change,SUCCESS,True
quantum,spacex,schema_alter,regex,1,296,flight_number,flight_number,type_change,SUCCESS,True
quantum,spacex,schema_alter,regex,1,296,reused,cores_reused,type_change,SUCCESS,True
quantum,spacex,schema_alter,regex,1,296,ships,ships,type_change,SUCCESS,True
quantum,spacex,schema_alter,regex,1,296,payload_type,payload_type,type_change,SUCCESS,True
quantum,spacex,schema_alter,regex,1,296,fairings_reused,reused,type_change,SUCCESS,True
quantum,spacex,schema_alter,regex,1,296,mission_name,mission_name,type_change,SUCCESS,True
quantum,spacex,schema_alter,regex,1,296,payload_ids,rocket_id,type_change,SUCCESS,True
quantum,spacex,schema_alter,bert,1,314,mission_name,mission_name,type_change,SUCCESS,True
quantum,spacex,schema_alter,bert,1,314,launch_date_utc,launch_date_utc,type_change,SUCCESS,True
quantum,spacex,schema_alter,bert,1,314,rocket_id,rocket_id,type_change,SUCCESS,True
quantum,spacex,schema_alter,bert,1,314,launch_success,launch_success,type_change,SUCCESS,True
quantum,spacex,schema_alter,bert,1,314,upcoming,upcoming,type_change,SUCCESS,True
quantum,spacex,schema_alter,bert,1,314,static_fire_date_utc,static_fire_date_utc,type_change,SUCCESS,True
quantum,spacex,schema_alter,bert,1,314,net_duration,net_duration,type_change,SUCCESS,True
quantum,spacex,schema_alter,bert,1,314,window_start,window_start,type_change,SUCCESS,True
quantum,spacex,schema_alter,bert,1,314,window_end,window_end,type_change,SUCCESS,True
quantum,spacex,schema_alter,bert,1,314,failure_count,failure_count,type_change,SUCCESS,True
quantum,spacex,schema_alter,bert,1,314,failure_reasons,failure_reasons,type_change,SUCCESS,True
quantum,spacex,schema_alter,bert,1,314,payload_count,payload_count,type_change,SUCCESS,True
quantum,spacex,schema_alter,bert,1,314,payload_ids,payload_ids,type_change,SUCCESS,True
quantum,spacex,schema_alter,bert,1,314,payload_mass_kg,payload_mass_kg,type_change,SUCCESS,True
quantum,spacex,schema_alter,bert,1,314,payload_type,payload_type,type_change,SUCCESS,True
quantum,spacex,schema_alter,bert,1,314,crew_count,crew_count,type_change,SUCCESS,True
quantum,spacex,schema_alter,bert,1,314,launch_site,launch_site,type_change,SUCCESS,True
quantum,spacex,schema_alter,bert,1,314,auto_payload,auto_payload,type_change,SUCCESS,True
quantum,spacex,schema_alter,bert,1,314,tbd,tbd,type_change,SUCCESS,True
quantum,spacex,schema_alter,bert,1,314,gridfins,gridfins,type_change,SUCCESS,True
quantum,spacex,schema_alter,bert,1,314,legs,legs,type_change,SUCCESS,True
quantum,spacex,schema_alter,bert,1,314,reused,reused,type_change,SUCCESS,True
quantum,spacex,schema_alter,bert,1,314,fairings_reused,fairings_reused,type_change,SUCCESS,True
quantum,spacex,schema_alter,bert,1,314,fairings_recovery_attempt,fairings_recovery_attempt,type_change,SUCCESS,True
quantum,spacex,schema_alter,bert,1,314,cores_reused,cores_reused,type_change,SUCCESS,True
quantum,spacex,schema_alter,bert,1,314,ships,ships,type_change,SUCCESS,True
quantum,spacex,schema_alter,bert,1,314,capsules,capsules,type_change,SUCCESS,True
quantum,spacex,schema_alter,bert,1,314,flight_number,flight_number,type_change,SUCCESS,True
quantum,spacex,schema_alter,bert,1,321,mission_name,MISSION_NAME,key_case_change,SUCCESS,True
quantum,spacex,schema_alter,bert,1,321,launch_date_utc,LAUNCH_DATE_UTC,key_case_change,SUCCESS,True
quantum,spacex,schema_alter,bert,1,321,rocket_id,ROCKET_ID,key_case_change,SUCCESS,True
quantum,spacex,schema_alter,bert,1,321,launch_success,LAUNCH_SUCCESS,key_case_change,SUCCESS,True
quantum,spacex,schema_alter,bert,1,321,upcoming,UPCOMING,key_case_change,SUCCESS,True
quantum,spacex,schema_alter,bert,1,321,static_fire_date_utc,STATIC_FIRE_DATE_UTC,key_case_change,SUCCESS,True
quantum,spacex,schema_alter,bert,1,321,net_duration,NET_DURATION,key_case_change,SUCCESS,True
quantum,spacex,schema_alter,bert,1,321,window_start,WINDOW_START,key_case_change,SUCCESS,True
quantum,spacex,schema_alter,bert,1,321,window_end,WINDOW_END,key_case_change,SUCCESS,True
quantum,spacex,schema_alter,bert,1,321,failure_count,FAILURE_COUNT,key_case_change,SUCCESS,True
quantum,spacex,schema_alter,bert,1,321,failure_reasons,FAILURE_REASONS,key_case_change,SUCCESS,True
quantum,spacex,schema_alter,bert,1,321,payload_count,PAYLOAD_COUNT,key_case_change,SUCCESS,True
quantum,spacex,schema_alter,bert,1,321,payload_ids,PAYLOAD_IDS,key_case_change,SUCCESS,True
quantum,spacex,schema_alter,bert,1,321,payload_mass_kg,PAYLOAD_MASS_KG,key_case_change,SUCCESS,True
quantum,spacex,schema_alter,bert,1,321,payload_type,PAYLOAD_TYPE,key_case_change,SUCCESS,True
quantum,spacex,schema_alter,bert,1,321,crew_count,CREW_COUNT,key_case_change,SUCCESS,True
quantum,spacex,schema_alter,bert,1,321,launch_site,LAUNCH_SITE,key_case_change,SUCCESS,True
quantum,spacex,schema_alter,bert,1,321,auto_payload,AUTO_PAYLOAD,key_case_change,SUCCESS,True
quantum,spacex,schema_alter,bert,1,321,tbd,TBD,key_case_change,SUCCESS,True
quantum,spacex,schema_alter,bert,1,321,gridfins,GRIDFINS,key_case_change,SUCCESS,True
quantum,spacex,schema_alter,bert,1,321,legs,LEGS,key_case_change,SUCCESS,True
quantum,spacex,schema_alter,bert,1,321,reused,REUSED,key_case_change,SUCCESS,True
quantum,spacex,schema_alter,bert,1,321,fairings_reused,FAIRINGS_REUSED,key_case_change,SUCCESS,True
quantum,spacex,schema_alter,bert,1,321,fairings_recovery_attempt,FAIRINGS_RECOVERY_ATTEMPT,key_case_change,SUCCESS,True
quantum,spacex,schema_alter,bert,1,321,cores_reused,CORES_REUSED,key_case_change,SUCCESS,True
quantum,spacex,schema_alter,bert,1,321,ships,SHIPS,key_case_change,SUCCESS,True
quantum,spacex,schema_alter,bert,1,321,capsules,CAPSULES,key_case_change,SUCCESS,True
quantum,spacex,schema_alter,bert,1,321,flight_number,FLIGHT_NUMBER,key_case_change,SUCCESS,True
quantum,spacex,schema_alter,bert,1,385,rocket_id,rocket_id,nesting_deepen,FALSE_POSITIVE,True
quantum,spacex,schema_alter,bert,1,385,launch_success,launch_success,nesting_deepen,FALSE_POSITIVE,True
quantum,spacex,schema_alter,bert,1,385,upcoming,upcoming,nesting_deepen,FALSE_POSITIVE,True
quantum,spacex,schema_alter,bert,1,385,static_fire_date_utc,static_fire_date_utc,nesting_deepen,FALSE_POSITIVE,True
quantum,spacex,schema_alter,bert,1,385,net_duration,net_duration,nesting_deepen,FALSE_POSITIVE,True
quantum,spacex,schema_alter,bert,1,385,window_start,window_start,nesting_deepen,FALSE_POSITIVE,True
quantum,spacex,schema_alter,bert,1,385,window_end,window_end,nesting_deepen,FALSE_POSITIVE,True
quantum,spacex,schema_alter,bert,1,385,failure_count,failure_count,nesting_deepen,FALSE_POSITIVE,True
quantum,spacex,schema_alter,bert,1,385,failure_reasons,failure_reasons,nesting_deepen,FALSE_POSITIVE,True
quantum,spacex,schema_alter,bert,1,385,payload_count,payload_count,nesting_deepen,FALSE_POSITIVE,True
quantum,spacex,schema_alter,bert,1,385,payload_ids,payload_ids,nesting_deepen,FALSE_POSITIVE,True
quantum,spacex,schema_alter,bert,1,385,payload_mass_kg,payload_mass_kg,nesting_deepen,FALSE_POSITIVE,True
quantum,spacex,schema_alter,bert,1,385,payload_type,payload_type,nesting_deepen,FALSE_POSITIVE,True
quantum,spacex,schema_alter,bert,1,385,crew_count,crew_count,nesting_deepen,FALSE_POSITIVE,True
quantum,spacex,schema_alter,bert,1,385,launch_site,launch_site,nesting_deepen,FALSE_POSITIVE,True
quantum,spacex,schema_alter,bert,1,385,auto_payload,auto_payload,nesting_deepen,FALSE_POSITIVE,True
quantum,spacex,schema_alter,bert,1,385,tbd,tbd,nesting_deepen,FALSE_POSITIVE,True
quantum,spacex,schema_alter,bert,1,385,gridfins,gridfins,nesting_deepen,FALSE_POSITIVE,True
quantum,spacex,schema_alter,bert,1,385,legs,legs,nesting_deepen,FALSE_POSITIVE,True
quantum,spacex,schema_alter,bert,1,385,reused,reused,nesting_deepen,FALSE_POSITIVE,True
quantum,spacex,schema_alter,bert,1,385,fairings_reused,fairings_reused,nesting_deepen,FALSE_POSITIVE,True
quantum,spacex,schema_alter,bert,1,385,fairings_recovery_attempt,fairings_recovery_attempt,nesting_deepen,FALSE_POSITIVE,True
quantum,spacex,schema_alter,bert,1,385,cores_reused,cores_reused,nesting_deepen,FALSE_POSITIVE,True
quantum,spacex,schema_alter,bert,1,385,ships,ships,nesting_deepen,FALSE_POSITIVE,True
quantum,spacex,schema_alter,bert,1,385,capsules,capsules,nesting_deepen,FALSE_POSITIVE,True
quantum,spacex,schema_alter,bert,1,385,flight_number,flight_number,nesting_deepen,FALSE_POSITIVE,True
quantum,spacex,schema_alter,bert,1,385,mission_name,,nesting_deepen,FAILURE,True
quantum,spacex,schema_alter,bert,1,385,launch_date_utc,,nesting_deepen,FAILURE,True
quantum,spacex,schema_alter,bert,1,408,rocket_id,rocket_id,nesting_deepen,FALSE_POSITIVE,True
quantum,spacex,schema_alter,bert,1,408,launch_success,launch_success,nesting_deepen,FALSE_POSITIVE,True
quantum,spacex,schema_alter,bert,1,408,upcoming,upcoming,nesting_deepen,FALSE_POSITIVE,True
quantum,spacex,schema_alter,bert,1,408,static_fire_date_utc,static_fire_date_utc,nesting_deepen,FALSE_POSITIVE,True
quantum,spacex,schema_alter,bert,1,408,net_duration,net_duration,nesting_deepen,FALSE_POSITIVE,True
quantum,spacex,schema_alter,bert,1,408,window_start,window_start,nesting_deepen,FALSE_POSITIVE,True
quantum,spacex,schema_alter,bert,1,408,window_end,window_end,nesting_deepen,FALSE_POSITIVE,True
quantum,spacex,schema_alter,bert,1,408,failure_count,failure_count,nesting_deepen,FALSE_POSITIVE,True
quantum,spacex,schema_alter,bert,1,408,failure_reasons,failure_reasons,nesting_deepen,FALSE_POSITIVE,True
quantum,spacex,schema_alter,bert,1,408,payload_count,payload_count,nesting_deepen,FALSE_POSITIVE,True
quantum,spacex,schema_alter,bert,1,408,payload_ids,payload_ids,nesting_deepen,FALSE_POSITIVE,True
quantum,spacex,schema_alter,bert,1,408,payload_mass_kg,payload_mass_kg,nesting_deepen,FALSE_POSITIVE,True
quantum,spacex,schema_alter,bert,1,408,payload_type,payload_type,nesting_deepen,FALSE_POSITIVE,True
quantum,spacex,schema_alter,bert,1,408,crew_count,crew_count,nesting_deepen,FALSE_POSITIVE,True
quantum,spacex,schema_alter,bert,1,408,launch_site,launch_site,nesting_deepen,FALSE_POSITIVE,True
quantum,spacex,schema_alter,bert,1,408,auto_payload,auto_payload,nesting_deepen,FALSE_POSITIVE,True
quantum,spacex,schema_alter,bert,1,408,tbd,tbd,nesting_deepen,FALSE_POSITIVE,True
quantum,spacex,schema_alter,bert,1,408,gridfins,gridfins,nesting_deepen,FALSE_POSITIVE,True
quantum,spacex,schema_alter,bert,1,408,legs,legs,nesting_deepen,FALSE_POSITIVE,True
quantum,spacex,schema_alter,bert,1,408,reused,reused,nesting_deepen,FALSE_POSITIVE,True
quantum,spacex,schema_alter,bert,1,408,fairings_reused,fairings_reused,nesting_deepen,FALSE_POSITIVE,True
quantum,spacex,schema_alter,bert,1,408,fairings_recovery_attempt,fairings_recovery_attempt,nesting_deepen,FALSE_POSITIVE,True
quantum,spacex,schema_alter,bert,1,408,cores_reused,cores_reused,nesting_deepen,FALSE_POSITIVE,True
quantum,spacex,schema_alter,bert,1,408,ships,ships,nesting_deepen,FALSE_POSITIVE,True
quantum,spacex,schema_alter,bert,1,408,capsules,capsules,nesting_deepen,FALSE_POSITIVE,True
quantum,spacex,schema_alter,bert,1,408,flight_number,flight_number,nesting_deepen,FALSE_POSITIVE,True
quantum,spacex,schema_alter,bert,1,408,mission_name,,nesting_deepen,FAILURE,True
quantum,spacex,schema_alter,bert,1,408,launch_date_utc,,nesting_deepen,FAILURE,True
quantum,spacex,json_manip,bert,1,58,mission_name,mission_name,outlier_injection,SUCCESS,True
quantum,spacex,json_manip,bert,1,58,launch_date_utc,launch_date_utc,outlier_injection,SUCCESS,True
quantum,spacex,json_manip,bert,1,58,rocket_id,rocket_id,outlier_injection,SUCCESS,True
quantum,spacex,json_manip,bert,1,58,launch_success,launch_success,outlier_injection,SUCCESS,True
quantum,spacex,json_manip,bert,1,58,upcoming,upcoming,outlier_injection,SUCCESS,True
quantum,spacex,json_manip,bert,1,58,static_fire_date_utc,static_fire_date_utc,outlier_injection,SUCCESS,True
quantum,spacex,json_manip,bert,1,58,net_duration,net_duration,outlier_injection,SUCCESS,True
quantum,spacex,json_manip,bert,1,58,window_start,window_start,outlier_injection,SUCCESS,True
quantum,spacex,json_manip,bert,1,58,window_end,window_end,outlier_injection,SUCCESS,True
quantum,spacex,json_manip,bert,1,58,failure_count,failure_count,outlier_injection,SUCCESS,True
quantum,spacex,json_manip,bert,1,58,failure_reasons,failure_reasons,outlier_injection,SUCCESS,True
quantum,spacex,json_manip,bert,1,58,payload_count,payload_count,outlier_injection,SUCCESS,True
quantum,spacex,json_manip,bert,1,58,payload_ids,payload_ids,outlier_injection,SUCCESS,True
quantum,spacex,json_manip,bert,1,58,payload_mass_kg,payload_mass_kg,outlier_injection,SUCCESS,True
quantum,spacex,json_manip,bert,1,58,payload_type,payload_type,outlier_injection,SUCCESS,True
quantum,spacex,json_manip,bert,1,58,crew_count,crew_count,outlier_injection,SUCCESS,True
quantum,spacex,json_manip,bert,1,58,launch_site,launch_site,outlier_injection,SUCCESS,True
quantum,spacex,json_manip,bert,1,58,auto_payload,auto_payload,outlier_injection,SUCCESS,True
quantum,spacex,json_manip,bert,1,58,tbd,tbd,outlier_injection,SUCCESS,True
quantum,spacex,json_manip,bert,1,58,gridfins,gridfins,outlier_injection,SUCCESS,True
quantum,spacex,json_manip,bert,1,58,legs,legs,outlier_injection,SUCCESS,True
quantum,spacex,json_manip,bert,1,58,reused,reused,outlier_injection,SUCCESS,True
quantum,spacex,json_manip,bert,1,58,fairings_reused,fairings_reused,outlier_injection,SUCCESS,True
quantum,spacex,json_manip,bert,1,58,fairings_recovery_attempt,fairings_recovery_attempt,outlier_injection,SUCCESS,True
quantum,spacex,json_manip,bert,1,58,cores_reused,cores_reused,outlier_injection,SUCCESS,True
quantum,spacex,json_manip,bert,1,58,ships,ships,outlier_injection,SUCCESS,True
quantum,spacex,json_manip,bert,1,58,capsules,capsules,outlier_injection,SUCCESS,True
quantum,spacex,json_manip,bert,1,58,flight_number,flight_number,outlier_injection,SUCCESS,True
quantum,spacex,json_manip,bert,1,70,mission_name,mission_name,scalar_to_array,SUCCESS,True
quantum,spacex,json_manip,bert,1,70,launch_date_utc,launch_date_utc,scalar_to_array,SUCCESS,True
quantum,spacex,json_manip,bert,1,70,rocket_id,rocket_id,scalar_to_array,SUCCESS,True
quantum,spacex,json_manip,bert,1,70,launch_success,launch_success,scalar_to_array,SUCCESS,True
quantum,spacex,json_manip,bert,1,70,upcoming,upcoming,scalar_to_array,SUCCESS,True
quantum,spacex,json_manip,bert,1,70,static_fire_date_utc,static_fire_date_utc,scalar_to_array,SUCCESS,True
quantum,spacex,json_manip,bert,1,70,net_duration,net_duration,scalar_to_array,SUCCESS,True
quantum,spacex,json_manip,bert,1,70,window_start,window_start,scalar_to_array,SUCCESS,True
quantum,spacex,json_manip,bert,1,70,window_end,window_end,scalar_to_array,SUCCESS,True
quantum,spacex,json_manip,bert,1,70,failure_count,failure_count,scalar_to_array,SUCCESS,True
quantum,spacex,json_manip,bert,1,70,failure_reasons,failure_reasons,scalar_to_array,SUCCESS,True
quantum,spacex,json_manip,bert,1,70,payload_count,payload_count,scalar_to_array,SUCCESS,True
quantum,spacex,json_manip,bert,1,70,payload_ids,payload_ids,scalar_to_array,SUCCESS,True
quantum,spacex,json_manip,bert,1,70,payload_mass_kg,payload_mass_kg,scalar_to_array,SUCCESS,True
quantum,spacex,json_manip,bert,1,70,payload_type,payload_type,scalar_to_array,SUCCESS,True
quantum,spacex,json_manip,bert,1,70,crew_count,crew_count,scalar_to_array,SUCCESS,True
quantum,spacex,json_manip,bert,1,70,launch_site,launch_site,scalar_to_array,SUCCESS,True
quantum,spacex,json_manip,bert,1,70,auto_payload,auto_payload,scalar_to_array,SUCCESS,True
quantum,spacex,json_manip,bert,1,70,tbd,tbd,scalar_to_array,SUCCESS,True
quantum,spacex,json_manip,bert,1,70,gridfins,gridfins,scalar_to_array,SUCCESS,True
quantum,spacex,json_manip,bert,1,70,legs,legs,scalar_to_array,SUCCESS,True
quantum,spacex,json_manip,bert,1,70,reused,reused,scalar_to_array,SUCCESS,True
quantum,spacex,json_manip,bert,1,70,fairings_reused,fairings_reused,scalar_to_array,SUCCESS,True
quantum,spacex,json_manip,bert,1,70,fairings_recovery_attempt,fairings_recovery_attempt,scalar_to_array,SUCCESS,True
quantum,spacex,json_manip,bert,1,70,cores_reused,cores_reused,scalar_to_array,SUCCESS,True
quantum,spacex,json_manip,bert,1,70,ships,ships,scalar_to_array,SUCCESS,True
quantum,spacex,json_manip,bert,1,70,capsules,capsules,scalar_to_array,SUCCESS,True
quantum,spacex,json_manip,bert,1,70,flight_number,flight_number,scalar_to_array,SUCCESS,True
quantum,spacex,json_manip,bert,1,84,mission_name,mission_name,variable_drop,FALSE_POSITIVE,True
quantum,spacex,json_manip,bert,1,84,launch_date_utc,launch_date_utc,variable_drop,FALSE_POSITIVE,True
quantum,spacex,json_manip,bert,1,84,rocket_id,rocket_id,variable_drop,FALSE_POSITIVE,True
quantum,spacex,json_manip,bert,1,84,launch_success,launch_success,variable_drop,FALSE_POSITIVE,True
quantum,spacex,json_manip,bert,1,84,upcoming,upcoming,variable_drop,FALSE_POSITIVE,True
quantum,spacex,json_manip,bert,1,84,static_fire_date_utc,static_fire_date_utc,variable_drop,FALSE_POSITIVE,True
quantum,spacex,json_manip,bert,1,84,net_duration,net_duration,variable_drop,FALSE_POSITIVE,True
quantum,spacex,json_manip,bert,1,84,window_start,window_start,variable_drop,FALSE_POSITIVE,True
quantum,spacex,json_manip,bert,1,84,window_end,window_end,variable_drop,FALSE_POSITIVE,True
quantum,spacex,json_manip,bert,1,84,failure_count,failure_count,variable_drop,FALSE_POSITIVE,True
quantum,spacex,json_manip,bert,1,84,failure_reasons,failure_reasons,variable_drop,FALSE_POSITIVE,True
quantum,spacex,json_manip,bert,1,84,payload_count,payload_count,variable_drop,FALSE_POSITIVE,True
quantum,spacex,json_manip,bert,1,84,payload_ids,payload_ids,variable_drop,FALSE_POSITIVE,True
quantum,spacex,json_manip,bert,1,84,payload_mass_kg,payload_mass_kg,variable_drop,FALSE_POSITIVE,True
quantum,spacex,json_manip,bert,1,84,payload_type,payload_type,variable_drop,FALSE_POSITIVE,True
quantum,spacex,json_manip,bert,1,84,crew_count,crew_count,variable_drop,FALSE_POSITIVE,True
quantum,spacex,json_manip,bert,1,84,launch_site,launch_site,variable_drop,FALSE_POSITIVE,True
quantum,spacex,json_manip,bert,1,84,auto_payload,auto_payload,variable_drop,FALSE_POSITIVE,True
quantum,spacex,json_manip,bert,1,84,tbd,tbd,variable_drop,FALSE_POSITIVE,True
quantum,spacex,json_manip,bert,1,84,gridfins,gridfins,variable_drop,FALSE_POSITIVE,True
quantum,spacex,json_manip,bert,1,84,legs,legs,variable_drop,FALSE_POSITIVE,True
quantum,spacex,json_manip,bert,1,84,reused,reused,variable_drop,FALSE_POSITIVE,True
quantum,spacex,json_manip,bert,1,84,fairings_reused,fairings_reused,variable_drop,FALSE_POSITIVE,True
quantum,spacex,json_manip,bert,1,84,cores_reused,cores_reused,variable_drop,FALSE_POSITIVE,True
quantum,spacex,json_manip,bert,1,84,ships,ships,variable_drop,FALSE_POSITIVE,True
quantum,spacex,json_manip,bert,1,84,capsules,capsules,variable_drop,FALSE_POSITIVE,True
quantum,spacex,json_manip,bert,1,84,flight_number,flight_number,variable_drop,FALSE_POSITIVE,True
quantum,spacex,json_manip,bert,1,84,fairings_recovery_attempt,,variable_drop,FAILURE,True
quantum,spacex,json_manip,regex,1,97,window_end,window_end,null_injection,SUCCESS,True
quantum,spacex,json_manip,regex,1,97,failure_count,failure_count,null_injection,SUCCESS,True
quantum,spacex,json_manip,regex,1,97,launch_date_utc,launch_date_utc,null_injection,SUCCESS,True
quantum,spacex,json_manip,regex,1,97,upcoming,upcoming,null_injection,SUCCESS,True
quantum,spacex,json_manip,regex,1,97,auto_payload,auto_payload,null_injection,SUCCESS,True
quantum,spacex,json_manip,regex,1,97,legs,legs,null_injection,SUCCESS,True
quantum,spacex,json_manip,regex,1,97,rocket_id,rocket_id,null_injection,SUCCESS,True
quantum,spacex,json_manip,regex,1,97,net_duration,net_duration,null_injection,SUCCESS,True
quantum,spacex,json_manip,regex,1,97,payload_count,payload_count,null_injection,SUCCESS,True
quantum,spacex,json_manip,regex,1,97,cores_reused,cores_reused,null_injection,SUCCESS,True
quantum,spacex,json_manip,regex,1,97,launch_site,launch_site,null_injection,SUCCESS,True
quantum,spacex,json_manip,regex,1,97,payload_mass_kg,payload_mass_kg,null_injection,SUCCESS,True
quantum,spacex,json_manip,regex,1,97,gridfins,rocket_id,null_injection,SUCCESS,True
quantum,spacex,json_manip,regex,1,97,launch_success,launch_success,null_injection,SUCCESS,True
quantum,spacex,json_manip,regex,1,97,crew_count,crew_count,null_injection,SUCCESS,True
quantum,spacex,json_manip,regex,1,97,failure_reasons,failure_reasons,null_injection,SUCCESS,True
quantum,spacex,json_manip,regex,1,97,capsules,capsules,null_injection,SUCCESS,True
quantum,spacex,json_manip,regex,1,97,tbd,tbd,null_injection,SUCCESS,True
quantum,spacex,json_manip,regex,1,97,static_fire_date_utc,static_fire_date_utc,null_injection,SUCCESS,True
quantum,spacex,json_manip,regex,1,97,window_start,window_start,null_injection,SUCCESS,True
quantum,spacex,json_manip,regex,1,97,fairings_recovery_attempt,fairings_recovery_attempt,null_injection,SUCCESS,True
quantum,spacex,json_manip,regex,1,97,flight_number,flight_number,null_injection,SUCCESS,True
quantum,spacex,json_manip,regex,1,97,reused,cores_reused,null_injection,SUCCESS,True
quantum,spacex,json_manip,regex,1,97,ships,ships,null_injection,SUCCESS,True
quantum,spacex,json_manip,regex,1,97,payload_type,payload_type,null_injection,SUCCESS,True
quantum,spacex,json_manip,regex,1,97,fairings_reused,reused,null_injection,SUCCESS,True
quantum,spacex,json_manip,regex,1,97,mission_name,mission_name,null_injection,SUCCESS,True
quantum,spacex,json_manip,regex,1,97,payload_ids,rocket_id,null_injection,SUCCESS,True
quantum,spacex,json_manip,bert,1,113,mission_name,mission_name,outlier_injection,SUCCESS,True
quantum,spacex,json_manip,bert,1,113,launch_date_utc,launch_date_utc,outlier_injection,SUCCESS,True
quantum,spacex,json_manip,bert,1,113,rocket_id,rocket_id,outlier_injection,SUCCESS,True
quantum,spacex,json_manip,bert,1,113,launch_success,launch_success,outlier_injection,SUCCESS,True
quantum,spacex,json_manip,bert,1,113,upcoming,upcoming,outlier_injection,SUCCESS,True
quantum,spacex,json_manip,bert,1,113,static_fire_date_utc,static_fire_date_utc,outlier_injection,SUCCESS,True
quantum,spacex,json_manip,bert,1,113,net_duration,net_duration,outlier_injection,SUCCESS,True
quantum,spacex,json_manip,bert,1,113,window_start,window_start,outlier_injection,SUCCESS,True
quantum,spacex,json_manip,bert,1,113,window_end,window_end,outlier_injection,SUCCESS,True
quantum,spacex,json_manip,bert,1,113,failure_count,failure_count,outlier_injection,SUCCESS,True
quantum,spacex,json_manip,bert,1,113,failure_reasons,failure_reasons,outlier_injection,SUCCESS,True
quantum,spacex,json_manip,bert,1,113,payload_count,payload_count,outlier_injection,SUCCESS,True
quantum,spacex,json_manip,bert,1,113,payload_ids,payload_ids,outlier_injection,SUCCESS,True
quantum,spacex,json_manip,bert,1,113,payload_mass_kg,payload_mass_kg,outlier_injection,SUCCESS,True
quantum,spacex,json_manip,bert,1,113,payload_type,payload_type,outlier_injection,SUCCESS,True
quantum,spacex,json_manip,bert,1,113,crew_count,crew_count,outlier_injection,SUCCESS,True
quantum,spacex,json_manip,bert,1,113,launch_site,launch_site,outlier_injection,SUCCESS,True
quantum,spacex,json_manip,bert,1,113,auto_payload,auto_payload,outlier_injection,SUCCESS,True
quantum,spacex,json_manip,bert,1,113,tbd,tbd,outlier_injection,SUCCESS,True
quantum,spacex,json_manip,bert,1,113,gridfins,gridfins,outlier_injection,SUCCESS,True
quantum,spacex,json_manip,bert,1,113,legs,legs,outlier_injection,SUCCESS,True
quantum,spacex,json_manip,bert,1,113,reused,reused,outlier_injection,SUCCESS,True
quantum,spacex,json_manip,bert,1,113,fairings_reused,fairings_reused,outlier_injection,SUCCESS,True
quantum,spacex,json_manip,bert,1,113,fairings_recovery_attempt,fairings_recovery_attempt,outlier_injection,SUCCESS,True
quantum,spacex,json_manip,bert,1,113,cores_reused,cores_reused,outlier_injection,SUCCESS,True
quantum,spacex,json_manip,bert,1,113,ships,ships,outlier_injection,SUCCESS,True
quantum,spacex,json_manip,bert,1,113,capsules,capsules,outlier_injection,SUCCESS,True
quantum,spacex,json_manip,bert,1,113,flight_number,flight_number,outlier_injection,SUCCESS,True
quantum,spacex,json_manip,bert,1,156,mission_name,mission_name,null_injection,SUCCESS,True
quantum,spacex,json_manip,bert,1,156,launch_date_utc,launch_date_utc,null_injection,SUCCESS,True
quantum,spacex,json_manip,bert,1,156,rocket_id,rocket_id,null_injection,SUCCESS,True
quantum,spacex,json_manip,bert,1,156,launch_success,launch_success,null_injection,SUCCESS,True
quantum,spacex,json_manip,bert,1,156,upcoming,upcoming,null_injection,SUCCESS,True
quantum,spacex,json_manip,bert,1,156,static_fire_date_utc,static_fire_date_utc,null_injection,SUCCESS,True
quantum,spacex,json_manip,bert,1,156,net_duration,net_duration,null_injection,SUCCESS,True
quantum,spacex,json_manip,bert,1,156,window_start,window_start,null_injection,SUCCESS,True
quantum,spacex,json_manip,bert,1,156,window_end,window_end,null_injection,SUCCESS,True
quantum,spacex,json_manip,bert,1,156,failure_count,failure_count,null_injection,SUCCESS,True
quantum,spacex,json_manip,bert,1,156,failure_reasons,failure_reasons,null_injection,SUCCESS,True
quantum,spacex,json_manip,bert,1,156,payload_count,payload_count,null_injection,SUCCESS,True
quantum,spacex,json_manip,bert,1,156,payload_ids,payload_ids,null_injection,SUCCESS,True
quantum,spacex,json_manip,bert,1,156,payload_mass_kg,payload_mass_kg,null_injection,SUCCESS,True
quantum,spacex,json_manip,bert,1,156,payload_type,payload_type,null_injection,SUCCESS,True
quantum,spacex,json_manip,bert,1,156,crew_count,crew_count,null_injection,SUCCESS,True
quantum,spacex,json_manip,bert,1,156,launch_site,launch_site,null_injection,SUCCESS,True
quantum,spacex,json_manip,bert,1,156,auto_payload,auto_payload,null_injection,SUCCESS,True
quantum,spacex,json_manip,bert,1,156,tbd,tbd,null_injection,SUCCESS,True
quantum,spacex,json_manip,bert,1,156,gridfins,gridfins,null_injection,SUCCESS,True
quantum,spacex,json_manip,bert,1,156,legs,legs,null_injection,SUCCESS,True
quantum,spacex,json_manip,bert,1,156,reused,reused,null_injection,SUCCESS,True
quantum,spacex,json_manip,bert,1,156,fairings_reused,fairings_reused,null_injection,SUCCESS,True
quantum,spacex,json_manip,bert,1,156,fairings_recovery_attempt,fairings_recovery_attempt,null_injection,SUCCESS,True
quantum,spacex,json_manip,bert,1,156,cores_reused,cores_reused,null_injection,SUCCESS,True
quantum,spacex,json_manip,bert,1,156,ships,ships,null_injection,SUCCESS,True
quantum,spacex,json_manip,bert,1,156,capsules,capsules,null_injection,SUCCESS,True
quantum,spacex,json_manip,bert,1,156,flight_number,flight_number,null_injection,SUCCESS,True
quantum,spacex,json_manip,bert,1,180,mission_name,mission_name,duplicate_field_inject,FALSE_POSITIVE,True
quantum,spacex,json_manip,bert,1,180,launch_date_utc,launch_date_utc,duplicate_field_inject,FALSE_POSITIVE,True
quantum,spacex,json_manip,bert,1,180,rocket_id,rocket_id,duplicate_field_inject,FALSE_POSITIVE,True
quantum,spacex,json_manip,bert,1,180,launch_success,launch_success,duplicate_field_inject,FALSE_POSITIVE,True
quantum,spacex,json_manip,bert,1,180,upcoming,upcoming,duplicate_field_inject,FALSE_POSITIVE,True
quantum,spacex,json_manip,bert,1,180,static_fire_date_utc,static_fire_date_utc,duplicate_field_inject,FALSE_POSITIVE,True
quantum,spacex,json_manip,bert,1,180,net_duration,net_duration,duplicate_field_inject,FALSE_POSITIVE,True
quantum,spacex,json_manip,bert,1,180,window_start,window_start,duplicate_field_inject,FALSE_POSITIVE,True
quantum,spacex,json_manip,bert,1,180,window_end,window_end,duplicate_field_inject,FALSE_POSITIVE,True
quantum,spacex,json_manip,bert,1,180,failure_count,failure_count,duplicate_field_inject,FALSE_POSITIVE,True
quantum,spacex,json_manip,bert,1,180,failure_reasons,failure_reasons,duplicate_field_inject,FALSE_POSITIVE,True
quantum,spacex,json_manip,bert,1,180,payload_count,payload_count,duplicate_field_inject,FALSE_POSITIVE,True
quantum,spacex,json_manip,bert,1,180,payload_ids,payload_ids,duplicate_field_inject,FALSE_POSITIVE,True
quantum,spacex,json_manip,bert,1,180,payload_mass_kg,payload_mass_kg,duplicate_field_inject,FALSE_POSITIVE,True
quantum,spacex,json_manip,bert,1,180,payload_type,payload_type,duplicate_field_inject,FALSE_POSITIVE,True
quantum,spacex,json_manip,bert,1,180,crew_count,crew_count,duplicate_field_inject,FALSE_POSITIVE,True
quantum,spacex,json_manip,bert,1,180,launch_site,launch_site,duplicate_field_inject,FALSE_POSITIVE,True
quantum,spacex,json_manip,bert,1,180,auto_payload,auto_payload,duplicate_field_inject,FALSE_POSITIVE,True
quantum,spacex,json_manip,bert,1,180,tbd,tbd,duplicate_field_inject,FALSE_POSITIVE,True
quantum,spacex,json_manip,bert,1,180,gridfins,gridfins,duplicate_field_inject,FALSE_POSITIVE,True
quantum,spacex,json_manip,bert,1,180,legs,legs,duplicate_field_inject,FALSE_POSITIVE,True
quantum,spacex,json_manip,bert,1,180,reused,reused,duplicate_field_inject,FALSE_POSITIVE,True
quantum,spacex,json_manip,bert,1,180,fairings_reused,fairings_reused,duplicate_field_inject,FALSE_POSITIVE,True
quantum,spacex,json_manip,bert,1,180,fairings_recovery_attempt,fairings_recovery_attempt,duplicate_field_inject,FALSE_POSITIVE,True
quantum,spacex,json_manip,bert,1,180,cores_reused,cores_reused,duplicate_field_inject,FALSE_POSITIVE,True
quantum,spacex,json_manip,bert,1,180,ships,ships,duplicate_field_inject,FALSE_POSITIVE,True
quantum,spacex,json_manip,bert,1,180,capsules,capsules,duplicate_field_inject,FALSE_POSITIVE,True
quantum,spacex,json_manip,bert,1,180,flight_number,flight_number,duplicate_field_inject,FALSE_POSITIVE,True
quantum,spacex,json_manip,bert,1,183,mission_name,mission_name,field_merge_value,FALSE_POSITIVE,True
quantum,spacex,json_manip,bert,1,183,launch_date_utc,launch_date_utc,field_merge_value,FALSE_POSITIVE,True
quantum,spacex,json_manip,bert,1,183,rocket_id,rocket_id,field_merge_value,FALSE_POSITIVE,True
quantum,spacex,json_manip,bert,1,183,launch_success,launch_success,field_merge_value,FALSE_POSITIVE,True
quantum,spacex,json_manip,bert,1,183,upcoming,upcoming,field_merge_value,FALSE_POSITIVE,True
quantum,spacex,json_manip,bert,1,183,static_fire_date_utc,static_fire_date_utc,field_merge_value,FALSE_POSITIVE,True
quantum,spacex,json_manip,bert,1,183,net_duration,net_duration,field_merge_value,FALSE_POSITIVE,True
quantum,spacex,json_manip,bert,1,183,window_start,window_start,field_merge_value,FALSE_POSITIVE,True
quantum,spacex,json_manip,bert,1,183,window_end,window_end,field_merge_value,FALSE_POSITIVE,True
quantum,spacex,json_manip,bert,1,183,failure_count,failure_count,field_merge_value,FALSE_POSITIVE,True
quantum,spacex,json_manip,bert,1,183,failure_reasons,failure_reasons,field_merge_value,FALSE_POSITIVE,True
quantum,spacex,json_manip,bert,1,183,payload_count,payload_count,field_merge_value,FALSE_POSITIVE,True
quantum,spacex,json_manip,bert,1,183,payload_ids,payload_type,field_merge_value,SUCCESS,True
quantum,spacex,json_manip,bert,1,183,payload_mass_kg,payload_mass_kg,field_merge_value,FALSE_POSITIVE,True
quantum,spacex,json_manip,bert,1,183,payload_type,payload_type,field_merge_value,FALSE_POSITIVE,True
quantum,spacex,json_manip,bert,1,183,launch_site,launch_site,field_merge_value,FALSE_POSITIVE,True
quantum,spacex,json_manip,bert,1,183,auto_payload,auto_payload,field_merge_value,FALSE_POSITIVE,True
quantum,spacex,json_manip,bert,1,183,tbd,tbd,field_merge_value,FALSE_POSITIVE,True
quantum,spacex,json_manip,bert,1,183,gridfins,gridfins,field_merge_value,FALSE_POSITIVE,True
quantum,spacex,json_manip,bert,1,183,legs,legs,field_merge_value,FALSE_POSITIVE,True
quantum,spacex,json_manip,bert,1,183,reused,reused,field_merge_value,FALSE_POSITIVE,True
quantum,spacex,json_manip,bert,1,183,fairings_reused,fairings_reused,field_merge_value,FALSE_POSITIVE,True
quantum,spacex,json_manip,bert,1,183,fairings_recovery_attempt,fairings_recovery_attempt,field_merge_value,FALSE_POSITIVE,True
quantum,spacex,json_manip,bert,1,183,cores_reused,cores_reused,field_merge_value,FALSE_POSITIVE,True
quantum,spacex,json_manip,bert,1,183,ships,ships,field_merge_value,FALSE_POSITIVE,True
quantum,spacex,json_manip,bert,1,183,capsules,capsules,field_merge_value,FALSE_POSITIVE,True
quantum,spacex,json_manip,bert,1,183,flight_number,flight_number,field_merge_value,FALSE_POSITIVE,True
quantum,spacex,json_manip,bert,1,183,crew_count,,field_merge_value,FAILURE,True
quantum,spacex,json_manip,bert,1,227,mission_name,mission_name,null_injection,SUCCESS,True
quantum,spacex,json_manip,bert,1,227,launch_date_utc,launch_date_utc,null_injection,SUCCESS,True
quantum,spacex,json_manip,bert,1,227,rocket_id,rocket_id,null_injection,SUCCESS,True
quantum,spacex,json_manip,bert,1,227,launch_success,launch_success,null_injection,SUCCESS,True
quantum,spacex,json_manip,bert,1,227,upcoming,upcoming,null_injection,SUCCESS,True
quantum,spacex,json_manip,bert,1,227,static_fire_date_utc,static_fire_date_utc,null_injection,SUCCESS,True
quantum,spacex,json_manip,bert,1,227,net_duration,net_duration,null_injection,SUCCESS,True
quantum,spacex,json_manip,bert,1,227,window_start,window_start,null_injection,SUCCESS,True
quantum,spacex,json_manip,bert,1,227,window_end,window_end,null_injection,SUCCESS,True
quantum,spacex,json_manip,bert,1,227,failure_count,failure_count,null_injection,SUCCESS,True
quantum,spacex,json_manip,bert,1,227,failure_reasons,failure_reasons,null_injection,SUCCESS,True
quantum,spacex,json_manip,bert,1,227,payload_count,payload_count,null_injection,SUCCESS,True
quantum,spacex,json_manip,bert,1,227,payload_ids,payload_ids,null_injection,SUCCESS,True
quantum,spacex,json_manip,bert,1,227,payload_mass_kg,payload_mass_kg,null_injection,SUCCESS,True
quantum,spacex,json_manip,bert,1,227,payload_type,payload_type,null_injection,SUCCESS,True
quantum,spacex,json_manip,bert,1,227,crew_count,crew_count,null_injection,SUCCESS,True
quantum,spacex,json_manip,bert,1,227,launch_site,launch_site,null_injection,SUCCESS,True
quantum,spacex,json_manip,bert,1,227,auto_payload,auto_payload,null_injection,SUCCESS,True
quantum,spacex,json_manip,bert,1,227,tbd,tbd,null_injection,SUCCESS,True
quantum,spacex,json_manip,bert,1,227,gridfins,gridfins,null_injection,SUCCESS,True
quantum,spacex,json_manip,bert,1,227,legs,legs,null_injection,SUCCESS,True
quantum,spacex,json_manip,bert,1,227,reused,reused,null_injection,SUCCESS,True
quantum,spacex,json_manip,bert,1,227,fairings_reused,fairings_reused,null_injection,SUCCESS,True
quantum,spacex,json_manip,bert,1,227,fairings_recovery_attempt,fairings_recovery_attempt,null_injection,SUCCESS,True
quantum,spacex,json_manip,bert,1,227,cores_reused,cores_reused,null_injection,SUCCESS,True
quantum,spacex,json_manip,bert,1,227,ships,ships,null_injection,SUCCESS,True
quantum,spacex,json_manip,bert,1,227,capsules,capsules,null_injection,SUCCESS,True
quantum,spacex,json_manip,bert,1,227,flight_number,flight_number,null_injection,SUCCESS,True
quantum,spacex,json_manip,bert,1,231,mission_name,mission_name,field_merge_value,FALSE_POSITIVE,True
quantum,spacex,json_manip,bert,1,231,launch_date_utc,launch_date_utc,field_merge_value,FALSE_POSITIVE,True
quantum,spacex,json_manip,bert,1,231,rocket_id,rocket_id,field_merge_value,FALSE_POSITIVE,True
quantum,spacex,json_manip,bert,1,231,launch_success,launch_success,field_merge_value,FALSE_POSITIVE,True
quantum,spacex,json_manip,bert,1,231,upcoming,upcoming,field_merge_value,FALSE_POSITIVE,True
quantum,spacex,json_manip,bert,1,231,static_fire_date_utc,static_fire_date_utc,field_merge_value,FALSE_POSITIVE,True
quantum,spacex,json_manip,bert,1,231,net_duration,net_duration,field_merge_value,FALSE_POSITIVE,True
quantum,spacex,json_manip,bert,1,231,window_start,window_start,field_merge_value,FALSE_POSITIVE,True
quantum,spacex,json_manip,bert,1,231,window_end,window_end,field_merge_value,FALSE_POSITIVE,True
quantum,spacex,json_manip,bert,1,231,failure_count,failure_count,field_merge_value,FALSE_POSITIVE,True
quantum,spacex,json_manip,bert,1,231,failure_reasons,failure_reasons,field_merge_value,FALSE_POSITIVE,True
quantum,spacex,json_manip,bert,1,231,payload_count,payload_count,field_merge_value,FALSE_POSITIVE,True
quantum,spacex,json_manip,bert,1,231,payload_ids,launch_site_payload_ids,field_merge_value,SUCCESS,True
quantum,spacex,json_manip,bert,1,231,payload_mass_kg,payload_mass_kg,field_merge_value,FALSE_POSITIVE,True
quantum,spacex,json_manip,bert,1,231,payload_type,payload_type,field_merge_value,FALSE_POSITIVE,True
quantum,spacex,json_manip,bert,1,231,crew_count,crew_count,field_merge_value,FALSE_POSITIVE,True
quantum,spacex,json_manip,bert,1,231,auto_payload,auto_payload,field_merge_value,FALSE_POSITIVE,True
quantum,spacex,json_manip,bert,1,231,tbd,tbd,field_merge_value,FALSE_POSITIVE,True
quantum,spacex,json_manip,bert,1,231,gridfins,gridfins,field_merge_value,FALSE_POSITIVE,True
quantum,spacex,json_manip,bert,1,231,legs,legs,field_merge_value,FALSE_POSITIVE,True
quantum,spacex,json_manip,bert,1,231,reused,reused,field_merge_value,FALSE_POSITIVE,True
quantum,spacex,json_manip,bert,1,231,fairings_reused,fairings_reused,field_merge_value,FALSE_POSITIVE,True
quantum,spacex,json_manip,bert,1,231,fairings_recovery_attempt,fairings_recovery_attempt,field_merge_value,FALSE_POSITIVE,True
quantum,spacex,json_manip,bert,1,231,cores_reused,cores_reused,field_merge_value,FALSE_POSITIVE,True
quantum,spacex,json_manip,bert,1,231,ships,ships,field_merge_value,FALSE_POSITIVE,True
quantum,spacex,json_manip,bert,1,231,capsules,capsules,field_merge_value,FALSE_POSITIVE,True
quantum,spacex,json_manip,bert,1,231,flight_number,flight_number,field_merge_value,FALSE_POSITIVE,True
quantum,spacex,json_manip,bert,1,231,launch_site,,field_merge_value,FAILURE,True
quantum,spacex,json_manip,bert,1,247,mission_name,mission_name,null_injection,SUCCESS,True
quantum,spacex,json_manip,bert,1,247,launch_date_utc,launch_date_utc,null_injection,SUCCESS,True
quantum,spacex,json_manip,bert,1,247,rocket_id,rocket_id,null_injection,SUCCESS,True
quantum,spacex,json_manip,bert,1,247,launch_success,launch_success,null_injection,SUCCESS,True
quantum,spacex,json_manip,bert,1,247,upcoming,upcoming,null_injection,SUCCESS,True
quantum,spacex,json_manip,bert,1,247,static_fire_date_utc,static_fire_date_utc,null_injection,SUCCESS,True
quantum,spacex,json_manip,bert,1,247,net_duration,net_duration,null_injection,SUCCESS,True
quantum,spacex,json_manip,bert,1,247,window_start,window_start,null_injection,SUCCESS,True
quantum,spacex,json_manip,bert,1,247,window_end,window_end,null_injection,SUCCESS,True
quantum,spacex,json_manip,bert,1,247,failure_count,failure_count,null_injection,SUCCESS,True
quantum,spacex,json_manip,bert,1,247,failure_reasons,failure_reasons,null_injection,SUCCESS,True
quantum,spacex,json_manip,bert,1,247,payload_count,payload_count,null_injection,SUCCESS,True
quantum,spacex,json_manip,bert,1,247,payload_ids,payload_ids,null_injection,SUCCESS,True
quantum,spacex,json_manip,bert,1,247,payload_mass_kg,payload_mass_kg,null_injection,SUCCESS,True
quantum,spacex,json_manip,bert,1,247,payload_type,payload_type,null_injection,SUCCESS,True
quantum,spacex,json_manip,bert,1,247,crew_count,crew_count,null_injection,SUCCESS,True
quantum,spacex,json_manip,bert,1,247,launch_site,launch_site,null_injection,SUCCESS,True
quantum,spacex,json_manip,bert,1,247,auto_payload,auto_payload,null_injection,SUCCESS,True
quantum,spacex,json_manip,bert,1,247,tbd,tbd,null_injection,SUCCESS,True
quantum,spacex,json_manip,bert,1,247,gridfins,gridfins,null_injection,SUCCESS,True
quantum,spacex,json_manip,bert,1,247,legs,legs,null_injection,SUCCESS,True
quantum,spacex,json_manip,bert,1,247,reused,reused,null_injection,SUCCESS,True
quantum,spacex,json_manip,bert,1,247,fairings_reused,fairings_reused,null_injection,SUCCESS,True
quantum,spacex,json_manip,bert,1,247,fairings_recovery_attempt,fairings_recovery_attempt,null_injection,SUCCESS,True
quantum,spacex,json_manip,bert,1,247,cores_reused,cores_reused,null_injection,SUCCESS,True
quantum,spacex,json_manip,bert,1,247,ships,ships,null_injection,SUCCESS,True
quantum,spacex,json_manip,bert,1,247,capsules,capsules,null_injection,SUCCESS,True
quantum,spacex,json_manip,bert,1,247,flight_number,flight_number,null_injection,SUCCESS,True
quantum,spacex,json_manip,bert,1,255,mission_name,mission_name,variable_drop,FALSE_POSITIVE,True
quantum,spacex,json_manip,bert,1,255,launch_date_utc,launch_date_utc,variable_drop,FALSE_POSITIVE,True
quantum,spacex,json_manip,bert,1,255,rocket_id,rocket_id,variable_drop,FALSE_POSITIVE,True
quantum,spacex,json_manip,bert,1,255,launch_success,launch_success,variable_drop,FALSE_POSITIVE,True
quantum,spacex,json_manip,bert,1,255,upcoming,upcoming,variable_drop,FALSE_POSITIVE,True
quantum,spacex,json_manip,bert,1,255,static_fire_date_utc,static_fire_date_utc,variable_drop,FALSE_POSITIVE,True
quantum,spacex,json_manip,bert,1,255,net_duration,net_duration,variable_drop,FALSE_POSITIVE,True
quantum,spacex,json_manip,bert,1,255,window_start,window_start,variable_drop,FALSE_POSITIVE,True
quantum,spacex,json_manip,bert,1,255,window_end,window_end,variable_drop,FALSE_POSITIVE,True
quantum,spacex,json_manip,bert,1,255,failure_count,failure_count,variable_drop,FALSE_POSITIVE,True
quantum,spacex,json_manip,bert,1,255,failure_reasons,failure_reasons,variable_drop,FALSE_POSITIVE,True
quantum,spacex,json_manip,bert,1,255,payload_count,payload_count,variable_drop,FALSE_POSITIVE,True
quantum,spacex,json_manip,bert,1,255,payload_ids,payload_ids,variable_drop,FALSE_POSITIVE,True
quantum,spacex,json_manip,bert,1,255,payload_mass_kg,payload_mass_kg,variable_drop,FALSE_POSITIVE,True
quantum,spacex,json_manip,bert,1,255,payload_type,payload_type,variable_drop,FALSE_POSITIVE,True
quantum,spacex,json_manip,bert,1,255,crew_count,crew_count,variable_drop,FALSE_POSITIVE,True
quantum,spacex,json_manip,bert,1,255,launch_site,launch_site,variable_drop,FALSE_POSITIVE,True
quantum,spacex,json_manip,bert,1,255,auto_payload,auto_payload,variable_drop,FALSE_POSITIVE,True
quantum,spacex,json_manip,bert,1,255,tbd,tbd,variable_drop,FALSE_POSITIVE,True
quantum,spacex,json_manip,bert,1,255,gridfins,gridfins,variable_drop,FALSE_POSITIVE,True
quantum,spacex,json_manip,bert,1,255,legs,legs,variable_drop,FALSE_POSITIVE,True
quantum,spacex,json_manip,bert,1,255,reused,reused,variable_drop,FALSE_POSITIVE,True
quantum,spacex,json_manip,bert,1,255,fairings_reused,fairings_reused,variable_drop,FALSE_POSITIVE,True
quantum,spacex,json_manip,bert,1,255,fairings_recovery_attempt,fairings_recovery_attempt,variable_drop,FALSE_POSITIVE,True
quantum,spacex,json_manip,bert,1,255,cores_reused,cores_reused,variable_drop,FALSE_POSITIVE,True
quantum,spacex,json_manip,bert,1,255,capsules,capsules,variable_drop,FALSE_POSITIVE,True
quantum,spacex,json_manip,bert,1,255,flight_number,flight_number,variable_drop,FALSE_POSITIVE,True
quantum,spacex,json_manip,bert,1,255,ships,,variable_drop,FAILURE,True
quantum,spacex,json_manip,levenshtein,1,260,window_end,window_end,field_merge_value,FALSE_POSITIVE,True
quantum,spacex,json_manip,levenshtein,1,260,launch_date_utc,launch_date_utc,field_merge_value,FALSE_POSITIVE,True
quantum,spacex,json_manip,levenshtein,1,260,upcoming,upcoming,field_merge_value,FALSE_POSITIVE,True
quantum,spacex,json_manip,levenshtein,1,260,auto_payload,auto_payload,field_merge_value,FALSE_POSITIVE,True
quantum,spacex,json_manip,levenshtein,1,260,rocket_id,rocket_id,field_merge_value,FALSE_POSITIVE,True
quantum,spacex,json_manip,levenshtein,1,260,net_duration,net_duration,field_merge_value,FALSE_POSITIVE,True
quantum,spacex,json_manip,levenshtein,1,260,payload_count,payload_count,field_merge_value,FALSE_POSITIVE,True
quantum,spacex,json_manip,levenshtein,1,260,cores_reused,cores_reused,field_merge_value,FALSE_POSITIVE,True
quantum,spacex,json_manip,levenshtein,1,260,launch_site,launch_site,field_merge_value,FALSE_POSITIVE,True
quantum,spacex,json_manip,levenshtein,1,260,payload_mass_kg,payload_mass_kg,field_merge_value,FALSE_POSITIVE,True
quantum,spacex,json_manip,levenshtein,1,260,gridfins,gridfins,field_merge_value,FALSE_POSITIVE,True
quantum,spacex,json_manip,levenshtein,1,260,launch_success,launch_success,field_merge_value,FALSE_POSITIVE,True
quantum,spacex,json_manip,levenshtein,1,260,crew_count,crew_count,field_merge_value,FALSE_POSITIVE,True
quantum,spacex,json_manip,levenshtein,1,260,failure_reasons,failure_reasons,field_merge_value,FALSE_POSITIVE,True
quantum,spacex,json_manip,levenshtein,1,260,capsules,capsules,field_merge_value,FALSE_POSITIVE,True
quantum,spacex,json_manip,levenshtein,1,260,tbd,tbd,field_merge_value,FALSE_POSITIVE,True
quantum,spacex,json_manip,levenshtein,1,260,static_fire_date_utc,static_fire_date_utc,field_merge_value,FALSE_POSITIVE,True
quantum,spacex,json_manip,levenshtein,1,260,window_start,window_start,field_merge_value,FALSE_POSITIVE,True
quantum,spacex,json_manip,levenshtein,1,260,fairings_recovery_attempt,fairings_recovery_attempt,field_merge_value,FALSE_POSITIVE,True
quantum,spacex,json_manip,levenshtein,1,260,flight_number,flight_number,field_merge_value,FALSE_POSITIVE,True
quantum,spacex,json_manip,levenshtein,1,260,reused,reused,field_merge_value,FALSE_POSITIVE,True
quantum,spacex,json_manip,levenshtein,1,260,ships,ships,field_merge_value,FALSE_POSITIVE,True
quantum,spacex,json_manip,levenshtein,1,260,payload_type,payload_type,field_merge_value,FALSE_POSITIVE,True
quantum,spacex,json_manip,levenshtein,1,260,fairings_reused,fairings_reused,field_merge_value,FALSE_POSITIVE,True
quantum,spacex,json_manip,levenshtein,1,260,mission_name,mission_name,field_merge_value,FALSE_POSITIVE,True
quantum,spacex,json_manip,levenshtein,1,260,payload_ids,payload_ids,field_merge_value,FALSE_POSITIVE,True
quantum,spacex,json_manip,levenshtein,1,260,failure_count,,field_merge_value,FAILURE,True
quantum,spacex,json_manip,levenshtein,1,260,legs,,field_merge_value,FAILURE,True
quantum,spacex,json_manip,bert,1,319,mission_name,mission_name,field_split,FALSE_POSITIVE,True
quantum,spacex,json_manip,bert,1,319,launch_date_utc,launch_date_utc,field_split,FALSE_POSITIVE,True
quantum,spacex,json_manip,bert,1,319,rocket_id,rocket_id,field_split,FALSE_POSITIVE,True
quantum,spacex,json_manip,bert,1,319,launch_success,launch_success,field_split,FALSE_POSITIVE,True
quantum,spacex,json_manip,bert,1,319,upcoming,upcoming,field_split,FALSE_POSITIVE,True
quantum,spacex,json_manip,bert,1,319,static_fire_date_utc,static_fire_date_utc,field_split,FALSE_POSITIVE,True
quantum,spacex,json_manip,bert,1,319,net_duration,net_duration,field_split,FALSE_POSITIVE,True
quantum,spacex,json_manip,bert,1,319,window_start,window_start,field_split,FALSE_POSITIVE,True
quantum,spacex,json_manip,bert,1,319,window_end,window_end,field_split,FALSE_POSITIVE,True
quantum,spacex,json_manip,bert,1,319,failure_count,failure_count,field_split,FALSE_POSITIVE,True
quantum,spacex,json_manip,bert,1,319,failure_reasons,failure_reasons,field_split,FALSE_POSITIVE,True
quantum,spacex,json_manip,bert,1,319,payload_count,payload_count,field_split,FALSE_POSITIVE,True
quantum,spacex,json_manip,bert,1,319,payload_ids,payload_ids_part2,field_split,SUCCESS,True
quantum,spacex,json_manip,bert,1,319,payload_mass_kg,payload_mass_kg,field_split,FALSE_POSITIVE,True
quantum,spacex,json_manip,bert,1,319,payload_type,payload_type,field_split,FALSE_POSITIVE,True
quantum,spacex,json_manip,bert,1,319,crew_count,crew_count,field_split,FALSE_POSITIVE,True
quantum,spacex,json_manip,bert,1,319,launch_site,launch_site,field_split,FALSE_POSITIVE,True
quantum,spacex,json_manip,bert,1,319,auto_payload,auto_payload,field_split,FALSE_POSITIVE,True
quantum,spacex,json_manip,bert,1,319,tbd,tbd,field_split,FALSE_POSITIVE,True
quantum,spacex,json_manip,bert,1,319,gridfins,gridfins,field_split,FALSE_POSITIVE,True
quantum,spacex,json_manip,bert,1,319,legs,legs,field_split,FALSE_POSITIVE,True
quantum,spacex,json_manip,bert,1,319,reused,reused,field_split,FALSE_POSITIVE,True
quantum,spacex,json_manip,bert,1,319,fairings_reused,fairings_reused,field_split,FALSE_POSITIVE,True
quantum,spacex,json_manip,bert,1,319,fairings_recovery_attempt,fairings_recovery_attempt,field_split,FALSE_POSITIVE,True
quantum,spacex,json_manip,bert,1,319,cores_reused,cores_reused,field_split,FALSE_POSITIVE,True
quantum,spacex,json_manip,bert,1,319,ships,ships,field_split,FALSE_POSITIVE,True
quantum,spacex,json_manip,bert,1,319,capsules,capsules,field_split,FALSE_POSITIVE,True
quantum,spacex,json_manip,bert,1,319,flight_number,flight_number,field_split,FALSE_POSITIVE,True
quantum,spacex,json_manip,bert,1,329,mission_name,mission_name,duplicate_field_inject,FALSE_POSITIVE,True
quantum,spacex,json_manip,bert,1,329,launch_date_utc,launch_date_utc,duplicate_field_inject,FALSE_POSITIVE,True
quantum,spacex,json_manip,bert,1,329,rocket_id,rocket_id,duplicate_field_inject,FALSE_POSITIVE,True
quantum,spacex,json_manip,bert,1,329,launch_success,launch_success,duplicate_field_inject,FALSE_POSITIVE,True
quantum,spacex,json_manip,bert,1,329,upcoming,upcoming,duplicate_field_inject,FALSE_POSITIVE,True
quantum,spacex,json_manip,bert,1,329,static_fire_date_utc,static_fire_date_utc,duplicate_field_inject,FALSE_POSITIVE,True
quantum,spacex,json_manip,bert,1,329,net_duration,net_duration,duplicate_field_inject,FALSE_POSITIVE,True
quantum,spacex,json_manip,bert,1,329,window_start,window_start,duplicate_field_inject,FALSE_POSITIVE,True
quantum,spacex,json_manip,bert,1,329,window_end,window_end,duplicate_field_inject,FALSE_POSITIVE,True
quantum,spacex,json_manip,bert,1,329,failure_count,failure_count,duplicate_field_inject,FALSE_POSITIVE,True
quantum,spacex,json_manip,bert,1,329,failure_reasons,failure_reasons,duplicate_field_inject,FALSE_POSITIVE,True
quantum,spacex,json_manip,bert,1,329,payload_count,payload_count,duplicate_field_inject,FALSE_POSITIVE,True
quantum,spacex,json_manip,bert,1,329,payload_ids,payload_ids,duplicate_field_inject,FALSE_POSITIVE,True
quantum,spacex,json_manip,bert,1,329,payload_mass_kg,payload_mass_kg,duplicate_field_inject,FALSE_POSITIVE,True
quantum,spacex,json_manip,bert,1,329,payload_type,payload_type,duplicate_field_inject,FALSE_POSITIVE,True
quantum,spacex,json_manip,bert,1,329,crew_count,crew_count,duplicate_field_inject,FALSE_POSITIVE,True
quantum,spacex,json_manip,bert,1,329,launch_site,launch_site,duplicate_field_inject,FALSE_POSITIVE,True
quantum,spacex,json_manip,bert,1,329,auto_payload,auto_payload,duplicate_field_inject,FALSE_POSITIVE,True
quantum,spacex,json_manip,bert,1,329,tbd,tbd,duplicate_field_inject,FALSE_POSITIVE,True
quantum,spacex,json_manip,bert,1,329,gridfins,gridfins,duplicate_field_inject,FALSE_POSITIVE,True
quantum,spacex,json_manip,bert,1,329,legs,legs,duplicate_field_inject,FALSE_POSITIVE,True
quantum,spacex,json_manip,bert,1,329,reused,reused,duplicate_field_inject,FALSE_POSITIVE,True
quantum,spacex,json_manip,bert,1,329,fairings_reused,fairings_reused,duplicate_field_inject,FALSE_POSITIVE,True
quantum,spacex,json_manip,bert,1,329,fairings_recovery_attempt,fairings_recovery_attempt,duplicate_field_inject,FALSE_POSITIVE,True
quantum,spacex,json_manip,bert,1,329,cores_reused,cores_reused,duplicate_field_inject,FALSE_POSITIVE,True
quantum,spacex,json_manip,bert,1,329,ships,ships,duplicate_field_inject,FALSE_POSITIVE,True
quantum,spacex,json_manip,bert,1,329,capsules,capsules,duplicate_field_inject,FALSE_POSITIVE,True
quantum,spacex,json_manip,bert,1,329,flight_number,flight_number,duplicate_field_inject,FALSE_POSITIVE,True
quantum,spacex,json_manip,regex,1,377,window_end,window_end,outlier_injection,SUCCESS,True
quantum,spacex,json_manip,regex,1,377,failure_count,failure_count,outlier_injection,SUCCESS,True
quantum,spacex,json_manip,regex,1,377,launch_date_utc,launch_date_utc,outlier_injection,SUCCESS,True
quantum,spacex,json_manip,regex,1,377,upcoming,upcoming,outlier_injection,SUCCESS,True
quantum,spacex,json_manip,regex,1,377,auto_payload,auto_payload,outlier_injection,SUCCESS,True
quantum,spacex,json_manip,regex,1,377,legs,legs,outlier_injection,SUCCESS,True
quantum,spacex,json_manip,regex,1,377,rocket_id,rocket_id,outlier_injection,SUCCESS,True
quantum,spacex,json_manip,regex,1,377,net_duration,net_duration,outlier_injection,SUCCESS,True
quantum,spacex,json_manip,regex,1,377,payload_count,payload_count,outlier_injection,SUCCESS,True
quantum,spacex,json_manip,regex,1,377,cores_reused,cores_reused,outlier_injection,SUCCESS,True
quantum,spacex,json_manip,regex,1,377,launch_site,launch_site,outlier_injection,SUCCESS,True
quantum,spacex,json_manip,regex,1,377,payload_mass_kg,payload_mass_kg,outlier_injection,SUCCESS,True
quantum,spacex,json_manip,regex,1,377,gridfins,rocket_id,outlier_injection,SUCCESS,True
quantum,spacex,json_manip,regex,1,377,launch_success,launch_success,outlier_injection,SUCCESS,True
quantum,spacex,json_manip,regex,1,377,crew_count,crew_count,outlier_injection,SUCCESS,True
quantum,spacex,json_manip,regex,1,377,failure_reasons,failure_reasons,outlier_injection,SUCCESS,True
quantum,spacex,json_manip,regex,1,377,capsules,capsules,outlier_injection,SUCCESS,True
quantum,spacex,json_manip,regex,1,377,tbd,tbd,outlier_injection,SUCCESS,True
quantum,spacex,json_manip,regex,1,377,static_fire_date_utc,static_fire_date_utc,outlier_injection,SUCCESS,True
quantum,spacex,json_manip,regex,1,377,window_start,window_start,outlier_injection,SUCCESS,True
quantum,spacex,json_manip,regex,1,377,fairings_recovery_attempt,fairings_recovery_attempt,outlier_injection,SUCCESS,True
quantum,spacex,json_manip,regex,1,377,flight_number,flight_number,outlier_injection,SUCCESS,True
quantum,spacex,json_manip,regex,1,377,reused,cores_reused,outlier_injection,SUCCESS,True
quantum,spacex,json_manip,regex,1,377,ships,ships,outlier_injection,SUCCESS,True
quantum,spacex,json_manip,regex,1,377,payload_type,payload_type,outlier_injection,SUCCESS,True
quantum,spacex,json_manip,regex,1,377,fairings_reused,reused,outlier_injection,SUCCESS,True
quantum,spacex,json_manip,regex,1,377,mission_name,mission_name,outlier_injection,SUCCESS,True
quantum,spacex,json_manip,regex,1,377,payload_ids,rocket_id,outlier_injection,SUCCESS,True
quantum,spacex,json_manip,bert,1,390,mission_name,mission_name,field_join,FALSE_POSITIVE,True
quantum,spacex,json_manip,bert,1,390,launch_date_utc,launch_date_utc,field_join,FALSE_POSITIVE,True
quantum,spacex,json_manip,bert,1,390,rocket_id,rocket_id,field_join,FALSE_POSITIVE,True
quantum,spacex,json_manip,bert,1,390,launch_success,launch_success,field_join,FALSE_POSITIVE,True
quantum,spacex,json_manip,bert,1,390,upcoming,upcoming,field_join,FALSE_POSITIVE,True
quantum,spacex,json_manip,bert,1,390,static_fire_date_utc,static_fire_date_utc,field_join,FALSE_POSITIVE,True
quantum,spacex,json_manip,bert,1,390,net_duration,net_duration,field_join,FALSE_POSITIVE,True
quantum,spacex,json_manip,bert,1,390,window_start,window_start,field_join,FALSE_POSITIVE,True
quantum,spacex,json_manip,bert,1,390,window_end,window_end,field_join,FALSE_POSITIVE,True
quantum,spacex,json_manip,bert,1,390,failure_count,failure_count,field_join,FALSE_POSITIVE,True
quantum,spacex,json_manip,bert,1,390,failure_reasons,failure_reasons,field_join,FALSE_POSITIVE,True
quantum,spacex,json_manip,bert,1,390,payload_count,payload_count,field_join,FALSE_POSITIVE,True
quantum,spacex,json_manip,bert,1,390,payload_ids,payload_ids,field_join,FALSE_POSITIVE,True
quantum,spacex,json_manip,bert,1,390,payload_mass_kg,payload_mass_kg,field_join,FALSE_POSITIVE,True
quantum,spacex,json_manip,bert,1,390,payload_type,payload_type,field_join,FALSE_POSITIVE,True
quantum,spacex,json_manip,bert,1,390,crew_count,crew_count,field_join,FALSE_POSITIVE,True
quantum,spacex,json_manip,bert,1,390,auto_payload,auto_payload,field_join,FALSE_POSITIVE,True
quantum,spacex,json_manip,bert,1,390,tbd,tbd,field_join,FALSE_POSITIVE,True
quantum,spacex,json_manip,bert,1,390,gridfins,gridfins,field_join,FALSE_POSITIVE,True
quantum,spacex,json_manip,bert,1,390,legs,legs,field_join,FALSE_POSITIVE,True
quantum,spacex,json_manip,bert,1,390,reused,reused,field_join,FALSE_POSITIVE,True
quantum,spacex,json_manip,bert,1,390,fairings_recovery_attempt,fairings_recovery_attempt,field_join,FALSE_POSITIVE,True
quantum,spacex,json_manip,bert,1,390,cores_reused,cores_reused,field_join,FALSE_POSITIVE,True
quantum,spacex,json_manip,bert,1,390,ships,ships,field_join,FALSE_POSITIVE,True
quantum,spacex,json_manip,bert,1,390,capsules,capsules,field_join,FALSE_POSITIVE,True
quantum,spacex,json_manip,bert,1,390,flight_number,flight_number,field_join,FALSE_POSITIVE,True
quantum,spacex,json_manip,bert,1,390,launch_site,,field_join,FAILURE,True
quantum,spacex,json_manip,bert,1,390,fairings_reused,,field_join,FAILURE,True
quantum,spacex,json_manip,bert,1,409,mission_name,mission_name,duplicate_field_inject,FALSE_POSITIVE,True
quantum,spacex,json_manip,bert,1,409,launch_date_utc,launch_date_utc,duplicate_field_inject,FALSE_POSITIVE,True
quantum,spacex,json_manip,bert,1,409,rocket_id,rocket_id,duplicate_field_inject,FALSE_POSITIVE,True
quantum,spacex,json_manip,bert,1,409,launch_success,launch_success,duplicate_field_inject,FALSE_POSITIVE,True
quantum,spacex,json_manip,bert,1,409,upcoming,upcoming,duplicate_field_inject,FALSE_POSITIVE,True
quantum,spacex,json_manip,bert,1,409,static_fire_date_utc,static_fire_date_utc,duplicate_field_inject,FALSE_POSITIVE,True
quantum,spacex,json_manip,bert,1,409,net_duration,net_duration,duplicate_field_inject,FALSE_POSITIVE,True
quantum,spacex,json_manip,bert,1,409,window_start,window_start,duplicate_field_inject,FALSE_POSITIVE,True
quantum,spacex,json_manip,bert,1,409,window_end,window_end,duplicate_field_inject,FALSE_POSITIVE,True
quantum,spacex,json_manip,bert,1,409,failure_count,failure_count,duplicate_field_inject,FALSE_POSITIVE,True
quantum,spacex,json_manip,bert,1,409,failure_reasons,failure_reasons,duplicate_field_inject,FALSE_POSITIVE,True
quantum,spacex,json_manip,bert,1,409,payload_count,payload_count,duplicate_field_inject,FALSE_POSITIVE,True
quantum,spacex,json_manip,bert,1,409,payload_ids,payload_ids,duplicate_field_inject,FALSE_POSITIVE,True
quantum,spacex,json_manip,bert,1,409,payload_mass_kg,payload_mass_kg,duplicate_field_inject,FALSE_POSITIVE,True
quantum,spacex,json_manip,bert,1,409,payload_type,payload_type,duplicate_field_inject,FALSE_POSITIVE,True
quantum,spacex,json_manip,bert,1,409,crew_count,crew_count,duplicate_field_inject,FALSE_POSITIVE,True
quantum,spacex,json_manip,bert,1,409,launch_site,launch_site,duplicate_field_inject,FALSE_POSITIVE,True
quantum,spacex,json_manip,bert,1,409,auto_payload,auto_payload,duplicate_field_inject,FALSE_POSITIVE,True
quantum,spacex,json_manip,bert,1,409,tbd,tbd,duplicate_field_inject,FALSE_POSITIVE,True
quantum,spacex,json_manip,bert,1,409,gridfins,gridfins,duplicate_field_inject,FALSE_POSITIVE,True
quantum,spacex,json_manip,bert,1,409,legs,legs,duplicate_field_inject,FALSE_POSITIVE,True
quantum,spacex,json_manip,bert,1,409,reused,reused,duplicate_field_inject,FALSE_POSITIVE,True
quantum,spacex,json_manip,bert,1,409,fairings_reused,fairings_reused,duplicate_field_inject,FALSE_POSITIVE,True
quantum,spacex,json_manip,bert,1,409,fairings_recovery_attempt,fairings_recovery_attempt,duplicate_field_inject,FALSE_POSITIVE,True
quantum,spacex,json_manip,bert,1,409,cores_reused,cores_reused,duplicate_field_inject,FALSE_POSITIVE,True
quantum,spacex,json_manip,bert,1,409,ships,ships,duplicate_field_inject,FALSE_POSITIVE,True
quantum,spacex,json_manip,bert,1,409,capsules,capsules,duplicate_field_inject,FALSE_POSITIVE,True
quantum,spacex,json_manip,bert,1,409,flight_number,flight_number,duplicate_field_inject,FALSE_POSITIVE,True
quantum,spacex,json_manip,bert,1,413,mission_name,mission_name,duplicate_field_inject,FALSE_POSITIVE,True
quantum,spacex,json_manip,bert,1,413,launch_date_utc,launch_date_utc,duplicate_field_inject,FALSE_POSITIVE,True
quantum,spacex,json_manip,bert,1,413,rocket_id,rocket_id,duplicate_field_inject,FALSE_POSITIVE,True
quantum,spacex,json_manip,bert,1,413,launch_success,launch_success,duplicate_field_inject,FALSE_POSITIVE,True
quantum,spacex,json_manip,bert,1,413,upcoming,upcoming,duplicate_field_inject,FALSE_POSITIVE,True
quantum,spacex,json_manip,bert,1,413,static_fire_date_utc,static_fire_date_utc,duplicate_field_inject,FALSE_POSITIVE,True
quantum,spacex,json_manip,bert,1,413,net_duration,net_duration,duplicate_field_inject,FALSE_POSITIVE,True
quantum,spacex,json_manip,bert,1,413,window_start,window_start,duplicate_field_inject,FALSE_POSITIVE,True
quantum,spacex,json_manip,bert,1,413,window_end,window_end,duplicate_field_inject,FALSE_POSITIVE,True
quantum,spacex,json_manip,bert,1,413,failure_count,failure_count,duplicate_field_inject,FALSE_POSITIVE,True
quantum,spacex,json_manip,bert,1,413,failure_reasons,failure_reasons,duplicate_field_inject,FALSE_POSITIVE,True
quantum,spacex,json_manip,bert,1,413,payload_count,payload_count,duplicate_field_inject,FALSE_POSITIVE,True
quantum,spacex,json_manip,bert,1,413,payload_ids,payload_ids,duplicate_field_inject,FALSE_POSITIVE,True
quantum,spacex,json_manip,bert,1,413,payload_mass_kg,payload_mass_kg,duplicate_field_inject,FALSE_POSITIVE,True
quantum,spacex,json_manip,bert,1,413,payload_type,payload_type,duplicate_field_inject,FALSE_POSITIVE,True
quantum,spacex,json_manip,bert,1,413,crew_count,crew_count,duplicate_field_inject,FALSE_POSITIVE,True
quantum,spacex,json_manip,bert,1,413,launch_site,launch_site,duplicate_field_inject,FALSE_POSITIVE,True
quantum,spacex,json_manip,bert,1,413,auto_payload,auto_payload,duplicate_field_inject,FALSE_POSITIVE,True
quantum,spacex,json_manip,bert,1,413,tbd,tbd,duplicate_field_inject,FALSE_POSITIVE,True
quantum,spacex,json_manip,bert,1,413,gridfins,gridfins,duplicate_field_inject,FALSE_POSITIVE,True
quantum,spacex,json_manip,bert,1,413,legs,legs,duplicate_field_inject,FALSE_POSITIVE,True
quantum,spacex,json_manip,bert,1,413,reused,reused,duplicate_field_inject,FALSE_POSITIVE,True
quantum,spacex,json_manip,bert,1,413,fairings_reused,fairings_reused,duplicate_field_inject,FALSE_POSITIVE,True
quantum,spacex,json_manip,bert,1,413,fairings_recovery_attempt,fairings_recovery_attempt,duplicate_field_inject,FALSE_POSITIVE,True
quantum,spacex,json_manip,bert,1,413,cores_reused,cores_reused,duplicate_field_inject,FALSE_POSITIVE,True
quantum,spacex,json_manip,bert,1,413,ships,ships,duplicate_field_inject,FALSE_POSITIVE,True
quantum,spacex,json_manip,bert,1,413,capsules,capsules,duplicate_field_inject,FALSE_POSITIVE,True
quantum,spacex,json_manip,bert,1,413,flight_number,flight_number,duplicate_field_inject,FALSE_POSITIVE,True
quantum,spacex,json_manip,bert,1,434,mission_name,mission_name,field_join,FALSE_POSITIVE,True
quantum,spacex,json_manip,bert,1,434,launch_date_utc,launch_date_utc,field_join,FALSE_POSITIVE,True
quantum,spacex,json_manip,bert,1,434,rocket_id,rocket_id,field_join,FALSE_POSITIVE,True
quantum,spacex,json_manip,bert,1,434,launch_success,launch_success,field_join,FALSE_POSITIVE,True
quantum,spacex,json_manip,bert,1,434,static_fire_date_utc,static_fire_date_utc,field_join,FALSE_POSITIVE,True
quantum,spacex,json_manip,bert,1,434,net_duration,net_duration,field_join,FALSE_POSITIVE,True
quantum,spacex,json_manip,bert,1,434,window_start,window_start,field_join,FALSE_POSITIVE,True
quantum,spacex,json_manip,bert,1,434,window_end,window_end,field_join,FALSE_POSITIVE,True
quantum,spacex,json_manip,bert,1,434,failure_count,failure_count,field_join,FALSE_POSITIVE,True
quantum,spacex,json_manip,bert,1,434,failure_reasons,failure_reasons,field_join,FALSE_POSITIVE,True
quantum,spacex,json_manip,bert,1,434,payload_count,payload_count,field_join,FALSE_POSITIVE,True
quantum,spacex,json_manip,bert,1,434,payload_ids,payload_ids,field_join,FALSE_POSITIVE,True
quantum,spacex,json_manip,bert,1,434,payload_mass_kg,payload_mass_kg,field_join,FALSE_POSITIVE,True
quantum,spacex,json_manip,bert,1,434,payload_type,payload_type,field_join,FALSE_POSITIVE,True
quantum,spacex,json_manip,bert,1,434,crew_count,crew_count,field_join,FALSE_POSITIVE,True
quantum,spacex,json_manip,bert,1,434,launch_site,launch_site,field_join,FALSE_POSITIVE,True
quantum,spacex,json_manip,bert,1,434,auto_payload,auto_payload,field_join,FALSE_POSITIVE,True
quantum,spacex,json_manip,bert,1,434,tbd,tbd,field_join,FALSE_POSITIVE,True
quantum,spacex,json_manip,bert,1,434,gridfins,gridfins,field_join,FALSE_POSITIVE,True
quantum,spacex,json_manip,bert,1,434,legs,legs,field_join,FALSE_POSITIVE,True
quantum,spacex,json_manip,bert,1,434,fairings_reused,fairings_reused,field_join,FALSE_POSITIVE,True
quantum,spacex,json_manip,bert,1,434,fairings_recovery_attempt,fairings_recovery_attempt,field_join,FALSE_POSITIVE,True
quantum,spacex,json_manip,bert,1,434,cores_reused,cores_reused,field_join,FALSE_POSITIVE,True
quantum,spacex,json_manip,bert,1,434,ships,ships,field_join,FALSE_POSITIVE,True
quantum,spacex,json_manip,bert,1,434,capsules,capsules,field_join,FALSE_POSITIVE,True
quantum,spacex,json_manip,bert,1,434,flight_number,flight_number,field_join,FALSE_POSITIVE,True
quantum,spacex,json_manip,bert,1,434,upcoming,,field_join,FAILURE,True
quantum,spacex,json_manip,bert,1,434,reused,,field_join,FAILURE,True
quantum,spacex,json_manip,bert,1,441,mission_name,mission_name,scalar_to_array,SUCCESS,True
quantum,spacex,json_manip,bert,1,441,launch_date_utc,launch_date_utc,scalar_to_array,SUCCESS,True
quantum,spacex,json_manip,bert,1,441,rocket_id,rocket_id,scalar_to_array,SUCCESS,True
quantum,spacex,json_manip,bert,1,441,launch_success,launch_success,scalar_to_array,SUCCESS,True
quantum,spacex,json_manip,bert,1,441,upcoming,upcoming,scalar_to_array,SUCCESS,True
quantum,spacex,json_manip,bert,1,441,static_fire_date_utc,static_fire_date_utc,scalar_to_array,SUCCESS,True
quantum,spacex,json_manip,bert,1,441,net_duration,net_duration,scalar_to_array,SUCCESS,True
quantum,spacex,json_manip,bert,1,441,window_start,window_start,scalar_to_array,SUCCESS,True
quantum,spacex,json_manip,bert,1,441,window_end,window_end,scalar_to_array,SUCCESS,True
quantum,spacex,json_manip,bert,1,441,failure_count,failure_count,scalar_to_array,SUCCESS,True
quantum,spacex,json_manip,bert,1,441,failure_reasons,failure_reasons,scalar_to_array,SUCCESS,True
quantum,spacex,json_manip,bert,1,441,payload_count,payload_count,scalar_to_array,SUCCESS,True
quantum,spacex,json_manip,bert,1,441,payload_ids,payload_ids,scalar_to_array,SUCCESS,True
quantum,spacex,json_manip,bert,1,441,payload_mass_kg,payload_mass_kg,scalar_to_array,SUCCESS,True
quantum,spacex,json_manip,bert,1,441,payload_type,payload_type,scalar_to_array,SUCCESS,True
quantum,spacex,json_manip,bert,1,441,crew_count,crew_count,scalar_to_array,SUCCESS,True
quantum,spacex,json_manip,bert,1,441,launch_site,launch_site,scalar_to_array,SUCCESS,True
quantum,spacex,json_manip,bert,1,441,auto_payload,auto_payload,scalar_to_array,SUCCESS,True
quantum,spacex,json_manip,bert,1,441,tbd,tbd,scalar_to_array,SUCCESS,True
quantum,spacex,json_manip,bert,1,441,gridfins,gridfins,scalar_to_array,SUCCESS,True
quantum,spacex,json_manip,bert,1,441,legs,legs,scalar_to_array,SUCCESS,True
quantum,spacex,json_manip,bert,1,441,reused,reused,scalar_to_array,SUCCESS,True
quantum,spacex,json_manip,bert,1,441,fairings_reused,fairings_reused,scalar_to_array,SUCCESS,True
quantum,spacex,json_manip,bert,1,441,fairings_recovery_attempt,fairings_recovery_attempt,scalar_to_array,SUCCESS,True
quantum,spacex,json_manip,bert,1,441,cores_reused,cores_reused,scalar_to_array,SUCCESS,True
quantum,spacex,json_manip,bert,1,441,ships,ships,scalar_to_array,SUCCESS,True
quantum,spacex,json_manip,bert,1,441,capsules,capsules,scalar_to_array,SUCCESS,True
quantum,spacex,json_manip,bert,1,441,flight_number,flight_number,scalar_to_array,SUCCESS,True
quantum,spacex,json_manip,levenshtein,1,443,window_end,window_end,null_injection,SUCCESS,True
quantum,spacex,json_manip,levenshtein,1,443,failure_count,failure_count,null_injection,SUCCESS,True
quantum,spacex,json_manip,levenshtein,1,443,launch_date_utc,launch_date_utc,null_injection,SUCCESS,True
quantum,spacex,json_manip,levenshtein,1,443,upcoming,upcoming,null_injection,SUCCESS,True
quantum,spacex,json_manip,levenshtein,1,443,auto_payload,auto_payload,null_injection,SUCCESS,True
quantum,spacex,json_manip,levenshtein,1,443,legs,legs,null_injection,SUCCESS,True
quantum,spacex,json_manip,levenshtein,1,443,rocket_id,rocket_id,null_injection,SUCCESS,True
quantum,spacex,json_manip,levenshtein,1,443,net_duration,net_duration,null_injection,SUCCESS,True
quantum,spacex,json_manip,levenshtein,1,443,payload_count,payload_count,null_injection,SUCCESS,True
quantum,spacex,json_manip,levenshtein,1,443,cores_reused,cores_reused,null_injection,SUCCESS,True
quantum,spacex,json_manip,levenshtein,1,443,launch_site,launch_site,null_injection,SUCCESS,True
quantum,spacex,json_manip,levenshtein,1,443,payload_mass_kg,payload_mass_kg,null_injection,SUCCESS,True
quantum,spacex,json_manip,levenshtein,1,443,gridfins,gridfins,null_injection,SUCCESS,True
quantum,spacex,json_manip,levenshtein,1,443,launch_success,launch_success,null_injection,SUCCESS,True
quantum,spacex,json_manip,levenshtein,1,443,crew_count,crew_count,null_injection,SUCCESS,True
quantum,spacex,json_manip,levenshtein,1,443,failure_reasons,failure_reasons,null_injection,SUCCESS,True
quantum,spacex,json_manip,levenshtein,1,443,capsules,capsules,null_injection,SUCCESS,True
quantum,spacex,json_manip,levenshtein,1,443,tbd,tbd,null_injection,SUCCESS,True
quantum,spacex,json_manip,levenshtein,1,443,static_fire_date_utc,static_fire_date_utc,null_injection,SUCCESS,True
quantum,spacex,json_manip,levenshtein,1,443,window_start,window_start,null_injection,SUCCESS,True
quantum,spacex,json_manip,levenshtein,1,443,fairings_recovery_attempt,fairings_recovery_attempt,null_injection,SUCCESS,True
quantum,spacex,json_manip,levenshtein,1,443,flight_number,flight_number,null_injection,SUCCESS,True
quantum,spacex,json_manip,levenshtein,1,443,reused,reused,null_injection,SUCCESS,True
quantum,spacex,json_manip,levenshtein,1,443,ships,ships,null_injection,SUCCESS,True
quantum,spacex,json_manip,levenshtein,1,443,payload_type,payload_type,null_injection,SUCCESS,True
quantum,spacex,json_manip,levenshtein,1,443,fairings_reused,fairings_reused,null_injection,SUCCESS,True
quantum,spacex,json_manip,levenshtein,1,443,mission_name,mission_name,null_injection,SUCCESS,True
quantum,spacex,json_manip,levenshtein,1,443,payload_ids,payload_ids,null_injection,SUCCESS,True
quantum,openweather,json_manip,bert,1,17,city,city,null_injection,SUCCESS,True
quantum,openweather,json_manip,bert,1,17,lat,lat,null_injection,SUCCESS,True
quantum,openweather,json_manip,bert,1,17,lon,lon,null_injection,SUCCESS,True
quantum,openweather,json_manip,bert,1,17,temperature_c,temperature_c,null_injection,SUCCESS,True
quantum,openweather,json_manip,bert,1,17,feels_like_c,feels_like_c,null_injection,SUCCESS,True
quantum,openweather,json_manip,bert,1,17,humidity_percent,humidity_percent,null_injection,SUCCESS,True
quantum,openweather,json_manip,bert,1,17,pressure_hpa,pressure_hpa,null_injection,SUCCESS,True
quantum,openweather,json_manip,bert,1,17,wind_speed_ms,wind_speed_ms,null_injection,SUCCESS,True
quantum,openweather,json_manip,bert,1,17,wind_degrees,wind_degrees,null_injection,SUCCESS,True
quantum,openweather,json_manip,bert,1,17,wind_gust_ms,wind_gust_ms,null_injection,SUCCESS,True
quantum,openweather,json_manip,bert,1,17,cloud_percent,cloud_percent,null_injection,SUCCESS,True
quantum,openweather,json_manip,bert,1,17,weather_main,weather_main,null_injection,SUCCESS,True
quantum,openweather,json_manip,bert,1,17,weather_description,weather_description,null_injection,SUCCESS,True
quantum,openweather,json_manip,bert,1,17,weather_icon,weather_icon,null_injection,SUCCESS,True
quantum,openweather,json_manip,bert,1,17,visibility_m,visibility_m,null_injection,SUCCESS,True
quantum,openweather,json_manip,bert,1,17,rain_1h_mm,rain_1h_mm,null_injection,SUCCESS,True
quantum,openweather,json_manip,bert,1,17,snow_1h_mm,snow_1h_mm,null_injection,SUCCESS,True
quantum,openweather,json_manip,bert,1,17,sunrise_ts,sunrise_ts,null_injection,SUCCESS,True
quantum,openweather,json_manip,bert,1,17,sunset_ts,sunset_ts,null_injection,SUCCESS,True
quantum,openweather,json_manip,bert,1,17,timezone,timezone,null_injection,SUCCESS,True
quantum,openweather,json_manip,bert,1,17,clouds_percent,clouds_percent,null_injection,SUCCESS,True
quantum,openweather,json_manip,bert,1,17,wind_chill_c,wind_chill_c,null_injection,SUCCESS,True
quantum,openweather,json_manip,bert,1,17,heat_index_c,heat_index_c,null_injection,SUCCESS,True
quantum,openweather,json_manip,bert,1,17,dew_point_c,dew_point_c,null_injection,SUCCESS,True
quantum,openweather,json_manip,bert,1,71,city,city,variable_drop,FALSE_POSITIVE,True
quantum,openweather,json_manip,bert,1,71,lat,lat,variable_drop,FALSE_POSITIVE,True
quantum,openweather,json_manip,bert,1,71,lon,lon,variable_drop,FALSE_POSITIVE,True
quantum,openweather,json_manip,bert,1,71,temperature_c,temperature_c,variable_drop,FALSE_POSITIVE,True
quantum,openweather,json_manip,bert,1,71,feels_like_c,feels_like_c,variable_drop,FALSE_POSITIVE,True
quantum,openweather,json_manip,bert,1,71,humidity_percent,humidity_percent,variable_drop,FALSE_POSITIVE,True
quantum,openweather,json_manip,bert,1,71,pressure_hpa,pressure_hpa,variable_drop,FALSE_POSITIVE,True
quantum,openweather,json_manip,bert,1,71,wind_speed_ms,wind_speed_ms,variable_drop,FALSE_POSITIVE,True
quantum,openweather,json_manip,bert,1,71,wind_degrees,wind_degrees,variable_drop,FALSE_POSITIVE,True
quantum,openweather,json_manip,bert,1,71,wind_gust_ms,wind_gust_ms,variable_drop,FALSE_POSITIVE,True
quantum,openweather,json_manip,bert,1,71,cloud_percent,cloud_percent,variable_drop,FALSE_POSITIVE,True
quantum,openweather,json_manip,bert,1,71,weather_main,weather_main,variable_drop,FALSE_POSITIVE,True
quantum,openweather,json_manip,bert,1,71,weather_description,weather_description,variable_drop,FALSE_POSITIVE,True
quantum,openweather,json_manip,bert,1,71,weather_icon,weather_icon,variable_drop,FALSE_POSITIVE,True
quantum,openweather,json_manip,bert,1,71,rain_1h_mm,rain_1h_mm,variable_drop,FALSE_POSITIVE,True
quantum,openweather,json_manip,bert,1,71,snow_1h_mm,snow_1h_mm,variable_drop,FALSE_POSITIVE,True
quantum,openweather,json_manip,bert,1,71,sunrise_ts,sunrise_ts,variable_drop,FALSE_POSITIVE,True
quantum,openweather,json_manip,bert,1,71,sunset_ts,sunset_ts,variable_drop,FALSE_POSITIVE,True
quantum,openweather,json_manip,bert,1,71,timezone,timezone,variable_drop,FALSE_POSITIVE,True
quantum,openweather,json_manip,bert,1,71,clouds_percent,clouds_percent,variable_drop,FALSE_POSITIVE,True
quantum,openweather,json_manip,bert,1,71,wind_chill_c,wind_chill_c,variable_drop,FALSE_POSITIVE,True
quantum,openweather,json_manip,bert,1,71,heat_index_c,heat_index_c,variable_drop,FALSE_POSITIVE,True
quantum,openweather,json_manip,bert,1,71,dew_point_c,dew_point_c,variable_drop,FALSE_POSITIVE,True
quantum,openweather,json_manip,bert,1,71,visibility_m,,variable_drop,FAILURE,True
quantum,openweather,json_manip,bert,1,99,city,city,field_join,FALSE_POSITIVE,True
quantum,openweather,json_manip,bert,1,99,lat,lat,field_join,FALSE_POSITIVE,True
quantum,openweather,json_manip,bert,1,99,temperature_c,temperature_c,field_join,FALSE_POSITIVE,True
quantum,openweather,json_manip,bert,1,99,feels_like_c,feels_like_c,field_join,FALSE_POSITIVE,True
quantum,openweather,json_manip,bert,1,99,humidity_percent,humidity_percent,field_join,FALSE_POSITIVE,True
quantum,openweather,json_manip,bert,1,99,pressure_hpa,pressure_hpa,field_join,FALSE_POSITIVE,True
quantum,openweather,json_manip,bert,1,99,wind_speed_ms,wind_speed_ms,field_join,FALSE_POSITIVE,True
quantum,openweather,json_manip,bert,1,99,wind_degrees,wind_degrees,field_join,FALSE_POSITIVE,True
quantum,openweather,json_manip,bert,1,99,wind_gust_ms,wind_speed_ms,field_join,SUCCESS,True
quantum,openweather,json_manip,bert,1,99,cloud_percent,cloud_percent,field_join,FALSE_POSITIVE,True
quantum,openweather,json_manip,bert,1,99,weather_main,weather_main,field_join,FALSE_POSITIVE,True
quantum,openweather,json_manip,bert,1,99,weather_description,weather_description,field_join,FALSE_POSITIVE,True
quantum,openweather,json_manip,bert,1,99,weather_icon,weather_icon,field_join,FALSE_POSITIVE,True
quantum,openweather,json_manip,bert,1,99,visibility_m,visibility_m,field_join,FALSE_POSITIVE,True
quantum,openweather,json_manip,bert,1,99,rain_1h_mm,rain_1h_mm,field_join,FALSE_POSITIVE,True
quantum,openweather,json_manip,bert,1,99,snow_1h_mm,snow_1h_mm,field_join,FALSE_POSITIVE,True
quantum,openweather,json_manip,bert,1,99,sunrise_ts,sunrise_ts,field_join,FALSE_POSITIVE,True
quantum,openweather,json_manip,bert,1,99,sunset_ts,sunset_ts,field_join,FALSE_POSITIVE,True
quantum,openweather,json_manip,bert,1,99,timezone,timezone,field_join,FALSE_POSITIVE,True
quantum,openweather,json_manip,bert,1,99,clouds_percent,clouds_percent,field_join,FALSE_POSITIVE,True
quantum,openweather,json_manip,bert,1,99,wind_chill_c,wind_chill_c,field_join,FALSE_POSITIVE,True
quantum,openweather,json_manip,bert,1,99,heat_index_c,heat_index_c,field_join,FALSE_POSITIVE,True
quantum,openweather,json_manip,bert,1,99,dew_point_c,dew_point_c,field_join,FALSE_POSITIVE,True
quantum,openweather,json_manip,bert,1,99,lon,,field_join,FAILURE,True
quantum,openweather,json_manip,bert,1,129,city,city,duplicate_field_inject,FALSE_POSITIVE,True
quantum,openweather,json_manip,bert,1,129,lat,lat,duplicate_field_inject,FALSE_POSITIVE,True
quantum,openweather,json_manip,bert,1,129,lon,lon,duplicate_field_inject,FALSE_POSITIVE,True
quantum,openweather,json_manip,bert,1,129,temperature_c,temperature_c,duplicate_field_inject,FALSE_POSITIVE,True
quantum,openweather,json_manip,bert,1,129,feels_like_c,feels_like_c,duplicate_field_inject,FALSE_POSITIVE,True
quantum,openweather,json_manip,bert,1,129,humidity_percent,humidity_percent,duplicate_field_inject,FALSE_POSITIVE,True
quantum,openweather,json_manip,bert,1,129,pressure_hpa,pressure_hpa,duplicate_field_inject,FALSE_POSITIVE,True
quantum,openweather,json_manip,bert,1,129,wind_speed_ms,wind_speed_ms,duplicate_field_inject,FALSE_POSITIVE,True
quantum,openweather,json_manip,bert,1,129,wind_degrees,wind_degrees,duplicate_field_inject,FALSE_POSITIVE,True
quantum,openweather,json_manip,bert,1,129,wind_gust_ms,wind_gust_ms,duplicate_field_inject,FALSE_POSITIVE,True
quantum,openweather,json_manip,bert,1,129,cloud_percent,cloud_percent,duplicate_field_inject,FALSE_POSITIVE,True
quantum,openweather,json_manip,bert,1,129,weather_main,weather_main,duplicate_field_inject,FALSE_POSITIVE,True
quantum,openweather,json_manip,bert,1,129,weather_description,weather_description,duplicate_field_inject,FALSE_POSITIVE,True
quantum,openweather,json_manip,bert,1,129,weather_icon,weather_icon,duplicate_field_inject,FALSE_POSITIVE,True
quantum,openweather,json_manip,bert,1,129,visibility_m,visibility_m,duplicate_field_inject,FALSE_POSITIVE,True
quantum,openweather,json_manip,bert,1,129,rain_1h_mm,rain_1h_mm,duplicate_field_inject,FALSE_POSITIVE,True
quantum,openweather,json_manip,bert,1,129,snow_1h_mm,snow_1h_mm,duplicate_field_inject,FALSE_POSITIVE,True
quantum,openweather,json_manip,bert,1,129,sunrise_ts,sunrise_ts,duplicate_field_inject,FALSE_POSITIVE,True
quantum,openweather,json_manip,bert,1,129,sunset_ts,sunset_ts,duplicate_field_inject,FALSE_POSITIVE,True
quantum,openweather,json_manip,bert,1,129,timezone,timezone,duplicate_field_inject,FALSE_POSITIVE,True
quantum,openweather,json_manip,bert,1,129,clouds_percent,clouds_percent,duplicate_field_inject,FALSE_POSITIVE,True
quantum,openweather,json_manip,bert,1,129,wind_chill_c,wind_chill_c,duplicate_field_inject,FALSE_POSITIVE,True
quantum,openweather,json_manip,bert,1,129,heat_index_c,heat_index_c,duplicate_field_inject,FALSE_POSITIVE,True
quantum,openweather,json_manip,bert,1,129,dew_point_c,dew_point_c,duplicate_field_inject,FALSE_POSITIVE,True
quantum,openweather,json_manip,bert,1,137,city,city,null_injection,SUCCESS,True
quantum,openweather,json_manip,bert,1,137,lat,lat,null_injection,SUCCESS,True
quantum,openweather,json_manip,bert,1,137,lon,lon,null_injection,SUCCESS,True
quantum,openweather,json_manip,bert,1,137,temperature_c,temperature_c,null_injection,SUCCESS,True
quantum,openweather,json_manip,bert,1,137,feels_like_c,feels_like_c,null_injection,SUCCESS,True
quantum,openweather,json_manip,bert,1,137,humidity_percent,humidity_percent,null_injection,SUCCESS,True
quantum,openweather,json_manip,bert,1,137,pressure_hpa,pressure_hpa,null_injection,SUCCESS,True
quantum,openweather,json_manip,bert,1,137,wind_speed_ms,wind_speed_ms,null_injection,SUCCESS,True
quantum,openweather,json_manip,bert,1,137,wind_degrees,wind_degrees,null_injection,SUCCESS,True
quantum,openweather,json_manip,bert,1,137,wind_gust_ms,wind_gust_ms,null_injection,SUCCESS,True
quantum,openweather,json_manip,bert,1,137,cloud_percent,cloud_percent,null_injection,SUCCESS,True
quantum,openweather,json_manip,bert,1,137,weather_main,weather_main,null_injection,SUCCESS,True
quantum,openweather,json_manip,bert,1,137,weather_description,weather_description,null_injection,SUCCESS,True
quantum,openweather,json_manip,bert,1,137,weather_icon,weather_icon,null_injection,SUCCESS,True
quantum,openweather,json_manip,bert,1,137,visibility_m,visibility_m,null_injection,SUCCESS,True
quantum,openweather,json_manip,bert,1,137,rain_1h_mm,rain_1h_mm,null_injection,SUCCESS,True
quantum,openweather,json_manip,bert,1,137,snow_1h_mm,snow_1h_mm,null_injection,SUCCESS,True
quantum,openweather,json_manip,bert,1,137,sunrise_ts,sunrise_ts,null_injection,SUCCESS,True
quantum,openweather,json_manip,bert,1,137,sunset_ts,sunset_ts,null_injection,SUCCESS,True
quantum,openweather,json_manip,bert,1,137,timezone,timezone,null_injection,SUCCESS,True
quantum,openweather,json_manip,bert,1,137,clouds_percent,clouds_percent,null_injection,SUCCESS,True
quantum,openweather,json_manip,bert,1,137,wind_chill_c,wind_chill_c,null_injection,SUCCESS,True
quantum,openweather,json_manip,bert,1,137,heat_index_c,heat_index_c,null_injection,SUCCESS,True
quantum,openweather,json_manip,bert,1,137,dew_point_c,dew_point_c,null_injection,SUCCESS,True
quantum,openweather,json_manip,bert,1,145,city,city,outlier_injection,SUCCESS,True
quantum,openweather,json_manip,bert,1,145,lat,lat,outlier_injection,SUCCESS,True
quantum,openweather,json_manip,bert,1,145,lon,lon,outlier_injection,SUCCESS,True
quantum,openweather,json_manip,bert,1,145,temperature_c,temperature_c,outlier_injection,SUCCESS,True
quantum,openweather,json_manip,bert,1,145,feels_like_c,feels_like_c,outlier_injection,SUCCESS,True
quantum,openweather,json_manip,bert,1,145,humidity_percent,humidity_percent,outlier_injection,SUCCESS,True
quantum,openweather,json_manip,bert,1,145,pressure_hpa,pressure_hpa,outlier_injection,SUCCESS,True
quantum,openweather,json_manip,bert,1,145,wind_speed_ms,wind_speed_ms,outlier_injection,SUCCESS,True
quantum,openweather,json_manip,bert,1,145,wind_degrees,wind_degrees,outlier_injection,SUCCESS,True
quantum,openweather,json_manip,bert,1,145,wind_gust_ms,wind_gust_ms,outlier_injection,SUCCESS,True
quantum,openweather,json_manip,bert,1,145,cloud_percent,cloud_percent,outlier_injection,SUCCESS,True
quantum,openweather,json_manip,bert,1,145,weather_main,weather_main,outlier_injection,SUCCESS,True
quantum,openweather,json_manip,bert,1,145,weather_description,weather_description,outlier_injection,SUCCESS,True
quantum,openweather,json_manip,bert,1,145,weather_icon,weather_icon,outlier_injection,SUCCESS,True
quantum,openweather,json_manip,bert,1,145,visibility_m,visibility_m,outlier_injection,SUCCESS,True
quantum,openweather,json_manip,bert,1,145,rain_1h_mm,rain_1h_mm,outlier_injection,SUCCESS,True
quantum,openweather,json_manip,bert,1,145,snow_1h_mm,snow_1h_mm,outlier_injection,SUCCESS,True
quantum,openweather,json_manip,bert,1,145,sunrise_ts,sunrise_ts,outlier_injection,SUCCESS,True
quantum,openweather,json_manip,bert,1,145,sunset_ts,sunset_ts,outlier_injection,SUCCESS,True
quantum,openweather,json_manip,bert,1,145,timezone,timezone,outlier_injection,SUCCESS,True
quantum,openweather,json_manip,bert,1,145,clouds_percent,clouds_percent,outlier_injection,SUCCESS,True
quantum,openweather,json_manip,bert,1,145,wind_chill_c,wind_chill_c,outlier_injection,SUCCESS,True
quantum,openweather,json_manip,bert,1,145,heat_index_c,heat_index_c,outlier_injection,SUCCESS,True
quantum,openweather,json_manip,bert,1,145,dew_point_c,dew_point_c,outlier_injection,SUCCESS,True
quantum,openweather,json_manip,bert,1,166,city,city,field_merge_value,FALSE_POSITIVE,True
quantum,openweather,json_manip,bert,1,166,lat,lat,field_merge_value,FALSE_POSITIVE,True
quantum,openweather,json_manip,bert,1,166,lon,lon,field_merge_value,FALSE_POSITIVE,True
quantum,openweather,json_manip,bert,1,166,temperature_c,heat_index_c,field_merge_value,SUCCESS,True
quantum,openweather,json_manip,bert,1,166,feels_like_c,feels_like_c,field_merge_value,FALSE_POSITIVE,True
quantum,openweather,json_manip,bert,1,166,humidity_percent,humidity_percent,field_merge_value,FALSE_POSITIVE,True
quantum,openweather,json_manip,bert,1,166,pressure_hpa,pressure_hpa,field_merge_value,FALSE_POSITIVE,True
quantum,openweather,json_manip,bert,1,166,wind_speed_ms,wind_speed_ms,field_merge_value,FALSE_POSITIVE,True
quantum,openweather,json_manip,bert,1,166,wind_degrees,wind_degrees,field_merge_value,FALSE_POSITIVE,True
quantum,openweather,json_manip,bert,1,166,wind_gust_ms,wind_gust_ms,field_merge_value,FALSE_POSITIVE,True
quantum,openweather,json_manip,bert,1,166,cloud_percent,cloud_percent,field_merge_value,FALSE_POSITIVE,True
quantum,openweather,json_manip,bert,1,166,weather_main,weather_main,field_merge_value,FALSE_POSITIVE,True
quantum,openweather,json_manip,bert,1,166,weather_description,weather_description,field_merge_value,FALSE_POSITIVE,True
quantum,openweather,json_manip,bert,1,166,weather_icon,weather_icon,field_merge_value,FALSE_POSITIVE,True
quantum,openweather,json_manip,bert,1,166,visibility_m,visibility_m,field_merge_value,FALSE_POSITIVE,True
quantum,openweather,json_manip,bert,1,166,rain_1h_mm,rain_1h_mm_temperature_c,field_merge_value,SUCCESS,True
quantum,openweather,json_manip,bert,1,166,snow_1h_mm,snow_1h_mm,field_merge_value,FALSE_POSITIVE,True
quantum,openweather,json_manip,bert,1,166,sunrise_ts,sunrise_ts,field_merge_value,FALSE_POSITIVE,True
quantum,openweather,json_manip,bert,1,166,sunset_ts,sunset_ts,field_merge_value,FALSE_POSITIVE,True
quantum,openweather,json_manip,bert,1,166,timezone,timezone,field_merge_value,FALSE_POSITIVE,True
quantum,openweather,json_manip,bert,1,166,clouds_percent,clouds_percent,field_merge_value,FALSE_POSITIVE,True
quantum,openweather,json_manip,bert,1,166,wind_chill_c,wind_chill_c,field_merge_value,FALSE_POSITIVE,True
quantum,openweather,json_manip,bert,1,166,heat_index_c,heat_index_c,field_merge_value,FALSE_POSITIVE,True
quantum,openweather,json_manip,bert,1,166,dew_point_c,dew_point_c,field_merge_value,FALSE_POSITIVE,True
quantum,openweather,json_manip,bert,1,194,city,city,variable_drop,FALSE_POSITIVE,True
quantum,openweather,json_manip,bert,1,194,lat,lat,variable_drop,FALSE_POSITIVE,True
quantum,openweather,json_manip,bert,1,194,lon,lon,variable_drop,FALSE_POSITIVE,True
quantum,openweather,json_manip,bert,1,194,temperature_c,temperature_c,variable_drop,FALSE_POSITIVE,True
quantum,openweather,json_manip,bert,1,194,humidity_percent,humidity_percent,variable_drop,FALSE_POSITIVE,True
quantum,openweather,json_manip,bert,1,194,pressure_hpa,pressure_hpa,variable_drop,FALSE_POSITIVE,True
quantum,openweather,json_manip,bert,1,194,wind_speed_ms,wind_speed_ms,variable_drop,FALSE_POSITIVE,True
quantum,openweather,json_manip,bert,1,194,wind_degrees,wind_degrees,variable_drop,FALSE_POSITIVE,True
quantum,openweather,json_manip,bert,1,194,wind_gust_ms,wind_gust_ms,variable_drop,FALSE_POSITIVE,True
quantum,openweather,json_manip,bert,1,194,cloud_percent,cloud_percent,variable_drop,FALSE_POSITIVE,True
quantum,openweather,json_manip,bert,1,194,weather_main,weather_main,variable_drop,FALSE_POSITIVE,True
quantum,openweather,json_manip,bert,1,194,weather_description,weather_description,variable_drop,FALSE_POSITIVE,True
quantum,openweather,json_manip,bert,1,194,weather_icon,weather_icon,variable_drop,FALSE_POSITIVE,True
quantum,openweather,json_manip,bert,1,194,visibility_m,visibility_m,variable_drop,FALSE_POSITIVE,True
quantum,openweather,json_manip,bert,1,194,rain_1h_mm,rain_1h_mm,variable_drop,FALSE_POSITIVE,True
quantum,openweather,json_manip,bert,1,194,snow_1h_mm,snow_1h_mm,variable_drop,FALSE_POSITIVE,True
quantum,openweather,json_manip,bert,1,194,sunrise_ts,sunrise_ts,variable_drop,FALSE_POSITIVE,True
quantum,openweather,json_manip,bert,1,194,sunset_ts,sunset_ts,variable_drop,FALSE_POSITIVE,True
quantum,openweather,json_manip,bert,1,194,timezone,timezone,variable_drop,FALSE_POSITIVE,True
quantum,openweather,json_manip,bert,1,194,clouds_percent,clouds_percent,variable_drop,FALSE_POSITIVE,True
quantum,openweather,json_manip,bert,1,194,wind_chill_c,wind_chill_c,variable_drop,FALSE_POSITIVE,True
quantum,openweather,json_manip,bert,1,194,heat_index_c,heat_index_c,variable_drop,FALSE_POSITIVE,True
quantum,openweather,json_manip,bert,1,194,dew_point_c,dew_point_c,variable_drop,FALSE_POSITIVE,True
quantum,openweather,json_manip,bert,1,194,feels_like_c,,variable_drop,FAILURE,True
quantum,openweather,json_manip,bert,1,256,city,city,field_join,FALSE_POSITIVE,True
quantum,openweather,json_manip,bert,1,256,lat,lat,field_join,FALSE_POSITIVE,True
quantum,openweather,json_manip,bert,1,256,lon,lon,field_join,FALSE_POSITIVE,True
quantum,openweather,json_manip,bert,1,256,temperature_c,temperature_c,field_join,FALSE_POSITIVE,True
quantum,openweather,json_manip,bert,1,256,feels_like_c,feels_like_c,field_join,FALSE_POSITIVE,True
quantum,openweather,json_manip,bert,1,256,humidity_percent,visibility_m_humidity_percent,field_join,SUCCESS,True
quantum,openweather,json_manip,bert,1,256,pressure_hpa,pressure_hpa,field_join,FALSE_POSITIVE,True
quantum,openweather,json_manip,bert,1,256,wind_speed_ms,wind_speed_ms,field_join,FALSE_POSITIVE,True
quantum,openweather,json_manip,bert,1,256,wind_degrees,wind_degrees,field_join,FALSE_POSITIVE,True
quantum,openweather,json_manip,bert,1,256,wind_gust_ms,wind_gust_ms,field_join,FALSE_POSITIVE,True
quantum,openweather,json_manip,bert,1,256,cloud_percent,cloud_percent,field_join,FALSE_POSITIVE,True
quantum,openweather,json_manip,bert,1,256,weather_main,weather_main,field_join,FALSE_POSITIVE,True
quantum,openweather,json_manip,bert,1,256,weather_description,weather_description,field_join,FALSE_POSITIVE,True
quantum,openweather,json_manip,bert,1,256,weather_icon,weather_icon,field_join,FALSE_POSITIVE,True
quantum,openweather,json_manip,bert,1,256,rain_1h_mm,rain_1h_mm,field_join,FALSE_POSITIVE,True
quantum,openweather,json_manip,bert,1,256,snow_1h_mm,snow_1h_mm,field_join,FALSE_POSITIVE,True
quantum,openweather,json_manip,bert,1,256,sunrise_ts,sunrise_ts,field_join,FALSE_POSITIVE,True
quantum,openweather,json_manip,bert,1,256,sunset_ts,sunset_ts,field_join,FALSE_POSITIVE,True
quantum,openweather,json_manip,bert,1,256,timezone,timezone,field_join,FALSE_POSITIVE,True
quantum,openweather,json_manip,bert,1,256,clouds_percent,clouds_percent,field_join,FALSE_POSITIVE,True
quantum,openweather,json_manip,bert,1,256,wind_chill_c,wind_chill_c,field_join,FALSE_POSITIVE,True
quantum,openweather,json_manip,bert,1,256,heat_index_c,heat_index_c,field_join,FALSE_POSITIVE,True
quantum,openweather,json_manip,bert,1,256,dew_point_c,dew_point_c,field_join,FALSE_POSITIVE,True
quantum,openweather,json_manip,bert,1,256,visibility_m,,field_join,FAILURE,True
quantum,openweather,json_manip,bert,1,278,city,city,duplicate_field_inject,FALSE_POSITIVE,True
quantum,openweather,json_manip,bert,1,278,lat,lat,duplicate_field_inject,FALSE_POSITIVE,True
quantum,openweather,json_manip,bert,1,278,lon,lon,duplicate_field_inject,FALSE_POSITIVE,True
quantum,openweather,json_manip,bert,1,278,temperature_c,temperature_c,duplicate_field_inject,FALSE_POSITIVE,True
quantum,openweather,json_manip,bert,1,278,feels_like_c,feels_like_c,duplicate_field_inject,FALSE_POSITIVE,True
quantum,openweather,json_manip,bert,1,278,humidity_percent,humidity_percent,duplicate_field_inject,FALSE_POSITIVE,True
quantum,openweather,json_manip,bert,1,278,pressure_hpa,pressure_hpa,duplicate_field_inject,FALSE_POSITIVE,True
quantum,openweather,json_manip,bert,1,278,wind_speed_ms,wind_speed_ms,duplicate_field_inject,FALSE_POSITIVE,True
quantum,openweather,json_manip,bert,1,278,wind_degrees,wind_degrees,duplicate_field_inject,FALSE_POSITIVE,True
quantum,openweather,json_manip,bert,1,278,wind_gust_ms,wind_gust_ms,duplicate_field_inject,FALSE_POSITIVE,True
quantum,openweather,json_manip,bert,1,278,cloud_percent,cloud_percent,duplicate_field_inject,FALSE_POSITIVE,True
quantum,openweather,json_manip,bert,1,278,weather_main,weather_main,duplicate_field_inject,FALSE_POSITIVE,True
quantum,openweather,json_manip,bert,1,278,weather_description,weather_description,duplicate_field_inject,FALSE_POSITIVE,True
quantum,openweather,json_manip,bert,1,278,weather_icon,weather_icon,duplicate_field_inject,FALSE_POSITIVE,True
quantum,openweather,json_manip,bert,1,278,visibility_m,visibility_m,duplicate_field_inject,FALSE_POSITIVE,True
quantum,openweather,json_manip,bert,1,278,rain_1h_mm,rain_1h_mm,duplicate_field_inject,FALSE_POSITIVE,True
quantum,openweather,json_manip,bert,1,278,snow_1h_mm,snow_1h_mm,duplicate_field_inject,FALSE_POSITIVE,True
quantum,openweather,json_manip,bert,1,278,sunrise_ts,sunrise_ts,duplicate_field_inject,FALSE_POSITIVE,True
quantum,openweather,json_manip,bert,1,278,sunset_ts,sunset_ts,duplicate_field_inject,FALSE_POSITIVE,True
quantum,openweather,json_manip,bert,1,278,timezone,timezone,duplicate_field_inject,FALSE_POSITIVE,True
quantum,openweather,json_manip,bert,1,278,clouds_percent,clouds_percent,duplicate_field_inject,FALSE_POSITIVE,True
quantum,openweather,json_manip,bert,1,278,wind_chill_c,wind_chill_c,duplicate_field_inject,FALSE_POSITIVE,True
quantum,openweather,json_manip,bert,1,278,heat_index_c,heat_index_c,duplicate_field_inject,FALSE_POSITIVE,True
quantum,openweather,json_manip,bert,1,278,dew_point_c,dew_point_c,duplicate_field_inject,FALSE_POSITIVE,True
quantum,openweather,json_manip,bert,1,286,city,city,variable_drop,FALSE_POSITIVE,True
quantum,openweather,json_manip,bert,1,286,lat,lat,variable_drop,FALSE_POSITIVE,True
quantum,openweather,json_manip,bert,1,286,lon,lon,variable_drop,FALSE_POSITIVE,True
quantum,openweather,json_manip,bert,1,286,temperature_c,temperature_c,variable_drop,FALSE_POSITIVE,True
quantum,openweather,json_manip,bert,1,286,feels_like_c,feels_like_c,variable_drop,FALSE_POSITIVE,True
quantum,openweather,json_manip,bert,1,286,humidity_percent,humidity_percent,variable_drop,FALSE_POSITIVE,True
quantum,openweather,json_manip,bert,1,286,pressure_hpa,pressure_hpa,variable_drop,FALSE_POSITIVE,True
quantum,openweather,json_manip,bert,1,286,wind_speed_ms,wind_speed_ms,variable_drop,FALSE_POSITIVE,True
quantum,openweather,json_manip,bert,1,286,wind_degrees,wind_degrees,variable_drop,FALSE_POSITIVE,True
quantum,openweather,json_manip,bert,1,286,wind_gust_ms,wind_gust_ms,variable_drop,FALSE_POSITIVE,True
quantum,openweather,json_manip,bert,1,286,cloud_percent,cloud_percent,variable_drop,FALSE_POSITIVE,True
quantum,openweather,json_manip,bert,1,286,weather_main,weather_main,variable_drop,FALSE_POSITIVE,True
quantum,openweather,json_manip,bert,1,286,weather_description,weather_description,variable_drop,FALSE_POSITIVE,True
quantum,openweather,json_manip,bert,1,286,weather_icon,weather_icon,variable_drop,FALSE_POSITIVE,True
quantum,openweather,json_manip,bert,1,286,visibility_m,visibility_m,variable_drop,FALSE_POSITIVE,True
quantum,openweather,json_manip,bert,1,286,rain_1h_mm,rain_1h_mm,variable_drop,FALSE_POSITIVE,True
quantum,openweather,json_manip,bert,1,286,snow_1h_mm,snow_1h_mm,variable_drop,FALSE_POSITIVE,True
quantum,openweather,json_manip,bert,1,286,sunrise_ts,sunrise_ts,variable_drop,FALSE_POSITIVE,True
quantum,openweather,json_manip,bert,1,286,sunset_ts,sunset_ts,variable_drop,FALSE_POSITIVE,True
quantum,openweather,json_manip,bert,1,286,timezone,timezone,variable_drop,FALSE_POSITIVE,True
quantum,openweather,json_manip,bert,1,286,clouds_percent,clouds_percent,variable_drop,FALSE_POSITIVE,True
quantum,openweather,json_manip,bert,1,286,wind_chill_c,wind_chill_c,variable_drop,FALSE_POSITIVE,True
quantum,openweather,json_manip,bert,1,286,heat_index_c,heat_index_c,variable_drop,FALSE_POSITIVE,True
quantum,openweather,json_manip,bert,1,286,dew_point_c,,variable_drop,FAILURE,True
quantum,openweather,json_manip,bert,1,416,city,city,null_injection,SUCCESS,True
quantum,openweather,json_manip,bert,1,416,lat,lat,null_injection,SUCCESS,True
quantum,openweather,json_manip,bert,1,416,lon,lon,null_injection,SUCCESS,True
quantum,openweather,json_manip,bert,1,416,temperature_c,temperature_c,null_injection,SUCCESS,True
quantum,openweather,json_manip,bert,1,416,feels_like_c,feels_like_c,null_injection,SUCCESS,True
quantum,openweather,json_manip,bert,1,416,humidity_percent,humidity_percent,null_injection,SUCCESS,True
quantum,openweather,json_manip,bert,1,416,pressure_hpa,pressure_hpa,null_injection,SUCCESS,True
quantum,openweather,json_manip,bert,1,416,wind_speed_ms,wind_speed_ms,null_injection,SUCCESS,True
quantum,openweather,json_manip,bert,1,416,wind_degrees,wind_degrees,null_injection,SUCCESS,True
quantum,openweather,json_manip,bert,1,416,wind_gust_ms,wind_gust_ms,null_injection,SUCCESS,True
quantum,openweather,json_manip,bert,1,416,cloud_percent,cloud_percent,null_injection,SUCCESS,True
quantum,openweather,json_manip,bert,1,416,weather_main,weather_main,null_injection,SUCCESS,True
quantum,openweather,json_manip,bert,1,416,weather_description,weather_description,null_injection,SUCCESS,True
quantum,openweather,json_manip,bert,1,416,weather_icon,weather_icon,null_injection,SUCCESS,True
quantum,openweather,json_manip,bert,1,416,visibility_m,visibility_m,null_injection,SUCCESS,True
quantum,openweather,json_manip,bert,1,416,rain_1h_mm,rain_1h_mm,null_injection,SUCCESS,True
quantum,openweather,json_manip,bert,1,416,snow_1h_mm,snow_1h_mm,null_injection,SUCCESS,True
quantum,openweather,json_manip,bert,1,416,sunrise_ts,sunrise_ts,null_injection,SUCCESS,True
quantum,openweather,json_manip,bert,1,416,sunset_ts,sunset_ts,null_injection,SUCCESS,True
quantum,openweather,json_manip,bert,1,416,timezone,timezone,null_injection,SUCCESS,True
quantum,openweather,json_manip,bert,1,416,clouds_percent,clouds_percent,null_injection,SUCCESS,True
quantum,openweather,json_manip,bert,1,416,wind_chill_c,wind_chill_c,null_injection,SUCCESS,True
quantum,openweather,json_manip,bert,1,416,heat_index_c,heat_index_c,null_injection,SUCCESS,True
quantum,openweather,json_manip,bert,1,416,dew_point_c,dew_point_c,null_injection,SUCCESS,True
quantum,openweather,json_manip,bert,1,428,city,city,field_merge_value,FALSE_POSITIVE,True
quantum,openweather,json_manip,bert,1,428,lat,lat,field_merge_value,FALSE_POSITIVE,True
quantum,openweather,json_manip,bert,1,428,lon,lon,field_merge_value,FALSE_POSITIVE,True
quantum,openweather,json_manip,bert,1,428,temperature_c,temperature_c,field_merge_value,FALSE_POSITIVE,True
quantum,openweather,json_manip,bert,1,428,feels_like_c,feels_like_c,field_merge_value,FALSE_POSITIVE,True
quantum,openweather,json_manip,bert,1,428,humidity_percent,humidity_percent,field_merge_value,FALSE_POSITIVE,True
quantum,openweather,json_manip,bert,1,428,pressure_hpa,pressure_hpa,field_merge_value,FALSE_POSITIVE,True
quantum,openweather,json_manip,bert,1,428,wind_speed_ms,wind_speed_ms,field_merge_value,FALSE_POSITIVE,True
quantum,openweather,json_manip,bert,1,428,wind_degrees,wind_degrees,field_merge_value,FALSE_POSITIVE,True
quantum,openweather,json_manip,bert,1,428,wind_gust_ms,wind_gust_ms,field_merge_value,FALSE_POSITIVE,True
quantum,openweather,json_manip,bert,1,428,cloud_percent,cloud_percent,field_merge_value,FALSE_POSITIVE,True
quantum,openweather,json_manip,bert,1,428,weather_main,weather_description,field_merge_value,SUCCESS,True
quantum,openweather,json_manip,bert,1,428,weather_description,weather_description,field_merge_value,FALSE_POSITIVE,True
quantum,openweather,json_manip,bert,1,428,weather_icon,weather_icon,field_merge_value,FALSE_POSITIVE,True
quantum,openweather,json_manip,bert,1,428,visibility_m,visibility_m,field_merge_value,FALSE_POSITIVE,True
quantum,openweather,json_manip,bert,1,428,rain_1h_mm,rain_1h_mm,field_merge_value,FALSE_POSITIVE,True
quantum,openweather,json_manip,bert,1,428,snow_1h_mm,snow_1h_mm,field_merge_value,FALSE_POSITIVE,True
quantum,openweather,json_manip,bert,1,428,sunrise_ts,sunrise_ts,field_merge_value,FALSE_POSITIVE,True
quantum,openweather,json_manip,bert,1,428,sunset_ts,sunset_ts,field_merge_value,FALSE_POSITIVE,True
quantum,openweather,json_manip,bert,1,428,timezone,weather_main_timezone,field_merge_value,SUCCESS,True
quantum,openweather,json_manip,bert,1,428,clouds_percent,clouds_percent,field_merge_value,FALSE_POSITIVE,True
quantum,openweather,json_manip,bert,1,428,wind_chill_c,wind_chill_c,field_merge_value,FALSE_POSITIVE,True
quantum,openweather,json_manip,bert,1,428,heat_index_c,heat_index_c,field_merge_value,FALSE_POSITIVE,True
quantum,openweather,json_manip,bert,1,428,dew_point_c,dew_point_c,field_merge_value,FALSE_POSITIVE,True
quantum,openweather,json_manip,bert,1,447,city,city,scalar_to_array,SUCCESS,True
quantum,openweather,json_manip,bert,1,447,lat,lat,scalar_to_array,SUCCESS,True
quantum,openweather,json_manip,bert,1,447,lon,lon,scalar_to_array,SUCCESS,True
quantum,openweather,json_manip,bert,1,447,temperature_c,temperature_c,scalar_to_array,SUCCESS,True
quantum,openweather,json_manip,bert,1,447,feels_like_c,feels_like_c,scalar_to_array,SUCCESS,True
quantum,openweather,json_manip,bert,1,447,humidity_percent,humidity_percent,scalar_to_array,SUCCESS,True
quantum,openweather,json_manip,bert,1,447,pressure_hpa,pressure_hpa,scalar_to_array,SUCCESS,True
quantum,openweather,json_manip,bert,1,447,wind_speed_ms,wind_speed_ms,scalar_to_array,SUCCESS,True
quantum,openweather,json_manip,bert,1,447,wind_degrees,wind_degrees,scalar_to_array,SUCCESS,True
quantum,openweather,json_manip,bert,1,447,wind_gust_ms,wind_gust_ms,scalar_to_array,SUCCESS,True
quantum,openweather,json_manip,bert,1,447,cloud_percent,cloud_percent,scalar_to_array,SUCCESS,True
quantum,openweather,json_manip,bert,1,447,weather_main,weather_main,scalar_to_array,SUCCESS,True
quantum,openweather,json_manip,bert,1,447,weather_description,weather_description,scalar_to_array,SUCCESS,True
quantum,openweather,json_manip,bert,1,447,weather_icon,weather_icon,scalar_to_array,SUCCESS,True
quantum,openweather,json_manip,bert,1,447,visibility_m,visibility_m,scalar_to_array,SUCCESS,True
quantum,openweather,json_manip,bert,1,447,rain_1h_mm,rain_1h_mm,scalar_to_array,SUCCESS,True
quantum,openweather,json_manip,bert,1,447,snow_1h_mm,snow_1h_mm,scalar_to_array,SUCCESS,True
quantum,openweather,json_manip,bert,1,447,sunrise_ts,sunrise_ts,scalar_to_array,SUCCESS,True
quantum,openweather,json_manip,bert,1,447,sunset_ts,sunset_ts,scalar_to_array,SUCCESS,True
quantum,openweather,json_manip,bert,1,447,timezone,timezone,scalar_to_array,SUCCESS,True
quantum,openweather,json_manip,bert,1,447,clouds_percent,clouds_percent,scalar_to_array,SUCCESS,True
quantum,openweather,json_manip,bert,1,447,wind_chill_c,wind_chill_c,scalar_to_array,SUCCESS,True
quantum,openweather,json_manip,bert,1,447,heat_index_c,heat_index_c,scalar_to_array,SUCCESS,True
quantum,openweather,json_manip,bert,1,447,dew_point_c,dew_point_c,scalar_to_array,SUCCESS,True
quantum,openweather,json_manip,bert,1,464,city,city,variable_drop,FALSE_POSITIVE,True
quantum,openweather,json_manip,bert,1,464,lat,lat,variable_drop,FALSE_POSITIVE,True
quantum,openweather,json_manip,bert,1,464,lon,lon,variable_drop,FALSE_POSITIVE,True
quantum,openweather,json_manip,bert,1,464,temperature_c,temperature_c,variable_drop,FALSE_POSITIVE,True
quantum,openweather,json_manip,bert,1,464,feels_like_c,feels_like_c,variable_drop,FALSE_POSITIVE,True
quantum,openweather,json_manip,bert,1,464,humidity_percent,humidity_percent,variable_drop,FALSE_POSITIVE,True
quantum,openweather,json_manip,bert,1,464,pressure_hpa,pressure_hpa,variable_drop,FALSE_POSITIVE,True
quantum,openweather,json_manip,bert,1,464,wind_speed_ms,wind_speed_ms,variable_drop,FALSE_POSITIVE,True
quantum,openweather,json_manip,bert,1,464,wind_degrees,wind_degrees,variable_drop,FALSE_POSITIVE,True
quantum,openweather,json_manip,bert,1,464,wind_gust_ms,wind_gust_ms,variable_drop,FALSE_POSITIVE,True
quantum,openweather,json_manip,bert,1,464,cloud_percent,cloud_percent,variable_drop,FALSE_POSITIVE,True
quantum,openweather,json_manip,bert,1,464,weather_main,weather_main,variable_drop,FALSE_POSITIVE,True
quantum,openweather,json_manip,bert,1,464,weather_description,weather_description,variable_drop,FALSE_POSITIVE,True
quantum,openweather,json_manip,bert,1,464,weather_icon,weather_icon,variable_drop,FALSE_POSITIVE,True
quantum,openweather,json_manip,bert,1,464,rain_1h_mm,rain_1h_mm,variable_drop,FALSE_POSITIVE,True
quantum,openweather,json_manip,bert,1,464,snow_1h_mm,snow_1h_mm,variable_drop,FALSE_POSITIVE,True
quantum,openweather,json_manip,bert,1,464,sunrise_ts,sunrise_ts,variable_drop,FALSE_POSITIVE,True
quantum,openweather,json_manip,bert,1,464,sunset_ts,sunset_ts,variable_drop,FALSE_POSITIVE,True
quantum,openweather,json_manip,bert,1,464,timezone,timezone,variable_drop,FALSE_POSITIVE,True
quantum,openweather,json_manip,bert,1,464,clouds_percent,clouds_percent,variable_drop,FALSE_POSITIVE,True
quantum,openweather,json_manip,bert,1,464,wind_chill_c,wind_chill_c,variable_drop,FALSE_POSITIVE,True
quantum,openweather,json_manip,bert,1,464,heat_index_c,heat_index_c,variable_drop,FALSE_POSITIVE,True
quantum,openweather,json_manip,bert,1,464,dew_point_c,dew_point_c,variable_drop,FALSE_POSITIVE,True
quantum,openweather,json_manip,bert,1,464,visibility_m,,variable_drop,FAILURE,True
quantum,openweather,json_manip,bert,1,489,city,city,outlier_injection,SUCCESS,True
quantum,openweather,json_manip,bert,1,489,lat,lat,outlier_injection,SUCCESS,True
quantum,openweather,json_manip,bert,1,489,lon,lon,outlier_injection,SUCCESS,True
quantum,openweather,json_manip,bert,1,489,temperature_c,temperature_c,outlier_injection,SUCCESS,True
quantum,openweather,json_manip,bert,1,489,feels_like_c,feels_like_c,outlier_injection,SUCCESS,True
quantum,openweather,json_manip,bert,1,489,humidity_percent,humidity_percent,outlier_injection,SUCCESS,True
quantum,openweather,json_manip,bert,1,489,pressure_hpa,pressure_hpa,outlier_injection,SUCCESS,True
quantum,openweather,json_manip,bert,1,489,wind_speed_ms,wind_speed_ms,outlier_injection,SUCCESS,True
quantum,openweather,json_manip,bert,1,489,wind_degrees,wind_degrees,outlier_injection,SUCCESS,True
quantum,openweather,json_manip,bert,1,489,wind_gust_ms,wind_gust_ms,outlier_injection,SUCCESS,True
quantum,openweather,json_manip,bert,1,489,cloud_percent,cloud_percent,outlier_injection,SUCCESS,True
quantum,openweather,json_manip,bert,1,489,weather_main,weather_main,outlier_injection,SUCCESS,True
quantum,openweather,json_manip,bert,1,489,weather_description,weather_description,outlier_injection,SUCCESS,True
quantum,openweather,json_manip,bert,1,489,weather_icon,weather_icon,outlier_injection,SUCCESS,True
quantum,openweather,json_manip,bert,1,489,visibility_m,visibility_m,outlier_injection,SUCCESS,True
quantum,openweather,json_manip,bert,1,489,rain_1h_mm,rain_1h_mm,outlier_injection,SUCCESS,True
quantum,openweather,json_manip,bert,1,489,snow_1h_mm,snow_1h_mm,outlier_injection,SUCCESS,True
quantum,openweather,json_manip,bert,1,489,sunrise_ts,sunrise_ts,outlier_injection,SUCCESS,True
quantum,openweather,json_manip,bert,1,489,sunset_ts,sunset_ts,outlier_injection,SUCCESS,True
quantum,openweather,json_manip,bert,1,489,timezone,timezone,outlier_injection,SUCCESS,True
quantum,openweather,json_manip,bert,1,489,clouds_percent,clouds_percent,outlier_injection,SUCCESS,True
quantum,openweather,json_manip,bert,1,489,wind_chill_c,wind_chill_c,outlier_injection,SUCCESS,True
quantum,openweather,json_manip,bert,1,489,heat_index_c,heat_index_c,outlier_injection,SUCCESS,True
quantum,openweather,json_manip,bert,1,489,dew_point_c,dew_point_c,outlier_injection,SUCCESS,True
quantum,openweather,schema_alter,bert,1,9,lon,lon,nesting_deepen,FALSE_POSITIVE,True
quantum,openweather,schema_alter,bert,1,9,temperature_c,temperature_c,nesting_deepen,FALSE_POSITIVE,True
quantum,openweather,schema_alter,bert,1,9,feels_like_c,feels_like_c,nesting_deepen,FALSE_POSITIVE,True
quantum,openweather,schema_alter,bert,1,9,humidity_percent,humidity_percent,nesting_deepen,FALSE_POSITIVE,True
quantum,openweather,schema_alter,bert,1,9,pressure_hpa,pressure_hpa,nesting_deepen,FALSE_POSITIVE,True
quantum,openweather,schema_alter,bert,1,9,wind_speed_ms,wind_speed_ms,nesting_deepen,FALSE_POSITIVE,True
quantum,openweather,schema_alter,bert,1,9,wind_degrees,wind_degrees,nesting_deepen,FALSE_POSITIVE,True
quantum,openweather,schema_alter,bert,1,9,wind_gust_ms,wind_gust_ms,nesting_deepen,FALSE_POSITIVE,True
quantum,openweather,schema_alter,bert,1,9,cloud_percent,cloud_percent,nesting_deepen,FALSE_POSITIVE,True
quantum,openweather,schema_alter,bert,1,9,weather_main,weather_main,nesting_deepen,FALSE_POSITIVE,True
quantum,openweather,schema_alter,bert,1,9,weather_description,weather_description,nesting_deepen,FALSE_POSITIVE,True
quantum,openweather,schema_alter,bert,1,9,weather_icon,weather_icon,nesting_deepen,FALSE_POSITIVE,True
quantum,openweather,schema_alter,bert,1,9,visibility_m,visibility_m,nesting_deepen,FALSE_POSITIVE,True
quantum,openweather,schema_alter,bert,1,9,rain_1h_mm,rain_1h_mm,nesting_deepen,FALSE_POSITIVE,True
quantum,openweather,schema_alter,bert,1,9,snow_1h_mm,snow_1h_mm,nesting_deepen,FALSE_POSITIVE,True
quantum,openweather,schema_alter,bert,1,9,sunrise_ts,sunrise_ts,nesting_deepen,FALSE_POSITIVE,True
quantum,openweather,schema_alter,bert,1,9,sunset_ts,sunset_ts,nesting_deepen,FALSE_POSITIVE,True
quantum,openweather,schema_alter,bert,1,9,timezone,timezone,nesting_deepen,FALSE_POSITIVE,True
quantum,openweather,schema_alter,bert,1,9,clouds_percent,clouds_percent,nesting_deepen,FALSE_POSITIVE,True
quantum,openweather,schema_alter,bert,1,9,wind_chill_c,wind_chill_c,nesting_deepen,FALSE_POSITIVE,True
quantum,openweather,schema_alter,bert,1,9,heat_index_c,heat_index_c,nesting_deepen,FALSE_POSITIVE,True
quantum,openweather,schema_alter,bert,1,9,dew_point_c,dew_point_c,nesting_deepen,FALSE_POSITIVE,True
quantum,openweather,schema_alter,bert,1,9,city,,nesting_deepen,FAILURE,True
quantum,openweather,schema_alter,bert,1,9,lat,,nesting_deepen,FAILURE,True
quantum,openweather,schema_alter,bert,1,14,city,city,type_change,SUCCESS,True
quantum,openweather,schema_alter,bert,1,14,lat,lat,type_change,SUCCESS,True
quantum,openweather,schema_alter,bert,1,14,lon,lon,type_change,SUCCESS,True
quantum,openweather,schema_alter,bert,1,14,temperature_c,temperature_c,type_change,SUCCESS,True
quantum,openweather,schema_alter,bert,1,14,feels_like_c,feels_like_c,type_change,SUCCESS,True
quantum,openweather,schema_alter,bert,1,14,humidity_percent,humidity_percent,type_change,SUCCESS,True
quantum,openweather,schema_alter,bert,1,14,pressure_hpa,pressure_hpa,type_change,SUCCESS,True
quantum,openweather,schema_alter,bert,1,14,wind_speed_ms,wind_speed_ms,type_change,SUCCESS,True
quantum,openweather,schema_alter,bert,1,14,wind_degrees,wind_degrees,type_change,SUCCESS,True
quantum,openweather,schema_alter,bert,1,14,wind_gust_ms,wind_gust_ms,type_change,SUCCESS,True
quantum,openweather,schema_alter,bert,1,14,cloud_percent,cloud_percent,type_change,SUCCESS,True
quantum,openweather,schema_alter,bert,1,14,weather_main,weather_main,type_change,SUCCESS,True
quantum,openweather,schema_alter,bert,1,14,weather_description,weather_description,type_change,SUCCESS,True
quantum,openweather,schema_alter,bert,1,14,weather_icon,weather_icon,type_change,SUCCESS,True
quantum,openweather,schema_alter,bert,1,14,visibility_m,visibility_m,type_change,SUCCESS,True
quantum,openweather,schema_alter,bert,1,14,rain_1h_mm,rain_1h_mm,type_change,SUCCESS,True
quantum,openweather,schema_alter,bert,1,14,snow_1h_mm,snow_1h_mm,type_change,SUCCESS,True
quantum,openweather,schema_alter,bert,1,14,sunrise_ts,sunrise_ts,type_change,SUCCESS,True
quantum,openweather,schema_alter,bert,1,14,sunset_ts,sunset_ts,type_change,SUCCESS,True
quantum,openweather,schema_alter,bert,1,14,timezone,timezone,type_change,SUCCESS,True
quantum,openweather,schema_alter,bert,1,14,clouds_percent,clouds_percent,type_change,SUCCESS,True
quantum,openweather,schema_alter,bert,1,14,wind_chill_c,wind_chill_c,type_change,SUCCESS,True
quantum,openweather,schema_alter,bert,1,14,heat_index_c,heat_index_c,type_change,SUCCESS,True
quantum,openweather,schema_alter,bert,1,14,dew_point_c,dew_point_c,type_change,SUCCESS,True
quantum,openweather,schema_alter,bert,1,27,city,CITY,key_case_change,SUCCESS,True
quantum,openweather,schema_alter,bert,1,27,lat,LAT,key_case_change,SUCCESS,True
quantum,openweather,schema_alter,bert,1,27,lon,LON,key_case_change,SUCCESS,True
quantum,openweather,schema_alter,bert,1,27,temperature_c,TEMPERATURE_C,key_case_change,SUCCESS,True
quantum,openweather,schema_alter,bert,1,27,feels_like_c,FEELS_LIKE_C,key_case_change,SUCCESS,True
quantum,openweather,schema_alter,bert,1,27,humidity_percent,HUMIDITY_PERCENT,key_case_change,SUCCESS,True
quantum,openweather,schema_alter,bert,1,27,pressure_hpa,PRESSURE_HPA,key_case_change,SUCCESS,True
quantum,openweather,schema_alter,bert,1,27,wind_speed_ms,WIND_SPEED_MS,key_case_change,SUCCESS,True
quantum,openweather,schema_alter,bert,1,27,wind_degrees,WIND_DEGREES,key_case_change,SUCCESS,True
quantum,openweather,schema_alter,bert,1,27,wind_gust_ms,WIND_GUST_MS,key_case_change,SUCCESS,True
quantum,openweather,schema_alter,bert,1,27,cloud_percent,CLOUD_PERCENT,key_case_change,SUCCESS,True
quantum,openweather,schema_alter,bert,1,27,weather_main,WEATHER_MAIN,key_case_change,SUCCESS,True
quantum,openweather,schema_alter,bert,1,27,weather_description,WEATHER_DESCRIPTION,key_case_change,SUCCESS,True
quantum,openweather,schema_alter,bert,1,27,weather_icon,WEATHER_ICON,key_case_change,SUCCESS,True
quantum,openweather,schema_alter,bert,1,27,visibility_m,VISIBILITY_M,key_case_change,SUCCESS,True
quantum,openweather,schema_alter,bert,1,27,rain_1h_mm,RAIN_1H_MM,key_case_change,SUCCESS,True
quantum,openweather,schema_alter,bert,1,27,snow_1h_mm,SNOW_1H_MM,key_case_change,SUCCESS,True
quantum,openweather,schema_alter,bert,1,27,sunrise_ts,SUNRISE_TS,key_case_change,SUCCESS,True
quantum,openweather,schema_alter,bert,1,27,sunset_ts,SUNSET_TS,key_case_change,SUCCESS,True
quantum,openweather,schema_alter,bert,1,27,timezone,TIMEZONE,key_case_change,SUCCESS,True
quantum,openweather,schema_alter,bert,1,27,clouds_percent,CLOUDS_PERCENT,key_case_change,SUCCESS,True
quantum,openweather,schema_alter,bert,1,27,wind_chill_c,WIND_CHILL_C,key_case_change,SUCCESS,True
quantum,openweather,schema_alter,bert,1,27,heat_index_c,HEAT_INDEX_C,key_case_change,SUCCESS,True
quantum,openweather,schema_alter,bert,1,27,dew_point_c,DEW_POINT_C,key_case_change,SUCCESS,True
quantum,openweather,schema_alter,bert,1,49,city,CITY,key_case_change,SUCCESS,True
quantum,openweather,schema_alter,bert,1,49,lat,LAT,key_case_change,SUCCESS,True
quantum,openweather,schema_alter,bert,1,49,lon,LON,key_case_change,SUCCESS,True
quantum,openweather,schema_alter,bert,1,49,temperature_c,TEMPERATURE_C,key_case_change,SUCCESS,True
quantum,openweather,schema_alter,bert,1,49,feels_like_c,FEELS_LIKE_C,key_case_change,SUCCESS,True
quantum,openweather,schema_alter,bert,1,49,humidity_percent,HUMIDITY_PERCENT,key_case_change,SUCCESS,True
quantum,openweather,schema_alter,bert,1,49,pressure_hpa,PRESSURE_HPA,key_case_change,SUCCESS,True
quantum,openweather,schema_alter,bert,1,49,wind_speed_ms,WIND_SPEED_MS,key_case_change,SUCCESS,True
quantum,openweather,schema_alter,bert,1,49,wind_degrees,WIND_DEGREES,key_case_change,SUCCESS,True
quantum,openweather,schema_alter,bert,1,49,wind_gust_ms,WIND_GUST_MS,key_case_change,SUCCESS,True
quantum,openweather,schema_alter,bert,1,49,cloud_percent,CLOUD_PERCENT,key_case_change,SUCCESS,True
quantum,openweather,schema_alter,bert,1,49,weather_main,WEATHER_MAIN,key_case_change,SUCCESS,True
quantum,openweather,schema_alter,bert,1,49,weather_description,WEATHER_DESCRIPTION,key_case_change,SUCCESS,True
quantum,openweather,schema_alter,bert,1,49,weather_icon,WEATHER_ICON,key_case_change,SUCCESS,True
quantum,openweather,schema_alter,bert,1,49,visibility_m,VISIBILITY_M,key_case_change,SUCCESS,True
quantum,openweather,schema_alter,bert,1,49,rain_1h_mm,RAIN_1H_MM,key_case_change,SUCCESS,True
quantum,openweather,schema_alter,bert,1,49,snow_1h_mm,SNOW_1H_MM,key_case_change,SUCCESS,True
quantum,openweather,schema_alter,bert,1,49,sunrise_ts,SUNRISE_TS,key_case_change,SUCCESS,True
quantum,openweather,schema_alter,bert,1,49,sunset_ts,SUNSET_TS,key_case_change,SUCCESS,True
quantum,openweather,schema_alter,bert,1,49,timezone,TIMEZONE,key_case_change,SUCCESS,True
quantum,openweather,schema_alter,bert,1,49,clouds_percent,CLOUDS_PERCENT,key_case_change,SUCCESS,True
quantum,openweather,schema_alter,bert,1,49,wind_chill_c,WIND_CHILL_C,key_case_change,SUCCESS,True
quantum,openweather,schema_alter,bert,1,49,heat_index_c,HEAT_INDEX_C,key_case_change,SUCCESS,True
quantum,openweather,schema_alter,bert,1,49,dew_point_c,DEW_POINT_C,key_case_change,SUCCESS,True
quantum,openweather,schema_alter,bert,1,53,city,CITY,key_case_change,SUCCESS,True
quantum,openweather,schema_alter,bert,1,53,lat,LAT,key_case_change,SUCCESS,True
quantum,openweather,schema_alter,bert,1,53,lon,LON,key_case_change,SUCCESS,True
quantum,openweather,schema_alter,bert,1,53,temperature_c,TEMPERATURE_C,key_case_change,SUCCESS,True
quantum,openweather,schema_alter,bert,1,53,feels_like_c,FEELS_LIKE_C,key_case_change,SUCCESS,True
quantum,openweather,schema_alter,bert,1,53,humidity_percent,HUMIDITY_PERCENT,key_case_change,SUCCESS,True
quantum,openweather,schema_alter,bert,1,53,pressure_hpa,PRESSURE_HPA,key_case_change,SUCCESS,True
quantum,openweather,schema_alter,bert,1,53,wind_speed_ms,WIND_SPEED_MS,key_case_change,SUCCESS,True
quantum,openweather,schema_alter,bert,1,53,wind_degrees,WIND_DEGREES,key_case_change,SUCCESS,True
quantum,openweather,schema_alter,bert,1,53,wind_gust_ms,WIND_GUST_MS,key_case_change,SUCCESS,True
quantum,openweather,schema_alter,bert,1,53,cloud_percent,CLOUD_PERCENT,key_case_change,SUCCESS,True
quantum,openweather,schema_alter,bert,1,53,weather_main,WEATHER_MAIN,key_case_change,SUCCESS,True
quantum,openweather,schema_alter,bert,1,53,weather_description,WEATHER_DESCRIPTION,key_case_change,SUCCESS,True
quantum,openweather,schema_alter,bert,1,53,weather_icon,WEATHER_ICON,key_case_change,SUCCESS,True
quantum,openweather,schema_alter,bert,1,53,visibility_m,VISIBILITY_M,key_case_change,SUCCESS,True
quantum,openweather,schema_alter,bert,1,53,rain_1h_mm,RAIN_1H_MM,key_case_change,SUCCESS,True
quantum,openweather,schema_alter,bert,1,53,snow_1h_mm,SNOW_1H_MM,key_case_change,SUCCESS,True
quantum,openweather,schema_alter,bert,1,53,sunrise_ts,SUNRISE_TS,key_case_change,SUCCESS,True
quantum,openweather,schema_alter,bert,1,53,sunset_ts,SUNSET_TS,key_case_change,SUCCESS,True
quantum,openweather,schema_alter,bert,1,53,timezone,TIMEZONE,key_case_change,SUCCESS,True
quantum,openweather,schema_alter,bert,1,53,clouds_percent,CLOUDS_PERCENT,key_case_change,SUCCESS,True
quantum,openweather,schema_alter,bert,1,53,wind_chill_c,WIND_CHILL_C,key_case_change,SUCCESS,True
quantum,openweather,schema_alter,bert,1,53,heat_index_c,HEAT_INDEX_C,key_case_change,SUCCESS,True
quantum,openweather,schema_alter,bert,1,53,dew_point_c,DEW_POINT_C,key_case_change,SUCCESS,True
quantum,openweather,schema_alter,bert,1,73,city,city,precision_loss,SUCCESS,True
quantum,openweather,schema_alter,bert,1,73,lat,lat,precision_loss,SUCCESS,True
quantum,openweather,schema_alter,bert,1,73,lon,lon,precision_loss,SUCCESS,True
quantum,openweather,schema_alter,bert,1,73,temperature_c,temperature_c,precision_loss,SUCCESS,True
quantum,openweather,schema_alter,bert,1,73,feels_like_c,feels_like_c,precision_loss,SUCCESS,True
quantum,openweather,schema_alter,bert,1,73,humidity_percent,humidity_percent,precision_loss,SUCCESS,True
quantum,openweather,schema_alter,bert,1,73,pressure_hpa,pressure_hpa,precision_loss,SUCCESS,True
quantum,openweather,schema_alter,bert,1,73,wind_speed_ms,wind_speed_ms,precision_loss,SUCCESS,True
quantum,openweather,schema_alter,bert,1,73,wind_degrees,wind_degrees,precision_loss,SUCCESS,True
quantum,openweather,schema_alter,bert,1,73,wind_gust_ms,wind_gust_ms,precision_loss,SUCCESS,True
quantum,openweather,schema_alter,bert,1,73,cloud_percent,cloud_percent,precision_loss,SUCCESS,True
quantum,openweather,schema_alter,bert,1,73,weather_main,weather_main,precision_loss,SUCCESS,True
quantum,openweather,schema_alter,bert,1,73,weather_description,weather_description,precision_loss,SUCCESS,True
quantum,openweather,schema_alter,bert,1,73,weather_icon,weather_icon,precision_loss,SUCCESS,True
quantum,openweather,schema_alter,bert,1,73,visibility_m,visibility_m,precision_loss,SUCCESS,True
quantum,openweather,schema_alter,bert,1,73,rain_1h_mm,rain_1h_mm,precision_loss,SUCCESS,True
quantum,openweather,schema_alter,bert,1,73,snow_1h_mm,snow_1h_mm,precision_loss,SUCCESS,True
quantum,openweather,schema_alter,bert,1,73,sunrise_ts,sunrise_ts,precision_loss,SUCCESS,True
quantum,openweather,schema_alter,bert,1,73,sunset_ts,sunset_ts,precision_loss,SUCCESS,True
quantum,openweather,schema_alter,bert,1,73,timezone,timezone,precision_loss,SUCCESS,True
quantum,openweather,schema_alter,bert,1,73,clouds_percent,clouds_percent,precision_loss,SUCCESS,True
quantum,openweather,schema_alter,bert,1,73,wind_chill_c,wind_chill_c,precision_loss,SUCCESS,True
quantum,openweather,schema_alter,bert,1,73,heat_index_c,heat_index_c,precision_loss,SUCCESS,True
quantum,openweather,schema_alter,bert,1,73,dew_point_c,dew_point_c,precision_loss,SUCCESS,True
quantum,openweather,schema_alter,bert,1,192,city,city,type_change,SUCCESS,True
quantum,openweather,schema_alter,bert,1,192,lat,lat,type_change,SUCCESS,True
quantum,openweather,schema_alter,bert,1,192,lon,lon,type_change,SUCCESS,True
quantum,openweather,schema_alter,bert,1,192,temperature_c,temperature_c,type_change,SUCCESS,True
quantum,openweather,schema_alter,bert,1,192,feels_like_c,feels_like_c,type_change,SUCCESS,True
quantum,openweather,schema_alter,bert,1,192,humidity_percent,humidity_percent,type_change,SUCCESS,True
quantum,openweather,schema_alter,bert,1,192,pressure_hpa,pressure_hpa,type_change,SUCCESS,True
quantum,openweather,schema_alter,bert,1,192,wind_speed_ms,wind_speed_ms,type_change,SUCCESS,True
quantum,openweather,schema_alter,bert,1,192,wind_degrees,wind_degrees,type_change,SUCCESS,True
quantum,openweather,schema_alter,bert,1,192,wind_gust_ms,wind_gust_ms,type_change,SUCCESS,True
quantum,openweather,schema_alter,bert,1,192,cloud_percent,cloud_percent,type_change,SUCCESS,True
quantum,openweather,schema_alter,bert,1,192,weather_main,weather_main,type_change,SUCCESS,True
quantum,openweather,schema_alter,bert,1,192,weather_description,weather_description,type_change,SUCCESS,True
quantum,openweather,schema_alter,bert,1,192,weather_icon,weather_icon,type_change,SUCCESS,True
quantum,openweather,schema_alter,bert,1,192,visibility_m,visibility_m,type_change,SUCCESS,True
quantum,openweather,schema_alter,bert,1,192,rain_1h_mm,rain_1h_mm,type_change,SUCCESS,True
quantum,openweather,schema_alter,bert,1,192,snow_1h_mm,snow_1h_mm,type_change,SUCCESS,True
quantum,openweather,schema_alter,bert,1,192,sunrise_ts,sunrise_ts,type_change,SUCCESS,True
quantum,openweather,schema_alter,bert,1,192,sunset_ts,sunset_ts,type_change,SUCCESS,True
quantum,openweather,schema_alter,bert,1,192,timezone,timezone,type_change,SUCCESS,True
quantum,openweather,schema_alter,bert,1,192,clouds_percent,clouds_percent,type_change,SUCCESS,True
quantum,openweather,schema_alter,bert,1,192,wind_chill_c,wind_chill_c,type_change,SUCCESS,True
quantum,openweather,schema_alter,bert,1,192,heat_index_c,heat_index_c,type_change,SUCCESS,True
quantum,openweather,schema_alter,bert,1,192,dew_point_c,dew_point_c,type_change,SUCCESS,True
quantum,openweather,schema_alter,bert,1,224,city,CITY,key_case_change,SUCCESS,True
quantum,openweather,schema_alter,bert,1,224,lat,LAT,key_case_change,SUCCESS,True
quantum,openweather,schema_alter,bert,1,224,lon,LON,key_case_change,SUCCESS,True
quantum,openweather,schema_alter,bert,1,224,temperature_c,TEMPERATURE_C,key_case_change,SUCCESS,True
quantum,openweather,schema_alter,bert,1,224,feels_like_c,FEELS_LIKE_C,key_case_change,SUCCESS,True
quantum,openweather,schema_alter,bert,1,224,humidity_percent,HUMIDITY_PERCENT,key_case_change,SUCCESS,True
quantum,openweather,schema_alter,bert,1,224,pressure_hpa,PRESSURE_HPA,key_case_change,SUCCESS,True
quantum,openweather,schema_alter,bert,1,224,wind_speed_ms,WIND_SPEED_MS,key_case_change,SUCCESS,True
quantum,openweather,schema_alter,bert,1,224,wind_degrees,WIND_DEGREES,key_case_change,SUCCESS,True
quantum,openweather,schema_alter,bert,1,224,wind_gust_ms,WIND_GUST_MS,key_case_change,SUCCESS,True
quantum,openweather,schema_alter,bert,1,224,cloud_percent,CLOUD_PERCENT,key_case_change,SUCCESS,True
quantum,openweather,schema_alter,bert,1,224,weather_main,WEATHER_MAIN,key_case_change,SUCCESS,True
quantum,openweather,schema_alter,bert,1,224,weather_description,WEATHER_DESCRIPTION,key_case_change,SUCCESS,True
quantum,openweather,schema_alter,bert,1,224,weather_icon,WEATHER_ICON,key_case_change,SUCCESS,True
quantum,openweather,schema_alter,bert,1,224,visibility_m,VISIBILITY_M,key_case_change,SUCCESS,True
quantum,openweather,schema_alter,bert,1,224,rain_1h_mm,RAIN_1H_MM,key_case_change,SUCCESS,True
quantum,openweather,schema_alter,bert,1,224,snow_1h_mm,SNOW_1H_MM,key_case_change,SUCCESS,True
quantum,openweather,schema_alter,bert,1,224,sunrise_ts,SUNRISE_TS,key_case_change,SUCCESS,True
quantum,openweather,schema_alter,bert,1,224,sunset_ts,SUNSET_TS,key_case_change,SUCCESS,True
quantum,openweather,schema_alter,bert,1,224,timezone,TIMEZONE,key_case_change,SUCCESS,True
quantum,openweather,schema_alter,bert,1,224,clouds_percent,CLOUDS_PERCENT,key_case_change,SUCCESS,True
quantum,openweather,schema_alter,bert,1,224,wind_chill_c,WIND_CHILL_C,key_case_change,SUCCESS,True
quantum,openweather,schema_alter,bert,1,224,heat_index_c,HEAT_INDEX_C,key_case_change,SUCCESS,True
quantum,openweather,schema_alter,bert,1,224,dew_point_c,DEW_POINT_C,key_case_change,SUCCESS,True
quantum,openweather,schema_alter,bert,1,315,city,city,type_change,SUCCESS,True
quantum,openweather,schema_alter,bert,1,315,lat,lat,type_change,SUCCESS,True
quantum,openweather,schema_alter,bert,1,315,lon,lon,type_change,SUCCESS,True
quantum,openweather,schema_alter,bert,1,315,temperature_c,temperature_c,type_change,SUCCESS,True
quantum,openweather,schema_alter,bert,1,315,feels_like_c,feels_like_c,type_change,SUCCESS,True
quantum,openweather,schema_alter,bert,1,315,humidity_percent,humidity_percent,type_change,SUCCESS,True
quantum,openweather,schema_alter,bert,1,315,pressure_hpa,pressure_hpa,type_change,SUCCESS,True
quantum,openweather,schema_alter,bert,1,315,wind_speed_ms,wind_speed_ms,type_change,SUCCESS,True
quantum,openweather,schema_alter,bert,1,315,wind_degrees,wind_degrees,type_change,SUCCESS,True
quantum,openweather,schema_alter,bert,1,315,wind_gust_ms,wind_gust_ms,type_change,SUCCESS,True
quantum,openweather,schema_alter,bert,1,315,cloud_percent,cloud_percent,type_change,SUCCESS,True
quantum,openweather,schema_alter,bert,1,315,weather_main,weather_main,type_change,SUCCESS,True
quantum,openweather,schema_alter,bert,1,315,weather_description,weather_description,type_change,SUCCESS,True
quantum,openweather,schema_alter,bert,1,315,weather_icon,weather_icon,type_change,SUCCESS,True
quantum,openweather,schema_alter,bert,1,315,visibility_m,visibility_m,type_change,SUCCESS,True
quantum,openweather,schema_alter,bert,1,315,rain_1h_mm,rain_1h_mm,type_change,SUCCESS,True
quantum,openweather,schema_alter,bert,1,315,snow_1h_mm,snow_1h_mm,type_change,SUCCESS,True
quantum,openweather,schema_alter,bert,1,315,sunrise_ts,sunrise_ts,type_change,SUCCESS,True
quantum,openweather,schema_alter,bert,1,315,sunset_ts,sunset_ts,type_change,SUCCESS,True
quantum,openweather,schema_alter,bert,1,315,timezone,timezone,type_change,SUCCESS,True
quantum,openweather,schema_alter,bert,1,315,clouds_percent,clouds_percent,type_change,SUCCESS,True
quantum,openweather,schema_alter,bert,1,315,wind_chill_c,wind_chill_c,type_change,SUCCESS,True
quantum,openweather,schema_alter,bert,1,315,heat_index_c,heat_index_c,type_change,SUCCESS,True
quantum,openweather,schema_alter,bert,1,315,dew_point_c,dew_point_c,type_change,SUCCESS,True
quantum,openweather,schema_alter,bert,1,415,city,city,type_change,SUCCESS,True
quantum,openweather,schema_alter,bert,1,415,lat,lat,type_change,SUCCESS,True
quantum,openweather,schema_alter,bert,1,415,lon,lon,type_change,SUCCESS,True
quantum,openweather,schema_alter,bert,1,415,temperature_c,temperature_c,type_change,SUCCESS,True
quantum,openweather,schema_alter,bert,1,415,feels_like_c,feels_like_c,type_change,SUCCESS,True
quantum,openweather,schema_alter,bert,1,415,humidity_percent,humidity_percent,type_change,SUCCESS,True
quantum,openweather,schema_alter,bert,1,415,pressure_hpa,pressure_hpa,type_change,SUCCESS,True
quantum,openweather,schema_alter,bert,1,415,wind_speed_ms,wind_speed_ms,type_change,SUCCESS,True
quantum,openweather,schema_alter,bert,1,415,wind_degrees,wind_degrees,type_change,SUCCESS,True
quantum,openweather,schema_alter,bert,1,415,wind_gust_ms,wind_gust_ms,type_change,SUCCESS,True
quantum,openweather,schema_alter,bert,1,415,cloud_percent,cloud_percent,type_change,SUCCESS,True
quantum,openweather,schema_alter,bert,1,415,weather_main,weather_main,type_change,SUCCESS,True
quantum,openweather,schema_alter,bert,1,415,weather_description,weather_description,type_change,SUCCESS,True
quantum,openweather,schema_alter,bert,1,415,weather_icon,weather_icon,type_change,SUCCESS,True
quantum,openweather,schema_alter,bert,1,415,visibility_m,visibility_m,type_change,SUCCESS,True
quantum,openweather,schema_alter,bert,1,415,rain_1h_mm,rain_1h_mm,type_change,SUCCESS,True
quantum,openweather,schema_alter,bert,1,415,snow_1h_mm,snow_1h_mm,type_change,SUCCESS,True
quantum,openweather,schema_alter,bert,1,415,sunrise_ts,sunrise_ts,type_change,SUCCESS,True
quantum,openweather,schema_alter,bert,1,415,sunset_ts,sunset_ts,type_change,SUCCESS,True
quantum,openweather,schema_alter,bert,1,415,timezone,timezone,type_change,SUCCESS,True
quantum,openweather,schema_alter,bert,1,415,clouds_percent,clouds_percent,type_change,SUCCESS,True
quantum,openweather,schema_alter,bert,1,415,wind_chill_c,wind_chill_c,type_change,SUCCESS,True
quantum,openweather,schema_alter,bert,1,415,heat_index_c,heat_index_c,type_change,SUCCESS,True
quantum,openweather,schema_alter,bert,1,415,dew_point_c,dew_point_c,type_change,SUCCESS,True
quantum,openweather,schema_alter,bert,1,418,lon,lon,nesting_deepen,FALSE_POSITIVE,True
quantum,openweather,schema_alter,bert,1,418,temperature_c,temperature_c,nesting_deepen,FALSE_POSITIVE,True
quantum,openweather,schema_alter,bert,1,418,feels_like_c,feels_like_c,nesting_deepen,FALSE_POSITIVE,True
quantum,openweather,schema_alter,bert,1,418,humidity_percent,humidity_percent,nesting_deepen,FALSE_POSITIVE,True
quantum,openweather,schema_alter,bert,1,418,pressure_hpa,pressure_hpa,nesting_deepen,FALSE_POSITIVE,True
quantum,openweather,schema_alter,bert,1,418,wind_speed_ms,wind_speed_ms,nesting_deepen,FALSE_POSITIVE,True
quantum,openweather,schema_alter,bert,1,418,wind_degrees,wind_degrees,nesting_deepen,FALSE_POSITIVE,True
quantum,openweather,schema_alter,bert,1,418,wind_gust_ms,wind_gust_ms,nesting_deepen,FALSE_POSITIVE,True
quantum,openweather,schema_alter,bert,1,418,cloud_percent,cloud_percent,nesting_deepen,FALSE_POSITIVE,True
quantum,openweather,schema_alter,bert,1,418,weather_main,weather_main,nesting_deepen,FALSE_POSITIVE,True
quantum,openweather,schema_alter,bert,1,418,weather_description,weather_description,nesting_deepen,FALSE_POSITIVE,True
quantum,openweather,schema_alter,bert,1,418,weather_icon,weather_icon,nesting_deepen,FALSE_POSITIVE,True
quantum,openweather,schema_alter,bert,1,418,visibility_m,visibility_m,nesting_deepen,FALSE_POSITIVE,True
quantum,openweather,schema_alter,bert,1,418,rain_1h_mm,rain_1h_mm,nesting_deepen,FALSE_POSITIVE,True
quantum,openweather,schema_alter,bert,1,418,snow_1h_mm,snow_1h_mm,nesting_deepen,FALSE_POSITIVE,True
quantum,openweather,schema_alter,bert,1,418,sunrise_ts,sunrise_ts,nesting_deepen,FALSE_POSITIVE,True
quantum,openweather,schema_alter,bert,1,418,sunset_ts,sunset_ts,nesting_deepen,FALSE_POSITIVE,True
quantum,openweather,schema_alter,bert,1,418,timezone,timezone,nesting_deepen,FALSE_POSITIVE,True
quantum,openweather,schema_alter,bert,1,418,clouds_percent,clouds_percent,nesting_deepen,FALSE_POSITIVE,True
quantum,openweather,schema_alter,bert,1,418,wind_chill_c,wind_chill_c,nesting_deepen,FALSE_POSITIVE,True
quantum,openweather,schema_alter,bert,1,418,heat_index_c,heat_index_c,nesting_deepen,FALSE_POSITIVE,True
quantum,openweather,schema_alter,bert,1,418,dew_point_c,dew_point_c,nesting_deepen,FALSE_POSITIVE,True
quantum,openweather,schema_alter,bert,1,418,city,,nesting_deepen,FAILURE,True
quantum,openweather,schema_alter,bert,1,418,lat,,nesting_deepen,FAILURE,True
quantum,openweather,schema_alter,bert,1,480,lon,lon,nesting_deepen,FALSE_POSITIVE,True
quantum,openweather,schema_alter,bert,1,480,temperature_c,temperature_c,nesting_deepen,FALSE_POSITIVE,True
quantum,openweather,schema_alter,bert,1,480,feels_like_c,feels_like_c,nesting_deepen,FALSE_POSITIVE,True
quantum,openweather,schema_alter,bert,1,480,humidity_percent,humidity_percent,nesting_deepen,FALSE_POSITIVE,True
quantum,openweather,schema_alter,bert,1,480,pressure_hpa,pressure_hpa,nesting_deepen,FALSE_POSITIVE,True
quantum,openweather,schema_alter,bert,1,480,wind_speed_ms,wind_speed_ms,nesting_deepen,FALSE_POSITIVE,True
quantum,openweather,schema_alter,bert,1,480,wind_degrees,wind_degrees,nesting_deepen,FALSE_POSITIVE,True
quantum,openweather,schema_alter,bert,1,480,wind_gust_ms,wind_gust_ms,nesting_deepen,FALSE_POSITIVE,True
quantum,openweather,schema_alter,bert,1,480,cloud_percent,cloud_percent,nesting_deepen,FALSE_POSITIVE,True
quantum,openweather,schema_alter,bert,1,480,weather_main,weather_main,nesting_deepen,FALSE_POSITIVE,True
quantum,openweather,schema_alter,bert,1,480,weather_description,weather_description,nesting_deepen,FALSE_POSITIVE,True
quantum,openweather,schema_alter,bert,1,480,weather_icon,weather_icon,nesting_deepen,FALSE_POSITIVE,True
quantum,openweather,schema_alter,bert,1,480,visibility_m,visibility_m,nesting_deepen,FALSE_POSITIVE,True
quantum,openweather,schema_alter,bert,1,480,rain_1h_mm,rain_1h_mm,nesting_deepen,FALSE_POSITIVE,True
quantum,openweather,schema_alter,bert,1,480,snow_1h_mm,snow_1h_mm,nesting_deepen,FALSE_POSITIVE,True
quantum,openweather,schema_alter,bert,1,480,sunrise_ts,sunrise_ts,nesting_deepen,FALSE_POSITIVE,True
quantum,openweather,schema_alter,bert,1,480,sunset_ts,sunset_ts,nesting_deepen,FALSE_POSITIVE,True
quantum,openweather,schema_alter,bert,1,480,timezone,timezone,nesting_deepen,FALSE_POSITIVE,True
quantum,openweather,schema_alter,bert,1,480,clouds_percent,clouds_percent,nesting_deepen,FALSE_POSITIVE,True
quantum,openweather,schema_alter,bert,1,480,wind_chill_c,wind_chill_c,nesting_deepen,FALSE_POSITIVE,True
quantum,openweather,schema_alter,bert,1,480,heat_index_c,heat_index_c,nesting_deepen,FALSE_POSITIVE,True
quantum,openweather,schema_alter,bert,1,480,dew_point_c,dew_point_c,nesting_deepen,FALSE_POSITIVE,True
quantum,openweather,schema_alter,bert,1,480,city,,nesting_deepen,FAILURE,True
quantum,openweather,schema_alter,bert,1,480,lat,,nesting_deepen,FAILURE,True
quantum,openf1,qwen,bert,1,0,driver,driver,qwen_semantic,FALSE_POSITIVE,True
quantum,openf1,qwen,bert,1,0,driver_number,driver_number,qwen_semantic,FALSE_POSITIVE,True
quantum,openf1,qwen,bert,1,0,team,team,qwen_semantic,FALSE_POSITIVE,True
quantum,openf1,qwen,bert,1,0,team_color,team_color_code,qwen_semantic,SUCCESS,True
quantum,openf1,qwen,bert,1,0,position,position,qwen_semantic,FALSE_POSITIVE,True
quantum,openf1,qwen,bert,1,0,lap_number,lap_number,qwen_semantic,FALSE_POSITIVE,True
quantum,openf1,qwen,bert,1,0,lap_time_ms,lap_time_ms,qwen_semantic,FALSE_POSITIVE,True
quantum,openf1,qwen,bert,1,0,pit_stop_count,pit_stop_count,qwen_semantic,FALSE_POSITIVE,True
quantum,openf1,qwen,bert,1,0,tire_compound,tire_compound,qwen_semantic,FALSE_POSITIVE,True
quantum,openf1,qwen,bert,1,0,tire_age_laps,tire_age_laps,qwen_semantic,FALSE_POSITIVE,True
quantum,openf1,qwen,bert,1,0,speed_kmh,speed_kmh,qwen_semantic,FALSE_POSITIVE,True
quantum,openf1,qwen,bert,1,0,throttle,throttle,qwen_semantic,FALSE_POSITIVE,True
quantum,openf1,qwen,bert,1,0,brake,brake,qwen_semantic,FALSE_POSITIVE,True
quantum,openf1,qwen,bert,1,0,n_gear,gear,qwen_semantic,SUCCESS,True
quantum,openf1,qwen,bert,1,0,rpm,rpm,qwen_semantic,FALSE_POSITIVE,True
quantum,openf1,qwen,bert,1,0,drs,drs,qwen_semantic,FALSE_POSITIVE,True
quantum,openf1,qwen,bert,1,0,ers_deployment_kj,ers_deployment_kj,qwen_semantic,FALSE_POSITIVE,True
quantum,openf1,qwen,bert,1,0,fuel_remaining_kg,fuel_remaining_kg,qwen_semantic,FALSE_POSITIVE,True
quantum,openf1,qwen,bert,1,0,session_time,session_time,qwen_semantic,FALSE_POSITIVE,True
quantum,openf1,qwen,bert,1,6,driver,driver,qwen_semantic,FALSE_POSITIVE,True
quantum,openf1,qwen,bert,1,6,driver_number,driver_number,qwen_semantic,FALSE_POSITIVE,True
quantum,openf1,qwen,bert,1,6,team,team,qwen_semantic,FALSE_POSITIVE,True
quantum,openf1,qwen,bert,1,6,team_color,team_color_code,qwen_semantic,SUCCESS,True
quantum,openf1,qwen,bert,1,6,position,position,qwen_semantic,FALSE_POSITIVE,True
quantum,openf1,qwen,bert,1,6,lap_number,lap_number,qwen_semantic,FALSE_POSITIVE,True
quantum,openf1,qwen,bert,1,6,lap_time_ms,lap_time_ms,qwen_semantic,FALSE_POSITIVE,True
quantum,openf1,qwen,bert,1,6,pit_stop_count,pit_stop_count,qwen_semantic,FALSE_POSITIVE,True
quantum,openf1,qwen,bert,1,6,tire_compound,tire_compound,qwen_semantic,FALSE_POSITIVE,True
quantum,openf1,qwen,bert,1,6,tire_age_laps,tire_age_laps,qwen_semantic,FALSE_POSITIVE,True
quantum,openf1,qwen,bert,1,6,speed_kmh,speed_kmh,qwen_semantic,FALSE_POSITIVE,True
quantum,openf1,qwen,bert,1,6,throttle,throttle,qwen_semantic,FALSE_POSITIVE,True
quantum,openf1,qwen,bert,1,6,brake,brake,qwen_semantic,FALSE_POSITIVE,True
quantum,openf1,qwen,bert,1,6,n_gear,gear,qwen_semantic,SUCCESS,True
quantum,openf1,qwen,bert,1,6,rpm,rpm,qwen_semantic,FALSE_POSITIVE,True
quantum,openf1,qwen,bert,1,6,drs,drs,qwen_semantic,FALSE_POSITIVE,True
quantum,openf1,qwen,bert,1,6,ers_deployment_kj,ers_deployment_kj,qwen_semantic,FALSE_POSITIVE,True
quantum,openf1,qwen,bert,1,6,fuel_remaining_kg,fuel_remaining_kg,qwen_semantic,FALSE_POSITIVE,True
quantum,openf1,qwen,bert,1,6,session_time,session_time,qwen_semantic,FALSE_POSITIVE,True
quantum,openf1,qwen,regex,1,8,throttle,throttle,qwen_semantic,FALSE_POSITIVE,True
quantum,openf1,qwen,regex,1,8,tire_age_laps,tire_age_laps,qwen_semantic,FALSE_POSITIVE,True
quantum,openf1,qwen,regex,1,8,brake,brake,qwen_semantic,FALSE_POSITIVE,True
quantum,openf1,qwen,regex,1,8,tire_compound,tire_compound,qwen_semantic,FALSE_POSITIVE,True
quantum,openf1,qwen,regex,1,8,lap_time_ms,lap_time_ms,qwen_semantic,FALSE_POSITIVE,True
quantum,openf1,qwen,regex,1,8,fuel_remaining_kg,fuel_remaining_kg,qwen_semantic,FALSE_POSITIVE,True
quantum,openf1,qwen,regex,1,8,drs,drs,qwen_semantic,FALSE_POSITIVE,True
quantum,openf1,qwen,regex,1,8,team,team_color_code,qwen_semantic,FALSE_POSITIVE,True
quantum,openf1,qwen,regex,1,8,driver,driver,qwen_semantic,FALSE_POSITIVE,True
quantum,openf1,qwen,regex,1,8,driver_number,driver,qwen_semantic,FALSE_POSITIVE,True
quantum,openf1,qwen,regex,1,8,rpm,rpm,qwen_semantic,FALSE_POSITIVE,True
quantum,openf1,qwen,regex,1,8,team_color,team_color_code,qwen_semantic,SUCCESS,True
quantum,openf1,qwen,regex,1,8,pit_stop_count,pit_stop_count,qwen_semantic,FALSE_POSITIVE,True
quantum,openf1,qwen,regex,1,8,n_gear,n_gear,qwen_semantic,FALSE_POSITIVE,True
quantum,openf1,qwen,regex,1,8,session_time,lap_time_ms,qwen_semantic,FALSE_POSITIVE,True
quantum,openf1,qwen,regex,1,8,lap_number,lap_number,qwen_semantic,FALSE_POSITIVE,True
quantum,openf1,qwen,regex,1,8,position,position,qwen_semantic,FALSE_POSITIVE,True
quantum,openf1,qwen,regex,1,8,ers_deployment_kj,ers_deployment_kj,qwen_semantic,FALSE_POSITIVE,True
quantum,openf1,qwen,regex,1,8,speed_kmh,speed_kmh,qwen_semantic,FALSE_POSITIVE,True
quantum,openf1,qwen,bert,1,32,driver,driver,qwen_semantic,FALSE_POSITIVE,True
quantum,openf1,qwen,bert,1,32,driver_number,driver_number,qwen_semantic,FALSE_POSITIVE,True
quantum,openf1,qwen,bert,1,32,team,team,qwen_semantic,FALSE_POSITIVE,True
quantum,openf1,qwen,bert,1,32,team_color,team_color_code,qwen_semantic,SUCCESS,True
quantum,openf1,qwen,bert,1,32,position,position,qwen_semantic,FALSE_POSITIVE,True
quantum,openf1,qwen,bert,1,32,lap_number,lap_number,qwen_semantic,FALSE_POSITIVE,True
quantum,openf1,qwen,bert,1,32,lap_time_ms,lap_time_ms,qwen_semantic,FALSE_POSITIVE,True
quantum,openf1,qwen,bert,1,32,pit_stop_count,pit_stop_count,qwen_semantic,FALSE_POSITIVE,True
quantum,openf1,qwen,bert,1,32,tire_compound,tire_compound,qwen_semantic,FALSE_POSITIVE,True
quantum,openf1,qwen,bert,1,32,tire_age_laps,tire_age_laps,qwen_semantic,FALSE_POSITIVE,True
quantum,openf1,qwen,bert,1,32,speed_kmh,speed_kmh,qwen_semantic,FALSE_POSITIVE,True
quantum,openf1,qwen,bert,1,32,throttle,throttle,qwen_semantic,FALSE_POSITIVE,True
quantum,openf1,qwen,bert,1,32,brake,brake,qwen_semantic,FALSE_POSITIVE,True
quantum,openf1,qwen,bert,1,32,n_gear,n_gear,qwen_semantic,FALSE_POSITIVE,True
quantum,openf1,qwen,bert,1,32,rpm,rpm,qwen_semantic,FALSE_POSITIVE,True
quantum,openf1,qwen,bert,1,32,drs,drs,qwen_semantic,FALSE_POSITIVE,True
quantum,openf1,qwen,bert,1,32,ers_deployment_kj,ers_deployment_kj,qwen_semantic,FALSE_POSITIVE,True
quantum,openf1,qwen,bert,1,32,fuel_remaining_kg,fuel_remaining_kg,qwen_semantic,FALSE_POSITIVE,True
quantum,openf1,qwen,bert,1,32,session_time,session_time,qwen_semantic,FALSE_POSITIVE,True
quantum,openf1,qwen,regex,1,33,throttle,throttle,qwen_semantic,FALSE_POSITIVE,True
quantum,openf1,qwen,regex,1,33,tire_age_laps,tire_age_laps,qwen_semantic,FALSE_POSITIVE,True
quantum,openf1,qwen,regex,1,33,brake,brake,qwen_semantic,FALSE_POSITIVE,True
quantum,openf1,qwen,regex,1,33,tire_compound,tire_compound,qwen_semantic,FALSE_POSITIVE,True
quantum,openf1,qwen,regex,1,33,lap_time_ms,lap_time_ms,qwen_semantic,FALSE_POSITIVE,True
quantum,openf1,qwen,regex,1,33,fuel_remaining_kg,fuel_remaining_kg,qwen_semantic,FALSE_POSITIVE,True
quantum,openf1,qwen,regex,1,33,drs,drs,qwen_semantic,FALSE_POSITIVE,True
quantum,openf1,qwen,regex,1,33,team,team_color_code,qwen_semantic,FALSE_POSITIVE,True
quantum,openf1,qwen,regex,1,33,driver,driver,qwen_semantic,FALSE_POSITIVE,True
quantum,openf1,qwen,regex,1,33,driver_number,driver,qwen_semantic,FALSE_POSITIVE,True
quantum,openf1,qwen,regex,1,33,rpm,rpm,qwen_semantic,FALSE_POSITIVE,True
quantum,openf1,qwen,regex,1,33,team_color,team_color_code,qwen_semantic,SUCCESS,True
quantum,openf1,qwen,regex,1,33,pit_stop_count,pit_stop_count,qwen_semantic,FALSE_POSITIVE,True
quantum,openf1,qwen,regex,1,33,n_gear,n_gear,qwen_semantic,FALSE_POSITIVE,True
quantum,openf1,qwen,regex,1,33,session_time,lap_time_ms,qwen_semantic,FALSE_POSITIVE,True
quantum,openf1,qwen,regex,1,33,lap_number,lap_number,qwen_semantic,FALSE_POSITIVE,True
quantum,openf1,qwen,regex,1,33,position,position,qwen_semantic,FALSE_POSITIVE,True
quantum,openf1,qwen,regex,1,33,ers_deployment_kj,ers_deployment_kj,qwen_semantic,FALSE_POSITIVE,True
quantum,openf1,qwen,regex,1,33,speed_kmh,speed_kmh,qwen_semantic,FALSE_POSITIVE,True
quantum,openf1,qwen,bert,1,41,driver,driver,qwen_semantic,SUCCESS,True
quantum,openf1,qwen,bert,1,41,driver_number,driver_number,qwen_semantic,SUCCESS,True
quantum,openf1,qwen,bert,1,41,team,team,qwen_semantic,SUCCESS,True
quantum,openf1,qwen,bert,1,41,team_color,team_color,qwen_semantic,SUCCESS,True
quantum,openf1,qwen,bert,1,41,position,position,qwen_semantic,SUCCESS,True
quantum,openf1,qwen,bert,1,41,lap_number,lap_number,qwen_semantic,SUCCESS,True
quantum,openf1,qwen,bert,1,41,lap_time_ms,lap_time_ms,qwen_semantic,SUCCESS,True
quantum,openf1,qwen,bert,1,41,pit_stop_count,pit_stop_count,qwen_semantic,SUCCESS,True
quantum,openf1,qwen,bert,1,41,tire_compound,tire_compound,qwen_semantic,SUCCESS,True
quantum,openf1,qwen,bert,1,41,tire_age_laps,tire_age_laps,qwen_semantic,SUCCESS,True
quantum,openf1,qwen,bert,1,41,speed_kmh,speed_kmh,qwen_semantic,SUCCESS,True
quantum,openf1,qwen,bert,1,41,throttle,throttle,qwen_semantic,SUCCESS,True
quantum,openf1,qwen,bert,1,41,brake,brake,qwen_semantic,SUCCESS,True
quantum,openf1,qwen,bert,1,41,n_gear,n_gear,qwen_semantic,SUCCESS,True
quantum,openf1,qwen,bert,1,41,rpm,rpm,qwen_semantic,SUCCESS,True
quantum,openf1,qwen,bert,1,41,drs,drs,qwen_semantic,SUCCESS,True
quantum,openf1,qwen,bert,1,41,ers_deployment_kj,ers_deployment_kj,qwen_semantic,SUCCESS,True
quantum,openf1,qwen,bert,1,41,fuel_remaining_kg,fuel_remaining_kg,qwen_semantic,SUCCESS,True
quantum,openf1,qwen,bert,1,41,session_time,session_time,qwen_semantic,SUCCESS,True
quantum,openf1,qwen,bert,1,43,driver,driver,qwen_semantic,FALSE_POSITIVE,True
quantum,openf1,qwen,bert,1,43,driver_number,driver_number,qwen_semantic,FALSE_POSITIVE,True
quantum,openf1,qwen,bert,1,43,team,team,qwen_semantic,FALSE_POSITIVE,True
quantum,openf1,qwen,bert,1,43,team_color,team_color_code,qwen_semantic,SUCCESS,True
quantum,openf1,qwen,bert,1,43,position,position,qwen_semantic,FALSE_POSITIVE,True
quantum,openf1,qwen,bert,1,43,lap_number,lap_number,qwen_semantic,FALSE_POSITIVE,True
quantum,openf1,qwen,bert,1,43,lap_time_ms,lap_time_ms,qwen_semantic,FALSE_POSITIVE,True
quantum,openf1,qwen,bert,1,43,pit_stop_count,pit_stop_count,qwen_semantic,FALSE_POSITIVE,True
quantum,openf1,qwen,bert,1,43,tire_compound,tire_compound,qwen_semantic,FALSE_POSITIVE,True
quantum,openf1,qwen,bert,1,43,tire_age_laps,tire_age_laps,qwen_semantic,FALSE_POSITIVE,True
quantum,openf1,qwen,bert,1,43,speed_kmh,speed_kmh,qwen_semantic,FALSE_POSITIVE,True
quantum,openf1,qwen,bert,1,43,throttle,throttle,qwen_semantic,FALSE_POSITIVE,True
quantum,openf1,qwen,bert,1,43,brake,brake,qwen_semantic,FALSE_POSITIVE,True
quantum,openf1,qwen,bert,1,43,n_gear,n_gear,qwen_semantic,FALSE_POSITIVE,True
quantum,openf1,qwen,bert,1,43,rpm,rpm,qwen_semantic,FALSE_POSITIVE,True
quantum,openf1,qwen,bert,1,43,drs,drs,qwen_semantic,FALSE_POSITIVE,True
quantum,openf1,qwen,bert,1,43,ers_deployment_kj,ers_energy_deployed_kj,qwen_semantic,SUCCESS,True
quantum,openf1,qwen,bert,1,43,fuel_remaining_kg,fuel_remaining_kg,qwen_semantic,FALSE_POSITIVE,True
quantum,openf1,qwen,bert,1,43,session_time,session_time,qwen_semantic,FALSE_POSITIVE,True
quantum,openf1,qwen,bert,1,57,driver,driver,qwen_semantic,FALSE_POSITIVE,True
quantum,openf1,qwen,bert,1,57,driver_number,driver_number,qwen_semantic,FALSE_POSITIVE,True
quantum,openf1,qwen,bert,1,57,team,team,qwen_semantic,FALSE_POSITIVE,True
quantum,openf1,qwen,bert,1,57,team_color,team_color,qwen_semantic,FALSE_POSITIVE,True
quantum,openf1,qwen,bert,1,57,position,position,qwen_semantic,FALSE_POSITIVE,True
quantum,openf1,qwen,bert,1,57,lap_number,lap_number,qwen_semantic,FALSE_POSITIVE,True
quantum,openf1,qwen,bert,1,57,lap_time_ms,lap_time_ms,qwen_semantic,FALSE_POSITIVE,True
quantum,openf1,qwen,bert,1,57,pit_stop_count,pit_stop_count,qwen_semantic,FALSE_POSITIVE,True
quantum,openf1,qwen,bert,1,57,tire_compound,tire_compound,qwen_semantic,FALSE_POSITIVE,True
quantum,openf1,qwen,bert,1,57,tire_age_laps,tire_age_laps,qwen_semantic,FALSE_POSITIVE,True
quantum,openf1,qwen,bert,1,57,speed_kmh,speed_kmh,qwen_semantic,FALSE_POSITIVE,True
quantum,openf1,qwen,bert,1,57,throttle,throttle,qwen_semantic,FALSE_POSITIVE,True
quantum,openf1,qwen,bert,1,57,brake,brake,qwen_semantic,FALSE_POSITIVE,True
quantum,openf1,qwen,bert,1,57,n_gear,n_gear,qwen_semantic,FALSE_POSITIVE,True
quantum,openf1,qwen,bert,1,57,rpm,rpm,qwen_semantic,FALSE_POSITIVE,True
quantum,openf1,qwen,bert,1,57,drs,drs,qwen_semantic,FALSE_POSITIVE,True
quantum,openf1,qwen,bert,1,57,ers_deployment_kj,ers_deployment_kj,qwen_semantic,FALSE_POSITIVE,True
quantum,openf1,qwen,bert,1,57,fuel_remaining_kg,fuel_remaining_kg,qwen_semantic,FALSE_POSITIVE,True
quantum,openf1,qwen,bert,1,57,session_time,session_duration,qwen_semantic,SUCCESS,True
quantum,openf1,qwen,bert,1,102,driver,driver,qwen_semantic,FALSE_POSITIVE,True
quantum,openf1,qwen,bert,1,102,driver_number,driver_number,qwen_semantic,FALSE_POSITIVE,True
quantum,openf1,qwen,bert,1,102,team,team,qwen_semantic,FALSE_POSITIVE,True
quantum,openf1,qwen,bert,1,102,team_color,team_color_code,qwen_semantic,SUCCESS,True
quantum,openf1,qwen,bert,1,102,position,position,qwen_semantic,FALSE_POSITIVE,True
quantum,openf1,qwen,bert,1,102,lap_number,lap_number,qwen_semantic,FALSE_POSITIVE,True
quantum,openf1,qwen,bert,1,102,lap_time_ms,lap_time_ms,qwen_semantic,FALSE_POSITIVE,True
quantum,openf1,qwen,bert,1,102,pit_stop_count,pit_stop_count,qwen_semantic,FALSE_POSITIVE,True
quantum,openf1,qwen,bert,1,102,tire_compound,tire_compound,qwen_semantic,FALSE_POSITIVE,True
quantum,openf1,qwen,bert,1,102,tire_age_laps,tire_age_laps,qwen_semantic,FALSE_POSITIVE,True
quantum,openf1,qwen,bert,1,102,speed_kmh,speed_kmh,qwen_semantic,FALSE_POSITIVE,True
quantum,openf1,qwen,bert,1,102,throttle,throttle,qwen_semantic,FALSE_POSITIVE,True
quantum,openf1,qwen,bert,1,102,brake,brake,qwen_semantic,FALSE_POSITIVE,True
quantum,openf1,qwen,bert,1,102,n_gear,n_gear,qwen_semantic,FALSE_POSITIVE,True
quantum,openf1,qwen,bert,1,102,rpm,rpm,qwen_semantic,FALSE_POSITIVE,True
quantum,openf1,qwen,bert,1,102,drs,drs,qwen_semantic,FALSE_POSITIVE,True
quantum,openf1,qwen,bert,1,102,ers_deployment_kj,ers_energy_deployed_kj,qwen_semantic,SUCCESS,True
quantum,openf1,qwen,bert,1,102,fuel_remaining_kg,fuel_remaining_kg,qwen_semantic,FALSE_POSITIVE,True
quantum,openf1,qwen,bert,1,102,session_time,session_time,qwen_semantic,FALSE_POSITIVE,True
quantum,openf1,qwen,bert,1,129,driver,driver,qwen_semantic,FALSE_POSITIVE,True
quantum,openf1,qwen,bert,1,129,driver_number,driver_number,qwen_semantic,FALSE_POSITIVE,True
quantum,openf1,qwen,bert,1,129,team,team,qwen_semantic,FALSE_POSITIVE,True
quantum,openf1,qwen,bert,1,129,team_color,team_color_code,qwen_semantic,SUCCESS,True
quantum,openf1,qwen,bert,1,129,position,position,qwen_semantic,FALSE_POSITIVE,True
quantum,openf1,qwen,bert,1,129,lap_number,lap_number,qwen_semantic,FALSE_POSITIVE,True
quantum,openf1,qwen,bert,1,129,lap_time_ms,lap_time_ms,qwen_semantic,FALSE_POSITIVE,True
quantum,openf1,qwen,bert,1,129,pit_stop_count,pit_stop_count,qwen_semantic,FALSE_POSITIVE,True
quantum,openf1,qwen,bert,1,129,tire_compound,tire_compound,qwen_semantic,FALSE_POSITIVE,True
quantum,openf1,qwen,bert,1,129,tire_age_laps,tire_age_laps,qwen_semantic,FALSE_POSITIVE,True
quantum,openf1,qwen,bert,1,129,speed_kmh,speed_kmh,qwen_semantic,FALSE_POSITIVE,True
quantum,openf1,qwen,bert,1,129,throttle,throttle,qwen_semantic,FALSE_POSITIVE,True
quantum,openf1,qwen,bert,1,129,brake,brake,qwen_semantic,FALSE_POSITIVE,True
quantum,openf1,qwen,bert,1,129,n_gear,n_gear,qwen_semantic,FALSE_POSITIVE,True
quantum,openf1,qwen,bert,1,129,rpm,rpm,qwen_semantic,FALSE_POSITIVE,True
quantum,openf1,qwen,bert,1,129,drs,drs,qwen_semantic,FALSE_POSITIVE,True
quantum,openf1,qwen,bert,1,129,ers_deployment_kj,ers_deployment_kj,qwen_semantic,FALSE_POSITIVE,True
quantum,openf1,qwen,bert,1,129,fuel_remaining_kg,fuel_remaining_kg,qwen_semantic,FALSE_POSITIVE,True
quantum,openf1,qwen,bert,1,129,session_time,session_time,qwen_semantic,FALSE_POSITIVE,True
quantum,openf1,qwen,bert,1,131,driver,driver,qwen_semantic,FALSE_POSITIVE,True
quantum,openf1,qwen,bert,1,131,driver_number,driver_number,qwen_semantic,FALSE_POSITIVE,True
quantum,openf1,qwen,bert,1,131,team,team,qwen_semantic,FALSE_POSITIVE,True
quantum,openf1,qwen,bert,1,131,team_color,team_color_code,qwen_semantic,SUCCESS,True
quantum,openf1,qwen,bert,1,131,position,position,qwen_semantic,FALSE_POSITIVE,True
quantum,openf1,qwen,bert,1,131,lap_number,lap_number,qwen_semantic,FALSE_POSITIVE,True
quantum,openf1,qwen,bert,1,131,lap_time_ms,lap_time_ms,qwen_semantic,FALSE_POSITIVE,True
quantum,openf1,qwen,bert,1,131,pit_stop_count,pit_stop_count,qwen_semantic,FALSE_POSITIVE,True
quantum,openf1,qwen,bert,1,131,tire_compound,tire_compound,qwen_semantic,FALSE_POSITIVE,True
quantum,openf1,qwen,bert,1,131,tire_age_laps,tire_age_laps,qwen_semantic,FALSE_POSITIVE,True
quantum,openf1,qwen,bert,1,131,speed_kmh,speed_kmh,qwen_semantic,FALSE_POSITIVE,True
quantum,openf1,qwen,bert,1,131,throttle,throttle,qwen_semantic,FALSE_POSITIVE,True
quantum,openf1,qwen,bert,1,131,brake,brake,qwen_semantic,FALSE_POSITIVE,True
quantum,openf1,qwen,bert,1,131,n_gear,n_gear,qwen_semantic,FALSE_POSITIVE,True
quantum,openf1,qwen,bert,1,131,rpm,rpm,qwen_semantic,FALSE_POSITIVE,True
quantum,openf1,qwen,bert,1,131,drs,drs,qwen_semantic,FALSE_POSITIVE,True
quantum,openf1,qwen,bert,1,131,ers_deployment_kj,ers_energy_deployed_kj,qwen_semantic,SUCCESS,True
quantum,openf1,qwen,bert,1,131,fuel_remaining_kg,fuel_remaining_kg,qwen_semantic,FALSE_POSITIVE,True
quantum,openf1,qwen,bert,1,131,session_time,session_time,qwen_semantic,FALSE_POSITIVE,True
quantum,openf1,qwen,bert,1,240,driver,driver,qwen_semantic,FALSE_POSITIVE,True
quantum,openf1,qwen,bert,1,240,driver_number,driver_number,qwen_semantic,FALSE_POSITIVE,True
quantum,openf1,qwen,bert,1,240,team,team,qwen_semantic,FALSE_POSITIVE,True
quantum,openf1,qwen,bert,1,240,team_color,team_color_code,qwen_semantic,SUCCESS,True
quantum,openf1,qwen,bert,1,240,position,position,qwen_semantic,FALSE_POSITIVE,True
quantum,openf1,qwen,bert,1,240,lap_number,lap_number,qwen_semantic,FALSE_POSITIVE,True
quantum,openf1,qwen,bert,1,240,lap_time_ms,lap_time_ms,qwen_semantic,FALSE_POSITIVE,True
quantum,openf1,qwen,bert,1,240,pit_stop_count,pit_stop_count,qwen_semantic,FALSE_POSITIVE,True
quantum,openf1,qwen,bert,1,240,tire_compound,tire_compound,qwen_semantic,FALSE_POSITIVE,True
quantum,openf1,qwen,bert,1,240,tire_age_laps,tire_age_laps,qwen_semantic,FALSE_POSITIVE,True
quantum,openf1,qwen,bert,1,240,speed_kmh,speed_kmh,qwen_semantic,FALSE_POSITIVE,True
quantum,openf1,qwen,bert,1,240,throttle,throttle,qwen_semantic,FALSE_POSITIVE,True
quantum,openf1,qwen,bert,1,240,brake,brake,qwen_semantic,FALSE_POSITIVE,True
quantum,openf1,qwen,bert,1,240,n_gear,n_gear,qwen_semantic,FALSE_POSITIVE,True
quantum,openf1,qwen,bert,1,240,rpm,rpm,qwen_semantic,FALSE_POSITIVE,True
quantum,openf1,qwen,bert,1,240,drs,drs,qwen_semantic,FALSE_POSITIVE,True
quantum,openf1,qwen,bert,1,240,ers_deployment_kj,ers_deployment_kj,qwen_semantic,FALSE_POSITIVE,True
quantum,openf1,qwen,bert,1,240,fuel_remaining_kg,fuel_remaining_kg,qwen_semantic,FALSE_POSITIVE,True
quantum,openf1,qwen,bert,1,240,session_time,session_time,qwen_semantic,FALSE_POSITIVE,True
quantum,openf1,qwen,bert,1,249,driver,driver,qwen_semantic,FALSE_POSITIVE,True
quantum,openf1,qwen,bert,1,249,driver_number,driver_number,qwen_semantic,FALSE_POSITIVE,True
quantum,openf1,qwen,bert,1,249,team,team,qwen_semantic,FALSE_POSITIVE,True
quantum,openf1,qwen,bert,1,249,team_color,team_color_code,qwen_semantic,SUCCESS,True
quantum,openf1,qwen,bert,1,249,position,position,qwen_semantic,FALSE_POSITIVE,True
quantum,openf1,qwen,bert,1,249,lap_number,lap_number,qwen_semantic,FALSE_POSITIVE,True
quantum,openf1,qwen,bert,1,249,lap_time_ms,lap_time_ms,qwen_semantic,FALSE_POSITIVE,True
quantum,openf1,qwen,bert,1,249,pit_stop_count,pit_stop_count,qwen_semantic,FALSE_POSITIVE,True
quantum,openf1,qwen,bert,1,249,tire_compound,tire_compound,qwen_semantic,FALSE_POSITIVE,True
quantum,openf1,qwen,bert,1,249,tire_age_laps,tire_age_laps,qwen_semantic,FALSE_POSITIVE,True
quantum,openf1,qwen,bert,1,249,speed_kmh,speed_kmh,qwen_semantic,FALSE_POSITIVE,True
quantum,openf1,qwen,bert,1,249,throttle,throttle,qwen_semantic,FALSE_POSITIVE,True
quantum,openf1,qwen,bert,1,249,brake,brake,qwen_semantic,FALSE_POSITIVE,True
quantum,openf1,qwen,bert,1,249,n_gear,n_gear,qwen_semantic,FALSE_POSITIVE,True
quantum,openf1,qwen,bert,1,249,rpm,rpm,qwen_semantic,FALSE_POSITIVE,True
quantum,openf1,qwen,bert,1,249,drs,drs,qwen_semantic,FALSE_POSITIVE,True
quantum,openf1,qwen,bert,1,249,ers_deployment_kj,ers_deployment_kj,qwen_semantic,FALSE_POSITIVE,True
quantum,openf1,qwen,bert,1,249,fuel_remaining_kg,fuel_remaining_kg,qwen_semantic,FALSE_POSITIVE,True
quantum,openf1,qwen,bert,1,249,session_time,session_time,qwen_semantic,FALSE_POSITIVE,True
quantum,openf1,qwen,bert,1,272,driver,driver,qwen_semantic,FALSE_POSITIVE,True
quantum,openf1,qwen,bert,1,272,driver_number,driver_number,qwen_semantic,FALSE_POSITIVE,True
quantum,openf1,qwen,bert,1,272,team,team,qwen_semantic,FALSE_POSITIVE,True
quantum,openf1,qwen,bert,1,272,team_color,team_color,qwen_semantic,FALSE_POSITIVE,True
quantum,openf1,qwen,bert,1,272,position,position,qwen_semantic,FALSE_POSITIVE,True
quantum,openf1,qwen,bert,1,272,lap_number,lap_number,qwen_semantic,FALSE_POSITIVE,True
quantum,openf1,qwen,bert,1,272,lap_time_ms,lap_time_ms,qwen_semantic,FALSE_POSITIVE,True
quantum,openf1,qwen,bert,1,272,pit_stop_count,pit_stop_count,qwen_semantic,FALSE_POSITIVE,True
quantum,openf1,qwen,bert,1,272,tire_compound,tire_compound,qwen_semantic,FALSE_POSITIVE,True
quantum,openf1,qwen,bert,1,272,tire_age_laps,tire_age_laps,qwen_semantic,FALSE_POSITIVE,True
quantum,openf1,qwen,bert,1,272,speed_kmh,speed_kmh,qwen_semantic,FALSE_POSITIVE,True
quantum,openf1,qwen,bert,1,272,throttle,throttle,qwen_semantic,FALSE_POSITIVE,True
quantum,openf1,qwen,bert,1,272,brake,brake,qwen_semantic,FALSE_POSITIVE,True
quantum,openf1,qwen,bert,1,272,n_gear,n_gear,qwen_semantic,FALSE_POSITIVE,True
quantum,openf1,qwen,bert,1,272,rpm,rpm,qwen_semantic,FALSE_POSITIVE,True
quantum,openf1,qwen,bert,1,272,drs,drs,qwen_semantic,FALSE_POSITIVE,True
quantum,openf1,qwen,bert,1,272,ers_deployment_kj,ers_deployment_kj,qwen_semantic,FALSE_POSITIVE,True
quantum,openf1,qwen,bert,1,272,fuel_remaining_kg,fuel_remaining_kg,qwen_semantic,FALSE_POSITIVE,True
quantum,openf1,qwen,bert,1,272,session_time,session_duration,qwen_semantic,SUCCESS,True
quantum,openf1,qwen,bert,1,294,driver,driver,qwen_semantic,FALSE_POSITIVE,True
quantum,openf1,qwen,bert,1,294,driver_number,driver_number,qwen_semantic,FALSE_POSITIVE,True
quantum,openf1,qwen,bert,1,294,team,team,qwen_semantic,FALSE_POSITIVE,True
quantum,openf1,qwen,bert,1,294,team_color,team_color,qwen_semantic,FALSE_POSITIVE,True
quantum,openf1,qwen,bert,1,294,position,position,qwen_semantic,FALSE_POSITIVE,True
quantum,openf1,qwen,bert,1,294,lap_number,lap_number,qwen_semantic,FALSE_POSITIVE,True
quantum,openf1,qwen,bert,1,294,lap_time_ms,lap_time_ms,qwen_semantic,FALSE_POSITIVE,True
quantum,openf1,qwen,bert,1,294,pit_stop_count,pit_stop_count,qwen_semantic,FALSE_POSITIVE,True
quantum,openf1,qwen,bert,1,294,tire_compound,tire_compound,qwen_semantic,FALSE_POSITIVE,True
quantum,openf1,qwen,bert,1,294,tire_age_laps,tire_age_laps,qwen_semantic,FALSE_POSITIVE,True
quantum,openf1,qwen,bert,1,294,speed_kmh,speed_kmh,qwen_semantic,FALSE_POSITIVE,True
quantum,openf1,qwen,bert,1,294,throttle,throttle,qwen_semantic,FALSE_POSITIVE,True
quantum,openf1,qwen,bert,1,294,brake,brake,qwen_semantic,FALSE_POSITIVE,True
quantum,openf1,qwen,bert,1,294,n_gear,n_gear,qwen_semantic,FALSE_POSITIVE,True
quantum,openf1,qwen,bert,1,294,rpm,rpm,qwen_semantic,FALSE_POSITIVE,True
quantum,openf1,qwen,bert,1,294,drs,drs,qwen_semantic,FALSE_POSITIVE,True
quantum,openf1,qwen,bert,1,294,ers_deployment_kj,ers_deployment_kj,qwen_semantic,FALSE_POSITIVE,True
quantum,openf1,qwen,bert,1,294,fuel_remaining_kg,fuel_remaining_kg,qwen_semantic,FALSE_POSITIVE,True
quantum,openf1,qwen,bert,1,294,session_time,session_duration,qwen_semantic,SUCCESS,True
quantum,openf1,qwen,bert,1,313,driver,driver,qwen_semantic,FALSE_POSITIVE,True
quantum,openf1,qwen,bert,1,313,driver_number,driver_number,qwen_semantic,FALSE_POSITIVE,True
quantum,openf1,qwen,bert,1,313,team,team,qwen_semantic,FALSE_POSITIVE,True
quantum,openf1,qwen,bert,1,313,team_color,team_color,qwen_semantic,FALSE_POSITIVE,True
quantum,openf1,qwen,bert,1,313,position,position,qwen_semantic,FALSE_POSITIVE,True
quantum,openf1,qwen,bert,1,313,lap_number,lap_number,qwen_semantic,FALSE_POSITIVE,True
quantum,openf1,qwen,bert,1,313,lap_time_ms,lap_time_ms,qwen_semantic,FALSE_POSITIVE,True
quantum,openf1,qwen,bert,1,313,pit_stop_count,pit_stop_count,qwen_semantic,FALSE_POSITIVE,True
quantum,openf1,qwen,bert,1,313,tire_compound,tire_compound,qwen_semantic,FALSE_POSITIVE,True
quantum,openf1,qwen,bert,1,313,tire_age_laps,tire_age_laps,qwen_semantic,FALSE_POSITIVE,True
quantum,openf1,qwen,bert,1,313,speed_kmh,speed_kmh,qwen_semantic,FALSE_POSITIVE,True
quantum,openf1,qwen,bert,1,313,throttle,throttle,qwen_semantic,FALSE_POSITIVE,True
quantum,openf1,qwen,bert,1,313,brake,brake,qwen_semantic,FALSE_POSITIVE,True
quantum,openf1,qwen,bert,1,313,n_gear,n_gear,qwen_semantic,FALSE_POSITIVE,True
quantum,openf1,qwen,bert,1,313,rpm,rpm,qwen_semantic,FALSE_POSITIVE,True
quantum,openf1,qwen,bert,1,313,drs,drs,qwen_semantic,FALSE_POSITIVE,True
quantum,openf1,qwen,bert,1,313,ers_deployment_kj,ers_deployment_kj,qwen_semantic,FALSE_POSITIVE,True
quantum,openf1,qwen,bert,1,313,fuel_remaining_kg,fuel_remaining_kg,qwen_semantic,FALSE_POSITIVE,True
quantum,openf1,qwen,bert,1,313,session_time,session_duration,qwen_semantic,SUCCESS,True
quantum,openf1,qwen,bert,1,376,driver,driver,qwen_semantic,SUCCESS,True
quantum,openf1,qwen,bert,1,376,driver_number,driver_number,qwen_semantic,SUCCESS,True
quantum,openf1,qwen,bert,1,376,team,team,qwen_semantic,SUCCESS,True
quantum,openf1,qwen,bert,1,376,team_color,team_color,qwen_semantic,SUCCESS,True
quantum,openf1,qwen,bert,1,376,position,position,qwen_semantic,SUCCESS,True
quantum,openf1,qwen,bert,1,376,lap_number,lap_number,qwen_semantic,SUCCESS,True
quantum,openf1,qwen,bert,1,376,lap_time_ms,lap_time_ms,qwen_semantic,SUCCESS,True
quantum,openf1,qwen,bert,1,376,pit_stop_count,pit_stop_count,qwen_semantic,SUCCESS,True
quantum,openf1,qwen,bert,1,376,tire_compound,tire_compound,qwen_semantic,SUCCESS,True
quantum,openf1,qwen,bert,1,376,tire_age_laps,tire_age_laps,qwen_semantic,SUCCESS,True
quantum,openf1,qwen,bert,1,376,speed_kmh,speed_kmh,qwen_semantic,SUCCESS,True
quantum,openf1,qwen,bert,1,376,throttle,throttle,qwen_semantic,SUCCESS,True
quantum,openf1,qwen,bert,1,376,brake,brake,qwen_semantic,SUCCESS,True
quantum,openf1,qwen,bert,1,376,n_gear,n_gear,qwen_semantic,SUCCESS,True
quantum,openf1,qwen,bert,1,376,rpm,rpm,qwen_semantic,SUCCESS,True
quantum,openf1,qwen,bert,1,376,drs,drs,qwen_semantic,SUCCESS,True
quantum,openf1,qwen,bert,1,376,ers_deployment_kj,ers_deployment_kj,qwen_semantic,SUCCESS,True
quantum,openf1,qwen,bert,1,376,fuel_remaining_kg,fuel_remaining_kg,qwen_semantic,SUCCESS,True
quantum,openf1,qwen,bert,1,376,session_time,session_time,qwen_semantic,SUCCESS,True
quantum,openf1,qwen,bert,1,382,driver,driver,qwen_semantic,FALSE_POSITIVE,True
quantum,openf1,qwen,bert,1,382,driver_number,driver_number,qwen_semantic,FALSE_POSITIVE,True
quantum,openf1,qwen,bert,1,382,team,team,qwen_semantic,FALSE_POSITIVE,True
quantum,openf1,qwen,bert,1,382,team_color,team_color_code,qwen_semantic,SUCCESS,True
quantum,openf1,qwen,bert,1,382,position,position,qwen_semantic,FALSE_POSITIVE,True
quantum,openf1,qwen,bert,1,382,lap_number,lap_number,qwen_semantic,FALSE_POSITIVE,True
quantum,openf1,qwen,bert,1,382,lap_time_ms,lap_time_ms,qwen_semantic,FALSE_POSITIVE,True
quantum,openf1,qwen,bert,1,382,pit_stop_count,pit_stop_count,qwen_semantic,FALSE_POSITIVE,True
quantum,openf1,qwen,bert,1,382,tire_compound,tire_compound,qwen_semantic,FALSE_POSITIVE,True
quantum,openf1,qwen,bert,1,382,tire_age_laps,tire_age_laps,qwen_semantic,FALSE_POSITIVE,True
quantum,openf1,qwen,bert,1,382,speed_kmh,speed_kmh,qwen_semantic,FALSE_POSITIVE,True
quantum,openf1,qwen,bert,1,382,throttle,throttle,qwen_semantic,FALSE_POSITIVE,True
quantum,openf1,qwen,bert,1,382,brake,brake,qwen_semantic,FALSE_POSITIVE,True
quantum,openf1,qwen,bert,1,382,n_gear,n_gear,qwen_semantic,FALSE_POSITIVE,True
quantum,openf1,qwen,bert,1,382,rpm,rpm,qwen_semantic,FALSE_POSITIVE,True
quantum,openf1,qwen,bert,1,382,drs,drs,qwen_semantic,FALSE_POSITIVE,True
quantum,openf1,qwen,bert,1,382,ers_deployment_kj,ers_deployment_kj,qwen_semantic,FALSE_POSITIVE,True
quantum,openf1,qwen,bert,1,382,fuel_remaining_kg,fuel_remaining_kg,qwen_semantic,FALSE_POSITIVE,True
quantum,openf1,qwen,bert,1,382,session_time,session_time,qwen_semantic,FALSE_POSITIVE,True
quantum,openf1,qwen,bert,1,398,driver,driver,qwen_semantic,FALSE_POSITIVE,True
quantum,openf1,qwen,bert,1,398,driver_number,driver_number,qwen_semantic,FALSE_POSITIVE,True
quantum,openf1,qwen,bert,1,398,team,team,qwen_semantic,FALSE_POSITIVE,True
quantum,openf1,qwen,bert,1,398,team_color,team_color_code,qwen_semantic,SUCCESS,True
quantum,openf1,qwen,bert,1,398,position,position,qwen_semantic,FALSE_POSITIVE,True
quantum,openf1,qwen,bert,1,398,lap_number,lap_number,qwen_semantic,FALSE_POSITIVE,True
quantum,openf1,qwen,bert,1,398,lap_time_ms,lap_time_ms,qwen_semantic,FALSE_POSITIVE,True
quantum,openf1,qwen,bert,1,398,pit_stop_count,pit_stop_count,qwen_semantic,FALSE_POSITIVE,True
quantum,openf1,qwen,bert,1,398,tire_compound,tire_compound,qwen_semantic,FALSE_POSITIVE,True
quantum,openf1,qwen,bert,1,398,tire_age_laps,tire_age_laps,qwen_semantic,FALSE_POSITIVE,True
quantum,openf1,qwen,bert,1,398,speed_kmh,speed_kmh,qwen_semantic,FALSE_POSITIVE,True
quantum,openf1,qwen,bert,1,398,throttle,throttle,qwen_semantic,FALSE_POSITIVE,True
quantum,openf1,qwen,bert,1,398,brake,brake,qwen_semantic,FALSE_POSITIVE,True
quantum,openf1,qwen,bert,1,398,n_gear,n_gear,qwen_semantic,FALSE_POSITIVE,True
quantum,openf1,qwen,bert,1,398,rpm,rpm,qwen_semantic,FALSE_POSITIVE,True
quantum,openf1,qwen,bert,1,398,drs,drs,qwen_semantic,FALSE_POSITIVE,True
quantum,openf1,qwen,bert,1,398,ers_deployment_kj,ers_energy_deployed_kj,qwen_semantic,SUCCESS,True
quantum,openf1,qwen,bert,1,398,fuel_remaining_kg,fuel_remaining_kg,qwen_semantic,FALSE_POSITIVE,True
quantum,openf1,qwen,bert,1,398,session_time,session_time,qwen_semantic,FALSE_POSITIVE,True
quantum,openf1,qwen,bert,1,416,driver,driver,qwen_semantic,FALSE_POSITIVE,True
quantum,openf1,qwen,bert,1,416,driver_number,driver_number,qwen_semantic,FALSE_POSITIVE,True
quantum,openf1,qwen,bert,1,416,team,team,qwen_semantic,FALSE_POSITIVE,True
quantum,openf1,qwen,bert,1,416,team_color,team_color_code,qwen_semantic,SUCCESS,True
quantum,openf1,qwen,bert,1,416,position,position,qwen_semantic,FALSE_POSITIVE,True
quantum,openf1,qwen,bert,1,416,lap_number,lap_number,qwen_semantic,FALSE_POSITIVE,True
quantum,openf1,qwen,bert,1,416,lap_time_ms,lap_time_ms,qwen_semantic,FALSE_POSITIVE,True
quantum,openf1,qwen,bert,1,416,pit_stop_count,pit_stop_count,qwen_semantic,FALSE_POSITIVE,True
quantum,openf1,qwen,bert,1,416,tire_compound,tire_compound,qwen_semantic,FALSE_POSITIVE,True
quantum,openf1,qwen,bert,1,416,tire_age_laps,tire_age_laps,qwen_semantic,FALSE_POSITIVE,True
quantum,openf1,qwen,bert,1,416,speed_kmh,speed_kmh,qwen_semantic,FALSE_POSITIVE,True
quantum,openf1,qwen,bert,1,416,throttle,throttle,qwen_semantic,FALSE_POSITIVE,True
quantum,openf1,qwen,bert,1,416,brake,brake,qwen_semantic,FALSE_POSITIVE,True
quantum,openf1,qwen,bert,1,416,n_gear,gear,qwen_semantic,SUCCESS,True
quantum,openf1,qwen,bert,1,416,rpm,rpm,qwen_semantic,FALSE_POSITIVE,True
quantum,openf1,qwen,bert,1,416,drs,drs,qwen_semantic,FALSE_POSITIVE,True
quantum,openf1,qwen,bert,1,416,ers_deployment_kj,ers_deployment_kj,qwen_semantic,FALSE_POSITIVE,True
quantum,openf1,qwen,bert,1,416,fuel_remaining_kg,fuel_remaining_kg,qwen_semantic,FALSE_POSITIVE,True
quantum,openf1,qwen,bert,1,416,session_time,session_time,qwen_semantic,FALSE_POSITIVE,True
quantum,openf1,qwen,bert,1,430,driver,driver,qwen_semantic,FALSE_POSITIVE,True
quantum,openf1,qwen,bert,1,430,driver_number,driver_number,qwen_semantic,FALSE_POSITIVE,True
quantum,openf1,qwen,bert,1,430,team,team,qwen_semantic,FALSE_POSITIVE,True
quantum,openf1,qwen,bert,1,430,team_color,team_color,qwen_semantic,FALSE_POSITIVE,True
quantum,openf1,qwen,bert,1,430,position,position,qwen_semantic,FALSE_POSITIVE,True
quantum,openf1,qwen,bert,1,430,lap_number,lap_number,qwen_semantic,FALSE_POSITIVE,True
quantum,openf1,qwen,bert,1,430,lap_time_ms,lap_time_ms,qwen_semantic,FALSE_POSITIVE,True
quantum,openf1,qwen,bert,1,430,pit_stop_count,pit_stop_count,qwen_semantic,FALSE_POSITIVE,True
quantum,openf1,qwen,bert,1,430,tire_compound,tire_compound,qwen_semantic,FALSE_POSITIVE,True
quantum,openf1,qwen,bert,1,430,tire_age_laps,tire_age_laps,qwen_semantic,FALSE_POSITIVE,True
quantum,openf1,qwen,bert,1,430,speed_kmh,speed_kmh,qwen_semantic,FALSE_POSITIVE,True
quantum,openf1,qwen,bert,1,430,throttle,throttle,qwen_semantic,FALSE_POSITIVE,True
quantum,openf1,qwen,bert,1,430,brake,brake,qwen_semantic,FALSE_POSITIVE,True
quantum,openf1,qwen,bert,1,430,n_gear,n_gear,qwen_semantic,FALSE_POSITIVE,True
quantum,openf1,qwen,bert,1,430,rpm,rpm,qwen_semantic,FALSE_POSITIVE,True
quantum,openf1,qwen,bert,1,430,drs,drs,qwen_semantic,FALSE_POSITIVE,True
quantum,openf1,qwen,bert,1,430,ers_deployment_kj,ers_deployment_kj,qwen_semantic,FALSE_POSITIVE,True
quantum,openf1,qwen,bert,1,430,fuel_remaining_kg,fuel_remaining_liters,qwen_semantic,SUCCESS,True
quantum,openf1,qwen,bert,1,430,session_time,session_time,qwen_semantic,FALSE_POSITIVE,True
quantum,openf1,qwen,bert,1,432,driver,driver,qwen_semantic,FALSE_POSITIVE,True
quantum,openf1,qwen,bert,1,432,driver_number,driver_number,qwen_semantic,FALSE_POSITIVE,True
quantum,openf1,qwen,bert,1,432,team,team,qwen_semantic,FALSE_POSITIVE,True
quantum,openf1,qwen,bert,1,432,team_color,team_color_code,qwen_semantic,SUCCESS,True
quantum,openf1,qwen,bert,1,432,position,position,qwen_semantic,FALSE_POSITIVE,True
quantum,openf1,qwen,bert,1,432,lap_number,lap_number,qwen_semantic,FALSE_POSITIVE,True
quantum,openf1,qwen,bert,1,432,lap_time_ms,lap_time_ms,qwen_semantic,FALSE_POSITIVE,True
quantum,openf1,qwen,bert,1,432,pit_stop_count,pit_stop_count,qwen_semantic,FALSE_POSITIVE,True
quantum,openf1,qwen,bert,1,432,tire_compound,tire_compound,qwen_semantic,FALSE_POSITIVE,True
quantum,openf1,qwen,bert,1,432,tire_age_laps,tire_age_laps,qwen_semantic,FALSE_POSITIVE,True
quantum,openf1,qwen,bert,1,432,speed_kmh,speed_kmh,qwen_semantic,FALSE_POSITIVE,True
quantum,openf1,qwen,bert,1,432,throttle,throttle,qwen_semantic,FALSE_POSITIVE,True
quantum,openf1,qwen,bert,1,432,brake,brake,qwen_semantic,FALSE_POSITIVE,True
quantum,openf1,qwen,bert,1,432,n_gear,n_gear,qwen_semantic,FALSE_POSITIVE,True
quantum,openf1,qwen,bert,1,432,rpm,rpm,qwen_semantic,FALSE_POSITIVE,True
quantum,openf1,qwen,bert,1,432,drs,drs,qwen_semantic,FALSE_POSITIVE,True
quantum,openf1,qwen,bert,1,432,ers_deployment_kj,ers_deployment_kj,qwen_semantic,FALSE_POSITIVE,True
quantum,openf1,qwen,bert,1,432,fuel_remaining_kg,fuel_remaining_kg,qwen_semantic,FALSE_POSITIVE,True
quantum,openf1,qwen,bert,1,432,session_time,session_time,qwen_semantic,FALSE_POSITIVE,True
quantum,openf1,qwen,bert,1,436,driver,driver,qwen_semantic,FALSE_POSITIVE,True
quantum,openf1,qwen,bert,1,436,driver_number,driver_number,qwen_semantic,FALSE_POSITIVE,True
quantum,openf1,qwen,bert,1,436,team,team,qwen_semantic,FALSE_POSITIVE,True
quantum,openf1,qwen,bert,1,436,team_color,team_color_code,qwen_semantic,SUCCESS,True
quantum,openf1,qwen,bert,1,436,position,position,qwen_semantic,FALSE_POSITIVE,True
quantum,openf1,qwen,bert,1,436,lap_number,lap_number,qwen_semantic,FALSE_POSITIVE,True
quantum,openf1,qwen,bert,1,436,lap_time_ms,lap_time_ms,qwen_semantic,FALSE_POSITIVE,True
quantum,openf1,qwen,bert,1,436,pit_stop_count,pit_stop_count,qwen_semantic,FALSE_POSITIVE,True
quantum,openf1,qwen,bert,1,436,tire_compound,tire_compound,qwen_semantic,FALSE_POSITIVE,True
quantum,openf1,qwen,bert,1,436,tire_age_laps,tire_age_laps,qwen_semantic,FALSE_POSITIVE,True
quantum,openf1,qwen,bert,1,436,speed_kmh,speed_kmh,qwen_semantic,FALSE_POSITIVE,True
quantum,openf1,qwen,bert,1,436,throttle,throttle,qwen_semantic,FALSE_POSITIVE,True
quantum,openf1,qwen,bert,1,436,brake,brake,qwen_semantic,FALSE_POSITIVE,True
quantum,openf1,qwen,bert,1,436,n_gear,n_gear,qwen_semantic,FALSE_POSITIVE,True
quantum,openf1,qwen,bert,1,436,rpm,rpm,qwen_semantic,FALSE_POSITIVE,True
quantum,openf1,qwen,bert,1,436,drs,drs,qwen_semantic,FALSE_POSITIVE,True
quantum,openf1,qwen,bert,1,436,ers_deployment_kj,ers_deployment_kj,qwen_semantic,FALSE_POSITIVE,True
quantum,openf1,qwen,bert,1,436,fuel_remaining_kg,fuel_remaining_kg,qwen_semantic,FALSE_POSITIVE,True
quantum,openf1,qwen,bert,1,436,session_time,session_time,qwen_semantic,FALSE_POSITIVE,True
quantum,openf1,qwen,bert,1,448,driver,driver,qwen_semantic,FALSE_POSITIVE,True
quantum,openf1,qwen,bert,1,448,driver_number,driver_number,qwen_semantic,FALSE_POSITIVE,True
quantum,openf1,qwen,bert,1,448,team,team,qwen_semantic,FALSE_POSITIVE,True
quantum,openf1,qwen,bert,1,448,team_color,team_color_code,qwen_semantic,SUCCESS,True
quantum,openf1,qwen,bert,1,448,position,position,qwen_semantic,FALSE_POSITIVE,True
quantum,openf1,qwen,bert,1,448,lap_number,lap_number,qwen_semantic,FALSE_POSITIVE,True
quantum,openf1,qwen,bert,1,448,lap_time_ms,lap_time_ms,qwen_semantic,FALSE_POSITIVE,True
quantum,openf1,qwen,bert,1,448,pit_stop_count,pit_stop_count,qwen_semantic,FALSE_POSITIVE,True
quantum,openf1,qwen,bert,1,448,tire_compound,tire_compound,qwen_semantic,FALSE_POSITIVE,True
quantum,openf1,qwen,bert,1,448,tire_age_laps,tire_age_laps,qwen_semantic,FALSE_POSITIVE,True
quantum,openf1,qwen,bert,1,448,speed_kmh,speed_kmh,qwen_semantic,FALSE_POSITIVE,True
quantum,openf1,qwen,bert,1,448,throttle,throttle,qwen_semantic,FALSE_POSITIVE,True
quantum,openf1,qwen,bert,1,448,brake,brake,qwen_semantic,FALSE_POSITIVE,True
quantum,openf1,qwen,bert,1,448,n_gear,gear,qwen_semantic,SUCCESS,True
quantum,openf1,qwen,bert,1,448,rpm,rpm,qwen_semantic,FALSE_POSITIVE,True
quantum,openf1,qwen,bert,1,448,drs,drs,qwen_semantic,FALSE_POSITIVE,True
quantum,openf1,qwen,bert,1,448,ers_deployment_kj,ers_deployment_kj,qwen_semantic,FALSE_POSITIVE,True
quantum,openf1,qwen,bert,1,448,fuel_remaining_kg,fuel_remaining_kg,qwen_semantic,FALSE_POSITIVE,True
quantum,openf1,qwen,bert,1,448,session_time,session_time,qwen_semantic,FALSE_POSITIVE,True
quantum,openf1,qwen,bert,1,481,driver,driver,qwen_semantic,FALSE_POSITIVE,True
quantum,openf1,qwen,bert,1,481,driver_number,driver_number,qwen_semantic,FALSE_POSITIVE,True
quantum,openf1,qwen,bert,1,481,team,team,qwen_semantic,FALSE_POSITIVE,True
quantum,openf1,qwen,bert,1,481,team_color,team_color,qwen_semantic,FALSE_POSITIVE,True
quantum,openf1,qwen,bert,1,481,position,position,qwen_semantic,FALSE_POSITIVE,True
quantum,openf1,qwen,bert,1,481,lap_number,lap_number,qwen_semantic,FALSE_POSITIVE,True
quantum,openf1,qwen,bert,1,481,lap_time_ms,lap_time_ms,qwen_semantic,FALSE_POSITIVE,True
quantum,openf1,qwen,bert,1,481,pit_stop_count,pit_stop_count,qwen_semantic,FALSE_POSITIVE,True
quantum,openf1,qwen,bert,1,481,tire_compound,tire_compound,qwen_semantic,FALSE_POSITIVE,True
quantum,openf1,qwen,bert,1,481,tire_age_laps,tire_age_laps,qwen_semantic,FALSE_POSITIVE,True
quantum,openf1,qwen,bert,1,481,speed_kmh,speed_kmh,qwen_semantic,FALSE_POSITIVE,True
quantum,openf1,qwen,bert,1,481,throttle,throttle,qwen_semantic,FALSE_POSITIVE,True
quantum,openf1,qwen,bert,1,481,brake,brake,qwen_semantic,FALSE_POSITIVE,True
quantum,openf1,qwen,bert,1,481,n_gear,n_gear,qwen_semantic,FALSE_POSITIVE,True
quantum,openf1,qwen,bert,1,481,rpm,rpm,qwen_semantic,FALSE_POSITIVE,True
quantum,openf1,qwen,bert,1,481,drs,drs,qwen_semantic,FALSE_POSITIVE,True
quantum,openf1,qwen,bert,1,481,ers_deployment_kj,ers_deployment_kj,qwen_semantic,FALSE_POSITIVE,True
quantum,openf1,qwen,bert,1,481,fuel_remaining_kg,fuel_remaining_kg,qwen_semantic,FALSE_POSITIVE,True
quantum,openf1,qwen,bert,1,481,session_time,session_duration,qwen_semantic,SUCCESS,True
quantum,finnhub,qwen,bert,1,24,symbol,symbol,qwen_semantic,FALSE_POSITIVE,True
quantum,finnhub,qwen,bert,1,24,current_price,current_price,qwen_semantic,FALSE_POSITIVE,True
quantum,finnhub,qwen,bert,1,24,change,change,qwen_semantic,FALSE_POSITIVE,True
quantum,finnhub,qwen,bert,1,24,percent_change,percent_change,qwen_semantic,FALSE_POSITIVE,True
quantum,finnhub,qwen,bert,1,24,high,high,qwen_semantic,FALSE_POSITIVE,True
quantum,finnhub,qwen,bert,1,24,low,low,qwen_semantic,FALSE_POSITIVE,True
quantum,finnhub,qwen,bert,1,24,open,open,qwen_semantic,FALSE_POSITIVE,True
quantum,finnhub,qwen,bert,1,24,previous_close,previous_close,qwen_semantic,FALSE_POSITIVE,True
quantum,finnhub,qwen,bert,1,24,market_cap,market_cap,qwen_semantic,FALSE_POSITIVE,True
quantum,finnhub,qwen,bert,1,24,volume,volume,qwen_semantic,FALSE_POSITIVE,True
quantum,finnhub,qwen,bert,1,24,avg_volume,avg_volume,qwen_semantic,FALSE_POSITIVE,True
quantum,finnhub,qwen,bert,1,24,pe_ratio,pe_ratio,qwen_semantic,FALSE_POSITIVE,True
quantum,finnhub,qwen,bert,1,24,dividend_yield,dividend_yield,qwen_semantic,FALSE_POSITIVE,True
quantum,finnhub,qwen,bert,1,24,beta,beta,qwen_semantic,FALSE_POSITIVE,True
quantum,finnhub,qwen,bert,1,24,52w_high,52w_high,qwen_semantic,FALSE_POSITIVE,True
quantum,finnhub,qwen,bert,1,24,52w_low,52w_low,qwen_semantic,FALSE_POSITIVE,True
quantum,finnhub,qwen,bert,1,24,sector,sector,qwen_semantic,FALSE_POSITIVE,True
quantum,finnhub,qwen,bert,1,24,industry,industry,qwen_semantic,FALSE_POSITIVE,True
quantum,finnhub,qwen,bert,1,24,timestamp,,qwen_semantic,FAILURE,True
quantum,finnhub,qwen,regex,1,44,current_price,currentPrice,qwen_semantic,SUCCESS,True
quantum,finnhub,qwen,regex,1,44,dividend_yield,dividendYield,qwen_semantic,SUCCESS,True
quantum,finnhub,qwen,regex,1,44,volume,volume,qwen_semantic,FALSE_POSITIVE,True
quantum,finnhub,qwen,regex,1,44,52w_high,high,qwen_semantic,SUCCESS,True
quantum,finnhub,qwen,regex,1,44,52w_low,low,qwen_semantic,SUCCESS,True
quantum,finnhub,qwen,regex,1,44,high,high,qwen_semantic,FALSE_POSITIVE,True
quantum,finnhub,qwen,regex,1,44,percent_change,change,qwen_semantic,SUCCESS,True
quantum,finnhub,qwen,regex,1,44,timestamp,timestamp,qwen_semantic,FALSE_POSITIVE,True
quantum,finnhub,qwen,regex,1,44,symbol,symbol,qwen_semantic,FALSE_POSITIVE,True
quantum,finnhub,qwen,regex,1,44,beta,beta,qwen_semantic,FALSE_POSITIVE,True
quantum,finnhub,qwen,regex,1,44,open,open,qwen_semantic,FALSE_POSITIVE,True
quantum,finnhub,qwen,regex,1,44,sector,sector,qwen_semantic,FALSE_POSITIVE,True
quantum,finnhub,qwen,regex,1,44,low,52wLow,qwen_semantic,FALSE_POSITIVE,True
quantum,finnhub,qwen,regex,1,44,change,percentChange,qwen_semantic,FALSE_POSITIVE,True
quantum,finnhub,qwen,regex,1,44,industry,industry,qwen_semantic,FALSE_POSITIVE,True
quantum,finnhub,qwen,regex,1,44,avg_volume,volume,qwen_semantic,SUCCESS,True
quantum,finnhub,qwen,regex,1,44,market_cap,,qwen_semantic,FAILURE,True
quantum,finnhub,qwen,regex,1,44,pe_ratio,,qwen_semantic,FAILURE,True
quantum,finnhub,qwen,regex,1,44,previous_close,,qwen_semantic,FAILURE,True
quantum,finnhub,qwen,regex,1,45,current_price,currentPrice,qwen_semantic,SUCCESS,True
quantum,finnhub,qwen,regex,1,45,dividend_yield,dividendYield,qwen_semantic,SUCCESS,True
quantum,finnhub,qwen,regex,1,45,volume,volume,qwen_semantic,FALSE_POSITIVE,True
quantum,finnhub,qwen,regex,1,45,52w_high,high,qwen_semantic,SUCCESS,True
quantum,finnhub,qwen,regex,1,45,52w_low,low,qwen_semantic,SUCCESS,True
quantum,finnhub,qwen,regex,1,45,high,high,qwen_semantic,FALSE_POSITIVE,True
quantum,finnhub,qwen,regex,1,45,percent_change,change,qwen_semantic,SUCCESS,True
quantum,finnhub,qwen,regex,1,45,timestamp,timestamp,qwen_semantic,FALSE_POSITIVE,True
quantum,finnhub,qwen,regex,1,45,symbol,symbol,qwen_semantic,FALSE_POSITIVE,True
quantum,finnhub,qwen,regex,1,45,beta,beta,qwen_semantic,FALSE_POSITIVE,True
quantum,finnhub,qwen,regex,1,45,open,open,qwen_semantic,FALSE_POSITIVE,True
quantum,finnhub,qwen,regex,1,45,sector,sector,qwen_semantic,FALSE_POSITIVE,True
quantum,finnhub,qwen,regex,1,45,low,52wLow,qwen_semantic,FALSE_POSITIVE,True
quantum,finnhub,qwen,regex,1,45,change,percentChange,qwen_semantic,FALSE_POSITIVE,True
quantum,finnhub,qwen,regex,1,45,industry,industry,qwen_semantic,FALSE_POSITIVE,True
quantum,finnhub,qwen,regex,1,45,avg_volume,volume,qwen_semantic,SUCCESS,True
quantum,finnhub,qwen,regex,1,45,market_cap,,qwen_semantic,FAILURE,True
quantum,finnhub,qwen,regex,1,45,pe_ratio,,qwen_semantic,FAILURE,True
quantum,finnhub,qwen,regex,1,45,previous_close,,qwen_semantic,FAILURE,True
quantum,finnhub,qwen,bert,1,64,symbol,symbol,qwen_semantic,FALSE_POSITIVE,True
quantum,finnhub,qwen,bert,1,64,current_price,currentPrice,qwen_semantic,SUCCESS,True
quantum,finnhub,qwen,bert,1,64,change,change,qwen_semantic,FALSE_POSITIVE,True
quantum,finnhub,qwen,bert,1,64,percent_change,percentChange,qwen_semantic,SUCCESS,True
quantum,finnhub,qwen,bert,1,64,high,high,qwen_semantic,FALSE_POSITIVE,True
quantum,finnhub,qwen,bert,1,64,low,low,qwen_semantic,FALSE_POSITIVE,True
quantum,finnhub,qwen,bert,1,64,open,open,qwen_semantic,FALSE_POSITIVE,True
quantum,finnhub,qwen,bert,1,64,timestamp,timestamp,qwen_semantic,FALSE_POSITIVE,True
quantum,finnhub,qwen,bert,1,64,market_cap,marketCap,qwen_semantic,SUCCESS,True
quantum,finnhub,qwen,bert,1,64,volume,volume,qwen_semantic,FALSE_POSITIVE,True
quantum,finnhub,qwen,bert,1,64,avg_volume,avgVolume,qwen_semantic,SUCCESS,True
quantum,finnhub,qwen,bert,1,64,beta,beta,qwen_semantic,FALSE_POSITIVE,True
quantum,finnhub,qwen,bert,1,64,52w_high,52wHigh,qwen_semantic,SUCCESS,True
quantum,finnhub,qwen,bert,1,64,52w_low,52wHigh,qwen_semantic,SUCCESS,True
quantum,finnhub,qwen,bert,1,64,sector,sector,qwen_semantic,FALSE_POSITIVE,True
quantum,finnhub,qwen,bert,1,64,industry,industry,qwen_semantic,FALSE_POSITIVE,True
quantum,finnhub,qwen,bert,1,64,previous_close,,qwen_semantic,FAILURE,True
quantum,finnhub,qwen,bert,1,64,pe_ratio,,qwen_semantic,FAILURE,True
quantum,finnhub,qwen,bert,1,64,dividend_yield,,qwen_semantic,FAILURE,True
quantum,finnhub,qwen,regex,1,72,current_price,currentPrice,qwen_semantic,SUCCESS,True
quantum,finnhub,qwen,regex,1,72,dividend_yield,dividendYield,qwen_semantic,SUCCESS,True
quantum,finnhub,qwen,regex,1,72,volume,volume,qwen_semantic,FALSE_POSITIVE,True
quantum,finnhub,qwen,regex,1,72,52w_high,high,qwen_semantic,SUCCESS,True
quantum,finnhub,qwen,regex,1,72,52w_low,low,qwen_semantic,SUCCESS,True
quantum,finnhub,qwen,regex,1,72,high,high,qwen_semantic,FALSE_POSITIVE,True
quantum,finnhub,qwen,regex,1,72,percent_change,change,qwen_semantic,SUCCESS,True
quantum,finnhub,qwen,regex,1,72,timestamp,timestamp,qwen_semantic,FALSE_POSITIVE,True
quantum,finnhub,qwen,regex,1,72,symbol,symbol,qwen_semantic,FALSE_POSITIVE,True
quantum,finnhub,qwen,regex,1,72,beta,beta,qwen_semantic,FALSE_POSITIVE,True
quantum,finnhub,qwen,regex,1,72,open,open,qwen_semantic,FALSE_POSITIVE,True
quantum,finnhub,qwen,regex,1,72,sector,sector,qwen_semantic,FALSE_POSITIVE,True
quantum,finnhub,qwen,regex,1,72,low,52wLow,qwen_semantic,FALSE_POSITIVE,True
quantum,finnhub,qwen,regex,1,72,change,percentChange,qwen_semantic,FALSE_POSITIVE,True
quantum,finnhub,qwen,regex,1,72,industry,industry,qwen_semantic,FALSE_POSITIVE,True
quantum,finnhub,qwen,regex,1,72,avg_volume,volume,qwen_semantic,SUCCESS,True
quantum,finnhub,qwen,regex,1,72,market_cap,,qwen_semantic,FAILURE,True
quantum,finnhub,qwen,regex,1,72,pe_ratio,,qwen_semantic,FAILURE,True
quantum,finnhub,qwen,regex,1,72,previous_close,,qwen_semantic,FAILURE,True
quantum,finnhub,qwen,regex,1,76,current_price,currentPrice,qwen_semantic,SUCCESS,True
quantum,finnhub,qwen,regex,1,76,dividend_yield,dividendYield,qwen_semantic,SUCCESS,True
quantum,finnhub,qwen,regex,1,76,volume,volume,qwen_semantic,FALSE_POSITIVE,True
quantum,finnhub,qwen,regex,1,76,52w_high,high,qwen_semantic,SUCCESS,True
quantum,finnhub,qwen,regex,1,76,52w_low,low,qwen_semantic,SUCCESS,True
quantum,finnhub,qwen,regex,1,76,high,high,qwen_semantic,FALSE_POSITIVE,True
quantum,finnhub,qwen,regex,1,76,percent_change,change,qwen_semantic,SUCCESS,True
quantum,finnhub,qwen,regex,1,76,timestamp,timestamp,qwen_semantic,FALSE_POSITIVE,True
quantum,finnhub,qwen,regex,1,76,symbol,symbol,qwen_semantic,FALSE_POSITIVE,True
quantum,finnhub,qwen,regex,1,76,beta,beta,qwen_semantic,FALSE_POSITIVE,True
quantum,finnhub,qwen,regex,1,76,open,open,qwen_semantic,FALSE_POSITIVE,True
quantum,finnhub,qwen,regex,1,76,sector,sector,qwen_semantic,FALSE_POSITIVE,True
quantum,finnhub,qwen,regex,1,76,low,52wLow,qwen_semantic,FALSE_POSITIVE,True
quantum,finnhub,qwen,regex,1,76,change,percentChange,qwen_semantic,FALSE_POSITIVE,True
quantum,finnhub,qwen,regex,1,76,industry,industry,qwen_semantic,FALSE_POSITIVE,True
quantum,finnhub,qwen,regex,1,76,avg_volume,volume,qwen_semantic,SUCCESS,True
quantum,finnhub,qwen,regex,1,76,market_cap,,qwen_semantic,FAILURE,True
quantum,finnhub,qwen,regex,1,76,pe_ratio,,qwen_semantic,FAILURE,True
quantum,finnhub,qwen,regex,1,76,previous_close,,qwen_semantic,FAILURE,True
quantum,finnhub,qwen,bert,1,77,symbol,symbol,qwen_semantic,FALSE_POSITIVE,True
quantum,finnhub,qwen,bert,1,77,current_price,currentPrice,qwen_semantic,SUCCESS,True
quantum,finnhub,qwen,bert,1,77,change,change,qwen_semantic,FALSE_POSITIVE,True
quantum,finnhub,qwen,bert,1,77,percent_change,percentChange,qwen_semantic,SUCCESS,True
quantum,finnhub,qwen,bert,1,77,high,high,qwen_semantic,FALSE_POSITIVE,True
quantum,finnhub,qwen,bert,1,77,low,low,qwen_semantic,FALSE_POSITIVE,True
quantum,finnhub,qwen,bert,1,77,open,open,qwen_semantic,FALSE_POSITIVE,True
quantum,finnhub,qwen,bert,1,77,timestamp,timestamp,qwen_semantic,FALSE_POSITIVE,True
quantum,finnhub,qwen,bert,1,77,market_cap,marketCap,qwen_semantic,SUCCESS,True
quantum,finnhub,qwen,bert,1,77,volume,volume,qwen_semantic,FALSE_POSITIVE,True
quantum,finnhub,qwen,bert,1,77,avg_volume,avgVolume,qwen_semantic,SUCCESS,True
quantum,finnhub,qwen,bert,1,77,beta,beta,qwen_semantic,FALSE_POSITIVE,True
quantum,finnhub,qwen,bert,1,77,52w_high,52wHigh,qwen_semantic,SUCCESS,True
quantum,finnhub,qwen,bert,1,77,52w_low,52wHigh,qwen_semantic,SUCCESS,True
quantum,finnhub,qwen,bert,1,77,sector,sector,qwen_semantic,FALSE_POSITIVE,True
quantum,finnhub,qwen,bert,1,77,industry,industry,qwen_semantic,FALSE_POSITIVE,True
quantum,finnhub,qwen,bert,1,77,previous_close,,qwen_semantic,FAILURE,True
quantum,finnhub,qwen,bert,1,77,pe_ratio,,qwen_semantic,FAILURE,True
quantum,finnhub,qwen,bert,1,77,dividend_yield,,qwen_semantic,FAILURE,True
quantum,finnhub,qwen,bert,1,133,symbol,symbol,qwen_semantic,FALSE_POSITIVE,True
quantum,finnhub,qwen,bert,1,133,current_price,currentPrice,qwen_semantic,SUCCESS,True
quantum,finnhub,qwen,bert,1,133,change,change,qwen_semantic,FALSE_POSITIVE,True
quantum,finnhub,qwen,bert,1,133,percent_change,percentChange,qwen_semantic,SUCCESS,True
quantum,finnhub,qwen,bert,1,133,high,high,qwen_semantic,FALSE_POSITIVE,True
quantum,finnhub,qwen,bert,1,133,low,low,qwen_semantic,FALSE_POSITIVE,True
quantum,finnhub,qwen,bert,1,133,open,open,qwen_semantic,FALSE_POSITIVE,True
quantum,finnhub,qwen,bert,1,133,timestamp,timestamp,qwen_semantic,FALSE_POSITIVE,True
quantum,finnhub,qwen,bert,1,133,market_cap,marketCap,qwen_semantic,SUCCESS,True
quantum,finnhub,qwen,bert,1,133,volume,volume,qwen_semantic,FALSE_POSITIVE,True
quantum,finnhub,qwen,bert,1,133,avg_volume,avgVolume,qwen_semantic,SUCCESS,True
quantum,finnhub,qwen,bert,1,133,beta,beta,qwen_semantic,FALSE_POSITIVE,True
quantum,finnhub,qwen,bert,1,133,52w_high,52wHigh,qwen_semantic,SUCCESS,True
quantum,finnhub,qwen,bert,1,133,52w_low,52wHigh,qwen_semantic,SUCCESS,True
quantum,finnhub,qwen,bert,1,133,sector,sector,qwen_semantic,FALSE_POSITIVE,True
quantum,finnhub,qwen,bert,1,133,industry,industry,qwen_semantic,FALSE_POSITIVE,True
quantum,finnhub,qwen,bert,1,133,previous_close,,qwen_semantic,FAILURE,True
quantum,finnhub,qwen,bert,1,133,pe_ratio,,qwen_semantic,FAILURE,True
quantum,finnhub,qwen,bert,1,133,dividend_yield,,qwen_semantic,FAILURE,True
quantum,finnhub,qwen,bert,1,146,symbol,symbol,qwen_semantic,FALSE_POSITIVE,True
quantum,finnhub,qwen,bert,1,146,current_price,currentPrice,qwen_semantic,SUCCESS,True
quantum,finnhub,qwen,bert,1,146,change,change,qwen_semantic,FALSE_POSITIVE,True
quantum,finnhub,qwen,bert,1,146,percent_change,percentChange,qwen_semantic,SUCCESS,True
quantum,finnhub,qwen,bert,1,146,high,high,qwen_semantic,FALSE_POSITIVE,True
quantum,finnhub,qwen,bert,1,146,low,low,qwen_semantic,FALSE_POSITIVE,True
quantum,finnhub,qwen,bert,1,146,open,open,qwen_semantic,FALSE_POSITIVE,True
quantum,finnhub,qwen,bert,1,146,timestamp,timestamp,qwen_semantic,FALSE_POSITIVE,True
quantum,finnhub,qwen,bert,1,146,market_cap,marketCap,qwen_semantic,SUCCESS,True
quantum,finnhub,qwen,bert,1,146,volume,volume,qwen_semantic,FALSE_POSITIVE,True
quantum,finnhub,qwen,bert,1,146,avg_volume,avgVolume,qwen_semantic,SUCCESS,True
quantum,finnhub,qwen,bert,1,146,beta,beta,qwen_semantic,FALSE_POSITIVE,True
quantum,finnhub,qwen,bert,1,146,52w_high,52wHigh,qwen_semantic,SUCCESS,True
quantum,finnhub,qwen,bert,1,146,52w_low,52wHigh,qwen_semantic,SUCCESS,True
quantum,finnhub,qwen,bert,1,146,sector,sector,qwen_semantic,FALSE_POSITIVE,True
quantum,finnhub,qwen,bert,1,146,industry,industry,qwen_semantic,FALSE_POSITIVE,True
quantum,finnhub,qwen,bert,1,146,previous_close,,qwen_semantic,FAILURE,True
quantum,finnhub,qwen,bert,1,146,pe_ratio,,qwen_semantic,FAILURE,True
quantum,finnhub,qwen,bert,1,146,dividend_yield,,qwen_semantic,FAILURE,True
quantum,finnhub,qwen,bert,1,153,symbol,symbol,qwen_semantic,FALSE_POSITIVE,True
quantum,finnhub,qwen,bert,1,153,current_price,current_price,qwen_semantic,FALSE_POSITIVE,True
quantum,finnhub,qwen,bert,1,153,change,change,qwen_semantic,FALSE_POSITIVE,True
quantum,finnhub,qwen,bert,1,153,percent_change,percent_change_alt,qwen_semantic,SUCCESS,True
quantum,finnhub,qwen,bert,1,153,high,high,qwen_semantic,FALSE_POSITIVE,True
quantum,finnhub,qwen,bert,1,153,low,low,qwen_semantic,FALSE_POSITIVE,True
quantum,finnhub,qwen,bert,1,153,open,open,qwen_semantic,FALSE_POSITIVE,True
quantum,finnhub,qwen,bert,1,153,previous_close,previous_close,qwen_semantic,FALSE_POSITIVE,True
quantum,finnhub,qwen,bert,1,153,timestamp,timestamp,qwen_semantic,FALSE_POSITIVE,True
quantum,finnhub,qwen,bert,1,153,market_cap,market_cap,qwen_semantic,FALSE_POSITIVE,True
quantum,finnhub,qwen,bert,1,153,volume,volume,qwen_semantic,FALSE_POSITIVE,True
quantum,finnhub,qwen,bert,1,153,avg_volume,avg_volume,qwen_semantic,FALSE_POSITIVE,True
quantum,finnhub,qwen,bert,1,153,pe_ratio,pe_ratio,qwen_semantic,FALSE_POSITIVE,True
quantum,finnhub,qwen,bert,1,153,dividend_yield,dividend_yield,qwen_semantic,FALSE_POSITIVE,True
quantum,finnhub,qwen,bert,1,153,beta,beta,qwen_semantic,FALSE_POSITIVE,True
quantum,finnhub,qwen,bert,1,153,52w_high,52w_high,qwen_semantic,FALSE_POSITIVE,True
quantum,finnhub,qwen,bert,1,153,52w_low,52w_low,qwen_semantic,FALSE_POSITIVE,True
quantum,finnhub,qwen,bert,1,153,sector,sector,qwen_semantic,FALSE_POSITIVE,True
quantum,finnhub,qwen,bert,1,153,industry,industry,qwen_semantic,FALSE_POSITIVE,True
quantum,finnhub,qwen,bert,1,160,symbol,symbol,qwen_semantic,FALSE_POSITIVE,True
quantum,finnhub,qwen,bert,1,160,current_price,current_price,qwen_semantic,FALSE_POSITIVE,True
quantum,finnhub,qwen,bert,1,160,change,change,qwen_semantic,FALSE_POSITIVE,True
quantum,finnhub,qwen,bert,1,160,percent_change,percent_change,qwen_semantic,FALSE_POSITIVE,True
quantum,finnhub,qwen,bert,1,160,high,high,qwen_semantic,FALSE_POSITIVE,True
quantum,finnhub,qwen,bert,1,160,low,low,qwen_semantic,FALSE_POSITIVE,True
quantum,finnhub,qwen,bert,1,160,open,open,qwen_semantic,FALSE_POSITIVE,True
quantum,finnhub,qwen,bert,1,160,previous_close,previous_close,qwen_semantic,FALSE_POSITIVE,True
quantum,finnhub,qwen,bert,1,160,market_cap,market_cap,qwen_semantic,FALSE_POSITIVE,True
quantum,finnhub,qwen,bert,1,160,volume,volume,qwen_semantic,FALSE_POSITIVE,True
quantum,finnhub,qwen,bert,1,160,avg_volume,avg_volume,qwen_semantic,FALSE_POSITIVE,True
quantum,finnhub,qwen,bert,1,160,pe_ratio,pe_ratio,qwen_semantic,FALSE_POSITIVE,True
quantum,finnhub,qwen,bert,1,160,dividend_yield,dividend_yield,qwen_semantic,FALSE_POSITIVE,True
quantum,finnhub,qwen,bert,1,160,beta,beta,qwen_semantic,FALSE_POSITIVE,True
quantum,finnhub,qwen,bert,1,160,52w_high,52w_high,qwen_semantic,FALSE_POSITIVE,True
quantum,finnhub,qwen,bert,1,160,52w_low,52w_low,qwen_semantic,FALSE_POSITIVE,True
quantum,finnhub,qwen,bert,1,160,sector,sector,qwen_semantic,FALSE_POSITIVE,True
quantum,finnhub,qwen,bert,1,160,industry,industry,qwen_semantic,FALSE_POSITIVE,True
quantum,finnhub,qwen,bert,1,160,timestamp,,qwen_semantic,FAILURE,True
quantum,finnhub,qwen,bert,1,170,symbol,symbol,qwen_semantic,FALSE_POSITIVE,True
quantum,finnhub,qwen,bert,1,170,current_price,currentPrice,qwen_semantic,SUCCESS,True
quantum,finnhub,qwen,bert,1,170,change,change,qwen_semantic,FALSE_POSITIVE,True
quantum,finnhub,qwen,bert,1,170,percent_change,percentChange,qwen_semantic,SUCCESS,True
quantum,finnhub,qwen,bert,1,170,high,high,qwen_semantic,FALSE_POSITIVE,True
quantum,finnhub,qwen,bert,1,170,low,low,qwen_semantic,FALSE_POSITIVE,True
quantum,finnhub,qwen,bert,1,170,open,open,qwen_semantic,FALSE_POSITIVE,True
quantum,finnhub,qwen,bert,1,170,timestamp,timestamp,qwen_semantic,FALSE_POSITIVE,True
quantum,finnhub,qwen,bert,1,170,market_cap,marketCap,qwen_semantic,SUCCESS,True
quantum,finnhub,qwen,bert,1,170,volume,volume,qwen_semantic,FALSE_POSITIVE,True
quantum,finnhub,qwen,bert,1,170,avg_volume,avgVolume,qwen_semantic,SUCCESS,True
quantum,finnhub,qwen,bert,1,170,beta,beta,qwen_semantic,FALSE_POSITIVE,True
quantum,finnhub,qwen,bert,1,170,52w_high,52wHigh,qwen_semantic,SUCCESS,True
quantum,finnhub,qwen,bert,1,170,52w_low,52wHigh,qwen_semantic,SUCCESS,True
quantum,finnhub,qwen,bert,1,170,sector,sector,qwen_semantic,FALSE_POSITIVE,True
quantum,finnhub,qwen,bert,1,170,industry,industry,qwen_semantic,FALSE_POSITIVE,True
quantum,finnhub,qwen,bert,1,170,previous_close,,qwen_semantic,FAILURE,True
quantum,finnhub,qwen,bert,1,170,pe_ratio,,qwen_semantic,FAILURE,True
quantum,finnhub,qwen,bert,1,170,dividend_yield,,qwen_semantic,FAILURE,True
quantum,finnhub,qwen,bert,1,175,symbol,symbol,qwen_semantic,FALSE_POSITIVE,True
quantum,finnhub,qwen,bert,1,175,current_price,currentPrice,qwen_semantic,SUCCESS,True
quantum,finnhub,qwen,bert,1,175,change,change,qwen_semantic,FALSE_POSITIVE,True
quantum,finnhub,qwen,bert,1,175,percent_change,percentChange,qwen_semantic,SUCCESS,True
quantum,finnhub,qwen,bert,1,175,high,high,qwen_semantic,FALSE_POSITIVE,True
quantum,finnhub,qwen,bert,1,175,low,low,qwen_semantic,FALSE_POSITIVE,True
quantum,finnhub,qwen,bert,1,175,open,open,qwen_semantic,FALSE_POSITIVE,True
quantum,finnhub,qwen,bert,1,175,timestamp,timestamp,qwen_semantic,FALSE_POSITIVE,True
quantum,finnhub,qwen,bert,1,175,market_cap,marketCap,qwen_semantic,SUCCESS,True
quantum,finnhub,qwen,bert,1,175,volume,volume,qwen_semantic,FALSE_POSITIVE,True
quantum,finnhub,qwen,bert,1,175,avg_volume,avgVolume,qwen_semantic,SUCCESS,True
quantum,finnhub,qwen,bert,1,175,beta,beta,qwen_semantic,FALSE_POSITIVE,True
quantum,finnhub,qwen,bert,1,175,52w_high,52wHigh,qwen_semantic,SUCCESS,True
quantum,finnhub,qwen,bert,1,175,52w_low,52wHigh,qwen_semantic,SUCCESS,True
quantum,finnhub,qwen,bert,1,175,sector,sector,qwen_semantic,FALSE_POSITIVE,True
quantum,finnhub,qwen,bert,1,175,industry,industry,qwen_semantic,FALSE_POSITIVE,True
quantum,finnhub,qwen,bert,1,175,previous_close,,qwen_semantic,FAILURE,True
quantum,finnhub,qwen,bert,1,175,pe_ratio,,qwen_semantic,FAILURE,True
quantum,finnhub,qwen,bert,1,175,dividend_yield,,qwen_semantic,FAILURE,True
quantum,finnhub,qwen,levenshtein,1,202,current_price,currentPrice,qwen_semantic,SUCCESS,True
quantum,finnhub,qwen,levenshtein,1,202,dividend_yield,dividendYield,qwen_semantic,SUCCESS,True
quantum,finnhub,qwen,levenshtein,1,202,volume,volume,qwen_semantic,FALSE_POSITIVE,True
quantum,finnhub,qwen,levenshtein,1,202,52w_high,52wHigh,qwen_semantic,SUCCESS,True
quantum,finnhub,qwen,levenshtein,1,202,market_cap,marketCap,qwen_semantic,SUCCESS,True
quantum,finnhub,qwen,levenshtein,1,202,52w_low,52wLow,qwen_semantic,SUCCESS,True
quantum,finnhub,qwen,levenshtein,1,202,high,high,qwen_semantic,FALSE_POSITIVE,True
quantum,finnhub,qwen,levenshtein,1,202,percent_change,percentChange,qwen_semantic,SUCCESS,True
quantum,finnhub,qwen,levenshtein,1,202,timestamp,timestamp,qwen_semantic,FALSE_POSITIVE,True
quantum,finnhub,qwen,levenshtein,1,202,symbol,symbol,qwen_semantic,FALSE_POSITIVE,True
quantum,finnhub,qwen,levenshtein,1,202,beta,beta,qwen_semantic,FALSE_POSITIVE,True
quantum,finnhub,qwen,levenshtein,1,202,open,open,qwen_semantic,FALSE_POSITIVE,True
quantum,finnhub,qwen,levenshtein,1,202,pe_ratio,peRatio,qwen_semantic,SUCCESS,True
quantum,finnhub,qwen,levenshtein,1,202,sector,sector,qwen_semantic,FALSE_POSITIVE,True
quantum,finnhub,qwen,levenshtein,1,202,low,low,qwen_semantic,FALSE_POSITIVE,True
quantum,finnhub,qwen,levenshtein,1,202,change,change,qwen_semantic,FALSE_POSITIVE,True
quantum,finnhub,qwen,levenshtein,1,202,previous_close,previousClose,qwen_semantic,SUCCESS,True
quantum,finnhub,qwen,levenshtein,1,202,industry,industry,qwen_semantic,FALSE_POSITIVE,True
quantum,finnhub,qwen,levenshtein,1,202,avg_volume,avgVolume,qwen_semantic,SUCCESS,True
quantum,finnhub,qwen,regex,1,278,current_price,currentPrice,qwen_semantic,SUCCESS,True
quantum,finnhub,qwen,regex,1,278,dividend_yield,dividendYield,qwen_semantic,SUCCESS,True
quantum,finnhub,qwen,regex,1,278,volume,volume,qwen_semantic,FALSE_POSITIVE,True
quantum,finnhub,qwen,regex,1,278,52w_high,high,qwen_semantic,SUCCESS,True
quantum,finnhub,qwen,regex,1,278,52w_low,low,qwen_semantic,SUCCESS,True
quantum,finnhub,qwen,regex,1,278,high,high,qwen_semantic,FALSE_POSITIVE,True
quantum,finnhub,qwen,regex,1,278,percent_change,change,qwen_semantic,SUCCESS,True
quantum,finnhub,qwen,regex,1,278,timestamp,timestamp,qwen_semantic,FALSE_POSITIVE,True
quantum,finnhub,qwen,regex,1,278,symbol,symbol,qwen_semantic,FALSE_POSITIVE,True
quantum,finnhub,qwen,regex,1,278,beta,beta,qwen_semantic,FALSE_POSITIVE,True
quantum,finnhub,qwen,regex,1,278,open,open,qwen_semantic,FALSE_POSITIVE,True
quantum,finnhub,qwen,regex,1,278,sector,sector,qwen_semantic,FALSE_POSITIVE,True
quantum,finnhub,qwen,regex,1,278,low,52wLow,qwen_semantic,FALSE_POSITIVE,True
quantum,finnhub,qwen,regex,1,278,change,percentChange,qwen_semantic,FALSE_POSITIVE,True
quantum,finnhub,qwen,regex,1,278,industry,industry,qwen_semantic,FALSE_POSITIVE,True
quantum,finnhub,qwen,regex,1,278,avg_volume,volume,qwen_semantic,SUCCESS,True
quantum,finnhub,qwen,regex,1,278,market_cap,,qwen_semantic,FAILURE,True
quantum,finnhub,qwen,regex,1,278,pe_ratio,,qwen_semantic,FAILURE,True
quantum,finnhub,qwen,regex,1,278,previous_close,,qwen_semantic,FAILURE,True
quantum,finnhub,qwen,regex,1,304,current_price,current_price,qwen_semantic,FALSE_POSITIVE,True
quantum,finnhub,qwen,regex,1,304,dividend_yield,dividend_yield,qwen_semantic,FALSE_POSITIVE,True
quantum,finnhub,qwen,regex,1,304,volume,volume,qwen_semantic,FALSE_POSITIVE,True
quantum,finnhub,qwen,regex,1,304,52w_high,52w_high,qwen_semantic,FALSE_POSITIVE,True
quantum,finnhub,qwen,regex,1,304,market_cap,market_cap,qwen_semantic,FALSE_POSITIVE,True
quantum,finnhub,qwen,regex,1,304,52w_low,52w_low,qwen_semantic,FALSE_POSITIVE,True
quantum,finnhub,qwen,regex,1,304,high,52w_high,qwen_semantic,FALSE_POSITIVE,True
quantum,finnhub,qwen,regex,1,304,percent_change,percent_change,qwen_semantic,FALSE_POSITIVE,True
quantum,finnhub,qwen,regex,1,304,timestamp,ts,qwen_semantic,SUCCESS,True
quantum,finnhub,qwen,regex,1,304,symbol,symbol,qwen_semantic,FALSE_POSITIVE,True
quantum,finnhub,qwen,regex,1,304,beta,beta,qwen_semantic,FALSE_POSITIVE,True
quantum,finnhub,qwen,regex,1,304,open,open,qwen_semantic,FALSE_POSITIVE,True
quantum,finnhub,qwen,regex,1,304,pe_ratio,pe_ratio,qwen_semantic,FALSE_POSITIVE,True
quantum,finnhub,qwen,regex,1,304,sector,sector,qwen_semantic,FALSE_POSITIVE,True
quantum,finnhub,qwen,regex,1,304,low,52w_low,qwen_semantic,FALSE_POSITIVE,True
quantum,finnhub,qwen,regex,1,304,change,percent_change,qwen_semantic,FALSE_POSITIVE,True
quantum,finnhub,qwen,regex,1,304,previous_close,previous_close,qwen_semantic,FALSE_POSITIVE,True
quantum,finnhub,qwen,regex,1,304,industry,industry,qwen_semantic,FALSE_POSITIVE,True
quantum,finnhub,qwen,regex,1,304,avg_volume,volume,qwen_semantic,FALSE_POSITIVE,True
quantum,finnhub,qwen,regex,1,333,current_price,current_price,qwen_semantic,FALSE_POSITIVE,True
quantum,finnhub,qwen,regex,1,333,dividend_yield,dividend_yield,qwen_semantic,FALSE_POSITIVE,True
quantum,finnhub,qwen,regex,1,333,volume,volume,qwen_semantic,FALSE_POSITIVE,True
quantum,finnhub,qwen,regex,1,333,52w_high,52w_high,qwen_semantic,FALSE_POSITIVE,True
quantum,finnhub,qwen,regex,1,333,market_cap,market_cap,qwen_semantic,FALSE_POSITIVE,True
quantum,finnhub,qwen,regex,1,333,52w_low,52w_low,qwen_semantic,FALSE_POSITIVE,True
quantum,finnhub,qwen,regex,1,333,high,52w_high,qwen_semantic,FALSE_POSITIVE,True
quantum,finnhub,qwen,regex,1,333,percent_change,percent_change,qwen_semantic,FALSE_POSITIVE,True
quantum,finnhub,qwen,regex,1,333,timestamp,timestamp,qwen_semantic,FALSE_POSITIVE,True
quantum,finnhub,qwen,regex,1,333,symbol,symbol,qwen_semantic,FALSE_POSITIVE,True
quantum,finnhub,qwen,regex,1,333,beta,beta,qwen_semantic,FALSE_POSITIVE,True
quantum,finnhub,qwen,regex,1,333,open,open,qwen_semantic,FALSE_POSITIVE,True
quantum,finnhub,qwen,regex,1,333,pe_ratio,pe_ratio,qwen_semantic,FALSE_POSITIVE,True
quantum,finnhub,qwen,regex,1,333,sector,sector,qwen_semantic,FALSE_POSITIVE,True
quantum,finnhub,qwen,regex,1,333,low,52w_low,qwen_semantic,SUCCESS,True
quantum,finnhub,qwen,regex,1,333,change,percent_change,qwen_semantic,FALSE_POSITIVE,True
quantum,finnhub,qwen,regex,1,333,previous_close,previous_close,qwen_semantic,FALSE_POSITIVE,True
quantum,finnhub,qwen,regex,1,333,industry,industry,qwen_semantic,FALSE_POSITIVE,True
quantum,finnhub,qwen,regex,1,333,avg_volume,volume,qwen_semantic,FALSE_POSITIVE,True
quantum,finnhub,qwen,regex,1,337,current_price,current_price,qwen_semantic,FALSE_POSITIVE,True
quantum,finnhub,qwen,regex,1,337,dividend_yield,dividend_yield,qwen_semantic,FALSE_POSITIVE,True
quantum,finnhub,qwen,regex,1,337,volume,volume,qwen_semantic,FALSE_POSITIVE,True
quantum,finnhub,qwen,regex,1,337,52w_high,52w_high,qwen_semantic,FALSE_POSITIVE,True
quantum,finnhub,qwen,regex,1,337,market_cap,market_cap,qwen_semantic,FALSE_POSITIVE,True
quantum,finnhub,qwen,regex,1,337,52w_low,52w_low,qwen_semantic,FALSE_POSITIVE,True
quantum,finnhub,qwen,regex,1,337,high,52w_high,qwen_semantic,FALSE_POSITIVE,True
quantum,finnhub,qwen,regex,1,337,percent_change,percent_change,qwen_semantic,FALSE_POSITIVE,True
quantum,finnhub,qwen,regex,1,337,timestamp,timestamp,qwen_semantic,FALSE_POSITIVE,True
quantum,finnhub,qwen,regex,1,337,symbol,symbol,qwen_semantic,FALSE_POSITIVE,True
quantum,finnhub,qwen,regex,1,337,beta,beta,qwen_semantic,FALSE_POSITIVE,True
quantum,finnhub,qwen,regex,1,337,open,open,qwen_semantic,FALSE_POSITIVE,True
quantum,finnhub,qwen,regex,1,337,pe_ratio,pe_ratio,qwen_semantic,FALSE_POSITIVE,True
quantum,finnhub,qwen,regex,1,337,sector,sector,qwen_semantic,FALSE_POSITIVE,True
quantum,finnhub,qwen,regex,1,337,low,52w_low,qwen_semantic,FALSE_POSITIVE,True
quantum,finnhub,qwen,regex,1,337,change,percent_change,qwen_semantic,FALSE_POSITIVE,True
quantum,finnhub,qwen,regex,1,337,previous_close,previous_close,qwen_semantic,FALSE_POSITIVE,True
quantum,finnhub,qwen,regex,1,337,industry,industry,qwen_semantic,FALSE_POSITIVE,True
quantum,finnhub,qwen,regex,1,337,avg_volume,volume,qwen_semantic,SUCCESS,True
quantum,finnhub,qwen,bert,1,338,symbol,symbol,qwen_semantic,FALSE_POSITIVE,True
quantum,finnhub,qwen,bert,1,338,current_price,current_price,qwen_semantic,FALSE_POSITIVE,True
quantum,finnhub,qwen,bert,1,338,change,change,qwen_semantic,FALSE_POSITIVE,True
quantum,finnhub,qwen,bert,1,338,percent_change,percent_change,qwen_semantic,FALSE_POSITIVE,True
quantum,finnhub,qwen,bert,1,338,high,high,qwen_semantic,FALSE_POSITIVE,True
quantum,finnhub,qwen,bert,1,338,low,low,qwen_semantic,FALSE_POSITIVE,True
quantum,finnhub,qwen,bert,1,338,open,open,qwen_semantic,FALSE_POSITIVE,True
quantum,finnhub,qwen,bert,1,338,previous_close,previous_close,qwen_semantic,FALSE_POSITIVE,True
quantum,finnhub,qwen,bert,1,338,market_cap,market_cap,qwen_semantic,FALSE_POSITIVE,True
quantum,finnhub,qwen,bert,1,338,volume,volume,qwen_semantic,FALSE_POSITIVE,True
quantum,finnhub,qwen,bert,1,338,avg_volume,avg_volume,qwen_semantic,FALSE_POSITIVE,True
quantum,finnhub,qwen,bert,1,338,pe_ratio,pe_ratio,qwen_semantic,FALSE_POSITIVE,True
quantum,finnhub,qwen,bert,1,338,dividend_yield,dividend_yield,qwen_semantic,FALSE_POSITIVE,True
quantum,finnhub,qwen,bert,1,338,beta,beta,qwen_semantic,FALSE_POSITIVE,True
quantum,finnhub,qwen,bert,1,338,52w_high,52w_high,qwen_semantic,FALSE_POSITIVE,True
quantum,finnhub,qwen,bert,1,338,52w_low,52w_low,qwen_semantic,FALSE_POSITIVE,True
quantum,finnhub,qwen,bert,1,338,sector,sector,qwen_semantic,FALSE_POSITIVE,True
quantum,finnhub,qwen,bert,1,338,industry,industry,qwen_semantic,FALSE_POSITIVE,True
quantum,finnhub,qwen,bert,1,338,timestamp,,qwen_semantic,FAILURE,True
quantum,finnhub,qwen,bert,1,340,symbol,symbol,qwen_semantic,FALSE_POSITIVE,True
quantum,finnhub,qwen,bert,1,340,current_price,currentPrice,qwen_semantic,SUCCESS,True
quantum,finnhub,qwen,bert,1,340,change,change,qwen_semantic,FALSE_POSITIVE,True
quantum,finnhub,qwen,bert,1,340,percent_change,percentChange,qwen_semantic,SUCCESS,True
quantum,finnhub,qwen,bert,1,340,high,high,qwen_semantic,FALSE_POSITIVE,True
quantum,finnhub,qwen,bert,1,340,low,low,qwen_semantic,FALSE_POSITIVE,True
quantum,finnhub,qwen,bert,1,340,open,open,qwen_semantic,FALSE_POSITIVE,True
quantum,finnhub,qwen,bert,1,340,timestamp,timestamp,qwen_semantic,FALSE_POSITIVE,True
quantum,finnhub,qwen,bert,1,340,market_cap,marketCap,qwen_semantic,SUCCESS,True
quantum,finnhub,qwen,bert,1,340,volume,volume,qwen_semantic,FALSE_POSITIVE,True
quantum,finnhub,qwen,bert,1,340,avg_volume,avgVolume,qwen_semantic,SUCCESS,True
quantum,finnhub,qwen,bert,1,340,beta,beta,qwen_semantic,FALSE_POSITIVE,True
quantum,finnhub,qwen,bert,1,340,52w_high,52wHigh,qwen_semantic,SUCCESS,True
quantum,finnhub,qwen,bert,1,340,52w_low,52wHigh,qwen_semantic,SUCCESS,True
quantum,finnhub,qwen,bert,1,340,sector,sector,qwen_semantic,FALSE_POSITIVE,True
quantum,finnhub,qwen,bert,1,340,industry,industry,qwen_semantic,FALSE_POSITIVE,True
quantum,finnhub,qwen,bert,1,340,previous_close,,qwen_semantic,FAILURE,True
quantum,finnhub,qwen,bert,1,340,pe_ratio,,qwen_semantic,FAILURE,True
quantum,finnhub,qwen,bert,1,340,dividend_yield,,qwen_semantic,FAILURE,True
quantum,finnhub,qwen,regex,1,396,current_price,currentPrice,qwen_semantic,SUCCESS,True
quantum,finnhub,qwen,regex,1,396,dividend_yield,dividendYield,qwen_semantic,SUCCESS,True
quantum,finnhub,qwen,regex,1,396,volume,volume,qwen_semantic,FALSE_POSITIVE,True
quantum,finnhub,qwen,regex,1,396,52w_high,high,qwen_semantic,SUCCESS,True
quantum,finnhub,qwen,regex,1,396,52w_low,low,qwen_semantic,SUCCESS,True
quantum,finnhub,qwen,regex,1,396,high,high,qwen_semantic,FALSE_POSITIVE,True
quantum,finnhub,qwen,regex,1,396,percent_change,change,qwen_semantic,SUCCESS,True
quantum,finnhub,qwen,regex,1,396,timestamp,timestamp,qwen_semantic,FALSE_POSITIVE,True
quantum,finnhub,qwen,regex,1,396,symbol,symbol,qwen_semantic,FALSE_POSITIVE,True
quantum,finnhub,qwen,regex,1,396,beta,beta,qwen_semantic,FALSE_POSITIVE,True
quantum,finnhub,qwen,regex,1,396,open,open,qwen_semantic,FALSE_POSITIVE,True
quantum,finnhub,qwen,regex,1,396,sector,sector,qwen_semantic,FALSE_POSITIVE,True
quantum,finnhub,qwen,regex,1,396,low,52wLow,qwen_semantic,FALSE_POSITIVE,True
quantum,finnhub,qwen,regex,1,396,change,percentChange,qwen_semantic,FALSE_POSITIVE,True
quantum,finnhub,qwen,regex,1,396,industry,industry,qwen_semantic,FALSE_POSITIVE,True
quantum,finnhub,qwen,regex,1,396,avg_volume,volume,qwen_semantic,SUCCESS,True
quantum,finnhub,qwen,regex,1,396,market_cap,,qwen_semantic,FAILURE,True
quantum,finnhub,qwen,regex,1,396,pe_ratio,,qwen_semantic,FAILURE,True
quantum,finnhub,qwen,regex,1,396,previous_close,,qwen_semantic,FAILURE,True
quantum,finnhub,qwen,bert,1,414,symbol,symbol,qwen_semantic,FALSE_POSITIVE,True
quantum,finnhub,qwen,bert,1,414,current_price,currentPrice,qwen_semantic,SUCCESS,True
quantum,finnhub,qwen,bert,1,414,change,change,qwen_semantic,FALSE_POSITIVE,True
quantum,finnhub,qwen,bert,1,414,percent_change,percentChange,qwen_semantic,SUCCESS,True
quantum,finnhub,qwen,bert,1,414,high,high,qwen_semantic,FALSE_POSITIVE,True
quantum,finnhub,qwen,bert,1,414,low,low,qwen_semantic,FALSE_POSITIVE,True
quantum,finnhub,qwen,bert,1,414,open,open,qwen_semantic,FALSE_POSITIVE,True
quantum,finnhub,qwen,bert,1,414,timestamp,timestamp,qwen_semantic,FALSE_POSITIVE,True
quantum,finnhub,qwen,bert,1,414,market_cap,marketCap,qwen_semantic,SUCCESS,True
quantum,finnhub,qwen,bert,1,414,volume,volume,qwen_semantic,FALSE_POSITIVE,True
quantum,finnhub,qwen,bert,1,414,avg_volume,avgVolume,qwen_semantic,SUCCESS,True
quantum,finnhub,qwen,bert,1,414,beta,beta,qwen_semantic,FALSE_POSITIVE,True
quantum,finnhub,qwen,bert,1,414,52w_high,52wHigh,qwen_semantic,SUCCESS,True
quantum,finnhub,qwen,bert,1,414,52w_low,52wHigh,qwen_semantic,SUCCESS,True
quantum,finnhub,qwen,bert,1,414,sector,sector,qwen_semantic,FALSE_POSITIVE,True
quantum,finnhub,qwen,bert,1,414,industry,industry,qwen_semantic,FALSE_POSITIVE,True
quantum,finnhub,qwen,bert,1,414,previous_close,,qwen_semantic,FAILURE,True
quantum,finnhub,qwen,bert,1,414,pe_ratio,,qwen_semantic,FAILURE,True
quantum,finnhub,qwen,bert,1,414,dividend_yield,,qwen_semantic,FAILURE,True
quantum,finnhub,qwen,regex,1,433,current_price,currentPrice,qwen_semantic,SUCCESS,True
quantum,finnhub,qwen,regex,1,433,dividend_yield,dividendYield,qwen_semantic,SUCCESS,True
quantum,finnhub,qwen,regex,1,433,volume,volume,qwen_semantic,FALSE_POSITIVE,True
quantum,finnhub,qwen,regex,1,433,52w_high,high,qwen_semantic,SUCCESS,True
quantum,finnhub,qwen,regex,1,433,52w_low,low,qwen_semantic,SUCCESS,True
quantum,finnhub,qwen,regex,1,433,high,high,qwen_semantic,FALSE_POSITIVE,True
quantum,finnhub,qwen,regex,1,433,percent_change,change,qwen_semantic,SUCCESS,True
quantum,finnhub,qwen,regex,1,433,timestamp,timestamp,qwen_semantic,FALSE_POSITIVE,True
quantum,finnhub,qwen,regex,1,433,symbol,symbol,qwen_semantic,FALSE_POSITIVE,True
quantum,finnhub,qwen,regex,1,433,beta,beta,qwen_semantic,FALSE_POSITIVE,True
quantum,finnhub,qwen,regex,1,433,open,open,qwen_semantic,FALSE_POSITIVE,True
quantum,finnhub,qwen,regex,1,433,sector,sector,qwen_semantic,FALSE_POSITIVE,True
quantum,finnhub,qwen,regex,1,433,low,52wLow,qwen_semantic,FALSE_POSITIVE,True
quantum,finnhub,qwen,regex,1,433,change,percentChange,qwen_semantic,FALSE_POSITIVE,True
quantum,finnhub,qwen,regex,1,433,industry,industry,qwen_semantic,FALSE_POSITIVE,True
quantum,finnhub,qwen,regex,1,433,avg_volume,volume,qwen_semantic,SUCCESS,True
quantum,finnhub,qwen,regex,1,433,market_cap,,qwen_semantic,FAILURE,True
quantum,finnhub,qwen,regex,1,433,pe_ratio,,qwen_semantic,FAILURE,True
quantum,finnhub,qwen,regex,1,433,previous_close,,qwen_semantic,FAILURE,True
quantum,finnhub,qwen,regex,1,472,current_price,currentPrice,qwen_semantic,SUCCESS,True
quantum,finnhub,qwen,regex,1,472,dividend_yield,dividendYield,qwen_semantic,SUCCESS,True
quantum,finnhub,qwen,regex,1,472,volume,volume,qwen_semantic,FALSE_POSITIVE,True
quantum,finnhub,qwen,regex,1,472,52w_high,high,qwen_semantic,SUCCESS,True
quantum,finnhub,qwen,regex,1,472,52w_low,low,qwen_semantic,SUCCESS,True
quantum,finnhub,qwen,regex,1,472,high,high,qwen_semantic,FALSE_POSITIVE,True
quantum,finnhub,qwen,regex,1,472,percent_change,change,qwen_semantic,SUCCESS,True
quantum,finnhub,qwen,regex,1,472,timestamp,timestamp,qwen_semantic,FALSE_POSITIVE,True
quantum,finnhub,qwen,regex,1,472,symbol,symbol,qwen_semantic,FALSE_POSITIVE,True
quantum,finnhub,qwen,regex,1,472,beta,beta,qwen_semantic,FALSE_POSITIVE,True
quantum,finnhub,qwen,regex,1,472,open,open,qwen_semantic,FALSE_POSITIVE,True
quantum,finnhub,qwen,regex,1,472,sector,sector,qwen_semantic,FALSE_POSITIVE,True
quantum,finnhub,qwen,regex,1,472,low,52wLow,qwen_semantic,FALSE_POSITIVE,True
quantum,finnhub,qwen,regex,1,472,change,percentChange,qwen_semantic,FALSE_POSITIVE,True
quantum,finnhub,qwen,regex,1,472,industry,industry,qwen_semantic,FALSE_POSITIVE,True
quantum,finnhub,qwen,regex,1,472,avg_volume,volume,qwen_semantic,SUCCESS,True
quantum,finnhub,qwen,regex,1,472,market_cap,,qwen_semantic,FAILURE,True
quantum,finnhub,qwen,regex,1,472,pe_ratio,,qwen_semantic,FAILURE,True
quantum,finnhub,qwen,regex,1,472,previous_close,,qwen_semantic,FAILURE,True
quantum,finnhub,qwen,regex,1,485,current_price,current_price,qwen_semantic,FALSE_POSITIVE,True
quantum,finnhub,qwen,regex,1,485,dividend_yield,dividend_yield,qwen_semantic,FALSE_POSITIVE,True
quantum,finnhub,qwen,regex,1,485,volume,volume,qwen_semantic,FALSE_POSITIVE,True
quantum,finnhub,qwen,regex,1,485,52w_high,52w_high,qwen_semantic,FALSE_POSITIVE,True
quantum,finnhub,qwen,regex,1,485,market_cap,market_cap,qwen_semantic,FALSE_POSITIVE,True
quantum,finnhub,qwen,regex,1,485,52w_low,52w_low,qwen_semantic,FALSE_POSITIVE,True
quantum,finnhub,qwen,regex,1,485,high,52w_high,qwen_semantic,FALSE_POSITIVE,True
quantum,finnhub,qwen,regex,1,485,percent_change,percent_change,qwen_semantic,FALSE_POSITIVE,True
quantum,finnhub,qwen,regex,1,485,timestamp,timestamp,qwen_semantic,FALSE_POSITIVE,True
quantum,finnhub,qwen,regex,1,485,symbol,symbol,qwen_semantic,FALSE_POSITIVE,True
quantum,finnhub,qwen,regex,1,485,beta,beta,qwen_semantic,FALSE_POSITIVE,True
quantum,finnhub,qwen,regex,1,485,open,open,qwen_semantic,FALSE_POSITIVE,True
quantum,finnhub,qwen,regex,1,485,pe_ratio,pe_ratio,qwen_semantic,FALSE_POSITIVE,True
quantum,finnhub,qwen,regex,1,485,sector,sector_alt,qwen_semantic,SUCCESS,True
quantum,finnhub,qwen,regex,1,485,low,52w_low,qwen_semantic,FALSE_POSITIVE,True
quantum,finnhub,qwen,regex,1,485,change,percent_change,qwen_semantic,FALSE_POSITIVE,True
quantum,finnhub,qwen,regex,1,485,previous_close,previous_close,qwen_semantic,FALSE_POSITIVE,True
quantum,finnhub,qwen,regex,1,485,industry,industry,qwen_semantic,FALSE_POSITIVE,True
quantum,finnhub,qwen,regex,1,485,avg_volume,volume,qwen_semantic,FALSE_POSITIVE,True
quantum,spacex,qwen,regex,1,21,window_end,window_end,qwen_semantic,FALSE_POSITIVE,True
quantum,spacex,qwen,regex,1,21,failure_count,failure_count,qwen_semantic,FALSE_POSITIVE,True
quantum,spacex,qwen,regex,1,21,launch_date_utc,launch_date_utc,qwen_semantic,FALSE_POSITIVE,True
quantum,spacex,qwen,regex,1,21,upcoming,upcoming,qwen_semantic,FALSE_POSITIVE,True
quantum,spacex,qwen,regex,1,21,auto_payload,auto_payload_alt,qwen_semantic,SUCCESS,True
quantum,spacex,qwen,regex,1,21,legs,legs,qwen_semantic,FALSE_POSITIVE,True
quantum,spacex,qwen,regex,1,21,rocket_id,rocket_id,qwen_semantic,FALSE_POSITIVE,True
quantum,spacex,qwen,regex,1,21,net_duration,net_duration,qwen_semantic,FALSE_POSITIVE,True
quantum,spacex,qwen,regex,1,21,payload_count,payload_count,qwen_semantic,FALSE_POSITIVE,True
quantum,spacex,qwen,regex,1,21,cores_reused,cores_reused,qwen_semantic,FALSE_POSITIVE,True
quantum,spacex,qwen,regex,1,21,launch_site,launch_site,qwen_semantic,FALSE_POSITIVE,True
quantum,spacex,qwen,regex,1,21,payload_mass_kg,payload_mass_kg,qwen_semantic,FALSE_POSITIVE,True
quantum,spacex,qwen,regex,1,21,gridfins,rocket_id,qwen_semantic,FALSE_POSITIVE,True
quantum,spacex,qwen,regex,1,21,launch_success,launch_success,qwen_semantic,FALSE_POSITIVE,True
quantum,spacex,qwen,regex,1,21,crew_count,crew_count,qwen_semantic,FALSE_POSITIVE,True
quantum,spacex,qwen,regex,1,21,failure_reasons,failure_reasons,qwen_semantic,FALSE_POSITIVE,True
quantum,spacex,qwen,regex,1,21,capsules,capsules,qwen_semantic,FALSE_POSITIVE,True
quantum,spacex,qwen,regex,1,21,tbd,tbd,qwen_semantic,FALSE_POSITIVE,True
quantum,spacex,qwen,regex,1,21,static_fire_date_utc,static_fire_date_utc,qwen_semantic,FALSE_POSITIVE,True
quantum,spacex,qwen,regex,1,21,window_start,window_start,qwen_semantic,FALSE_POSITIVE,True
quantum,spacex,qwen,regex,1,21,fairings_recovery_attempt,fairings_recovery_attempt_backup,qwen_semantic,FALSE_POSITIVE,True
quantum,spacex,qwen,regex,1,21,flight_number,flight_number,qwen_semantic,FALSE_POSITIVE,True
quantum,spacex,qwen,regex,1,21,reused,cores_reused,qwen_semantic,FALSE_POSITIVE,True
quantum,spacex,qwen,regex,1,21,ships,ships,qwen_semantic,FALSE_POSITIVE,True
quantum,spacex,qwen,regex,1,21,payload_type,payload_type,qwen_semantic,FALSE_POSITIVE,True
quantum,spacex,qwen,regex,1,21,fairings_reused,reused,qwen_semantic,FALSE_POSITIVE,True
quantum,spacex,qwen,regex,1,21,mission_name,mission_name,qwen_semantic,FALSE_POSITIVE,True
quantum,spacex,qwen,regex,1,21,payload_ids,rocket_id,qwen_semantic,FALSE_POSITIVE,True
quantum,spacex,qwen,bert,1,64,mission_name,mission_name,qwen_semantic,FALSE_POSITIVE,True
quantum,spacex,qwen,bert,1,64,launch_date_utc,launch_date_utc,qwen_semantic,FALSE_POSITIVE,True
quantum,spacex,qwen,bert,1,64,rocket_id,rocket_id,qwen_semantic,FALSE_POSITIVE,True
quantum,spacex,qwen,bert,1,64,launch_success,launch_success,qwen_semantic,FALSE_POSITIVE,True
quantum,spacex,qwen,bert,1,64,upcoming,upcoming,qwen_semantic,FALSE_POSITIVE,True
quantum,spacex,qwen,bert,1,64,static_fire_date_utc,static_fire_date_utc,qwen_semantic,FALSE_POSITIVE,True
quantum,spacex,qwen,bert,1,64,net_duration,net_duration,qwen_semantic,FALSE_POSITIVE,True
quantum,spacex,qwen,bert,1,64,window_start,window_start,qwen_semantic,FALSE_POSITIVE,True
quantum,spacex,qwen,bert,1,64,window_end,window_end,qwen_semantic,FALSE_POSITIVE,True
quantum,spacex,qwen,bert,1,64,failure_count,failure_count,qwen_semantic,FALSE_POSITIVE,True
quantum,spacex,qwen,bert,1,64,failure_reasons,failure_reasons_alt,qwen_semantic,SUCCESS,True
quantum,spacex,qwen,bert,1,64,payload_count,payload_count,qwen_semantic,FALSE_POSITIVE,True
quantum,spacex,qwen,bert,1,64,payload_ids,payload_ids,qwen_semantic,FALSE_POSITIVE,True
quantum,spacex,qwen,bert,1,64,payload_mass_kg,payload_mass_kg,qwen_semantic,FALSE_POSITIVE,True
quantum,spacex,qwen,bert,1,64,payload_type,payload_type,qwen_semantic,FALSE_POSITIVE,True
quantum,spacex,qwen,bert,1,64,crew_count,crew_count,qwen_semantic,FALSE_POSITIVE,True
quantum,spacex,qwen,bert,1,64,launch_site,launch_site,qwen_semantic,FALSE_POSITIVE,True
quantum,spacex,qwen,bert,1,64,auto_payload,auto_payload,qwen_semantic,FALSE_POSITIVE,True
quantum,spacex,qwen,bert,1,64,tbd,tbd,qwen_semantic,FALSE_POSITIVE,True
quantum,spacex,qwen,bert,1,64,gridfins,gridfins,qwen_semantic,FALSE_POSITIVE,True
quantum,spacex,qwen,bert,1,64,legs,legs,qwen_semantic,FALSE_POSITIVE,True
quantum,spacex,qwen,bert,1,64,reused,reused,qwen_semantic,FALSE_POSITIVE,True
quantum,spacex,qwen,bert,1,64,fairings_reused,fairings_reused,qwen_semantic,FALSE_POSITIVE,True
quantum,spacex,qwen,bert,1,64,fairings_recovery_attempt,fairings_recovery_attempt,qwen_semantic,FALSE_POSITIVE,True
quantum,spacex,qwen,bert,1,64,cores_reused,cores_reused,qwen_semantic,FALSE_POSITIVE,True
quantum,spacex,qwen,bert,1,64,ships,ships,qwen_semantic,FALSE_POSITIVE,True
quantum,spacex,qwen,bert,1,64,capsules,capsules,qwen_semantic,FALSE_POSITIVE,True
quantum,spacex,qwen,bert,1,64,flight_number,flight_number,qwen_semantic,FALSE_POSITIVE,True
quantum,spacex,qwen,bert,1,101,mission_name,mission_name,qwen_semantic,FALSE_POSITIVE,True
quantum,spacex,qwen,bert,1,101,launch_date_utc,launch_date_utc_alt,qwen_semantic,SUCCESS,True
quantum,spacex,qwen,bert,1,101,rocket_id,rocket_id,qwen_semantic,FALSE_POSITIVE,True
quantum,spacex,qwen,bert,1,101,launch_success,launch_success,qwen_semantic,FALSE_POSITIVE,True
quantum,spacex,qwen,bert,1,101,upcoming,upcoming,qwen_semantic,FALSE_POSITIVE,True
quantum,spacex,qwen,bert,1,101,static_fire_date_utc,static_fire_date_utc,qwen_semantic,FALSE_POSITIVE,True
quantum,spacex,qwen,bert,1,101,net_duration,net_duration,qwen_semantic,FALSE_POSITIVE,True
quantum,spacex,qwen,bert,1,101,window_start,window_start,qwen_semantic,FALSE_POSITIVE,True
quantum,spacex,qwen,bert,1,101,window_end,window_end,qwen_semantic,FALSE_POSITIVE,True
quantum,spacex,qwen,bert,1,101,failure_count,failure_count,qwen_semantic,FALSE_POSITIVE,True
quantum,spacex,qwen,bert,1,101,failure_reasons,failure_reasons,qwen_semantic,FALSE_POSITIVE,True
quantum,spacex,qwen,bert,1,101,payload_count,payload_count,qwen_semantic,FALSE_POSITIVE,True
quantum,spacex,qwen,bert,1,101,payload_ids,payload_ids,qwen_semantic,FALSE_POSITIVE,True
quantum,spacex,qwen,bert,1,101,payload_mass_kg,payload_mass_kg,qwen_semantic,FALSE_POSITIVE,True
quantum,spacex,qwen,bert,1,101,payload_type,payload_type,qwen_semantic,FALSE_POSITIVE,True
quantum,spacex,qwen,bert,1,101,crew_count,crew_count,qwen_semantic,FALSE_POSITIVE,True
quantum,spacex,qwen,bert,1,101,launch_site,launch_site,qwen_semantic,FALSE_POSITIVE,True
quantum,spacex,qwen,bert,1,101,auto_payload,auto_payload,qwen_semantic,FALSE_POSITIVE,True
quantum,spacex,qwen,bert,1,101,tbd,tbd,qwen_semantic,FALSE_POSITIVE,True
quantum,spacex,qwen,bert,1,101,gridfins,gridfins,qwen_semantic,FALSE_POSITIVE,True
quantum,spacex,qwen,bert,1,101,legs,legs,qwen_semantic,FALSE_POSITIVE,True
quantum,spacex,qwen,bert,1,101,reused,reused,qwen_semantic,FALSE_POSITIVE,True
quantum,spacex,qwen,bert,1,101,fairings_reused,fairings_reused,qwen_semantic,FALSE_POSITIVE,True
quantum,spacex,qwen,bert,1,101,fairings_recovery_attempt,fairings_recovery_attempt,qwen_semantic,FALSE_POSITIVE,True
quantum,spacex,qwen,bert,1,101,cores_reused,cores_reused,qwen_semantic,FALSE_POSITIVE,True
quantum,spacex,qwen,bert,1,101,ships,ships,qwen_semantic,FALSE_POSITIVE,True
quantum,spacex,qwen,bert,1,101,capsules,capsules,qwen_semantic,FALSE_POSITIVE,True
quantum,spacex,qwen,bert,1,101,flight_number,flight_number,qwen_semantic,FALSE_POSITIVE,True
quantum,spacex,qwen,bert,1,102,mission_name,mission_name,qwen_semantic,FALSE_POSITIVE,True
quantum,spacex,qwen,bert,1,102,launch_date_utc,launch_date_utc,qwen_semantic,FALSE_POSITIVE,True
quantum,spacex,qwen,bert,1,102,rocket_id,rocket_id,qwen_semantic,FALSE_POSITIVE,True
quantum,spacex,qwen,bert,1,102,launch_success,launch_success,qwen_semantic,FALSE_POSITIVE,True
quantum,spacex,qwen,bert,1,102,upcoming,upcoming,qwen_semantic,FALSE_POSITIVE,True
quantum,spacex,qwen,bert,1,102,static_fire_date_utc,static_fire_date_utc,qwen_semantic,FALSE_POSITIVE,True
quantum,spacex,qwen,bert,1,102,net_duration,net_duration,qwen_semantic,FALSE_POSITIVE,True
quantum,spacex,qwen,bert,1,102,window_start,window_start,qwen_semantic,FALSE_POSITIVE,True
quantum,spacex,qwen,bert,1,102,window_end,window_end,qwen_semantic,FALSE_POSITIVE,True
quantum,spacex,qwen,bert,1,102,failure_count,failure_count,qwen_semantic,FALSE_POSITIVE,True
quantum,spacex,qwen,bert,1,102,failure_reasons,failure_reasons,qwen_semantic,FALSE_POSITIVE,True
quantum,spacex,qwen,bert,1,102,payload_count,payload_count,qwen_semantic,FALSE_POSITIVE,True
quantum,spacex,qwen,bert,1,102,payload_ids,payload_ids,qwen_semantic,FALSE_POSITIVE,True
quantum,spacex,qwen,bert,1,102,payload_mass_kg,payload_mass_kg,qwen_semantic,FALSE_POSITIVE,True
quantum,spacex,qwen,bert,1,102,payload_type,payload_type,qwen_semantic,FALSE_POSITIVE,True
quantum,spacex,qwen,bert,1,102,crew_count,crew_count,qwen_semantic,FALSE_POSITIVE,True
quantum,spacex,qwen,bert,1,102,launch_site,launch_site,qwen_semantic,FALSE_POSITIVE,True
quantum,spacex,qwen,bert,1,102,auto_payload,auto_payload,qwen_semantic,FALSE_POSITIVE,True
quantum,spacex,qwen,bert,1,102,tbd,tbd,qwen_semantic,FALSE_POSITIVE,True
quantum,spacex,qwen,bert,1,102,gridfins,gridfins,qwen_semantic,FALSE_POSITIVE,True
quantum,spacex,qwen,bert,1,102,legs,legs,qwen_semantic,FALSE_POSITIVE,True
quantum,spacex,qwen,bert,1,102,reused,reused,qwen_semantic,FALSE_POSITIVE,True
quantum,spacex,qwen,bert,1,102,fairings_reused,fairings_reused,qwen_semantic,FALSE_POSITIVE,True
quantum,spacex,qwen,bert,1,102,fairings_recovery_attempt,fairings_recovery_attempt,qwen_semantic,FALSE_POSITIVE,True
quantum,spacex,qwen,bert,1,102,cores_reused,cores_reused_alt,qwen_semantic,SUCCESS,True
quantum,spacex,qwen,bert,1,102,ships,ships,qwen_semantic,FALSE_POSITIVE,True
quantum,spacex,qwen,bert,1,102,capsules,capsules,qwen_semantic,FALSE_POSITIVE,True
quantum,spacex,qwen,bert,1,102,flight_number,flight_number,qwen_semantic,FALSE_POSITIVE,True
quantum,spacex,qwen,regex,1,166,window_end,window_end,qwen_semantic,FALSE_POSITIVE,True
quantum,spacex,qwen,regex,1,166,failure_count,failure_count,qwen_semantic,FALSE_POSITIVE,True
quantum,spacex,qwen,regex,1,166,launch_date_utc,launch_date_utc,qwen_semantic,FALSE_POSITIVE,True
quantum,spacex,qwen,regex,1,166,upcoming,upcoming,qwen_semantic,FALSE_POSITIVE,True
quantum,spacex,qwen,regex,1,166,auto_payload,auto_payload,qwen_semantic,FALSE_POSITIVE,True
quantum,spacex,qwen,regex,1,166,legs,legs,qwen_semantic,FALSE_POSITIVE,True
quantum,spacex,qwen,regex,1,166,rocket_id,rocket_id,qwen_semantic,FALSE_POSITIVE,True
quantum,spacex,qwen,regex,1,166,net_duration,net_duration,qwen_semantic,FALSE_POSITIVE,True
quantum,spacex,qwen,regex,1,166,payload_count,payload_count,qwen_semantic,FALSE_POSITIVE,True
quantum,spacex,qwen,regex,1,166,cores_reused,cores_reused,qwen_semantic,FALSE_POSITIVE,True
quantum,spacex,qwen,regex,1,166,launch_site,launch_site,qwen_semantic,FALSE_POSITIVE,True
quantum,spacex,qwen,regex,1,166,payload_mass_kg,payload_mass_kg,qwen_semantic,FALSE_POSITIVE,True
quantum,spacex,qwen,regex,1,166,gridfins,rocket_id,qwen_semantic,FALSE_POSITIVE,True
quantum,spacex,qwen,regex,1,166,launch_success,launch_success,qwen_semantic,FALSE_POSITIVE,True
quantum,spacex,qwen,regex,1,166,crew_count,crew_count,qwen_semantic,FALSE_POSITIVE,True
quantum,spacex,qwen,regex,1,166,failure_reasons,failure_reasons,qwen_semantic,FALSE_POSITIVE,True
quantum,spacex,qwen,regex,1,166,capsules,capsules,qwen_semantic,FALSE_POSITIVE,True
quantum,spacex,qwen,regex,1,166,tbd,tbd,qwen_semantic,FALSE_POSITIVE,True
quantum,spacex,qwen,regex,1,166,static_fire_date_utc,static_fire_date_utc_alt,qwen_semantic,SUCCESS,True
quantum,spacex,qwen,regex,1,166,window_start,window_start,qwen_semantic,FALSE_POSITIVE,True
quantum,spacex,qwen,regex,1,166,fairings_recovery_attempt,fairings_recovery_attempt,qwen_semantic,FALSE_POSITIVE,True
quantum,spacex,qwen,regex,1,166,flight_number,flight_number,qwen_semantic,FALSE_POSITIVE,True
quantum,spacex,qwen,regex,1,166,reused,cores_reused,qwen_semantic,FALSE_POSITIVE,True
quantum,spacex,qwen,regex,1,166,ships,ships,qwen_semantic,FALSE_POSITIVE,True
quantum,spacex,qwen,regex,1,166,payload_type,payload_type,qwen_semantic,FALSE_POSITIVE,True
quantum,spacex,qwen,regex,1,166,fairings_reused,reused,qwen_semantic,FALSE_POSITIVE,True
quantum,spacex,qwen,regex,1,166,mission_name,mission_name,qwen_semantic,FALSE_POSITIVE,True
quantum,spacex,qwen,regex,1,166,payload_ids,rocket_id,qwen_semantic,FALSE_POSITIVE,True
quantum,spacex,qwen,bert,1,172,mission_name,mission_name,qwen_semantic,FALSE_POSITIVE,True
quantum,spacex,qwen,bert,1,172,launch_date_utc,launch_date_utc,qwen_semantic,FALSE_POSITIVE,True
quantum,spacex,qwen,bert,1,172,rocket_id,rocket_id,qwen_semantic,FALSE_POSITIVE,True
quantum,spacex,qwen,bert,1,172,launch_success,launch_success,qwen_semantic,FALSE_POSITIVE,True
quantum,spacex,qwen,bert,1,172,upcoming,upcoming,qwen_semantic,FALSE_POSITIVE,True
quantum,spacex,qwen,bert,1,172,static_fire_date_utc,static_fire_date_utc_alt,qwen_semantic,SUCCESS,True
quantum,spacex,qwen,bert,1,172,net_duration,net_duration,qwen_semantic,FALSE_POSITIVE,True
quantum,spacex,qwen,bert,1,172,window_start,window_start,qwen_semantic,FALSE_POSITIVE,True
quantum,spacex,qwen,bert,1,172,window_end,window_end,qwen_semantic,FALSE_POSITIVE,True
quantum,spacex,qwen,bert,1,172,failure_count,failure_count,qwen_semantic,FALSE_POSITIVE,True
quantum,spacex,qwen,bert,1,172,failure_reasons,failure_reasons,qwen_semantic,FALSE_POSITIVE,True
quantum,spacex,qwen,bert,1,172,payload_count,payload_count,qwen_semantic,FALSE_POSITIVE,True
quantum,spacex,qwen,bert,1,172,payload_ids,payload_ids,qwen_semantic,FALSE_POSITIVE,True
quantum,spacex,qwen,bert,1,172,payload_mass_kg,payload_mass_kg,qwen_semantic,FALSE_POSITIVE,True
quantum,spacex,qwen,bert,1,172,payload_type,payload_type,qwen_semantic,FALSE_POSITIVE,True
quantum,spacex,qwen,bert,1,172,crew_count,crew_count,qwen_semantic,FALSE_POSITIVE,True
quantum,spacex,qwen,bert,1,172,launch_site,launch_site,qwen_semantic,FALSE_POSITIVE,True
quantum,spacex,qwen,bert,1,172,auto_payload,auto_payload,qwen_semantic,FALSE_POSITIVE,True
quantum,spacex,qwen,bert,1,172,tbd,tbd,qwen_semantic,FALSE_POSITIVE,True
quantum,spacex,qwen,bert,1,172,gridfins,gridfins,qwen_semantic,FALSE_POSITIVE,True
quantum,spacex,qwen,bert,1,172,legs,legs,qwen_semantic,FALSE_POSITIVE,True
quantum,spacex,qwen,bert,1,172,reused,reused,qwen_semantic,FALSE_POSITIVE,True
quantum,spacex,qwen,bert,1,172,fairings_reused,fairings_reused,qwen_semantic,FALSE_POSITIVE,True
quantum,spacex,qwen,bert,1,172,fairings_recovery_attempt,fairings_recovery_attempt,qwen_semantic,FALSE_POSITIVE,True
quantum,spacex,qwen,bert,1,172,cores_reused,cores_reused,qwen_semantic,FALSE_POSITIVE,True
quantum,spacex,qwen,bert,1,172,ships,ships,qwen_semantic,FALSE_POSITIVE,True
quantum,spacex,qwen,bert,1,172,capsules,capsules,qwen_semantic,FALSE_POSITIVE,True
quantum,spacex,qwen,bert,1,172,flight_number,flight_number,qwen_semantic,FALSE_POSITIVE,True
quantum,spacex,qwen,regex,1,202,window_end,window_end,qwen_semantic,FALSE_POSITIVE,True
quantum,spacex,qwen,regex,1,202,failure_count,failure_count,qwen_semantic,FALSE_POSITIVE,True
quantum,spacex,qwen,regex,1,202,launch_date_utc,launch_date_utc,qwen_semantic,FALSE_POSITIVE,True
quantum,spacex,qwen,regex,1,202,upcoming,upcoming,qwen_semantic,FALSE_POSITIVE,True
quantum,spacex,qwen,regex,1,202,auto_payload,auto_payload_alt,qwen_semantic,SUCCESS,True
quantum,spacex,qwen,regex,1,202,legs,legs,qwen_semantic,FALSE_POSITIVE,True
quantum,spacex,qwen,regex,1,202,rocket_id,rocket_id,qwen_semantic,FALSE_POSITIVE,True
quantum,spacex,qwen,regex,1,202,net_duration,net_duration,qwen_semantic,FALSE_POSITIVE,True
quantum,spacex,qwen,regex,1,202,payload_count,payload_count,qwen_semantic,FALSE_POSITIVE,True
quantum,spacex,qwen,regex,1,202,cores_reused,cores_reused,qwen_semantic,FALSE_POSITIVE,True
quantum,spacex,qwen,regex,1,202,launch_site,launch_site,qwen_semantic,FALSE_POSITIVE,True
quantum,spacex,qwen,regex,1,202,payload_mass_kg,payload_mass_kg,qwen_semantic,FALSE_POSITIVE,True
quantum,spacex,qwen,regex,1,202,gridfins,rocket_id,qwen_semantic,FALSE_POSITIVE,True
quantum,spacex,qwen,regex,1,202,launch_success,launch_success,qwen_semantic,FALSE_POSITIVE,True
quantum,spacex,qwen,regex,1,202,crew_count,crew_count,qwen_semantic,FALSE_POSITIVE,True
quantum,spacex,qwen,regex,1,202,failure_reasons,failure_reasons,qwen_semantic,FALSE_POSITIVE,True
quantum,spacex,qwen,regex,1,202,capsules,capsules,qwen_semantic,FALSE_POSITIVE,True
quantum,spacex,qwen,regex,1,202,tbd,tbd,qwen_semantic,FALSE_POSITIVE,True
quantum,spacex,qwen,regex,1,202,static_fire_date_utc,static_fire_date_utc,qwen_semantic,FALSE_POSITIVE,True
quantum,spacex,qwen,regex,1,202,window_start,window_start,qwen_semantic,FALSE_POSITIVE,True
quantum,spacex,qwen,regex,1,202,fairings_recovery_attempt,fairings_recovery_attempt,qwen_semantic,FALSE_POSITIVE,True
quantum,spacex,qwen,regex,1,202,flight_number,flight_number,qwen_semantic,FALSE_POSITIVE,True
quantum,spacex,qwen,regex,1,202,reused,cores_reused,qwen_semantic,FALSE_POSITIVE,True
quantum,spacex,qwen,regex,1,202,ships,ships,qwen_semantic,FALSE_POSITIVE,True
quantum,spacex,qwen,regex,1,202,payload_type,payload_type,qwen_semantic,FALSE_POSITIVE,True
quantum,spacex,qwen,regex,1,202,fairings_reused,reused,qwen_semantic,FALSE_POSITIVE,True
quantum,spacex,qwen,regex,1,202,mission_name,mission_name,qwen_semantic,FALSE_POSITIVE,True
quantum,spacex,qwen,regex,1,202,payload_ids,rocket_id,qwen_semantic,FALSE_POSITIVE,True
quantum,spacex,qwen,bert,1,206,mission_name,mission_name,qwen_semantic,FALSE_POSITIVE,True
quantum,spacex,qwen,bert,1,206,launch_date_utc,launch_date_utc,qwen_semantic,FALSE_POSITIVE,True
quantum,spacex,qwen,bert,1,206,rocket_id,rocket_id,qwen_semantic,FALSE_POSITIVE,True
quantum,spacex,qwen,bert,1,206,launch_success,launch_success,qwen_semantic,FALSE_POSITIVE,True
quantum,spacex,qwen,bert,1,206,upcoming,upcoming,qwen_semantic,FALSE_POSITIVE,True
quantum,spacex,qwen,bert,1,206,static_fire_date_utc,static_fire_date_utc,qwen_semantic,FALSE_POSITIVE,True
quantum,spacex,qwen,bert,1,206,net_duration,net_duration,qwen_semantic,FALSE_POSITIVE,True
quantum,spacex,qwen,bert,1,206,window_start,window_start,qwen_semantic,FALSE_POSITIVE,True
quantum,spacex,qwen,bert,1,206,window_end,window_end,qwen_semantic,FALSE_POSITIVE,True
quantum,spacex,qwen,bert,1,206,failure_count,failure_count,qwen_semantic,FALSE_POSITIVE,True
quantum,spacex,qwen,bert,1,206,failure_reasons,failure_reasons,qwen_semantic,FALSE_POSITIVE,True
quantum,spacex,qwen,bert,1,206,payload_count,payload_count,qwen_semantic,FALSE_POSITIVE,True
quantum,spacex,qwen,bert,1,206,payload_ids,payload_ids,qwen_semantic,FALSE_POSITIVE,True
quantum,spacex,qwen,bert,1,206,payload_mass_kg,payload_mass_kg,qwen_semantic,FALSE_POSITIVE,True
quantum,spacex,qwen,bert,1,206,payload_type,payload_type,qwen_semantic,FALSE_POSITIVE,True
quantum,spacex,qwen,bert,1,206,crew_count,crew_count,qwen_semantic,FALSE_POSITIVE,True
quantum,spacex,qwen,bert,1,206,launch_site,launch_site,qwen_semantic,FALSE_POSITIVE,True
quantum,spacex,qwen,bert,1,206,auto_payload,auto_payload,qwen_semantic,FALSE_POSITIVE,True
quantum,spacex,qwen,bert,1,206,tbd,tbd,qwen_semantic,FALSE_POSITIVE,True
quantum,spacex,qwen,bert,1,206,gridfins,gridfins,qwen_semantic,FALSE_POSITIVE,True
quantum,spacex,qwen,bert,1,206,legs,legs,qwen_semantic,FALSE_POSITIVE,True
quantum,spacex,qwen,bert,1,206,reused,reused,qwen_semantic,FALSE_POSITIVE,True
quantum,spacex,qwen,bert,1,206,fairings_reused,fairings_reused,qwen_semantic,FALSE_POSITIVE,True
quantum,spacex,qwen,bert,1,206,fairings_recovery_attempt,fairings_recovery_attempt_alt,qwen_semantic,SUCCESS,True
quantum,spacex,qwen,bert,1,206,cores_reused,cores_reused,qwen_semantic,FALSE_POSITIVE,True
quantum,spacex,qwen,bert,1,206,ships,ships,qwen_semantic,FALSE_POSITIVE,True
quantum,spacex,qwen,bert,1,206,capsules,capsules,qwen_semantic,FALSE_POSITIVE,True
quantum,spacex,qwen,bert,1,206,flight_number,flight_number,qwen_semantic,FALSE_POSITIVE,True
quantum,spacex,qwen,bert,1,228,mission_name,mission_name,qwen_semantic,FALSE_POSITIVE,True
quantum,spacex,qwen,bert,1,228,launch_date_utc,launch_date_utc,qwen_semantic,FALSE_POSITIVE,True
quantum,spacex,qwen,bert,1,228,rocket_id,rocket_id,qwen_semantic,FALSE_POSITIVE,True
quantum,spacex,qwen,bert,1,228,launch_success,launch_success,qwen_semantic,FALSE_POSITIVE,True
quantum,spacex,qwen,bert,1,228,upcoming,upcoming,qwen_semantic,FALSE_POSITIVE,True
quantum,spacex,qwen,bert,1,228,static_fire_date_utc,static_fire_date_utc,qwen_semantic,FALSE_POSITIVE,True
quantum,spacex,qwen,bert,1,228,net_duration,net_duration,qwen_semantic,FALSE_POSITIVE,True
quantum,spacex,qwen,bert,1,228,window_start,window_start,qwen_semantic,FALSE_POSITIVE,True
quantum,spacex,qwen,bert,1,228,window_end,window_end,qwen_semantic,FALSE_POSITIVE,True
quantum,spacex,qwen,bert,1,228,failure_count,failure_count,qwen_semantic,FALSE_POSITIVE,True
quantum,spacex,qwen,bert,1,228,failure_reasons,failure_reasons,qwen_semantic,FALSE_POSITIVE,True
quantum,spacex,qwen,bert,1,228,payload_count,payload_count_alt,qwen_semantic,SUCCESS,True
quantum,spacex,qwen,bert,1,228,payload_ids,payload_ids,qwen_semantic,FALSE_POSITIVE,True
quantum,spacex,qwen,bert,1,228,payload_mass_kg,payload_mass_kg,qwen_semantic,FALSE_POSITIVE,True
quantum,spacex,qwen,bert,1,228,payload_type,payload_type,qwen_semantic,FALSE_POSITIVE,True
quantum,spacex,qwen,bert,1,228,crew_count,crew_count,qwen_semantic,FALSE_POSITIVE,True
quantum,spacex,qwen,bert,1,228,launch_site,launch_site,qwen_semantic,FALSE_POSITIVE,True
quantum,spacex,qwen,bert,1,228,auto_payload,auto_payload,qwen_semantic,FALSE_POSITIVE,True
quantum,spacex,qwen,bert,1,228,tbd,tbd,qwen_semantic,FALSE_POSITIVE,True
quantum,spacex,qwen,bert,1,228,gridfins,gridfins,qwen_semantic,FALSE_POSITIVE,True
quantum,spacex,qwen,bert,1,228,legs,legs,qwen_semantic,FALSE_POSITIVE,True
quantum,spacex,qwen,bert,1,228,reused,reused,qwen_semantic,FALSE_POSITIVE,True
quantum,spacex,qwen,bert,1,228,fairings_reused,fairings_reused,qwen_semantic,FALSE_POSITIVE,True
quantum,spacex,qwen,bert,1,228,fairings_recovery_attempt,fairings_recovery_attempt,qwen_semantic,FALSE_POSITIVE,True
quantum,spacex,qwen,bert,1,228,cores_reused,cores_reused,qwen_semantic,FALSE_POSITIVE,True
quantum,spacex,qwen,bert,1,228,ships,ships,qwen_semantic,FALSE_POSITIVE,True
quantum,spacex,qwen,bert,1,228,capsules,capsules,qwen_semantic,FALSE_POSITIVE,True
quantum,spacex,qwen,bert,1,228,flight_number,flight_number,qwen_semantic,FALSE_POSITIVE,True
quantum,spacex,qwen,bert,1,230,mission_name,mission_name,qwen_semantic,FALSE_POSITIVE,True
quantum,spacex,qwen,bert,1,230,launch_date_utc,launch_date_utc,qwen_semantic,FALSE_POSITIVE,True
quantum,spacex,qwen,bert,1,230,rocket_id,rocket_id,qwen_semantic,FALSE_POSITIVE,True
quantum,spacex,qwen,bert,1,230,launch_success,launch_success,qwen_semantic,FALSE_POSITIVE,True
quantum,spacex,qwen,bert,1,230,upcoming,upcoming,qwen_semantic,FALSE_POSITIVE,True
quantum,spacex,qwen,bert,1,230,static_fire_date_utc,static_fire_date_utc,qwen_semantic,FALSE_POSITIVE,True
quantum,spacex,qwen,bert,1,230,net_duration,net_duration,qwen_semantic,FALSE_POSITIVE,True
quantum,spacex,qwen,bert,1,230,window_start,window_start,qwen_semantic,FALSE_POSITIVE,True
quantum,spacex,qwen,bert,1,230,window_end,window_end,qwen_semantic,FALSE_POSITIVE,True
quantum,spacex,qwen,bert,1,230,failure_count,failure_count,qwen_semantic,FALSE_POSITIVE,True
quantum,spacex,qwen,bert,1,230,failure_reasons,failure_reasons,qwen_semantic,FALSE_POSITIVE,True
quantum,spacex,qwen,bert,1,230,payload_count,payload_count,qwen_semantic,FALSE_POSITIVE,True
quantum,spacex,qwen,bert,1,230,payload_ids,payload_ids,qwen_semantic,FALSE_POSITIVE,True
quantum,spacex,qwen,bert,1,230,payload_mass_kg,payload_mass_kg,qwen_semantic,FALSE_POSITIVE,True
quantum,spacex,qwen,bert,1,230,payload_type,payload_type,qwen_semantic,FALSE_POSITIVE,True
quantum,spacex,qwen,bert,1,230,crew_count,crew_count,qwen_semantic,FALSE_POSITIVE,True
quantum,spacex,qwen,bert,1,230,launch_site,launch_site_alt,qwen_semantic,SUCCESS,True
quantum,spacex,qwen,bert,1,230,auto_payload,auto_payload,qwen_semantic,FALSE_POSITIVE,True
quantum,spacex,qwen,bert,1,230,tbd,tbd,qwen_semantic,FALSE_POSITIVE,True
quantum,spacex,qwen,bert,1,230,gridfins,gridfins,qwen_semantic,FALSE_POSITIVE,True
quantum,spacex,qwen,bert,1,230,legs,legs,qwen_semantic,FALSE_POSITIVE,True
quantum,spacex,qwen,bert,1,230,reused,reused,qwen_semantic,FALSE_POSITIVE,True
quantum,spacex,qwen,bert,1,230,fairings_reused,fairings_reused,qwen_semantic,FALSE_POSITIVE,True
quantum,spacex,qwen,bert,1,230,fairings_recovery_attempt,fairings_recovery_attempt,qwen_semantic,FALSE_POSITIVE,True
quantum,spacex,qwen,bert,1,230,cores_reused,cores_reused,qwen_semantic,FALSE_POSITIVE,True
quantum,spacex,qwen,bert,1,230,ships,ships,qwen_semantic,FALSE_POSITIVE,True
quantum,spacex,qwen,bert,1,230,capsules,capsules,qwen_semantic,FALSE_POSITIVE,True
quantum,spacex,qwen,bert,1,230,flight_number,flight_number,qwen_semantic,FALSE_POSITIVE,True
quantum,spacex,qwen,bert,1,237,mission_name,mission_name,qwen_semantic,FALSE_POSITIVE,True
quantum,spacex,qwen,bert,1,237,launch_date_utc,launch_date_utc,qwen_semantic,FALSE_POSITIVE,True
quantum,spacex,qwen,bert,1,237,rocket_id,rocket_id,qwen_semantic,FALSE_POSITIVE,True
quantum,spacex,qwen,bert,1,237,launch_success,launch_success,qwen_semantic,FALSE_POSITIVE,True
quantum,spacex,qwen,bert,1,237,upcoming,upcoming,qwen_semantic,FALSE_POSITIVE,True
quantum,spacex,qwen,bert,1,237,static_fire_date_utc,static_fire_date_utc,qwen_semantic,FALSE_POSITIVE,True
quantum,spacex,qwen,bert,1,237,net_duration,net_duration_alt,qwen_semantic,SUCCESS,True
quantum,spacex,qwen,bert,1,237,window_start,window_start,qwen_semantic,FALSE_POSITIVE,True
quantum,spacex,qwen,bert,1,237,window_end,window_end,qwen_semantic,FALSE_POSITIVE,True
quantum,spacex,qwen,bert,1,237,failure_count,failure_count,qwen_semantic,FALSE_POSITIVE,True
quantum,spacex,qwen,bert,1,237,failure_reasons,failure_reasons,qwen_semantic,FALSE_POSITIVE,True
quantum,spacex,qwen,bert,1,237,payload_count,payload_count,qwen_semantic,FALSE_POSITIVE,True
quantum,spacex,qwen,bert,1,237,payload_ids,payload_ids,qwen_semantic,FALSE_POSITIVE,True
quantum,spacex,qwen,bert,1,237,payload_mass_kg,payload_mass_kg,qwen_semantic,FALSE_POSITIVE,True
quantum,spacex,qwen,bert,1,237,payload_type,payload_type,qwen_semantic,FALSE_POSITIVE,True
quantum,spacex,qwen,bert,1,237,crew_count,crew_count,qwen_semantic,FALSE_POSITIVE,True
quantum,spacex,qwen,bert,1,237,launch_site,launch_site,qwen_semantic,FALSE_POSITIVE,True
quantum,spacex,qwen,bert,1,237,auto_payload,auto_payload,qwen_semantic,FALSE_POSITIVE,True
quantum,spacex,qwen,bert,1,237,tbd,tbd,qwen_semantic,FALSE_POSITIVE,True
quantum,spacex,qwen,bert,1,237,gridfins,gridfins,qwen_semantic,FALSE_POSITIVE,True
quantum,spacex,qwen,bert,1,237,legs,legs,qwen_semantic,FALSE_POSITIVE,True
quantum,spacex,qwen,bert,1,237,reused,reused,qwen_semantic,FALSE_POSITIVE,True
quantum,spacex,qwen,bert,1,237,fairings_reused,fairings_reused,qwen_semantic,FALSE_POSITIVE,True
quantum,spacex,qwen,bert,1,237,fairings_recovery_attempt,fairings_recovery_attempt,qwen_semantic,FALSE_POSITIVE,True
quantum,spacex,qwen,bert,1,237,cores_reused,cores_reused,qwen_semantic,FALSE_POSITIVE,True
quantum,spacex,qwen,bert,1,237,ships,ships,qwen_semantic,FALSE_POSITIVE,True
quantum,spacex,qwen,bert,1,237,capsules,capsules,qwen_semantic,FALSE_POSITIVE,True
quantum,spacex,qwen,bert,1,237,flight_number,flight_number,qwen_semantic,FALSE_POSITIVE,True
quantum,spacex,qwen,levenshtein,1,279,window_end,window_end,qwen_semantic,FALSE_POSITIVE,True
quantum,spacex,qwen,levenshtein,1,279,failure_count,failure_count,qwen_semantic,FALSE_POSITIVE,True
quantum,spacex,qwen,levenshtein,1,279,launch_date_utc,launch_date_utc,qwen_semantic,FALSE_POSITIVE,True
quantum,spacex,qwen,levenshtein,1,279,upcoming,upcoming,qwen_semantic,FALSE_POSITIVE,True
quantum,spacex,qwen,levenshtein,1,279,auto_payload,auto_payload,qwen_semantic,FALSE_POSITIVE,True
quantum,spacex,qwen,levenshtein,1,279,legs,legs,qwen_semantic,FALSE_POSITIVE,True
quantum,spacex,qwen,levenshtein,1,279,rocket_id,rocket_id,qwen_semantic,FALSE_POSITIVE,True
quantum,spacex,qwen,levenshtein,1,279,net_duration,net_duration,qwen_semantic,FALSE_POSITIVE,True
quantum,spacex,qwen,levenshtein,1,279,payload_count,payload_count,qwen_semantic,FALSE_POSITIVE,True
quantum,spacex,qwen,levenshtein,1,279,cores_reused,cores_reused,qwen_semantic,FALSE_POSITIVE,True
quantum,spacex,qwen,levenshtein,1,279,launch_site,launch_site,qwen_semantic,FALSE_POSITIVE,True
quantum,spacex,qwen,levenshtein,1,279,payload_mass_kg,payload_mass_kg,qwen_semantic,FALSE_POSITIVE,True
quantum,spacex,qwen,levenshtein,1,279,gridfins,gridfins,qwen_semantic,FALSE_POSITIVE,True
quantum,spacex,qwen,levenshtein,1,279,crew_count,crew_count,qwen_semantic,FALSE_POSITIVE,True
quantum,spacex,qwen,levenshtein,1,279,failure_reasons,failure_reasons,qwen_semantic,FALSE_POSITIVE,True
quantum,spacex,qwen,levenshtein,1,279,capsules,capsules,qwen_semantic,FALSE_POSITIVE,True
quantum,spacex,qwen,levenshtein,1,279,tbd,tbd,qwen_semantic,FALSE_POSITIVE,True
quantum,spacex,qwen,levenshtein,1,279,static_fire_date_utc,static_fire_date_utc,qwen_semantic,FALSE_POSITIVE,True
quantum,spacex,qwen,levenshtein,1,279,window_start,window_start,qwen_semantic,FALSE_POSITIVE,True
quantum,spacex,qwen,levenshtein,1,279,fairings_recovery_attempt,fairings_recovery_attempt,qwen_semantic,FALSE_POSITIVE,True
quantum,spacex,qwen,levenshtein,1,279,flight_number,flight_number,qwen_semantic,FALSE_POSITIVE,True
quantum,spacex,qwen,levenshtein,1,279,reused,reused,qwen_semantic,FALSE_POSITIVE,True
quantum,spacex,qwen,levenshtein,1,279,ships,ships,qwen_semantic,FALSE_POSITIVE,True
quantum,spacex,qwen,levenshtein,1,279,payload_type,payload_type,qwen_semantic,FALSE_POSITIVE,True
quantum,spacex,qwen,levenshtein,1,279,fairings_reused,fairings_reused,qwen_semantic,FALSE_POSITIVE,True
quantum,spacex,qwen,levenshtein,1,279,mission_name,mission_name,qwen_semantic,FALSE_POSITIVE,True
quantum,spacex,qwen,levenshtein,1,279,payload_ids,payload_ids,qwen_semantic,FALSE_POSITIVE,True
quantum,spacex,qwen,levenshtein,1,279,launch_success,,qwen_semantic,FAILURE,True
quantum,spacex,qwen,levenshtein,1,288,window_end,window_end,qwen_semantic,FALSE_POSITIVE,True
quantum,spacex,qwen,levenshtein,1,288,failure_count,failure_count,qwen_semantic,FALSE_POSITIVE,True
quantum,spacex,qwen,levenshtein,1,288,launch_date_utc,launch_date_utc,qwen_semantic,FALSE_POSITIVE,True
quantum,spacex,qwen,levenshtein,1,288,upcoming,upcoming,qwen_semantic,FALSE_POSITIVE,True
quantum,spacex,qwen,levenshtein,1,288,auto_payload,auto_payload,qwen_semantic,FALSE_POSITIVE,True
quantum,spacex,qwen,levenshtein,1,288,legs,legs,qwen_semantic,FALSE_POSITIVE,True
quantum,spacex,qwen,levenshtein,1,288,rocket_id,rocket_id,qwen_semantic,FALSE_POSITIVE,True
quantum,spacex,qwen,levenshtein,1,288,net_duration,net_duration,qwen_semantic,FALSE_POSITIVE,True
quantum,spacex,qwen,levenshtein,1,288,payload_count,payload_count,qwen_semantic,FALSE_POSITIVE,True
quantum,spacex,qwen,levenshtein,1,288,launch_site,launch_site,qwen_semantic,FALSE_POSITIVE,True
quantum,spacex,qwen,levenshtein,1,288,payload_mass_kg,payload_mass_kg,qwen_semantic,FALSE_POSITIVE,True
quantum,spacex,qwen,levenshtein,1,288,gridfins,gridfins,qwen_semantic,FALSE_POSITIVE,True
quantum,spacex,qwen,levenshtein,1,288,launch_success,launch_success,qwen_semantic,FALSE_POSITIVE,True
quantum,spacex,qwen,levenshtein,1,288,crew_count,crew_count,qwen_semantic,FALSE_POSITIVE,True
quantum,spacex,qwen,levenshtein,1,288,failure_reasons,failure_reasons,qwen_semantic,FALSE_POSITIVE,True
quantum,spacex,qwen,levenshtein,1,288,capsules,capsules,qwen_semantic,FALSE_POSITIVE,True
quantum,spacex,qwen,levenshtein,1,288,tbd,tbd,qwen_semantic,FALSE_POSITIVE,True
quantum,spacex,qwen,levenshtein,1,288,static_fire_date_utc,static_fire_date_utc,qwen_semantic,FALSE_POSITIVE,True
quantum,spacex,qwen,levenshtein,1,288,window_start,window_start,qwen_semantic,FALSE_POSITIVE,True
quantum,spacex,qwen,levenshtein,1,288,fairings_recovery_attempt,fairings_recovery_attempt,qwen_semantic,FALSE_POSITIVE,True
quantum,spacex,qwen,levenshtein,1,288,flight_number,flight_number,qwen_semantic,FALSE_POSITIVE,True
quantum,spacex,qwen,levenshtein,1,288,reused,reused,qwen_semantic,FALSE_POSITIVE,True
quantum,spacex,qwen,levenshtein,1,288,ships,ships,qwen_semantic,FALSE_POSITIVE,True
quantum,spacex,qwen,levenshtein,1,288,payload_type,payload_type,qwen_semantic,FALSE_POSITIVE,True
quantum,spacex,qwen,levenshtein,1,288,fairings_reused,fairings_reused,qwen_semantic,FALSE_POSITIVE,True
quantum,spacex,qwen,levenshtein,1,288,mission_name,mission_name,qwen_semantic,FALSE_POSITIVE,True
quantum,spacex,qwen,levenshtein,1,288,payload_ids,payload_ids,qwen_semantic,FALSE_POSITIVE,True
quantum,spacex,qwen,levenshtein,1,288,cores_reused,,qwen_semantic,FAILURE,True
quantum,spacex,qwen,bert,1,293,mission_name,mission_name,qwen_semantic,FALSE_POSITIVE,True
quantum,spacex,qwen,bert,1,293,launch_date_utc,launch_date_utc,qwen_semantic,FALSE_POSITIVE,True
quantum,spacex,qwen,bert,1,293,rocket_id,rocket_id,qwen_semantic,FALSE_POSITIVE,True
quantum,spacex,qwen,bert,1,293,launch_success,launch_success,qwen_semantic,FALSE_POSITIVE,True
quantum,spacex,qwen,bert,1,293,upcoming,upcoming,qwen_semantic,FALSE_POSITIVE,True
quantum,spacex,qwen,bert,1,293,static_fire_date_utc,static_fire_date_utc,qwen_semantic,FALSE_POSITIVE,True
quantum,spacex,qwen,bert,1,293,net_duration,net_duration,qwen_semantic,FALSE_POSITIVE,True
quantum,spacex,qwen,bert,1,293,window_start,window_start,qwen_semantic,FALSE_POSITIVE,True
quantum,spacex,qwen,bert,1,293,window_end,window_end,qwen_semantic,FALSE_POSITIVE,True
quantum,spacex,qwen,bert,1,293,failure_count,failure_count,qwen_semantic,FALSE_POSITIVE,True
quantum,spacex,qwen,bert,1,293,failure_reasons,failure_reasons,qwen_semantic,FALSE_POSITIVE,True
quantum,spacex,qwen,bert,1,293,payload_count,payload_count,qwen_semantic,FALSE_POSITIVE,True
quantum,spacex,qwen,bert,1,293,payload_ids,payload_ids,qwen_semantic,FALSE_POSITIVE,True
quantum,spacex,qwen,bert,1,293,payload_mass_kg,payload_mass_kg,qwen_semantic,FALSE_POSITIVE,True
quantum,spacex,qwen,bert,1,293,payload_type,payload_type,qwen_semantic,FALSE_POSITIVE,True
quantum,spacex,qwen,bert,1,293,crew_count,crew_count,qwen_semantic,FALSE_POSITIVE,True
quantum,spacex,qwen,bert,1,293,launch_site,launch_site,qwen_semantic,FALSE_POSITIVE,True
quantum,spacex,qwen,bert,1,293,auto_payload,auto_payload,qwen_semantic,FALSE_POSITIVE,True
quantum,spacex,qwen,bert,1,293,tbd,tbd,qwen_semantic,FALSE_POSITIVE,True
quantum,spacex,qwen,bert,1,293,gridfins,gridfins,qwen_semantic,FALSE_POSITIVE,True
quantum,spacex,qwen,bert,1,293,legs,legs,qwen_semantic,FALSE_POSITIVE,True
quantum,spacex,qwen,bert,1,293,reused,reused,qwen_semantic,FALSE_POSITIVE,True
quantum,spacex,qwen,bert,1,293,fairings_reused,fairings_reused,qwen_semantic,FALSE_POSITIVE,True
quantum,spacex,qwen,bert,1,293,fairings_recovery_attempt,fairings_recovery_attempt,qwen_semantic,FALSE_POSITIVE,True
quantum,spacex,qwen,bert,1,293,cores_reused,cores_reused_alt,qwen_semantic,SUCCESS,True
quantum,spacex,qwen,bert,1,293,ships,ships,qwen_semantic,FALSE_POSITIVE,True
quantum,spacex,qwen,bert,1,293,capsules,capsules,qwen_semantic,FALSE_POSITIVE,True
quantum,spacex,qwen,bert,1,293,flight_number,flight_number,qwen_semantic,FALSE_POSITIVE,True
quantum,spacex,qwen,bert,1,337,mission_name,mission_name,qwen_semantic,FALSE_POSITIVE,True
quantum,spacex,qwen,bert,1,337,launch_date_utc,launch_date_utc,qwen_semantic,FALSE_POSITIVE,True
quantum,spacex,qwen,bert,1,337,rocket_id,rocket_id,qwen_semantic,FALSE_POSITIVE,True
quantum,spacex,qwen,bert,1,337,launch_success,launch_success,qwen_semantic,FALSE_POSITIVE,True
quantum,spacex,qwen,bert,1,337,upcoming,upcoming,qwen_semantic,FALSE_POSITIVE,True
quantum,spacex,qwen,bert,1,337,static_fire_date_utc,static_fire_date_utc,qwen_semantic,FALSE_POSITIVE,True
quantum,spacex,qwen,bert,1,337,net_duration,net_duration,qwen_semantic,FALSE_POSITIVE,True
quantum,spacex,qwen,bert,1,337,window_start,window_start,qwen_semantic,FALSE_POSITIVE,True
quantum,spacex,qwen,bert,1,337,window_end,window_end,qwen_semantic,FALSE_POSITIVE,True
quantum,spacex,qwen,bert,1,337,failure_count,failure_count,qwen_semantic,FALSE_POSITIVE,True
quantum,spacex,qwen,bert,1,337,failure_reasons,failure_reasons,qwen_semantic,FALSE_POSITIVE,True
quantum,spacex,qwen,bert,1,337,payload_count,payload_count,qwen_semantic,FALSE_POSITIVE,True
quantum,spacex,qwen,bert,1,337,payload_ids,payload_ids,qwen_semantic,FALSE_POSITIVE,True
quantum,spacex,qwen,bert,1,337,payload_mass_kg,payload_mass_kg,qwen_semantic,FALSE_POSITIVE,True
quantum,spacex,qwen,bert,1,337,payload_type,payload_type,qwen_semantic,FALSE_POSITIVE,True
quantum,spacex,qwen,bert,1,337,crew_count,crew_count,qwen_semantic,FALSE_POSITIVE,True
quantum,spacex,qwen,bert,1,337,launch_site,launch_site,qwen_semantic,FALSE_POSITIVE,True
quantum,spacex,qwen,bert,1,337,auto_payload,payload_type,qwen_semantic,SUCCESS,True
quantum,spacex,qwen,bert,1,337,tbd,tbd,qwen_semantic,FALSE_POSITIVE,True
quantum,spacex,qwen,bert,1,337,gridfins,gridfins,qwen_semantic,FALSE_POSITIVE,True
quantum,spacex,qwen,bert,1,337,legs,legs,qwen_semantic,FALSE_POSITIVE,True
quantum,spacex,qwen,bert,1,337,reused,reused,qwen_semantic,FALSE_POSITIVE,True
quantum,spacex,qwen,bert,1,337,fairings_reused,fairings_reused,qwen_semantic,FALSE_POSITIVE,True
quantum,spacex,qwen,bert,1,337,fairings_recovery_attempt,fairings_recovery_attempt,qwen_semantic,FALSE_POSITIVE,True
quantum,spacex,qwen,bert,1,337,cores_reused,cores_reused,qwen_semantic,FALSE_POSITIVE,True
quantum,spacex,qwen,bert,1,337,ships,ships,qwen_semantic,FALSE_POSITIVE,True
quantum,spacex,qwen,bert,1,337,capsules,capsules,qwen_semantic,FALSE_POSITIVE,True
quantum,spacex,qwen,bert,1,337,flight_number,flight_number,qwen_semantic,FALSE_POSITIVE,True
quantum,spacex,qwen,bert,1,365,mission_name,mission_name,qwen_semantic,FALSE_POSITIVE,True
quantum,spacex,qwen,bert,1,365,launch_date_utc,launch_date_utc,qwen_semantic,FALSE_POSITIVE,True
quantum,spacex,qwen,bert,1,365,rocket_id,rocket_id,qwen_semantic,FALSE_POSITIVE,True
quantum,spacex,qwen,bert,1,365,launch_success,launch_success,qwen_semantic,FALSE_POSITIVE,True
quantum,spacex,qwen,bert,1,365,upcoming,upcoming,qwen_semantic,FALSE_POSITIVE,True
quantum,spacex,qwen,bert,1,365,static_fire_date_utc,static_fire_date_utc,qwen_semantic,FALSE_POSITIVE,True
quantum,spacex,qwen,bert,1,365,net_duration,net_duration,qwen_semantic,FALSE_POSITIVE,True
quantum,spacex,qwen,bert,1,365,window_start,window_start,qwen_semantic,FALSE_POSITIVE,True
quantum,spacex,qwen,bert,1,365,window_end,window_end,qwen_semantic,FALSE_POSITIVE,True
quantum,spacex,qwen,bert,1,365,failure_count,failure_count,qwen_semantic,FALSE_POSITIVE,True
quantum,spacex,qwen,bert,1,365,failure_reasons,failure_reasons,qwen_semantic,FALSE_POSITIVE,True
quantum,spacex,qwen,bert,1,365,payload_count,payload_count,qwen_semantic,FALSE_POSITIVE,True
quantum,spacex,qwen,bert,1,365,payload_ids,payload_ids,qwen_semantic,FALSE_POSITIVE,True
quantum,spacex,qwen,bert,1,365,payload_mass_kg,payload_mass_kg,qwen_semantic,FALSE_POSITIVE,True
quantum,spacex,qwen,bert,1,365,payload_type,payload_type,qwen_semantic,FALSE_POSITIVE,True
quantum,spacex,qwen,bert,1,365,crew_count,crew_count,qwen_semantic,FALSE_POSITIVE,True
quantum,spacex,qwen,bert,1,365,launch_site,launch_site,qwen_semantic,FALSE_POSITIVE,True
quantum,spacex,qwen,bert,1,365,auto_payload,payload_type,qwen_semantic,SUCCESS,True
quantum,spacex,qwen,bert,1,365,tbd,tbd,qwen_semantic,FALSE_POSITIVE,True
quantum,spacex,qwen,bert,1,365,gridfins,gridfins,qwen_semantic,FALSE_POSITIVE,True
quantum,spacex,qwen,bert,1,365,legs,legs,qwen_semantic,FALSE_POSITIVE,True
quantum,spacex,qwen,bert,1,365,reused,reused,qwen_semantic,FALSE_POSITIVE,True
quantum,spacex,qwen,bert,1,365,fairings_reused,fairings_reused,qwen_semantic,FALSE_POSITIVE,True
quantum,spacex,qwen,bert,1,365,fairings_recovery_attempt,fairings_recovery_attempt,qwen_semantic,FALSE_POSITIVE,True
quantum,spacex,qwen,bert,1,365,cores_reused,cores_reused,qwen_semantic,FALSE_POSITIVE,True
quantum,spacex,qwen,bert,1,365,ships,ships,qwen_semantic,FALSE_POSITIVE,True
quantum,spacex,qwen,bert,1,365,capsules,capsules,qwen_semantic,FALSE_POSITIVE,True
quantum,spacex,qwen,bert,1,365,flight_number,flight_number,qwen_semantic,FALSE_POSITIVE,True
quantum,spacex,qwen,bert,1,393,mission_name,mission_name,qwen_semantic,FALSE_POSITIVE,True
quantum,spacex,qwen,bert,1,393,launch_date_utc,launch_date_utc,qwen_semantic,FALSE_POSITIVE,True
quantum,spacex,qwen,bert,1,393,rocket_id,rocket_id,qwen_semantic,FALSE_POSITIVE,True
quantum,spacex,qwen,bert,1,393,launch_success,launch_success,qwen_semantic,FALSE_POSITIVE,True
quantum,spacex,qwen,bert,1,393,upcoming,upcoming,qwen_semantic,FALSE_POSITIVE,True
quantum,spacex,qwen,bert,1,393,static_fire_date_utc,static_fire_date_utc,qwen_semantic,FALSE_POSITIVE,True
quantum,spacex,qwen,bert,1,393,net_duration,net_duration,qwen_semantic,FALSE_POSITIVE,True
quantum,spacex,qwen,bert,1,393,window_start,window_start,qwen_semantic,FALSE_POSITIVE,True
quantum,spacex,qwen,bert,1,393,window_end,window_end,qwen_semantic,FALSE_POSITIVE,True
quantum,spacex,qwen,bert,1,393,failure_count,failure_count,qwen_semantic,FALSE_POSITIVE,True
quantum,spacex,qwen,bert,1,393,failure_reasons,failure_reasons,qwen_semantic,FALSE_POSITIVE,True
quantum,spacex,qwen,bert,1,393,payload_count,payload_count,qwen_semantic,FALSE_POSITIVE,True
quantum,spacex,qwen,bert,1,393,payload_ids,payload_ids,qwen_semantic,FALSE_POSITIVE,True
quantum,spacex,qwen,bert,1,393,payload_mass_kg,payload_mass_kg,qwen_semantic,FALSE_POSITIVE,True
quantum,spacex,qwen,bert,1,393,payload_type,payload_type,qwen_semantic,FALSE_POSITIVE,True
quantum,spacex,qwen,bert,1,393,crew_count,crew_count,qwen_semantic,FALSE_POSITIVE,True
quantum,spacex,qwen,bert,1,393,launch_site,launch_site,qwen_semantic,FALSE_POSITIVE,True
quantum,spacex,qwen,bert,1,393,auto_payload,auto_payload,qwen_semantic,FALSE_POSITIVE,True
quantum,spacex,qwen,bert,1,393,tbd,tbd,qwen_semantic,FALSE_POSITIVE,True
quantum,spacex,qwen,bert,1,393,gridfins,gridfins,qwen_semantic,FALSE_POSITIVE,True
quantum,spacex,qwen,bert,1,393,reused,reused,qwen_semantic,FALSE_POSITIVE,True
quantum,spacex,qwen,bert,1,393,fairings_reused,fairings_reused,qwen_semantic,FALSE_POSITIVE,True
quantum,spacex,qwen,bert,1,393,fairings_recovery_attempt,fairings_recovery_attempt,qwen_semantic,FALSE_POSITIVE,True
quantum,spacex,qwen,bert,1,393,cores_reused,cores_reused,qwen_semantic,FALSE_POSITIVE,True
quantum,spacex,qwen,bert,1,393,ships,ships,qwen_semantic,FALSE_POSITIVE,True
quantum,spacex,qwen,bert,1,393,capsules,capsules,qwen_semantic,FALSE_POSITIVE,True
quantum,spacex,qwen,bert,1,393,flight_number,flight_number,qwen_semantic,FALSE_POSITIVE,True
quantum,spacex,qwen,bert,1,393,legs,,qwen_semantic,FAILURE,True
quantum,spacex,qwen,bert,1,416,mission_name,mission_name,qwen_semantic,FALSE_POSITIVE,True
quantum,spacex,qwen,bert,1,416,launch_date_utc,launch_date_utc,qwen_semantic,FALSE_POSITIVE,True
quantum,spacex,qwen,bert,1,416,rocket_id,rocket_id,qwen_semantic,FALSE_POSITIVE,True
quantum,spacex,qwen,bert,1,416,launch_success,launch_success,qwen_semantic,FALSE_POSITIVE,True
quantum,spacex,qwen,bert,1,416,upcoming,upcoming,qwen_semantic,FALSE_POSITIVE,True
quantum,spacex,qwen,bert,1,416,static_fire_date_utc,static_fire_date_utc,qwen_semantic,FALSE_POSITIVE,True
quantum,spacex,qwen,bert,1,416,net_duration,net_duration_alt,qwen_semantic,SUCCESS,True
quantum,spacex,qwen,bert,1,416,window_start,window_start,qwen_semantic,FALSE_POSITIVE,True
quantum,spacex,qwen,bert,1,416,window_end,window_end,qwen_semantic,FALSE_POSITIVE,True
quantum,spacex,qwen,bert,1,416,failure_count,failure_count,qwen_semantic,FALSE_POSITIVE,True
quantum,spacex,qwen,bert,1,416,failure_reasons,failure_reasons,qwen_semantic,FALSE_POSITIVE,True
quantum,spacex,qwen,bert,1,416,payload_count,payload_count,qwen_semantic,FALSE_POSITIVE,True
quantum,spacex,qwen,bert,1,416,payload_ids,payload_ids,qwen_semantic,FALSE_POSITIVE,True
quantum,spacex,qwen,bert,1,416,payload_mass_kg,payload_mass_kg,qwen_semantic,FALSE_POSITIVE,True
quantum,spacex,qwen,bert,1,416,payload_type,payload_type,qwen_semantic,FALSE_POSITIVE,True
quantum,spacex,qwen,bert,1,416,crew_count,crew_count,qwen_semantic,FALSE_POSITIVE,True
quantum,spacex,qwen,bert,1,416,launch_site,launch_site,qwen_semantic,FALSE_POSITIVE,True
quantum,spacex,qwen,bert,1,416,auto_payload,auto_payload,qwen_semantic,FALSE_POSITIVE,True
quantum,spacex,qwen,bert,1,416,tbd,tbd,qwen_semantic,FALSE_POSITIVE,True
quantum,spacex,qwen,bert,1,416,gridfins,gridfins,qwen_semantic,FALSE_POSITIVE,True
quantum,spacex,qwen,bert,1,416,legs,legs,qwen_semantic,FALSE_POSITIVE,True
quantum,spacex,qwen,bert,1,416,reused,reused,qwen_semantic,FALSE_POSITIVE,True
quantum,spacex,qwen,bert,1,416,fairings_reused,fairings_reused,qwen_semantic,FALSE_POSITIVE,True
quantum,spacex,qwen,bert,1,416,fairings_recovery_attempt,fairings_recovery_attempt,qwen_semantic,FALSE_POSITIVE,True
quantum,spacex,qwen,bert,1,416,cores_reused,cores_reused,qwen_semantic,FALSE_POSITIVE,True
quantum,spacex,qwen,bert,1,416,ships,ships,qwen_semantic,FALSE_POSITIVE,True
quantum,spacex,qwen,bert,1,416,capsules,capsules,qwen_semantic,FALSE_POSITIVE,True
quantum,spacex,qwen,bert,1,416,flight_number,flight_number,qwen_semantic,FALSE_POSITIVE,True
quantum,spacex,qwen,levenshtein,1,428,window_end,window_end,qwen_semantic,FALSE_POSITIVE,True
quantum,spacex,qwen,levenshtein,1,428,failure_count,failure_count,qwen_semantic,FALSE_POSITIVE,True
quantum,spacex,qwen,levenshtein,1,428,launch_date_utc,launch_date_utc,qwen_semantic,FALSE_POSITIVE,True
quantum,spacex,qwen,levenshtein,1,428,upcoming,upcoming,qwen_semantic,FALSE_POSITIVE,True
quantum,spacex,qwen,levenshtein,1,428,auto_payload,auto_payload,qwen_semantic,FALSE_POSITIVE,True
quantum,spacex,qwen,levenshtein,1,428,legs,legs,qwen_semantic,FALSE_POSITIVE,True
quantum,spacex,qwen,levenshtein,1,428,rocket_id,rocket_id,qwen_semantic,FALSE_POSITIVE,True
quantum,spacex,qwen,levenshtein,1,428,net_duration,net_duration,qwen_semantic,FALSE_POSITIVE,True
quantum,spacex,qwen,levenshtein,1,428,payload_count,payload_count,qwen_semantic,FALSE_POSITIVE,True
quantum,spacex,qwen,levenshtein,1,428,cores_reused,cores_reused,qwen_semantic,FALSE_POSITIVE,True
quantum,spacex,qwen,levenshtein,1,428,launch_site,launch_site,qwen_semantic,FALSE_POSITIVE,True
quantum,spacex,qwen,levenshtein,1,428,payload_mass_kg,payload_mass_kg,qwen_semantic,FALSE_POSITIVE,True
quantum,spacex,qwen,levenshtein,1,428,gridfins,gridfins,qwen_semantic,FALSE_POSITIVE,True
quantum,spacex,qwen,levenshtein,1,428,launch_success,launch_success,qwen_semantic,FALSE_POSITIVE,True
quantum,spacex,qwen,levenshtein,1,428,crew_count,crew_count,qwen_semantic,FALSE_POSITIVE,True
quantum,spacex,qwen,levenshtein,1,428,failure_reasons,failure_reasons,qwen_semantic,FALSE_POSITIVE,True
quantum,spacex,qwen,levenshtein,1,428,capsules,capsules,qwen_semantic,FALSE_POSITIVE,True
quantum,spacex,qwen,levenshtein,1,428,tbd,tbd,qwen_semantic,FALSE_POSITIVE,True
quantum,spacex,qwen,levenshtein,1,428,static_fire_date_utc,static_fire_date_utc,qwen_semantic,FALSE_POSITIVE,True
quantum,spacex,qwen,levenshtein,1,428,window_start,window_start,qwen_semantic,FALSE_POSITIVE,True
quantum,spacex,qwen,levenshtein,1,428,flight_number,flight_number,qwen_semantic,FALSE_POSITIVE,True
quantum,spacex,qwen,levenshtein,1,428,reused,reused,qwen_semantic,FALSE_POSITIVE,True
quantum,spacex,qwen,levenshtein,1,428,ships,ships,qwen_semantic,FALSE_POSITIVE,True
quantum,spacex,qwen,levenshtein,1,428,payload_type,payload_type,qwen_semantic,FALSE_POSITIVE,True
quantum,spacex,qwen,levenshtein,1,428,fairings_reused,fairings_reused,qwen_semantic,FALSE_POSITIVE,True
quantum,spacex,qwen,levenshtein,1,428,mission_name,mission_name,qwen_semantic,FALSE_POSITIVE,True
quantum,spacex,qwen,levenshtein,1,428,payload_ids,payload_ids,qwen_semantic,FALSE_POSITIVE,True
quantum,spacex,qwen,levenshtein,1,428,fairings_recovery_attempt,,qwen_semantic,FAILURE,True
quantum,spacex,qwen,levenshtein,1,429,window_end,window_end,qwen_semantic,FALSE_POSITIVE,True
quantum,spacex,qwen,levenshtein,1,429,failure_count,failure_count,qwen_semantic,FALSE_POSITIVE,True
quantum,spacex,qwen,levenshtein,1,429,launch_date_utc,launch_date_utc,qwen_semantic,FALSE_POSITIVE,True
quantum,spacex,qwen,levenshtein,1,429,auto_payload,auto_payload,qwen_semantic,FALSE_POSITIVE,True
quantum,spacex,qwen,levenshtein,1,429,legs,legs,qwen_semantic,FALSE_POSITIVE,True
quantum,spacex,qwen,levenshtein,1,429,rocket_id,rocket_id,qwen_semantic,FALSE_POSITIVE,True
quantum,spacex,qwen,levenshtein,1,429,net_duration,net_duration,qwen_semantic,FALSE_POSITIVE,True
quantum,spacex,qwen,levenshtein,1,429,payload_count,payload_count,qwen_semantic,FALSE_POSITIVE,True
quantum,spacex,qwen,levenshtein,1,429,cores_reused,cores_reused,qwen_semantic,FALSE_POSITIVE,True
quantum,spacex,qwen,levenshtein,1,429,launch_site,launch_site,qwen_semantic,FALSE_POSITIVE,True
quantum,spacex,qwen,levenshtein,1,429,payload_mass_kg,payload_mass_kg,qwen_semantic,FALSE_POSITIVE,True
quantum,spacex,qwen,levenshtein,1,429,gridfins,gridfins,qwen_semantic,FALSE_POSITIVE,True
quantum,spacex,qwen,levenshtein,1,429,launch_success,launch_success,qwen_semantic,FALSE_POSITIVE,True
quantum,spacex,qwen,levenshtein,1,429,crew_count,crew_count,qwen_semantic,FALSE_POSITIVE,True
quantum,spacex,qwen,levenshtein,1,429,failure_reasons,failure_reasons,qwen_semantic,FALSE_POSITIVE,True
quantum,spacex,qwen,levenshtein,1,429,capsules,capsules,qwen_semantic,FALSE_POSITIVE,True
quantum,spacex,qwen,levenshtein,1,429,tbd,tbd,qwen_semantic,FALSE_POSITIVE,True
quantum,spacex,qwen,levenshtein,1,429,static_fire_date_utc,static_fire_date_utc,qwen_semantic,FALSE_POSITIVE,True
quantum,spacex,qwen,levenshtein,1,429,window_start,window_start,qwen_semantic,FALSE_POSITIVE,True
quantum,spacex,qwen,levenshtein,1,429,fairings_recovery_attempt,fairings_recovery_attempt,qwen_semantic,FALSE_POSITIVE,True
quantum,spacex,qwen,levenshtein,1,429,flight_number,flight_number,qwen_semantic,FALSE_POSITIVE,True
quantum,spacex,qwen,levenshtein,1,429,reused,reused,qwen_semantic,FALSE_POSITIVE,True
quantum,spacex,qwen,levenshtein,1,429,ships,ships,qwen_semantic,FALSE_POSITIVE,True
quantum,spacex,qwen,levenshtein,1,429,payload_type,payload_type,qwen_semantic,FALSE_POSITIVE,True
quantum,spacex,qwen,levenshtein,1,429,fairings_reused,fairings_reused,qwen_semantic,FALSE_POSITIVE,True
quantum,spacex,qwen,levenshtein,1,429,mission_name,mission_name,qwen_semantic,FALSE_POSITIVE,True
quantum,spacex,qwen,levenshtein,1,429,payload_ids,payload_ids,qwen_semantic,FALSE_POSITIVE,True
quantum,spacex,qwen,levenshtein,1,429,upcoming,,qwen_semantic,FAILURE,True
quantum,spacex,qwen,levenshtein,1,436,window_end,window_end,qwen_semantic,FALSE_POSITIVE,True
quantum,spacex,qwen,levenshtein,1,436,failure_count,failure_count,qwen_semantic,FALSE_POSITIVE,True
quantum,spacex,qwen,levenshtein,1,436,launch_date_utc,launch_date_utc,qwen_semantic,FALSE_POSITIVE,True
quantum,spacex,qwen,levenshtein,1,436,upcoming,upcoming,qwen_semantic,FALSE_POSITIVE,True
quantum,spacex,qwen,levenshtein,1,436,auto_payload,auto_payload,qwen_semantic,FALSE_POSITIVE,True
quantum,spacex,qwen,levenshtein,1,436,legs,legs,qwen_semantic,FALSE_POSITIVE,True
quantum,spacex,qwen,levenshtein,1,436,rocket_id,rocket_id,qwen_semantic,FALSE_POSITIVE,True
quantum,spacex,qwen,levenshtein,1,436,net_duration,net_duration,qwen_semantic,FALSE_POSITIVE,True
quantum,spacex,qwen,levenshtein,1,436,payload_count,payload_count,qwen_semantic,FALSE_POSITIVE,True
quantum,spacex,qwen,levenshtein,1,436,cores_reused,cores_reused,qwen_semantic,FALSE_POSITIVE,True
quantum,spacex,qwen,levenshtein,1,436,launch_site,launch_site,qwen_semantic,FALSE_POSITIVE,True
quantum,spacex,qwen,levenshtein,1,436,payload_mass_kg,payload_mass_kg,qwen_semantic,FALSE_POSITIVE,True
quantum,spacex,qwen,levenshtein,1,436,gridfins,gridfins,qwen_semantic,FALSE_POSITIVE,True
quantum,spacex,qwen,levenshtein,1,436,crew_count,crew_count,qwen_semantic,FALSE_POSITIVE,True
quantum,spacex,qwen,levenshtein,1,436,failure_reasons,failure_reasons,qwen_semantic,FALSE_POSITIVE,True
quantum,spacex,qwen,levenshtein,1,436,capsules,capsules,qwen_semantic,FALSE_POSITIVE,True
quantum,spacex,qwen,levenshtein,1,436,tbd,tbd,qwen_semantic,FALSE_POSITIVE,True
quantum,spacex,qwen,levenshtein,1,436,static_fire_date_utc,static_fire_date_utc,qwen_semantic,FALSE_POSITIVE,True
quantum,spacex,qwen,levenshtein,1,436,window_start,window_start,qwen_semantic,FALSE_POSITIVE,True
quantum,spacex,qwen,levenshtein,1,436,fairings_recovery_attempt,fairings_recovery_attempt,qwen_semantic,FALSE_POSITIVE,True
quantum,spacex,qwen,levenshtein,1,436,flight_number,flight_number,qwen_semantic,FALSE_POSITIVE,True
quantum,spacex,qwen,levenshtein,1,436,reused,reused,qwen_semantic,FALSE_POSITIVE,True
quantum,spacex,qwen,levenshtein,1,436,ships,ships,qwen_semantic,FALSE_POSITIVE,True
quantum,spacex,qwen,levenshtein,1,436,payload_type,payload_type,qwen_semantic,FALSE_POSITIVE,True
quantum,spacex,qwen,levenshtein,1,436,fairings_reused,fairings_reused,qwen_semantic,FALSE_POSITIVE,True
quantum,spacex,qwen,levenshtein,1,436,mission_name,mission_name,qwen_semantic,FALSE_POSITIVE,True
quantum,spacex,qwen,levenshtein,1,436,payload_ids,payload_ids,qwen_semantic,FALSE_POSITIVE,True
quantum,spacex,qwen,levenshtein,1,436,launch_success,,qwen_semantic,FAILURE,True
quantum,spacex,qwen,regex,1,446,window_end,window_end,qwen_semantic,FALSE_POSITIVE,True
quantum,spacex,qwen,regex,1,446,failure_count,failure_count,qwen_semantic,FALSE_POSITIVE,True
quantum,spacex,qwen,regex,1,446,launch_date_utc,launch_date_utc,qwen_semantic,FALSE_POSITIVE,True
quantum,spacex,qwen,regex,1,446,upcoming,upcoming,qwen_semantic,FALSE_POSITIVE,True
quantum,spacex,qwen,regex,1,446,auto_payload,auto_payload,qwen_semantic,FALSE_POSITIVE,True
quantum,spacex,qwen,regex,1,446,legs,legs,qwen_semantic,FALSE_POSITIVE,True
quantum,spacex,qwen,regex,1,446,rocket_id,rocket_id,qwen_semantic,FALSE_POSITIVE,True
quantum,spacex,qwen,regex,1,446,net_duration,net_duration,qwen_semantic,FALSE_POSITIVE,True
quantum,spacex,qwen,regex,1,446,payload_count,payload_count,qwen_semantic,FALSE_POSITIVE,True
quantum,spacex,qwen,regex,1,446,cores_reused,cores_reused,qwen_semantic,FALSE_POSITIVE,True
quantum,spacex,qwen,regex,1,446,launch_site,launch_site,qwen_semantic,FALSE_POSITIVE,True
quantum,spacex,qwen,regex,1,446,payload_mass_kg,payload_mass_kg,qwen_semantic,FALSE_POSITIVE,True
quantum,spacex,qwen,regex,1,446,gridfins,rocket_id,qwen_semantic,FALSE_POSITIVE,True
quantum,spacex,qwen,regex,1,446,launch_success,launch_success,qwen_semantic,FALSE_POSITIVE,True
quantum,spacex,qwen,regex,1,446,crew_count,crew_count,qwen_semantic,FALSE_POSITIVE,True
quantum,spacex,qwen,regex,1,446,failure_reasons,failure_reasons,qwen_semantic,FALSE_POSITIVE,True
quantum,spacex,qwen,regex,1,446,capsules,capsules,qwen_semantic,FALSE_POSITIVE,True
quantum,spacex,qwen,regex,1,446,tbd,tbd,qwen_semantic,FALSE_POSITIVE,True
quantum,spacex,qwen,regex,1,446,static_fire_date_utc,static_fire_date_utc,qwen_semantic,FALSE_POSITIVE,True
quantum,spacex,qwen,regex,1,446,window_start,window_start,qwen_semantic,FALSE_POSITIVE,True
quantum,spacex,qwen,regex,1,446,fairings_recovery_attempt,fairings_recovery_attempt,qwen_semantic,FALSE_POSITIVE,True
quantum,spacex,qwen,regex,1,446,flight_number,flight_number,qwen_semantic,FALSE_POSITIVE,True
quantum,spacex,qwen,regex,1,446,reused,cores_reused,qwen_semantic,SUCCESS,True
quantum,spacex,qwen,regex,1,446,ships,ships,qwen_semantic,FALSE_POSITIVE,True
quantum,spacex,qwen,regex,1,446,payload_type,payload_type,qwen_semantic,FALSE_POSITIVE,True
quantum,spacex,qwen,regex,1,446,fairings_reused,fairings_reused,qwen_semantic,FALSE_POSITIVE,True
quantum,spacex,qwen,regex,1,446,mission_name,mission_name,qwen_semantic,FALSE_POSITIVE,True
quantum,spacex,qwen,regex,1,446,payload_ids,rocket_id,qwen_semantic,FALSE_POSITIVE,True
quantum,spacex,qwen,regex,1,463,window_end,window_end,qwen_semantic,FALSE_POSITIVE,True
quantum,spacex,qwen,regex,1,463,failure_count,failure_count,qwen_semantic,FALSE_POSITIVE,True
quantum,spacex,qwen,regex,1,463,launch_date_utc,launch_date_utc,qwen_semantic,FALSE_POSITIVE,True
quantum,spacex,qwen,regex,1,463,upcoming,upcoming,qwen_semantic,FALSE_POSITIVE,True
quantum,spacex,qwen,regex,1,463,auto_payload,auto_payload,qwen_semantic,FALSE_POSITIVE,True
quantum,spacex,qwen,regex,1,463,legs,legs,qwen_semantic,FALSE_POSITIVE,True
quantum,spacex,qwen,regex,1,463,rocket_id,rocket_id,qwen_semantic,FALSE_POSITIVE,True
quantum,spacex,qwen,regex,1,463,net_duration,net_duration,qwen_semantic,FALSE_POSITIVE,True
quantum,spacex,qwen,regex,1,463,payload_count,payload_count,qwen_semantic,FALSE_POSITIVE,True
quantum,spacex,qwen,regex,1,463,cores_reused,cores_reused,qwen_semantic,FALSE_POSITIVE,True
quantum,spacex,qwen,regex,1,463,launch_site,launch_site,qwen_semantic,FALSE_POSITIVE,True
quantum,spacex,qwen,regex,1,463,payload_mass_kg,payload_mass_kg,qwen_semantic,FALSE_POSITIVE,True
quantum,spacex,qwen,regex,1,463,gridfins,rocket_id,qwen_semantic,FALSE_POSITIVE,True
quantum,spacex,qwen,regex,1,463,launch_success,launch_success,qwen_semantic,FALSE_POSITIVE,True
quantum,spacex,qwen,regex,1,463,crew_count,crew_count,qwen_semantic,FALSE_POSITIVE,True
quantum,spacex,qwen,regex,1,463,failure_reasons,failure_reasons,qwen_semantic,FALSE_POSITIVE,True
quantum,spacex,qwen,regex,1,463,capsules,capsules,qwen_semantic,FALSE_POSITIVE,True
quantum,spacex,qwen,regex,1,463,tbd,tbd,qwen_semantic,FALSE_POSITIVE,True
quantum,spacex,qwen,regex,1,463,static_fire_date_utc,static_fire_date_utc,qwen_semantic,FALSE_POSITIVE,True
quantum,spacex,qwen,regex,1,463,window_start,window_start,qwen_semantic,FALSE_POSITIVE,True
quantum,spacex,qwen,regex,1,463,fairings_recovery_attempt,fairings_recovery_attempt,qwen_semantic,FALSE_POSITIVE,True
quantum,spacex,qwen,regex,1,463,flight_number,flight_number,qwen_semantic,FALSE_POSITIVE,True
quantum,spacex,qwen,regex,1,463,reused,cores_reused,qwen_semantic,FALSE_POSITIVE,True
quantum,spacex,qwen,regex,1,463,ships,ships,qwen_semantic,FALSE_POSITIVE,True
quantum,spacex,qwen,regex,1,463,payload_type,payload_type,qwen_semantic,FALSE_POSITIVE,True
quantum,spacex,qwen,regex,1,463,fairings_reused,fairings_reused_backup,qwen_semantic,FALSE_POSITIVE,True
quantum,spacex,qwen,regex,1,463,mission_name,mission_name,qwen_semantic,FALSE_POSITIVE,True
quantum,spacex,qwen,regex,1,463,payload_ids,rocket_id,qwen_semantic,SUCCESS,True
quantum,spacex,qwen,bert,1,468,mission_name,mission_name,qwen_semantic,FALSE_POSITIVE,True
quantum,spacex,qwen,bert,1,468,launch_date_utc,launch_date_utc,qwen_semantic,FALSE_POSITIVE,True
quantum,spacex,qwen,bert,1,468,rocket_id,rocket_id,qwen_semantic,FALSE_POSITIVE,True
quantum,spacex,qwen,bert,1,468,launch_success,launch_success_alt,qwen_semantic,SUCCESS,True
quantum,spacex,qwen,bert,1,468,upcoming,upcoming,qwen_semantic,FALSE_POSITIVE,True
quantum,spacex,qwen,bert,1,468,static_fire_date_utc,static_fire_date_utc,qwen_semantic,FALSE_POSITIVE,True
quantum,spacex,qwen,bert,1,468,net_duration,net_duration,qwen_semantic,FALSE_POSITIVE,True
quantum,spacex,qwen,bert,1,468,window_start,window_start,qwen_semantic,FALSE_POSITIVE,True
quantum,spacex,qwen,bert,1,468,window_end,window_end,qwen_semantic,FALSE_POSITIVE,True
quantum,spacex,qwen,bert,1,468,failure_count,failure_count,qwen_semantic,FALSE_POSITIVE,True
quantum,spacex,qwen,bert,1,468,failure_reasons,failure_reasons,qwen_semantic,FALSE_POSITIVE,True
quantum,spacex,qwen,bert,1,468,payload_count,payload_count,qwen_semantic,FALSE_POSITIVE,True
quantum,spacex,qwen,bert,1,468,payload_ids,payload_ids,qwen_semantic,FALSE_POSITIVE,True
quantum,spacex,qwen,bert,1,468,payload_mass_kg,payload_mass_kg,qwen_semantic,FALSE_POSITIVE,True
quantum,spacex,qwen,bert,1,468,payload_type,payload_type,qwen_semantic,FALSE_POSITIVE,True
quantum,spacex,qwen,bert,1,468,crew_count,crew_count,qwen_semantic,FALSE_POSITIVE,True
quantum,spacex,qwen,bert,1,468,launch_site,launch_site,qwen_semantic,FALSE_POSITIVE,True
quantum,spacex,qwen,bert,1,468,auto_payload,auto_payload,qwen_semantic,FALSE_POSITIVE,True
quantum,spacex,qwen,bert,1,468,tbd,tbd,qwen_semantic,FALSE_POSITIVE,True
quantum,spacex,qwen,bert,1,468,gridfins,gridfins,qwen_semantic,FALSE_POSITIVE,True
quantum,spacex,qwen,bert,1,468,legs,legs,qwen_semantic,FALSE_POSITIVE,True
quantum,spacex,qwen,bert,1,468,reused,reused,qwen_semantic,FALSE_POSITIVE,True
quantum,spacex,qwen,bert,1,468,fairings_reused,fairings_reused,qwen_semantic,FALSE_POSITIVE,True
quantum,spacex,qwen,bert,1,468,fairings_recovery_attempt,fairings_recovery_attempt,qwen_semantic,FALSE_POSITIVE,True
quantum,spacex,qwen,bert,1,468,cores_reused,cores_reused,qwen_semantic,FALSE_POSITIVE,True
quantum,spacex,qwen,bert,1,468,ships,ships,qwen_semantic,FALSE_POSITIVE,True
quantum,spacex,qwen,bert,1,468,capsules,capsules,qwen_semantic,FALSE_POSITIVE,True
quantum,spacex,qwen,bert,1,468,flight_number,flight_number,qwen_semantic,FALSE_POSITIVE,True
quantum,spacex,qwen,bert,1,482,mission_name,mission_name,qwen_semantic,FALSE_POSITIVE,True
quantum,spacex,qwen,bert,1,482,launch_date_utc,launch_date_utc,qwen_semantic,FALSE_POSITIVE,True
quantum,spacex,qwen,bert,1,482,rocket_id,rocket_id,qwen_semantic,FALSE_POSITIVE,True
quantum,spacex,qwen,bert,1,482,launch_success,launch_success,qwen_semantic,FALSE_POSITIVE,True
quantum,spacex,qwen,bert,1,482,upcoming,upcoming,qwen_semantic,FALSE_POSITIVE,True
quantum,spacex,qwen,bert,1,482,static_fire_date_utc,static_fire_date_utc,qwen_semantic,FALSE_POSITIVE,True
quantum,spacex,qwen,bert,1,482,net_duration,net_duration,qwen_semantic,FALSE_POSITIVE,True
quantum,spacex,qwen,bert,1,482,window_start,window_start,qwen_semantic,FALSE_POSITIVE,True
quantum,spacex,qwen,bert,1,482,window_end,window_end,qwen_semantic,FALSE_POSITIVE,True
quantum,spacex,qwen,bert,1,482,failure_count,failure_count,qwen_semantic,FALSE_POSITIVE,True
quantum,spacex,qwen,bert,1,482,failure_reasons,failure_reasons,qwen_semantic,FALSE_POSITIVE,True
quantum,spacex,qwen,bert,1,482,payload_count,payload_count,qwen_semantic,FALSE_POSITIVE,True
quantum,spacex,qwen,bert,1,482,payload_ids,payload_ids,qwen_semantic,FALSE_POSITIVE,True
quantum,spacex,qwen,bert,1,482,payload_mass_kg,payload_mass_kg,qwen_semantic,FALSE_POSITIVE,True
quantum,spacex,qwen,bert,1,482,payload_type,payload_type,qwen_semantic,FALSE_POSITIVE,True
quantum,spacex,qwen,bert,1,482,crew_count,crew_count,qwen_semantic,FALSE_POSITIVE,True
quantum,spacex,qwen,bert,1,482,launch_site,launch_site,qwen_semantic,FALSE_POSITIVE,True
quantum,spacex,qwen,bert,1,482,auto_payload,payload_type,qwen_semantic,SUCCESS,True
quantum,spacex,qwen,bert,1,482,tbd,tbd,qwen_semantic,FALSE_POSITIVE,True
quantum,spacex,qwen,bert,1,482,gridfins,gridfins,qwen_semantic,FALSE_POSITIVE,True
quantum,spacex,qwen,bert,1,482,legs,legs,qwen_semantic,FALSE_POSITIVE,True
quantum,spacex,qwen,bert,1,482,reused,reused,qwen_semantic,FALSE_POSITIVE,True
quantum,spacex,qwen,bert,1,482,fairings_reused,fairings_reused,qwen_semantic,FALSE_POSITIVE,True
quantum,spacex,qwen,bert,1,482,fairings_recovery_attempt,fairings_recovery_attempt,qwen_semantic,FALSE_POSITIVE,True
quantum,spacex,qwen,bert,1,482,cores_reused,cores_reused,qwen_semantic,FALSE_POSITIVE,True
quantum,spacex,qwen,bert,1,482,ships,ships,qwen_semantic,FALSE_POSITIVE,True
quantum,spacex,qwen,bert,1,482,capsules,capsules,qwen_semantic,FALSE_POSITIVE,True
quantum,spacex,qwen,bert,1,482,flight_number,flight_number,qwen_semantic,FALSE_POSITIVE,True
quantum,openweather,qwen,bert,1,9,city,city,qwen_semantic,FALSE_POSITIVE,True
quantum,openweather,qwen,bert,1,9,lat,lat,qwen_semantic,FALSE_POSITIVE,True
quantum,openweather,qwen,bert,1,9,lon,lon,qwen_semantic,FALSE_POSITIVE,True
quantum,openweather,qwen,bert,1,9,temperature_c,temperature_c,qwen_semantic,FALSE_POSITIVE,True
quantum,openweather,qwen,bert,1,9,feels_like_c,feels_like_c,qwen_semantic,FALSE_POSITIVE,True
quantum,openweather,qwen,bert,1,9,humidity_percent,humidity_percent_alt,qwen_semantic,SUCCESS,True
quantum,openweather,qwen,bert,1,9,pressure_hpa,pressure_hpa,qwen_semantic,FALSE_POSITIVE,True
quantum,openweather,qwen,bert,1,9,wind_speed_ms,wind_speed_ms,qwen_semantic,FALSE_POSITIVE,True
quantum,openweather,qwen,bert,1,9,wind_degrees,wind_degrees,qwen_semantic,FALSE_POSITIVE,True
quantum,openweather,qwen,bert,1,9,wind_gust_ms,wind_gust_ms,qwen_semantic,FALSE_POSITIVE,True
quantum,openweather,qwen,bert,1,9,cloud_percent,cloud_percent,qwen_semantic,FALSE_POSITIVE,True
quantum,openweather,qwen,bert,1,9,weather_main,weather_main,qwen_semantic,FALSE_POSITIVE,True
quantum,openweather,qwen,bert,1,9,weather_description,weather_description,qwen_semantic,FALSE_POSITIVE,True
quantum,openweather,qwen,bert,1,9,weather_icon,weather_icon,qwen_semantic,FALSE_POSITIVE,True
quantum,openweather,qwen,bert,1,9,visibility_m,visibility_m,qwen_semantic,FALSE_POSITIVE,True
quantum,openweather,qwen,bert,1,9,rain_1h_mm,rain_1h_mm,qwen_semantic,FALSE_POSITIVE,True
quantum,openweather,qwen,bert,1,9,snow_1h_mm,snow_1h_mm,qwen_semantic,FALSE_POSITIVE,True
quantum,openweather,qwen,bert,1,9,sunrise_ts,sunrise_ts,qwen_semantic,FALSE_POSITIVE,True
quantum,openweather,qwen,bert,1,9,sunset_ts,sunset_ts,qwen_semantic,FALSE_POSITIVE,True
quantum,openweather,qwen,bert,1,9,timezone,timezone,qwen_semantic,FALSE_POSITIVE,True
quantum,openweather,qwen,bert,1,9,clouds_percent,clouds_percent,qwen_semantic,FALSE_POSITIVE,True
quantum,openweather,qwen,bert,1,9,wind_chill_c,wind_chill_c,qwen_semantic,FALSE_POSITIVE,True
quantum,openweather,qwen,bert,1,9,heat_index_c,heat_index_c,qwen_semantic,FALSE_POSITIVE,True
quantum,openweather,qwen,bert,1,9,dew_point_c,dew_point_c,qwen_semantic,FALSE_POSITIVE,True
quantum,openweather,qwen,bert,1,45,city,city,qwen_semantic,FALSE_POSITIVE,True
quantum,openweather,qwen,bert,1,45,lat,lat,qwen_semantic,FALSE_POSITIVE,True
quantum,openweather,qwen,bert,1,45,lon,lon,qwen_semantic,FALSE_POSITIVE,True
quantum,openweather,qwen,bert,1,45,temperature_c,temperature_c_alt,qwen_semantic,SUCCESS,True
quantum,openweather,qwen,bert,1,45,feels_like_c,feels_like_c,qwen_semantic,FALSE_POSITIVE,True
quantum,openweather,qwen,bert,1,45,humidity_percent,humidity_percent,qwen_semantic,FALSE_POSITIVE,True
quantum,openweather,qwen,bert,1,45,pressure_hpa,pressure_hpa,qwen_semantic,FALSE_POSITIVE,True
quantum,openweather,qwen,bert,1,45,wind_speed_ms,wind_speed_ms,qwen_semantic,FALSE_POSITIVE,True
quantum,openweather,qwen,bert,1,45,wind_degrees,wind_degrees,qwen_semantic,FALSE_POSITIVE,True
quantum,openweather,qwen,bert,1,45,wind_gust_ms,wind_gust_ms,qwen_semantic,FALSE_POSITIVE,True
quantum,openweather,qwen,bert,1,45,cloud_percent,cloud_percent,qwen_semantic,FALSE_POSITIVE,True
quantum,openweather,qwen,bert,1,45,weather_main,weather_main,qwen_semantic,FALSE_POSITIVE,True
quantum,openweather,qwen,bert,1,45,weather_description,weather_description,qwen_semantic,FALSE_POSITIVE,True
quantum,openweather,qwen,bert,1,45,weather_icon,weather_icon,qwen_semantic,FALSE_POSITIVE,True
quantum,openweather,qwen,bert,1,45,visibility_m,visibility_m,qwen_semantic,FALSE_POSITIVE,True
quantum,openweather,qwen,bert,1,45,rain_1h_mm,rain_1h_mm,qwen_semantic,FALSE_POSITIVE,True
quantum,openweather,qwen,bert,1,45,snow_1h_mm,snow_1h_mm,qwen_semantic,FALSE_POSITIVE,True
quantum,openweather,qwen,bert,1,45,sunrise_ts,sunrise_ts,qwen_semantic,FALSE_POSITIVE,True
quantum,openweather,qwen,bert,1,45,sunset_ts,sunset_ts,qwen_semantic,FALSE_POSITIVE,True
quantum,openweather,qwen,bert,1,45,timezone,timezone,qwen_semantic,FALSE_POSITIVE,True
quantum,openweather,qwen,bert,1,45,clouds_percent,clouds_percent,qwen_semantic,FALSE_POSITIVE,True
quantum,openweather,qwen,bert,1,45,wind_chill_c,wind_chill_c,qwen_semantic,FALSE_POSITIVE,True
quantum,openweather,qwen,bert,1,45,heat_index_c,heat_index_c,qwen_semantic,FALSE_POSITIVE,True
quantum,openweather,qwen,bert,1,45,dew_point_c,dew_point_c,qwen_semantic,FALSE_POSITIVE,True
quantum,openweather,qwen,bert,1,65,city,city,qwen_semantic,FALSE_POSITIVE,True
quantum,openweather,qwen,bert,1,65,lat,lat,qwen_semantic,FALSE_POSITIVE,True
quantum,openweather,qwen,bert,1,65,lon,lon,qwen_semantic,FALSE_POSITIVE,True
quantum,openweather,qwen,bert,1,65,temperature_c,temperature_c,qwen_semantic,FALSE_POSITIVE,True
quantum,openweather,qwen,bert,1,65,feels_like_c,feels_like_c,qwen_semantic,FALSE_POSITIVE,True
quantum,openweather,qwen,bert,1,65,humidity_percent,humidity_percent,qwen_semantic,FALSE_POSITIVE,True
quantum,openweather,qwen,bert,1,65,pressure_hpa,pressure_hpa,qwen_semantic,FALSE_POSITIVE,True
quantum,openweather,qwen,bert,1,65,wind_speed_ms,wind_speed_ms,qwen_semantic,FALSE_POSITIVE,True
quantum,openweather,qwen,bert,1,65,wind_degrees,wind_degrees,qwen_semantic,FALSE_POSITIVE,True
quantum,openweather,qwen,bert,1,65,wind_gust_ms,wind_gust_ms,qwen_semantic,FALSE_POSITIVE,True
quantum,openweather,qwen,bert,1,65,cloud_percent,cloud_percent_alt,qwen_semantic,SUCCESS,True
quantum,openweather,qwen,bert,1,65,weather_main,weather_main,qwen_semantic,FALSE_POSITIVE,True
quantum,openweather,qwen,bert,1,65,weather_description,weather_description,qwen_semantic,FALSE_POSITIVE,True
quantum,openweather,qwen,bert,1,65,weather_icon,weather_icon,qwen_semantic,FALSE_POSITIVE,True
quantum,openweather,qwen,bert,1,65,visibility_m,visibility_m,qwen_semantic,FALSE_POSITIVE,True
quantum,openweather,qwen,bert,1,65,rain_1h_mm,rain_1h_mm,qwen_semantic,FALSE_POSITIVE,True
quantum,openweather,qwen,bert,1,65,snow_1h_mm,snow_1h_mm,qwen_semantic,FALSE_POSITIVE,True
quantum,openweather,qwen,bert,1,65,sunrise_ts,sunrise_ts,qwen_semantic,FALSE_POSITIVE,True
quantum,openweather,qwen,bert,1,65,sunset_ts,sunset_ts,qwen_semantic,FALSE_POSITIVE,True
quantum,openweather,qwen,bert,1,65,timezone,timezone,qwen_semantic,FALSE_POSITIVE,True
quantum,openweather,qwen,bert,1,65,clouds_percent,clouds_percent,qwen_semantic,FALSE_POSITIVE,True
quantum,openweather,qwen,bert,1,65,wind_chill_c,wind_chill_c,qwen_semantic,FALSE_POSITIVE,True
quantum,openweather,qwen,bert,1,65,heat_index_c,heat_index_c,qwen_semantic,FALSE_POSITIVE,True
quantum,openweather,qwen,bert,1,65,dew_point_c,dew_point_c,qwen_semantic,FALSE_POSITIVE,True
quantum,openweather,qwen,bert,1,93,city,city,qwen_semantic,FALSE_POSITIVE,True
quantum,openweather,qwen,bert,1,93,lat,lat,qwen_semantic,FALSE_POSITIVE,True
quantum,openweather,qwen,bert,1,93,lon,lon,qwen_semantic,FALSE_POSITIVE,True
quantum,openweather,qwen,bert,1,93,temperature_c,temperature_c,qwen_semantic,FALSE_POSITIVE,True
quantum,openweather,qwen,bert,1,93,feels_like_c,feels_like_c,qwen_semantic,FALSE_POSITIVE,True
quantum,openweather,qwen,bert,1,93,humidity_percent,humidity_percent,qwen_semantic,FALSE_POSITIVE,True
quantum,openweather,qwen,bert,1,93,pressure_hpa,pressure_hpa,qwen_semantic,FALSE_POSITIVE,True
quantum,openweather,qwen,bert,1,93,wind_speed_ms,wind_speed_ms_alt,qwen_semantic,SUCCESS,True
quantum,openweather,qwen,bert,1,93,wind_degrees,wind_degrees,qwen_semantic,FALSE_POSITIVE,True
quantum,openweather,qwen,bert,1,93,wind_gust_ms,wind_gust_ms,qwen_semantic,FALSE_POSITIVE,True
quantum,openweather,qwen,bert,1,93,cloud_percent,cloud_percent,qwen_semantic,FALSE_POSITIVE,True
quantum,openweather,qwen,bert,1,93,weather_main,weather_main,qwen_semantic,FALSE_POSITIVE,True
quantum,openweather,qwen,bert,1,93,weather_description,weather_description,qwen_semantic,FALSE_POSITIVE,True
quantum,openweather,qwen,bert,1,93,weather_icon,weather_icon,qwen_semantic,FALSE_POSITIVE,True
quantum,openweather,qwen,bert,1,93,visibility_m,visibility_m,qwen_semantic,FALSE_POSITIVE,True
quantum,openweather,qwen,bert,1,93,rain_1h_mm,rain_1h_mm,qwen_semantic,FALSE_POSITIVE,True
quantum,openweather,qwen,bert,1,93,snow_1h_mm,snow_1h_mm,qwen_semantic,FALSE_POSITIVE,True
quantum,openweather,qwen,bert,1,93,sunrise_ts,sunrise_ts,qwen_semantic,FALSE_POSITIVE,True
quantum,openweather,qwen,bert,1,93,sunset_ts,sunset_ts,qwen_semantic,FALSE_POSITIVE,True
quantum,openweather,qwen,bert,1,93,timezone,timezone,qwen_semantic,FALSE_POSITIVE,True
quantum,openweather,qwen,bert,1,93,clouds_percent,clouds_percent,qwen_semantic,FALSE_POSITIVE,True
quantum,openweather,qwen,bert,1,93,wind_chill_c,wind_chill_c,qwen_semantic,FALSE_POSITIVE,True
quantum,openweather,qwen,bert,1,93,heat_index_c,heat_index_c,qwen_semantic,FALSE_POSITIVE,True
quantum,openweather,qwen,bert,1,93,dew_point_c,dew_point_c,qwen_semantic,FALSE_POSITIVE,True
quantum,openweather,qwen,bert,1,101,city,city,qwen_semantic,FALSE_POSITIVE,True
quantum,openweather,qwen,bert,1,101,lat,lat,qwen_semantic,FALSE_POSITIVE,True
quantum,openweather,qwen,bert,1,101,lon,lon,qwen_semantic,FALSE_POSITIVE,True
quantum,openweather,qwen,bert,1,101,temperature_c,temperature_c,qwen_semantic,FALSE_POSITIVE,True
quantum,openweather,qwen,bert,1,101,feels_like_c,feels_like_c,qwen_semantic,FALSE_POSITIVE,True
quantum,openweather,qwen,bert,1,101,humidity_percent,humidity_percent,qwen_semantic,FALSE_POSITIVE,True
quantum,openweather,qwen,bert,1,101,pressure_hpa,pressure_hpa,qwen_semantic,FALSE_POSITIVE,True
quantum,openweather,qwen,bert,1,101,wind_speed_ms,wind_speed_ms,qwen_semantic,FALSE_POSITIVE,True
quantum,openweather,qwen,bert,1,101,wind_degrees,wind_degrees,qwen_semantic,FALSE_POSITIVE,True
quantum,openweather,qwen,bert,1,101,wind_gust_ms,wind_gust_ms,qwen_semantic,FALSE_POSITIVE,True
quantum,openweather,qwen,bert,1,101,cloud_percent,cloud_percent,qwen_semantic,FALSE_POSITIVE,True
quantum,openweather,qwen,bert,1,101,weather_main,weather_main,qwen_semantic,FALSE_POSITIVE,True
quantum,openweather,qwen,bert,1,101,weather_description,weather_description,qwen_semantic,FALSE_POSITIVE,True
quantum,openweather,qwen,bert,1,101,weather_icon,weather_icon,qwen_semantic,FALSE_POSITIVE,True
quantum,openweather,qwen,bert,1,101,visibility_m,visibility_m,qwen_semantic,FALSE_POSITIVE,True
quantum,openweather,qwen,bert,1,101,rain_1h_mm,rain_1h_mm,qwen_semantic,FALSE_POSITIVE,True
quantum,openweather,qwen,bert,1,101,snow_1h_mm,snow_1h_mm,qwen_semantic,FALSE_POSITIVE,True
quantum,openweather,qwen,bert,1,101,sunrise_ts,sunrise_ts,qwen_semantic,FALSE_POSITIVE,True
quantum,openweather,qwen,bert,1,101,sunset_ts,sunset_ts,qwen_semantic,FALSE_POSITIVE,True
quantum,openweather,qwen,bert,1,101,timezone,timezone,qwen_semantic,FALSE_POSITIVE,True
quantum,openweather,qwen,bert,1,101,clouds_percent,clouds_percent,qwen_semantic,FALSE_POSITIVE,True
quantum,openweather,qwen,bert,1,101,wind_chill_c,wind_chill_c,qwen_semantic,FALSE_POSITIVE,True
quantum,openweather,qwen,bert,1,101,heat_index_c,heat_index_c,qwen_semantic,FALSE_POSITIVE,True
quantum,openweather,qwen,bert,1,101,dew_point_c,dew_point_c_alt,qwen_semantic,SUCCESS,True
quantum,openweather,qwen,bert,1,117,city,city,qwen_semantic,FALSE_POSITIVE,True
quantum,openweather,qwen,bert,1,117,lat,lat,qwen_semantic,FALSE_POSITIVE,True
quantum,openweather,qwen,bert,1,117,lon,lon,qwen_semantic,FALSE_POSITIVE,True
quantum,openweather,qwen,bert,1,117,temperature_c,temperature_c,qwen_semantic,FALSE_POSITIVE,True
quantum,openweather,qwen,bert,1,117,feels_like_c,feels_like_c,qwen_semantic,FALSE_POSITIVE,True
quantum,openweather,qwen,bert,1,117,humidity_percent,humidity_percent_alt,qwen_semantic,SUCCESS,True
quantum,openweather,qwen,bert,1,117,pressure_hpa,pressure_hpa,qwen_semantic,FALSE_POSITIVE,True
quantum,openweather,qwen,bert,1,117,wind_speed_ms,wind_speed_ms,qwen_semantic,FALSE_POSITIVE,True
quantum,openweather,qwen,bert,1,117,wind_degrees,wind_degrees,qwen_semantic,FALSE_POSITIVE,True
quantum,openweather,qwen,bert,1,117,wind_gust_ms,wind_gust_ms,qwen_semantic,FALSE_POSITIVE,True
quantum,openweather,qwen,bert,1,117,cloud_percent,cloud_percent,qwen_semantic,FALSE_POSITIVE,True
quantum,openweather,qwen,bert,1,117,weather_main,weather_main,qwen_semantic,FALSE_POSITIVE,True
quantum,openweather,qwen,bert,1,117,weather_description,weather_description,qwen_semantic,FALSE_POSITIVE,True
quantum,openweather,qwen,bert,1,117,weather_icon,weather_icon,qwen_semantic,FALSE_POSITIVE,True
quantum,openweather,qwen,bert,1,117,visibility_m,visibility_m,qwen_semantic,FALSE_POSITIVE,True
quantum,openweather,qwen,bert,1,117,rain_1h_mm,rain_1h_mm,qwen_semantic,FALSE_POSITIVE,True
quantum,openweather,qwen,bert,1,117,snow_1h_mm,snow_1h_mm,qwen_semantic,FALSE_POSITIVE,True
quantum,openweather,qwen,bert,1,117,sunrise_ts,sunrise_ts,qwen_semantic,FALSE_POSITIVE,True
quantum,openweather,qwen,bert,1,117,sunset_ts,sunset_ts,qwen_semantic,FALSE_POSITIVE,True
quantum,openweather,qwen,bert,1,117,timezone,timezone,qwen_semantic,FALSE_POSITIVE,True
quantum,openweather,qwen,bert,1,117,clouds_percent,clouds_percent,qwen_semantic,FALSE_POSITIVE,True
quantum,openweather,qwen,bert,1,117,wind_chill_c,wind_chill_c,qwen_semantic,FALSE_POSITIVE,True
quantum,openweather,qwen,bert,1,117,heat_index_c,heat_index_c,qwen_semantic,FALSE_POSITIVE,True
quantum,openweather,qwen,bert,1,117,dew_point_c,dew_point_c,qwen_semantic,FALSE_POSITIVE,True
quantum,openweather,qwen,bert,1,127,lat,lat,qwen_semantic,FALSE_POSITIVE,True
quantum,openweather,qwen,bert,1,127,lon,lon,qwen_semantic,FALSE_POSITIVE,True
quantum,openweather,qwen,bert,1,127,temperature_c,temperature_c,qwen_semantic,FALSE_POSITIVE,True
quantum,openweather,qwen,bert,1,127,feels_like_c,feels_like_c,qwen_semantic,FALSE_POSITIVE,True
quantum,openweather,qwen,bert,1,127,humidity_percent,humidity_percent,qwen_semantic,FALSE_POSITIVE,True
quantum,openweather,qwen,bert,1,127,pressure_hpa,pressure_hpa,qwen_semantic,FALSE_POSITIVE,True
quantum,openweather,qwen,bert,1,127,wind_speed_ms,wind_speed_ms,qwen_semantic,FALSE_POSITIVE,True
quantum,openweather,qwen,bert,1,127,wind_degrees,wind_degrees,qwen_semantic,FALSE_POSITIVE,True
quantum,openweather,qwen,bert,1,127,wind_gust_ms,wind_gust_ms,qwen_semantic,FALSE_POSITIVE,True
quantum,openweather,qwen,bert,1,127,cloud_percent,cloud_percent,qwen_semantic,FALSE_POSITIVE,True
quantum,openweather,qwen,bert,1,127,weather_main,weather_main,qwen_semantic,FALSE_POSITIVE,True
quantum,openweather,qwen,bert,1,127,weather_description,weather_description,qwen_semantic,FALSE_POSITIVE,True
quantum,openweather,qwen,bert,1,127,weather_icon,weather_icon,qwen_semantic,FALSE_POSITIVE,True
quantum,openweather,qwen,bert,1,127,visibility_m,visibility_m,qwen_semantic,FALSE_POSITIVE,True
quantum,openweather,qwen,bert,1,127,rain_1h_mm,rain_1h_mm,qwen_semantic,FALSE_POSITIVE,True
quantum,openweather,qwen,bert,1,127,snow_1h_mm,snow_1h_mm,qwen_semantic,FALSE_POSITIVE,True
quantum,openweather,qwen,bert,1,127,sunrise_ts,sunrise_ts,qwen_semantic,FALSE_POSITIVE,True
quantum,openweather,qwen,bert,1,127,sunset_ts,sunset_ts,qwen_semantic,FALSE_POSITIVE,True
quantum,openweather,qwen,bert,1,127,timezone,timezone,qwen_semantic,FALSE_POSITIVE,True
quantum,openweather,qwen,bert,1,127,clouds_percent,clouds_percent,qwen_semantic,FALSE_POSITIVE,True
quantum,openweather,qwen,bert,1,127,wind_chill_c,wind_chill_c,qwen_semantic,FALSE_POSITIVE,True
quantum,openweather,qwen,bert,1,127,heat_index_c,heat_index_c,qwen_semantic,FALSE_POSITIVE,True
quantum,openweather,qwen,bert,1,127,dew_point_c,dew_point_c,qwen_semantic,FALSE_POSITIVE,True
quantum,openweather,qwen,bert,1,127,city,,qwen_semantic,FAILURE,True
quantum,openweather,qwen,bert,1,130,city,city,qwen_semantic,FALSE_POSITIVE,True
quantum,openweather,qwen,bert,1,130,lat,lat,qwen_semantic,FALSE_POSITIVE,True
quantum,openweather,qwen,bert,1,130,lon,lon,qwen_semantic,FALSE_POSITIVE,True
quantum,openweather,qwen,bert,1,130,temperature_c,temperature_c,qwen_semantic,FALSE_POSITIVE,True
quantum,openweather,qwen,bert,1,130,feels_like_c,feels_like_c,qwen_semantic,FALSE_POSITIVE,True
quantum,openweather,qwen,bert,1,130,humidity_percent,humidity_percent,qwen_semantic,FALSE_POSITIVE,True
quantum,openweather,qwen,bert,1,130,pressure_hpa,pressure_hpa,qwen_semantic,FALSE_POSITIVE,True
quantum,openweather,qwen,bert,1,130,wind_speed_ms,wind_speed_ms_alt,qwen_semantic,SUCCESS,True
quantum,openweather,qwen,bert,1,130,wind_degrees,wind_degrees,qwen_semantic,FALSE_POSITIVE,True
quantum,openweather,qwen,bert,1,130,wind_gust_ms,wind_gust_ms,qwen_semantic,FALSE_POSITIVE,True
quantum,openweather,qwen,bert,1,130,cloud_percent,cloud_percent,qwen_semantic,FALSE_POSITIVE,True
quantum,openweather,qwen,bert,1,130,weather_main,weather_main,qwen_semantic,FALSE_POSITIVE,True
quantum,openweather,qwen,bert,1,130,weather_description,weather_description,qwen_semantic,FALSE_POSITIVE,True
quantum,openweather,qwen,bert,1,130,weather_icon,weather_icon,qwen_semantic,FALSE_POSITIVE,True
quantum,openweather,qwen,bert,1,130,visibility_m,visibility_m,qwen_semantic,FALSE_POSITIVE,True
quantum,openweather,qwen,bert,1,130,rain_1h_mm,rain_1h_mm,qwen_semantic,FALSE_POSITIVE,True
quantum,openweather,qwen,bert,1,130,snow_1h_mm,snow_1h_mm,qwen_semantic,FALSE_POSITIVE,True
quantum,openweather,qwen,bert,1,130,sunrise_ts,sunrise_ts,qwen_semantic,FALSE_POSITIVE,True
quantum,openweather,qwen,bert,1,130,sunset_ts,sunset_ts,qwen_semantic,FALSE_POSITIVE,True
quantum,openweather,qwen,bert,1,130,timezone,timezone,qwen_semantic,FALSE_POSITIVE,True
quantum,openweather,qwen,bert,1,130,clouds_percent,clouds_percent,qwen_semantic,FALSE_POSITIVE,True
quantum,openweather,qwen,bert,1,130,wind_chill_c,wind_chill_c,qwen_semantic,FALSE_POSITIVE,True
quantum,openweather,qwen,bert,1,130,heat_index_c,heat_index_c,qwen_semantic,FALSE_POSITIVE,True
quantum,openweather,qwen,bert,1,130,dew_point_c,dew_point_c,qwen_semantic,FALSE_POSITIVE,True
quantum,openweather,qwen,bert,1,172,city,city,qwen_semantic,FALSE_POSITIVE,True
quantum,openweather,qwen,bert,1,172,lat,lat,qwen_semantic,FALSE_POSITIVE,True
quantum,openweather,qwen,bert,1,172,lon,lon,qwen_semantic,FALSE_POSITIVE,True
quantum,openweather,qwen,bert,1,172,temperature_c,temperature_c,qwen_semantic,FALSE_POSITIVE,True
quantum,openweather,qwen,bert,1,172,feels_like_c,feels_like_c,qwen_semantic,FALSE_POSITIVE,True
quantum,openweather,qwen,bert,1,172,humidity_percent,humidity_percent,qwen_semantic,FALSE_POSITIVE,True
quantum,openweather,qwen,bert,1,172,pressure_hpa,pressure_hpa_alt,qwen_semantic,SUCCESS,True
quantum,openweather,qwen,bert,1,172,wind_speed_ms,wind_speed_ms,qwen_semantic,FALSE_POSITIVE,True
quantum,openweather,qwen,bert,1,172,wind_degrees,wind_degrees,qwen_semantic,FALSE_POSITIVE,True
quantum,openweather,qwen,bert,1,172,wind_gust_ms,wind_gust_ms,qwen_semantic,FALSE_POSITIVE,True
quantum,openweather,qwen,bert,1,172,cloud_percent,cloud_percent,qwen_semantic,FALSE_POSITIVE,True
quantum,openweather,qwen,bert,1,172,weather_main,weather_main,qwen_semantic,FALSE_POSITIVE,True
quantum,openweather,qwen,bert,1,172,weather_description,weather_description,qwen_semantic,FALSE_POSITIVE,True
quantum,openweather,qwen,bert,1,172,weather_icon,weather_icon,qwen_semantic,FALSE_POSITIVE,True
quantum,openweather,qwen,bert,1,172,visibility_m,visibility_m,qwen_semantic,FALSE_POSITIVE,True
quantum,openweather,qwen,bert,1,172,rain_1h_mm,rain_1h_mm,qwen_semantic,FALSE_POSITIVE,True
quantum,openweather,qwen,bert,1,172,snow_1h_mm,snow_1h_mm,qwen_semantic,FALSE_POSITIVE,True
quantum,openweather,qwen,bert,1,172,sunrise_ts,sunrise_ts,qwen_semantic,FALSE_POSITIVE,True
quantum,openweather,qwen,bert,1,172,sunset_ts,sunset_ts,qwen_semantic,FALSE_POSITIVE,True
quantum,openweather,qwen,bert,1,172,timezone,timezone,qwen_semantic,FALSE_POSITIVE,True
quantum,openweather,qwen,bert,1,172,clouds_percent,clouds_percent,qwen_semantic,FALSE_POSITIVE,True
quantum,openweather,qwen,bert,1,172,wind_chill_c,wind_chill_c,qwen_semantic,FALSE_POSITIVE,True
quantum,openweather,qwen,bert,1,172,heat_index_c,heat_index_c,qwen_semantic,FALSE_POSITIVE,True
quantum,openweather,qwen,bert,1,172,dew_point_c,dew_point_c,qwen_semantic,FALSE_POSITIVE,True
quantum,openweather,qwen,bert,1,176,city,city,qwen_semantic,FALSE_POSITIVE,True
quantum,openweather,qwen,bert,1,176,lat,lat,qwen_semantic,FALSE_POSITIVE,True
quantum,openweather,qwen,bert,1,176,lon,lon,qwen_semantic,FALSE_POSITIVE,True
quantum,openweather,qwen,bert,1,176,temperature_c,temperature_c,qwen_semantic,FALSE_POSITIVE,True
quantum,openweather,qwen,bert,1,176,feels_like_c,feels_like_c,qwen_semantic,FALSE_POSITIVE,True
quantum,openweather,qwen,bert,1,176,humidity_percent,humidity_percent,qwen_semantic,FALSE_POSITIVE,True
quantum,openweather,qwen,bert,1,176,pressure_hpa,pressure_hpa,qwen_semantic,FALSE_POSITIVE,True
quantum,openweather,qwen,bert,1,176,wind_speed_ms,wind_speed_ms,qwen_semantic,FALSE_POSITIVE,True
quantum,openweather,qwen,bert,1,176,wind_degrees,wind_degrees,qwen_semantic,FALSE_POSITIVE,True
quantum,openweather,qwen,bert,1,176,wind_gust_ms,wind_gust_ms,qwen_semantic,FALSE_POSITIVE,True
quantum,openweather,qwen,bert,1,176,cloud_percent,cloud_percent,qwen_semantic,FALSE_POSITIVE,True
quantum,openweather,qwen,bert,1,176,weather_main,weather_main_alt,qwen_semantic,SUCCESS,True
quantum,openweather,qwen,bert,1,176,weather_description,weather_description,qwen_semantic,FALSE_POSITIVE,True
quantum,openweather,qwen,bert,1,176,weather_icon,weather_icon,qwen_semantic,FALSE_POSITIVE,True
quantum,openweather,qwen,bert,1,176,visibility_m,visibility_m,qwen_semantic,FALSE_POSITIVE,True
quantum,openweather,qwen,bert,1,176,rain_1h_mm,rain_1h_mm,qwen_semantic,FALSE_POSITIVE,True
quantum,openweather,qwen,bert,1,176,snow_1h_mm,snow_1h_mm,qwen_semantic,FALSE_POSITIVE,True
quantum,openweather,qwen,bert,1,176,sunrise_ts,sunrise_ts,qwen_semantic,FALSE_POSITIVE,True
quantum,openweather,qwen,bert,1,176,sunset_ts,sunset_ts,qwen_semantic,FALSE_POSITIVE,True
quantum,openweather,qwen,bert,1,176,timezone,timezone,qwen_semantic,FALSE_POSITIVE,True
quantum,openweather,qwen,bert,1,176,clouds_percent,clouds_percent,qwen_semantic,FALSE_POSITIVE,True
quantum,openweather,qwen,bert,1,176,wind_chill_c,wind_chill_c,qwen_semantic,FALSE_POSITIVE,True
quantum,openweather,qwen,bert,1,176,heat_index_c,heat_index_c,qwen_semantic,FALSE_POSITIVE,True
quantum,openweather,qwen,bert,1,176,dew_point_c,dew_point_c,qwen_semantic,FALSE_POSITIVE,True
quantum,openweather,qwen,bert,1,188,city,city,qwen_semantic,FALSE_POSITIVE,True
quantum,openweather,qwen,bert,1,188,lat,lat,qwen_semantic,FALSE_POSITIVE,True
quantum,openweather,qwen,bert,1,188,lon,lon,qwen_semantic,FALSE_POSITIVE,True
quantum,openweather,qwen,bert,1,188,temperature_c,temperature_c,qwen_semantic,FALSE_POSITIVE,True
quantum,openweather,qwen,bert,1,188,feels_like_c,feels_like_c,qwen_semantic,FALSE_POSITIVE,True
quantum,openweather,qwen,bert,1,188,humidity_percent,humidity_percent,qwen_semantic,FALSE_POSITIVE,True
quantum,openweather,qwen,bert,1,188,pressure_hpa,pressure_hpa,qwen_semantic,FALSE_POSITIVE,True
quantum,openweather,qwen,bert,1,188,wind_speed_ms,wind_speed_ms,qwen_semantic,FALSE_POSITIVE,True
quantum,openweather,qwen,bert,1,188,wind_degrees,wind_degrees,qwen_semantic,FALSE_POSITIVE,True
quantum,openweather,qwen,bert,1,188,wind_gust_ms,wind_gust_ms,qwen_semantic,FALSE_POSITIVE,True
quantum,openweather,qwen,bert,1,188,cloud_percent,cloud_percent,qwen_semantic,FALSE_POSITIVE,True
quantum,openweather,qwen,bert,1,188,weather_main,weather_main,qwen_semantic,FALSE_POSITIVE,True
quantum,openweather,qwen,bert,1,188,weather_description,weather_description,qwen_semantic,FALSE_POSITIVE,True
quantum,openweather,qwen,bert,1,188,weather_icon,weather_icon,qwen_semantic,FALSE_POSITIVE,True
quantum,openweather,qwen,bert,1,188,visibility_m,visibility_m,qwen_semantic,FALSE_POSITIVE,True
quantum,openweather,qwen,bert,1,188,rain_1h_mm,rain_1h_mm,qwen_semantic,FALSE_POSITIVE,True
quantum,openweather,qwen,bert,1,188,snow_1h_mm,snow_1h_mm,qwen_semantic,FALSE_POSITIVE,True
quantum,openweather,qwen,bert,1,188,sunrise_ts,sunrise_ts,qwen_semantic,FALSE_POSITIVE,True
quantum,openweather,qwen,bert,1,188,sunset_ts,sunset_ts,qwen_semantic,FALSE_POSITIVE,True
quantum,openweather,qwen,bert,1,188,timezone,timezone,qwen_semantic,FALSE_POSITIVE,True
quantum,openweather,qwen,bert,1,188,clouds_percent,clouds_percent,qwen_semantic,FALSE_POSITIVE,True
quantum,openweather,qwen,bert,1,188,wind_chill_c,wind_chill_c_alt,qwen_semantic,SUCCESS,True
quantum,openweather,qwen,bert,1,188,heat_index_c,heat_index_c,qwen_semantic,FALSE_POSITIVE,True
quantum,openweather,qwen,bert,1,188,dew_point_c,dew_point_c,qwen_semantic,FALSE_POSITIVE,True
quantum,openweather,qwen,bert,1,190,city,city,qwen_semantic,FALSE_POSITIVE,True
quantum,openweather,qwen,bert,1,190,lat,lat,qwen_semantic,FALSE_POSITIVE,True
quantum,openweather,qwen,bert,1,190,lon,lon,qwen_semantic,FALSE_POSITIVE,True
quantum,openweather,qwen,bert,1,190,temperature_c,temperature_c,qwen_semantic,FALSE_POSITIVE,True
quantum,openweather,qwen,bert,1,190,feels_like_c,feels_like_c,qwen_semantic,FALSE_POSITIVE,True
quantum,openweather,qwen,bert,1,190,humidity_percent,humidity_percent,qwen_semantic,FALSE_POSITIVE,True
quantum,openweather,qwen,bert,1,190,pressure_hpa,pressure_hpa,qwen_semantic,FALSE_POSITIVE,True
quantum,openweather,qwen,bert,1,190,wind_speed_ms,wind_speed_ms,qwen_semantic,FALSE_POSITIVE,True
quantum,openweather,qwen,bert,1,190,wind_degrees,wind_degrees,qwen_semantic,FALSE_POSITIVE,True
quantum,openweather,qwen,bert,1,190,wind_gust_ms,wind_gust_ms,qwen_semantic,FALSE_POSITIVE,True
quantum,openweather,qwen,bert,1,190,cloud_percent,cloud_percent,qwen_semantic,FALSE_POSITIVE,True
quantum,openweather,qwen,bert,1,190,weather_main,weather_main,qwen_semantic,FALSE_POSITIVE,True
quantum,openweather,qwen,bert,1,190,weather_description,weather_description,qwen_semantic,FALSE_POSITIVE,True
quantum,openweather,qwen,bert,1,190,weather_icon,weather_icon,qwen_semantic,FALSE_POSITIVE,True
quantum,openweather,qwen,bert,1,190,visibility_m,visibility_m,qwen_semantic,FALSE_POSITIVE,True
quantum,openweather,qwen,bert,1,190,rain_1h_mm,rain_1h_mm,qwen_semantic,FALSE_POSITIVE,True
quantum,openweather,qwen,bert,1,190,snow_1h_mm,snow_1h_mm,qwen_semantic,FALSE_POSITIVE,True
quantum,openweather,qwen,bert,1,190,sunrise_ts,sunrise_ts,qwen_semantic,FALSE_POSITIVE,True
quantum,openweather,qwen,bert,1,190,sunset_ts,sunset_ts,qwen_semantic,FALSE_POSITIVE,True
quantum,openweather,qwen,bert,1,190,timezone,timezone,qwen_semantic,FALSE_POSITIVE,True
quantum,openweather,qwen,bert,1,190,clouds_percent,clouds_percent,qwen_semantic,FALSE_POSITIVE,True
quantum,openweather,qwen,bert,1,190,wind_chill_c,wind_chill_c,qwen_semantic,FALSE_POSITIVE,True
quantum,openweather,qwen,bert,1,190,heat_index_c,heat_index_c_alt,qwen_semantic,SUCCESS,True
quantum,openweather,qwen,bert,1,190,dew_point_c,dew_point_c,qwen_semantic,FALSE_POSITIVE,True
quantum,openweather,qwen,bert,1,239,city,city,qwen_semantic,FALSE_POSITIVE,True
quantum,openweather,qwen,bert,1,239,lat,lat,qwen_semantic,FALSE_POSITIVE,True
quantum,openweather,qwen,bert,1,239,lon,lon,qwen_semantic,FALSE_POSITIVE,True
quantum,openweather,qwen,bert,1,239,temperature_c,temperature_c,qwen_semantic,FALSE_POSITIVE,True
quantum,openweather,qwen,bert,1,239,feels_like_c,feels_like_c,qwen_semantic,FALSE_POSITIVE,True
quantum,openweather,qwen,bert,1,239,humidity_percent,humidity_percent,qwen_semantic,FALSE_POSITIVE,True
quantum,openweather,qwen,bert,1,239,pressure_hpa,pressure_hpa,qwen_semantic,FALSE_POSITIVE,True
quantum,openweather,qwen,bert,1,239,wind_speed_ms,wind_speed_ms,qwen_semantic,FALSE_POSITIVE,True
quantum,openweather,qwen,bert,1,239,wind_degrees,wind_degrees,qwen_semantic,FALSE_POSITIVE,True
quantum,openweather,qwen,bert,1,239,wind_gust_ms,wind_gust_ms,qwen_semantic,FALSE_POSITIVE,True
quantum,openweather,qwen,bert,1,239,cloud_percent,clouds_percent,qwen_semantic,SUCCESS,True
quantum,openweather,qwen,bert,1,239,weather_main,weather_main,qwen_semantic,FALSE_POSITIVE,True
quantum,openweather,qwen,bert,1,239,weather_description,weather_description,qwen_semantic,FALSE_POSITIVE,True
quantum,openweather,qwen,bert,1,239,weather_icon,weather_icon,qwen_semantic,FALSE_POSITIVE,True
quantum,openweather,qwen,bert,1,239,visibility_m,visibility_m,qwen_semantic,FALSE_POSITIVE,True
quantum,openweather,qwen,bert,1,239,rain_1h_mm,rain_1h_mm,qwen_semantic,FALSE_POSITIVE,True
quantum,openweather,qwen,bert,1,239,snow_1h_mm,snow_1h_mm,qwen_semantic,FALSE_POSITIVE,True
quantum,openweather,qwen,bert,1,239,sunrise_ts,sunrise_ts,qwen_semantic,FALSE_POSITIVE,True
quantum,openweather,qwen,bert,1,239,sunset_ts,sunset_ts,qwen_semantic,FALSE_POSITIVE,True
quantum,openweather,qwen,bert,1,239,timezone,timezone,qwen_semantic,FALSE_POSITIVE,True
quantum,openweather,qwen,bert,1,239,clouds_percent,clouds_percent,qwen_semantic,FALSE_POSITIVE,True
quantum,openweather,qwen,bert,1,239,wind_chill_c,wind_chill_c,qwen_semantic,FALSE_POSITIVE,True
quantum,openweather,qwen,bert,1,239,heat_index_c,heat_index_c,qwen_semantic,FALSE_POSITIVE,True
quantum,openweather,qwen,bert,1,239,dew_point_c,dew_point_c,qwen_semantic,FALSE_POSITIVE,True
quantum,openweather,qwen,bert,1,263,city,city,qwen_semantic,FALSE_POSITIVE,True
quantum,openweather,qwen,bert,1,263,lat,lat,qwen_semantic,FALSE_POSITIVE,True
quantum,openweather,qwen,bert,1,263,lon,lon,qwen_semantic,FALSE_POSITIVE,True
quantum,openweather,qwen,bert,1,263,temperature_c,temperature_c,qwen_semantic,FALSE_POSITIVE,True
quantum,openweather,qwen,bert,1,263,feels_like_c,feels_like_c,qwen_semantic,FALSE_POSITIVE,True
quantum,openweather,qwen,bert,1,263,humidity_percent,humidity_percent,qwen_semantic,FALSE_POSITIVE,True
quantum,openweather,qwen,bert,1,263,pressure_hpa,pressure_hpa,qwen_semantic,FALSE_POSITIVE,True
quantum,openweather,qwen,bert,1,263,wind_speed_ms,wind_speed_ms,qwen_semantic,FALSE_POSITIVE,True
quantum,openweather,qwen,bert,1,263,wind_degrees,wind_degrees,qwen_semantic,FALSE_POSITIVE,True
quantum,openweather,qwen,bert,1,263,wind_gust_ms,wind_gust_ms,qwen_semantic,FALSE_POSITIVE,True
quantum,openweather,qwen,bert,1,263,cloud_percent,cloud_percent,qwen_semantic,FALSE_POSITIVE,True
quantum,openweather,qwen,bert,1,263,weather_main,weather_main,qwen_semantic,FALSE_POSITIVE,True
quantum,openweather,qwen,bert,1,263,weather_description,weather_description_alt,qwen_semantic,SUCCESS,True
quantum,openweather,qwen,bert,1,263,weather_icon,weather_icon,qwen_semantic,FALSE_POSITIVE,True
quantum,openweather,qwen,bert,1,263,visibility_m,visibility_m,qwen_semantic,FALSE_POSITIVE,True
quantum,openweather,qwen,bert,1,263,rain_1h_mm,rain_1h_mm,qwen_semantic,FALSE_POSITIVE,True
quantum,openweather,qwen,bert,1,263,snow_1h_mm,snow_1h_mm,qwen_semantic,FALSE_POSITIVE,True
quantum,openweather,qwen,bert,1,263,sunrise_ts,sunrise_ts,qwen_semantic,FALSE_POSITIVE,True
quantum,openweather,qwen,bert,1,263,sunset_ts,sunset_ts,qwen_semantic,FALSE_POSITIVE,True
quantum,openweather,qwen,bert,1,263,timezone,timezone,qwen_semantic,FALSE_POSITIVE,True
quantum,openweather,qwen,bert,1,263,clouds_percent,clouds_percent,qwen_semantic,FALSE_POSITIVE,True
quantum,openweather,qwen,bert,1,263,wind_chill_c,wind_chill_c,qwen_semantic,FALSE_POSITIVE,True
quantum,openweather,qwen,bert,1,263,heat_index_c,heat_index_c,qwen_semantic,FALSE_POSITIVE,True
quantum,openweather,qwen,bert,1,263,dew_point_c,dew_point_c,qwen_semantic,FALSE_POSITIVE,True
quantum,openweather,qwen,bert,1,271,city,city,qwen_semantic,FALSE_POSITIVE,True
quantum,openweather,qwen,bert,1,271,lat,lat,qwen_semantic,FALSE_POSITIVE,True
quantum,openweather,qwen,bert,1,271,lon,lon,qwen_semantic,FALSE_POSITIVE,True
quantum,openweather,qwen,bert,1,271,temperature_c,temperature_c,qwen_semantic,FALSE_POSITIVE,True
quantum,openweather,qwen,bert,1,271,feels_like_c,feels_like_c,qwen_semantic,FALSE_POSITIVE,True
quantum,openweather,qwen,bert,1,271,humidity_percent,humidity_percent,qwen_semantic,FALSE_POSITIVE,True
quantum,openweather,qwen,bert,1,271,pressure_hpa,pressure_hpa,qwen_semantic,FALSE_POSITIVE,True
quantum,openweather,qwen,bert,1,271,wind_speed_ms,wind_speed_ms,qwen_semantic,FALSE_POSITIVE,True
quantum,openweather,qwen,bert,1,271,wind_degrees,wind_degrees,qwen_semantic,FALSE_POSITIVE,True
quantum,openweather,qwen,bert,1,271,wind_gust_ms,wind_gust_ms,qwen_semantic,FALSE_POSITIVE,True
quantum,openweather,qwen,bert,1,271,cloud_percent,cloud_percent,qwen_semantic,FALSE_POSITIVE,True
quantum,openweather,qwen,bert,1,271,weather_main,weather_main,qwen_semantic,FALSE_POSITIVE,True
quantum,openweather,qwen,bert,1,271,weather_description,weather_description_alt,qwen_semantic,SUCCESS,True
quantum,openweather,qwen,bert,1,271,weather_icon,weather_icon,qwen_semantic,FALSE_POSITIVE,True
quantum,openweather,qwen,bert,1,271,visibility_m,visibility_m,qwen_semantic,FALSE_POSITIVE,True
quantum,openweather,qwen,bert,1,271,rain_1h_mm,rain_1h_mm,qwen_semantic,FALSE_POSITIVE,True
quantum,openweather,qwen,bert,1,271,snow_1h_mm,snow_1h_mm,qwen_semantic,FALSE_POSITIVE,True
quantum,openweather,qwen,bert,1,271,sunrise_ts,sunrise_ts,qwen_semantic,FALSE_POSITIVE,True
quantum,openweather,qwen,bert,1,271,sunset_ts,sunset_ts,qwen_semantic,FALSE_POSITIVE,True
quantum,openweather,qwen,bert,1,271,timezone,timezone,qwen_semantic,FALSE_POSITIVE,True
quantum,openweather,qwen,bert,1,271,clouds_percent,clouds_percent,qwen_semantic,FALSE_POSITIVE,True
quantum,openweather,qwen,bert,1,271,wind_chill_c,wind_chill_c,qwen_semantic,FALSE_POSITIVE,True
quantum,openweather,qwen,bert,1,271,heat_index_c,heat_index_c,qwen_semantic,FALSE_POSITIVE,True
quantum,openweather,qwen,bert,1,271,dew_point_c,dew_point_c,qwen_semantic,FALSE_POSITIVE,True
quantum,openweather,qwen,bert,1,274,city,city,qwen_semantic,FALSE_POSITIVE,True
quantum,openweather,qwen,bert,1,274,lat,lat,qwen_semantic,FALSE_POSITIVE,True
quantum,openweather,qwen,bert,1,274,lon,lon,qwen_semantic,FALSE_POSITIVE,True
quantum,openweather,qwen,bert,1,274,temperature_c,temperature_c,qwen_semantic,FALSE_POSITIVE,True
quantum,openweather,qwen,bert,1,274,feels_like_c,feels_like_c,qwen_semantic,FALSE_POSITIVE,True
quantum,openweather,qwen,bert,1,274,humidity_percent,humidity_percent,qwen_semantic,FALSE_POSITIVE,True
quantum,openweather,qwen,bert,1,274,pressure_hpa,pressure_hpa_alt,qwen_semantic,SUCCESS,True
quantum,openweather,qwen,bert,1,274,wind_speed_ms,wind_speed_ms,qwen_semantic,FALSE_POSITIVE,True
quantum,openweather,qwen,bert,1,274,wind_degrees,wind_degrees,qwen_semantic,FALSE_POSITIVE,True
quantum,openweather,qwen,bert,1,274,wind_gust_ms,wind_gust_ms,qwen_semantic,FALSE_POSITIVE,True
quantum,openweather,qwen,bert,1,274,cloud_percent,cloud_percent,qwen_semantic,FALSE_POSITIVE,True
quantum,openweather,qwen,bert,1,274,weather_main,weather_main,qwen_semantic,FALSE_POSITIVE,True
quantum,openweather,qwen,bert,1,274,weather_description,weather_description,qwen_semantic,FALSE_POSITIVE,True
quantum,openweather,qwen,bert,1,274,weather_icon,weather_icon,qwen_semantic,FALSE_POSITIVE,True
quantum,openweather,qwen,bert,1,274,visibility_m,visibility_m,qwen_semantic,FALSE_POSITIVE,True
quantum,openweather,qwen,bert,1,274,rain_1h_mm,rain_1h_mm,qwen_semantic,FALSE_POSITIVE,True
quantum,openweather,qwen,bert,1,274,snow_1h_mm,snow_1h_mm,qwen_semantic,FALSE_POSITIVE,True
quantum,openweather,qwen,bert,1,274,sunrise_ts,sunrise_ts,qwen_semantic,FALSE_POSITIVE,True
quantum,openweather,qwen,bert,1,274,sunset_ts,sunset_ts,qwen_semantic,FALSE_POSITIVE,True
quantum,openweather,qwen,bert,1,274,timezone,timezone,qwen_semantic,FALSE_POSITIVE,True
quantum,openweather,qwen,bert,1,274,clouds_percent,clouds_percent,qwen_semantic,FALSE_POSITIVE,True
quantum,openweather,qwen,bert,1,274,wind_chill_c,wind_chill_c,qwen_semantic,FALSE_POSITIVE,True
quantum,openweather,qwen,bert,1,274,heat_index_c,heat_index_c,qwen_semantic,FALSE_POSITIVE,True
quantum,openweather,qwen,bert,1,274,dew_point_c,dew_point_c,qwen_semantic,FALSE_POSITIVE,True
quantum,openweather,qwen,bert,1,287,city,city,qwen_semantic,FALSE_POSITIVE,True
quantum,openweather,qwen,bert,1,287,lat,lat,qwen_semantic,FALSE_POSITIVE,True
quantum,openweather,qwen,bert,1,287,lon,lon,qwen_semantic,FALSE_POSITIVE,True
quantum,openweather,qwen,bert,1,287,temperature_c,temperature_c,qwen_semantic,FALSE_POSITIVE,True
quantum,openweather,qwen,bert,1,287,feels_like_c,feels_like_c,qwen_semantic,FALSE_POSITIVE,True
quantum,openweather,qwen,bert,1,287,humidity_percent,humidity_percent,qwen_semantic,FALSE_POSITIVE,True
quantum,openweather,qwen,bert,1,287,pressure_hpa,pressure_hpa,qwen_semantic,FALSE_POSITIVE,True
quantum,openweather,qwen,bert,1,287,wind_speed_ms,wind_speed_ms,qwen_semantic,FALSE_POSITIVE,True
quantum,openweather,qwen,bert,1,287,wind_degrees,wind_degrees,qwen_semantic,FALSE_POSITIVE,True
quantum,openweather,qwen,bert,1,287,wind_gust_ms,wind_gust_ms,qwen_semantic,FALSE_POSITIVE,True
quantum,openweather,qwen,bert,1,287,cloud_percent,cloud_percent,qwen_semantic,FALSE_POSITIVE,True
quantum,openweather,qwen,bert,1,287,weather_main,weather_main_alt,qwen_semantic,SUCCESS,True
quantum,openweather,qwen,bert,1,287,weather_description,weather_description,qwen_semantic,FALSE_POSITIVE,True
quantum,openweather,qwen,bert,1,287,weather_icon,weather_icon,qwen_semantic,FALSE_POSITIVE,True
quantum,openweather,qwen,bert,1,287,visibility_m,visibility_m,qwen_semantic,FALSE_POSITIVE,True
quantum,openweather,qwen,bert,1,287,rain_1h_mm,rain_1h_mm,qwen_semantic,FALSE_POSITIVE,True
quantum,openweather,qwen,bert,1,287,snow_1h_mm,snow_1h_mm,qwen_semantic,FALSE_POSITIVE,True
quantum,openweather,qwen,bert,1,287,sunrise_ts,sunrise_ts,qwen_semantic,FALSE_POSITIVE,True
quantum,openweather,qwen,bert,1,287,sunset_ts,sunset_ts,qwen_semantic,FALSE_POSITIVE,True
quantum,openweather,qwen,bert,1,287,timezone,timezone,qwen_semantic,FALSE_POSITIVE,True
quantum,openweather,qwen,bert,1,287,clouds_percent,clouds_percent,qwen_semantic,FALSE_POSITIVE,True
quantum,openweather,qwen,bert,1,287,wind_chill_c,wind_chill_c,qwen_semantic,FALSE_POSITIVE,True
quantum,openweather,qwen,bert,1,287,heat_index_c,heat_index_c,qwen_semantic,FALSE_POSITIVE,True
quantum,openweather,qwen,bert,1,287,dew_point_c,dew_point_c,qwen_semantic,FALSE_POSITIVE,True
quantum,openweather,qwen,bert,1,341,city,city,qwen_semantic,FALSE_POSITIVE,True
quantum,openweather,qwen,bert,1,341,lat,lat,qwen_semantic,FALSE_POSITIVE,True
quantum,openweather,qwen,bert,1,341,lon,lon,qwen_semantic,FALSE_POSITIVE,True
quantum,openweather,qwen,bert,1,341,temperature_c,temperature_c,qwen_semantic,FALSE_POSITIVE,True
quantum,openweather,qwen,bert,1,341,feels_like_c,feels_like_c_alt,qwen_semantic,SUCCESS,True
quantum,openweather,qwen,bert,1,341,humidity_percent,humidity_percent,qwen_semantic,FALSE_POSITIVE,True
quantum,openweather,qwen,bert,1,341,pressure_hpa,pressure_hpa,qwen_semantic,FALSE_POSITIVE,True
quantum,openweather,qwen,bert,1,341,wind_speed_ms,wind_speed_ms,qwen_semantic,FALSE_POSITIVE,True
quantum,openweather,qwen,bert,1,341,wind_degrees,wind_degrees,qwen_semantic,FALSE_POSITIVE,True
quantum,openweather,qwen,bert,1,341,wind_gust_ms,wind_gust_ms,qwen_semantic,FALSE_POSITIVE,True
quantum,openweather,qwen,bert,1,341,cloud_percent,cloud_percent,qwen_semantic,FALSE_POSITIVE,True
quantum,openweather,qwen,bert,1,341,weather_main,weather_main,qwen_semantic,FALSE_POSITIVE,True
quantum,openweather,qwen,bert,1,341,weather_description,weather_description,qwen_semantic,FALSE_POSITIVE,True
quantum,openweather,qwen,bert,1,341,weather_icon,weather_icon,qwen_semantic,FALSE_POSITIVE,True
quantum,openweather,qwen,bert,1,341,visibility_m,visibility_m,qwen_semantic,FALSE_POSITIVE,True
quantum,openweather,qwen,bert,1,341,rain_1h_mm,rain_1h_mm,qwen_semantic,FALSE_POSITIVE,True
quantum,openweather,qwen,bert,1,341,snow_1h_mm,snow_1h_mm,qwen_semantic,FALSE_POSITIVE,True
quantum,openweather,qwen,bert,1,341,sunrise_ts,sunrise_ts,qwen_semantic,FALSE_POSITIVE,True
quantum,openweather,qwen,bert,1,341,sunset_ts,sunset_ts,qwen_semantic,FALSE_POSITIVE,True
quantum,openweather,qwen,bert,1,341,timezone,timezone,qwen_semantic,FALSE_POSITIVE,True
quantum,openweather,qwen,bert,1,341,clouds_percent,clouds_percent,qwen_semantic,FALSE_POSITIVE,True
quantum,openweather,qwen,bert,1,341,wind_chill_c,wind_chill_c,qwen_semantic,FALSE_POSITIVE,True
quantum,openweather,qwen,bert,1,341,heat_index_c,heat_index_c,qwen_semantic,FALSE_POSITIVE,True
quantum,openweather,qwen,bert,1,341,dew_point_c,dew_point_c,qwen_semantic,FALSE_POSITIVE,True
quantum,openweather,qwen,bert,1,360,city,city,qwen_semantic,FALSE_POSITIVE,True
quantum,openweather,qwen,bert,1,360,lat,lat,qwen_semantic,FALSE_POSITIVE,True
quantum,openweather,qwen,bert,1,360,lon,lon,qwen_semantic,FALSE_POSITIVE,True
quantum,openweather,qwen,bert,1,360,temperature_c,temperature_c,qwen_semantic,FALSE_POSITIVE,True
quantum,openweather,qwen,bert,1,360,feels_like_c,feels_like_c,qwen_semantic,FALSE_POSITIVE,True
quantum,openweather,qwen,bert,1,360,humidity_percent,humidity_percent,qwen_semantic,FALSE_POSITIVE,True
quantum,openweather,qwen,bert,1,360,pressure_hpa,pressure_hpa,qwen_semantic,FALSE_POSITIVE,True
quantum,openweather,qwen,bert,1,360,wind_speed_ms,wind_speed_ms,qwen_semantic,FALSE_POSITIVE,True
quantum,openweather,qwen,bert,1,360,wind_degrees,wind_degrees_alt,qwen_semantic,SUCCESS,True
quantum,openweather,qwen,bert,1,360,wind_gust_ms,wind_gust_ms,qwen_semantic,FALSE_POSITIVE,True
quantum,openweather,qwen,bert,1,360,cloud_percent,cloud_percent,qwen_semantic,FALSE_POSITIVE,True
quantum,openweather,qwen,bert,1,360,weather_main,weather_main,qwen_semantic,FALSE_POSITIVE,True
quantum,openweather,qwen,bert,1,360,weather_description,weather_description,qwen_semantic,FALSE_POSITIVE,True
quantum,openweather,qwen,bert,1,360,weather_icon,weather_icon,qwen_semantic,FALSE_POSITIVE,True
quantum,openweather,qwen,bert,1,360,visibility_m,visibility_m,qwen_semantic,FALSE_POSITIVE,True
quantum,openweather,qwen,bert,1,360,rain_1h_mm,rain_1h_mm,qwen_semantic,FALSE_POSITIVE,True
quantum,openweather,qwen,bert,1,360,snow_1h_mm,snow_1h_mm,qwen_semantic,FALSE_POSITIVE,True
quantum,openweather,qwen,bert,1,360,sunrise_ts,sunrise_ts,qwen_semantic,FALSE_POSITIVE,True
quantum,openweather,qwen,bert,1,360,sunset_ts,sunset_ts,qwen_semantic,FALSE_POSITIVE,True
quantum,openweather,qwen,bert,1,360,timezone,timezone,qwen_semantic,FALSE_POSITIVE,True
quantum,openweather,qwen,bert,1,360,clouds_percent,clouds_percent,qwen_semantic,FALSE_POSITIVE,True
quantum,openweather,qwen,bert,1,360,wind_chill_c,wind_chill_c,qwen_semantic,FALSE_POSITIVE,True
quantum,openweather,qwen,bert,1,360,heat_index_c,heat_index_c,qwen_semantic,FALSE_POSITIVE,True
quantum,openweather,qwen,bert,1,360,dew_point_c,dew_point_c,qwen_semantic,FALSE_POSITIVE,True
quantum,openweather,qwen,bert,1,362,city,city,qwen_semantic,FALSE_POSITIVE,True
quantum,openweather,qwen,bert,1,362,lat,lat,qwen_semantic,FALSE_POSITIVE,True
quantum,openweather,qwen,bert,1,362,lon,lon,qwen_semantic,FALSE_POSITIVE,True
quantum,openweather,qwen,bert,1,362,temperature_c,temperature_c,qwen_semantic,FALSE_POSITIVE,True
quantum,openweather,qwen,bert,1,362,feels_like_c,feels_like_c,qwen_semantic,FALSE_POSITIVE,True
quantum,openweather,qwen,bert,1,362,humidity_percent,humidity_percent,qwen_semantic,FALSE_POSITIVE,True
quantum,openweather,qwen,bert,1,362,pressure_hpa,pressure_hpa,qwen_semantic,FALSE_POSITIVE,True
quantum,openweather,qwen,bert,1,362,wind_speed_ms,wind_speed_ms,qwen_semantic,FALSE_POSITIVE,True
quantum,openweather,qwen,bert,1,362,wind_degrees,wind_degrees,qwen_semantic,FALSE_POSITIVE,True
quantum,openweather,qwen,bert,1,362,wind_gust_ms,wind_gust_ms,qwen_semantic,FALSE_POSITIVE,True
quantum,openweather,qwen,bert,1,362,cloud_percent,cloud_percent,qwen_semantic,FALSE_POSITIVE,True
quantum,openweather,qwen,bert,1,362,weather_main,weather_main,qwen_semantic,FALSE_POSITIVE,True
quantum,openweather,qwen,bert,1,362,weather_description,weather_description,qwen_semantic,FALSE_POSITIVE,True
quantum,openweather,qwen,bert,1,362,weather_icon,weather_icon,qwen_semantic,FALSE_POSITIVE,True
quantum,openweather,qwen,bert,1,362,visibility_m,visibility_m_alt,qwen_semantic,SUCCESS,True
quantum,openweather,qwen,bert,1,362,rain_1h_mm,rain_1h_mm,qwen_semantic,FALSE_POSITIVE,True
quantum,openweather,qwen,bert,1,362,snow_1h_mm,snow_1h_mm,qwen_semantic,FALSE_POSITIVE,True
quantum,openweather,qwen,bert,1,362,sunrise_ts,sunrise_ts,qwen_semantic,FALSE_POSITIVE,True
quantum,openweather,qwen,bert,1,362,sunset_ts,sunset_ts,qwen_semantic,FALSE_POSITIVE,True
quantum,openweather,qwen,bert,1,362,timezone,timezone,qwen_semantic,FALSE_POSITIVE,True
quantum,openweather,qwen,bert,1,362,clouds_percent,clouds_percent,qwen_semantic,FALSE_POSITIVE,True
quantum,openweather,qwen,bert,1,362,wind_chill_c,wind_chill_c,qwen_semantic,FALSE_POSITIVE,True
quantum,openweather,qwen,bert,1,362,heat_index_c,heat_index_c,qwen_semantic,FALSE_POSITIVE,True
quantum,openweather,qwen,bert,1,362,dew_point_c,dew_point_c,qwen_semantic,FALSE_POSITIVE,True
quantum,openweather,qwen,bert,1,379,city,city,qwen_semantic,FALSE_POSITIVE,True
quantum,openweather,qwen,bert,1,379,lat,lat,qwen_semantic,FALSE_POSITIVE,True
quantum,openweather,qwen,bert,1,379,lon,lon,qwen_semantic,FALSE_POSITIVE,True
quantum,openweather,qwen,bert,1,379,temperature_c,temperature_c,qwen_semantic,FALSE_POSITIVE,True
quantum,openweather,qwen,bert,1,379,feels_like_c,feels_like_c,qwen_semantic,FALSE_POSITIVE,True
quantum,openweather,qwen,bert,1,379,humidity_percent,humidity_percent,qwen_semantic,FALSE_POSITIVE,True
quantum,openweather,qwen,bert,1,379,pressure_hpa,pressure_hpa,qwen_semantic,FALSE_POSITIVE,True
quantum,openweather,qwen,bert,1,379,wind_speed_ms,wind_speed_ms,qwen_semantic,FALSE_POSITIVE,True
quantum,openweather,qwen,bert,1,379,wind_degrees,wind_degrees,qwen_semantic,FALSE_POSITIVE,True
quantum,openweather,qwen,bert,1,379,wind_gust_ms,wind_gust_ms,qwen_semantic,FALSE_POSITIVE,True
quantum,openweather,qwen,bert,1,379,cloud_percent,cloud_percent,qwen_semantic,FALSE_POSITIVE,True
quantum,openweather,qwen,bert,1,379,weather_main,weather_main,qwen_semantic,FALSE_POSITIVE,True
quantum,openweather,qwen,bert,1,379,weather_description,weather_description,qwen_semantic,FALSE_POSITIVE,True
quantum,openweather,qwen,bert,1,379,weather_icon,weather_icon,qwen_semantic,FALSE_POSITIVE,True
quantum,openweather,qwen,bert,1,379,visibility_m,visibility_m,qwen_semantic,FALSE_POSITIVE,True
quantum,openweather,qwen,bert,1,379,rain_1h_mm,rain_1h_mm,qwen_semantic,FALSE_POSITIVE,True
quantum,openweather,qwen,bert,1,379,snow_1h_mm,snow_1h_mm,qwen_semantic,FALSE_POSITIVE,True
quantum,openweather,qwen,bert,1,379,sunrise_ts,sunrise_ts,qwen_semantic,FALSE_POSITIVE,True
quantum,openweather,qwen,bert,1,379,sunset_ts,sunset_ts_alt,qwen_semantic,SUCCESS,True
quantum,openweather,qwen,bert,1,379,timezone,timezone,qwen_semantic,FALSE_POSITIVE,True
quantum,openweather,qwen,bert,1,379,clouds_percent,clouds_percent,qwen_semantic,FALSE_POSITIVE,True
quantum,openweather,qwen,bert,1,379,wind_chill_c,wind_chill_c,qwen_semantic,FALSE_POSITIVE,True
quantum,openweather,qwen,bert,1,379,heat_index_c,heat_index_c,qwen_semantic,FALSE_POSITIVE,True
quantum,openweather,qwen,bert,1,379,dew_point_c,dew_point_c,qwen_semantic,FALSE_POSITIVE,True
quantum,openweather,qwen,bert,1,404,city,city,qwen_semantic,FALSE_POSITIVE,True
quantum,openweather,qwen,bert,1,404,lat,lat,qwen_semantic,FALSE_POSITIVE,True
quantum,openweather,qwen,bert,1,404,lon,lon,qwen_semantic,FALSE_POSITIVE,True
quantum,openweather,qwen,bert,1,404,temperature_c,temperature_c,qwen_semantic,FALSE_POSITIVE,True
quantum,openweather,qwen,bert,1,404,feels_like_c,feels_like_c,qwen_semantic,FALSE_POSITIVE,True
quantum,openweather,qwen,bert,1,404,humidity_percent,humidity_percent,qwen_semantic,FALSE_POSITIVE,True
quantum,openweather,qwen,bert,1,404,pressure_hpa,pressure_hpa,qwen_semantic,FALSE_POSITIVE,True
quantum,openweather,qwen,bert,1,404,wind_speed_ms,wind_speed_ms,qwen_semantic,FALSE_POSITIVE,True
quantum,openweather,qwen,bert,1,404,wind_degrees,wind_degrees,qwen_semantic,FALSE_POSITIVE,True
quantum,openweather,qwen,bert,1,404,wind_gust_ms,wind_gust_ms,qwen_semantic,FALSE_POSITIVE,True
quantum,openweather,qwen,bert,1,404,cloud_percent,cloud_percent,qwen_semantic,FALSE_POSITIVE,True
quantum,openweather,qwen,bert,1,404,weather_main,weather_main,qwen_semantic,FALSE_POSITIVE,True
quantum,openweather,qwen,bert,1,404,weather_description,weather_description,qwen_semantic,FALSE_POSITIVE,True
quantum,openweather,qwen,bert,1,404,weather_icon,weather_icon,qwen_semantic,FALSE_POSITIVE,True
quantum,openweather,qwen,bert,1,404,visibility_m,visibility_m,qwen_semantic,FALSE_POSITIVE,True
quantum,openweather,qwen,bert,1,404,rain_1h_mm,rain_1h_mm,qwen_semantic,FALSE_POSITIVE,True
quantum,openweather,qwen,bert,1,404,snow_1h_mm,snow_1h_mm,qwen_semantic,FALSE_POSITIVE,True
quantum,openweather,qwen,bert,1,404,sunrise_ts,sunrise_ts,qwen_semantic,FALSE_POSITIVE,True
quantum,openweather,qwen,bert,1,404,sunset_ts,sunset_ts,qwen_semantic,FALSE_POSITIVE,True
quantum,openweather,qwen,bert,1,404,timezone,timezone,qwen_semantic,FALSE_POSITIVE,True
quantum,openweather,qwen,bert,1,404,clouds_percent,cloud_percent,qwen_semantic,SUCCESS,True
quantum,openweather,qwen,bert,1,404,wind_chill_c,wind_chill_c,qwen_semantic,FALSE_POSITIVE,True
quantum,openweather,qwen,bert,1,404,heat_index_c,heat_index_c,qwen_semantic,FALSE_POSITIVE,True
quantum,openweather,qwen,bert,1,404,dew_point_c,dew_point_c,qwen_semantic,FALSE_POSITIVE,True
quantum,openweather,qwen,bert,1,422,city,city,qwen_semantic,FALSE_POSITIVE,True
quantum,openweather,qwen,bert,1,422,lat,lat,qwen_semantic,FALSE_POSITIVE,True
quantum,openweather,qwen,bert,1,422,lon,lon,qwen_semantic,FALSE_POSITIVE,True
quantum,openweather,qwen,bert,1,422,temperature_c,temperature_c,qwen_semantic,FALSE_POSITIVE,True
quantum,openweather,qwen,bert,1,422,feels_like_c,feels_like_c,qwen_semantic,FALSE_POSITIVE,True
quantum,openweather,qwen,bert,1,422,humidity_percent,humidity_percent_alt,qwen_semantic,SUCCESS,True
quantum,openweather,qwen,bert,1,422,pressure_hpa,pressure_hpa,qwen_semantic,FALSE_POSITIVE,True
quantum,openweather,qwen,bert,1,422,wind_speed_ms,wind_speed_ms,qwen_semantic,FALSE_POSITIVE,True
quantum,openweather,qwen,bert,1,422,wind_degrees,wind_degrees,qwen_semantic,FALSE_POSITIVE,True
quantum,openweather,qwen,bert,1,422,wind_gust_ms,wind_gust_ms,qwen_semantic,FALSE_POSITIVE,True
quantum,openweather,qwen,bert,1,422,cloud_percent,cloud_percent,qwen_semantic,FALSE_POSITIVE,True
quantum,openweather,qwen,bert,1,422,weather_main,weather_main,qwen_semantic,FALSE_POSITIVE,True
quantum,openweather,qwen,bert,1,422,weather_description,weather_description,qwen_semantic,FALSE_POSITIVE,True
quantum,openweather,qwen,bert,1,422,weather_icon,weather_icon,qwen_semantic,FALSE_POSITIVE,True
quantum,openweather,qwen,bert,1,422,visibility_m,visibility_m,qwen_semantic,FALSE_POSITIVE,True
quantum,openweather,qwen,bert,1,422,rain_1h_mm,rain_1h_mm,qwen_semantic,FALSE_POSITIVE,True
quantum,openweather,qwen,bert,1,422,snow_1h_mm,snow_1h_mm,qwen_semantic,FALSE_POSITIVE,True
quantum,openweather,qwen,bert,1,422,sunrise_ts,sunrise_ts,qwen_semantic,FALSE_POSITIVE,True
quantum,openweather,qwen,bert,1,422,sunset_ts,sunset_ts,qwen_semantic,FALSE_POSITIVE,True
quantum,openweather,qwen,bert,1,422,timezone,timezone,qwen_semantic,FALSE_POSITIVE,True
quantum,openweather,qwen,bert,1,422,clouds_percent,clouds_percent,qwen_semantic,FALSE_POSITIVE,True
quantum,openweather,qwen,bert,1,422,wind_chill_c,wind_chill_c,qwen_semantic,FALSE_POSITIVE,True
quantum,openweather,qwen,bert,1,422,heat_index_c,heat_index_c,qwen_semantic,FALSE_POSITIVE,True
quantum,openweather,qwen,bert,1,422,dew_point_c,dew_point_c,qwen_semantic,FALSE_POSITIVE,True
quantum,openweather,qwen,bert,1,438,city,city,qwen_semantic,FALSE_POSITIVE,True
quantum,openweather,qwen,bert,1,438,lon,lon,qwen_semantic,FALSE_POSITIVE,True
quantum,openweather,qwen,bert,1,438,temperature_c,temperature_c,qwen_semantic,FALSE_POSITIVE,True
quantum,openweather,qwen,bert,1,438,feels_like_c,feels_like_c,qwen_semantic,FALSE_POSITIVE,True
quantum,openweather,qwen,bert,1,438,humidity_percent,humidity_percent,qwen_semantic,FALSE_POSITIVE,True
quantum,openweather,qwen,bert,1,438,pressure_hpa,pressure_hpa,qwen_semantic,FALSE_POSITIVE,True
quantum,openweather,qwen,bert,1,438,wind_speed_ms,wind_speed_ms,qwen_semantic,FALSE_POSITIVE,True
quantum,openweather,qwen,bert,1,438,wind_degrees,wind_degrees,qwen_semantic,FALSE_POSITIVE,True
quantum,openweather,qwen,bert,1,438,wind_gust_ms,wind_gust_ms,qwen_semantic,FALSE_POSITIVE,True
quantum,openweather,qwen,bert,1,438,cloud_percent,cloud_percent,qwen_semantic,FALSE_POSITIVE,True
quantum,openweather,qwen,bert,1,438,weather_main,weather_main,qwen_semantic,FALSE_POSITIVE,True
quantum,openweather,qwen,bert,1,438,weather_description,weather_description,qwen_semantic,FALSE_POSITIVE,True
quantum,openweather,qwen,bert,1,438,weather_icon,weather_icon,qwen_semantic,FALSE_POSITIVE,True
quantum,openweather,qwen,bert,1,438,visibility_m,visibility_m,qwen_semantic,FALSE_POSITIVE,True
quantum,openweather,qwen,bert,1,438,rain_1h_mm,rain_1h_mm,qwen_semantic,FALSE_POSITIVE,True
quantum,openweather,qwen,bert,1,438,snow_1h_mm,snow_1h_mm,qwen_semantic,FALSE_POSITIVE,True
quantum,openweather,qwen,bert,1,438,sunrise_ts,sunrise_ts,qwen_semantic,FALSE_POSITIVE,True
quantum,openweather,qwen,bert,1,438,sunset_ts,sunset_ts,qwen_semantic,FALSE_POSITIVE,True
quantum,openweather,qwen,bert,1,438,timezone,timezone,qwen_semantic,FALSE_POSITIVE,True
quantum,openweather,qwen,bert,1,438,clouds_percent,clouds_percent,qwen_semantic,FALSE_POSITIVE,True
quantum,openweather,qwen,bert,1,438,wind_chill_c,wind_chill_c,qwen_semantic,FALSE_POSITIVE,True
quantum,openweather,qwen,bert,1,438,heat_index_c,heat_index_c,qwen_semantic,FALSE_POSITIVE,True
quantum,openweather,qwen,bert,1,438,dew_point_c,dew_point_c,qwen_semantic,FALSE_POSITIVE,True
quantum,openweather,qwen,bert,1,438,lat,,qwen_semantic,FAILURE,True
quantum,openweather,qwen,bert,1,462,city,city,qwen_semantic,FALSE_POSITIVE,True
quantum,openweather,qwen,bert,1,462,lat,lat,qwen_semantic,FALSE_POSITIVE,True
quantum,openweather,qwen,bert,1,462,lon,lon,qwen_semantic,FALSE_POSITIVE,True
quantum,openweather,qwen,bert,1,462,temperature_c,temperature_c,qwen_semantic,FALSE_POSITIVE,True
quantum,openweather,qwen,bert,1,462,feels_like_c,feels_like_c,qwen_semantic,FALSE_POSITIVE,True
quantum,openweather,qwen,bert,1,462,humidity_percent,humidity_percent,qwen_semantic,FALSE_POSITIVE,True
quantum,openweather,qwen,bert,1,462,pressure_hpa,pressure_hpa_alt,qwen_semantic,SUCCESS,True
quantum,openweather,qwen,bert,1,462,wind_speed_ms,wind_speed_ms,qwen_semantic,FALSE_POSITIVE,True
quantum,openweather,qwen,bert,1,462,wind_degrees,wind_degrees,qwen_semantic,FALSE_POSITIVE,True
quantum,openweather,qwen,bert,1,462,wind_gust_ms,wind_gust_ms,qwen_semantic,FALSE_POSITIVE,True
quantum,openweather,qwen,bert,1,462,cloud_percent,cloud_percent,qwen_semantic,FALSE_POSITIVE,True
quantum,openweather,qwen,bert,1,462,weather_main,weather_main,qwen_semantic,FALSE_POSITIVE,True
quantum,openweather,qwen,bert,1,462,weather_description,weather_description,qwen_semantic,FALSE_POSITIVE,True
quantum,openweather,qwen,bert,1,462,weather_icon,weather_icon,qwen_semantic,FALSE_POSITIVE,True
quantum,openweather,qwen,bert,1,462,visibility_m,visibility_m,qwen_semantic,FALSE_POSITIVE,True
quantum,openweather,qwen,bert,1,462,rain_1h_mm,rain_1h_mm,qwen_semantic,FALSE_POSITIVE,True
quantum,openweather,qwen,bert,1,462,snow_1h_mm,snow_1h_mm,qwen_semantic,FALSE_POSITIVE,True
quantum,openweather,qwen,bert,1,462,sunrise_ts,sunrise_ts,qwen_semantic,FALSE_POSITIVE,True
quantum,openweather,qwen,bert,1,462,sunset_ts,sunset_ts,qwen_semantic,FALSE_POSITIVE,True
quantum,openweather,qwen,bert,1,462,timezone,timezone,qwen_semantic,FALSE_POSITIVE,True
quantum,openweather,qwen,bert,1,462,clouds_percent,clouds_percent,qwen_semantic,FALSE_POSITIVE,True
quantum,openweather,qwen,bert,1,462,wind_chill_c,wind_chill_c,qwen_semantic,FALSE_POSITIVE,True
quantum,openweather,qwen,bert,1,462,heat_index_c,heat_index_c,qwen_semantic,FALSE_POSITIVE,True
quantum,openweather,qwen,bert,1,462,dew_point_c,dew_point_c,qwen_semantic,FALSE_POSITIVE,True
