packet_id,session,sensor,chaos_type,event_type,latency_ms,detected_or_recovered
00ac7af60734,spielberg_FP1,tyre_pressure,string_in_numeric,detection,0.0046,True
7f485e3e2bcb,spielberg_FP1,aero_load,duplicate_timestamp,detection,0.0095,True
ba4afb45d0d8,spielberg_FP1,tyre_pressure_new,schema_drift,detection,0.0092,True
c31720e95796,spielberg_FP1,aero_load,string_in_numeric,detection,0.0048,True
d2771ed836f8,spielberg_FP1,rpm,string_in_numeric,detection,0.0036,True
d547f0475dd7,spielberg_FP1,engine_temp,duplicate_timestamp,detection,0.0081,True
ab2153e7ee33,spielberg_FP1,heart_rate,duplicate_timestamp,detection,0.0087,True
9ab2c2efabe5,spielberg_FP1,ecu_canbus_new,schema_drift,detection,0.0086,True
18bb4b105e52,spielberg_FP1,aero_load_v2,schema_drift,detection,0.0088,True
501c568af453,spielberg_FP1,engine_temp_v2,schema_drift,detection,0.0082,True
b30ee38be7eb,spielberg_FP1,rpm,string_in_numeric,detection,0.0042,True
fb0417a1ed63,spielberg_FP1,aero_load_v2,schema_drift,detection,0.0083,True
79e09ad329f6,spielberg_FP1,ecu_canbus,string_in_numeric,detection,0.0041,True
56413b1751cb,spielberg_FP1,throttle_new,schema_drift,detection,0.0086,True
9e2b9d450ce8,spielberg_FP1,speed_canbus,schema_drift,detection,0.0087,True
639521729da8,spielberg_FP1,engine_temp,string_in_numeric,detection,0.0037,True
47e88e6234f6,spielberg_FP1,rpm_v2,schema_drift,detection,0.0085,True
e7a147159844,spielberg_FP1,ecu_canbus,string_in_numeric,detection,0.0045,True
74969aea0cba,spielberg_FP1,aero_load,string_in_numeric,detection,0.0037,True
60fb29885330,spielberg_FP1,ecu_canbus,duplicate_timestamp,detection,0.0073,True
d321887714b1,spielberg_FP1,tyre_pressure,string_in_numeric,detection,0.0043,True
4fc71f38a4e0,spielberg_FP1,speed,duplicate_timestamp,detection,0.0057,True
bdc4f72decb5,spielberg_FP1,rpm,string_in_numeric,detection,0.0038,True
1c5df7abae2f,spielberg_FP1,speed,string_in_numeric,detection,0.0032,True
ceac996b101b,spielberg_FP1,tyre_pressure,duplicate_timestamp,detection,0.0102,True
e8537c1d9a2e,spielberg_FP1,speed,duplicate_timestamp,detection,0.0084,True
307ce42e9841,spielberg_FP1,throttle,string_in_numeric,detection,0.0048,True
07990f016646,spielberg_FP1,tyre_pressure_new,schema_drift,detection,0.0081,True
708932d294c5,spielberg_FP1,brake_temp,duplicate_timestamp,detection,0.0058,True
a2d14c13a465,spielberg_FP1,ecu_canbus,duplicate_timestamp,detection,0.0062,True
a2ded4a0d1b3,spielberg_FP1,g_force_lateral,duplicate_timestamp,detection,0.0062,True
69aaaf357e28,spielberg_FP1,engine_temp,string_in_numeric,detection,0.0044,True
1a1f8cfb9649,spielberg_FP1,heart_rate,string_in_numeric,detection,0.0043,True
8aa3244ddc86,spielberg_FP1,tyre_pressure,string_in_numeric,detection,0.0042,True
2cfee5263852,spielberg_FP1,aero_load,duplicate_timestamp,detection,0.008,True
c0f2328b8cc6,spielberg_FP1,heart_rate,duplicate_timestamp,detection,0.0058,True
72acd1423284,spielberg_FP1,engine_temp,string_in_numeric,detection,0.0046,True
5fc27853869a,spielberg_FP1,speed,duplicate_timestamp,detection,0.0075,True
61a162f043a6,spielberg_FP1,heart_rate,string_in_numeric,detection,0.0045,True
4d0e3b315928,spielberg_FP1,aero_load,duplicate_timestamp,detection,0.0058,True
efe51e4de2d1,spielberg_FP1,aero_load,string_in_numeric,detection,0.0044,True
fc54b92e1cf4,spielberg_FP1,speed,duplicate_timestamp,detection,0.0075,True
02fb0bec3a79,spielberg_FP1,engine_temp_new,schema_drift,detection,0.0071,True
595d15b7b31c,spielberg_FP1,brake_temp,duplicate_timestamp,detection,0.0069,True
1f2c7e1df7a0,spielberg_FP1,tyre_pressure,duplicate_timestamp,detection,0.0058,True
71c42310928a,spielberg_FP1,throttle,string_in_numeric,detection,0.0042,True
286d158d3e2d,spielberg_FP1,heart_rate_raw,schema_drift,detection,0.0084,True
279fd93a12cc,spielberg_FP1,rpm,string_in_numeric,detection,0.0035,True
7e01977109de,spielberg_FP1,aero_load,duplicate_timestamp,detection,0.0117,True
308fad38578f,spielberg_FP1,engine_temp,duplicate_timestamp,detection,0.0092,True
43302e34f8ca,spielberg_FP1,heart_rate,string_in_numeric,detection,0.0043,True
7283a1b1b67d,spielberg_FP1,speed,string_in_numeric,detection,0.0041,True
58467e0f64f0,spielberg_FP1,engine_temp_canbus,schema_drift,detection,0.0099,True
6735c8163631,spielberg_FP1,g_force_lateral,duplicate_timestamp,detection,0.0078,True
a456aa6ee99a,spielberg_FP1,aero_load,duplicate_timestamp,detection,0.0073,True
42c89146800f,spielberg_FP1,g_force_lateral_new,schema_drift,detection,0.0068,True
14bf5d81257d,spielberg_FP1,heart_rate_v2,schema_drift,detection,0.0067,True
9b2bbd945c4d,spielberg_FP1,speed,string_in_numeric,detection,0.0043,True
ecfc347c3b07,spielberg_FP1,engine_temp,duplicate_timestamp,detection,0.0071,True
c3f64bdc3848,spielberg_FP1,aero_load,string_in_numeric,detection,0.0037,True
cf1daae2ebd0,spielberg_FP1,rpm,string_in_numeric,detection,0.0035,True
ad9f22b2d7a9,spielberg_FP1,tyre_pressure,duplicate_timestamp,detection,0.0072,True
fa4364e8ad62,spielberg_FP1,speed,string_in_numeric,detection,0.0037,True
9159ddfdd968,spielberg_FP1,rpm,duplicate_timestamp,detection,0.0079,True
df4c310bb43a,spielberg_FP1,speed,string_in_numeric,detection,0.0044,True
7c738c517fcc,spielberg_FP1,tyre_pressure,string_in_numeric,detection,0.0036,True
0217f1058715,spielberg_FP1,tyre_pressure,duplicate_timestamp,detection,0.0082,True
c84af245a1f1,spielberg_FP1,engine_temp,string_in_numeric,detection,0.0055,True
05864dc77b42,spielberg_FP1,aero_load,string_in_numeric,detection,0.0047,True
4341041e3c25,spielberg_FP1,aero_load_v2,schema_drift,detection,0.0091,True
6ddab168906f,spielberg_FP1,ecu_canbus,duplicate_timestamp,detection,0.007,True
da2d151f858c,spielberg_FP1,speed_alt,schema_drift,detection,0.0085,True
10e1e9a5d6aa,spielberg_FP1,rpm,string_in_numeric,detection,0.0041,True
273e0c02f125,spielberg_FP1,g_force_lateral,duplicate_timestamp,detection,0.0077,True
20f6825c129d,spielberg_FP1,brake_temp,duplicate_timestamp,detection,0.0075,True
83987df8161f,spielberg_FP1,tyre_pressure,duplicate_timestamp,detection,0.0097,True
60e438bf8417,spielberg_FP1,heart_rate,string_in_numeric,detection,0.0042,True
59af5cdc89a3,spielberg_FP1,brake_temp,string_in_numeric,detection,0.0043,True
83eaed8c5cde,spielberg_FP1,speed_new,schema_drift,detection,0.0087,True
0b8157e5c881,spielberg_FP1,rpm,string_in_numeric,detection,0.0036,True
a28d09e7fefb,spielberg_FP1,ecu_canbus,duplicate_timestamp,detection,0.0064,True
4f9f524e1ad4,spielberg_FP1,ecu_canbus,duplicate_timestamp,detection,0.0086,True
455029735c66,spielberg_FP1,engine_temp,duplicate_timestamp,detection,0.0093,True
446e4815554f,spielberg_FP1,aero_load,string_in_numeric,detection,0.0037,True
423f8157e92f,spielberg_FP1,throttle,duplicate_timestamp,detection,0.0081,True
566b2cc9a0fb,spielberg_FP1,aero_load,duplicate_timestamp,detection,0.0077,True
378c66cdd0fe,spielberg_FP1,engine_temp,duplicate_timestamp,detection,0.0091,True
188d2740278d,spielberg_FP1,brake_temp,duplicate_timestamp,detection,0.0088,True
8734bebac772,spielberg_FP1,rpm_alt,schema_drift,detection,0.0069,True
5533142421f9,spielberg_FP1,g_force_lateral,string_in_numeric,detection,0.0044,True
2950661f4b0a,spielberg_FP1,throttle,duplicate_timestamp,detection,0.0061,True
e91cbc4f12ca,spielberg_FP1,g_force_lateral,string_in_numeric,detection,0.0036,True
033c73c8844e,spielberg_FP1,ecu_canbus_new,schema_drift,detection,0.0081,True
1c8ce0291d0b,spielberg_FP1,heart_rate,string_in_numeric,detection,0.0042,True
7b91913c0969,spielberg_FP1,aero_load,string_in_numeric,detection,0.0043,True
1205bff78bd0,spielberg_FP1,g_force_lateral,string_in_numeric,detection,0.0045,True
b1022a818c0e,spielberg_FP1,engine_temp,duplicate_timestamp,detection,0.0069,True
d899da1908e3,spielberg_FP1,g_force_lateral,string_in_numeric,detection,0.0044,True
e8520a41100c,spielberg_FP1,ecu_canbus_v2,schema_drift,detection,0.0083,True
647b5fee8292,spielberg_FP1,ecu_canbus,duplicate_timestamp,detection,0.0062,True
ce98df7b4e4d,spielberg_FP1,throttle,duplicate_timestamp,detection,0.0073,True
0dd742ae116e,spielberg_FP1,speed,duplicate_timestamp,detection,0.0072,True
ea8763a71a7c,spielberg_FP1,rpm,string_in_numeric,detection,0.0045,True
d18ac9f4a4f0,spielberg_FP1,aero_load,string_in_numeric,detection,0.0045,True
89809cb959ce,spielberg_FP1,speed_canbus,schema_drift,detection,0.0082,True
a2b72a616993,spielberg_FP1,heart_rate_canbus,schema_drift,detection,0.0083,True
5c33d34d3d61,spielberg_FP1,tyre_pressure,duplicate_timestamp,detection,0.0058,True
f713326e3787,spielberg_FP1,brake_temp,string_in_numeric,detection,0.0044,True
094149efe2af,spielberg_FP1,heart_rate_v2,schema_drift,detection,0.0087,True
632d8d8f4e28,spielberg_FP1,tyre_pressure,string_in_numeric,detection,0.0142,True
089a5d894584,spielberg_FP1,rpm_alt,schema_drift,detection,0.0089,True
fd32adcd4fe3,spielberg_FP1,brake_temp,duplicate_timestamp,detection,0.0075,True
a52d8c903f5f,spielberg_FP1,tyre_pressure,string_in_numeric,detection,0.0044,True
395879d706e7,spielberg_FP1,aero_load,duplicate_timestamp,detection,0.0075,True
3abba08814f1,spielberg_FP1,brake_temp,string_in_numeric,detection,0.0043,True
ef887721be2c,spielberg_FP1,speed,string_in_numeric,detection,0.0047,True
d4f5c4727545,spielberg_FP1,speed,string_in_numeric,detection,0.004,True
b3dc9be643da,spielberg_FP1,throttle_alt,schema_drift,detection,0.0084,True
5e7959957f41,spielberg_FP1,g_force_lateral,duplicate_timestamp,detection,0.0065,True
a8dc979ecf75,spielberg_FP1,throttle,duplicate_timestamp,detection,0.0074,True
61fcbfa6ecc1,spielberg_FP1,tyre_pressure,string_in_numeric,detection,0.0037,True
18c84e2f3da9,spielberg_FP1,tyre_pressure_v2,schema_drift,detection,0.0068,True
e97ec7986828,spielberg_FP1,tyre_pressure,string_in_numeric,detection,0.0043,True
b91c4704189f,spielberg_FP1,brake_temp,duplicate_timestamp,detection,0.0076,True
d780d0589dc3,spielberg_FP1,speed_canbus,schema_drift,detection,0.0075,True
7bdf5bfd1bf7,spielberg_FP1,engine_temp,duplicate_timestamp,detection,0.0094,True
347480126b14,spielberg_FP1,brake_temp_alt,schema_drift,detection,0.0066,True
5081a74105c3,spielberg_FP1,ecu_canbus_canbus,schema_drift,detection,0.007,True
4b9fde79d508,spielberg_FP1,speed_alt,schema_drift,detection,0.0076,True
a856770e6a5e,spielberg_FP1,speed,duplicate_timestamp,detection,0.0072,True
13a4f8ddae6e,spielberg_FP1,engine_temp,string_in_numeric,detection,0.0039,True
09a84b710103,spielberg_FP1,brake_temp_canbus,schema_drift,detection,0.0078,True
47bdaca61e79,spielberg_FP1,throttle_v2,schema_drift,detection,0.0091,True
5d46f9101b0a,spielberg_FP1,rpm,duplicate_timestamp,detection,0.006,True
65b5ec73aa95,spielberg_FP1,speed,string_in_numeric,detection,0.0046,True
26a7f30669c7,spielberg_FP1,engine_temp,string_in_numeric,detection,0.0046,True
51fed0145cd2,spielberg_FP1,heart_rate_alt,schema_drift,detection,0.0072,True
d9d7f23e511d,spielberg_FP1,throttle,string_in_numeric,detection,0.0038,True
77751f62775c,spielberg_FP1,g_force_lateral,string_in_numeric,detection,0.0042,True
13c199fa95b1,spielberg_FP1,brake_temp,string_in_numeric,detection,0.0044,True
b7378cff8259,spielberg_FP1,rpm_alt,schema_drift,detection,0.0078,True
3c78c02d5ca5,spielberg_FP1,heart_rate_raw,schema_drift,detection,0.0069,True
90b0b383e076,spielberg_FP1,aero_load,string_in_numeric,detection,0.0043,True
9ad15ebb1a9a,spielberg_FP1,heart_rate,string_in_numeric,detection,0.0045,True
13636b424cbb,spielberg_FP1,tyre_pressure,duplicate_timestamp,detection,0.008,True
29fb4b5c6ee7,spielberg_FP1,throttle,duplicate_timestamp,detection,0.0073,True
fd261978c55f,spielberg_FP1,engine_temp_alt,schema_drift,detection,0.0084,True
a4b00a9e097c,spielberg_FP1,throttle,string_in_numeric,detection,0.0049,True
e389d1fd7902,spielberg_FP1,rpm_canbus,schema_drift,detection,0.009,True
4bbcc45157d9,spielberg_FP1,speed,duplicate_timestamp,detection,0.007,True
2780aa1682fa,spielberg_FP1,heart_rate,string_in_numeric,detection,0.0047,True
f46c30f386b7,spielberg_FP1,g_force_lateral,string_in_numeric,detection,0.0044,True
e46aabfdcfc4,spielberg_FP1,speed,string_in_numeric,detection,0.0056,True
55f83d4105db,spielberg_FP1,tyre_pressure,string_in_numeric,detection,0.0046,True
80bf0ac85ced,spielberg_FP1,g_force_lateral,string_in_numeric,detection,0.0046,True
7beda7dcded0,spielberg_FP1,ecu_canbus,string_in_numeric,detection,0.0041,True
885351e96f90,spielberg_FP1,brake_temp_alt,schema_drift,detection,0.0081,True
11978b54cacf,spielberg_FP1,brake_temp_alt,schema_drift,detection,0.0084,True
79fd32401cbc,spielberg_FP1,speed_alt,schema_drift,detection,0.0083,True
49451c45cc2e,spielberg_FP1,g_force_lateral,duplicate_timestamp,detection,0.0082,True
5af9cca23f1c,spielberg_FP1,brake_temp_alt,schema_drift,detection,0.0087,True
d91157d69d8f,spielberg_FP1,tyre_pressure_alt,schema_drift,detection,0.007,True
58ac31dfb202,spielberg_FP1,tyre_pressure_alt,schema_drift,detection,0.0085,True
11d16f63f0d8,spielberg_FP1,g_force_lateral_v2,schema_drift,detection,0.0083,True
1fd4022d89fb,spielberg_FP1,brake_temp,duplicate_timestamp,detection,0.0074,True
f364a61adfb0,spielberg_FP1,tyre_pressure,duplicate_timestamp,detection,0.0086,True
bc75b5f3620a,spielberg_FP1,tyre_pressure,string_in_numeric,detection,0.005,True
673a6f40fe77,spielberg_FP1,throttle_new,schema_drift,detection,0.0149,True
22b24298c2a1,spielberg_FP1,aero_load,duplicate_timestamp,detection,0.0074,True
0264a6b31916,spielberg_FP1,heart_rate,duplicate_timestamp,detection,0.0069,True
6f7a59f3990a,spielberg_FP1,heart_rate_new,schema_drift,detection,0.0069,True
f07d57895783,spielberg_FP1,throttle,duplicate_timestamp,detection,0.0075,True
c5c5bf8f1766,spielberg_FP1,throttle,duplicate_timestamp,detection,0.0072,True
078ed7bb9558,spielberg_FP1,tyre_pressure,string_in_numeric,detection,0.0046,True
205cb7304faa,spielberg_FP1,throttle,string_in_numeric,detection,0.0051,True
e457ed9d1c6d,spielberg_FP1,brake_temp_new,schema_drift,detection,0.0107,True
36b876ddc303,spielberg_FP1,g_force_lateral,duplicate_timestamp,detection,0.0081,True
96daf100547a,spielberg_FP1,heart_rate,duplicate_timestamp,detection,0.0076,True
be86353e20bd,spielberg_FP1,brake_temp,string_in_numeric,detection,0.0036,True
28af3659f5d0,spielberg_FP1,speed,string_in_numeric,detection,0.0044,True
ff8c69cb07e9,spielberg_FP1,engine_temp_new,schema_drift,detection,0.0088,True
2ea9e11db89d,spielberg_FP1,tyre_pressure,string_in_numeric,detection,0.0037,True
2f3c8260657c,spielberg_FP1,ecu_canbus,duplicate_timestamp,detection,0.0154,True
7f10f1a9fec0,spielberg_FP1,tyre_pressure,duplicate_timestamp,detection,0.0096,True
faf52aeba2af,spielberg_FP1,aero_load,duplicate_timestamp,detection,0.006,True
67423183d5dd,spielberg_FP1,rpm_v2,schema_drift,detection,0.0085,True
fc7da4c4cdfd,spielberg_FP1,speed_canbus,schema_drift,detection,0.011,True
be2bba26c568,spielberg_FP1,heart_rate,duplicate_timestamp,detection,0.006,True
f73cae5e9db9,spielberg_FP1,heart_rate,string_in_numeric,detection,0.0034,True
1f9e64bef9b6,spielberg_FP1,brake_temp,duplicate_timestamp,detection,0.0059,True
eac9480a8476,spielberg_FP1,g_force_lateral,duplicate_timestamp,detection,0.0078,True
64aa8f9693bb,spielberg_FP1,speed,duplicate_timestamp,detection,0.0086,True
c20783a78944,spielberg_FP1,ecu_canbus,string_in_numeric,detection,0.0044,True
74254bf85b67,spielberg_FP1,tyre_pressure,duplicate_timestamp,detection,0.0078,True
4f06eefb590b,spielberg_FP1,g_force_lateral,duplicate_timestamp,detection,0.0073,True
7ee624dbcda1,spielberg_FP1,aero_load,duplicate_timestamp,detection,0.0072,True
e0da999f9863,spielberg_FP1,aero_load_v2,schema_drift,detection,0.0083,True
0e9776fcb648,spielberg_FP1,heart_rate,string_in_numeric,detection,0.0046,True
6d6c5f6b0255,spielberg_FP1,tyre_pressure,duplicate_timestamp,detection,0.0064,True
df3fd0f6bebe,spielberg_FP1,brake_temp,duplicate_timestamp,detection,0.0077,True
09b3b2834b71,spielberg_FP1,g_force_lateral,duplicate_timestamp,detection,0.0076,True
c999ca0276f1,spielberg_FP1,ecu_canbus,string_in_numeric,detection,0.0037,True
08807557417e,spielberg_FP1,ecu_canbus_canbus,schema_drift,detection,0.009,True
b5a0518efa46,spielberg_FP1,heart_rate,string_in_numeric,detection,0.0036,True
7ec9137a18c9,spielberg_FP1,g_force_lateral,string_in_numeric,detection,0.0045,True
67433d6d2a6a,spielberg_FP1,tyre_pressure_canbus,schema_drift,detection,0.0084,True
6d6f37a2cd94,spielberg_FP1,speed_new,schema_drift,detection,0.0072,True
ae6cfbd27662,spielberg_FP1,engine_temp,string_in_numeric,detection,0.0037,True
322761413a88,spielberg_FP1,heart_rate_raw,schema_drift,detection,0.0086,True
c082748a6148,spielberg_FP1,throttle,duplicate_timestamp,detection,0.0065,True
8ebb7b8bcb95,spielberg_FP1,throttle_alt,schema_drift,detection,0.0088,True
d09cea858d19,spielberg_FP1,g_force_lateral,string_in_numeric,detection,0.0046,True
7b78abac4b80,spielberg_FP1,engine_temp,string_in_numeric,detection,0.0043,True
3c6c9bdf0655,spielberg_FP1,brake_temp_raw,schema_drift,detection,0.0086,True
9f84bfd54227,spielberg_FP1,tyre_pressure,string_in_numeric,detection,0.0038,True
4cc6bea517f8,spielberg_FP1,ecu_canbus,duplicate_timestamp,detection,0.0076,True
b62324bbf41c,spielberg_FP1,ecu_canbus,duplicate_timestamp,detection,0.0061,True
ac5ea35bc636,spielberg_FP1,throttle,string_in_numeric,detection,0.0048,True
63decad33a49,spielberg_FP1,engine_temp,string_in_numeric,detection,0.0042,True
9102bb2089f6,spielberg_FP1,heart_rate,duplicate_timestamp,detection,0.0063,True
26d8a775480c,spielberg_FP1,ecu_canbus,string_in_numeric,detection,0.0037,True
5c3e81928426,spielberg_FP1,brake_temp,duplicate_timestamp,detection,0.0072,True
6781c66fbf4a,spielberg_FP1,ecu_canbus,duplicate_timestamp,detection,0.0063,True
c894ac97688c,spielberg_FP1,throttle,duplicate_timestamp,detection,0.0076,True
a11780e39fa2,spielberg_FP1,g_force_lateral,string_in_numeric,detection,0.0036,True
a92eeb24c724,spielberg_FP1,aero_load_canbus,schema_drift,detection,0.0088,True
1a437bf3c473,spielberg_FP1,rpm,string_in_numeric,detection,0.0038,True
d64261d8c898,spielberg_FP1,speed,duplicate_timestamp,detection,0.0075,True
15df2ee12998,spielberg_FP1,aero_load,duplicate_timestamp,detection,0.01,True
79ff38c01f1a,spielberg_FP1,engine_temp,string_in_numeric,detection,0.0045,True
eb16b4dcff22,spielberg_FP1,tyre_pressure,string_in_numeric,detection,0.0047,True
39cf51c3775b,spielberg_FP1,heart_rate,string_in_numeric,detection,0.0046,True
435b202983e6,spielberg_FP1,rpm,string_in_numeric,detection,0.0047,True
251ba1a38098,spielberg_FP1,ecu_canbus,string_in_numeric,detection,0.0035,True
d60abcefd5ce,spielberg_FP1,throttle,string_in_numeric,detection,0.0046,True
d1353a59ad05,spielberg_FP1,brake_temp,duplicate_timestamp,detection,0.0087,True
61943f8777f0,spielberg_FP1,ecu_canbus_raw,schema_drift,detection,0.0083,True
e9e670cc0120,spielberg_FP1,engine_temp,string_in_numeric,detection,0.0046,True
8812a7ad4dcd,spielberg_FP1,g_force_lateral,string_in_numeric,detection,0.0041,True
5b43eb0a1a1a,spielberg_FP1,rpm_new,schema_drift,detection,0.0085,True
78b7fd2c43eb,spielberg_FP1,tyre_pressure,duplicate_timestamp,detection,0.006,True
18a374e3f1a9,spielberg_FP1,ecu_canbus_v2,schema_drift,detection,0.0079,True
40dbd4f5b799,spielberg_FP1,g_force_lateral_v2,schema_drift,detection,0.0088,True
b7ab0e7ded97,spielberg_FP1,g_force_lateral,string_in_numeric,detection,0.0041,True
76e718b22970,spielberg_FP1,engine_temp,string_in_numeric,detection,0.0039,True
692b61987269,spielberg_FP1,rpm,string_in_numeric,detection,0.0039,True
50f1f978d62a,spielberg_FP1,heart_rate_alt,schema_drift,detection,0.0087,True
346ad3ea279b,spielberg_FP1,throttle,duplicate_timestamp,detection,0.007,True
e93213dd2577,spielberg_FP1,speed,duplicate_timestamp,detection,0.007,True
1e6531c35dbe,spielberg_FP1,throttle_canbus,schema_drift,detection,0.0089,True
b0e6a4aecfdc,spielberg_FP1,speed_alt,schema_drift,detection,0.0091,True
e0a523078c3a,spielberg_FP1,brake_temp,duplicate_timestamp,detection,0.0076,True
46da21a1f3f8,spielberg_FP1,speed,string_in_numeric,detection,0.0042,True
b6496eca26fa,spielberg_FP1,engine_temp_canbus,schema_drift,detection,0.0087,True
6e7ee419750d,spielberg_FP1,engine_temp_v2,schema_drift,detection,0.0079,True
00981808b4b8,spielberg_FP1,heart_rate,duplicate_timestamp,detection,0.007,True
83768279d2df,spielberg_FP1,g_force_lateral,duplicate_timestamp,detection,0.0064,True
b04dee388182,spielberg_FP1,heart_rate_new,schema_drift,detection,0.0086,True
dfcdbed81cff,spielberg_FP1,speed,duplicate_timestamp,detection,0.0077,True
3bd5fd08d685,spielberg_FP1,tyre_pressure,string_in_numeric,detection,0.0035,True
020516047b26,spielberg_FP1,rpm,duplicate_timestamp,detection,0.0063,True
a9ddd1f24ca8,spielberg_FP1,tyre_pressure_v2,schema_drift,detection,0.0071,True
a908296ca499,spielberg_FP1,throttle_raw,schema_drift,detection,0.0089,True
091a352eb3a9,spielberg_FP1,throttle,duplicate_timestamp,detection,0.0078,True
ad39c2ed03d0,spielberg_FP1,throttle_alt,schema_drift,detection,0.0073,True
f71dd855e86a,spielberg_FP1,brake_temp,string_in_numeric,detection,0.0036,True
fdd60ede2184,spielberg_FP1,brake_temp,string_in_numeric,detection,0.0036,True
e48c1cf719ee,spielberg_FP1,throttle,duplicate_timestamp,detection,0.006,True
dce4b36de83f,spielberg_FP1,heart_rate,string_in_numeric,detection,0.0039,True
38c398b657f2,spielberg_FP1,rpm_v2,schema_drift,detection,0.0084,True
8e1b2632038c,spielberg_FP1,throttle_raw,schema_drift,detection,0.0077,True
2f184ffd3fd7,spielberg_FP1,throttle,duplicate_timestamp,detection,0.0073,True
f875a1ac2fc2,spielberg_FP2,rpm,string_in_numeric,detection,0.0039,True
90f6fc85dfab,spielberg_FP2,g_force_lateral,duplicate_timestamp,detection,0.0105,True
86902c96b459,spielberg_FP2,aero_load,string_in_numeric,detection,0.0048,True
89de2c7373a6,spielberg_FP2,throttle_v2,schema_drift,detection,0.0091,True
58644e8d4da1,spielberg_FP2,engine_temp,string_in_numeric,detection,0.0055,True
821c94d8081d,spielberg_FP2,throttle,string_in_numeric,detection,0.0046,True
eefc80a15dc5,spielberg_FP2,aero_load_alt,schema_drift,detection,0.0085,True
2322f3495eaa,spielberg_FP2,engine_temp,duplicate_timestamp,detection,0.0064,True
ad5c3e8456c5,spielberg_FP2,aero_load,duplicate_timestamp,detection,0.0101,True
fe1e2de54f22,spielberg_FP2,heart_rate,duplicate_timestamp,detection,0.0072,True
d86eb05c32be,spielberg_FP2,throttle_canbus,schema_drift,detection,0.0072,True
373d1c3ae9e0,spielberg_FP2,throttle_canbus,schema_drift,detection,0.0086,True
e7de8b71cb22,spielberg_FP2,brake_temp,duplicate_timestamp,detection,0.0077,True
d3d957b9bcd2,spielberg_FP2,g_force_lateral_new,schema_drift,detection,0.0064,True
717d74982723,spielberg_FP2,throttle,string_in_numeric,detection,0.0036,True
64e9ca4acb4a,spielberg_FP2,aero_load,string_in_numeric,detection,0.0068,True
8b450a48fb78,spielberg_FP2,brake_temp,duplicate_timestamp,detection,0.0076,True
06a9982c7883,spielberg_FP2,aero_load,duplicate_timestamp,detection,0.007,True
b7493b3793d6,spielberg_FP2,brake_temp_new,schema_drift,detection,0.007,True
1b5553e66f32,spielberg_FP2,tyre_pressure,string_in_numeric,detection,0.0044,True
80061fe063c2,spielberg_FP2,rpm_canbus,schema_drift,detection,0.0088,True
3491956ef888,spielberg_FP2,engine_temp,string_in_numeric,detection,0.0046,True
f80ba8ce712f,spielberg_FP2,ecu_canbus_alt,schema_drift,detection,0.0083,True
5a1260ab4f2f,spielberg_FP2,aero_load,string_in_numeric,detection,0.0065,True
2285a8c970aa,spielberg_FP2,brake_temp,duplicate_timestamp,detection,0.0062,True
70497952f2fe,spielberg_FP2,tyre_pressure,duplicate_timestamp,detection,0.0082,True
ba34ce7d7bd5,spielberg_FP2,heart_rate,duplicate_timestamp,detection,0.0078,True
bc662838e449,spielberg_FP2,heart_rate,duplicate_timestamp,detection,0.0072,True
7543eaaea5bb,spielberg_FP2,engine_temp,string_in_numeric,detection,0.0046,True
9fdde4b2a52a,spielberg_FP2,g_force_lateral,duplicate_timestamp,detection,0.009,True
5c897d8ad070,spielberg_FP2,aero_load_raw,schema_drift,detection,0.0086,True
bbba0f2d8dad,spielberg_FP2,throttle,string_in_numeric,detection,0.0037,True
c78d5bc48ba4,spielberg_FP2,rpm_raw,schema_drift,detection,0.0095,True
60f2f4573b48,spielberg_FP2,speed,duplicate_timestamp,detection,0.0081,True
8f95d9a787a5,spielberg_FP2,tyre_pressure,string_in_numeric,detection,0.0044,True
6f94794d567b,spielberg_FP2,engine_temp,string_in_numeric,detection,0.0056,True
8603afa9706a,spielberg_FP2,rpm,duplicate_timestamp,detection,0.009,True
a2a1ac5dbd0a,spielberg_FP2,ecu_canbus,duplicate_timestamp,detection,0.0076,True
e15f00fb8e03,spielberg_FP2,rpm_raw,schema_drift,detection,0.0071,True
d4a02b0d6674,spielberg_FP2,aero_load,duplicate_timestamp,detection,0.0063,True
1bcd3e22835e,spielberg_FP2,g_force_lateral_v2,schema_drift,detection,0.0069,True
02895f1b4b81,spielberg_FP2,brake_temp,duplicate_timestamp,detection,0.0072,True
ef29d8860579,spielberg_FP2,speed_alt,schema_drift,detection,0.0072,True
8e72f0c09f10,spielberg_FP2,g_force_lateral,string_in_numeric,detection,0.0046,True
a3970d411dd9,spielberg_FP2,speed,duplicate_timestamp,detection,0.0076,True
0163095971c1,spielberg_FP2,brake_temp,string_in_numeric,detection,0.0041,True
195d025dc255,spielberg_FP2,g_force_lateral_new,schema_drift,detection,0.009,True
92d7e06f62a0,spielberg_FP2,ecu_canbus,string_in_numeric,detection,0.0049,True
c33f97b2c38a,spielberg_FP2,g_force_lateral_raw,schema_drift,detection,0.0081,True
548e0b2346e1,spielberg_FP2,aero_load_new,schema_drift,detection,0.0086,True
a2d14a9a8064,spielberg_FP2,speed,string_in_numeric,detection,0.0035,True
b210838afc5a,spielberg_FP2,ecu_canbus,duplicate_timestamp,detection,0.0064,True
d0036e86b618,spielberg_FP2,rpm,duplicate_timestamp,detection,0.0072,True
c06b4a247314,spielberg_FP2,aero_load,string_in_numeric,detection,0.0045,True
69cf4cd69c48,spielberg_FP2,throttle,duplicate_timestamp,detection,0.0079,True
d6c3f14434b6,spielberg_FP2,speed,string_in_numeric,detection,0.0035,True
dc7bc22c485a,spielberg_FP2,heart_rate,string_in_numeric,detection,0.0038,True
7ee0ca5730f5,spielberg_FP2,brake_temp_new,schema_drift,detection,0.0084,True
b38386e201be,spielberg_FP2,g_force_lateral,duplicate_timestamp,detection,0.0079,True
f5a3e9189b50,spielberg_FP2,brake_temp,string_in_numeric,detection,0.0037,True
e3ccdbd5556b,spielberg_FP2,ecu_canbus,duplicate_timestamp,detection,0.0072,True
9331dd3e4cca,spielberg_FP2,engine_temp,string_in_numeric,detection,0.0044,True
83dc468017e0,spielberg_FP2,g_force_lateral,duplicate_timestamp,detection,0.0086,True
02bd21f110f8,spielberg_FP2,rpm,string_in_numeric,detection,0.0044,True
ba9313e5a534,spielberg_FP2,speed,duplicate_timestamp,detection,0.0075,True
e79b176fc16f,spielberg_FP2,rpm,string_in_numeric,detection,0.0047,True
2ee283c50600,spielberg_FP2,engine_temp,string_in_numeric,detection,0.0047,True
2def10e99e02,spielberg_FP2,aero_load,string_in_numeric,detection,0.0048,True
e8af83ec8e9e,spielberg_FP2,aero_load,duplicate_timestamp,detection,0.0072,True
34b337fcf21f,spielberg_FP2,brake_temp,duplicate_timestamp,detection,0.0074,True
1506eb967820,spielberg_FP2,tyre_pressure,string_in_numeric,detection,0.0045,True
119a527cd56b,spielberg_FP2,brake_temp,duplicate_timestamp,detection,0.0063,True
3d2a63eb58c6,spielberg_FP2,speed,string_in_numeric,detection,0.005,True
898de4e51a2c,spielberg_FP2,g_force_lateral,duplicate_timestamp,detection,0.0086,True
a856b880d859,spielberg_FP2,brake_temp,string_in_numeric,detection,0.0045,True
c86c8b39493b,spielberg_FP2,aero_load,duplicate_timestamp,detection,0.0093,True
aa059187d9bd,spielberg_FP2,aero_load_raw,schema_drift,detection,0.0085,True
13eae1217f3e,spielberg_FP2,heart_rate,duplicate_timestamp,detection,0.0079,True
9c68b9258ead,spielberg_FP2,brake_temp,string_in_numeric,detection,0.0063,True
86b303da7d3d,spielberg_FP2,rpm,duplicate_timestamp,detection,0.0072,True
79d090c24bfa,spielberg_FP2,tyre_pressure,string_in_numeric,detection,0.0041,True
2f27dafc4534,spielberg_FP2,ecu_canbus,string_in_numeric,detection,0.0043,True
76c0544e71e1,spielberg_FP2,aero_load_alt,schema_drift,detection,0.0091,True
b569921bd361,spielberg_FP2,ecu_canbus_alt,schema_drift,detection,0.0082,True
8e3fcf7e6b43,spielberg_FP2,ecu_canbus,string_in_numeric,detection,0.0036,True
0abeaac06ea8,spielberg_FP2,heart_rate,string_in_numeric,detection,0.0042,True
d2fb6266acc0,spielberg_FP2,rpm_new,schema_drift,detection,0.009,True
6736e5bb21eb,spielberg_FP2,speed,string_in_numeric,detection,0.0035,True
c8bed8313156,spielberg_FP2,speed,duplicate_timestamp,detection,0.0073,True
f67097c31321,spielberg_FP2,ecu_canbus,duplicate_timestamp,detection,0.0113,True
781b9a13ad74,spielberg_FP2,ecu_canbus,string_in_numeric,detection,0.0043,True
05a925afb5dc,spielberg_FP2,engine_temp,duplicate_timestamp,detection,0.0062,True
8574be45aadd,spielberg_FP2,throttle_raw,schema_drift,detection,0.0089,True
5d26889098b5,spielberg_FP2,ecu_canbus_raw,schema_drift,detection,0.0093,True
c6f6e0c9b1ad,spielberg_FP2,brake_temp_alt,schema_drift,detection,0.0081,True
f2dfd441daf6,spielberg_FP2,engine_temp_canbus,schema_drift,detection,0.0138,True
cc10e28dd28a,spielberg_FP2,heart_rate,string_in_numeric,detection,0.004,True
8829d1934c70,spielberg_FP2,g_force_lateral,duplicate_timestamp,detection,0.009,True
68ab12669654,spielberg_FP2,tyre_pressure,string_in_numeric,detection,0.0043,True
536ec0d6e90e,spielberg_FP2,g_force_lateral,string_in_numeric,detection,0.0038,True
5a135c166ba5,spielberg_FP2,g_force_lateral,duplicate_timestamp,detection,0.0078,True
b64877a5e31c,spielberg_FP2,speed,duplicate_timestamp,detection,0.0073,True
8bb4beb76c4a,spielberg_FP2,throttle_raw,schema_drift,detection,0.0077,True
5e2ba039c0b4,spielberg_FP2,ecu_canbus,string_in_numeric,detection,0.0044,True
198f332c0245,spielberg_FP2,aero_load,duplicate_timestamp,detection,0.0076,True
e0206cf0a659,spielberg_FP2,g_force_lateral,string_in_numeric,detection,0.0044,True
4ac3a595d985,spielberg_FP2,ecu_canbus_canbus,schema_drift,detection,0.0072,True
7df8725c990e,spielberg_FP2,brake_temp_raw,schema_drift,detection,0.0089,True
6cb0738a5aff,spielberg_FP2,throttle,string_in_numeric,detection,0.0036,True
c921b42afa6a,spielberg_FP2,brake_temp,string_in_numeric,detection,0.0062,True
de590a2d6450,spielberg_FP2,throttle_raw,schema_drift,detection,0.0075,True
275e7d3a4949,spielberg_FP2,heart_rate,string_in_numeric,detection,0.0045,True
b4305ee9776f,spielberg_FP2,brake_temp,string_in_numeric,detection,0.0041,True
6978db9b0fc6,spielberg_FP2,throttle_alt,schema_drift,detection,0.0076,True
9bb4f604384b,spielberg_FP2,heart_rate,string_in_numeric,detection,0.0058,True
201e9fc411e8,spielberg_FP2,throttle_v2,schema_drift,detection,0.0077,True
098f9f3df9d8,spielberg_FP2,rpm_canbus,schema_drift,detection,0.0072,True
e2be650664b1,spielberg_FP2,rpm,duplicate_timestamp,detection,0.0077,True
a8073365a768,spielberg_FP2,g_force_lateral_raw,schema_drift,detection,0.0087,True
44bfec66b061,spielberg_FP2,g_force_lateral,string_in_numeric,detection,0.0047,True
48e56ce5a50a,spielberg_FP2,brake_temp,string_in_numeric,detection,0.0044,True
6e5aefc095ca,spielberg_FP2,rpm,duplicate_timestamp,detection,0.0073,True
4073e4e4ce57,spielberg_FP2,heart_rate,string_in_numeric,detection,0.0039,True
2379f0264723,spielberg_FP2,g_force_lateral_alt,schema_drift,detection,0.0088,True
e82fe7ff92b9,spielberg_FP2,g_force_lateral,duplicate_timestamp,detection,0.0066,True
dd8e792d2fc7,spielberg_FP2,aero_load,duplicate_timestamp,detection,0.0087,True
eb96f3d61ac9,spielberg_FP2,ecu_canbus,string_in_numeric,detection,0.0052,True
c8a9cc7013a1,spielberg_FP2,aero_load,duplicate_timestamp,detection,0.0087,True
e43379cc5616,spielberg_FP2,tyre_pressure,duplicate_timestamp,detection,0.0073,True
2a6a5e45c96b,spielberg_FP2,rpm,string_in_numeric,detection,0.0041,True
a6381b854d0a,spielberg_FP2,g_force_lateral_raw,schema_drift,detection,0.0083,True
00341c953264,spielberg_FP2,brake_temp_v2,schema_drift,detection,0.0084,True
bbef7eb8baff,spielberg_FP2,tyre_pressure,duplicate_timestamp,detection,0.0069,True
97472fbf199c,spielberg_FP2,tyre_pressure,duplicate_timestamp,detection,0.0061,True
b7f412db7d10,spielberg_FP2,rpm,duplicate_timestamp,detection,0.0061,True
ba679f96ca2f,spielberg_FP2,heart_rate_new,schema_drift,detection,0.0084,True
fb89cb6ee432,spielberg_FP2,g_force_lateral,string_in_numeric,detection,0.0038,True
65170022b051,spielberg_FP2,aero_load_new,schema_drift,detection,0.0087,True
a2f54ba936c5,spielberg_FP2,throttle,duplicate_timestamp,detection,0.0073,True
542e14d2a50e,spielberg_FP2,engine_temp,duplicate_timestamp,detection,0.0063,True
888867f682e2,spielberg_FP2,ecu_canbus_canbus,schema_drift,detection,0.0079,True
7f92b49035bd,spielberg_FP2,throttle_alt,schema_drift,detection,0.0084,True
bfe9d1b4775e,spielberg_FP2,tyre_pressure,string_in_numeric,detection,0.0045,True
7ed50bb7c4a1,spielberg_FP2,engine_temp_new,schema_drift,detection,0.0087,True
5a93b67e81fa,spielberg_FP2,engine_temp,string_in_numeric,detection,0.0043,True
4aba3adece2b,spielberg_FP2,aero_load_alt,schema_drift,detection,0.009,True
477b44444beb,spielberg_FP2,brake_temp_raw,schema_drift,detection,0.0084,True
8141b7d3e5e7,spielberg_FP2,speed_v2,schema_drift,detection,0.0076,True
8b16b9950183,spielberg_FP2,aero_load_v2,schema_drift,detection,0.0073,True
8c8bbaa57628,spielberg_FP2,tyre_pressure,string_in_numeric,detection,0.0036,True
7484b96a32f3,spielberg_FP2,rpm_canbus,schema_drift,detection,0.0073,True
bf3f0241bc21,spielberg_FP2,aero_load,string_in_numeric,detection,0.0044,True
8cddbd5c47c3,spielberg_FP2,brake_temp_alt,schema_drift,detection,0.0073,True
6a5498a717b9,spielberg_FP2,g_force_lateral_new,schema_drift,detection,0.0076,True
de15ad264b70,spielberg_FP2,speed,duplicate_timestamp,detection,0.008,True
e9ce94d4d238,spielberg_FP2,heart_rate_canbus,schema_drift,detection,0.0085,True
8eae987ad21a,spielberg_FP2,tyre_pressure_v2,schema_drift,detection,0.0102,True
03d2576a128b,spielberg_FP2,heart_rate,string_in_numeric,detection,0.0047,True
35155f03925b,spielberg_FP2,ecu_canbus,string_in_numeric,detection,0.0046,True
b6d97efbfed9,spielberg_FP2,engine_temp,string_in_numeric,detection,0.0048,True
b51acce9cef0,spielberg_FP2,ecu_canbus,string_in_numeric,detection,0.0052,True
5c966f57cd3b,spielberg_FP2,heart_rate,duplicate_timestamp,detection,0.0074,True
bd356a8bd5f7,spielberg_FP2,aero_load_new,schema_drift,detection,0.0093,True
a7f118dc069c,spielberg_FP2,throttle,duplicate_timestamp,detection,0.0061,True
f8a24de9c544,spielberg_FP2,speed_v2,schema_drift,detection,0.0088,True
cdce494db871,spielberg_FP2,brake_temp,string_in_numeric,detection,0.0036,True
fae2a42bdcbd,spielberg_FP2,speed,duplicate_timestamp,detection,0.0077,True
e632170a78eb,spielberg_FP2,tyre_pressure_canbus,schema_drift,detection,0.0078,True
0c66ede5d3cf,spielberg_FP2,aero_load,string_in_numeric,detection,0.0042,True
616f45e2e3e0,spielberg_FP2,speed,string_in_numeric,detection,0.0051,True
439aabc91e70,spielberg_FP2,ecu_canbus_v2,schema_drift,detection,0.0081,True
49fc8a3c70b0,spielberg_FP2,speed_alt,schema_drift,detection,0.0086,True
6a9a27513c67,spielberg_FP2,heart_rate,duplicate_timestamp,detection,0.0078,True
5674d7399bd7,spielberg_FP2,speed,string_in_numeric,detection,0.0044,True
1277ea834e86,spielberg_FP2,tyre_pressure,string_in_numeric,detection,0.0049,True
0b402d4045e6,spielberg_FP2,rpm_new,schema_drift,detection,0.0089,True
09b578b916b1,spielberg_FP2,rpm_raw,schema_drift,detection,0.0088,True
4971640572cc,spielberg_FP2,rpm,string_in_numeric,detection,0.0042,True
46b2292a76d8,spielberg_FP2,throttle,duplicate_timestamp,detection,0.0075,True
165ca8ffe752,spielberg_FP2,rpm_v2,schema_drift,detection,0.0084,True
bb40aa781c3e,spielberg_FP2,throttle,duplicate_timestamp,detection,0.0066,True
8a844060a182,spielberg_FP2,brake_temp,string_in_numeric,detection,0.0037,True
e614f5b7a967,spielberg_FP2,rpm,duplicate_timestamp,detection,0.0077,True
e67e1a58a587,spielberg_FP2,speed_v2,schema_drift,detection,0.0088,True
7fed72a3ba2e,spielberg_FP2,speed_canbus,schema_drift,detection,0.0074,True
721819480420,spielberg_FP2,throttle,string_in_numeric,detection,0.0037,True
10050f2c98c4,spielberg_FP2,speed,string_in_numeric,detection,0.0044,True
1f3336b846bb,spielberg_FP2,heart_rate,string_in_numeric,detection,0.0046,True
f0d0bcc26ff1,spielberg_FP2,heart_rate,duplicate_timestamp,detection,0.0078,True
0030321e3a5d,spielberg_FP2,g_force_lateral,duplicate_timestamp,detection,0.0082,True
bef2b4d740ac,spielberg_FP2,throttle,string_in_numeric,detection,0.0044,True
b17d86f95ec7,spielberg_FP2,rpm,duplicate_timestamp,detection,0.0068,True
cbe8d2af0236,spielberg_FP2,throttle,duplicate_timestamp,detection,0.0076,True
2d9ed9c3ea1b,spielberg_FP2,aero_load,string_in_numeric,detection,0.0044,True
3d6b1a667a52,spielberg_FP2,g_force_lateral,duplicate_timestamp,detection,0.007,True
2e4a9ea63c5e,spielberg_FP2,brake_temp_new,schema_drift,detection,0.0072,True
253c4f9e97b2,spielberg_FP2,heart_rate_canbus,schema_drift,detection,0.0065,True
bdd2eaee1389,spielberg_FP2,ecu_canbus,string_in_numeric,detection,0.0041,True
457ec77c1f42,spielberg_FP2,rpm_new,schema_drift,detection,0.007,True
5cf1a0a9d31f,spielberg_FP2,heart_rate,string_in_numeric,detection,0.0039,True
bc12334e2188,spielberg_FP2,heart_rate,duplicate_timestamp,detection,0.0083,True
04beb4c25a2b,spielberg_FP2,rpm_v2,schema_drift,detection,0.009,True
9feaa364c37e,spielberg_FP2,ecu_canbus,string_in_numeric,detection,0.0045,True
7c6425f7a84a,spielberg_FP2,speed,duplicate_timestamp,detection,0.0061,True
327405cc893a,spielberg_FP2,rpm,string_in_numeric,detection,0.0035,True
24604714f033,spielberg_FP2,ecu_canbus,duplicate_timestamp,detection,0.0071,True
705766cd372e,spielberg_FP2,heart_rate,duplicate_timestamp,detection,0.0073,True
2533b5fb4e04,spielberg_FP2,ecu_canbus,duplicate_timestamp,detection,0.0061,True
aab018e5e464,spielberg_FP2,ecu_canbus,string_in_numeric,detection,0.0065,True
54b6ff3add69,spielberg_FP2,speed_raw,schema_drift,detection,0.0084,True
64bb3b928a63,spielberg_FP2,ecu_canbus_alt,schema_drift,detection,0.008,True
39167e4f8bc5,spielberg_FP2,speed_alt,schema_drift,detection,0.0107,True
da958eaa08c7,spielberg_FP2,heart_rate,string_in_numeric,detection,0.0044,True
2c812206ab76,spielberg_FP2,ecu_canbus,duplicate_timestamp,detection,0.0072,True
60cea454bdcb,spielberg_FP2,rpm,string_in_numeric,detection,0.0035,True
bb7d6433e3ef,spielberg_FP2,heart_rate_canbus,schema_drift,detection,0.0071,True
2c7c5fb0e539,spielberg_FP2,tyre_pressure_alt,schema_drift,detection,0.0087,True
12ff54737e82,spielberg_FP2,heart_rate,duplicate_timestamp,detection,0.0064,True
4488c0e629df,spielberg_FP2,speed,duplicate_timestamp,detection,0.0081,True
32a50931a920,spielberg_FP2,rpm_v2,schema_drift,detection,0.0074,True
5d96de04c9a0,spielberg_FP2,ecu_canbus_canbus,schema_drift,detection,0.0092,True
7dc4c246f4fc,spielberg_FP2,throttle,string_in_numeric,detection,0.0044,True
dbeb72e08f3c,spielberg_FP2,speed_alt,schema_drift,detection,0.007,True
64257496d415,spielberg_FP2,engine_temp,duplicate_timestamp,detection,0.0078,True
dcd647dc50a6,spielberg_FP2,brake_temp,duplicate_timestamp,detection,0.0064,True
2f08a164fa1d,spielberg_FP3,speed,string_in_numeric,detection,0.0041,True
203739e7debe,spielberg_FP3,brake_temp,duplicate_timestamp,detection,0.0075,True
446f00c04020,spielberg_FP3,rpm,string_in_numeric,detection,0.0033,True
8a2401f53f6f,spielberg_FP3,speed,string_in_numeric,detection,0.0045,True
da467b1d05c8,spielberg_FP3,engine_temp,string_in_numeric,detection,0.0046,True
193c10f702a1,spielberg_FP3,throttle_v2,schema_drift,detection,0.0088,True
f07503358370,spielberg_FP3,speed,string_in_numeric,detection,0.0043,True
63fe309ad91d,spielberg_FP3,speed_alt,schema_drift,detection,0.0083,True
9db58e72c65d,spielberg_FP3,rpm,duplicate_timestamp,detection,0.0136,True
bb7c61e73738,spielberg_FP3,engine_temp,string_in_numeric,detection,0.0047,True
d8ace6f0d489,spielberg_FP3,engine_temp,string_in_numeric,detection,0.0048,True
0e5eab14c60e,spielberg_FP3,aero_load,string_in_numeric,detection,0.0068,True
15f6d3e67874,spielberg_FP3,heart_rate,string_in_numeric,detection,0.004,True
0d1276781e38,spielberg_FP3,rpm,duplicate_timestamp,detection,0.0062,True
fa3a37655919,spielberg_FP3,g_force_lateral_canbus,schema_drift,detection,0.0084,True
015b6b00cc14,spielberg_FP3,aero_load_v2,schema_drift,detection,0.0087,True
81a4084bf5f5,spielberg_FP3,tyre_pressure,duplicate_timestamp,detection,0.0079,True
a8128ed88948,spielberg_FP3,speed,string_in_numeric,detection,0.0044,True
a698f46bc5f0,spielberg_FP3,engine_temp,duplicate_timestamp,detection,0.0075,True
646e9988a1c5,spielberg_FP3,tyre_pressure,duplicate_timestamp,detection,0.0065,True
7643997cde50,spielberg_FP3,heart_rate,string_in_numeric,detection,0.0044,True
7b0a35e2cae9,spielberg_FP3,tyre_pressure,string_in_numeric,detection,0.0045,True
95177e577adc,spielberg_FP3,ecu_canbus,string_in_numeric,detection,0.0046,True
0b07856e8a7a,spielberg_FP3,engine_temp_new,schema_drift,detection,0.0081,True
a04d9801557c,spielberg_FP3,g_force_lateral_alt,schema_drift,detection,0.008,True
d4027fd63261,spielberg_FP3,ecu_canbus_v2,schema_drift,detection,0.007,True
103f2315195e,spielberg_FP3,speed,string_in_numeric,detection,0.004,True
58dae8841e49,spielberg_FP3,tyre_pressure,string_in_numeric,detection,0.0044,True
4c08587cfef4,spielberg_FP3,speed,string_in_numeric,detection,0.0037,True
f3ae6e726965,spielberg_FP3,speed_alt,schema_drift,detection,0.0084,True
843aed71c835,spielberg_FP3,tyre_pressure_alt,schema_drift,detection,0.007,True
934b3df536d7,spielberg_FP3,g_force_lateral,string_in_numeric,detection,0.0051,True
1688b5b93395,spielberg_FP3,aero_load,string_in_numeric,detection,0.0045,True
c877d1ea240c,spielberg_FP3,tyre_pressure_raw,schema_drift,detection,0.0086,True
d0632a70797e,spielberg_FP3,ecu_canbus,duplicate_timestamp,detection,0.0062,True
e482f098bc09,spielberg_FP3,throttle,string_in_numeric,detection,0.0038,True
cc85309d9d43,spielberg_FP3,engine_temp_raw,schema_drift,detection,0.0081,True
c0628f69bb88,spielberg_FP3,tyre_pressure,string_in_numeric,detection,0.0045,True
ce106c98e4cd,spielberg_FP3,throttle,string_in_numeric,detection,0.0038,True
154910a1cb7d,spielberg_FP3,tyre_pressure_raw,schema_drift,detection,0.0084,True
604a82f433ae,spielberg_FP3,aero_load,duplicate_timestamp,detection,0.0076,True
bba28bfbeeec,spielberg_FP3,heart_rate_v2,schema_drift,detection,0.0082,True
a5a0a26b1dd2,spielberg_FP3,rpm,string_in_numeric,detection,0.0045,True
595cbc7399ea,spielberg_FP3,speed,duplicate_timestamp,detection,0.0067,True
4af5bc045661,spielberg_FP3,g_force_lateral_new,schema_drift,detection,0.0084,True
856935867a58,spielberg_FP3,brake_temp_new,schema_drift,detection,0.0081,True
57806c949ac9,spielberg_FP3,engine_temp,duplicate_timestamp,detection,0.0064,True
8ae83da4e109,spielberg_FP3,g_force_lateral,string_in_numeric,detection,0.0038,True
80191dde36ce,spielberg_FP3,rpm,string_in_numeric,detection,0.0053,True
50efea3045a5,spielberg_FP3,engine_temp_alt,schema_drift,detection,0.0084,True
c1bbd84640a5,spielberg_FP3,heart_rate,duplicate_timestamp,detection,0.0074,True
894f3ade723e,spielberg_FP3,speed_raw,schema_drift,detection,0.0086,True
dfd24a6255dd,spielberg_FP3,tyre_pressure,duplicate_timestamp,detection,0.0075,True
223398af6b42,spielberg_FP3,ecu_canbus,duplicate_timestamp,detection,0.0065,True
6bc58c48e9c0,spielberg_FP3,rpm,string_in_numeric,detection,0.0044,True
e673aea14cc9,spielberg_FP3,speed,duplicate_timestamp,detection,0.0076,True
a4e233bed1e0,spielberg_FP3,heart_rate,string_in_numeric,detection,0.0047,True
793c403cc5fd,spielberg_FP3,speed_raw,schema_drift,detection,0.0085,True
1ab1b28da81a,spielberg_FP3,heart_rate,string_in_numeric,detection,0.0046,True
28afe3f45a8d,spielberg_FP3,aero_load_raw,schema_drift,detection,0.0091,True
a33acf7a4e2e,spielberg_FP3,rpm,duplicate_timestamp,detection,0.0071,True
7cf25d641f7b,spielberg_FP3,heart_rate,string_in_numeric,detection,0.0036,True
3ef7137bb6b3,spielberg_FP3,speed,string_in_numeric,detection,0.0036,True
367a2992ee81,spielberg_FP3,brake_temp,duplicate_timestamp,detection,0.0073,True
ebf06d153569,spielberg_FP3,brake_temp_new,schema_drift,detection,0.0078,True
1652f9fcc77e,spielberg_FP3,heart_rate_raw,schema_drift,detection,0.0088,True
fbcb228b78bd,spielberg_FP3,brake_temp,duplicate_timestamp,detection,0.0073,True
36cf25b15aa9,spielberg_FP3,speed_alt,schema_drift,detection,0.0087,True
82c3ceb401cb,spielberg_FP3,brake_temp,string_in_numeric,detection,0.0043,True
adc18af2ddfe,spielberg_FP3,heart_rate,string_in_numeric,detection,0.004,True
5c0dc1788a9f,spielberg_FP3,speed_v2,schema_drift,detection,0.0084,True
fb73ae418d78,spielberg_FP3,g_force_lateral_v2,schema_drift,detection,0.0084,True
b372e7254591,spielberg_FP3,g_force_lateral,duplicate_timestamp,detection,0.0079,True
2a7f0ea649ca,spielberg_FP3,rpm,duplicate_timestamp,detection,0.0074,True
e2067992dada,spielberg_FP3,g_force_lateral,string_in_numeric,detection,0.0046,True
7324f13067ee,spielberg_FP3,g_force_lateral,duplicate_timestamp,detection,0.0063,True
4f999b93bff0,spielberg_FP3,engine_temp,string_in_numeric,detection,0.0047,True
2c3a02d1b5c3,spielberg_FP3,ecu_canbus_new,schema_drift,detection,0.0075,True
4ba1ef155727,spielberg_FP3,g_force_lateral_alt,schema_drift,detection,0.0091,True
d219938e1803,spielberg_FP3,throttle,string_in_numeric,detection,0.0041,True
6b0cb26b1dab,spielberg_FP3,heart_rate,duplicate_timestamp,detection,0.0076,True
1b674569ab9b,spielberg_FP3,speed,string_in_numeric,detection,0.0037,True
4723bf56d042,spielberg_FP3,ecu_canbus,duplicate_timestamp,detection,0.0079,True
ccb4db5dc05a,spielberg_FP3,g_force_lateral,string_in_numeric,detection,0.0037,True
03591f179a71,spielberg_FP3,engine_temp,string_in_numeric,detection,0.0041,True
1b06169924b2,spielberg_FP3,g_force_lateral_alt,schema_drift,detection,0.011,True
b63892c6c9ef,spielberg_FP3,speed,duplicate_timestamp,detection,0.0083,True
11dd5cc46544,spielberg_FP3,aero_load,duplicate_timestamp,detection,0.0074,True
eaaa15a07166,spielberg_FP3,ecu_canbus,string_in_numeric,detection,0.0064,True
e2db2eaca87c,spielberg_FP3,ecu_canbus,duplicate_timestamp,detection,0.0062,True
3c517b72370a,spielberg_FP3,aero_load,duplicate_timestamp,detection,0.0073,True
e882b9ce4cdb,spielberg_FP3,engine_temp_canbus,schema_drift,detection,0.0091,True
9b12d93c38df,spielberg_FP3,g_force_lateral,duplicate_timestamp,detection,0.0077,True
231f914c68db,spielberg_FP3,g_force_lateral,duplicate_timestamp,detection,0.0081,True
1b5fe2edc696,spielberg_FP3,heart_rate,string_in_numeric,detection,0.0038,True
7a41c2dd5ac9,spielberg_FP3,throttle,string_in_numeric,detection,0.0053,True
d7b019a12bbb,spielberg_FP3,speed,duplicate_timestamp,detection,0.0077,True
b41620405532,spielberg_FP3,ecu_canbus,string_in_numeric,detection,0.0037,True
6b2363e7c23d,spielberg_FP3,speed,duplicate_timestamp,detection,0.0066,True
ee08c1169f16,spielberg_FP3,rpm,duplicate_timestamp,detection,0.0068,True
9729d3e9ea6f,spielberg_FP3,tyre_pressure_new,schema_drift,detection,0.0082,True
9cb84283389c,spielberg_FP3,heart_rate,duplicate_timestamp,detection,0.0063,True
92a95d295996,spielberg_FP3,brake_temp,string_in_numeric,detection,0.0046,True
66d764dc4224,spielberg_FP3,engine_temp,string_in_numeric,detection,0.0046,True
344ba68a33ae,spielberg_FP3,engine_temp_v2,schema_drift,detection,0.0085,True
54069d6cedc9,spielberg_FP3,ecu_canbus,duplicate_timestamp,detection,0.0082,True
4c9061d83325,spielberg_FP3,tyre_pressure,duplicate_timestamp,detection,0.0075,True
fdc039489089,spielberg_FP3,ecu_canbus,string_in_numeric,detection,0.0047,True
0f0bc02325a5,spielberg_FP3,ecu_canbus,duplicate_timestamp,detection,0.0078,True
7b48b7109c9b,spielberg_FP3,throttle,duplicate_timestamp,detection,0.0064,True
d1f0baf519d9,spielberg_FP3,ecu_canbus,string_in_numeric,detection,0.0036,True
cf086be877ef,spielberg_FP3,engine_temp_alt,schema_drift,detection,0.0089,True
68d5bcface16,spielberg_FP3,brake_temp_raw,schema_drift,detection,0.0086,True
b80504d5a905,spielberg_FP3,g_force_lateral,string_in_numeric,detection,0.0045,True
ae8c63c02177,spielberg_FP3,engine_temp_raw,schema_drift,detection,0.0085,True
52c8e9ff16b4,spielberg_FP3,heart_rate_v2,schema_drift,detection,0.0083,True
30b2f5ffb91d,spielberg_FP3,speed,string_in_numeric,detection,0.0046,True
b3c63c0dd587,spielberg_FP3,speed,string_in_numeric,detection,0.0046,True
c29b98ac5c53,spielberg_FP3,speed,duplicate_timestamp,detection,0.0063,True
2661b24fc83d,spielberg_FP3,aero_load,duplicate_timestamp,detection,0.0114,True
9f7b8ac4aba9,spielberg_FP3,rpm,duplicate_timestamp,detection,0.0088,True
5752013f1c74,spielberg_FP3,engine_temp,duplicate_timestamp,detection,0.0103,True
5d55abdf55d9,spielberg_FP3,ecu_canbus,string_in_numeric,detection,0.0042,True
3965223a24c7,spielberg_FP3,speed_v2,schema_drift,detection,0.0083,True
07beb80738e7,spielberg_FP3,speed,duplicate_timestamp,detection,0.008,True
9a1671fc09d8,spielberg_FP3,tyre_pressure,duplicate_timestamp,detection,0.011,True
f13c40f27905,spielberg_FP3,throttle,duplicate_timestamp,detection,0.0065,True
c0fc54fbc271,spielberg_FP3,tyre_pressure_new,schema_drift,detection,0.0084,True
fc3779da2a1b,spielberg_FP3,ecu_canbus,duplicate_timestamp,detection,0.0079,True
e2bb09e49e0d,spielberg_FP3,g_force_lateral_v2,schema_drift,detection,0.0082,True
e23dbf270f68,spielberg_FP3,ecu_canbus,string_in_numeric,detection,0.0064,True
6ba540f5f9f6,spielberg_FP3,rpm,string_in_numeric,detection,0.0045,True
a9bfa02fd094,spielberg_FP3,ecu_canbus_new,schema_drift,detection,0.0083,True
046b00fa34eb,spielberg_FP3,g_force_lateral,duplicate_timestamp,detection,0.0116,True
da059ff185aa,spielberg_FP3,brake_temp,string_in_numeric,detection,0.0033,True
f1b259268697,spielberg_FP3,rpm,duplicate_timestamp,detection,0.0063,True
dcaf4a1c6064,spielberg_FP3,heart_rate,duplicate_timestamp,detection,0.0076,True
a7bf9e5d865b,spielberg_FP3,heart_rate,duplicate_timestamp,detection,0.0075,True
a907219f9855,spielberg_FP3,engine_temp,duplicate_timestamp,detection,0.0072,True
74b60f3bf86a,spielberg_FP3,speed,string_in_numeric,detection,0.0043,True
890bea7b2ad3,spielberg_FP3,aero_load,duplicate_timestamp,detection,0.0083,True
e76777b363f1,spielberg_FP3,g_force_lateral,string_in_numeric,detection,0.0047,True
e3e9680dd3b6,spielberg_FP3,throttle_v2,schema_drift,detection,0.0073,True
2d3a4154cc99,spielberg_FP3,brake_temp,duplicate_timestamp,detection,0.0091,True
978b3783ee1b,spielberg_FP3,heart_rate_v2,schema_drift,detection,0.0083,True
a518c08192eb,spielberg_FP3,ecu_canbus_v2,schema_drift,detection,0.0084,True
18c6e07ea620,spielberg_FP3,ecu_canbus,duplicate_timestamp,detection,0.0075,True
a4eb638bde5b,spielberg_FP3,aero_load,duplicate_timestamp,detection,0.0077,True
cd603134db58,spielberg_FP3,tyre_pressure,duplicate_timestamp,detection,0.0073,True
7b5078304755,spielberg_FP3,throttle,string_in_numeric,detection,0.0046,True
55013dd4aa4a,spielberg_FP3,aero_load_canbus,schema_drift,detection,0.0092,True
a928eddcdc31,spielberg_FP3,aero_load,string_in_numeric,detection,0.0044,True
7ab5b00f5d9d,spielberg_FP3,heart_rate_v2,schema_drift,detection,0.0082,True
f1816ac32904,spielberg_FP3,ecu_canbus_alt,schema_drift,detection,0.0096,True
e3e3266b6458,spielberg_FP3,throttle,string_in_numeric,detection,0.0037,True
4a03ab0713e3,spielberg_FP3,throttle,string_in_numeric,detection,0.0043,True
0a3a06502a87,spielberg_FP3,heart_rate,duplicate_timestamp,detection,0.0077,True
2a1a0cfd1677,spielberg_FP3,ecu_canbus,duplicate_timestamp,detection,0.0073,True
879770e91fff,spielberg_FP3,engine_temp,duplicate_timestamp,detection,0.0074,True
3bb0922109c4,spielberg_FP3,tyre_pressure,duplicate_timestamp,detection,0.0063,True
e325f87c9b65,spielberg_FP3,speed,string_in_numeric,detection,0.0037,True
825491c95a04,spielberg_FP3,aero_load,duplicate_timestamp,detection,0.0077,True
bcf65b111d8a,spielberg_FP3,g_force_lateral,duplicate_timestamp,detection,0.0076,True
7e0934f4ff63,spielberg_FP3,ecu_canbus_new,schema_drift,detection,0.0084,True
6c3f816a9dd4,spielberg_FP3,speed_canbus,schema_drift,detection,0.0086,True
3087406b1845,spielberg_FP3,ecu_canbus,string_in_numeric,detection,0.0044,True
95eb019233fe,spielberg_FP3,aero_load,duplicate_timestamp,detection,0.0064,True
d87d873a2280,spielberg_FP3,heart_rate,duplicate_timestamp,detection,0.0064,True
c4a49c0ea819,spielberg_FP3,rpm,duplicate_timestamp,detection,0.0059,True
d0cdf2af800d,spielberg_FP3,g_force_lateral_alt,schema_drift,detection,0.0078,True
132b3faadc17,spielberg_FP3,throttle,duplicate_timestamp,detection,0.006,True
790dcff97e3d,spielberg_FP3,engine_temp,duplicate_timestamp,detection,0.0073,True
030cb66e26e9,spielberg_FP3,heart_rate_canbus,schema_drift,detection,0.0093,True
af2b25a1e9a3,spielberg_FP3,aero_load,duplicate_timestamp,detection,0.0078,True
016519555b86,spielberg_FP3,g_force_lateral,duplicate_timestamp,detection,0.0075,True
ecf2b67f6b62,spielberg_FP3,aero_load,duplicate_timestamp,detection,0.0095,True
18365280802b,spielberg_FP3,g_force_lateral,string_in_numeric,detection,0.005,True
87225b2d0a59,spielberg_FP3,engine_temp,string_in_numeric,detection,0.0119,True
031aa55f93f8,spielberg_FP3,g_force_lateral,string_in_numeric,detection,0.0042,True
68fb9b1e8db4,spielberg_FP3,ecu_canbus_canbus,schema_drift,detection,0.0098,True
640c79c0ba25,spielberg_FP3,tyre_pressure_new,schema_drift,detection,0.0083,True
d287923056f0,spielberg_FP3,speed_new,schema_drift,detection,0.009,True
ad324b6d4ba5,spielberg_FP3,rpm,string_in_numeric,detection,0.0036,True
e5fb78abf16c,spielberg_FP3,g_force_lateral,duplicate_timestamp,detection,0.0076,True
33d5e3f2595d,spielberg_FP3,heart_rate,string_in_numeric,detection,0.0037,True
6f0750f11252,spielberg_FP3,heart_rate,duplicate_timestamp,detection,0.0085,True
c5f1ff4e878b,spielberg_FP3,tyre_pressure_v2,schema_drift,detection,0.0087,True
72303dd93be6,spielberg_FP3,tyre_pressure_canbus,schema_drift,detection,0.0086,True
7ffa8de2608f,spielberg_FP3,heart_rate_new,schema_drift,detection,0.008,True
07e02cf336e2,spielberg_FP3,aero_load,duplicate_timestamp,detection,0.006,True
262d7684fa9c,spielberg_FP3,brake_temp,duplicate_timestamp,detection,0.0069,True
ba9804024a4b,spielberg_FP3,speed_alt,schema_drift,detection,0.0085,True
57c76ed4b748,spielberg_FP3,engine_temp,string_in_numeric,detection,0.0046,True
4ce37d263454,spielberg_FP3,tyre_pressure,duplicate_timestamp,detection,0.0073,True
2e33a410cba8,spielberg_FP3,speed_canbus,schema_drift,detection,0.0073,True
7f4bbf7312f4,spielberg_FP3,ecu_canbus,string_in_numeric,detection,0.005,True
d3455cd1a43e,spielberg_FP3,speed,string_in_numeric,detection,0.0044,True
3a5bb2554419,spielberg_FP3,g_force_lateral,duplicate_timestamp,detection,0.0078,True
36f15abe9357,spielberg_FP3,aero_load_v2,schema_drift,detection,0.0087,True
0bd27669e4c9,spielberg_FP3,throttle_raw,schema_drift,detection,0.0091,True
336f88640ecc,spielberg_FP3,tyre_pressure,string_in_numeric,detection,0.0046,True
30a8ed8a7820,spielberg_FP3,speed,string_in_numeric,detection,0.0045,True
e03af99b9768,spielberg_FP3,rpm,string_in_numeric,detection,0.0043,True
a795dec4b23a,spielberg_FP3,throttle,duplicate_timestamp,detection,0.0072,True
7e5aedf53c66,spielberg_FP3,rpm,duplicate_timestamp,detection,0.0072,True
483591dc6f6b,spielberg_FP3,heart_rate,duplicate_timestamp,detection,0.0074,True
871d1f45d538,spielberg_FP3,ecu_canbus,string_in_numeric,detection,0.004,True
e4c7d1368ab7,spielberg_FP3,rpm,string_in_numeric,detection,0.0043,True
f0af8c08961e,spielberg_FP3,ecu_canbus,string_in_numeric,detection,0.0039,True
9f4c7ac73883,spielberg_FP3,rpm,duplicate_timestamp,detection,0.0073,True
12c48a7a76bd,spielberg_FP3,aero_load,duplicate_timestamp,detection,0.0079,True
de6975fd527e,spielberg_FP3,ecu_canbus_canbus,schema_drift,detection,0.0084,True
64db9065eb13,spielberg_FP3,heart_rate,duplicate_timestamp,detection,0.0074,True
0df708663613,spielberg_FP3,brake_temp,string_in_numeric,detection,0.0043,True
5c56a54eeba9,spielberg_FP3,g_force_lateral,string_in_numeric,detection,0.0044,True
ff4eadb915ff,spielberg_FP3,rpm,string_in_numeric,detection,0.0037,True
be380ef93dfe,spielberg_FP3,g_force_lateral,string_in_numeric,detection,0.0038,True
2ab950de8657,spielberg_FP3,tyre_pressure,string_in_numeric,detection,0.0046,True
dc1745473c3a,spielberg_FP3,aero_load,string_in_numeric,detection,0.0037,True
fae0039b6b91,spielberg_FP3,speed,string_in_numeric,detection,0.0036,True
1028ac314070,spielberg_FP3,tyre_pressure,duplicate_timestamp,detection,0.0075,True
2ac42af12c5b,spielberg_FP3,g_force_lateral,duplicate_timestamp,detection,0.0076,True
5b09fbf649ae,spielberg_FP3,throttle,duplicate_timestamp,detection,0.0072,True
f1f78fd33ad6,spielberg_FP3,throttle,string_in_numeric,detection,0.0045,True
0f10a2c97e4d,spielberg_FP3,throttle_new,schema_drift,detection,0.0091,True
d92bc3fd3843,spielberg_FP3,ecu_canbus_alt,schema_drift,detection,0.0085,True
1641756493a5,spielberg_FP3,aero_load,string_in_numeric,detection,0.0047,True
b398097edba5,spielberg_FP3,aero_load,duplicate_timestamp,detection,0.008,True
675cb18a67e9,spielberg_FP3,tyre_pressure,string_in_numeric,detection,0.0055,True
fdcf8ca803e7,spielberg_FP3,ecu_canbus,string_in_numeric,detection,0.0038,True
48d398718cef,spielberg_FP3,brake_temp,duplicate_timestamp,detection,0.0067,True
51b79ad31bad,spielberg_FP3,speed_raw,schema_drift,detection,0.0084,True
9824fa969c3a,spielberg_FP3,engine_temp,string_in_numeric,detection,0.0044,True
ca8cb35d3c5f,spielberg_FP3,tyre_pressure,string_in_numeric,detection,0.0051,True
61ee51cf7085,spielberg_FP3,throttle,duplicate_timestamp,detection,0.0073,True
6fb32e6534ec,spielberg_FP3,tyre_pressure,duplicate_timestamp,detection,0.0081,True
6a2a5f3bb11f,spielberg_FP3,g_force_lateral,duplicate_timestamp,detection,0.0088,True
3c3fef273242,spielberg_FP3,heart_rate,duplicate_timestamp,detection,0.0074,True
ce7a781d6ae0,spielberg_FP3,throttle,duplicate_timestamp,detection,0.0076,True
d99dd6716f80,spielberg_FP3,g_force_lateral,duplicate_timestamp,detection,0.0065,True
d95549fe7756,spielberg_FP3,speed_raw,schema_drift,detection,0.0086,True
844039504256,spielberg_FP3,rpm,string_in_numeric,detection,0.0045,True
6c390d2dc694,spielberg_FP3,engine_temp,string_in_numeric,detection,0.0049,True
20ea53169864,spielberg_FP3,g_force_lateral_new,schema_drift,detection,0.0072,True
a860f7ec03be,spielberg_FP3,throttle_v2,schema_drift,detection,0.0089,True
cb6acc5d4623,spielberg_FP3,tyre_pressure,duplicate_timestamp,detection,0.0071,True
76b92aae00cb,spielberg_QUALI,throttle_canbus,schema_drift,detection,0.0098,True
5a2abc68119b,spielberg_QUALI,ecu_canbus,string_in_numeric,detection,0.0036,True
f51f1bd9bbed,spielberg_QUALI,heart_rate,duplicate_timestamp,detection,0.0073,True
4ec8847c02e5,spielberg_QUALI,throttle,string_in_numeric,detection,0.0046,True
91f3b5e4cec7,spielberg_QUALI,rpm,string_in_numeric,detection,0.0053,True
867565cbf5d3,spielberg_QUALI,brake_temp,duplicate_timestamp,detection,0.0064,True
6b13a1e791ad,spielberg_QUALI,g_force_lateral,string_in_numeric,detection,0.0045,True
3300f035e296,spielberg_QUALI,rpm,duplicate_timestamp,detection,0.0072,True
3760ee1dfe44,spielberg_QUALI,rpm_canbus,schema_drift,detection,0.0089,True
0d4810684142,spielberg_QUALI,ecu_canbus_new,schema_drift,detection,0.0074,True
7f29591bc74e,spielberg_QUALI,g_force_lateral,string_in_numeric,detection,0.0038,True
48d709a08b24,spielberg_QUALI,speed_v2,schema_drift,detection,0.0086,True
29e3624507ec,spielberg_QUALI,tyre_pressure,string_in_numeric,detection,0.0053,True
aa42f03da18c,spielberg_QUALI,heart_rate,duplicate_timestamp,detection,0.0062,True
90334dce190d,spielberg_QUALI,engine_temp,string_in_numeric,detection,0.0045,True
88f8f447dced,spielberg_QUALI,ecu_canbus,duplicate_timestamp,detection,0.0074,True
7e3452f9149e,spielberg_QUALI,aero_load,string_in_numeric,detection,0.0048,True
f8eafb7a4cb4,spielberg_QUALI,aero_load,string_in_numeric,detection,0.0039,True
3610ff2a3c68,spielberg_QUALI,speed,duplicate_timestamp,detection,0.0078,True
d5d43880d344,spielberg_QUALI,engine_temp_new,schema_drift,detection,0.0077,True
17e4cf583f95,spielberg_QUALI,heart_rate_alt,schema_drift,detection,0.0094,True
2f83d7814fca,spielberg_QUALI,engine_temp_new,schema_drift,detection,0.0083,True
592a6ed083ff,spielberg_QUALI,throttle_v2,schema_drift,detection,0.0084,True
f4009b05e1da,spielberg_QUALI,g_force_lateral,string_in_numeric,detection,0.0044,True
b3b882411439,spielberg_QUALI,g_force_lateral,duplicate_timestamp,detection,0.0075,True
2b192372ce45,spielberg_QUALI,brake_temp,string_in_numeric,detection,0.0043,True
d92bec8a4971,spielberg_QUALI,aero_load,duplicate_timestamp,detection,0.0078,True
b7b77c672b0c,spielberg_QUALI,g_force_lateral_new,schema_drift,detection,0.0091,True
1ecc0f1ead89,spielberg_QUALI,brake_temp,duplicate_timestamp,detection,0.0078,True
b738532d732c,spielberg_QUALI,rpm_alt,schema_drift,detection,0.0086,True
f920c795ebea,spielberg_QUALI,aero_load,duplicate_timestamp,detection,0.0074,True
8d19a73029d6,spielberg_QUALI,throttle_canbus,schema_drift,detection,0.0091,True
b0f1138e3bfd,spielberg_QUALI,tyre_pressure_canbus,schema_drift,detection,0.0087,True
3503906450c2,spielberg_QUALI,g_force_lateral,string_in_numeric,detection,0.0038,True
4ecf80f11a56,spielberg_QUALI,speed_v2,schema_drift,detection,0.0092,True
a4943b568ecd,spielberg_QUALI,aero_load,string_in_numeric,detection,0.0047,True
6cf0422441b6,spielberg_QUALI,tyre_pressure,string_in_numeric,detection,0.004,True
837c17e6dcf7,spielberg_QUALI,ecu_canbus_alt,schema_drift,detection,0.0082,True
b1631ca5301c,spielberg_QUALI,tyre_pressure,string_in_numeric,detection,0.0037,True
dc137dd1bf99,spielberg_QUALI,rpm,string_in_numeric,detection,0.0047,True
f420c8938511,spielberg_QUALI,tyre_pressure_new,schema_drift,detection,0.0085,True
d752c0036b07,spielberg_QUALI,throttle_raw,schema_drift,detection,0.0095,True
6085a1ba593f,spielberg_QUALI,speed_canbus,schema_drift,detection,0.0078,True
6b419224fc9e,spielberg_QUALI,ecu_canbus_raw,schema_drift,detection,0.0083,True
a30d4235bdce,spielberg_QUALI,engine_temp_alt,schema_drift,detection,0.0093,True
5cb642d982d6,spielberg_QUALI,g_force_lateral,duplicate_timestamp,detection,0.0069,True
13e4736bf08c,spielberg_QUALI,heart_rate_raw,schema_drift,detection,0.0074,True
f053a7658616,spielberg_QUALI,tyre_pressure,duplicate_timestamp,detection,0.0076,True
c20656865df3,spielberg_QUALI,tyre_pressure,duplicate_timestamp,detection,0.0076,True
9277a801f02b,spielberg_QUALI,tyre_pressure,duplicate_timestamp,detection,0.0076,True
b1381f1b4e4e,spielberg_QUALI,ecu_canbus,string_in_numeric,detection,0.0047,True
853ee793813e,spielberg_QUALI,engine_temp,string_in_numeric,detection,0.0057,True
fcd61eab7bd9,spielberg_QUALI,engine_temp,string_in_numeric,detection,0.0039,True
523d99af8d02,spielberg_QUALI,brake_temp_alt,schema_drift,detection,0.0088,True
150ffbb42ad5,spielberg_QUALI,speed_new,schema_drift,detection,0.0085,True
3a14ac3493c6,spielberg_QUALI,throttle_new,schema_drift,detection,0.0089,True
19802426a60b,spielberg_QUALI,engine_temp,string_in_numeric,detection,0.0046,True
63f607f5b7b6,spielberg_QUALI,tyre_pressure_alt,schema_drift,detection,0.0084,True
a663c78b15c1,spielberg_QUALI,aero_load_v2,schema_drift,detection,0.0087,True
6b65111198f0,spielberg_QUALI,tyre_pressure_v2,schema_drift,detection,0.0084,True
f8adc2702b60,spielberg_QUALI,brake_temp_alt,schema_drift,detection,0.0088,True
a9889c4464b2,spielberg_QUALI,throttle,duplicate_timestamp,detection,0.0078,True
d5cbac8a39f2,spielberg_QUALI,g_force_lateral_raw,schema_drift,detection,0.009,True
cab17c422729,spielberg_QUALI,engine_temp_new,schema_drift,detection,0.0087,True
13473427b796,spielberg_QUALI,tyre_pressure_alt,schema_drift,detection,0.0088,True
67f4b6efc4d5,spielberg_QUALI,brake_temp,duplicate_timestamp,detection,0.0063,True
d4325e19b99a,spielberg_QUALI,brake_temp_alt,schema_drift,detection,0.0084,True
e47949519665,spielberg_QUALI,tyre_pressure,duplicate_timestamp,detection,0.0063,True
d040738a84d9,spielberg_QUALI,aero_load_alt,schema_drift,detection,0.0074,True
9fa7afd1923b,spielberg_QUALI,brake_temp,duplicate_timestamp,detection,0.0077,True
990ab809bb25,spielberg_QUALI,brake_temp_new,schema_drift,detection,0.0083,True
4e28cbc96c59,spielberg_QUALI,engine_temp_alt,schema_drift,detection,0.0085,True
3a47642a4bd7,spielberg_QUALI,throttle,duplicate_timestamp,detection,0.0076,True
ba6710672761,spielberg_QUALI,rpm,string_in_numeric,detection,0.0043,True
4e25a089d353,spielberg_QUALI,speed,string_in_numeric,detection,0.0047,True
225ff7f00cee,spielberg_QUALI,rpm,string_in_numeric,detection,0.0054,True
efbb35c37710,spielberg_QUALI,aero_load_v2,schema_drift,detection,0.0089,True
86ac6c1e4ca0,spielberg_QUALI,engine_temp,string_in_numeric,detection,0.0038,True
7a97dc5f7f62,spielberg_QUALI,ecu_canbus_alt,schema_drift,detection,0.0084,True
3781f27ea287,spielberg_QUALI,ecu_canbus,duplicate_timestamp,detection,0.0075,True
b3b1aced0a9f,spielberg_QUALI,tyre_pressure,string_in_numeric,detection,0.0049,True
865874faea02,spielberg_QUALI,aero_load,string_in_numeric,detection,0.0038,True
330be6fcd43d,spielberg_QUALI,brake_temp_v2,schema_drift,detection,0.0082,True
91e16093568f,spielberg_QUALI,engine_temp_v2,schema_drift,detection,0.0088,True
e0d61160e027,spielberg_QUALI,speed,string_in_numeric,detection,0.0037,True
cc13860dd750,spielberg_QUALI,throttle,string_in_numeric,detection,0.0037,True
87a38b3a9f73,spielberg_QUALI,aero_load_alt,schema_drift,detection,0.0087,True
6bb2fada0360,spielberg_QUALI,aero_load_raw,schema_drift,detection,0.0126,True
964f4187fc6f,spielberg_QUALI,rpm,string_in_numeric,detection,0.0043,True
b5015f0672ed,spielberg_QUALI,brake_temp,duplicate_timestamp,detection,0.0079,True
cdf6f5a61941,spielberg_QUALI,rpm,string_in_numeric,detection,0.0052,True
96e3f667453f,spielberg_QUALI,brake_temp,duplicate_timestamp,detection,0.0082,True
a2266d75232b,spielberg_QUALI,engine_temp_raw,schema_drift,detection,0.0072,True
9b94bb7c6378,spielberg_QUALI,tyre_pressure_canbus,schema_drift,detection,0.0089,True
00fd5040dedb,spielberg_QUALI,throttle,string_in_numeric,detection,0.0043,True
4458adbb7857,spielberg_QUALI,throttle_raw,schema_drift,detection,0.0087,True
2a7693c191c9,spielberg_QUALI,ecu_canbus_alt,schema_drift,detection,0.0072,True
70d1363fd25d,spielberg_QUALI,brake_temp,string_in_numeric,detection,0.0035,True
a6e018b7a7fc,spielberg_QUALI,tyre_pressure_v2,schema_drift,detection,0.0088,True
c343221bde27,spielberg_QUALI,throttle_canbus,schema_drift,detection,0.0076,True
d130e8d2581f,spielberg_QUALI,tyre_pressure,duplicate_timestamp,detection,0.0078,True
f021b3db639e,spielberg_QUALI,tyre_pressure_alt,schema_drift,detection,0.0105,True
5dab3f199156,spielberg_QUALI,throttle,string_in_numeric,detection,0.0046,True
7d00fa4934f3,spielberg_QUALI,throttle,duplicate_timestamp,detection,0.0072,True
8b31800b6094,spielberg_QUALI,engine_temp,string_in_numeric,detection,0.0044,True
5e4941df8da7,spielberg_QUALI,rpm,string_in_numeric,detection,0.0044,True
8bef03a7a2d2,spielberg_QUALI,throttle_raw,schema_drift,detection,0.0091,True
f37a5ac181cc,spielberg_QUALI,tyre_pressure,duplicate_timestamp,detection,0.0079,True
5a13aeaeef6a,spielberg_QUALI,engine_temp,string_in_numeric,detection,0.0044,True
f996852c2958,spielberg_QUALI,throttle,duplicate_timestamp,detection,0.0075,True
301632576d0b,spielberg_QUALI,ecu_canbus,duplicate_timestamp,detection,0.0078,True
bc4e0aeac091,spielberg_QUALI,g_force_lateral_raw,schema_drift,detection,0.0102,True
fae2baaa72a0,spielberg_QUALI,throttle,duplicate_timestamp,detection,0.0077,True
71c3a0edb079,spielberg_QUALI,rpm,string_in_numeric,detection,0.0046,True
8cb879b734f0,spielberg_QUALI,rpm_raw,schema_drift,detection,0.0075,True
39a6607be840,spielberg_QUALI,throttle,duplicate_timestamp,detection,0.0065,True
0ffe39c15e04,spielberg_QUALI,brake_temp,duplicate_timestamp,detection,0.0061,True
68c250adbc06,spielberg_QUALI,rpm,duplicate_timestamp,detection,0.0059,True
e18370018b3e,spielberg_QUALI,ecu_canbus_canbus,schema_drift,detection,0.0072,True
a7934ea079fa,spielberg_QUALI,tyre_pressure,string_in_numeric,detection,0.0036,True
7047ce2472a4,spielberg_QUALI,heart_rate,string_in_numeric,detection,0.005,True
4542a1b672a8,spielberg_QUALI,engine_temp,string_in_numeric,detection,0.0045,True
fee5adf6f760,spielberg_QUALI,aero_load_v2,schema_drift,detection,0.0098,True
47612ea756c9,spielberg_QUALI,throttle_new,schema_drift,detection,0.0089,True
0b9ee4c63f69,spielberg_QUALI,aero_load,string_in_numeric,detection,0.0037,True
818eac364fcc,spielberg_QUALI,brake_temp_v2,schema_drift,detection,0.0086,True
b25d20f72c08,spielberg_QUALI,aero_load,string_in_numeric,detection,0.0044,True
e736661787e1,spielberg_QUALI,heart_rate,string_in_numeric,detection,0.0043,True
ed33b7a9fd1a,spielberg_QUALI,rpm,string_in_numeric,detection,0.0044,True
f6b33c6f08c7,spielberg_QUALI,rpm,string_in_numeric,detection,0.0042,True
596ad5d28597,spielberg_QUALI,speed,string_in_numeric,detection,0.0043,True
f65a61fbaab6,spielberg_QUALI,rpm,duplicate_timestamp,detection,0.0077,True
777277cb62d6,spielberg_QUALI,rpm,duplicate_timestamp,detection,0.0074,True
12e041ce3cc2,spielberg_QUALI,brake_temp,duplicate_timestamp,detection,0.0074,True
da6b9b4792db,spielberg_QUALI,ecu_canbus,string_in_numeric,detection,0.0044,True
6d9ad569c119,spielberg_QUALI,tyre_pressure,string_in_numeric,detection,0.0063,True
f60065ab1468,spielberg_QUALI,throttle,duplicate_timestamp,detection,0.0073,True
15e7ecd53d33,spielberg_QUALI,tyre_pressure,duplicate_timestamp,detection,0.008,True
baead0c5001e,spielberg_QUALI,g_force_lateral_v2,schema_drift,detection,0.0087,True
6f70f1c8d201,spielberg_QUALI,ecu_canbus,duplicate_timestamp,detection,0.0064,True
b537f6758821,spielberg_QUALI,tyre_pressure,duplicate_timestamp,detection,0.014,True
e061e836f348,spielberg_QUALI,engine_temp,duplicate_timestamp,detection,0.0061,True
403ddf9cde66,spielberg_QUALI,speed,duplicate_timestamp,detection,0.0067,True
d80be909dff9,spielberg_QUALI,ecu_canbus_alt,schema_drift,detection,0.008,True
3c1aa7393451,spielberg_QUALI,throttle,string_in_numeric,detection,0.0045,True
011e6e95f53a,spielberg_QUALI,g_force_lateral,duplicate_timestamp,detection,0.0079,True
724627aabdb9,spielberg_QUALI,aero_load_canbus,schema_drift,detection,0.0087,True
d3c276db2410,spielberg_QUALI,engine_temp_v2,schema_drift,detection,0.0067,True
fef6c3138d31,spielberg_QUALI,throttle,string_in_numeric,detection,0.0045,True
9ced6340d956,spielberg_QUALI,g_force_lateral,string_in_numeric,detection,0.0057,True
32f8ff8d8412,spielberg_QUALI,g_force_lateral,string_in_numeric,detection,0.0038,True
0ef95ccfde24,spielberg_QUALI,brake_temp,duplicate_timestamp,detection,0.0095,True
ddb9bc837a2e,spielberg_QUALI,g_force_lateral,string_in_numeric,detection,0.0046,True
2b22d09ea6a5,spielberg_QUALI,ecu_canbus,duplicate_timestamp,detection,0.0064,True
fc2e8011ded6,spielberg_QUALI,ecu_canbus,string_in_numeric,detection,0.0047,True
cae4f31406af,spielberg_QUALI,throttle,duplicate_timestamp,detection,0.0077,True
8f5d8d370d9f,spielberg_QUALI,rpm_alt,schema_drift,detection,0.009,True
9f8d04c036de,spielberg_QUALI,speed_canbus,schema_drift,detection,0.0088,True
dc842c1c4bed,spielberg_QUALI,tyre_pressure,string_in_numeric,detection,0.005,True
aab41b37d5e6,spielberg_QUALI,throttle,duplicate_timestamp,detection,0.0096,True
5efdab8b21c6,spielberg_QUALI,heart_rate,string_in_numeric,detection,0.0046,True
1e96bda4714f,spielberg_QUALI,brake_temp,string_in_numeric,detection,0.0038,True
ccba91bf156b,spielberg_QUALI,g_force_lateral_new,schema_drift,detection,0.0071,True
1b65b593f3fb,spielberg_QUALI,aero_load_canbus,schema_drift,detection,0.0075,True
5f508285f476,spielberg_QUALI,rpm,string_in_numeric,detection,0.0049,True
e708c31cbc01,spielberg_QUALI,heart_rate_v2,schema_drift,detection,0.0072,True
7b2cc47f3fa5,spielberg_QUALI,aero_load_new,schema_drift,detection,0.0074,True
9455c927ba27,spielberg_QUALI,g_force_lateral,string_in_numeric,detection,0.0049,True
face3ae73ba1,spielberg_QUALI,throttle,duplicate_timestamp,detection,0.0063,True
7e995791de1f,spielberg_QUALI,throttle_v2,schema_drift,detection,0.0094,True
a038bb23ef2c,spielberg_QUALI,heart_rate,string_in_numeric,detection,0.0049,True
b6399dac0fed,spielberg_QUALI,rpm,string_in_numeric,detection,0.0037,True
b9ddb4edbbcd,spielberg_QUALI,speed,duplicate_timestamp,detection,0.0066,True
e01a1d706ac2,spielberg_QUALI,heart_rate,string_in_numeric,detection,0.0038,True
08f0caecf694,spielberg_QUALI,engine_temp,duplicate_timestamp,detection,0.0076,True
c373798feead,spielberg_QUALI,aero_load_raw,schema_drift,detection,0.0078,True
b603011c3f63,spielberg_QUALI,engine_temp,duplicate_timestamp,detection,0.0074,True
24df0d123b09,spielberg_QUALI,tyre_pressure,duplicate_timestamp,detection,0.0077,True
78aa82216df7,spielberg_QUALI,throttle,duplicate_timestamp,detection,0.0093,True
105b0e68c575,spielberg_QUALI,heart_rate_canbus,schema_drift,detection,0.01,True
2b6bb9f7c742,spielberg_QUALI,engine_temp,string_in_numeric,detection,0.0038,True
da7ce198a64e,spielberg_QUALI,ecu_canbus,duplicate_timestamp,detection,0.008,True
8b91a88e410b,spielberg_QUALI,g_force_lateral,string_in_numeric,detection,0.0045,True
5f1161bd8489,spielberg_QUALI,ecu_canbus,string_in_numeric,detection,0.0044,True
010acfcaaa26,spielberg_QUALI,brake_temp_v2,schema_drift,detection,0.0083,True
23232f9060ca,spielberg_QUALI,speed,string_in_numeric,detection,0.005,True
db6d2c3f5533,spielberg_QUALI,throttle,duplicate_timestamp,detection,0.0075,True
05fa54f74951,spielberg_QUALI,engine_temp_alt,schema_drift,detection,0.0083,True
b0782c8541b8,spielberg_QUALI,aero_load,string_in_numeric,detection,0.0037,True
89dcb1463507,spielberg_QUALI,ecu_canbus_alt,schema_drift,detection,0.0087,True
c800c24c70ee,spielberg_QUALI,rpm,string_in_numeric,detection,0.0046,True
d2a3d0c4b0a3,spielberg_QUALI,ecu_canbus,string_in_numeric,detection,0.0038,True
8fff791850d0,spielberg_QUALI,g_force_lateral,duplicate_timestamp,detection,0.0069,True
19046ab2b67c,spielberg_QUALI,brake_temp,string_in_numeric,detection,0.0046,True
ddc5c284927c,spielberg_QUALI,engine_temp,string_in_numeric,detection,0.0044,True
560603d8cb9a,spielberg_QUALI,heart_rate,duplicate_timestamp,detection,0.0075,True
428070ce4919,spielberg_QUALI,aero_load,string_in_numeric,detection,0.0048,True
b1f8d29c819c,spielberg_QUALI,ecu_canbus,duplicate_timestamp,detection,0.0073,True
a84507c1576b,spielberg_QUALI,speed,string_in_numeric,detection,0.0036,True
62fae3254b45,spielberg_QUALI,brake_temp_raw,schema_drift,detection,0.0091,True
5b35a4ecfd35,spielberg_QUALI,aero_load,string_in_numeric,detection,0.0037,True
1426334913c9,spielberg_QUALI,tyre_pressure,duplicate_timestamp,detection,0.0081,True
88f3e4899089,spielberg_QUALI,speed,duplicate_timestamp,detection,0.0077,True
6bce9fbb0a5c,spielberg_QUALI,aero_load,duplicate_timestamp,detection,0.0064,True
fbe83669aded,spielberg_QUALI,tyre_pressure,string_in_numeric,detection,0.0043,True
2198e2667cd3,spielberg_QUALI,engine_temp,duplicate_timestamp,detection,0.0065,True
da213956e52f,spielberg_QUALI,engine_temp,duplicate_timestamp,detection,0.0064,True
8e031fa65651,spielberg_QUALI,heart_rate_v2,schema_drift,detection,0.0085,True
04f93fcd3759,spielberg_QUALI,brake_temp_v2,schema_drift,detection,0.0083,True
30e743d04a24,spielberg_QUALI,ecu_canbus,duplicate_timestamp,detection,0.0077,True
b00d4f90c584,spielberg_QUALI,engine_temp,duplicate_timestamp,detection,0.0077,True
d46e76f1c620,spielberg_QUALI,speed,duplicate_timestamp,detection,0.0064,True
4cbe8a37c120,spielberg_QUALI,rpm_canbus,schema_drift,detection,0.0092,True
294a1f520935,spielberg_QUALI,heart_rate,duplicate_timestamp,detection,0.0073,True
3b3e493ffc47,spielberg_QUALI,tyre_pressure,duplicate_timestamp,detection,0.0077,True
11307dd6f78c,spielberg_QUALI,g_force_lateral,string_in_numeric,detection,0.0047,True
e34c36bc1f82,spielberg_QUALI,brake_temp,duplicate_timestamp,detection,0.0078,True
bdb71c114e95,spielberg_QUALI,tyre_pressure,string_in_numeric,detection,0.0046,True
67c022af8fc9,spielberg_QUALI,rpm_raw,schema_drift,detection,0.0091,True
a78804d1d91a,spielberg_QUALI,throttle_v2,schema_drift,detection,0.0076,True
84621c49c72d,spielberg_QUALI,rpm,string_in_numeric,detection,0.0039,True
8312aee0763c,spielberg_QUALI,rpm,duplicate_timestamp,detection,0.008,True
20e2280225e9,spielberg_QUALI,heart_rate_canbus,schema_drift,detection,0.0089,True
54182bd40d95,spielberg_QUALI,rpm,string_in_numeric,detection,0.0038,True
eca4d97357af,spielberg_QUALI,speed_canbus,schema_drift,detection,0.0087,True
bfede0794c28,spielberg_QUALI,speed,string_in_numeric,detection,0.0046,True
7fb2478ad1a4,spielberg_QUALI,brake_temp_canbus,schema_drift,detection,0.0071,True
b9f4341b2a21,spielberg_QUALI,rpm_alt,schema_drift,detection,0.0072,True
22d48ad1d38c,spielberg_QUALI,ecu_canbus,duplicate_timestamp,detection,0.0076,True
31b5df53b4c7,spielberg_QUALI,engine_temp,string_in_numeric,detection,0.0037,True
3dbef0f989cd,spielberg_QUALI,heart_rate_v2,schema_drift,detection,0.0078,True
755bd3b5d941,spielberg_QUALI,brake_temp,string_in_numeric,detection,0.0042,True
c25ca71fcaa6,spielberg_QUALI,engine_temp_alt,schema_drift,detection,0.0072,True
d8746776922c,spielberg_QUALI,ecu_canbus,string_in_numeric,detection,0.0052,True
490262ef3d6d,spielberg_QUALI,throttle,string_in_numeric,detection,0.0041,True
da434f592c90,spielberg_RACE,throttle,string_in_numeric,detection,0.0036,True
a03fee759680,spielberg_RACE,throttle,string_in_numeric,detection,0.0047,True
7b2c9f21fc3d,spielberg_RACE,rpm_canbus,schema_drift,detection,0.0088,True
890b5d4e3511,spielberg_RACE,ecu_canbus,duplicate_timestamp,detection,0.0077,True
eef63e0f003f,spielberg_RACE,ecu_canbus,duplicate_timestamp,detection,0.0077,True
1f9307d580b2,spielberg_RACE,speed,duplicate_timestamp,detection,0.0072,True
94402f2a33c7,spielberg_RACE,throttle_raw,schema_drift,detection,0.0086,True
385110bf6b0a,spielberg_RACE,speed,string_in_numeric,detection,0.0046,True
2f7b1deb70f6,spielberg_RACE,ecu_canbus,string_in_numeric,detection,0.0037,True
fdf3cdd70e30,spielberg_RACE,ecu_canbus,duplicate_timestamp,detection,0.0067,True
f59cdcc78469,spielberg_RACE,throttle,duplicate_timestamp,detection,0.0066,True
edd61aef3642,spielberg_RACE,throttle,string_in_numeric,detection,0.0038,True
d3d4203a711c,spielberg_RACE,heart_rate_raw,schema_drift,detection,0.0087,True
b886e92e249e,spielberg_RACE,rpm,string_in_numeric,detection,0.0046,True
acca0b15684e,spielberg_RACE,brake_temp_alt,schema_drift,detection,0.0072,True
5e2f3f5fbe5e,spielberg_RACE,throttle_v2,schema_drift,detection,0.0096,True
09552537532e,spielberg_RACE,heart_rate,duplicate_timestamp,detection,0.0073,True
3c8e70071ee6,spielberg_RACE,aero_load,duplicate_timestamp,detection,0.0077,True
569d57b91928,spielberg_RACE,throttle,duplicate_timestamp,detection,0.0073,True
7afac4cf6b77,spielberg_RACE,aero_load,string_in_numeric,detection,0.0046,True
8c3df605544e,spielberg_RACE,rpm,string_in_numeric,detection,0.0044,True
16c60bef3bef,spielberg_RACE,g_force_lateral,duplicate_timestamp,detection,0.0074,True
b0c55ee821b7,spielberg_RACE,engine_temp,duplicate_timestamp,detection,0.0064,True
35f3833235a1,spielberg_RACE,brake_temp,duplicate_timestamp,detection,0.006,True
505c251f7cbc,spielberg_RACE,g_force_lateral_new,schema_drift,detection,0.0071,True
7260518223df,spielberg_RACE,brake_temp_canbus,schema_drift,detection,0.0071,True
13c0a6583cbe,spielberg_RACE,g_force_lateral,duplicate_timestamp,detection,0.0089,True
3b41778c746e,spielberg_RACE,brake_temp,string_in_numeric,detection,0.0045,True
75d0c76e43e6,spielberg_RACE,throttle_v2,schema_drift,detection,0.0084,True
583d2a2518a3,spielberg_RACE,brake_temp,string_in_numeric,detection,0.0038,True
daff89094adf,spielberg_RACE,speed_alt,schema_drift,detection,0.0082,True
fc19f3a87e94,spielberg_RACE,heart_rate_canbus,schema_drift,detection,0.0092,True
359bb8b499b4,spielberg_RACE,ecu_canbus_new,schema_drift,detection,0.0086,True
9d4d7b1a2680,spielberg_RACE,engine_temp,duplicate_timestamp,detection,0.0075,True
461360dd16ea,spielberg_RACE,heart_rate_canbus,schema_drift,detection,0.009,True
2e26a3afa161,spielberg_RACE,g_force_lateral,duplicate_timestamp,detection,0.008,True
8188facb9dbb,spielberg_RACE,speed_v2,schema_drift,detection,0.0069,True
1ce6bedabe94,spielberg_RACE,brake_temp_v2,schema_drift,detection,0.0072,True
e747c52c09c4,spielberg_RACE,engine_temp,duplicate_timestamp,detection,0.0089,True
830a30a2b6e9,spielberg_RACE,brake_temp,string_in_numeric,detection,0.0045,True
dcd3500d4cdf,spielberg_RACE,speed,duplicate_timestamp,detection,0.0077,True
86c2c04e71a3,spielberg_RACE,g_force_lateral,duplicate_timestamp,detection,0.0072,True
aa2850bc65b7,spielberg_RACE,brake_temp,string_in_numeric,detection,0.0039,True
4299142206be,spielberg_RACE,throttle_raw,schema_drift,detection,0.0097,True
3417d4fe30d9,spielberg_RACE,g_force_lateral_v2,schema_drift,detection,0.0079,True
c32a810c557d,spielberg_RACE,rpm_v2,schema_drift,detection,0.0076,True
20277cc69743,spielberg_RACE,tyre_pressure,duplicate_timestamp,detection,0.0078,True
be8612191e45,spielberg_RACE,engine_temp_v2,schema_drift,detection,0.0071,True
385eb6d3afb5,spielberg_RACE,engine_temp,duplicate_timestamp,detection,0.0079,True
dc3da29ef13d,spielberg_RACE,engine_temp_new,schema_drift,detection,0.0071,True
c5c68129fa23,spielberg_RACE,speed_canbus,schema_drift,detection,0.0074,True
68d44630b504,spielberg_RACE,tyre_pressure,string_in_numeric,detection,0.0048,True
5557d1c8afc9,spielberg_RACE,brake_temp,string_in_numeric,detection,0.0044,True
57b2b2260932,spielberg_RACE,throttle,string_in_numeric,detection,0.0046,True
efa8b5cdab6e,spielberg_RACE,rpm,duplicate_timestamp,detection,0.0083,True
007e8154c823,spielberg_RACE,brake_temp,duplicate_timestamp,detection,0.0081,True
e6965c1e6534,spielberg_RACE,brake_temp_alt,schema_drift,detection,0.009,True
e8ef88dd4690,spielberg_RACE,tyre_pressure_new,schema_drift,detection,0.0093,True
4aaf62d5da90,spielberg_RACE,rpm_raw,schema_drift,detection,0.0089,True
6b512255d052,spielberg_RACE,rpm,duplicate_timestamp,detection,0.0076,True
00f51080690d,spielberg_RACE,speed_new,schema_drift,detection,0.0081,True
79e08b55c0cb,spielberg_RACE,heart_rate,duplicate_timestamp,detection,0.0065,True
e01c453ff46a,spielberg_RACE,throttle,string_in_numeric,detection,0.0045,True
b3f236cf0b51,spielberg_RACE,tyre_pressure,duplicate_timestamp,detection,0.0076,True
43c70e295692,spielberg_RACE,speed,duplicate_timestamp,detection,0.0083,True
7f9107269d88,spielberg_RACE,ecu_canbus,string_in_numeric,detection,0.0045,True
22bc0231104e,spielberg_RACE,speed,string_in_numeric,detection,0.0043,True
f884612a9f9a,spielberg_RACE,speed,duplicate_timestamp,detection,0.0065,True
1d43af541fcf,spielberg_RACE,brake_temp,duplicate_timestamp,detection,0.0077,True
38ffab987af1,spielberg_RACE,g_force_lateral,string_in_numeric,detection,0.0046,True
9309302e31c6,spielberg_RACE,tyre_pressure_new,schema_drift,detection,0.0095,True
b2d02f7fff07,spielberg_RACE,brake_temp_v2,schema_drift,detection,0.0072,True
1644f3cd03ca,spielberg_RACE,rpm,string_in_numeric,detection,0.0043,True
8f55bbccfc52,spielberg_RACE,tyre_pressure,string_in_numeric,detection,0.0052,True
281b2307e5ed,spielberg_RACE,brake_temp,string_in_numeric,detection,0.0048,True
41fa719f2e51,spielberg_RACE,brake_temp,duplicate_timestamp,detection,0.0078,True
642898464e87,spielberg_RACE,tyre_pressure_canbus,schema_drift,detection,0.0074,True
aba1d77f272b,spielberg_RACE,speed,string_in_numeric,detection,0.0045,True
f9790ae91880,spielberg_RACE,tyre_pressure_v2,schema_drift,detection,0.0079,True
1d0f5071afab,spielberg_RACE,g_force_lateral,string_in_numeric,detection,0.0046,True
bfc4e72f992d,spielberg_RACE,throttle,string_in_numeric,detection,0.0038,True
fa0052c61eb4,spielberg_RACE,rpm,duplicate_timestamp,detection,0.0075,True
df3dde2735f0,spielberg_RACE,throttle,string_in_numeric,detection,0.0045,True
d2ebd6d1dba2,spielberg_RACE,g_force_lateral_raw,schema_drift,detection,0.007,True
cea4846ad437,spielberg_RACE,heart_rate,string_in_numeric,detection,0.0039,True
52e8292f2ccb,spielberg_RACE,throttle,string_in_numeric,detection,0.0038,True
efb5174ac6ca,spielberg_RACE,speed_canbus,schema_drift,detection,0.0128,True
35c7a4b074e0,spielberg_RACE,brake_temp_v2,schema_drift,detection,0.0092,True
71788e61e4b7,spielberg_RACE,rpm_new,schema_drift,detection,0.0073,True
2333973683a8,spielberg_RACE,tyre_pressure,string_in_numeric,detection,0.0058,True
46aa03c3c262,spielberg_RACE,heart_rate,duplicate_timestamp,detection,0.0064,True
1574247cb587,spielberg_RACE,tyre_pressure,string_in_numeric,detection,0.0044,True
a982cba6d1c4,spielberg_RACE,brake_temp_canbus,schema_drift,detection,0.0074,True
7bb6b4326403,spielberg_RACE,rpm_canbus,schema_drift,detection,0.0075,True
088385894869,spielberg_RACE,ecu_canbus_new,schema_drift,detection,0.0078,True
9a20816fcbf7,spielberg_RACE,tyre_pressure,string_in_numeric,detection,0.0043,True
749e3966c3aa,spielberg_RACE,tyre_pressure_raw,schema_drift,detection,0.0083,True
187fa82bf8d8,spielberg_RACE,rpm,duplicate_timestamp,detection,0.0074,True
85630a6281b8,spielberg_RACE,brake_temp,duplicate_timestamp,detection,0.0076,True
09d6e15ba46b,spielberg_RACE,throttle,duplicate_timestamp,detection,0.0074,True
5f22c85c01ab,spielberg_RACE,engine_temp,string_in_numeric,detection,0.0053,True
f4b34b9b4ae2,spielberg_RACE,throttle,duplicate_timestamp,detection,0.0075,True
1addc04ad19c,spielberg_RACE,engine_temp,duplicate_timestamp,detection,0.0083,True
309e7975652f,spielberg_RACE,aero_load_canbus,schema_drift,detection,0.0091,True
11dddc9cd730,spielberg_RACE,throttle,string_in_numeric,detection,0.0045,True
178f51724023,spielberg_RACE,heart_rate_canbus,schema_drift,detection,0.0091,True
65f90eba1470,spielberg_RACE,ecu_canbus,duplicate_timestamp,detection,0.008,True
1de2bbc2f049,spielberg_RACE,ecu_canbus,duplicate_timestamp,detection,0.0089,True
2530b9b3d955,spielberg_RACE,throttle,duplicate_timestamp,detection,0.0062,True
bbb58f0a9e3e,spielberg_RACE,engine_temp,duplicate_timestamp,detection,0.0062,True
3506befc73d6,spielberg_RACE,aero_load,string_in_numeric,detection,0.0047,True
db60b003939a,spielberg_RACE,engine_temp_canbus,schema_drift,detection,0.0084,True
c87f03f8882f,spielberg_RACE,rpm,string_in_numeric,detection,0.0042,True
f21418dbc8dc,spielberg_RACE,tyre_pressure,duplicate_timestamp,detection,0.0117,True
9b580a57c0bb,spielberg_RACE,heart_rate,duplicate_timestamp,detection,0.0062,True
9e32a6cd209e,spielberg_RACE,throttle,duplicate_timestamp,detection,0.007,True
8e41bf1f2100,spielberg_RACE,engine_temp,duplicate_timestamp,detection,0.0076,True
e1e768e1436d,spielberg_RACE,ecu_canbus,duplicate_timestamp,detection,0.0088,True
410ea238b278,spielberg_RACE,aero_load_canbus,schema_drift,detection,0.0074,True
c3a742ed0be3,spielberg_RACE,tyre_pressure_v2,schema_drift,detection,0.0073,True
943639913b9d,spielberg_RACE,engine_temp_v2,schema_drift,detection,0.0083,True
117ff09164c4,spielberg_RACE,brake_temp_canbus,schema_drift,detection,0.0099,True
cba8a95d65e1,spielberg_RACE,throttle,duplicate_timestamp,detection,0.0075,True
1c702f7e9077,spielberg_RACE,ecu_canbus_new,schema_drift,detection,0.0082,True
9db58a2a9cd9,spielberg_RACE,brake_temp,duplicate_timestamp,detection,0.0076,True
09cca5af854c,spielberg_RACE,throttle,duplicate_timestamp,detection,0.0073,True
64eb918e8425,spielberg_RACE,ecu_canbus_alt,schema_drift,detection,0.0083,True
ed10eb614126,spielberg_RACE,rpm,duplicate_timestamp,detection,0.0077,True
5d7c9f232319,spielberg_RACE,brake_temp,duplicate_timestamp,detection,0.0091,True
b90da567e6dd,spielberg_RACE,g_force_lateral_raw,schema_drift,detection,0.0081,True
c9767359df43,spielberg_RACE,throttle_new,schema_drift,detection,0.0071,True
4812386ad28d,spielberg_RACE,heart_rate,string_in_numeric,detection,0.0045,True
879e869f45bc,spielberg_RACE,engine_temp_raw,schema_drift,detection,0.0085,True
b2c7b2c8b973,spielberg_RACE,rpm,string_in_numeric,detection,0.0043,True
b9a7f4a2f1b3,spielberg_RACE,ecu_canbus,string_in_numeric,detection,0.0038,True
6d00dd328091,spielberg_RACE,brake_temp,string_in_numeric,detection,0.0038,True
fd3988e7173d,spielberg_RACE,g_force_lateral,string_in_numeric,detection,0.0044,True
e41baee9998f,spielberg_RACE,rpm_new,schema_drift,detection,0.0135,True
da18a70507d9,spielberg_RACE,throttle,duplicate_timestamp,detection,0.0076,True
1a74ea8a4286,spielberg_RACE,g_force_lateral_new,schema_drift,detection,0.0069,True
ec80f09024cc,spielberg_RACE,aero_load,duplicate_timestamp,detection,0.008,True
3244577e042a,spielberg_RACE,throttle_canbus,schema_drift,detection,0.0096,True
f0c7ba164dc9,spielberg_RACE,rpm_v2,schema_drift,detection,0.0098,True
b706b76d025b,spielberg_RACE,speed,string_in_numeric,detection,0.0046,True
815ecbf307eb,spielberg_RACE,throttle,string_in_numeric,detection,0.0039,True
4e83fcb91a8d,spielberg_RACE,throttle_canbus,schema_drift,detection,0.0074,True
09dd0d224fe3,spielberg_RACE,heart_rate_canbus,schema_drift,detection,0.0077,True
02c9f88ea242,spielberg_RACE,g_force_lateral,string_in_numeric,detection,0.0037,True
22649e4d57d7,spielberg_RACE,aero_load_canbus,schema_drift,detection,0.0092,True
f9233477efa0,spielberg_RACE,tyre_pressure,duplicate_timestamp,detection,0.0067,True
a37aede37d4e,spielberg_RACE,rpm,duplicate_timestamp,detection,0.0085,True
74ccff0b5223,spielberg_RACE,engine_temp_alt,schema_drift,detection,0.0084,True
cb0b460c6501,spielberg_RACE,rpm_new,schema_drift,detection,0.0086,True
5fa18f6c6650,spielberg_RACE,rpm_canbus,schema_drift,detection,0.0094,True
9979a8e7f425,spielberg_RACE,rpm,string_in_numeric,detection,0.0045,True
4b50431d77ea,spielberg_RACE,brake_temp,duplicate_timestamp,detection,0.0067,True
26aa28b14bb2,spielberg_RACE,ecu_canbus,string_in_numeric,detection,0.0049,True
372c42ef72c8,spielberg_RACE,engine_temp,duplicate_timestamp,detection,0.0078,True
a22199d7c138,spielberg_RACE,engine_temp,duplicate_timestamp,detection,0.0065,True
a0b9063face9,spielberg_RACE,aero_load,string_in_numeric,detection,0.0054,True
d0c8dc6e554d,spielberg_RACE,throttle,string_in_numeric,detection,0.0051,True
ba4435665c78,spielberg_RACE,aero_load_v2,schema_drift,detection,0.0072,True
726d3c8f9e6a,spielberg_RACE,brake_temp_v2,schema_drift,detection,0.0084,True
c57101e84e7d,spielberg_RACE,heart_rate,duplicate_timestamp,detection,0.0079,True
1e0b97c2d3e4,spielberg_RACE,tyre_pressure_v2,schema_drift,detection,0.0086,True
6399ae209f0f,spielberg_RACE,g_force_lateral,duplicate_timestamp,detection,0.0075,True
2fe86bd2e4eb,spielberg_RACE,engine_temp,duplicate_timestamp,detection,0.0069,True
dbff20482bed,spielberg_RACE,g_force_lateral,string_in_numeric,detection,0.0046,True
6c5a7177c551,spielberg_RACE,throttle_v2,schema_drift,detection,0.0084,True
96c25eff27ac,spielberg_RACE,tyre_pressure_canbus,schema_drift,detection,0.0087,True
9330fc0a67dd,spielberg_RACE,speed,string_in_numeric,detection,0.0039,True
968e91bfb319,spielberg_RACE,throttle,string_in_numeric,detection,0.0044,True
55f618ed91cf,spielberg_RACE,ecu_canbus,string_in_numeric,detection,0.0035,True
6d96cbecfb70,spielberg_RACE,rpm_raw,schema_drift,detection,0.0089,True
1013934d7b87,spielberg_RACE,heart_rate,string_in_numeric,detection,0.0038,True
dc292acf17d7,spielberg_RACE,brake_temp_alt,schema_drift,detection,0.0082,True
acb933422425,spielberg_RACE,aero_load,string_in_numeric,detection,0.0065,True
b20b601dba8d,spielberg_RACE,throttle_alt,schema_drift,detection,0.0074,True
3d3e59690f17,spielberg_RACE,rpm,string_in_numeric,detection,0.0042,True
bc8d3e7784b8,spielberg_RACE,brake_temp_new,schema_drift,detection,0.0089,True
6d19d0eba5f2,spielberg_RACE,aero_load_alt,schema_drift,detection,0.0108,True
969a9a67614b,spielberg_RACE,brake_temp,string_in_numeric,detection,0.0046,True
e064a8aa6769,spielberg_RACE,speed,string_in_numeric,detection,0.0038,True
e4c34f7c5958,spielberg_RACE,aero_load,string_in_numeric,detection,0.0045,True
51f6daad07f4,spielberg_RACE,tyre_pressure_new,schema_drift,detection,0.0082,True
e345d8df58b6,spielberg_RACE,aero_load_alt,schema_drift,detection,0.0073,True
fd2412bc2eea,spielberg_RACE,speed_canbus,schema_drift,detection,0.0088,True
0340961c5e6c,spielberg_RACE,rpm,string_in_numeric,detection,0.0038,True
26c3137c4246,spielberg_RACE,brake_temp,duplicate_timestamp,detection,0.0065,True
821f8cd815f5,spielberg_RACE,engine_temp,duplicate_timestamp,detection,0.0065,True
c48ea192a225,spielberg_RACE,aero_load_v2,schema_drift,detection,0.0087,True
ed1041db6cf6,spielberg_RACE,aero_load_v2,schema_drift,detection,0.011,True
f3d6c708daed,spielberg_RACE,speed_new,schema_drift,detection,0.0074,True
a9a87836c7a2,spielberg_RACE,throttle_canbus,schema_drift,detection,0.0088,True
56a74a8c16e1,spielberg_RACE,heart_rate,duplicate_timestamp,detection,0.0063,True
769dc6751eab,spielberg_RACE,heart_rate,string_in_numeric,detection,0.0037,True
35d371312013,spielberg_RACE,brake_temp_new,schema_drift,detection,0.007,True
ceb0989fc4ca,spielberg_RACE,speed,string_in_numeric,detection,0.0046,True
006d596a5c2b,spielberg_RACE,speed,string_in_numeric,detection,0.0046,True
f5fd46218c02,spielberg_RACE,throttle_alt,schema_drift,detection,0.0074,True
0f5ddfaae1ab,spielberg_RACE,heart_rate_v2,schema_drift,detection,0.0082,True
6dea674ae98a,spielberg_RACE,brake_temp_canbus,schema_drift,detection,0.0087,True
0a3f7723dc3d,spielberg_RACE,ecu_canbus,duplicate_timestamp,detection,0.0068,True
abc19c15f569,spielberg_RACE,speed,duplicate_timestamp,detection,0.0073,True
d9556118c0d4,spielberg_RACE,tyre_pressure,string_in_numeric,detection,0.0044,True
e368f200cc5e,spielberg_RACE,ecu_canbus,duplicate_timestamp,detection,0.0075,True
0f2e2bca8b0e,spielberg_RACE,aero_load,string_in_numeric,detection,0.0037,True
9ccf1d3041b7,spielberg_RACE,rpm,string_in_numeric,detection,0.004,True
aecac717c19f,spielberg_RACE,ecu_canbus,duplicate_timestamp,detection,0.0077,True
0172792539bd,spielberg_RACE,tyre_pressure,duplicate_timestamp,detection,0.0089,True
39f74968b689,spielberg_RACE,brake_temp,duplicate_timestamp,detection,0.0061,True
7f78457be14a,spielberg_RACE,rpm,duplicate_timestamp,detection,0.0078,True
433055529017,spielberg_RACE,aero_load_alt,schema_drift,detection,0.0099,True
79c26ac27671,spielberg_RACE,tyre_pressure,string_in_numeric,detection,0.0055,True
618697c8124a,spielberg_RACE,tyre_pressure,duplicate_timestamp,detection,0.0066,True
6c581e65d844,spielberg_RACE,engine_temp_new,schema_drift,detection,0.0085,True
ce7b034875dd,spielberg_RACE,brake_temp,string_in_numeric,detection,0.0038,True
26daab49138e,spielberg_RACE,brake_temp_alt,schema_drift,detection,0.0085,True
0d94083925a8,spielberg_RACE,heart_rate,string_in_numeric,detection,0.0048,True
9f7c60d692d7,spielberg_RACE,ecu_canbus_new,schema_drift,detection,0.0081,True
b58c7f8e4dde,spielberg_RACE,ecu_canbus,string_in_numeric,detection,0.0045,True
e60bcae4418e,spielberg_RACE,tyre_pressure,duplicate_timestamp,detection,0.0061,True
90cc79a7f2e2,spielberg_RACE,heart_rate_new,schema_drift,detection,0.0087,True
0837b57e2506,spielberg_RACE,speed,string_in_numeric,detection,0.0052,True
f1ad1839b5b9,spielberg_RACE,ecu_canbus_v2,schema_drift,detection,0.0071,True
aaad9a00d04b,spielberg_RACE,tyre_pressure,string_in_numeric,detection,0.0045,True
072af209470f,silverstone_FP1,g_force_lateral_canbus,schema_drift,detection,0.0068,True
e3158f60b345,silverstone_FP1,g_force_lateral_canbus,schema_drift,detection,0.0087,True
7e7862ea5680,silverstone_FP1,engine_temp,string_in_numeric,detection,0.0047,True
053dbc7a9a0a,silverstone_FP1,throttle,string_in_numeric,detection,0.0044,True
9b67c7780719,silverstone_FP1,heart_rate_v2,schema_drift,detection,0.007,True
e84cdb43940e,silverstone_FP1,tyre_pressure,duplicate_timestamp,detection,0.0075,True
f52197131faa,silverstone_FP1,tyre_pressure,duplicate_timestamp,detection,0.0073,True
c82b1310c97c,silverstone_FP1,speed,duplicate_timestamp,detection,0.0073,True
4604894ddfd3,silverstone_FP1,ecu_canbus_alt,schema_drift,detection,0.0084,True
ba3528aae732,silverstone_FP1,engine_temp,string_in_numeric,detection,0.0046,True
5729c0e76cab,silverstone_FP1,heart_rate,string_in_numeric,detection,0.0049,True
957432dc0edf,silverstone_FP1,ecu_canbus,duplicate_timestamp,detection,0.0081,True
54f89b061668,silverstone_FP1,engine_temp_alt,schema_drift,detection,0.0083,True
7fb333ad282a,silverstone_FP1,heart_rate,string_in_numeric,detection,0.0052,True
0b3cc3553acb,silverstone_FP1,ecu_canbus,duplicate_timestamp,detection,0.0064,True
3466f9aa4101,silverstone_FP1,aero_load,duplicate_timestamp,detection,0.0062,True
f0f9421fb30a,silverstone_FP1,heart_rate_alt,schema_drift,detection,0.0076,True
056e7a3c0e9e,silverstone_FP1,heart_rate,string_in_numeric,detection,0.0047,True
d18ff43a3768,silverstone_FP1,engine_temp,string_in_numeric,detection,0.0036,True
cb35e152435e,silverstone_FP1,engine_temp,string_in_numeric,detection,0.0046,True
351416bba416,silverstone_FP1,speed,duplicate_timestamp,detection,0.0076,True
c3246d936e59,silverstone_FP1,g_force_lateral_v2,schema_drift,detection,0.0084,True
f980571668cd,silverstone_FP1,g_force_lateral,string_in_numeric,detection,0.0046,True
21d64951a2a6,silverstone_FP1,aero_load_canbus,schema_drift,detection,0.0076,True
e3bd73dd95ba,silverstone_FP1,brake_temp,duplicate_timestamp,detection,0.0077,True
2dca6c2e8e65,silverstone_FP1,aero_load_v2,schema_drift,detection,0.0077,True
77e0f9610681,silverstone_FP1,throttle_canbus,schema_drift,detection,0.0091,True
9b1138f8d0f1,silverstone_FP1,ecu_canbus,string_in_numeric,detection,0.0037,True
dc106390f6ca,silverstone_FP1,brake_temp_new,schema_drift,detection,0.0085,True
199ddd16bae0,silverstone_FP1,speed,duplicate_timestamp,detection,0.0076,True
57e5de98d3b9,silverstone_FP1,g_force_lateral,string_in_numeric,detection,0.0045,True
24eadefc3684,silverstone_FP1,aero_load,string_in_numeric,detection,0.0045,True
cd9fe07d7e58,silverstone_FP1,heart_rate,string_in_numeric,detection,0.0046,True
a0420f949d6e,silverstone_FP1,rpm_canbus,schema_drift,detection,0.0075,True
5730ef990572,silverstone_FP1,heart_rate_raw,schema_drift,detection,0.0076,True
558f9c47e828,silverstone_FP1,aero_load,duplicate_timestamp,detection,0.0076,True
1b93067d71be,silverstone_FP1,brake_temp,duplicate_timestamp,detection,0.0079,True
df49ae26bb0c,silverstone_FP1,aero_load_raw,schema_drift,detection,0.0084,True
e99dcc193aa8,silverstone_FP1,engine_temp,duplicate_timestamp,detection,0.0071,True
bb266ddc021a,silverstone_FP1,rpm,string_in_numeric,detection,0.0047,True
7072ad1d0639,silverstone_FP1,rpm_canbus,schema_drift,detection,0.0088,True
f1af549d5900,silverstone_FP1,ecu_canbus_raw,schema_drift,detection,0.0096,True
dec4853c23a3,silverstone_FP1,throttle,duplicate_timestamp,detection,0.0078,True
3c9b010dc537,silverstone_FP1,brake_temp_canbus,schema_drift,detection,0.0073,True
78bd21798a8d,silverstone_FP1,speed_canbus,schema_drift,detection,0.0072,True
2e5bf81a1cab,silverstone_FP1,engine_temp,string_in_numeric,detection,0.0042,True
7f00b2af2145,silverstone_FP1,aero_load,string_in_numeric,detection,0.0054,True
f04b89f13e8b,silverstone_FP1,rpm_canbus,schema_drift,detection,0.0092,True
8c480dc0b071,silverstone_FP1,aero_load_new,schema_drift,detection,0.0092,True
fcaf721d83bf,silverstone_FP1,tyre_pressure_new,schema_drift,detection,0.0088,True
d554bdb2a62f,silverstone_FP1,brake_temp_canbus,schema_drift,detection,0.0083,True
51af57f1f96a,silverstone_FP1,engine_temp,duplicate_timestamp,detection,0.0066,True
0f2a79830528,silverstone_FP1,throttle_new,schema_drift,detection,0.0093,True
dd2f652b1ddb,silverstone_FP1,tyre_pressure,duplicate_timestamp,detection,0.0064,True
422d888bf15a,silverstone_FP1,ecu_canbus_alt,schema_drift,detection,0.0083,True
fb81d90076cb,silverstone_FP1,brake_temp_new,schema_drift,detection,0.0071,True
dcdb61db0011,silverstone_FP1,ecu_canbus,duplicate_timestamp,detection,0.0067,True
b81b590dd72a,silverstone_FP1,speed_v2,schema_drift,detection,0.0073,True
6c947d266427,silverstone_FP1,brake_temp,duplicate_timestamp,detection,0.0067,True
d4efcd02f4f3,silverstone_FP1,speed,string_in_numeric,detection,0.0044,True
0cb3b236e0d7,silverstone_FP1,throttle_alt,schema_drift,detection,0.0109,True
50e4cd3dcb36,silverstone_FP1,aero_load_new,schema_drift,detection,0.0123,True
cc7b8e1be285,silverstone_FP1,aero_load,duplicate_timestamp,detection,0.0086,True
9ea25f216339,silverstone_FP1,g_force_lateral_canbus,schema_drift,detection,0.0071,True
6639afc4a6eb,silverstone_FP1,g_force_lateral_v2,schema_drift,detection,0.0085,True
238a4e490e91,silverstone_FP1,tyre_pressure,duplicate_timestamp,detection,0.0067,True
be2beeb09c20,silverstone_FP1,aero_load_canbus,schema_drift,detection,0.0075,True
4b59034bd5c4,silverstone_FP1,engine_temp,string_in_numeric,detection,0.0048,True
5afc9182f185,silverstone_FP1,heart_rate_v2,schema_drift,detection,0.0093,True
535ea5f0fa52,silverstone_FP1,g_force_lateral,duplicate_timestamp,detection,0.009,True
1fe3c7f2faca,silverstone_FP1,speed,duplicate_timestamp,detection,0.0077,True
5c562bc81991,silverstone_FP1,speed,duplicate_timestamp,detection,0.0069,True
ec90ab4f54ad,silverstone_FP1,g_force_lateral,duplicate_timestamp,detection,0.0098,True
97753f7b41b6,silverstone_FP1,rpm,duplicate_timestamp,detection,0.0072,True
98efb52b5b55,silverstone_FP1,g_force_lateral_canbus,schema_drift,detection,0.0084,True
5998c533235e,silverstone_FP1,tyre_pressure,duplicate_timestamp,detection,0.0077,True
97152f6bf8ed,silverstone_FP1,tyre_pressure,string_in_numeric,detection,0.0046,True
297aa6e99ceb,silverstone_FP1,aero_load,duplicate_timestamp,detection,0.0067,True
7faacb62c50f,silverstone_FP1,aero_load,string_in_numeric,detection,0.0045,True
69bbd36ce900,silverstone_FP1,g_force_lateral,duplicate_timestamp,detection,0.0068,True
480083e77748,silverstone_FP1,aero_load,duplicate_timestamp,detection,0.0064,True
614011c83ea1,silverstone_FP1,brake_temp,string_in_numeric,detection,0.0046,True
17a9bc9a8a14,silverstone_FP1,brake_temp_raw,schema_drift,detection,0.0074,True
6607f3fc7a27,silverstone_FP1,tyre_pressure,duplicate_timestamp,detection,0.0076,True
0f272b77b7ba,silverstone_FP1,g_force_lateral,duplicate_timestamp,detection,0.0067,True
3ee9fbc10b7d,silverstone_FP1,tyre_pressure,duplicate_timestamp,detection,0.0079,True
07cb2e8a0aab,silverstone_FP1,ecu_canbus_raw,schema_drift,detection,0.0083,True
5841f885d9dd,silverstone_FP1,tyre_pressure,duplicate_timestamp,detection,0.0074,True
efa1bcc59b23,silverstone_FP1,engine_temp,duplicate_timestamp,detection,0.0067,True
7bca4a7e44e8,silverstone_FP1,speed,duplicate_timestamp,detection,0.0063,True
62a67e803571,silverstone_FP1,engine_temp,string_in_numeric,detection,0.0047,True
d3ecf8679b9d,silverstone_FP1,ecu_canbus,string_in_numeric,detection,0.0044,True
6f3ade59a7c7,silverstone_FP1,ecu_canbus,duplicate_timestamp,detection,0.0077,True
a32525b909f1,silverstone_FP1,heart_rate_raw,schema_drift,detection,0.0072,True
7617b6793fd9,silverstone_FP1,heart_rate,duplicate_timestamp,detection,0.0066,True
dbc70671d1ed,silverstone_FP1,g_force_lateral_canbus,schema_drift,detection,0.0067,True
0e07ccd8772e,silverstone_FP1,ecu_canbus,string_in_numeric,detection,0.005,True
e92c155e9e00,silverstone_FP1,engine_temp_raw,schema_drift,detection,0.0088,True
3c9e102b72ef,silverstone_FP1,brake_temp_alt,schema_drift,detection,0.0089,True
1228ba573b25,silverstone_FP1,g_force_lateral_raw,schema_drift,detection,0.0085,True
7cd768ec5344,silverstone_FP1,tyre_pressure_canbus,schema_drift,detection,0.0089,True
5f57d00fd1d7,silverstone_FP1,heart_rate,duplicate_timestamp,detection,0.0065,True
dd1fe8af7d26,silverstone_FP1,g_force_lateral,duplicate_timestamp,detection,0.0078,True
8b988ad54c7a,silverstone_FP1,speed,string_in_numeric,detection,0.0035,True
09a74b1e2bc8,silverstone_FP1,throttle_canbus,schema_drift,detection,0.0088,True
7bf8fa946d40,silverstone_FP1,rpm,duplicate_timestamp,detection,0.0075,True
3a89c6d87a0d,silverstone_FP1,brake_temp,string_in_numeric,detection,0.0044,True
ec7c3dfd05a5,silverstone_FP1,aero_load_canbus,schema_drift,detection,0.0093,True
0a752373e329,silverstone_FP1,engine_temp,string_in_numeric,detection,0.0048,True
e6893f7f5e18,silverstone_FP1,rpm,duplicate_timestamp,detection,0.0078,True
b34fe74c93a8,silverstone_FP1,throttle_v2,schema_drift,detection,0.0075,True
8da2448fc96d,silverstone_FP1,heart_rate,duplicate_timestamp,detection,0.008,True
35afcb0dc9f8,silverstone_FP1,tyre_pressure,duplicate_timestamp,detection,0.0073,True
18d37b610a4e,silverstone_FP1,rpm,string_in_numeric,detection,0.0048,True
ba295435ee71,silverstone_FP1,throttle,string_in_numeric,detection,0.0044,True
92148920fda7,silverstone_FP1,aero_load_canbus,schema_drift,detection,0.0099,True
b3df2156ee93,silverstone_FP1,heart_rate,string_in_numeric,detection,0.0038,True
5d4346e830ae,silverstone_FP1,engine_temp,duplicate_timestamp,detection,0.0078,True
e8fe8c1c14de,silverstone_FP1,aero_load_alt,schema_drift,detection,0.0088,True
9813920319ff,silverstone_FP1,tyre_pressure,string_in_numeric,detection,0.0045,True
2d639417f6a5,silverstone_FP1,ecu_canbus,duplicate_timestamp,detection,0.0067,True
f26256717f93,silverstone_FP1,engine_temp,duplicate_timestamp,detection,0.0075,True
6c048ddfa611,silverstone_FP1,aero_load_v2,schema_drift,detection,0.0073,True
f2502a648ff0,silverstone_FP1,tyre_pressure,string_in_numeric,detection,0.004,True
7127424156f2,silverstone_FP1,rpm_new,schema_drift,detection,0.009,True
50305f01be6d,silverstone_FP1,tyre_pressure,duplicate_timestamp,detection,0.0076,True
64ede0b1f54e,silverstone_FP1,ecu_canbus,string_in_numeric,detection,0.0044,True
6d687d104989,silverstone_FP1,heart_rate,duplicate_timestamp,detection,0.0076,True
3f19cc86d807,silverstone_FP1,tyre_pressure,duplicate_timestamp,detection,0.0082,True
55f0d9c6578f,silverstone_FP1,engine_temp_v2,schema_drift,detection,0.0082,True
237014a7e1c8,silverstone_FP1,throttle,duplicate_timestamp,detection,0.0095,True
a88e5990f417,silverstone_FP1,tyre_pressure_canbus,schema_drift,detection,0.0088,True
a1d06ec8b881,silverstone_FP1,throttle,duplicate_timestamp,detection,0.0074,True
2b23f8f610b4,silverstone_FP1,brake_temp_v2,schema_drift,detection,0.0073,True
7e686f57d22c,silverstone_FP1,engine_temp_new,schema_drift,detection,0.0084,True
b239472ddf85,silverstone_FP1,ecu_canbus_canbus,schema_drift,detection,0.0076,True
c67812ba3684,silverstone_FP1,heart_rate_v2,schema_drift,detection,0.0088,True
b6a85f3dc174,silverstone_FP1,tyre_pressure_raw,schema_drift,detection,0.0124,True
128840199a90,silverstone_FP1,g_force_lateral,string_in_numeric,detection,0.0052,True
98cbc20977ba,silverstone_FP1,speed,string_in_numeric,detection,0.0039,True
4420587fa7a5,silverstone_FP1,rpm_new,schema_drift,detection,0.0082,True
df941c27ce8e,silverstone_FP1,tyre_pressure,duplicate_timestamp,detection,0.0082,True
30d377d2cd6a,silverstone_FP1,aero_load_v2,schema_drift,detection,0.0091,True
255eda2d1a03,silverstone_FP1,rpm,duplicate_timestamp,detection,0.0075,True
9cdcc7ea2789,silverstone_FP1,aero_load,string_in_numeric,detection,0.0049,True
082b6d4c042e,silverstone_FP1,ecu_canbus,duplicate_timestamp,detection,0.0077,True
93921cbea213,silverstone_FP1,heart_rate_canbus,schema_drift,detection,0.0087,True
172652ccec48,silverstone_FP1,tyre_pressure,duplicate_timestamp,detection,0.0078,True
173886b580e7,silverstone_FP1,brake_temp,duplicate_timestamp,detection,0.0081,True
2349982005ce,silverstone_FP1,brake_temp,duplicate_timestamp,detection,0.0077,True
fceb0f955f1d,silverstone_FP1,aero_load,duplicate_timestamp,detection,0.0073,True
dfad0c04b6c9,silverstone_FP1,rpm,duplicate_timestamp,detection,0.007,True
590d55bd6f09,silverstone_FP1,rpm_canbus,schema_drift,detection,0.009,True
6a0dfd0df4a4,silverstone_FP1,tyre_pressure_alt,schema_drift,detection,0.0085,True
927ee199c369,silverstone_FP1,throttle,duplicate_timestamp,detection,0.0073,True
e32ed5628d14,silverstone_FP1,rpm,string_in_numeric,detection,0.0038,True
1c71b43df51e,silverstone_FP1,g_force_lateral,duplicate_timestamp,detection,0.0065,True
e2ff24232276,silverstone_FP1,engine_temp,duplicate_timestamp,detection,0.0063,True
97bb044304bb,silverstone_FP1,tyre_pressure,string_in_numeric,detection,0.004,True
58ce2a97fdcc,silverstone_FP1,rpm_alt,schema_drift,detection,0.0089,True
e2ba9ca9b5ab,silverstone_FP1,engine_temp,duplicate_timestamp,detection,0.0064,True
9a64291169ea,silverstone_FP1,g_force_lateral_canbus,schema_drift,detection,0.008,True
e2db9a7ac7ba,silverstone_FP1,tyre_pressure_new,schema_drift,detection,0.0087,True
09f8b3183e58,silverstone_FP1,tyre_pressure,duplicate_timestamp,detection,0.0084,True
22d2d0ffb02e,silverstone_FP1,engine_temp,string_in_numeric,detection,0.0049,True
5b6f55a5a091,silverstone_FP1,brake_temp_new,schema_drift,detection,0.0078,True
496c483bd709,silverstone_FP1,throttle,string_in_numeric,detection,0.0045,True
494fa34fb62e,silverstone_FP1,speed_alt,schema_drift,detection,0.0085,True
acb3712cdde3,silverstone_FP1,aero_load,duplicate_timestamp,detection,0.0074,True
e0bb48409034,silverstone_FP1,g_force_lateral,string_in_numeric,detection,0.0039,True
c292056c836d,silverstone_FP1,speed,string_in_numeric,detection,0.0038,True
6f6678fcc113,silverstone_FP1,heart_rate,string_in_numeric,detection,0.0043,True
b0a7210b8304,silverstone_FP1,aero_load_canbus,schema_drift,detection,0.0074,True
8304e4fc0838,silverstone_FP1,rpm_canbus,schema_drift,detection,0.0078,True
7e4fb2bf6796,silverstone_FP1,aero_load,string_in_numeric,detection,0.0048,True
425a552c744b,silverstone_FP1,tyre_pressure,string_in_numeric,detection,0.0036,True
0ed24a7a6149,silverstone_FP1,tyre_pressure_raw,schema_drift,detection,0.0082,True
19936f52c254,silverstone_FP1,g_force_lateral_raw,schema_drift,detection,0.0071,True
1eaba5df2710,silverstone_FP1,g_force_lateral,duplicate_timestamp,detection,0.0084,True
2e9cfcc0d98e,silverstone_FP1,g_force_lateral,duplicate_timestamp,detection,0.0074,True
4ce1d8a62759,silverstone_FP1,engine_temp,string_in_numeric,detection,0.0046,True
824a3bdbfce8,silverstone_FP1,tyre_pressure,string_in_numeric,detection,0.0041,True
dfc5c1e6c517,silverstone_FP1,speed_raw,schema_drift,detection,0.0078,True
52a603b3f4b2,silverstone_FP1,aero_load,string_in_numeric,detection,0.0038,True
2b3e106cf345,silverstone_FP1,speed,duplicate_timestamp,detection,0.0061,True
3e75fe010947,silverstone_FP1,g_force_lateral,string_in_numeric,detection,0.0046,True
9369c0d72731,silverstone_FP1,rpm_v2,schema_drift,detection,0.0074,True
341a9f26351f,silverstone_FP1,speed,string_in_numeric,detection,0.0042,True
6e05cfdefbc3,silverstone_FP1,g_force_lateral,string_in_numeric,detection,0.0037,True
ca606e509b95,silverstone_FP1,brake_temp,duplicate_timestamp,detection,0.0078,True
f2ee30ca1e14,silverstone_FP1,speed,string_in_numeric,detection,0.0046,True
01044609859f,silverstone_FP1,brake_temp,duplicate_timestamp,detection,0.008,True
a340f8d2f1e0,silverstone_FP1,throttle,string_in_numeric,detection,0.0044,True
1fd94f2ed280,silverstone_FP1,g_force_lateral_new,schema_drift,detection,0.0086,True
42107ed1b9af,silverstone_FP1,engine_temp,duplicate_timestamp,detection,0.0076,True
52febd18ec28,silverstone_FP1,heart_rate,duplicate_timestamp,detection,0.0078,True
0f4a99f43c37,silverstone_FP1,aero_load,string_in_numeric,detection,0.0044,True
4c0054458bea,silverstone_FP1,brake_temp,string_in_numeric,detection,0.0044,True
3fb724b80e75,silverstone_FP1,heart_rate,string_in_numeric,detection,0.0038,True
696b8b40f58d,silverstone_FP1,brake_temp_alt,schema_drift,detection,0.0088,True
fd7ba60071a0,silverstone_FP1,tyre_pressure,string_in_numeric,detection,0.0046,True
ed6e4dccf3ad,silverstone_FP1,speed,duplicate_timestamp,detection,0.0108,True
de5733754445,silverstone_FP1,engine_temp,string_in_numeric,detection,0.0046,True
6907a9adba1a,silverstone_FP1,brake_temp,string_in_numeric,detection,0.0035,True
31cd5c2f10e2,silverstone_FP1,ecu_canbus,string_in_numeric,detection,0.0043,True
06dba0a97581,silverstone_FP1,aero_load,duplicate_timestamp,detection,0.0088,True
4019654c386a,silverstone_FP1,throttle,string_in_numeric,detection,0.0052,True
1617676167be,silverstone_FP1,speed,string_in_numeric,detection,0.0045,True
0b40d350bc24,silverstone_FP1,throttle_canbus,schema_drift,detection,0.009,True
199ac229c0c9,silverstone_FP1,g_force_lateral_new,schema_drift,detection,0.0088,True
01ece4e75857,silverstone_FP1,tyre_pressure_v2,schema_drift,detection,0.0083,True
098d59019cfe,silverstone_FP1,engine_temp_new,schema_drift,detection,0.0069,True
3a933224e5d0,silverstone_FP1,rpm_v2,schema_drift,detection,0.0086,True
09708f74dec4,silverstone_FP1,ecu_canbus_v2,schema_drift,detection,0.0087,True
85e25d15e4e2,silverstone_FP1,brake_temp,duplicate_timestamp,detection,0.008,True
38166e1cde15,silverstone_FP1,ecu_canbus,string_in_numeric,detection,0.005,True
f55c606c2734,silverstone_FP1,aero_load_v2,schema_drift,detection,0.0072,True
2492819e64f7,silverstone_FP1,speed,duplicate_timestamp,detection,0.0084,True
c8c35bd4d5b1,silverstone_FP1,throttle,string_in_numeric,detection,0.0037,True
0568f0126e59,silverstone_FP1,throttle,string_in_numeric,detection,0.0049,True
b5224c95f9b6,silverstone_FP1,tyre_pressure,duplicate_timestamp,detection,0.0068,True
a113c3685609,silverstone_FP1,g_force_lateral_new,schema_drift,detection,0.0075,True
cd18a7b18b71,silverstone_FP1,rpm,string_in_numeric,detection,0.0043,True
7306a88e3036,silverstone_FP1,heart_rate_alt,schema_drift,detection,0.0088,True
8df7ce427ae9,silverstone_FP1,heart_rate,duplicate_timestamp,detection,0.0067,True
b6e317bae1ed,silverstone_FP1,ecu_canbus_v2,schema_drift,detection,0.0085,True
0b222c2f70f6,silverstone_FP1,ecu_canbus,string_in_numeric,detection,0.0047,True
63e4b76d897f,silverstone_FP1,g_force_lateral,duplicate_timestamp,detection,0.0094,True
085cc750fb09,silverstone_FP1,brake_temp_raw,schema_drift,detection,0.0068,True
0a26eb2b2dc6,silverstone_FP1,aero_load_canbus,schema_drift,detection,0.0077,True
4c608a1c6991,silverstone_FP1,ecu_canbus_raw,schema_drift,detection,0.0072,True
74d1f09a6906,silverstone_FP1,speed,duplicate_timestamp,detection,0.0066,True
da1b3b63f804,silverstone_FP1,throttle_canbus,schema_drift,detection,0.0076,True
a398ceda5acd,silverstone_FP1,engine_temp,string_in_numeric,detection,0.0039,True
426c08f3bb89,silverstone_FP1,speed,duplicate_timestamp,detection,0.0072,True
c47eaec237f3,silverstone_FP1,heart_rate,string_in_numeric,detection,0.0045,True
9c4b210296e8,silverstone_FP1,brake_temp_new,schema_drift,detection,0.0069,True
afb55ed57875,silverstone_FP1,rpm_raw,schema_drift,detection,0.0092,True
b8cce3193f12,silverstone_FP1,throttle,string_in_numeric,detection,0.0038,True
ece836da1306,silverstone_FP1,heart_rate_canbus,schema_drift,detection,0.0086,True
14f2389882b8,silverstone_FP1,g_force_lateral_new,schema_drift,detection,0.0083,True
adc5744aea19,silverstone_FP1,heart_rate,duplicate_timestamp,detection,0.0066,True
db38e5a83a46,silverstone_FP1,heart_rate,string_in_numeric,detection,0.0045,True
42ea222b367f,silverstone_FP1,heart_rate,string_in_numeric,detection,0.0046,True
65de513d4106,silverstone_FP1,brake_temp,string_in_numeric,detection,0.0037,True
ac74129dff56,silverstone_FP1,g_force_lateral,string_in_numeric,detection,0.0046,True
e945dd8930c2,silverstone_FP1,tyre_pressure,string_in_numeric,detection,0.0048,True
34b0b7d17110,silverstone_FP1,throttle,duplicate_timestamp,detection,0.0067,True
f8251bb7c0b7,silverstone_FP1,tyre_pressure_v2,schema_drift,detection,0.0071,True
fac4644e994e,silverstone_FP1,brake_temp_v2,schema_drift,detection,0.0072,True
a9dd50a200f2,silverstone_FP2,brake_temp,string_in_numeric,detection,0.0044,True
ccf37654c6c6,silverstone_FP2,tyre_pressure,duplicate_timestamp,detection,0.0088,True
8ced0accea82,silverstone_FP2,g_force_lateral_canbus,schema_drift,detection,0.0096,True
23ab9fef1c59,silverstone_FP2,tyre_pressure_raw,schema_drift,detection,0.0087,True
beca821ab287,silverstone_FP2,engine_temp,duplicate_timestamp,detection,0.0076,True
71effc65337b,silverstone_FP2,tyre_pressure,duplicate_timestamp,detection,0.0098,True
b8681fa72a35,silverstone_FP2,heart_rate,string_in_numeric,detection,0.0044,True
744559e9c791,silverstone_FP2,tyre_pressure,string_in_numeric,detection,0.0044,True
c871dcddb852,silverstone_FP2,aero_load,duplicate_timestamp,detection,0.0077,True
1b0be3840b5a,silverstone_FP2,speed_canbus,schema_drift,detection,0.0112,True
08344e68e9ff,silverstone_FP2,rpm,duplicate_timestamp,detection,0.0079,True
5110b523fb6a,silverstone_FP2,engine_temp,duplicate_timestamp,detection,0.0073,True
523f402d9230,silverstone_FP2,ecu_canbus,duplicate_timestamp,detection,0.0075,True
5e0aa178037a,silverstone_FP2,speed,string_in_numeric,detection,0.0046,True
f16fa847c44a,silverstone_FP2,engine_temp,string_in_numeric,detection,0.0044,True
6ebdafcce522,silverstone_FP2,rpm,duplicate_timestamp,detection,0.0071,True
07b0b7670d4e,silverstone_FP2,tyre_pressure,string_in_numeric,detection,0.0047,True
682654ac7227,silverstone_FP2,throttle_new,schema_drift,detection,0.0094,True
38a078aae851,silverstone_FP2,engine_temp,string_in_numeric,detection,0.0047,True
c92ef866aac6,silverstone_FP2,aero_load,duplicate_timestamp,detection,0.0112,True
c018dd474626,silverstone_FP2,throttle_canbus,schema_drift,detection,0.0093,True
a80a88e117e9,silverstone_FP2,throttle,string_in_numeric,detection,0.0045,True
d45b6bb13913,silverstone_FP2,speed,string_in_numeric,detection,0.0045,True
51daffb216d3,silverstone_FP2,tyre_pressure_new,schema_drift,detection,0.0087,True
8422ec40c8ea,silverstone_FP2,tyre_pressure,string_in_numeric,detection,0.0045,True
ee3d7f6d1d55,silverstone_FP2,tyre_pressure_new,schema_drift,detection,0.0094,True
9fb295b436d8,silverstone_FP2,g_force_lateral,string_in_numeric,detection,0.0046,True
ae9818b8a95b,silverstone_FP2,tyre_pressure,duplicate_timestamp,detection,0.0081,True
d91302c00d18,silverstone_FP2,tyre_pressure,duplicate_timestamp,detection,0.008,True
9d27cde84e7b,silverstone_FP2,speed,duplicate_timestamp,detection,0.0079,True
f90cf488c126,silverstone_FP2,rpm,duplicate_timestamp,detection,0.0074,True
c79494cfe88d,silverstone_FP2,brake_temp,string_in_numeric,detection,0.0045,True
9f17192d5b85,silverstone_FP2,rpm,duplicate_timestamp,detection,0.0081,True
235844ada7e4,silverstone_FP2,g_force_lateral,duplicate_timestamp,detection,0.0081,True
71ba5fc5ef2f,silverstone_FP2,engine_temp,string_in_numeric,detection,0.0045,True
e080b025d68a,silverstone_FP2,ecu_canbus,duplicate_timestamp,detection,0.0072,True
ab264d46e83f,silverstone_FP2,g_force_lateral_v2,schema_drift,detection,0.0081,True
2a272869dd41,silverstone_FP2,ecu_canbus,duplicate_timestamp,detection,0.0074,True
438f889bc3dd,silverstone_FP2,g_force_lateral,duplicate_timestamp,detection,0.0078,True
fd6f75f053f7,silverstone_FP2,engine_temp,duplicate_timestamp,detection,0.0075,True
a228fb35609b,silverstone_FP2,speed_v2,schema_drift,detection,0.0088,True
da3c1388e169,silverstone_FP2,aero_load,duplicate_timestamp,detection,0.011,True
611527f3c0ee,silverstone_FP2,speed,duplicate_timestamp,detection,0.0077,True
f6b73f840dda,silverstone_FP2,brake_temp,string_in_numeric,detection,0.0049,True
4841b5d46052,silverstone_FP2,rpm,string_in_numeric,detection,0.005,True
58a681049ad1,silverstone_FP2,heart_rate,string_in_numeric,detection,0.0046,True
73f7e7a101cf,silverstone_FP2,tyre_pressure,string_in_numeric,detection,0.0045,True
3ed79dace0cd,silverstone_FP2,tyre_pressure,string_in_numeric,detection,0.0046,True
4153ac84bd41,silverstone_FP2,brake_temp,duplicate_timestamp,detection,0.0078,True
98bd9a809bef,silverstone_FP2,tyre_pressure,duplicate_timestamp,detection,0.0078,True
c88202ae3c43,silverstone_FP2,heart_rate_raw,schema_drift,detection,0.0093,True
b904657ef659,silverstone_FP2,brake_temp_v2,schema_drift,detection,0.0082,True
ba97776cbd90,silverstone_FP2,g_force_lateral,string_in_numeric,detection,0.0046,True
41f0320266af,silverstone_FP2,rpm,duplicate_timestamp,detection,0.0078,True
ccec21859b07,silverstone_FP2,throttle,string_in_numeric,detection,0.0044,True
17a626218861,silverstone_FP2,brake_temp_alt,schema_drift,detection,0.0086,True
ee4a3ebefa6c,silverstone_FP2,brake_temp,duplicate_timestamp,detection,0.0081,True
8ba7dda6526e,silverstone_FP2,g_force_lateral,duplicate_timestamp,detection,0.0084,True
c5b221fd7d45,silverstone_FP2,throttle,string_in_numeric,detection,0.0044,True
100d4931edfe,silverstone_FP2,brake_temp,duplicate_timestamp,detection,0.0079,True
58f4ebd669aa,silverstone_FP2,heart_rate,duplicate_timestamp,detection,0.0075,True
2418b28bd3b5,silverstone_FP2,speed,duplicate_timestamp,detection,0.0078,True
edf066c80e69,silverstone_FP2,tyre_pressure_raw,schema_drift,detection,0.0087,True
b12b2261a447,silverstone_FP2,throttle_canbus,schema_drift,detection,0.0115,True
549ae958e27f,silverstone_FP2,ecu_canbus,string_in_numeric,detection,0.0045,True
972dcc54add2,silverstone_FP2,aero_load,string_in_numeric,detection,0.0056,True
0edd2cb8a1a2,silverstone_FP2,throttle_alt,schema_drift,detection,0.0094,True
e1bef56a994d,silverstone_FP2,engine_temp,duplicate_timestamp,detection,0.008,True
c15b84e31ecd,silverstone_FP2,rpm,duplicate_timestamp,detection,0.0071,True
a50ff75525d1,silverstone_FP2,ecu_canbus,string_in_numeric,detection,0.0044,True
9e54845655ad,silverstone_FP2,ecu_canbus_alt,schema_drift,detection,0.0084,True
b00fdb3bd493,silverstone_FP2,brake_temp,string_in_numeric,detection,0.0049,True
71a47d2fb033,silverstone_FP2,engine_temp_alt,schema_drift,detection,0.0092,True
8b1051b81801,silverstone_FP2,tyre_pressure,string_in_numeric,detection,0.0043,True
ecd003c68ac7,silverstone_FP2,rpm_alt,schema_drift,detection,0.0086,True
2e021c52b6ba,silverstone_FP2,engine_temp,duplicate_timestamp,detection,0.0074,True
0e8429f594c3,silverstone_FP2,rpm,string_in_numeric,detection,0.0045,True
79d760e1fe27,silverstone_FP2,g_force_lateral_new,schema_drift,detection,0.009,True
474e874b0e78,silverstone_FP2,rpm,string_in_numeric,detection,0.0048,True
dc3028165fc8,silverstone_FP2,ecu_canbus,duplicate_timestamp,detection,0.0072,True
08574003bcea,silverstone_FP2,g_force_lateral,duplicate_timestamp,detection,0.008,True
14947d6f2c85,silverstone_FP2,brake_temp,string_in_numeric,detection,0.0044,True
40e587ad40fa,silverstone_FP2,g_force_lateral,string_in_numeric,detection,0.0044,True
6cf5e5174967,silverstone_FP2,speed,duplicate_timestamp,detection,0.0076,True
d4796aff5462,silverstone_FP2,speed_v2,schema_drift,detection,0.009,True
de386b7ee617,silverstone_FP2,speed_canbus,schema_drift,detection,0.0089,True
d0f244b84185,silverstone_FP2,speed,string_in_numeric,detection,0.0044,True
7f4a9e743d17,silverstone_FP2,g_force_lateral,string_in_numeric,detection,0.0045,True
17074f40a7e2,silverstone_FP2,ecu_canbus,duplicate_timestamp,detection,0.0082,True
75ebfe54f360,silverstone_FP2,engine_temp_new,schema_drift,detection,0.0084,True
583bdcfc58a3,silverstone_FP2,rpm_raw,schema_drift,detection,0.009,True
06c0f5b1177f,silverstone_FP2,throttle_alt,schema_drift,detection,0.0093,True
a3b8aeb51bde,silverstone_FP2,throttle_raw,schema_drift,detection,0.0088,True
f279bc52e120,silverstone_FP2,throttle_alt,schema_drift,detection,0.0099,True
8c5823a09598,silverstone_FP2,throttle_v2,schema_drift,detection,0.0089,True
c42c2af21cf2,silverstone_FP2,tyre_pressure_raw,schema_drift,detection,0.0088,True
f0ebe21d34e2,silverstone_FP2,ecu_canbus_canbus,schema_drift,detection,0.0095,True
3c94ecaa3449,silverstone_FP2,engine_temp_new,schema_drift,detection,0.0096,True
bc2c45e9eec6,silverstone_FP2,engine_temp,string_in_numeric,detection,0.0048,True
075d170e4560,silverstone_FP2,aero_load_canbus,schema_drift,detection,0.0118,True
d9aadb33675f,silverstone_FP2,throttle,duplicate_timestamp,detection,0.0079,True
1b55e1500587,silverstone_FP2,throttle,string_in_numeric,detection,0.0045,True
1307f5b9ece1,silverstone_FP2,tyre_pressure,string_in_numeric,detection,0.0044,True
2b6f0123bf60,silverstone_FP2,speed,string_in_numeric,detection,0.0045,True
d917a1b41685,silverstone_FP2,heart_rate,string_in_numeric,detection,0.0044,True
c7caf7ae2d91,silverstone_FP2,aero_load_v2,schema_drift,detection,0.0087,True
1cc38bb550c8,silverstone_FP2,speed,duplicate_timestamp,detection,0.0078,True
d2f2d3e56f67,silverstone_FP2,aero_load,duplicate_timestamp,detection,0.0077,True
740e676f4757,silverstone_FP2,engine_temp,string_in_numeric,detection,0.0045,True
0dd24a16ee16,silverstone_FP2,aero_load,string_in_numeric,detection,0.0046,True
74236f1df1a6,silverstone_FP2,ecu_canbus_new,schema_drift,detection,0.0092,True
3064b5964005,silverstone_FP2,engine_temp,duplicate_timestamp,detection,0.008,True
196a6ab5a710,silverstone_FP2,speed_raw,schema_drift,detection,0.0088,True
3082893db361,silverstone_FP2,ecu_canbus,duplicate_timestamp,detection,0.0076,True
bf654e04f57b,silverstone_FP2,aero_load_canbus,schema_drift,detection,0.0087,True
208a283994b1,silverstone_FP2,throttle_v2,schema_drift,detection,0.0085,True
f32d1c234d07,silverstone_FP2,g_force_lateral_canbus,schema_drift,detection,0.0169,True
7bd6c11a39f0,silverstone_FP2,brake_temp,duplicate_timestamp,detection,0.0074,True
b56d8550a69b,silverstone_FP2,speed,string_in_numeric,detection,0.0044,True
e346d425a2df,silverstone_FP2,engine_temp_raw,schema_drift,detection,0.0087,True
919b5ba69309,silverstone_FP2,g_force_lateral,duplicate_timestamp,detection,0.0078,True
af005cc5e00a,silverstone_FP2,tyre_pressure,string_in_numeric,detection,0.0043,True
0140b6aa845d,silverstone_FP2,throttle_v2,schema_drift,detection,0.0092,True
1301c3b2b7dd,silverstone_FP2,heart_rate_v2,schema_drift,detection,0.009,True
f22ad3d1dd46,silverstone_FP2,tyre_pressure_v2,schema_drift,detection,0.0087,True
ab403f7868ca,silverstone_FP2,brake_temp,string_in_numeric,detection,0.0047,True
07022231a976,silverstone_FP2,rpm,duplicate_timestamp,detection,0.0078,True
100aadb2af12,silverstone_FP2,throttle,string_in_numeric,detection,0.0044,True
2f89976bb73e,silverstone_FP2,speed_alt,schema_drift,detection,0.0089,True
346252c0ff5f,silverstone_FP2,tyre_pressure_canbus,schema_drift,detection,0.0088,True
138d2bf9355d,silverstone_FP2,heart_rate,string_in_numeric,detection,0.0045,True
f4a4c0ef758c,silverstone_FP2,g_force_lateral,string_in_numeric,detection,0.0047,True
57ffc9310337,silverstone_FP2,tyre_pressure,duplicate_timestamp,detection,0.0075,True
07013157c611,silverstone_FP2,ecu_canbus_raw,schema_drift,detection,0.0087,True
9998e6a45798,silverstone_FP2,speed,string_in_numeric,detection,0.0045,True
4162a994f422,silverstone_FP2,ecu_canbus_v2,schema_drift,detection,0.0084,True
75c530b3b0f6,silverstone_FP2,tyre_pressure_raw,schema_drift,detection,0.0084,True
317348398a0f,silverstone_FP2,tyre_pressure_canbus,schema_drift,detection,0.0086,True
303e3fd61e78,silverstone_FP2,brake_temp,string_in_numeric,detection,0.0046,True
049561cb8c3c,silverstone_FP2,engine_temp,duplicate_timestamp,detection,0.0078,True
1000a09ced04,silverstone_FP2,tyre_pressure_canbus,schema_drift,detection,0.0088,True
082823380480,silverstone_FP2,brake_temp,string_in_numeric,detection,0.0043,True
3e65e473fe86,silverstone_FP2,aero_load,duplicate_timestamp,detection,0.0077,True
f623fee78a4d,silverstone_FP2,g_force_lateral_raw,schema_drift,detection,0.0083,True
9b76f7a84289,silverstone_FP2,engine_temp,string_in_numeric,detection,0.0049,True
7430916344ca,silverstone_FP2,engine_temp,duplicate_timestamp,detection,0.0078,True
a4fdb4b4fcf1,silverstone_FP2,throttle_new,schema_drift,detection,0.0091,True
4588327e97c4,silverstone_FP2,tyre_pressure,duplicate_timestamp,detection,0.0078,True
93bcf22c9251,silverstone_FP2,heart_rate_canbus,schema_drift,detection,0.0097,True
3504e2268696,silverstone_FP2,speed,string_in_numeric,detection,0.0067,True
134c2d74a659,silverstone_FP2,ecu_canbus,duplicate_timestamp,detection,0.0081,True
7135d87c5c2f,silverstone_FP2,brake_temp_new,schema_drift,detection,0.0092,True
ae0b9a089768,silverstone_FP2,throttle,duplicate_timestamp,detection,0.0082,True
bcd4576addda,silverstone_FP2,ecu_canbus,string_in_numeric,detection,0.0045,True
4e31f2bc283a,silverstone_FP2,rpm,string_in_numeric,detection,0.0046,True
f6125e045e60,silverstone_FP2,engine_temp_new,schema_drift,detection,0.0094,True
5b0b8047d567,silverstone_FP2,g_force_lateral,string_in_numeric,detection,0.0126,True
862590e61990,silverstone_FP2,aero_load,duplicate_timestamp,detection,0.0082,True
60d4294e72c2,silverstone_FP2,g_force_lateral,string_in_numeric,detection,0.0047,True
89b031ffc0e7,silverstone_FP2,ecu_canbus_alt,schema_drift,detection,0.009,True
adbfdb6922e2,silverstone_FP2,aero_load,duplicate_timestamp,detection,0.0083,True
7e9a28ac82cb,silverstone_FP2,tyre_pressure_raw,schema_drift,detection,0.0097,True
abc7742f33b6,silverstone_FP2,speed,duplicate_timestamp,detection,0.0078,True
7a11313a2873,silverstone_FP2,engine_temp_v2,schema_drift,detection,0.0086,True
5b3d32d397f3,silverstone_FP2,engine_temp,duplicate_timestamp,detection,0.0085,True
af656b63d46c,silverstone_FP2,engine_temp_v2,schema_drift,detection,0.0088,True
e09c3b46507f,silverstone_FP2,heart_rate,string_in_numeric,detection,0.0044,True
7db37d6e6053,silverstone_FP2,engine_temp,duplicate_timestamp,detection,0.0079,True
4d9ad891c823,silverstone_FP2,tyre_pressure_raw,schema_drift,detection,0.0094,True
226514ac9e00,silverstone_FP2,throttle,string_in_numeric,detection,0.0042,True
131b8c804b78,silverstone_FP2,speed,string_in_numeric,detection,0.0047,True
554eb586db50,silverstone_FP2,ecu_canbus,string_in_numeric,detection,0.0044,True
7c4975875e9d,silverstone_FP2,throttle_raw,schema_drift,detection,0.0085,True
d6541e1d6ce4,silverstone_FP2,throttle,string_in_numeric,detection,0.0049,True
16524920a11f,silverstone_FP2,speed,string_in_numeric,detection,0.007,True
239c6be1999e,silverstone_FP2,engine_temp,string_in_numeric,detection,0.0057,True
99c331f20070,silverstone_FP2,rpm_new,schema_drift,detection,0.0094,True
09f53b9d43ba,silverstone_FP2,aero_load,duplicate_timestamp,detection,0.0074,True
a57ef62053e3,silverstone_FP2,g_force_lateral_v2,schema_drift,detection,0.0086,True
907e9123fc3e,silverstone_FP2,engine_temp,string_in_numeric,detection,0.0045,True
8d3735d7c216,silverstone_FP2,rpm_canbus,schema_drift,detection,0.0091,True
65bf1ce03467,silverstone_FP2,g_force_lateral,duplicate_timestamp,detection,0.0074,True
3bbde1419442,silverstone_FP2,heart_rate_v2,schema_drift,detection,0.008,True
9b3c5e932657,silverstone_FP2,tyre_pressure,string_in_numeric,detection,0.0043,True
c22436318605,silverstone_FP2,tyre_pressure_v2,schema_drift,detection,0.0093,True
72c1b84657f5,silverstone_FP2,tyre_pressure,duplicate_timestamp,detection,0.0073,True
efa01bb3b273,silverstone_FP2,rpm_new,schema_drift,detection,0.0091,True
44dc1ea25021,silverstone_FP2,g_force_lateral_canbus,schema_drift,detection,0.0084,True
069d24d3fd30,silverstone_FP2,speed_canbus,schema_drift,detection,0.0086,True
092e3a6127ab,silverstone_FP2,heart_rate,string_in_numeric,detection,0.0042,True
2b287344506a,silverstone_FP2,brake_temp,duplicate_timestamp,detection,0.0079,True
e00acb1166b5,silverstone_FP2,g_force_lateral_canbus,schema_drift,detection,0.0086,True
4b39ea03924f,silverstone_FP2,aero_load,string_in_numeric,detection,0.0046,True
507965a25b1a,silverstone_FP2,engine_temp,duplicate_timestamp,detection,0.0081,True
7760dd4d4b40,silverstone_FP2,heart_rate_new,schema_drift,detection,0.009,True
09f373fd7c3a,silverstone_FP2,heart_rate,duplicate_timestamp,detection,0.0081,True
1b213090930c,silverstone_FP2,ecu_canbus_new,schema_drift,detection,0.0089,True
7b0dd94e7ef1,silverstone_FP2,g_force_lateral,string_in_numeric,detection,0.0048,True
f96eb6f52cda,silverstone_FP2,throttle,string_in_numeric,detection,0.0044,True
8721d68978de,silverstone_FP2,heart_rate,string_in_numeric,detection,0.0047,True
c3b413dab1c8,silverstone_FP2,tyre_pressure,string_in_numeric,detection,0.0047,True
fb4c79dee01c,silverstone_FP2,ecu_canbus_canbus,schema_drift,detection,0.0093,True
a55431ca9a97,silverstone_FP2,aero_load,duplicate_timestamp,detection,0.0082,True
a0d25ef8188d,silverstone_FP2,brake_temp,duplicate_timestamp,detection,0.0076,True
3120549883be,silverstone_FP2,rpm,duplicate_timestamp,detection,0.0071,True
f18e411a5931,silverstone_FP2,brake_temp,duplicate_timestamp,detection,0.0075,True
9a4db67b37f2,silverstone_FP2,rpm,string_in_numeric,detection,0.0047,True
3f5418e5e9ab,silverstone_FP2,g_force_lateral,string_in_numeric,detection,0.0044,True
a7331b764f10,silverstone_FP2,engine_temp_v2,schema_drift,detection,0.0082,True
2ed6e65db056,silverstone_FP2,throttle,string_in_numeric,detection,0.0046,True
2efdd36a822c,silverstone_FP2,throttle,duplicate_timestamp,detection,0.0078,True
81834e7f44d5,silverstone_FP2,brake_temp,string_in_numeric,detection,0.0053,True
ec2d9cb7cb64,silverstone_FP2,tyre_pressure,string_in_numeric,detection,0.0049,True
b4354f0725f8,silverstone_FP2,g_force_lateral,duplicate_timestamp,detection,0.0086,True
84c95a0859db,silverstone_FP2,g_force_lateral,duplicate_timestamp,detection,0.0082,True
3d339c03be85,silverstone_FP2,tyre_pressure,duplicate_timestamp,detection,0.0076,True
690bb453082e,silverstone_FP2,brake_temp,duplicate_timestamp,detection,0.007,True
7e5a17504303,silverstone_FP2,rpm,string_in_numeric,detection,0.0044,True
6a36c90cb4d7,silverstone_FP2,ecu_canbus,duplicate_timestamp,detection,0.0075,True
5ad03da262a7,silverstone_FP2,rpm_alt,schema_drift,detection,0.0094,True
e39764b661db,silverstone_FP2,speed,duplicate_timestamp,detection,0.0074,True
362e11b399af,silverstone_FP2,engine_temp,string_in_numeric,detection,0.0045,True
56c6912e2b76,silverstone_FP2,rpm,string_in_numeric,detection,0.0044,True
546dea688733,silverstone_FP2,brake_temp,string_in_numeric,detection,0.0056,True
f8f1c0ccbe0c,silverstone_FP2,aero_load_new,schema_drift,detection,0.0085,True
ee0ace0226b5,silverstone_FP2,tyre_pressure,string_in_numeric,detection,0.0041,True
dd6ee7a4085a,silverstone_FP2,heart_rate,duplicate_timestamp,detection,0.0077,True
ac942423e009,silverstone_FP2,aero_load,duplicate_timestamp,detection,0.0077,True
c932cb155520,silverstone_FP2,tyre_pressure_v2,schema_drift,detection,0.0085,True
767e706122ca,silverstone_FP2,ecu_canbus,duplicate_timestamp,detection,0.0074,True
dee541439e8a,silverstone_FP2,throttle,duplicate_timestamp,detection,0.0078,True
9780b158c58f,silverstone_FP2,tyre_pressure_canbus,schema_drift,detection,0.0099,True
173978aa7d26,silverstone_FP2,tyre_pressure,duplicate_timestamp,detection,0.0097,True
c0992429ed5e,silverstone_FP2,heart_rate,string_in_numeric,detection,0.0046,True
072d2889c98f,silverstone_FP2,speed,string_in_numeric,detection,0.0068,True
2344265e4e06,silverstone_FP2,engine_temp,duplicate_timestamp,detection,0.0075,True
4acb236793ff,silverstone_FP2,rpm_v2,schema_drift,detection,0.0089,True
3780bae786f6,silverstone_FP2,brake_temp,duplicate_timestamp,detection,0.0078,True
6684f483959f,silverstone_FP2,engine_temp_new,schema_drift,detection,0.0086,True
42d6b6195a28,silverstone_FP2,g_force_lateral,duplicate_timestamp,detection,0.009,True
63ea2f23031e,silverstone_FP2,brake_temp,string_in_numeric,detection,0.0047,True
8fa37d73ff79,silverstone_FP2,speed,string_in_numeric,detection,0.0046,True
d844f845f849,silverstone_FP2,g_force_lateral,string_in_numeric,detection,0.0044,True
1ce69198a9c0,silverstone_FP2,rpm_alt,schema_drift,detection,0.0087,True
eccdc7b57ada,silverstone_FP2,speed,duplicate_timestamp,detection,0.0086,True
e20f165dd29f,silverstone_FP2,g_force_lateral,string_in_numeric,detection,0.0043,True
b5e6fdc918d2,silverstone_FP2,speed_raw,schema_drift,detection,0.0086,True
24cc87813774,silverstone_FP2,brake_temp,string_in_numeric,detection,0.0045,True
9d331c105b1c,silverstone_FP2,aero_load,string_in_numeric,detection,0.0046,True
1862cd057aa8,silverstone_FP2,aero_load,string_in_numeric,detection,0.0055,True
389e503d2cfd,silverstone_FP2,g_force_lateral_alt,schema_drift,detection,0.0085,True
b67f5104d587,silverstone_FP2,throttle_new,schema_drift,detection,0.0088,True
74a436331758,silverstone_FP2,aero_load_alt,schema_drift,detection,0.009,True
80971407e8c5,silverstone_FP2,brake_temp,duplicate_timestamp,detection,0.0078,True
d7eb385fabb3,silverstone_FP2,rpm,duplicate_timestamp,detection,0.0077,True
6c877f776f62,silverstone_FP2,throttle,string_in_numeric,detection,0.0049,True
40995a3f95ed,silverstone_FP2,throttle,duplicate_timestamp,detection,0.0076,True
84b1668a0d20,silverstone_FP2,brake_temp,duplicate_timestamp,detection,0.0076,True
76838d35a750,silverstone_FP2,heart_rate,duplicate_timestamp,detection,0.0086,True
f59849b8a01b,silverstone_FP2,ecu_canbus,duplicate_timestamp,detection,0.0079,True
51229fba67c5,silverstone_FP2,throttle_canbus,schema_drift,detection,0.0088,True
725ba2e4f585,silverstone_FP2,throttle,string_in_numeric,detection,0.0048,True
ed59d76ee7ab,silverstone_FP2,brake_temp,duplicate_timestamp,detection,0.0077,True
18781ae86625,silverstone_FP2,ecu_canbus,duplicate_timestamp,detection,0.0075,True
64d5842a2f93,silverstone_FP2,rpm,duplicate_timestamp,detection,0.0083,True
9fb4c6a38d65,silverstone_FP2,rpm_v2,schema_drift,detection,0.0096,True
9850fea05191,silverstone_FP2,speed_raw,schema_drift,detection,0.0092,True
bf982bc54034,silverstone_FP2,engine_temp,string_in_numeric,detection,0.0045,True
b2510b9c564a,silverstone_FP2,heart_rate,string_in_numeric,detection,0.0055,True
105f27493f54,silverstone_FP2,rpm_new,schema_drift,detection,0.0092,True
947211ef1447,silverstone_FP2,brake_temp,duplicate_timestamp,detection,0.0079,True
2102c0947eaa,silverstone_FP2,speed,duplicate_timestamp,detection,0.0077,True
5fb10e2500d0,silverstone_FP2,tyre_pressure_alt,schema_drift,detection,0.0091,True
7378cff7742d,silverstone_FP2,g_force_lateral,string_in_numeric,detection,0.0047,True
6fa6ef30ceef,silverstone_FP2,ecu_canbus,string_in_numeric,detection,0.0044,True
d82fca0e4af7,silverstone_FP3,rpm_raw,schema_drift,detection,0.0089,True
03bf30231edf,silverstone_FP3,ecu_canbus_v2,schema_drift,detection,0.0083,True
a8380b4851f2,silverstone_FP3,heart_rate,string_in_numeric,detection,0.0045,True
df967de3b0f1,silverstone_FP3,heart_rate,duplicate_timestamp,detection,0.0075,True
2b0ed34df75f,silverstone_FP3,g_force_lateral,string_in_numeric,detection,0.0046,True
4b5d2bd3f55d,silverstone_FP3,engine_temp,duplicate_timestamp,detection,0.0074,True
bc5d29562de3,silverstone_FP3,rpm_v2,schema_drift,detection,0.0092,True
399f595fe9c5,silverstone_FP3,brake_temp_raw,schema_drift,detection,0.0084,True
9560bb08ec56,silverstone_FP3,ecu_canbus,string_in_numeric,detection,0.0045,True
7c97c77068df,silverstone_FP3,engine_temp,duplicate_timestamp,detection,0.008,True
7432af2faba8,silverstone_FP3,heart_rate_raw,schema_drift,detection,0.0091,True
1cff33f5402c,silverstone_FP3,aero_load,duplicate_timestamp,detection,0.0081,True
4e6b3a79ab8b,silverstone_FP3,engine_temp,duplicate_timestamp,detection,0.0078,True
e3aa1be7b557,silverstone_FP3,brake_temp,duplicate_timestamp,detection,0.0081,True
2f36717c9946,silverstone_FP3,heart_rate,string_in_numeric,detection,0.0043,True
ffa969f41907,silverstone_FP3,brake_temp,duplicate_timestamp,detection,0.0075,True
c956c91c5fef,silverstone_FP3,g_force_lateral,string_in_numeric,detection,0.0049,True
f1b7fad28832,silverstone_FP3,aero_load,string_in_numeric,detection,0.0045,True
d8fa6e4b7367,silverstone_FP3,rpm,string_in_numeric,detection,0.0049,True
92c74445732f,silverstone_FP3,g_force_lateral,duplicate_timestamp,detection,0.0079,True
8b57040012c8,silverstone_FP3,heart_rate,duplicate_timestamp,detection,0.0084,True
0f4de53d3e97,silverstone_FP3,engine_temp,string_in_numeric,detection,0.007,True
4d92f2b0fb26,silverstone_FP3,ecu_canbus,duplicate_timestamp,detection,0.0078,True
69b4d115be4f,silverstone_FP3,aero_load,duplicate_timestamp,detection,0.0078,True
0d040b7d33b7,silverstone_FP3,heart_rate,string_in_numeric,detection,0.0046,True
f7bf544d0937,silverstone_FP3,aero_load,duplicate_timestamp,detection,0.0082,True
5fdccab5f24d,silverstone_FP3,engine_temp,duplicate_timestamp,detection,0.0084,True
39b4cf15d583,silverstone_FP3,ecu_canbus,string_in_numeric,detection,0.0044,True
bb5107667702,silverstone_FP3,engine_temp,duplicate_timestamp,detection,0.0077,True
cb4a84d093ba,silverstone_FP3,ecu_canbus_alt,schema_drift,detection,0.009,True
32609c5b9cb1,silverstone_FP3,ecu_canbus_v2,schema_drift,detection,0.0084,True
4ab1dd3d5ad2,silverstone_FP3,heart_rate,duplicate_timestamp,detection,0.0078,True
926da36784ae,silverstone_FP3,engine_temp,duplicate_timestamp,detection,0.0084,True
047476e2e856,silverstone_FP3,brake_temp,string_in_numeric,detection,0.0044,True
06dfb1b612ce,silverstone_FP3,aero_load,duplicate_timestamp,detection,0.0711,True
e9c9a7c36cd6,silverstone_FP3,rpm_new,schema_drift,detection,0.0092,True
4561c5cd1eb8,silverstone_FP3,aero_load,duplicate_timestamp,detection,0.0077,True
afa0846d248d,silverstone_FP3,heart_rate_new,schema_drift,detection,0.0087,True
d649d37e40cc,silverstone_FP3,g_force_lateral_v2,schema_drift,detection,0.009,True
82203f1175f8,silverstone_FP3,heart_rate_raw,schema_drift,detection,0.0089,True
0f61eb837a3a,silverstone_FP3,rpm_v2,schema_drift,detection,0.0091,True
9e892b614409,silverstone_FP3,throttle_v2,schema_drift,detection,0.0088,True
5e693fa7d053,silverstone_FP3,engine_temp,string_in_numeric,detection,0.0047,True
1d0b9eed603c,silverstone_FP3,speed_new,schema_drift,detection,0.0087,True
17fafe09b15b,silverstone_FP3,ecu_canbus,duplicate_timestamp,detection,0.0073,True
a19e3f087626,silverstone_FP3,speed,duplicate_timestamp,detection,0.0078,True
c3cce6d80aab,silverstone_FP3,brake_temp,duplicate_timestamp,detection,0.0081,True
f22244ec77cd,silverstone_FP3,throttle,duplicate_timestamp,detection,0.0076,True
6b37556988c6,silverstone_FP3,throttle_canbus,schema_drift,detection,0.0091,True
0a415afdb8da,silverstone_FP3,engine_temp_canbus,schema_drift,detection,0.0093,True
384c1a629e86,silverstone_FP3,rpm_v2,schema_drift,detection,0.0086,True
07d53f3b384f,silverstone_FP3,tyre_pressure,duplicate_timestamp,detection,0.008,True
82ad4f48d273,silverstone_FP3,aero_load,duplicate_timestamp,detection,0.0093,True
9c307da066d0,silverstone_FP3,engine_temp,duplicate_timestamp,detection,0.0082,True
843e13f43ee6,silverstone_FP3,rpm,duplicate_timestamp,detection,0.0074,True
0b421b7d1440,silverstone_FP3,aero_load_v2,schema_drift,detection,0.009,True
ebee7c330118,silverstone_FP3,brake_temp,duplicate_timestamp,detection,0.0079,True
c592ce4de7e4,silverstone_FP3,throttle,string_in_numeric,detection,0.0045,True
29e7d1196788,silverstone_FP3,engine_temp,duplicate_timestamp,detection,0.0082,True
8151d2aceef4,silverstone_FP3,tyre_pressure_v2,schema_drift,detection,0.0086,True
9a3d0627398c,silverstone_FP3,speed_canbus,schema_drift,detection,0.0091,True
212686d72956,silverstone_FP3,brake_temp,duplicate_timestamp,detection,0.0073,True
6a5943152bab,silverstone_FP3,aero_load_alt,schema_drift,detection,0.0089,True
60cf5d0100fc,silverstone_FP3,g_force_lateral_new,schema_drift,detection,0.0085,True
2371b7ddd058,silverstone_FP3,aero_load_canbus,schema_drift,detection,0.0094,True
7bd26baa53ff,silverstone_FP3,aero_load,duplicate_timestamp,detection,0.0076,True
46c2fce983c6,silverstone_FP3,aero_load,string_in_numeric,detection,0.0046,True
6087e1846b9f,silverstone_FP3,tyre_pressure_raw,schema_drift,detection,0.0091,True
ea07985390b7,silverstone_FP3,aero_load_alt,schema_drift,detection,0.0089,True
098b0d75e4a1,silverstone_FP3,aero_load_alt,schema_drift,detection,0.0093,True
e6cbe0bbc65b,silverstone_FP3,speed,duplicate_timestamp,detection,0.0076,True
dc78aeb62917,silverstone_FP3,ecu_canbus,duplicate_timestamp,detection,0.0076,True
15240b336719,silverstone_FP3,speed,string_in_numeric,detection,0.0045,True
6f65c57b632d,silverstone_FP3,throttle,string_in_numeric,detection,0.0049,True
4e48bc95492d,silverstone_FP3,heart_rate_new,schema_drift,detection,0.0084,True
b5e04b8f689b,silverstone_FP3,speed,duplicate_timestamp,detection,0.0074,True
4fb10ed1ff18,silverstone_FP3,speed,string_in_numeric,detection,0.007,True
f7eb0ebd51ce,silverstone_FP3,brake_temp,string_in_numeric,detection,0.0045,True
8d9783bc2346,silverstone_FP3,throttle_canbus,schema_drift,detection,0.0092,True
c98944f6294e,silverstone_FP3,rpm_canbus,schema_drift,detection,0.0092,True
5c7fb750eb9e,silverstone_FP3,brake_temp,string_in_numeric,detection,0.0046,True
5a5437c86bb2,silverstone_FP3,heart_rate,string_in_numeric,detection,0.0046,True
48220e8c8c03,silverstone_FP3,tyre_pressure_new,schema_drift,detection,0.009,True
1b115cc76e65,silverstone_FP3,brake_temp_alt,schema_drift,detection,0.0086,True
4c680f7e0784,silverstone_FP3,heart_rate,duplicate_timestamp,detection,0.0087,True
05104150e096,silverstone_FP3,brake_temp,duplicate_timestamp,detection,0.0074,True
1c4899149ad2,silverstone_FP3,g_force_lateral,string_in_numeric,detection,0.0047,True
54b7df774579,silverstone_FP3,heart_rate,string_in_numeric,detection,0.0043,True
4eac997aa960,silverstone_FP3,throttle,string_in_numeric,detection,0.005,True
14ab131fe4b5,silverstone_FP3,aero_load,duplicate_timestamp,detection,0.0101,True
4edb6941924a,silverstone_FP3,aero_load_alt,schema_drift,detection,0.0089,True
67f2dbf61cfe,silverstone_FP3,heart_rate_v2,schema_drift,detection,0.0084,True
b27c64f2555e,silverstone_FP3,tyre_pressure,duplicate_timestamp,detection,0.008,True
b33f786f5eef,silverstone_FP3,brake_temp,duplicate_timestamp,detection,0.0093,True
e409a10a57a2,silverstone_FP3,ecu_canbus,duplicate_timestamp,detection,0.0078,True
b85a9b8bf68f,silverstone_FP3,g_force_lateral,duplicate_timestamp,detection,0.0078,True
57ebf5808d94,silverstone_FP3,throttle,duplicate_timestamp,detection,0.0078,True
37c774fbec55,silverstone_FP3,rpm_alt,schema_drift,detection,0.009,True
828ec3797685,silverstone_FP3,speed_canbus,schema_drift,detection,0.0099,True
300793b7d8d1,silverstone_FP3,g_force_lateral,duplicate_timestamp,detection,0.0077,True
f099596c5571,silverstone_FP3,rpm,duplicate_timestamp,detection,0.0072,True
4574953505ba,silverstone_FP3,engine_temp,duplicate_timestamp,detection,0.01,True
fb5e867693c0,silverstone_FP3,tyre_pressure,duplicate_timestamp,detection,0.008,True
f49055332f62,silverstone_FP3,throttle,duplicate_timestamp,detection,0.0074,True
d81f570f3878,silverstone_FP3,brake_temp,string_in_numeric,detection,0.0047,True
3d3de3b35b99,silverstone_FP3,engine_temp_alt,schema_drift,detection,0.0093,True
986201a1a255,silverstone_FP3,tyre_pressure,string_in_numeric,detection,0.0053,True
5061177eff83,silverstone_FP3,speed,duplicate_timestamp,detection,0.0075,True
301d91852529,silverstone_FP3,brake_temp,duplicate_timestamp,detection,0.0074,True
15dd0acc7a3e,silverstone_FP3,ecu_canbus,string_in_numeric,detection,0.0046,True
03827eacb456,silverstone_FP3,ecu_canbus_new,schema_drift,detection,0.0085,True
eb7288fdfb95,silverstone_FP3,g_force_lateral,string_in_numeric,detection,0.0049,True
c08bf13b17da,silverstone_FP3,heart_rate,duplicate_timestamp,detection,0.0075,True
18c2bf6f5d28,silverstone_FP3,brake_temp_v2,schema_drift,detection,0.0093,True
4c5fd7ae23da,silverstone_FP3,brake_temp,string_in_numeric,detection,0.0044,True
f6fe0a9a58ba,silverstone_FP3,brake_temp_alt,schema_drift,detection,0.0084,True
388f5a49aa78,silverstone_FP3,brake_temp,string_in_numeric,detection,0.0046,True
3f3c4f25fa88,silverstone_FP3,tyre_pressure_raw,schema_drift,detection,0.009,True
a4e6a45fd5db,silverstone_FP3,aero_load,duplicate_timestamp,detection,0.0077,True
3b9760e3b40d,silverstone_FP3,throttle,string_in_numeric,detection,0.0045,True
3aff72279264,silverstone_FP3,speed,duplicate_timestamp,detection,0.0074,True
bfda93527ceb,silverstone_FP3,engine_temp,duplicate_timestamp,detection,0.008,True
fa7ab76354d2,silverstone_FP3,aero_load,duplicate_timestamp,detection,0.0163,True
103d9493db4a,silverstone_FP3,engine_temp,string_in_numeric,detection,0.0044,True
94ffd5e6ecb9,silverstone_FP3,tyre_pressure,duplicate_timestamp,detection,0.0079,True
f87aef7cb185,silverstone_FP3,speed_raw,schema_drift,detection,0.0086,True
4b21403d90dc,silverstone_FP3,ecu_canbus,string_in_numeric,detection,0.0045,True
096780c17911,silverstone_FP3,tyre_pressure,duplicate_timestamp,detection,0.0116,True
fccb161568ee,silverstone_FP3,rpm,duplicate_timestamp,detection,0.0073,True
53db4a2e9d22,silverstone_FP3,g_force_lateral,duplicate_timestamp,detection,0.0076,True
66a6c05e145b,silverstone_FP3,tyre_pressure,duplicate_timestamp,detection,0.0074,True
9ac9c2ed2633,silverstone_FP3,rpm,string_in_numeric,detection,0.0046,True
fd206cc53760,silverstone_FP3,aero_load_v2,schema_drift,detection,0.0112,True
4e213809c354,silverstone_FP3,speed,duplicate_timestamp,detection,0.008,True
9809ca23ecb9,silverstone_FP3,ecu_canbus,duplicate_timestamp,detection,0.0082,True
aee365f3f7f3,silverstone_FP3,ecu_canbus,string_in_numeric,detection,0.0046,True
229486ec4acc,silverstone_FP3,ecu_canbus,string_in_numeric,detection,0.0044,True
5e94583b70cf,silverstone_FP3,throttle_raw,schema_drift,detection,0.0088,True
eb516481f884,silverstone_FP3,aero_load,duplicate_timestamp,detection,0.0077,True
3e4211000502,silverstone_FP3,g_force_lateral,string_in_numeric,detection,0.0048,True
d6ce74918084,silverstone_FP3,speed,string_in_numeric,detection,0.0045,True
8e314330fd1f,silverstone_FP3,engine_temp,string_in_numeric,detection,0.0047,True
1397a5556436,silverstone_FP3,ecu_canbus,duplicate_timestamp,detection,0.0077,True
7f32ce905b67,silverstone_FP3,tyre_pressure_new,schema_drift,detection,0.0093,True
576ab22cece3,silverstone_FP3,brake_temp_new,schema_drift,detection,0.0086,True
4c606047388f,silverstone_FP3,aero_load,duplicate_timestamp,detection,0.0114,True
ea595b811eb8,silverstone_FP3,aero_load,string_in_numeric,detection,0.0048,True
1d36beca839c,silverstone_FP3,engine_temp,duplicate_timestamp,detection,0.0154,True
7bbec8daab0c,silverstone_FP3,engine_temp_alt,schema_drift,detection,0.0084,True
32cafc50efce,silverstone_FP3,brake_temp,duplicate_timestamp,detection,0.0075,True
4027df255d00,silverstone_FP3,tyre_pressure,string_in_numeric,detection,0.0046,True
4d37c1b388e3,silverstone_FP3,brake_temp,string_in_numeric,detection,0.0047,True
16f84fba19ca,silverstone_FP3,brake_temp,string_in_numeric,detection,0.0047,True
0714d30741df,silverstone_FP3,g_force_lateral,duplicate_timestamp,detection,0.0077,True
27c57bf09c48,silverstone_FP3,aero_load,string_in_numeric,detection,0.0045,True
64e9b1aba0fd,silverstone_FP3,engine_temp,string_in_numeric,detection,0.0046,True
9d6e233c3317,silverstone_FP3,engine_temp,duplicate_timestamp,detection,0.0118,True
692131bfb238,silverstone_FP3,engine_temp_new,schema_drift,detection,0.0087,True
8c985817c3ef,silverstone_FP3,heart_rate,string_in_numeric,detection,0.0043,True
06b00ee90c2f,silverstone_FP3,ecu_canbus,duplicate_timestamp,detection,0.0079,True
94f975ae274c,silverstone_FP3,engine_temp,string_in_numeric,detection,0.0046,True
c0c5ea2e4574,silverstone_FP3,g_force_lateral,string_in_numeric,detection,0.0045,True
2eab321543f7,silverstone_FP3,rpm,duplicate_timestamp,detection,0.0088,True
b10ea15c1212,silverstone_FP3,rpm_alt,schema_drift,detection,0.0089,True
5f491a147a22,silverstone_FP3,tyre_pressure,string_in_numeric,detection,0.0044,True
ac735acf0dba,silverstone_FP3,brake_temp,string_in_numeric,detection,0.0052,True
1a80ee50e78f,silverstone_FP3,ecu_canbus,string_in_numeric,detection,0.0039,True
28e33fab7561,silverstone_FP3,speed,duplicate_timestamp,detection,0.0076,True
8ff7390bebb5,silverstone_FP3,g_force_lateral,duplicate_timestamp,detection,0.0069,True
cc013c84930c,silverstone_FP3,heart_rate,duplicate_timestamp,detection,0.0075,True
e3e60e222a9e,silverstone_FP3,engine_temp_new,schema_drift,detection,0.0078,True
2140adbc401b,silverstone_FP3,speed,string_in_numeric,detection,0.0045,True
26d6a8914ecd,silverstone_FP3,rpm,string_in_numeric,detection,0.0041,True
53e75559183b,silverstone_FP3,aero_load,duplicate_timestamp,detection,0.0157,True
054c49be4747,silverstone_FP3,tyre_pressure_canbus,schema_drift,detection,0.0091,True
f2ed90c73824,silverstone_FP3,heart_rate,string_in_numeric,detection,0.0046,True
e1dd47511a96,silverstone_FP3,tyre_pressure,string_in_numeric,detection,0.0044,True
079d469fe9de,silverstone_FP3,aero_load,duplicate_timestamp,detection,0.0079,True
2b48798ec7c9,silverstone_FP3,speed_canbus,schema_drift,detection,0.0091,True
f2ea14463a9a,silverstone_FP3,engine_temp,string_in_numeric,detection,0.0047,True
7f54205125ea,silverstone_FP3,g_force_lateral,string_in_numeric,detection,0.0053,True
e6ad7fe6dca8,silverstone_FP3,brake_temp,duplicate_timestamp,detection,0.0077,True
915dfdeb34dd,silverstone_FP3,heart_rate_canbus,schema_drift,detection,0.0094,True
a8cfbd2a47f9,silverstone_FP3,g_force_lateral,string_in_numeric,detection,0.0047,True
6e77621b7a00,silverstone_FP3,brake_temp_canbus,schema_drift,detection,0.0088,True
11eb828ec2fe,silverstone_FP3,tyre_pressure,duplicate_timestamp,detection,0.0076,True
5f4b2c79e96d,silverstone_FP3,brake_temp_canbus,schema_drift,detection,0.009,True
91d579c9169f,silverstone_FP3,throttle_new,schema_drift,detection,0.009,True
3463f2145d82,silverstone_FP3,g_force_lateral_raw,schema_drift,detection,0.0093,True
9221fdc2fd1d,silverstone_FP3,speed,string_in_numeric,detection,0.0046,True
8e8710d23312,silverstone_FP3,rpm,duplicate_timestamp,detection,0.0078,True
b30f9494c3f4,silverstone_FP3,ecu_canbus,duplicate_timestamp,detection,0.0079,True
0f28b1b19815,silverstone_FP3,tyre_pressure,duplicate_timestamp,detection,0.0076,True
7cfd9c3d3fa0,silverstone_FP3,heart_rate,string_in_numeric,detection,0.0047,True
a3c73b8ed63b,silverstone_FP3,heart_rate,duplicate_timestamp,detection,0.0075,True
6686ad23e781,silverstone_FP3,g_force_lateral,duplicate_timestamp,detection,0.008,True
67dea5d20f36,silverstone_FP3,speed_raw,schema_drift,detection,0.0087,True
fff95eebbdbe,silverstone_FP3,ecu_canbus,string_in_numeric,detection,0.0046,True
84561891b588,silverstone_FP3,heart_rate,duplicate_timestamp,detection,0.0074,True
1ba36ea2ed23,silverstone_FP3,brake_temp,string_in_numeric,detection,0.0044,True
a5c1222ec93a,silverstone_FP3,engine_temp,duplicate_timestamp,detection,0.0077,True
8477d53200d2,silverstone_FP3,g_force_lateral,string_in_numeric,detection,0.0046,True
876fe6c6f103,silverstone_FP3,brake_temp,duplicate_timestamp,detection,0.0078,True
de4a38f63b79,silverstone_FP3,g_force_lateral_alt,schema_drift,detection,0.0095,True
2107fbdbfc28,silverstone_FP3,rpm_new,schema_drift,detection,0.0089,True
6772a84e2eb0,silverstone_FP3,rpm_new,schema_drift,detection,0.0094,True
b6b78ba33fb9,silverstone_FP3,aero_load_raw,schema_drift,detection,0.0085,True
a070f4a926b2,silverstone_FP3,tyre_pressure,duplicate_timestamp,detection,0.0075,True
1847875be5a7,silverstone_FP3,aero_load_canbus,schema_drift,detection,0.0094,True
ab80f3e72c14,silverstone_FP3,g_force_lateral_new,schema_drift,detection,0.0087,True
c5668688ed1e,silverstone_FP3,g_force_lateral,duplicate_timestamp,detection,0.0079,True
4f1a3d8f1ed2,silverstone_FP3,engine_temp_alt,schema_drift,detection,0.0087,True
60bc4a2ca7c4,silverstone_FP3,engine_temp,string_in_numeric,detection,0.0046,True
5f785311e5dd,silverstone_FP3,engine_temp,duplicate_timestamp,detection,0.0078,True
8a31c3c50d7b,silverstone_FP3,engine_temp_alt,schema_drift,detection,0.0087,True
f0c8894da5b8,silverstone_FP3,aero_load,duplicate_timestamp,detection,0.0076,True
0bc512bb3704,silverstone_FP3,rpm,duplicate_timestamp,detection,0.0075,True
0fbd96955b12,silverstone_FP3,g_force_lateral,string_in_numeric,detection,0.0045,True
9bd05f0d10bd,silverstone_FP3,ecu_canbus,string_in_numeric,detection,0.0045,True
4fa5771a0660,silverstone_FP3,engine_temp,duplicate_timestamp,detection,0.008,True
be09e6cafc6a,silverstone_FP3,heart_rate_new,schema_drift,detection,0.0089,True
609cbc645d2c,silverstone_FP3,brake_temp_alt,schema_drift,detection,0.0088,True
1a83914957e0,silverstone_FP3,brake_temp_new,schema_drift,detection,0.009,True
7084ac9d8c7d,silverstone_FP3,ecu_canbus_alt,schema_drift,detection,0.009,True
92d8c26cc39b,silverstone_FP3,heart_rate,duplicate_timestamp,detection,0.0077,True
060990db429c,silverstone_FP3,throttle_alt,schema_drift,detection,0.0093,True
70b791b03fba,silverstone_FP3,speed,string_in_numeric,detection,0.0051,True
4afe09460fd9,silverstone_FP3,ecu_canbus,string_in_numeric,detection,0.0045,True
e2db8cec03bf,silverstone_FP3,rpm,string_in_numeric,detection,0.0045,True
8909c197582c,silverstone_FP3,g_force_lateral_alt,schema_drift,detection,0.0088,True
fc3995738158,silverstone_FP3,throttle_new,schema_drift,detection,0.0156,True
a4f45d06dab1,silverstone_FP3,tyre_pressure,duplicate_timestamp,detection,0.0081,True
b9871b0df749,silverstone_FP3,speed_new,schema_drift,detection,0.0091,True
f9f0e3f310c5,silverstone_FP3,rpm,string_in_numeric,detection,0.0047,True
83fc42eb7e79,silverstone_FP3,engine_temp,duplicate_timestamp,detection,0.0082,True
45b9e0ed8051,silverstone_FP3,ecu_canbus,duplicate_timestamp,detection,0.008,True
bc025c05714e,silverstone_FP3,tyre_pressure_alt,schema_drift,detection,0.0085,True
e231a2b0f2c3,silverstone_FP3,speed_raw,schema_drift,detection,0.0085,True
05b41317b2c1,silverstone_FP3,engine_temp,string_in_numeric,detection,0.0045,True
fe9691126661,silverstone_FP3,ecu_canbus,duplicate_timestamp,detection,0.0081,True
d670b273cf0a,silverstone_FP3,speed,duplicate_timestamp,detection,0.0078,True
80ba30c2d0e2,silverstone_FP3,heart_rate_alt,schema_drift,detection,0.0088,True
11494a54c79c,silverstone_FP3,rpm,string_in_numeric,detection,0.0044,True
552373dfd2af,silverstone_FP3,rpm,string_in_numeric,detection,0.0043,True
595f00592a31,silverstone_FP3,throttle,duplicate_timestamp,detection,0.0075,True
2d55a1868a80,silverstone_FP3,brake_temp,string_in_numeric,detection,0.0045,True
716b69360ec5,silverstone_FP3,tyre_pressure,string_in_numeric,detection,0.0045,True
a5d578b9ab2b,silverstone_FP3,heart_rate,string_in_numeric,detection,0.0048,True
c823c38d9d8d,silverstone_FP3,aero_load_raw,schema_drift,detection,0.0112,True
e995885814b8,silverstone_FP3,speed,duplicate_timestamp,detection,0.0077,True
d50e2364b8ad,silverstone_FP3,heart_rate,duplicate_timestamp,detection,0.0075,True
2ba92b8073be,silverstone_FP3,tyre_pressure_alt,schema_drift,detection,0.009,True
4880aabb2ed9,silverstone_FP3,heart_rate_canbus,schema_drift,detection,0.0094,True
4484e37294dc,silverstone_QUALI,brake_temp,duplicate_timestamp,detection,0.0096,True
0058a8e44139,silverstone_QUALI,ecu_canbus,string_in_numeric,detection,0.0056,True
e292defe7076,silverstone_QUALI,g_force_lateral_raw,schema_drift,detection,0.0085,True
4b5f8c080001,silverstone_QUALI,speed,string_in_numeric,detection,0.0045,True
20b61c9cd741,silverstone_QUALI,engine_temp,duplicate_timestamp,detection,0.0084,True
d6877c16c61e,silverstone_QUALI,speed_raw,schema_drift,detection,0.0086,True
5a0c7b41051f,silverstone_QUALI,rpm_new,schema_drift,detection,0.0088,True
cb2b215e8456,silverstone_QUALI,ecu_canbus,duplicate_timestamp,detection,0.0074,True
595ddc8c8977,silverstone_QUALI,aero_load,string_in_numeric,detection,0.0049,True
ed9298160abb,silverstone_QUALI,engine_temp,duplicate_timestamp,detection,0.0083,True
0f31bdfc6a96,silverstone_QUALI,throttle,duplicate_timestamp,detection,0.0086,True
b65d68c7c981,silverstone_QUALI,g_force_lateral_raw,schema_drift,detection,0.0083,True
fe01134f8e37,silverstone_QUALI,aero_load,duplicate_timestamp,detection,0.0074,True
8d0778b9d343,silverstone_QUALI,aero_load,duplicate_timestamp,detection,0.0081,True
e562ec17d6c0,silverstone_QUALI,heart_rate,string_in_numeric,detection,0.0043,True
fb52da1588cb,silverstone_QUALI,throttle_v2,schema_drift,detection,0.0088,True
dea79340f724,silverstone_QUALI,tyre_pressure,duplicate_timestamp,detection,0.0079,True
b724cf00cb65,silverstone_QUALI,throttle,string_in_numeric,detection,0.0045,True
121c4001c940,silverstone_QUALI,ecu_canbus,string_in_numeric,detection,0.0056,True
c0b2046999be,silverstone_QUALI,rpm,duplicate_timestamp,detection,0.0075,True
67093b40119a,silverstone_QUALI,aero_load,string_in_numeric,detection,0.0045,True
7b359fdbf861,silverstone_QUALI,ecu_canbus_v2,schema_drift,detection,0.0085,True
f4d174056c60,silverstone_QUALI,aero_load,string_in_numeric,detection,0.0047,True
9ea1b15de56d,silverstone_QUALI,tyre_pressure_alt,schema_drift,detection,0.0086,True
0f4d73576af1,silverstone_QUALI,aero_load,duplicate_timestamp,detection,0.0078,True
bce606c79eb6,silverstone_QUALI,throttle,string_in_numeric,detection,0.0051,True
9d013a27b105,silverstone_QUALI,brake_temp,string_in_numeric,detection,0.0045,True
33d21b6e31a2,silverstone_QUALI,throttle_canbus,schema_drift,detection,0.0098,True
e51ab5e8d71a,silverstone_QUALI,engine_temp,string_in_numeric,detection,0.0045,True
d462baff2595,silverstone_QUALI,engine_temp,string_in_numeric,detection,0.0045,True
95ceb9cfc021,silverstone_QUALI,brake_temp,duplicate_timestamp,detection,0.0076,True
dfee7691d32c,silverstone_QUALI,heart_rate_canbus,schema_drift,detection,0.0104,True
8a93d2e55146,silverstone_QUALI,speed,string_in_numeric,detection,0.0048,True
76c9ef38501a,silverstone_QUALI,g_force_lateral,duplicate_timestamp,detection,0.0083,True
d77aa7033157,silverstone_QUALI,heart_rate,string_in_numeric,detection,0.0048,True
756a2b1d3c21,silverstone_QUALI,throttle,duplicate_timestamp,detection,0.0082,True
2d3b1222096d,silverstone_QUALI,brake_temp,duplicate_timestamp,detection,0.0076,True
9c3270e9177d,silverstone_QUALI,tyre_pressure_raw,schema_drift,detection,0.0088,True
4b7c1d2c8904,silverstone_QUALI,tyre_pressure,duplicate_timestamp,detection,0.0076,True
42e7f35ec933,silverstone_QUALI,brake_temp,string_in_numeric,detection,0.0045,True
92298c1ef4a5,silverstone_QUALI,speed_new,schema_drift,detection,0.0087,True
8d82de653ac9,silverstone_QUALI,g_force_lateral,string_in_numeric,detection,0.0044,True
d9fbf9f50593,silverstone_QUALI,tyre_pressure,string_in_numeric,detection,0.0045,True
00d46913db18,silverstone_QUALI,tyre_pressure,string_in_numeric,detection,0.0069,True
3b821e9b2cac,silverstone_QUALI,engine_temp_new,schema_drift,detection,0.0088,True
c509afe79ca2,silverstone_QUALI,g_force_lateral,string_in_numeric,detection,0.0047,True
14fdc54d58b3,silverstone_QUALI,throttle_new,schema_drift,detection,0.0087,True
537e4b749473,silverstone_QUALI,ecu_canbus,duplicate_timestamp,detection,0.0082,True
ad0bbba36e7e,silverstone_QUALI,g_force_lateral_canbus,schema_drift,detection,0.009,True
641b2b551367,silverstone_QUALI,tyre_pressure,string_in_numeric,detection,0.0046,True
b52a35e41277,silverstone_QUALI,ecu_canbus,duplicate_timestamp,detection,0.0083,True
9b75d572fd02,silverstone_QUALI,engine_temp,string_in_numeric,detection,0.0042,True
43d3396bf540,silverstone_QUALI,speed,duplicate_timestamp,detection,0.008,True
338a5fc3e83c,silverstone_QUALI,throttle,string_in_numeric,detection,0.0046,True
6012f7ef73b7,silverstone_QUALI,rpm,duplicate_timestamp,detection,0.0073,True
7673059cbf8e,silverstone_QUALI,rpm,duplicate_timestamp,detection,0.0074,True
b859139b86f3,silverstone_QUALI,brake_temp,string_in_numeric,detection,0.0046,True
9f4a8839e2f0,silverstone_QUALI,ecu_canbus,duplicate_timestamp,detection,0.0082,True
141f2b432ca0,silverstone_QUALI,ecu_canbus_alt,schema_drift,detection,0.0092,True
371be6a680c8,silverstone_QUALI,tyre_pressure,string_in_numeric,detection,0.0044,True
d686f7f4fc26,silverstone_QUALI,g_force_lateral,duplicate_timestamp,detection,0.0082,True
c0f4f64bbf3d,silverstone_QUALI,tyre_pressure,string_in_numeric,detection,0.0045,True
9a83bfcef631,silverstone_QUALI,g_force_lateral_alt,schema_drift,detection,0.0082,True
a896126da325,silverstone_QUALI,ecu_canbus,string_in_numeric,detection,0.0053,True
84f34629b2b5,silverstone_QUALI,engine_temp_v2,schema_drift,detection,0.0128,True
164dadc82c01,silverstone_QUALI,tyre_pressure,string_in_numeric,detection,0.005,True
8eb47e3ae760,silverstone_QUALI,brake_temp,duplicate_timestamp,detection,0.008,True
1539f8d7ffe3,silverstone_QUALI,engine_temp,string_in_numeric,detection,0.0049,True
f55ebc6c977d,silverstone_QUALI,aero_load_v2,schema_drift,detection,0.0089,True
1c3306b4392a,silverstone_QUALI,speed,duplicate_timestamp,detection,0.0079,True
13a781964487,silverstone_QUALI,brake_temp,duplicate_timestamp,detection,0.0088,True
230c2afdf865,silverstone_QUALI,g_force_lateral_new,schema_drift,detection,0.0085,True
f8692496b786,silverstone_QUALI,rpm,duplicate_timestamp,detection,0.0077,True
3d91750cb10b,silverstone_QUALI,brake_temp,string_in_numeric,detection,0.0045,True
f8249d2fb913,silverstone_QUALI,brake_temp_raw,schema_drift,detection,0.0087,True
7bdeff97e1b2,silverstone_QUALI,throttle_alt,schema_drift,detection,0.0094,True
d2d7ec42b1e9,silverstone_QUALI,heart_rate_new,schema_drift,detection,0.0091,True
afe92c8563a4,silverstone_QUALI,throttle_v2,schema_drift,detection,0.0091,True
f490de0c478b,silverstone_QUALI,engine_temp_raw,schema_drift,detection,0.0088,True
46322504c9b1,silverstone_QUALI,engine_temp,string_in_numeric,detection,0.0046,True
ef952f278ca3,silverstone_QUALI,speed,duplicate_timestamp,detection,0.0074,True
49dcc9614c1d,silverstone_QUALI,rpm,duplicate_timestamp,detection,0.0075,True
37433e799398,silverstone_QUALI,rpm,string_in_numeric,detection,0.0044,True
8e260eced6ab,silverstone_QUALI,ecu_canbus_v2,schema_drift,detection,0.0092,True
4a576820b88e,silverstone_QUALI,heart_rate,string_in_numeric,detection,0.0046,True
1889ebdffb7a,silverstone_QUALI,ecu_canbus,string_in_numeric,detection,0.0047,True
a65b84ebcb76,silverstone_QUALI,aero_load,string_in_numeric,detection,0.0046,True
fad2666a134d,silverstone_QUALI,rpm,duplicate_timestamp,detection,0.0079,True
f93e4c7cc8ec,silverstone_QUALI,speed,string_in_numeric,detection,0.0046,True
8020d0f84b4d,silverstone_QUALI,rpm_canbus,schema_drift,detection,0.0092,True
a0804045c88f,silverstone_QUALI,brake_temp,duplicate_timestamp,detection,0.0077,True
ad845191ecf6,silverstone_QUALI,tyre_pressure,string_in_numeric,detection,0.0052,True
36943e6f05ae,silverstone_QUALI,speed,string_in_numeric,detection,0.0046,True
0f3d8a6c487d,silverstone_QUALI,g_force_lateral,string_in_numeric,detection,0.0046,True
2e1ad2bf1925,silverstone_QUALI,brake_temp,string_in_numeric,detection,0.005,True
6635d037c2eb,silverstone_QUALI,heart_rate_alt,schema_drift,detection,0.009,True
7645d3c452df,silverstone_QUALI,speed,duplicate_timestamp,detection,0.0073,True
5f16e8ffd4bb,silverstone_QUALI,heart_rate,duplicate_timestamp,detection,0.0075,True
e34554c54c72,silverstone_QUALI,brake_temp,string_in_numeric,detection,0.0044,True
93c28b0c3258,silverstone_QUALI,aero_load,string_in_numeric,detection,0.0044,True
842106b9f324,silverstone_QUALI,rpm,string_in_numeric,detection,0.0042,True
3668c2eadfd7,silverstone_QUALI,heart_rate_new,schema_drift,detection,0.009,True
fa894897f4fa,silverstone_QUALI,engine_temp_alt,schema_drift,detection,0.0086,True
722c1f22b99d,silverstone_QUALI,g_force_lateral,string_in_numeric,detection,0.0049,True
6ae1d0ceba0b,silverstone_QUALI,aero_load_new,schema_drift,detection,0.0089,True
1423e54ec83a,silverstone_QUALI,g_force_lateral_raw,schema_drift,detection,0.0094,True
e032c56c754b,silverstone_QUALI,engine_temp,duplicate_timestamp,detection,0.0079,True
b1f4c7358f4e,silverstone_QUALI,ecu_canbus,duplicate_timestamp,detection,0.0167,True
2bdf12a10be6,silverstone_QUALI,throttle,duplicate_timestamp,detection,0.0083,True
9cd156a53cbe,silverstone_QUALI,g_force_lateral,string_in_numeric,detection,0.0044,True
d91d36729287,silverstone_QUALI,g_force_lateral_alt,schema_drift,detection,0.0084,True
8aa7a57b726f,silverstone_QUALI,aero_load,string_in_numeric,detection,0.0048,True
d1a4ce38e73a,silverstone_QUALI,throttle,duplicate_timestamp,detection,0.0082,True
b7c6b5daf071,silverstone_QUALI,engine_temp,string_in_numeric,detection,0.0047,True
2f91c6b286e9,silverstone_QUALI,brake_temp,string_in_numeric,detection,0.005,True
47922235026a,silverstone_QUALI,ecu_canbus,duplicate_timestamp,detection,0.0076,True
242d1835e658,silverstone_QUALI,rpm_v2,schema_drift,detection,0.0088,True
707670aa41f0,silverstone_QUALI,throttle_alt,schema_drift,detection,0.0089,True
dc8481168054,silverstone_QUALI,heart_rate,string_in_numeric,detection,0.0045,True
2496d09dc436,silverstone_QUALI,ecu_canbus,string_in_numeric,detection,0.0043,True
d5dfe5b0120b,silverstone_QUALI,rpm,duplicate_timestamp,detection,0.0083,True
f8cb84942fd8,silverstone_QUALI,aero_load,string_in_numeric,detection,0.0045,True
e2c90e737b43,silverstone_QUALI,throttle_v2,schema_drift,detection,0.009,True
a70720ef71fc,silverstone_QUALI,g_force_lateral,duplicate_timestamp,detection,0.0078,True
5a324f55341c,silverstone_QUALI,speed,duplicate_timestamp,detection,0.0079,True
1c122459b549,silverstone_QUALI,g_force_lateral_raw,schema_drift,detection,0.0088,True
4b17268079ac,silverstone_QUALI,tyre_pressure,duplicate_timestamp,detection,0.0073,True
fb4874f82fe1,silverstone_QUALI,rpm_new,schema_drift,detection,0.0089,True
737ac81204f9,silverstone_QUALI,brake_temp,string_in_numeric,detection,0.0045,True
782ab3d88969,silverstone_QUALI,rpm,duplicate_timestamp,detection,0.0078,True
ac2405efb7a7,silverstone_QUALI,speed,duplicate_timestamp,detection,0.0078,True
05b78711ec8d,silverstone_QUALI,brake_temp_alt,schema_drift,detection,0.0087,True
516c8bd45b06,silverstone_QUALI,tyre_pressure,string_in_numeric,detection,0.0044,True
9888a47f8d7b,silverstone_QUALI,rpm,duplicate_timestamp,detection,0.0075,True
1e0f0d5f5839,silverstone_QUALI,aero_load_new,schema_drift,detection,0.0089,True
5500ac281264,silverstone_QUALI,rpm,string_in_numeric,detection,0.0044,True
5cc3dbd2c4c9,silverstone_QUALI,rpm,string_in_numeric,detection,0.0042,True
6ab57118a1d7,silverstone_QUALI,rpm,duplicate_timestamp,detection,0.0078,True
cf1b1857fab2,silverstone_QUALI,throttle,string_in_numeric,detection,0.0047,True
7832e3079846,silverstone_QUALI,rpm_canbus,schema_drift,detection,0.0091,True
1a71bbd0abed,silverstone_QUALI,rpm,string_in_numeric,detection,0.0048,True
d089dff2f271,silverstone_QUALI,engine_temp_v2,schema_drift,detection,0.0088,True
9e03a36bb56a,silverstone_QUALI,tyre_pressure,string_in_numeric,detection,0.0045,True
39282ddfe5ec,silverstone_QUALI,rpm,string_in_numeric,detection,0.0043,True
21dc913a78cf,silverstone_QUALI,brake_temp,duplicate_timestamp,detection,0.0072,True
580baf375f54,silverstone_QUALI,heart_rate_canbus,schema_drift,detection,0.0093,True
6db74be6f135,silverstone_QUALI,heart_rate_canbus,schema_drift,detection,0.0089,True
19686c627903,silverstone_QUALI,speed,duplicate_timestamp,detection,0.0082,True
cbe234c38c5c,silverstone_QUALI,throttle_new,schema_drift,detection,0.009,True
5d0c9e2d2940,silverstone_QUALI,g_force_lateral_alt,schema_drift,detection,0.0095,True
9684d2524b0e,silverstone_QUALI,tyre_pressure_canbus,schema_drift,detection,0.01,True
3d2e47cea8c6,silverstone_QUALI,throttle_v2,schema_drift,detection,0.0093,True
9f3c1763e93e,silverstone_QUALI,rpm,duplicate_timestamp,detection,0.0074,True
a919b9858dd3,silverstone_QUALI,ecu_canbus,duplicate_timestamp,detection,0.0075,True
fcbfaba165d4,silverstone_QUALI,speed_canbus,schema_drift,detection,0.0091,True
65323335eca7,silverstone_QUALI,ecu_canbus_alt,schema_drift,detection,0.0091,True
95fee0a6407b,silverstone_QUALI,heart_rate_new,schema_drift,detection,0.0088,True
8cfe6123b872,silverstone_QUALI,engine_temp_alt,schema_drift,detection,0.0083,True
d2649c50c0d1,silverstone_QUALI,speed_new,schema_drift,detection,0.0091,True
713675bfd6f8,silverstone_QUALI,ecu_canbus,duplicate_timestamp,detection,0.0075,True
d76e991608d4,silverstone_QUALI,rpm,string_in_numeric,detection,0.0045,True
a5108cf1e0ca,silverstone_QUALI,brake_temp_new,schema_drift,detection,0.009,True
263c033e4c0d,silverstone_QUALI,g_force_lateral_canbus,schema_drift,detection,0.0087,True
f70b0a8e414d,silverstone_QUALI,heart_rate,string_in_numeric,detection,0.0048,True
f2ae8abd8b90,silverstone_QUALI,engine_temp,duplicate_timestamp,detection,0.0081,True
4444fa350af6,silverstone_QUALI,aero_load_raw,schema_drift,detection,0.0087,True
837f6d715e1f,silverstone_QUALI,aero_load_alt,schema_drift,detection,0.0091,True
9a7edd58dafa,silverstone_QUALI,aero_load,duplicate_timestamp,detection,0.0079,True
e77045d8ae86,silverstone_QUALI,speed,duplicate_timestamp,detection,0.0076,True
54cc7f62d996,silverstone_QUALI,g_force_lateral,string_in_numeric,detection,0.0047,True
eca2455f56af,silverstone_QUALI,throttle,string_in_numeric,detection,0.0043,True
ce1948ab8097,silverstone_QUALI,heart_rate_alt,schema_drift,detection,0.0086,True
6302d53a3707,silverstone_QUALI,rpm,duplicate_timestamp,detection,0.0077,True
66158ed273d2,silverstone_QUALI,heart_rate,duplicate_timestamp,detection,0.0082,True
b4262a082a99,silverstone_QUALI,heart_rate,string_in_numeric,detection,0.0049,True
1fb2d11a66f4,silverstone_QUALI,throttle,string_in_numeric,detection,0.0045,True
c1eba0ac61ce,silverstone_QUALI,brake_temp,duplicate_timestamp,detection,0.0079,True
5ff67a92692f,silverstone_QUALI,throttle_new,schema_drift,detection,0.013,True
b89e421a1f5b,silverstone_QUALI,throttle,duplicate_timestamp,detection,0.0081,True
f74b52eabbc3,silverstone_QUALI,ecu_canbus_alt,schema_drift,detection,0.0124,True
02f168737afc,silverstone_QUALI,g_force_lateral,string_in_numeric,detection,0.0044,True
3ade840cec12,silverstone_QUALI,heart_rate,string_in_numeric,detection,0.0043,True
e8e51e3a6286,silverstone_QUALI,tyre_pressure_alt,schema_drift,detection,0.0085,True
8d1c0b321761,silverstone_QUALI,throttle,string_in_numeric,detection,0.0047,True
53a94533b77e,silverstone_QUALI,tyre_pressure,string_in_numeric,detection,0.0066,True
295165812ae1,silverstone_QUALI,heart_rate,string_in_numeric,detection,0.0046,True
f61da7bbdf4e,silverstone_QUALI,throttle_new,schema_drift,detection,0.0087,True
743ce6fb6768,silverstone_QUALI,heart_rate,duplicate_timestamp,detection,0.0078,True
405ae70ab07c,silverstone_QUALI,aero_load,string_in_numeric,detection,0.0045,True
11cb1fd97f51,silverstone_QUALI,aero_load,duplicate_timestamp,detection,0.0078,True
b24b20df975f,silverstone_QUALI,speed,string_in_numeric,detection,0.0048,True
dd6384fce8c3,silverstone_QUALI,ecu_canbus,duplicate_timestamp,detection,0.0075,True
b0b71dd67cb2,silverstone_QUALI,speed_canbus,schema_drift,detection,0.0091,True
d99f9d71bc85,silverstone_QUALI,tyre_pressure,string_in_numeric,detection,0.0045,True
49a36f46607c,silverstone_QUALI,ecu_canbus,duplicate_timestamp,detection,0.0077,True
2faaeeb943b9,silverstone_QUALI,speed,string_in_numeric,detection,0.0046,True
9c8abf1230bc,silverstone_QUALI,ecu_canbus,string_in_numeric,detection,0.0047,True
6bdae7d452d8,silverstone_QUALI,ecu_canbus_v2,schema_drift,detection,0.0088,True
e76668eef502,silverstone_QUALI,aero_load,string_in_numeric,detection,0.0046,True
5539ea8fed4a,silverstone_QUALI,heart_rate_alt,schema_drift,detection,0.0093,True
d282b11bf083,silverstone_QUALI,tyre_pressure_raw,schema_drift,detection,0.0087,True
1556922f0c3e,silverstone_QUALI,engine_temp_canbus,schema_drift,detection,0.009,True
d7d3b4b25e06,silverstone_QUALI,tyre_pressure,duplicate_timestamp,detection,0.0075,True
4604318dd679,silverstone_QUALI,heart_rate,string_in_numeric,detection,0.0052,True
b0d506d09356,silverstone_QUALI,brake_temp,string_in_numeric,detection,0.0046,True
aa97290989c0,silverstone_QUALI,engine_temp,string_in_numeric,detection,0.0045,True
415510109106,silverstone_QUALI,heart_rate_v2,schema_drift,detection,0.0095,True
8fe0311318e3,silverstone_QUALI,ecu_canbus_canbus,schema_drift,detection,0.0089,True
96365a7d9fb8,silverstone_QUALI,engine_temp_v2,schema_drift,detection,0.0084,True
774172829f63,silverstone_QUALI,ecu_canbus,duplicate_timestamp,detection,0.0073,True
2209343192b0,silverstone_QUALI,brake_temp,duplicate_timestamp,detection,0.0078,True
d91d642cd7df,silverstone_QUALI,rpm_new,schema_drift,detection,0.0086,True
a912db40244b,silverstone_QUALI,speed,string_in_numeric,detection,0.0046,True
eb5e1b31b372,silverstone_QUALI,rpm,string_in_numeric,detection,0.0046,True
f6bee92c1e71,silverstone_QUALI,g_force_lateral,string_in_numeric,detection,0.0046,True
3b9ea9cd0bb0,silverstone_RACE,throttle,string_in_numeric,detection,0.0047,True
3a12f3c6a63d,silverstone_RACE,ecu_canbus_alt,schema_drift,detection,0.0091,True
3b1279698716,silverstone_RACE,brake_temp,string_in_numeric,detection,0.0048,True
972dfa0a3a40,silverstone_RACE,tyre_pressure,string_in_numeric,detection,0.0056,True
cbacc4842566,silverstone_RACE,brake_temp,duplicate_timestamp,detection,0.008,True
8f22a928d8e4,silverstone_RACE,rpm,string_in_numeric,detection,0.0045,True
21607dc0051f,silverstone_RACE,heart_rate_alt,schema_drift,detection,0.0093,True
fd415ba05a20,silverstone_RACE,tyre_pressure,duplicate_timestamp,detection,0.0074,True
286e5c53f1ad,silverstone_RACE,ecu_canbus,string_in_numeric,detection,0.0047,True
bed5b30661db,silverstone_RACE,heart_rate,string_in_numeric,detection,0.0046,True
7827997fb9bd,silverstone_RACE,brake_temp_new,schema_drift,detection,0.01,True
f5c505ede139,silverstone_RACE,g_force_lateral_new,schema_drift,detection,0.0093,True
5b30d555c533,silverstone_RACE,throttle_raw,schema_drift,detection,0.0085,True
f85f4b276d47,silverstone_RACE,tyre_pressure_raw,schema_drift,detection,0.0084,True
6a51008a9af0,silverstone_RACE,heart_rate,duplicate_timestamp,detection,0.008,True
7d6c24aafdad,silverstone_RACE,g_force_lateral,duplicate_timestamp,detection,0.0081,True
0327788837b0,silverstone_RACE,throttle_alt,schema_drift,detection,0.0092,True
9197a0b97750,silverstone_RACE,rpm,duplicate_timestamp,detection,0.0078,True
aea610454879,silverstone_RACE,rpm,duplicate_timestamp,detection,0.0081,True
c81bfc66a30f,silverstone_RACE,ecu_canbus_raw,schema_drift,detection,0.0087,True
ad8245b56df7,silverstone_RACE,speed,string_in_numeric,detection,0.0044,True
2fc8fcc68211,silverstone_RACE,heart_rate_raw,schema_drift,detection,0.0102,True
64860f25b2e0,silverstone_RACE,g_force_lateral,duplicate_timestamp,detection,0.0084,True
a962a0fd4115,silverstone_RACE,throttle,duplicate_timestamp,detection,0.0081,True
860ba1e81de9,silverstone_RACE,throttle,string_in_numeric,detection,0.0046,True
7b86b5e01ddd,silverstone_RACE,rpm_v2,schema_drift,detection,0.0105,True
8cb3b21138ce,silverstone_RACE,heart_rate,string_in_numeric,detection,0.0045,True
b09beaaf6b44,silverstone_RACE,g_force_lateral,string_in_numeric,detection,0.0044,True
b86452326980,silverstone_RACE,engine_temp,string_in_numeric,detection,0.005,True
c19321182568,silverstone_RACE,rpm_v2,schema_drift,detection,0.0089,True
a469fce28f7d,silverstone_RACE,engine_temp,string_in_numeric,detection,0.0046,True
eca51a270fdb,silverstone_RACE,g_force_lateral_alt,schema_drift,detection,0.009,True
68404a124099,silverstone_RACE,brake_temp,string_in_numeric,detection,0.0047,True
20af6fd84dfa,silverstone_RACE,ecu_canbus_alt,schema_drift,detection,0.014,True
71e8ddaa036e,silverstone_RACE,rpm_canbus,schema_drift,detection,0.0094,True
0fc37264c29a,silverstone_RACE,brake_temp,duplicate_timestamp,detection,0.0077,True
cc00d1823d2f,silverstone_RACE,g_force_lateral,duplicate_timestamp,detection,0.0088,True
7cf8493b8e0a,silverstone_RACE,brake_temp,duplicate_timestamp,detection,0.0073,True
db110c3416f3,silverstone_RACE,throttle,string_in_numeric,detection,0.0044,True
c626a2d77f8f,silverstone_RACE,engine_temp,string_in_numeric,detection,0.0044,True
d0ae8d665571,silverstone_RACE,throttle,string_in_numeric,detection,0.0047,True
972ea6bf906d,silverstone_RACE,rpm,duplicate_timestamp,detection,0.0076,True
3c2eb05121e9,silverstone_RACE,brake_temp_canbus,schema_drift,detection,0.0084,True
dcbefa93b81f,silverstone_RACE,speed,duplicate_timestamp,detection,0.0075,True
77499467bc0d,silverstone_RACE,speed_canbus,schema_drift,detection,0.0088,True
c5d9b1b4ff98,silverstone_RACE,aero_load,duplicate_timestamp,detection,0.0082,True
ee051b24a73b,silverstone_RACE,throttle_raw,schema_drift,detection,0.009,True
0a0a722d8a34,silverstone_RACE,ecu_canbus,string_in_numeric,detection,0.0046,True
1a7270289bbb,silverstone_RACE,brake_temp_alt,schema_drift,detection,0.0086,True
f71b47c26156,silverstone_RACE,tyre_pressure,duplicate_timestamp,detection,0.0086,True
2bb3c5665000,silverstone_RACE,speed,string_in_numeric,detection,0.0049,True
5d07e2729340,silverstone_RACE,brake_temp,duplicate_timestamp,detection,0.0119,True
c78b2d1e9193,silverstone_RACE,g_force_lateral_raw,schema_drift,detection,0.0084,True
f07216b54492,silverstone_RACE,brake_temp,duplicate_timestamp,detection,0.0072,True
5101049f4d05,silverstone_RACE,heart_rate,string_in_numeric,detection,0.0047,True
7535c2a9b07b,silverstone_RACE,brake_temp,string_in_numeric,detection,0.0047,True
58236eb0ee7d,silverstone_RACE,g_force_lateral_new,schema_drift,detection,0.0085,True
2e959e468fb1,silverstone_RACE,brake_temp,duplicate_timestamp,detection,0.0079,True
00a61d034493,silverstone_RACE,aero_load,string_in_numeric,detection,0.0048,True
3759c6e2b03a,silverstone_RACE,heart_rate_raw,schema_drift,detection,0.0088,True
ba34196cf695,silverstone_RACE,brake_temp,duplicate_timestamp,detection,0.0079,True
37344b45563b,silverstone_RACE,throttle,duplicate_timestamp,detection,0.0079,True
777918ba3afa,silverstone_RACE,engine_temp_new,schema_drift,detection,0.0089,True
49c6d196d0e2,silverstone_RACE,speed,string_in_numeric,detection,0.0045,True
8343ed976961,silverstone_RACE,rpm,string_in_numeric,detection,0.0046,True
519e0dc3c3b5,silverstone_RACE,ecu_canbus_canbus,schema_drift,detection,0.0088,True
38780ae2c06d,silverstone_RACE,heart_rate_new,schema_drift,detection,0.0091,True
64518938da47,silverstone_RACE,tyre_pressure,string_in_numeric,detection,0.0046,True
d29c10ccf770,silverstone_RACE,aero_load,string_in_numeric,detection,0.0046,True
b2a07d2a169b,silverstone_RACE,engine_temp,string_in_numeric,detection,0.0044,True
999ed4c2518d,silverstone_RACE,ecu_canbus_alt,schema_drift,detection,0.0091,True
031017f106de,silverstone_RACE,g_force_lateral_v2,schema_drift,detection,0.009,True
9c6e89ce91ee,silverstone_RACE,tyre_pressure,duplicate_timestamp,detection,0.0081,True
6104464a8696,silverstone_RACE,ecu_canbus,string_in_numeric,detection,0.0049,True
d52556086d9e,silverstone_RACE,ecu_canbus,string_in_numeric,detection,0.0043,True
cea13d58bb5f,silverstone_RACE,brake_temp_new,schema_drift,detection,0.0131,True
5d169bb0713d,silverstone_RACE,tyre_pressure_raw,schema_drift,detection,0.0096,True
0851c8d61eba,silverstone_RACE,speed,string_in_numeric,detection,0.0048,True
adb4650c475b,silverstone_RACE,brake_temp,string_in_numeric,detection,0.0046,True
6f62b15036cd,silverstone_RACE,engine_temp,duplicate_timestamp,detection,0.0079,True
a10a30320173,silverstone_RACE,g_force_lateral,duplicate_timestamp,detection,0.0081,True
3eeca64df2c0,silverstone_RACE,brake_temp_raw,schema_drift,detection,0.0091,True
bb174bba907d,silverstone_RACE,ecu_canbus,duplicate_timestamp,detection,0.0091,True
4409b815c860,silverstone_RACE,aero_load_canbus,schema_drift,detection,0.0093,True
58a5827204aa,silverstone_RACE,heart_rate,duplicate_timestamp,detection,0.0079,True
75d01e5d0e70,silverstone_RACE,brake_temp,string_in_numeric,detection,0.0045,True
04b5f3a38da1,silverstone_RACE,ecu_canbus_new,schema_drift,detection,0.0093,True
3d2371f0549b,silverstone_RACE,tyre_pressure_raw,schema_drift,detection,0.0107,True
bb964e17ee99,silverstone_RACE,throttle_alt,schema_drift,detection,0.0086,True
0fcbcad86b4d,silverstone_RACE,rpm,string_in_numeric,detection,0.0043,True
bb9c72c00385,silverstone_RACE,heart_rate_raw,schema_drift,detection,0.0085,True
33f1c67da5dc,silverstone_RACE,throttle,duplicate_timestamp,detection,0.0075,True
c9d9020e46df,silverstone_RACE,ecu_canbus_new,schema_drift,detection,0.0089,True
4e53253cfdc4,silverstone_RACE,speed_alt,schema_drift,detection,0.0087,True
e0be7fb91aa4,silverstone_RACE,brake_temp,duplicate_timestamp,detection,0.0079,True
2ab77989aac6,silverstone_RACE,tyre_pressure,string_in_numeric,detection,0.0047,True
646a336a8806,silverstone_RACE,heart_rate,duplicate_timestamp,detection,0.0082,True
41c6a3d9ad44,silverstone_RACE,ecu_canbus,string_in_numeric,detection,0.0046,True
d7af06089557,silverstone_RACE,throttle_canbus,schema_drift,detection,0.0096,True
d750075b7daa,silverstone_RACE,ecu_canbus_alt,schema_drift,detection,0.0127,True
6b998613450b,silverstone_RACE,ecu_canbus,string_in_numeric,detection,0.0044,True
4f03e54930f3,silverstone_RACE,ecu_canbus,duplicate_timestamp,detection,0.0086,True
078e18680bd5,silverstone_RACE,brake_temp_new,schema_drift,detection,0.0087,True
9b30525b3ea6,silverstone_RACE,aero_load_alt,schema_drift,detection,0.0091,True
72044e76acf1,silverstone_RACE,tyre_pressure_v2,schema_drift,detection,0.0087,True
7069b80931da,silverstone_RACE,speed,string_in_numeric,detection,0.0045,True
e05070b5c1ab,silverstone_RACE,speed,duplicate_timestamp,detection,0.0088,True
5350adcd41a7,silverstone_RACE,rpm,string_in_numeric,detection,0.0057,True
192c476aaa9b,silverstone_RACE,rpm_alt,schema_drift,detection,0.0095,True
78f5009d9337,silverstone_RACE,ecu_canbus_raw,schema_drift,detection,0.0124,True
b49a3073e852,silverstone_RACE,tyre_pressure_alt,schema_drift,detection,0.0088,True
43e3d58f697b,silverstone_RACE,rpm_new,schema_drift,detection,0.0128,True
7fb802a270c8,silverstone_RACE,aero_load,string_in_numeric,detection,0.0045,True
d700c48ba1f0,silverstone_RACE,aero_load,string_in_numeric,detection,0.0046,True
ad5e09ce12f9,silverstone_RACE,ecu_canbus_v2,schema_drift,detection,0.0091,True
9cbbb4ab57eb,silverstone_RACE,engine_temp,duplicate_timestamp,detection,0.0076,True
817d2824f48b,silverstone_RACE,heart_rate_new,schema_drift,detection,0.0088,True
35846fde25fc,silverstone_RACE,brake_temp,string_in_numeric,detection,0.0044,True
e1991cc7860e,silverstone_RACE,aero_load,duplicate_timestamp,detection,0.0085,True
88b7513c497e,silverstone_RACE,speed,duplicate_timestamp,detection,0.0088,True
0205fc594ba3,silverstone_RACE,heart_rate,duplicate_timestamp,detection,0.0076,True
807a1d3d326a,silverstone_RACE,ecu_canbus,duplicate_timestamp,detection,0.0076,True
44385db83a08,silverstone_RACE,heart_rate,string_in_numeric,detection,0.0044,True
6d8ba3b19e3d,silverstone_RACE,engine_temp,string_in_numeric,detection,0.0045,True
923b75e12113,silverstone_RACE,aero_load,string_in_numeric,detection,0.0047,True
f6791ae5ee74,silverstone_RACE,tyre_pressure,string_in_numeric,detection,0.0047,True
d9c47f7df2cb,silverstone_RACE,aero_load,string_in_numeric,detection,0.0045,True
ea0b17722c8d,silverstone_RACE,brake_temp,string_in_numeric,detection,0.0044,True
44d4968f016a,silverstone_RACE,engine_temp_v2,schema_drift,detection,0.0087,True
91df56c1d734,silverstone_RACE,tyre_pressure,duplicate_timestamp,detection,0.0086,True
5bb9e743e2eb,silverstone_RACE,g_force_lateral,string_in_numeric,detection,0.0048,True
544cb5e53212,silverstone_RACE,rpm_raw,schema_drift,detection,0.009,True
c0e4a673ebbc,silverstone_RACE,rpm,string_in_numeric,detection,0.0043,True
05743ef82484,silverstone_RACE,engine_temp,duplicate_timestamp,detection,0.0077,True
b3b0e3f4248b,silverstone_RACE,heart_rate,string_in_numeric,detection,0.0051,True
9fc9e02075f4,silverstone_RACE,throttle,duplicate_timestamp,detection,0.0083,True
209bc281e95a,silverstone_RACE,g_force_lateral,duplicate_timestamp,detection,0.0079,True
d1bb21797c1a,silverstone_RACE,rpm_v2,schema_drift,detection,0.0088,True
946718bc715d,silverstone_RACE,engine_temp_canbus,schema_drift,detection,0.0088,True
69be515e63f1,silverstone_RACE,rpm_v2,schema_drift,detection,0.009,True
d559eb859561,silverstone_RACE,heart_rate_raw,schema_drift,detection,0.0092,True
e84952088ab6,silverstone_RACE,rpm_raw,schema_drift,detection,0.0087,True
8094b0f6441a,silverstone_RACE,ecu_canbus,string_in_numeric,detection,0.0047,True
e9272d7f5141,silverstone_RACE,brake_temp,string_in_numeric,detection,0.0043,True
0274fd53015d,silverstone_RACE,g_force_lateral,string_in_numeric,detection,0.0049,True
d470c19080fe,silverstone_RACE,heart_rate_raw,schema_drift,detection,0.0088,True
383172f7e16c,silverstone_RACE,heart_rate,string_in_numeric,detection,0.0047,True
284581b296c8,silverstone_RACE,tyre_pressure,string_in_numeric,detection,0.0044,True
c19f2b2af83e,silverstone_RACE,aero_load,string_in_numeric,detection,0.0046,True
ba2b84eacc28,silverstone_RACE,rpm_new,schema_drift,detection,0.0198,True
944652667c6a,silverstone_RACE,aero_load,duplicate_timestamp,detection,0.0076,True
d0a3ca872e65,silverstone_RACE,rpm,duplicate_timestamp,detection,0.0081,True
ff44c0ac8106,silverstone_RACE,throttle_alt,schema_drift,detection,0.0094,True
cb43376a1aa5,silverstone_RACE,rpm_canbus,schema_drift,detection,0.0103,True
c0e4a6af1c7c,silverstone_RACE,rpm,string_in_numeric,detection,0.0043,True
a3160c412991,silverstone_RACE,ecu_canbus_raw,schema_drift,detection,0.0091,True
cc64d752268e,silverstone_RACE,engine_temp_canbus,schema_drift,detection,0.0114,True
76118051845b,silverstone_RACE,throttle_alt,schema_drift,detection,0.0092,True
67b1c53dcf96,silverstone_RACE,speed,string_in_numeric,detection,0.013,True
a2a5dfb11c24,silverstone_RACE,rpm,duplicate_timestamp,detection,0.0079,True
7483b46775c1,silverstone_RACE,ecu_canbus,string_in_numeric,detection,0.0047,True
15ef1f4f6d23,silverstone_RACE,ecu_canbus_new,schema_drift,detection,0.0089,True
a710f05c022a,silverstone_RACE,rpm_new,schema_drift,detection,0.0087,True
57a3eaedcf2e,silverstone_RACE,heart_rate,duplicate_timestamp,detection,0.0078,True
e94987374028,silverstone_RACE,g_force_lateral,duplicate_timestamp,detection,0.0077,True
9bdd4c89b68d,silverstone_RACE,ecu_canbus_alt,schema_drift,detection,0.009,True
426e3ee0e8cb,silverstone_RACE,g_force_lateral,string_in_numeric,detection,0.0042,True
0bdd3922bb47,silverstone_RACE,engine_temp,string_in_numeric,detection,0.0046,True
69e173dc7322,silverstone_RACE,rpm,duplicate_timestamp,detection,0.0077,True
b508fa797755,silverstone_RACE,speed_raw,schema_drift,detection,0.0101,True
a60dec044710,silverstone_RACE,tyre_pressure_raw,schema_drift,detection,0.0082,True
6acc9eb8acd8,silverstone_RACE,brake_temp,string_in_numeric,detection,0.0044,True
cbe138cdcdcb,silverstone_RACE,engine_temp_canbus,schema_drift,detection,0.0086,True
27ec7e73ee9e,silverstone_RACE,tyre_pressure,duplicate_timestamp,detection,0.0102,True
3726defe83d5,silverstone_RACE,tyre_pressure_v2,schema_drift,detection,0.0085,True
849929fe83c9,silverstone_RACE,speed_canbus,schema_drift,detection,0.0091,True
3efc2e4781b2,silverstone_RACE,speed_v2,schema_drift,detection,0.0091,True
55b5116c6d1f,silverstone_RACE,speed,string_in_numeric,detection,0.0055,True
ea43c8700805,silverstone_RACE,heart_rate_raw,schema_drift,detection,0.0087,True
294a58dc3956,silverstone_RACE,heart_rate_canbus,schema_drift,detection,0.0093,True
fb0904b33e7c,silverstone_RACE,brake_temp,string_in_numeric,detection,0.0046,True
0bcdeeb064bc,silverstone_RACE,aero_load_canbus,schema_drift,detection,0.0093,True
be8523c03174,silverstone_RACE,g_force_lateral,duplicate_timestamp,detection,0.0081,True
8725244b61db,silverstone_RACE,ecu_canbus,string_in_numeric,detection,0.0113,True
5e2c3374e86e,silverstone_RACE,throttle_raw,schema_drift,detection,0.0088,True
e480a768e92f,silverstone_RACE,rpm,string_in_numeric,detection,0.0045,True
09dbb48c0231,silverstone_RACE,ecu_canbus_canbus,schema_drift,detection,0.0089,True
acb18296104f,silverstone_RACE,rpm,duplicate_timestamp,detection,0.0074,True
45920937697a,silverstone_RACE,throttle,duplicate_timestamp,detection,0.0078,True
11b9ca322ae0,silverstone_RACE,throttle,duplicate_timestamp,detection,0.0075,True
2922980798fe,silverstone_RACE,throttle,duplicate_timestamp,detection,0.0077,True
c4f1eaa2deb2,silverstone_RACE,aero_load_raw,schema_drift,detection,0.0089,True
5eae3b9bb305,silverstone_RACE,ecu_canbus,string_in_numeric,detection,0.0047,True
73dc7a8b1f0b,silverstone_RACE,rpm,string_in_numeric,detection,0.0046,True
8134166e77f4,silverstone_RACE,engine_temp_canbus,schema_drift,detection,0.0086,True
95982dc52ec0,silverstone_RACE,heart_rate,duplicate_timestamp,detection,0.0075,True
fd13613bebcc,silverstone_RACE,speed,duplicate_timestamp,detection,0.0078,True
3bba1c647993,silverstone_RACE,engine_temp,string_in_numeric,detection,0.0046,True
3ae3dc15f97d,silverstone_RACE,aero_load,duplicate_timestamp,detection,0.0082,True
c6f89e51fff8,silverstone_RACE,aero_load_canbus,schema_drift,detection,0.0091,True
dc12c2ac744f,silverstone_RACE,aero_load,string_in_numeric,detection,0.0046,True
2f64529940de,silverstone_RACE,brake_temp_alt,schema_drift,detection,0.0082,True
e85d2ed02aec,silverstone_RACE,speed,string_in_numeric,detection,0.0045,True
53b125cf42ef,silverstone_RACE,g_force_lateral,duplicate_timestamp,detection,0.0079,True
d26376c6dd76,silverstone_RACE,aero_load,string_in_numeric,detection,0.0045,True
4281a2e37b9b,silverstone_RACE,engine_temp,string_in_numeric,detection,0.0048,True
a08df3dd2a2a,silverstone_RACE,engine_temp,string_in_numeric,detection,0.0047,True
4203d18ed68f,silverstone_RACE,brake_temp,string_in_numeric,detection,0.0043,True
4815b22c5147,silverstone_RACE,g_force_lateral,string_in_numeric,detection,0.0046,True
674800a2a459,silverstone_RACE,speed_new,schema_drift,detection,0.009,True
9ef9a98eb59b,silverstone_RACE,speed_raw,schema_drift,detection,0.0091,True
4108ffb6e41a,silverstone_RACE,speed_canbus,schema_drift,detection,0.0093,True
07033ca19497,silverstone_RACE,throttle_canbus,schema_drift,detection,0.0085,True
bc9209155eaa,silverstone_RACE,rpm,duplicate_timestamp,detection,0.008,True
6ddde9f06695,silverstone_RACE,brake_temp_raw,schema_drift,detection,0.0085,True
e9a024f81b8c,silverstone_RACE,engine_temp,duplicate_timestamp,detection,0.0078,True
7a1475f4c7ab,silverstone_RACE,g_force_lateral,string_in_numeric,detection,0.0047,True
54d959bc0e06,silverstone_RACE,throttle,duplicate_timestamp,detection,0.0079,True
2adbae7fdb20,silverstone_RACE,brake_temp_new,schema_drift,detection,0.0084,True
4188f65ca40f,silverstone_RACE,throttle,duplicate_timestamp,detection,0.0078,True
3551729bfb3a,silverstone_RACE,brake_temp_raw,schema_drift,detection,0.0094,True
07c2c6386b5b,silverstone_RACE,engine_temp_canbus,schema_drift,detection,0.0085,True
592bec2b3ec0,silverstone_RACE,heart_rate_new,schema_drift,detection,0.0085,True
5e30f596a238,silverstone_RACE,rpm,string_in_numeric,detection,0.0045,True
ba646fee7b95,silverstone_RACE,engine_temp,string_in_numeric,detection,0.0046,True
eb3155908ac7,silverstone_RACE,heart_rate,duplicate_timestamp,detection,0.0083,True
319c0ce1f98a,silverstone_RACE,tyre_pressure,duplicate_timestamp,detection,0.0101,True
fed34939d2c6,silverstone_RACE,throttle_alt,schema_drift,detection,0.0098,True
72258014f4c7,silverstone_RACE,aero_load,duplicate_timestamp,detection,0.0081,True
95507a84aa1f,silverstone_RACE,engine_temp,string_in_numeric,detection,0.0045,True
7a8894f0cdc4,silverstone_RACE,throttle,duplicate_timestamp,detection,0.0084,True
5ea8f5400c9f,silverstone_RACE,brake_temp,duplicate_timestamp,detection,0.0077,True
de5ad137997e,silverstone_RACE,aero_load,string_in_numeric,detection,0.0043,True
82894308e759,silverstone_RACE,throttle,duplicate_timestamp,detection,0.0085,True
60dd43252fc1,silverstone_RACE,rpm,duplicate_timestamp,detection,0.0084,True
e9ddbc8dc63c,silverstone_RACE,g_force_lateral,string_in_numeric,detection,0.0049,True
17fb52d98be2,silverstone_RACE,aero_load,duplicate_timestamp,detection,0.0077,True
c15526b0fb9b,silverstone_RACE,engine_temp,duplicate_timestamp,detection,0.0077,True
5da2371dcf19,silverstone_RACE,rpm,duplicate_timestamp,detection,0.0079,True
060a7e410bca,silverstone_RACE,engine_temp,duplicate_timestamp,detection,0.0074,True
a99875548f60,silverstone_RACE,g_force_lateral,duplicate_timestamp,detection,0.0081,True
4261aed44e59,silverstone_RACE,engine_temp,duplicate_timestamp,detection,0.0081,True
2076bec3e2b6,silverstone_RACE,aero_load_raw,schema_drift,detection,0.0088,True
e5aeac00e546,silverstone_RACE,tyre_pressure_canbus,schema_drift,detection,0.0085,True
a2ef870c2564,silverstone_RACE,g_force_lateral_v2,schema_drift,detection,0.0089,True
7b28c005e527,silverstone_RACE,rpm,duplicate_timestamp,detection,0.0081,True
b6ec54c5b779,silverstone_RACE,tyre_pressure_v2,schema_drift,detection,0.0086,True
23a829409cd0,silverstone_RACE,aero_load_new,schema_drift,detection,0.0087,True
8017c0c6e325,silverstone_RACE,engine_temp,duplicate_timestamp,detection,0.0082,True
04c8e82472f0,silverstone_RACE,speed,duplicate_timestamp,detection,0.0101,True
1cdd237c21f6,silverstone_RACE,brake_temp,duplicate_timestamp,detection,0.0074,True
fb290976bcbe,silverstone_RACE,rpm,string_in_numeric,detection,0.0045,True
1d34e2d892a0,silverstone_RACE,ecu_canbus_new,schema_drift,detection,0.0086,True
9cbf8735328a,silverstone_RACE,heart_rate_raw,schema_drift,detection,0.009,True
84a68486c8ec,silverstone_RACE,g_force_lateral,string_in_numeric,detection,0.0053,True
ec6195c2a8ab,silverstone_RACE,heart_rate,string_in_numeric,detection,0.0044,True
629b9a8d41a8,silverstone_RACE,g_force_lateral_v2,schema_drift,detection,0.0133,True
fe29cad29dd1,silverstone_RACE,rpm_new,schema_drift,detection,0.0094,True
815fbd3fac0b,silverstone_RACE,throttle,string_in_numeric,detection,0.0046,True
150104d3e5c8,silverstone_RACE,speed,duplicate_timestamp,detection,0.0107,True
14b354588186,silverstone_RACE,speed,duplicate_timestamp,detection,0.0081,True
ef8b7205dd91,silverstone_RACE,tyre_pressure_alt,schema_drift,detection,0.0087,True
3eb17f891e49,silverstone_RACE,ecu_canbus,duplicate_timestamp,detection,0.0075,True
026bb8424ca3,silverstone_RACE,speed,string_in_numeric,detection,0.0046,True
72b583bfce7b,silverstone_RACE,aero_load_alt,schema_drift,detection,0.0088,True
36053dcaded3,silverstone_RACE,engine_temp,string_in_numeric,detection,0.0051,True
470d6c360fbe,silverstone_RACE,tyre_pressure_alt,schema_drift,detection,0.0103,True
7aacb0466c75,budapest_FP1,engine_temp,string_in_numeric,detection,0.0047,True
4e02b1dc8717,budapest_FP1,ecu_canbus_raw,schema_drift,detection,0.0074,True
9910cabb1448,budapest_FP1,rpm_new,schema_drift,detection,0.0093,True
86cb50df24c7,budapest_FP1,aero_load_v2,schema_drift,detection,0.009,True
875cbb9df30e,budapest_FP1,aero_load,duplicate_timestamp,detection,0.0079,True
da7d94ed7b97,budapest_FP1,speed,string_in_numeric,detection,0.0045,True
098451f90a86,budapest_FP1,brake_temp_new,schema_drift,detection,0.009,True
6c2f55d19067,budapest_FP1,tyre_pressure_new,schema_drift,detection,0.0656,True
a99766a7ede0,budapest_FP1,brake_temp,string_in_numeric,detection,0.0045,True
164b7629a079,budapest_FP1,ecu_canbus,string_in_numeric,detection,0.0043,True
acb9cdbcc8dd,budapest_FP1,tyre_pressure_canbus,schema_drift,detection,0.0113,True
c76c782f1e52,budapest_FP1,speed_canbus,schema_drift,detection,0.0095,True
9267f9fe7a25,budapest_FP1,speed,duplicate_timestamp,detection,0.0076,True
d67427f16bb3,budapest_FP1,speed,duplicate_timestamp,detection,0.008,True
a1d08b19e165,budapest_FP1,ecu_canbus,duplicate_timestamp,detection,0.0077,True
239056102b06,budapest_FP1,brake_temp,string_in_numeric,detection,0.0046,True
bc44bb15f342,budapest_FP1,tyre_pressure,duplicate_timestamp,detection,0.0083,True
ce92270794aa,budapest_FP1,tyre_pressure,duplicate_timestamp,detection,0.0076,True
0437524b1656,budapest_FP1,tyre_pressure_v2,schema_drift,detection,0.0093,True
08aa459e5168,budapest_FP1,speed_alt,schema_drift,detection,0.0089,True
8fa3cfc23ce4,budapest_FP1,brake_temp,string_in_numeric,detection,0.0069,True
e16334f042eb,budapest_FP1,engine_temp,string_in_numeric,detection,0.0047,True
64b2ca67e470,budapest_FP1,rpm,string_in_numeric,detection,0.0044,True
aff8f4e4353a,budapest_FP1,brake_temp,string_in_numeric,detection,0.0045,True
6eb579e11308,budapest_FP1,throttle_v2,schema_drift,detection,0.0088,True
5f0e64bba860,budapest_FP1,speed_new,schema_drift,detection,0.0092,True
5200cde9e97b,budapest_FP1,ecu_canbus,string_in_numeric,detection,0.0048,True
12df1e6e7c8f,budapest_FP1,ecu_canbus,string_in_numeric,detection,0.0045,True
0a5200066d8b,budapest_FP1,throttle,duplicate_timestamp,detection,0.0095,True
b3f6f956d9b2,budapest_FP1,g_force_lateral,duplicate_timestamp,detection,0.008,True
dd7051d83654,budapest_FP1,brake_temp,duplicate_timestamp,detection,0.0079,True
744304854002,budapest_FP1,tyre_pressure,duplicate_timestamp,detection,0.0082,True
c9a01ea40501,budapest_FP1,brake_temp_alt,schema_drift,detection,0.009,True
e782f1a328d0,budapest_FP1,rpm,string_in_numeric,detection,0.0045,True
f6e4c75f1417,budapest_FP1,g_force_lateral,duplicate_timestamp,detection,0.0082,True
5318164772fc,budapest_FP1,aero_load_v2,schema_drift,detection,0.0086,True
91e1f962e1e3,budapest_FP1,heart_rate,duplicate_timestamp,detection,0.0078,True
40ce1d5c6d9c,budapest_FP1,rpm,duplicate_timestamp,detection,0.0075,True
cfed2f677e64,budapest_FP1,brake_temp_canbus,schema_drift,detection,0.0149,True
8ee108d9cf85,budapest_FP1,heart_rate_canbus,schema_drift,detection,0.0093,True
76575f588033,budapest_FP1,g_force_lateral_v2,schema_drift,detection,0.0095,True
6710f2184135,budapest_FP1,rpm,string_in_numeric,detection,0.0044,True
c082afab4ee3,budapest_FP1,heart_rate,string_in_numeric,detection,0.0045,True
de90c70bc99b,budapest_FP1,speed,duplicate_timestamp,detection,0.0083,True
37d840c6d108,budapest_FP1,g_force_lateral,string_in_numeric,detection,0.0046,True
499945e4954d,budapest_FP1,aero_load,duplicate_timestamp,detection,0.008,True
c7115d38871d,budapest_FP1,heart_rate_new,schema_drift,detection,0.0089,True
d6ea47841d0a,budapest_FP1,brake_temp,duplicate_timestamp,detection,0.0081,True
e6466fcb27c7,budapest_FP1,speed,duplicate_timestamp,detection,0.0074,True
d517c313b2d6,budapest_FP1,g_force_lateral_raw,schema_drift,detection,0.0085,True
e54b8c365022,budapest_FP1,ecu_canbus,duplicate_timestamp,detection,0.0077,True
1326f3859057,budapest_FP1,throttle_new,schema_drift,detection,0.0096,True
ffddd087b91b,budapest_FP1,brake_temp,string_in_numeric,detection,0.0048,True
5344fefa6550,budapest_FP1,aero_load_alt,schema_drift,detection,0.0093,True
363135f86220,budapest_FP1,ecu_canbus,duplicate_timestamp,detection,0.0076,True
b34e91c65f4c,budapest_FP1,rpm,string_in_numeric,detection,0.0044,True
5378c7af8fc9,budapest_FP1,brake_temp,string_in_numeric,detection,0.0045,True
9955d378e503,budapest_FP1,throttle,duplicate_timestamp,detection,0.0087,True
feb1257795d2,budapest_FP1,throttle,duplicate_timestamp,detection,0.0081,True
b2bf3d123456,budapest_FP1,ecu_canbus_new,schema_drift,detection,0.009,True
c5478c489642,budapest_FP1,rpm_v2,schema_drift,detection,0.0102,True
bbc41f4c498b,budapest_FP1,aero_load,duplicate_timestamp,detection,0.0077,True
d9502f8c974f,budapest_FP1,rpm,string_in_numeric,detection,0.0045,True
b229c649c176,budapest_FP1,speed,duplicate_timestamp,detection,0.0076,True
66bf8fff799c,budapest_FP1,speed,string_in_numeric,detection,0.0044,True
da4ab73b6e48,budapest_FP1,ecu_canbus,duplicate_timestamp,detection,0.0137,True
5bf3dc5fc571,budapest_FP1,engine_temp,string_in_numeric,detection,0.0046,True
8cfa159aeb93,budapest_FP1,aero_load,string_in_numeric,detection,0.0043,True
e38def333208,budapest_FP1,throttle_new,schema_drift,detection,0.0091,True
dddd33122870,budapest_FP1,throttle_raw,schema_drift,detection,0.0091,True
4a522284f1bf,budapest_FP1,rpm,string_in_numeric,detection,0.0045,True
4ba992ee12a7,budapest_FP1,speed_v2,schema_drift,detection,0.0088,True
2262d01903c2,budapest_FP1,ecu_canbus,duplicate_timestamp,detection,0.0076,True
6c34816f003d,budapest_FP1,throttle,string_in_numeric,detection,0.0046,True
2d231d06a2ec,budapest_FP1,brake_temp,duplicate_timestamp,detection,0.008,True
6c72dde84adb,budapest_FP1,speed_new,schema_drift,detection,0.0089,True
1e8cc996a291,budapest_FP1,throttle,duplicate_timestamp,detection,0.0078,True
7627675e4986,budapest_FP1,ecu_canbus,string_in_numeric,detection,0.0043,True
2ec05ceeddae,budapest_FP1,rpm_canbus,schema_drift,detection,0.0092,True
6aa37b455e58,budapest_FP1,rpm,string_in_numeric,detection,0.0043,True
de160128e7a5,budapest_FP1,rpm,duplicate_timestamp,detection,0.0081,True
60b8241c235d,budapest_FP1,ecu_canbus_new,schema_drift,detection,0.0098,True
9839c088adc0,budapest_FP1,throttle_raw,schema_drift,detection,0.0088,True
a9b7af116a82,budapest_FP1,g_force_lateral_v2,schema_drift,detection,0.0088,True
74128e3a7f3f,budapest_FP1,ecu_canbus,string_in_numeric,detection,0.0046,True
876a5d96098b,budapest_FP1,ecu_canbus,string_in_numeric,detection,0.0047,True
80af631d0cd6,budapest_FP1,brake_temp,duplicate_timestamp,detection,0.007,True
fc058806b5ac,budapest_FP1,throttle_canbus,schema_drift,detection,0.0091,True
1cad4d7daf7b,budapest_FP1,brake_temp,string_in_numeric,detection,0.0048,True
25d5e8810ad5,budapest_FP1,ecu_canbus,string_in_numeric,detection,0.0046,True
9bf72a995a5c,budapest_FP1,throttle_raw,schema_drift,detection,0.0092,True
ffed2a53ff15,budapest_FP1,speed_raw,schema_drift,detection,0.0088,True
d9e2b46898e3,budapest_FP1,speed_v2,schema_drift,detection,0.0089,True
c77963bc5bb4,budapest_FP1,brake_temp,string_in_numeric,detection,0.0044,True
59bb94633fc3,budapest_FP1,tyre_pressure,string_in_numeric,detection,0.0059,True
4c2a81f881e7,budapest_FP1,brake_temp,string_in_numeric,detection,0.0048,True
47e6dad350d3,budapest_FP1,heart_rate,duplicate_timestamp,detection,0.0085,True
a15503e6cd2f,budapest_FP1,brake_temp_raw,schema_drift,detection,0.0089,True
645761161d1d,budapest_FP1,tyre_pressure_new,schema_drift,detection,0.0087,True
60c95cbc1e30,budapest_FP1,tyre_pressure,string_in_numeric,detection,0.0047,True
61f8ca54e8de,budapest_FP1,g_force_lateral,string_in_numeric,detection,0.0045,True
b6a166ae321f,budapest_FP1,ecu_canbus,duplicate_timestamp,detection,0.008,True
485ed2b30a07,budapest_FP1,throttle,string_in_numeric,detection,0.0045,True
46ffc8ebfef0,budapest_FP1,rpm_raw,schema_drift,detection,0.0097,True
997173bf065f,budapest_FP1,speed,string_in_numeric,detection,0.0045,True
513421a275d0,budapest_FP1,engine_temp,duplicate_timestamp,detection,0.0076,True
e2f28c63623f,budapest_FP1,aero_load,duplicate_timestamp,detection,0.0076,True
d64371c9fe2d,budapest_FP1,brake_temp_canbus,schema_drift,detection,0.0093,True
9ad46b1d43f9,budapest_FP1,g_force_lateral,string_in_numeric,detection,0.005,True
dd726ee555ed,budapest_FP1,brake_temp,duplicate_timestamp,detection,0.0084,True
a2de736a1268,budapest_FP1,engine_temp,duplicate_timestamp,detection,0.0082,True
b24d8739c6f8,budapest_FP1,speed,duplicate_timestamp,detection,0.0155,True
6e8960b0b866,budapest_FP1,throttle,duplicate_timestamp,detection,0.0081,True
4c2cf20dbbe7,budapest_FP1,aero_load,string_in_numeric,detection,0.0047,True
f4db0b0cc82e,budapest_FP1,g_force_lateral_alt,schema_drift,detection,0.0086,True
6ca81911a623,budapest_FP1,throttle,duplicate_timestamp,detection,0.0077,True
93470ff6c557,budapest_FP1,rpm,string_in_numeric,detection,0.0045,True
1ab3e71ed621,budapest_FP1,rpm,string_in_numeric,detection,0.0048,True
b32e003a2a7b,budapest_FP1,engine_temp,duplicate_timestamp,detection,0.008,True
fb0746ec5df6,budapest_FP1,g_force_lateral,duplicate_timestamp,detection,0.0088,True
5c2307f87582,budapest_FP1,tyre_pressure_alt,schema_drift,detection,0.0194,True
7896185e8f8d,budapest_FP1,engine_temp_raw,schema_drift,detection,0.0085,True
30f8ce053527,budapest_FP1,tyre_pressure_v2,schema_drift,detection,0.0085,True
280737fd0e96,budapest_FP1,speed_raw,schema_drift,detection,0.0089,True
90c61a943d22,budapest_FP1,throttle,string_in_numeric,detection,0.0045,True
5f84c2fe8422,budapest_FP1,throttle,duplicate_timestamp,detection,0.0078,True
bb27ddc9d71a,budapest_FP1,engine_temp,duplicate_timestamp,detection,0.0081,True
d1123e7b367b,budapest_FP1,heart_rate,string_in_numeric,detection,0.0045,True
fc0086775f10,budapest_FP1,heart_rate_v2,schema_drift,detection,0.0088,True
281234e1c925,budapest_FP1,engine_temp,string_in_numeric,detection,0.0047,True
82af581825dd,budapest_FP1,rpm,duplicate_timestamp,detection,0.0076,True
42024ec95e6c,budapest_FP1,tyre_pressure,duplicate_timestamp,detection,0.0078,True
e2fe459d1a3e,budapest_FP1,speed,string_in_numeric,detection,0.0043,True
5b97512bc1d2,budapest_FP1,heart_rate,duplicate_timestamp,detection,0.0076,True
744d16577a47,budapest_FP1,g_force_lateral,duplicate_timestamp,detection,0.0086,True
9ec8c8c1b2c5,budapest_FP1,ecu_canbus,duplicate_timestamp,detection,0.0072,True
b135230bf0d4,budapest_FP1,heart_rate,string_in_numeric,detection,0.005,True
8479048af802,budapest_FP1,engine_temp_v2,schema_drift,detection,0.0084,True
229793381026,budapest_FP1,ecu_canbus_canbus,schema_drift,detection,0.0097,True
2cf3cce7521c,budapest_FP1,g_force_lateral,duplicate_timestamp,detection,0.0077,True
fa780b24de7d,budapest_FP1,ecu_canbus,duplicate_timestamp,detection,0.008,True
420bb27ad779,budapest_FP1,ecu_canbus,duplicate_timestamp,detection,0.0074,True
2f0bec47d059,budapest_FP1,aero_load,string_in_numeric,detection,0.0049,True
f5b966041649,budapest_FP1,heart_rate,duplicate_timestamp,detection,0.0091,True
2e2968dbe794,budapest_FP1,tyre_pressure_raw,schema_drift,detection,0.0085,True
5b2a9d58cca6,budapest_FP1,speed_v2,schema_drift,detection,0.0086,True
f3635a7a151b,budapest_FP1,speed,duplicate_timestamp,detection,0.0083,True
1ced9765f9cd,budapest_FP1,speed,duplicate_timestamp,detection,0.0095,True
337cc999a921,budapest_FP1,aero_load_v2,schema_drift,detection,0.0092,True
0ea07570e29c,budapest_FP1,aero_load_new,schema_drift,detection,0.0092,True
76e6657dca0f,budapest_FP1,aero_load,duplicate_timestamp,detection,0.0077,True
a9032ed22345,budapest_FP1,heart_rate,duplicate_timestamp,detection,0.008,True
c48fec33fd3a,budapest_FP1,speed,string_in_numeric,detection,0.0046,True
2a484bf1905f,budapest_FP1,heart_rate,duplicate_timestamp,detection,0.0081,True
e709a3e258ed,budapest_FP1,heart_rate,string_in_numeric,detection,0.0046,True
bde12545d049,budapest_FP1,aero_load,duplicate_timestamp,detection,0.0078,True
f72178d336a9,budapest_FP1,g_force_lateral,duplicate_timestamp,detection,0.0084,True
3e88fa76ab3b,budapest_FP1,brake_temp,string_in_numeric,detection,0.0044,True
ea6c897de753,budapest_FP1,heart_rate,string_in_numeric,detection,0.0044,True
62f93f15a38a,budapest_FP1,engine_temp,duplicate_timestamp,detection,0.0078,True
b52224533e03,budapest_FP1,speed_alt,schema_drift,detection,0.0091,True
637ea22e3f24,budapest_FP1,aero_load,duplicate_timestamp,detection,0.0077,True
b8e4a17ff249,budapest_FP1,tyre_pressure,duplicate_timestamp,detection,0.0113,True
929c50358635,budapest_FP1,throttle_v2,schema_drift,detection,0.0088,True
e48a86e0787f,budapest_FP1,brake_temp,duplicate_timestamp,detection,0.0081,True
33ab8f835b4f,budapest_FP1,engine_temp,string_in_numeric,detection,0.0158,True
54a9087676f7,budapest_FP1,g_force_lateral_raw,schema_drift,detection,0.0092,True
1dc621a031ef,budapest_FP1,heart_rate,duplicate_timestamp,detection,0.0077,True
a56f59365b37,budapest_FP1,ecu_canbus_alt,schema_drift,detection,0.0093,True
cc2a0d12bfae,budapest_FP1,heart_rate,string_in_numeric,detection,0.0048,True
84184e3e306f,budapest_FP1,aero_load,duplicate_timestamp,detection,0.0078,True
202751854897,budapest_FP1,ecu_canbus,string_in_numeric,detection,0.0045,True
c36c04e3c9b5,budapest_FP1,ecu_canbus,string_in_numeric,detection,0.0044,True
5d0331e23215,budapest_FP1,speed_v2,schema_drift,detection,0.0089,True
1374fd9a1fff,budapest_FP1,rpm,string_in_numeric,detection,0.0044,True
ad2790812add,budapest_FP1,heart_rate,duplicate_timestamp,detection,0.0077,True
0a9f43b90dd6,budapest_FP1,brake_temp_alt,schema_drift,detection,0.0093,True
08ed84c614b4,budapest_FP1,engine_temp,duplicate_timestamp,detection,0.0078,True
505bf46ecbb0,budapest_FP1,throttle,string_in_numeric,detection,0.0045,True
464500575177,budapest_FP1,aero_load_raw,schema_drift,detection,0.0086,True
ba629e0923da,budapest_FP1,brake_temp,string_in_numeric,detection,0.0047,True
85f244afa344,budapest_FP1,throttle,string_in_numeric,detection,0.0044,True
bf506f2e3ff9,budapest_FP1,brake_temp_new,schema_drift,detection,0.0083,True
56925da32793,budapest_FP1,brake_temp_v2,schema_drift,detection,0.0086,True
99549ce3180c,budapest_FP1,brake_temp,string_in_numeric,detection,0.0044,True
8d90d1a690d5,budapest_FP1,ecu_canbus,duplicate_timestamp,detection,0.0119,True
1ba6157ba485,budapest_FP1,tyre_pressure,string_in_numeric,detection,0.0063,True
b934f8df58bb,budapest_FP1,speed,string_in_numeric,detection,0.0045,True
318bb065fa73,budapest_FP1,aero_load_raw,schema_drift,detection,0.009,True
dfb1239c5743,budapest_FP1,throttle,duplicate_timestamp,detection,0.0078,True
79660b5662ad,budapest_FP1,g_force_lateral,duplicate_timestamp,detection,0.008,True
2b41867b0704,budapest_FP1,tyre_pressure,string_in_numeric,detection,0.0045,True
f63bbf53ccd6,budapest_FP1,ecu_canbus,duplicate_timestamp,detection,0.0083,True
e5d559e26b78,budapest_FP1,rpm,string_in_numeric,detection,0.0044,True
27a622710664,budapest_FP1,tyre_pressure,string_in_numeric,detection,0.0044,True
10c2ba2c57bc,budapest_FP1,rpm_new,schema_drift,detection,0.0087,True
651afd8b0bbf,budapest_FP1,throttle,string_in_numeric,detection,0.0045,True
d4efd42c8ad8,budapest_FP1,engine_temp,string_in_numeric,detection,0.0047,True
74bb381dbc4a,budapest_FP1,tyre_pressure_alt,schema_drift,detection,0.0085,True
3da7770c07c3,budapest_FP1,brake_temp_v2,schema_drift,detection,0.0085,True
fde0e59e5b00,budapest_FP1,g_force_lateral,duplicate_timestamp,detection,0.0084,True
3734b5d8531d,budapest_FP1,tyre_pressure,duplicate_timestamp,detection,0.0077,True
87fa8d6ea7e5,budapest_FP1,tyre_pressure,string_in_numeric,detection,0.004,True
1ecb6eb6c839,budapest_FP1,heart_rate,duplicate_timestamp,detection,0.0077,True
d4641bb87dbf,budapest_FP1,speed_alt,schema_drift,detection,0.0093,True
4363e7439139,budapest_FP1,ecu_canbus,string_in_numeric,detection,0.0045,True
6df31f4ace78,budapest_FP1,rpm,string_in_numeric,detection,0.0044,True
fef51ff037c9,budapest_FP1,rpm,string_in_numeric,detection,0.0045,True
b900a3004f66,budapest_FP1,heart_rate,string_in_numeric,detection,0.0047,True
6247ba4ffc8b,budapest_FP1,g_force_lateral,duplicate_timestamp,detection,0.0084,True
c954e7fb32a3,budapest_FP1,rpm_raw,schema_drift,detection,0.0091,True
8235f69ee760,budapest_FP1,throttle,duplicate_timestamp,detection,0.0079,True
41a26cc068fb,budapest_FP1,engine_temp,string_in_numeric,detection,0.0045,True
91bb9160228a,budapest_FP1,aero_load,string_in_numeric,detection,0.0046,True
05138139b947,budapest_FP1,speed_v2,schema_drift,detection,0.0092,True
d0c189c22881,budapest_FP1,throttle_raw,schema_drift,detection,0.0096,True
7b89c8a80db4,budapest_FP1,speed_alt,schema_drift,detection,0.0088,True
0c58cb161388,budapest_FP1,ecu_canbus_raw,schema_drift,detection,0.0089,True
fdba6d5e96a0,budapest_FP1,ecu_canbus,duplicate_timestamp,detection,0.0076,True
e7c791709962,budapest_FP1,heart_rate_canbus,schema_drift,detection,0.0091,True
129df6641014,budapest_FP1,g_force_lateral_alt,schema_drift,detection,0.0082,True
e7dccdfc0f7a,budapest_FP1,rpm,string_in_numeric,detection,0.0045,True
806515e64a08,budapest_FP1,speed,duplicate_timestamp,detection,0.008,True
a0a5d1eed4db,budapest_FP1,ecu_canbus_alt,schema_drift,detection,0.0094,True
c80a5607d4fa,budapest_FP1,engine_temp,string_in_numeric,detection,0.0048,True
5cad77d1dce4,budapest_FP1,brake_temp_canbus,schema_drift,detection,0.0087,True
4847539dbe33,budapest_FP1,heart_rate,duplicate_timestamp,detection,0.0074,True
a14fbde5c20f,budapest_FP1,speed_new,schema_drift,detection,0.0089,True
0a0f22758019,budapest_FP1,engine_temp_alt,schema_drift,detection,0.0086,True
34a949024a20,budapest_FP1,speed_new,schema_drift,detection,0.0092,True
5bccf80927b3,budapest_FP2,tyre_pressure,string_in_numeric,detection,0.0046,True
35e244470b6c,budapest_FP2,heart_rate,duplicate_timestamp,detection,0.0077,True
c66e56cd73f6,budapest_FP2,heart_rate,string_in_numeric,detection,0.0046,True
436b5d6f8fde,budapest_FP2,brake_temp_new,schema_drift,detection,0.0088,True
6a975f975abe,budapest_FP2,rpm,string_in_numeric,detection,0.0045,True
d75b7a64b941,budapest_FP2,engine_temp,duplicate_timestamp,detection,0.0076,True
889b42871467,budapest_FP2,aero_load,duplicate_timestamp,detection,0.0078,True
07fe041a5c79,budapest_FP2,g_force_lateral,duplicate_timestamp,detection,0.0076,True
218845d0a2a9,budapest_FP2,g_force_lateral_canbus,schema_drift,detection,0.0089,True
9a838de64b13,budapest_FP2,engine_temp,duplicate_timestamp,detection,0.0091,True
3a59548f1151,budapest_FP2,throttle,duplicate_timestamp,detection,0.0078,True
a5dbf5f7f2ef,budapest_FP2,engine_temp,duplicate_timestamp,detection,0.008,True
fe336450f115,budapest_FP2,rpm_canbus,schema_drift,detection,0.0091,True
4e7f46b90830,budapest_FP2,throttle,string_in_numeric,detection,0.0044,True
20d80118d83d,budapest_FP2,g_force_lateral,string_in_numeric,detection,0.0046,True
1ac1862230c1,budapest_FP2,heart_rate_alt,schema_drift,detection,0.0102,True
180155df9572,budapest_FP2,tyre_pressure_alt,schema_drift,detection,0.0084,True
90710aa25426,budapest_FP2,throttle_alt,schema_drift,detection,0.0088,True
5d6a40827bd2,budapest_FP2,throttle,string_in_numeric,detection,0.0046,True
27d03b8c3f2c,budapest_FP2,throttle_canbus,schema_drift,detection,0.0091,True
1d76c5d21010,budapest_FP2,aero_load,string_in_numeric,detection,0.0047,True
b85adc883714,budapest_FP2,brake_temp,string_in_numeric,detection,0.0049,True
71771ab69c35,budapest_FP2,rpm,string_in_numeric,detection,0.0043,True
df443fbf8d7f,budapest_FP2,rpm_alt,schema_drift,detection,0.0099,True
95abccfb409f,budapest_FP2,brake_temp,duplicate_timestamp,detection,0.0074,True
db0f6eda1287,budapest_FP2,ecu_canbus_new,schema_drift,detection,0.0089,True
9739fae95286,budapest_FP2,brake_temp,string_in_numeric,detection,0.0045,True
6d7bf9170cd8,budapest_FP2,ecu_canbus,string_in_numeric,detection,0.0046,True
43f2db8791c7,budapest_FP2,heart_rate,string_in_numeric,detection,0.0036,True
68d035399960,budapest_FP2,tyre_pressure,duplicate_timestamp,detection,0.0107,True
1162df055bb9,budapest_FP2,speed,duplicate_timestamp,detection,0.0064,True
237a32feb624,budapest_FP2,rpm,duplicate_timestamp,detection,0.0079,True
09d682dbfde8,budapest_FP2,brake_temp,string_in_numeric,detection,0.0045,True
d6569ce7d121,budapest_FP2,speed,string_in_numeric,detection,0.0047,True
173335c3d23a,budapest_FP2,engine_temp_canbus,schema_drift,detection,0.0091,True
0deb0c2f7f62,budapest_FP2,speed,duplicate_timestamp,detection,0.0078,True
827634b07fad,budapest_FP2,aero_load,duplicate_timestamp,detection,0.0082,True
5fb57718c320,budapest_FP2,throttle_raw,schema_drift,detection,0.0091,True
f5dd404ce33d,budapest_FP2,heart_rate,duplicate_timestamp,detection,0.0078,True
e6bea19d5728,budapest_FP2,g_force_lateral_v2,schema_drift,detection,0.0086,True
80dbd26b11e0,budapest_FP2,tyre_pressure,string_in_numeric,detection,0.0045,True
f8bbdb70650d,budapest_FP2,speed_alt,schema_drift,detection,0.0101,True
34f4cf998cbc,budapest_FP2,aero_load_canbus,schema_drift,detection,0.0089,True
538e43ee4ce5,budapest_FP2,rpm_alt,schema_drift,detection,0.0094,True
70925ceded0f,budapest_FP2,engine_temp,duplicate_timestamp,detection,0.0074,True
e5d1c890b7be,budapest_FP2,tyre_pressure,string_in_numeric,detection,0.0046,True
5a6e8af165d3,budapest_FP2,speed_v2,schema_drift,detection,0.0086,True
9293718e6bc5,budapest_FP2,heart_rate_new,schema_drift,detection,0.009,True
1d47b8cf81bb,budapest_FP2,ecu_canbus_v2,schema_drift,detection,0.0092,True
0a8cc36a99f0,budapest_FP2,heart_rate_canbus,schema_drift,detection,0.009,True
281eb14b6571,budapest_FP2,aero_load_raw,schema_drift,detection,0.0086,True
f4db54ec8752,budapest_FP2,tyre_pressure_alt,schema_drift,detection,0.0083,True
8b7449ebcf6c,budapest_FP2,tyre_pressure,string_in_numeric,detection,0.0045,True
a8ad075b27cc,budapest_FP2,speed,duplicate_timestamp,detection,0.0076,True
a59e68715c6b,budapest_FP2,engine_temp_alt,schema_drift,detection,0.0086,True
9bf1c12b0c6f,budapest_FP2,speed_raw,schema_drift,detection,0.0086,True
f3f2265610ce,budapest_FP2,aero_load,string_in_numeric,detection,0.0047,True
07f1584fcf29,budapest_FP2,g_force_lateral,duplicate_timestamp,detection,0.0092,True
f4bccc3de4fd,budapest_FP2,heart_rate,string_in_numeric,detection,0.0046,True
9879451f2db3,budapest_FP2,speed_canbus,schema_drift,detection,0.0093,True
5a9de979d14e,budapest_FP2,engine_temp_alt,schema_drift,detection,0.0083,True
caf85bb04d7e,budapest_FP2,g_force_lateral,string_in_numeric,detection,0.0045,True
8b4ebc400491,budapest_FP2,aero_load,string_in_numeric,detection,0.0048,True
50541a52dadb,budapest_FP2,aero_load_alt,schema_drift,detection,0.0093,True
046ae41e1a47,budapest_FP2,brake_temp,duplicate_timestamp,detection,0.0076,True
ed3d2ff8c0c4,budapest_FP2,aero_load,string_in_numeric,detection,0.0046,True
2d751fca9765,budapest_FP2,brake_temp,string_in_numeric,detection,0.0047,True
67831d1a4f78,budapest_FP2,ecu_canbus,duplicate_timestamp,detection,0.0075,True
8bb1f5dc5f7c,budapest_FP2,speed,duplicate_timestamp,detection,0.0081,True
67c57f1bd433,budapest_FP2,brake_temp,string_in_numeric,detection,0.0046,True
c1f18f00eda2,budapest_FP2,tyre_pressure_v2,schema_drift,detection,0.0087,True
8316112e545d,budapest_FP2,g_force_lateral_alt,schema_drift,detection,0.009,True
8bec741d42d0,budapest_FP2,tyre_pressure_v2,schema_drift,detection,0.0083,True
05133c6abaa0,budapest_FP2,speed_alt,schema_drift,detection,0.0089,True
51d5ffcaac43,budapest_FP2,g_force_lateral,duplicate_timestamp,detection,0.0081,True
9d13e001fba1,budapest_FP2,heart_rate_raw,schema_drift,detection,0.0086,True
b1f43c56432e,budapest_FP2,brake_temp_canbus,schema_drift,detection,0.0091,True
c6efbf3ea4b8,budapest_FP2,aero_load_raw,schema_drift,detection,0.0089,True
81541144feba,budapest_FP2,tyre_pressure_v2,schema_drift,detection,0.0083,True
c3d9aa363c24,budapest_FP2,brake_temp,duplicate_timestamp,detection,0.0076,True
c1346bd89bb8,budapest_FP2,speed_alt,schema_drift,detection,0.0088,True
60af5445456a,budapest_FP2,engine_temp,duplicate_timestamp,detection,0.0085,True
8fe69a139e74,budapest_FP2,g_force_lateral,string_in_numeric,detection,0.0042,True
1411f0a45fd9,budapest_FP2,brake_temp_new,schema_drift,detection,0.0092,True
3d887b071def,budapest_FP2,g_force_lateral,string_in_numeric,detection,0.0046,True
6fe6bb3c2c8f,budapest_FP2,engine_temp,duplicate_timestamp,detection,0.0098,True
68fb881293cb,budapest_FP2,tyre_pressure,duplicate_timestamp,detection,0.0071,True
fa2562f9e811,budapest_FP2,tyre_pressure_canbus,schema_drift,detection,0.0108,True
7618438007a6,budapest_FP2,aero_load_alt,schema_drift,detection,0.0092,True
ed3825b75f98,budapest_FP2,tyre_pressure,duplicate_timestamp,detection,0.0074,True
7b7a89cbe6f4,budapest_FP2,brake_temp_new,schema_drift,detection,0.0088,True
27b5faadf2d4,budapest_FP2,ecu_canbus_v2,schema_drift,detection,0.0086,True
eaffc467c2e8,budapest_FP2,throttle,duplicate_timestamp,detection,0.0076,True
6f2faa0654c6,budapest_FP2,rpm,duplicate_timestamp,detection,0.0077,True
0640f5b3503f,budapest_FP2,heart_rate,string_in_numeric,detection,0.0048,True
27541c873c63,budapest_FP2,g_force_lateral,duplicate_timestamp,detection,0.0085,True
0edaba7b6d8a,budapest_FP2,engine_temp_canbus,schema_drift,detection,0.0086,True
6bdaaf553383,budapest_FP2,speed,duplicate_timestamp,detection,0.0075,True
9f8d17334ce7,budapest_FP2,tyre_pressure,duplicate_timestamp,detection,0.0075,True
d56d27a3587b,budapest_FP2,tyre_pressure,string_in_numeric,detection,0.0047,True
aee5cdfc9a83,budapest_FP2,g_force_lateral_alt,schema_drift,detection,0.0087,True
d2fc753daa6d,budapest_FP2,speed,string_in_numeric,detection,0.0046,True
8ceee6e9f20b,budapest_FP2,ecu_canbus_canbus,schema_drift,detection,0.0086,True
07f8317549a9,budapest_FP2,g_force_lateral_new,schema_drift,detection,0.008,True
5747f166e3b2,budapest_FP2,ecu_canbus,duplicate_timestamp,detection,0.0078,True
d430eda1de3e,budapest_FP2,rpm,duplicate_timestamp,detection,0.0078,True
4e795088fec7,budapest_FP2,tyre_pressure_alt,schema_drift,detection,0.0101,True
8016ef9a1a5d,budapest_FP2,ecu_canbus,duplicate_timestamp,detection,0.0083,True
f474af968d39,budapest_FP2,throttle_alt,schema_drift,detection,0.009,True
835a3eea065b,budapest_FP2,ecu_canbus,duplicate_timestamp,detection,0.0077,True
389dac06f118,budapest_FP2,speed_alt,schema_drift,detection,0.0088,True
b8fd85dcc8f9,budapest_FP2,rpm,duplicate_timestamp,detection,0.0117,True
a7b8f3e16d9f,budapest_FP2,ecu_canbus_canbus,schema_drift,detection,0.0092,True
9ce9752b45df,budapest_FP2,engine_temp,duplicate_timestamp,detection,0.0079,True
bba4c030a73e,budapest_FP2,heart_rate,duplicate_timestamp,detection,0.0082,True
ea52ab3b24fe,budapest_FP2,engine_temp,string_in_numeric,detection,0.0048,True
cfa59483a6be,budapest_FP2,speed,duplicate_timestamp,detection,0.0081,True
796844b0b739,budapest_FP2,g_force_lateral_alt,schema_drift,detection,0.0092,True
ce4e19e7310c,budapest_FP2,brake_temp_new,schema_drift,detection,0.0086,True
2cb26bb9a23b,budapest_FP2,g_force_lateral,duplicate_timestamp,detection,0.008,True
62a1e8889393,budapest_FP2,aero_load,duplicate_timestamp,detection,0.0074,True
f9d9b9f4b19d,budapest_FP2,heart_rate_canbus,schema_drift,detection,0.0088,True
a196d65aac11,budapest_FP2,heart_rate_canbus,schema_drift,detection,0.0088,True
9e02bd3109d7,budapest_FP2,speed,duplicate_timestamp,detection,0.0123,True
77a72069bce3,budapest_FP2,ecu_canbus,duplicate_timestamp,detection,0.0078,True
217557760f7c,budapest_FP2,tyre_pressure_v2,schema_drift,detection,0.0179,True
f2b1dfba3072,budapest_FP2,speed_new,schema_drift,detection,0.0091,True
2ab1d0e5a1b5,budapest_FP2,engine_temp,string_in_numeric,detection,0.0045,True
5bd964d1785c,budapest_FP2,g_force_lateral,string_in_numeric,detection,0.0045,True
ea67837ccefc,budapest_FP2,tyre_pressure,duplicate_timestamp,detection,0.0099,True
808a89c48c55,budapest_FP2,aero_load_alt,schema_drift,detection,0.0088,True
2cf73fe6f277,budapest_FP2,heart_rate,duplicate_timestamp,detection,0.0077,True
9a0e6567ab8f,budapest_FP2,throttle_v2,schema_drift,detection,0.0105,True
781ad797fd49,budapest_FP2,heart_rate,duplicate_timestamp,detection,0.008,True
65ac8df59c34,budapest_FP2,g_force_lateral,duplicate_timestamp,detection,0.0078,True
1d3a54598dea,budapest_FP2,throttle_alt,schema_drift,detection,0.0093,True
efd3ed5ba1ac,budapest_FP2,ecu_canbus,duplicate_timestamp,detection,0.0121,True
83e7357bf86d,budapest_FP2,rpm_raw,schema_drift,detection,0.0094,True
4b632d41c333,budapest_FP2,g_force_lateral,duplicate_timestamp,detection,0.0082,True
3865d98f66d4,budapest_FP2,brake_temp_canbus,schema_drift,detection,0.0089,True
5b2bcf308dd6,budapest_FP2,throttle,duplicate_timestamp,detection,0.0073,True
bc2c1511f00a,budapest_FP2,heart_rate_canbus,schema_drift,detection,0.0092,True
114cd92e4a66,budapest_FP2,throttle_alt,schema_drift,detection,0.0091,True
3cb4c73ea99d,budapest_FP2,heart_rate,duplicate_timestamp,detection,0.0078,True
cd133c0a9f8d,budapest_FP2,ecu_canbus,string_in_numeric,detection,0.0043,True
2ce260efb045,budapest_FP2,rpm,string_in_numeric,detection,0.0042,True
3f1e046219aa,budapest_FP2,tyre_pressure_v2,schema_drift,detection,0.0086,True
7e223cd19e50,budapest_FP2,speed,duplicate_timestamp,detection,0.0092,True
f43f8df6845b,budapest_FP2,rpm_alt,schema_drift,detection,0.0089,True
998573dc9558,budapest_FP2,ecu_canbus,string_in_numeric,detection,0.0045,True
bee5a835e3a5,budapest_FP2,rpm_alt,schema_drift,detection,0.0091,True
1db14c97734f,budapest_FP2,ecu_canbus,duplicate_timestamp,detection,0.008,True
1f7123451820,budapest_FP2,aero_load,string_in_numeric,detection,0.0046,True
db983f93a20d,budapest_FP2,rpm,duplicate_timestamp,detection,0.0076,True
c31aa68bbdda,budapest_FP2,tyre_pressure_canbus,schema_drift,detection,0.009,True
058bf2b1cc2f,budapest_FP2,rpm,duplicate_timestamp,detection,0.0077,True
f70970a8257c,budapest_FP2,ecu_canbus_new,schema_drift,detection,0.0088,True
552246d9a414,budapest_FP2,brake_temp_canbus,schema_drift,detection,0.0091,True
161f027241fc,budapest_FP2,g_force_lateral_new,schema_drift,detection,0.0089,True
cef9b0c8968c,budapest_FP2,throttle,duplicate_timestamp,detection,0.0074,True
fe847753d443,budapest_FP2,tyre_pressure_raw,schema_drift,detection,0.0111,True
401dd22a0007,budapest_FP2,brake_temp_raw,schema_drift,detection,0.0085,True
ef30da7aed38,budapest_FP2,heart_rate,duplicate_timestamp,detection,0.008,True
3b2f5a152709,budapest_FP2,rpm,string_in_numeric,detection,0.0043,True
b2886b089e89,budapest_FP2,speed,string_in_numeric,detection,0.0045,True
694741126e79,budapest_FP2,speed,duplicate_timestamp,detection,0.0074,True
e5491c0118cd,budapest_FP2,throttle,string_in_numeric,detection,0.0049,True
72407d63e23d,budapest_FP2,g_force_lateral_canbus,schema_drift,detection,0.0085,True
39faec882c60,budapest_FP2,engine_temp,string_in_numeric,detection,0.0047,True
371b0417dbd9,budapest_FP2,aero_load_canbus,schema_drift,detection,0.0093,True
703c0c197a3b,budapest_FP2,throttle,string_in_numeric,detection,0.0043,True
8d800e6e6982,budapest_FP2,g_force_lateral_new,schema_drift,detection,0.0082,True
40fa2c777188,budapest_FP2,aero_load,duplicate_timestamp,detection,0.0078,True
5c76bcd1d311,budapest_FP2,g_force_lateral_alt,schema_drift,detection,0.0087,True
8ae1a3f779e4,budapest_FP2,rpm_alt,schema_drift,detection,0.0095,True
13e67c084d88,budapest_FP2,heart_rate,string_in_numeric,detection,0.0044,True
66894bfc34fb,budapest_FP2,throttle,duplicate_timestamp,detection,0.0074,True
108935e0bae3,budapest_FP2,g_force_lateral_alt,schema_drift,detection,0.009,True
5c6157b798af,budapest_FP2,g_force_lateral_canbus,schema_drift,detection,0.0088,True
c7b676d93245,budapest_FP2,g_force_lateral,duplicate_timestamp,detection,0.008,True
1615a2b3310c,budapest_FP2,aero_load,duplicate_timestamp,detection,0.008,True
b92b334eb433,budapest_FP2,speed,duplicate_timestamp,detection,0.0077,True
a2a1f0766dfb,budapest_FP2,ecu_canbus,duplicate_timestamp,detection,0.0089,True
0268fa4352b2,budapest_FP2,heart_rate,string_in_numeric,detection,0.0044,True
21d14d108fd4,budapest_FP2,heart_rate,string_in_numeric,detection,0.0048,True
a44625c2d356,budapest_FP2,speed,string_in_numeric,detection,0.0045,True
9badc4ceaaa9,budapest_FP2,rpm,string_in_numeric,detection,0.0043,True
f0a1c7e4b96b,budapest_FP2,rpm_new,schema_drift,detection,0.0091,True
1438d9874dda,budapest_FP2,speed,duplicate_timestamp,detection,0.0076,True
c049f737e4a5,budapest_FP2,rpm,duplicate_timestamp,detection,0.0073,True
1c9a802f779a,budapest_FP2,throttle_canbus,schema_drift,detection,0.0089,True
1c9e791d6d2f,budapest_FP2,aero_load,string_in_numeric,detection,0.0045,True
db28268a3a90,budapest_FP2,throttle,duplicate_timestamp,detection,0.0082,True
4dae561e04ca,budapest_FP2,throttle_v2,schema_drift,detection,0.0097,True
dbb9c45cdfc7,budapest_FP2,throttle,string_in_numeric,detection,0.0044,True
cc5191feb4eb,budapest_FP2,rpm_raw,schema_drift,detection,0.0095,True
8df0e886d9d4,budapest_FP2,g_force_lateral_canbus,schema_drift,detection,0.0086,True
eac09ce7aff1,budapest_FP2,heart_rate_v2,schema_drift,detection,0.0085,True
1d38493d0e17,budapest_FP2,engine_temp,string_in_numeric,detection,0.0045,True
a0788a757194,budapest_FP2,rpm,string_in_numeric,detection,0.0047,True
1369dbf08f36,budapest_FP2,engine_temp,string_in_numeric,detection,0.0042,True
f870241c02a3,budapest_FP2,rpm_alt,schema_drift,detection,0.0094,True
434f430ab809,budapest_FP2,engine_temp_canbus,schema_drift,detection,0.0088,True
7348d9b54187,budapest_FP2,engine_temp,duplicate_timestamp,detection,0.0088,True
5de7c3305c2f,budapest_FP2,engine_temp_canbus,schema_drift,detection,0.0103,True
fc1170f19885,budapest_FP2,tyre_pressure,string_in_numeric,detection,0.0052,True
1893959364b3,budapest_FP2,g_force_lateral_canbus,schema_drift,detection,0.0088,True
652745c3a486,budapest_FP2,g_force_lateral,duplicate_timestamp,detection,0.0083,True
4e2b51183141,budapest_FP2,aero_load,duplicate_timestamp,detection,0.008,True
d70426a8258e,budapest_FP2,ecu_canbus,string_in_numeric,detection,0.0045,True
634eb561601e,budapest_FP2,brake_temp,string_in_numeric,detection,0.0048,True
91b3b3398e0b,budapest_FP2,aero_load_canbus,schema_drift,detection,0.0103,True
ef16130706f8,budapest_FP2,throttle,duplicate_timestamp,detection,0.008,True
eca333c6ccbe,budapest_FP2,g_force_lateral,string_in_numeric,detection,0.0049,True
cd069baa238c,budapest_FP2,engine_temp,duplicate_timestamp,detection,0.0077,True
5e01c739074e,budapest_FP2,heart_rate_raw,schema_drift,detection,0.0092,True
3afc6bc7bb75,budapest_FP2,g_force_lateral,duplicate_timestamp,detection,0.0085,True
c547ca25a440,budapest_FP2,throttle_new,schema_drift,detection,0.009,True
31d9f68e93a6,budapest_FP2,speed_canbus,schema_drift,detection,0.0092,True
4b3dfa77c2f3,budapest_FP2,aero_load,string_in_numeric,detection,0.0044,True
70c5f2b920a6,budapest_FP2,speed,string_in_numeric,detection,0.0045,True
56485806b9c0,budapest_FP2,ecu_canbus_alt,schema_drift,detection,0.0073,True
e683cce21385,budapest_FP2,speed,duplicate_timestamp,detection,0.0078,True
c50ca4276341,budapest_FP2,aero_load,duplicate_timestamp,detection,0.0088,True
25c6cbe8a337,budapest_FP2,brake_temp_new,schema_drift,detection,0.0087,True
5505cd3ed7b7,budapest_FP2,rpm_raw,schema_drift,detection,0.0092,True
2a15917dcad6,budapest_FP2,aero_load,duplicate_timestamp,detection,0.0082,True
0d4ff21d8a2f,budapest_FP2,g_force_lateral_canbus,schema_drift,detection,0.0082,True
ce452b1af1ff,budapest_FP2,tyre_pressure,duplicate_timestamp,detection,0.0076,True
b77e9bee3c97,budapest_FP2,speed,string_in_numeric,detection,0.0046,True
10bd0b97558d,budapest_FP3,rpm_canbus,schema_drift,detection,0.0091,True
3a9f5ec337a8,budapest_FP3,ecu_canbus,string_in_numeric,detection,0.0046,True
51510185e4ba,budapest_FP3,heart_rate,duplicate_timestamp,detection,0.0073,True
d526cda1cf16,budapest_FP3,engine_temp_canbus,schema_drift,detection,0.0083,True
9368a0dd2b67,budapest_FP3,throttle,duplicate_timestamp,detection,0.0078,True
044c082fd1e4,budapest_FP3,speed_new,schema_drift,detection,0.0091,True
bb896dd672f9,budapest_FP3,tyre_pressure,string_in_numeric,detection,0.0043,True
789e94df9398,budapest_FP3,rpm_v2,schema_drift,detection,0.0094,True
eafab749d600,budapest_FP3,heart_rate,duplicate_timestamp,detection,0.0083,True
1fa6557c06db,budapest_FP3,tyre_pressure_new,schema_drift,detection,0.0084,True
36c511cb59e7,budapest_FP3,throttle,duplicate_timestamp,detection,0.0078,True
b05acc8b6b50,budapest_FP3,brake_temp,duplicate_timestamp,detection,0.0077,True
9b8eb0426201,budapest_FP3,aero_load_canbus,schema_drift,detection,0.0091,True
3998be5ec2d9,budapest_FP3,engine_temp,string_in_numeric,detection,0.005,True
c03ba4697033,budapest_FP3,brake_temp,duplicate_timestamp,detection,0.0076,True
2cdb8c5f08ec,budapest_FP3,rpm_v2,schema_drift,detection,0.009,True
bfb1aed1130c,budapest_FP3,speed,string_in_numeric,detection,0.005,True
f3638ac3f2c9,budapest_FP3,g_force_lateral,string_in_numeric,detection,0.0047,True
b54981648aad,budapest_FP3,heart_rate,string_in_numeric,detection,0.0045,True
8b99f99c4b2d,budapest_FP3,heart_rate,duplicate_timestamp,detection,0.0077,True
56a3f08014c9,budapest_FP3,g_force_lateral,duplicate_timestamp,detection,0.0081,True
5385a5f1a276,budapest_FP3,ecu_canbus,duplicate_timestamp,detection,0.0083,True
4d3034946570,budapest_FP3,speed,string_in_numeric,detection,0.0044,True
70d56a957c99,budapest_FP3,throttle,duplicate_timestamp,detection,0.0076,True
6ef175f68764,budapest_FP3,brake_temp,string_in_numeric,detection,0.0045,True
36c243e5d643,budapest_FP3,aero_load,string_in_numeric,detection,0.0046,True
7a277b65e08e,budapest_FP3,speed_canbus,schema_drift,detection,0.0095,True
b2367a81e0a7,budapest_FP3,ecu_canbus_canbus,schema_drift,detection,0.0092,True
f00e238f3b00,budapest_FP3,heart_rate,string_in_numeric,detection,0.0047,True
4b5afd7c6c75,budapest_FP3,speed,duplicate_timestamp,detection,0.0076,True
ec6281753609,budapest_FP3,heart_rate,duplicate_timestamp,detection,0.008,True
11b5ff297f5d,budapest_FP3,engine_temp,duplicate_timestamp,detection,0.0083,True
ceb02f3f2130,budapest_FP3,tyre_pressure,string_in_numeric,detection,0.0046,True
559b37087089,budapest_FP3,rpm,string_in_numeric,detection,0.0047,True
be65c99dd4a9,budapest_FP3,ecu_canbus_canbus,schema_drift,detection,0.0096,True
e9994e74e8e1,budapest_FP3,brake_temp_new,schema_drift,detection,0.0096,True
87a8018c8da5,budapest_FP3,engine_temp,string_in_numeric,detection,0.0045,True
8dc905ede3b4,budapest_FP3,g_force_lateral,duplicate_timestamp,detection,0.0077,True
e6b8d5365067,budapest_FP3,heart_rate,duplicate_timestamp,detection,0.0086,True
33677e96bf0b,budapest_FP3,heart_rate,string_in_numeric,detection,0.0042,True
922802ae3c73,budapest_FP3,brake_temp,string_in_numeric,detection,0.0046,True
874a7f01c686,budapest_FP3,engine_temp,string_in_numeric,detection,0.0048,True
460e2da27847,budapest_FP3,speed_new,schema_drift,detection,0.0092,True
1f7088997882,budapest_FP3,rpm,duplicate_timestamp,detection,0.0084,True
49220b4aea80,budapest_FP3,rpm,duplicate_timestamp,detection,0.0075,True
c51b579c5bc1,budapest_FP3,g_force_lateral,string_in_numeric,detection,0.0047,True
cf47480dadfd,budapest_FP3,rpm_canbus,schema_drift,detection,0.0092,True
c2dba878703a,budapest_FP3,engine_temp_new,schema_drift,detection,0.0088,True
2128a58a232e,budapest_FP3,rpm,string_in_numeric,detection,0.0045,True
2a5c7073423f,budapest_FP3,engine_temp,string_in_numeric,detection,0.005,True
ced1eeadf322,budapest_FP3,engine_temp_raw,schema_drift,detection,0.0089,True
a5017a74ecb2,budapest_FP3,heart_rate,string_in_numeric,detection,0.0046,True
33fd83c56c10,budapest_FP3,ecu_canbus,string_in_numeric,detection,0.0046,True
3f8e29269c1d,budapest_FP3,speed,string_in_numeric,detection,0.0045,True
4de5db7903b8,budapest_FP3,engine_temp_raw,schema_drift,detection,0.0128,True
1d5e0636b500,budapest_FP3,tyre_pressure,string_in_numeric,detection,0.0045,True
4e7a43cf8dfa,budapest_FP3,brake_temp,duplicate_timestamp,detection,0.0079,True
32d3d330a279,budapest_FP3,tyre_pressure_v2,schema_drift,detection,0.009,True
7f6c2ca8f12d,budapest_FP3,rpm,string_in_numeric,detection,0.0046,True
2013df49da9e,budapest_FP3,throttle_new,schema_drift,detection,0.0091,True
cc2fb32ad614,budapest_FP3,ecu_canbus,duplicate_timestamp,detection,0.1627,True
f644c2ad0fc3,budapest_FP3,g_force_lateral,duplicate_timestamp,detection,0.0085,True
1fa853eb1eb4,budapest_FP3,engine_temp_v2,schema_drift,detection,0.0086,True
133f942a0555,budapest_FP3,ecu_canbus,string_in_numeric,detection,0.0066,True
ac4b7f6c4c2a,budapest_FP3,throttle,string_in_numeric,detection,0.0044,True
dfbd14a10b79,budapest_FP3,aero_load,duplicate_timestamp,detection,0.007,True
21ff37738750,budapest_FP3,throttle,string_in_numeric,detection,0.0049,True
6e4d26b8768c,budapest_FP3,heart_rate,string_in_numeric,detection,0.0037,True
0ee857f97962,budapest_FP3,aero_load,duplicate_timestamp,detection,0.0068,True
d194d953b2c3,budapest_FP3,engine_temp,duplicate_timestamp,detection,0.0077,True
4b87770764f7,budapest_FP3,engine_temp,string_in_numeric,detection,0.0045,True
ac3a8a57189d,budapest_FP3,speed,string_in_numeric,detection,0.0045,True
3ae92a9c7ef0,budapest_FP3,engine_temp,string_in_numeric,detection,0.0047,True
ee8da05b8063,budapest_FP3,engine_temp,duplicate_timestamp,detection,0.0082,True
612c19155d87,budapest_FP3,g_force_lateral,string_in_numeric,detection,0.0046,True
e1bbf0bae36e,budapest_FP3,speed,duplicate_timestamp,detection,0.0075,True
9fe2be834fc1,budapest_FP3,tyre_pressure_canbus,schema_drift,detection,0.0086,True
f1d0c71d1d8f,budapest_FP3,tyre_pressure,duplicate_timestamp,detection,0.0076,True
62952010c516,budapest_FP3,speed,duplicate_timestamp,detection,0.0094,True
08e043c66396,budapest_FP3,g_force_lateral_new,schema_drift,detection,0.0099,True
649d4642fd5c,budapest_FP3,ecu_canbus_new,schema_drift,detection,0.0087,True
4e8d6658ecf0,budapest_FP3,rpm,string_in_numeric,detection,0.0043,True
f8a8ceff2ee1,budapest_FP3,brake_temp,duplicate_timestamp,detection,0.0078,True
9a7a51426f1e,budapest_FP3,speed_alt,schema_drift,detection,0.0086,True
79769a41aec7,budapest_FP3,aero_load,string_in_numeric,detection,0.0045,True
ea5f0bdb703c,budapest_FP3,aero_load,string_in_numeric,detection,0.0044,True
622e5e13a1c6,budapest_FP3,aero_load,duplicate_timestamp,detection,0.008,True
12690a5f53a8,budapest_FP3,g_force_lateral,duplicate_timestamp,detection,0.0079,True
5ccfdac19f06,budapest_FP3,speed_alt,schema_drift,detection,0.0085,True
d673ff31dc58,budapest_FP3,throttle,duplicate_timestamp,detection,0.0077,True
c2e4299980dc,budapest_FP3,heart_rate,string_in_numeric,detection,0.0045,True
8fce98bb4bb2,budapest_FP3,aero_load,string_in_numeric,detection,0.0048,True
cdce43c66ced,budapest_FP3,speed,string_in_numeric,detection,0.0049,True
9ed478f5d132,budapest_FP3,engine_temp,string_in_numeric,detection,0.0044,True
4bff0f53308b,budapest_FP3,rpm,duplicate_timestamp,detection,0.0083,True
d36c8a0dc9ec,budapest_FP3,heart_rate,string_in_numeric,detection,0.0047,True
b1716598c7e8,budapest_FP3,tyre_pressure,string_in_numeric,detection,0.0042,True
4620bd25e5a3,budapest_FP3,ecu_canbus,string_in_numeric,detection,0.0048,True
54f3d59843bc,budapest_FP3,g_force_lateral_new,schema_drift,detection,0.0087,True
a3b1d328b0b6,budapest_FP3,brake_temp_alt,schema_drift,detection,0.0087,True
bf84e5c8e506,budapest_FP3,aero_load,duplicate_timestamp,detection,0.0073,True
b77d8f5e1b59,budapest_FP3,throttle_new,schema_drift,detection,0.0082,True
b67e7896b40d,budapest_FP3,aero_load,string_in_numeric,detection,0.0068,True
b81f3e6e31f5,budapest_FP3,speed,string_in_numeric,detection,0.0048,True
327f7fc4e59b,budapest_FP3,rpm,duplicate_timestamp,detection,0.0076,True
99b10a3278d8,budapest_FP3,g_force_lateral,duplicate_timestamp,detection,0.0088,True
77642845aedf,budapest_FP3,aero_load_alt,schema_drift,detection,0.009,True
3afe6811e731,budapest_FP3,speed,string_in_numeric,detection,0.0045,True
5c707fe1f385,budapest_FP3,throttle,duplicate_timestamp,detection,0.0092,True
f5bf74563fc0,budapest_FP3,brake_temp,duplicate_timestamp,detection,0.0083,True
0b014c56b1b8,budapest_FP3,engine_temp_raw,schema_drift,detection,0.0085,True
bcf481616b13,budapest_FP3,rpm_canbus,schema_drift,detection,0.0096,True
f29989b824c9,budapest_FP3,aero_load,string_in_numeric,detection,0.0048,True
2cb006771bd4,budapest_FP3,aero_load_alt,schema_drift,detection,0.01,True
d2a9137e46e7,budapest_FP3,heart_rate,string_in_numeric,detection,0.0045,True
88f7484f0ffc,budapest_FP3,throttle,duplicate_timestamp,detection,0.0078,True
38f7976f716b,budapest_FP3,engine_temp_canbus,schema_drift,detection,0.0089,True
13b68062abef,budapest_FP3,heart_rate,string_in_numeric,detection,0.0044,True
44837cf2099f,budapest_FP3,throttle,duplicate_timestamp,detection,0.0077,True
97c17e5c5018,budapest_FP3,speed,string_in_numeric,detection,0.0045,True
c65ca5425d87,budapest_FP3,throttle,string_in_numeric,detection,0.0137,True
6a432a81a055,budapest_FP3,brake_temp_alt,schema_drift,detection,0.0085,True
ad7fd44486a2,budapest_FP3,heart_rate,string_in_numeric,detection,0.0044,True
cefbf4cb77db,budapest_FP3,aero_load,duplicate_timestamp,detection,0.008,True
b39cf626cb82,budapest_FP3,speed,string_in_numeric,detection,0.0047,True
bffe34d82a3c,budapest_FP3,g_force_lateral_raw,schema_drift,detection,0.0086,True
b6703f274b7b,budapest_FP3,aero_load,string_in_numeric,detection,0.0045,True
4adc0a4282c2,budapest_FP3,heart_rate,duplicate_timestamp,detection,0.0079,True
66d23b27fc70,budapest_FP3,g_force_lateral_v2,schema_drift,detection,0.0084,True
08678519758a,budapest_FP3,ecu_canbus,duplicate_timestamp,detection,0.0076,True
df10d946fb6d,budapest_FP3,aero_load,duplicate_timestamp,detection,0.0074,True
06f6ff6c3ed0,budapest_FP3,ecu_canbus,string_in_numeric,detection,0.0048,True
0359a4b6ec2f,budapest_FP3,tyre_pressure,string_in_numeric,detection,0.0049,True
80a4049d6ea0,budapest_FP3,g_force_lateral,duplicate_timestamp,detection,0.0082,True
95d51fc76fa9,budapest_FP3,tyre_pressure,duplicate_timestamp,detection,0.0082,True
5bc81c0c2a08,budapest_FP3,heart_rate,duplicate_timestamp,detection,0.0076,True
189755be5cd2,budapest_FP3,speed,duplicate_timestamp,detection,0.0079,True
28ed8cb524f6,budapest_FP3,heart_rate,duplicate_timestamp,detection,0.0078,True
a439a5c4ca37,budapest_FP3,throttle,duplicate_timestamp,detection,0.0077,True
6dfa401894db,budapest_FP3,speed_new,schema_drift,detection,0.01,True
89e014f0d0d8,budapest_FP3,tyre_pressure,duplicate_timestamp,detection,0.0081,True
927622dea394,budapest_FP3,speed_v2,schema_drift,detection,0.0093,True
c1abc3d4830a,budapest_FP3,rpm,string_in_numeric,detection,0.0043,True
2fabd9a1d6fb,budapest_FP3,throttle,duplicate_timestamp,detection,0.0078,True
f32e05d99367,budapest_FP3,heart_rate,duplicate_timestamp,detection,0.0073,True
6928c464fe7e,budapest_FP3,tyre_pressure,string_in_numeric,detection,0.0045,True
9d93034d3190,budapest_FP3,aero_load_alt,schema_drift,detection,0.0086,True
39d252220623,budapest_FP3,aero_load,string_in_numeric,detection,0.0047,True
bdc4b6f49d61,budapest_FP3,tyre_pressure,string_in_numeric,detection,0.0047,True
fd24a1a21108,budapest_FP3,throttle,string_in_numeric,detection,0.0045,True
d19679de1b5e,budapest_FP3,g_force_lateral,duplicate_timestamp,detection,0.0082,True
044af1d165a2,budapest_FP3,aero_load,duplicate_timestamp,detection,0.0078,True
7d2b984fdff2,budapest_FP3,aero_load_v2,schema_drift,detection,0.0093,True
bafefee16678,budapest_FP3,tyre_pressure,string_in_numeric,detection,0.0044,True
2a016cdd545c,budapest_FP3,speed_new,schema_drift,detection,0.0098,True
b4b79455c3d9,budapest_FP3,rpm,duplicate_timestamp,detection,0.0076,True
e077ad615d42,budapest_FP3,aero_load,duplicate_timestamp,detection,0.0081,True
e5ef4b1974f0,budapest_FP3,brake_temp,duplicate_timestamp,detection,0.0072,True
9cf3cde020b0,budapest_FP3,throttle,string_in_numeric,detection,0.0045,True
60e6e71bc628,budapest_FP3,ecu_canbus,duplicate_timestamp,detection,0.0079,True
8790e3f5e576,budapest_FP3,tyre_pressure,string_in_numeric,detection,0.0048,True
be354f6d9957,budapest_FP3,speed_v2,schema_drift,detection,0.0092,True
4fd21c27b3e0,budapest_FP3,brake_temp_canbus,schema_drift,detection,0.0087,True
7625edbe80c2,budapest_FP3,aero_load,string_in_numeric,detection,0.0049,True
a72549c59b96,budapest_FP3,heart_rate,string_in_numeric,detection,0.0044,True
226e08990316,budapest_FP3,aero_load,duplicate_timestamp,detection,0.0076,True
995174b9fbae,budapest_FP3,ecu_canbus,duplicate_timestamp,detection,0.0082,True
557ea5beb1f9,budapest_FP3,speed,string_in_numeric,detection,0.005,True
40a0fc632de4,budapest_FP3,speed,string_in_numeric,detection,0.0046,True
a182b9c71695,budapest_FP3,engine_temp,string_in_numeric,detection,0.0048,True
77072b3c7d5b,budapest_FP3,throttle_raw,schema_drift,detection,0.009,True
2f6a63f3bc05,budapest_FP3,ecu_canbus,duplicate_timestamp,detection,0.0074,True
f39de8a0299d,budapest_FP3,throttle,duplicate_timestamp,detection,0.0078,True
3cb8babd19b3,budapest_FP3,rpm,string_in_numeric,detection,0.0047,True
ef414123ac72,budapest_FP3,ecu_canbus,duplicate_timestamp,detection,0.0076,True
732092345f4d,budapest_FP3,aero_load,duplicate_timestamp,detection,0.0076,True
ce20b1a06d53,budapest_FP3,aero_load_alt,schema_drift,detection,0.0089,True
0ca81a2acd85,budapest_FP3,brake_temp_new,schema_drift,detection,0.0085,True
3fc5296ab6eb,budapest_FP3,tyre_pressure,duplicate_timestamp,detection,0.0077,True
884acddf440b,budapest_FP3,heart_rate,duplicate_timestamp,detection,0.0076,True
eb33356d5bc1,budapest_FP3,rpm_canbus,schema_drift,detection,0.009,True
609dd4b25033,budapest_FP3,ecu_canbus,string_in_numeric,detection,0.0042,True
affd7b0a01b0,budapest_FP3,aero_load,duplicate_timestamp,detection,0.0075,True
4b75f3bb7c61,budapest_FP3,aero_load,string_in_numeric,detection,0.0047,True
fffb44b459d7,budapest_FP3,heart_rate_alt,schema_drift,detection,0.0088,True
6e4f9a935347,budapest_FP3,ecu_canbus,string_in_numeric,detection,0.0046,True
370da1c4017c,budapest_FP3,tyre_pressure_new,schema_drift,detection,0.0086,True
fc546d3021fc,budapest_FP3,throttle_raw,schema_drift,detection,0.009,True
9d40563a505f,budapest_FP3,throttle,string_in_numeric,detection,0.0048,True
d561f7cca683,budapest_FP3,heart_rate_alt,schema_drift,detection,0.0088,True
69f6ad7f60cd,budapest_FP3,brake_temp_new,schema_drift,detection,0.0085,True
134bd8aaee1e,budapest_FP3,ecu_canbus,duplicate_timestamp,detection,0.0076,True
7e149610affb,budapest_FP3,speed,string_in_numeric,detection,0.0046,True
fddf7058adae,budapest_FP3,rpm_new,schema_drift,detection,0.0089,True
a6ff7e73c9ec,budapest_FP3,speed,duplicate_timestamp,detection,0.008,True
c34c536d6344,budapest_FP3,g_force_lateral_alt,schema_drift,detection,0.0086,True
aa7716dbd1cf,budapest_FP3,rpm_new,schema_drift,detection,0.0085,True
b0df2a0feaf6,budapest_FP3,g_force_lateral,string_in_numeric,detection,0.0049,True
0451ce89b8c5,budapest_FP3,rpm,string_in_numeric,detection,0.0068,True
1f767888d09a,budapest_FP3,heart_rate,string_in_numeric,detection,0.0045,True
a13b0e18e2f9,budapest_FP3,heart_rate_raw,schema_drift,detection,0.0086,True
5924e4486ece,budapest_FP3,speed_new,schema_drift,detection,0.0086,True
07e3355cfd32,budapest_FP3,engine_temp,duplicate_timestamp,detection,0.0077,True
8295c4615d80,budapest_FP3,g_force_lateral_canbus,schema_drift,detection,0.0086,True
fc6cd7d6bbc4,budapest_FP3,throttle,duplicate_timestamp,detection,0.0074,True
ecc7f2724b44,budapest_FP3,g_force_lateral,duplicate_timestamp,detection,0.0081,True
538f4584b7d2,budapest_FP3,g_force_lateral_new,schema_drift,detection,0.0084,True
95cfcc2bcc09,budapest_FP3,brake_temp,string_in_numeric,detection,0.0047,True
a1e14787e7f1,budapest_FP3,throttle,string_in_numeric,detection,0.0045,True
1445f8613749,budapest_FP3,engine_temp_canbus,schema_drift,detection,0.0087,True
3a62bfd57266,budapest_FP3,engine_temp_alt,schema_drift,detection,0.0085,True
622eae68e2ae,budapest_FP3,rpm,string_in_numeric,detection,0.0043,True
8470933ed59e,budapest_FP3,ecu_canbus,duplicate_timestamp,detection,0.0082,True
219a0dc703b2,budapest_FP3,throttle,duplicate_timestamp,detection,0.008,True
1c851ba52cc5,budapest_FP3,heart_rate,string_in_numeric,detection,0.0043,True
09b1116caaf3,budapest_FP3,ecu_canbus,string_in_numeric,detection,0.0045,True
deb6f6a5a5a7,budapest_FP3,tyre_pressure,string_in_numeric,detection,0.0047,True
1e5027a77574,budapest_FP3,rpm,duplicate_timestamp,detection,0.0079,True
102323842662,budapest_FP3,heart_rate,string_in_numeric,detection,0.0067,True
d06e88298f72,budapest_FP3,engine_temp,string_in_numeric,detection,0.0046,True
72e9ff25f845,budapest_FP3,speed_v2,schema_drift,detection,0.0097,True
8ef27373ac18,budapest_FP3,heart_rate,duplicate_timestamp,detection,0.008,True
59370f18cc97,budapest_FP3,throttle_alt,schema_drift,detection,0.0105,True
322529e9b487,budapest_FP3,brake_temp,string_in_numeric,detection,0.0044,True
c3efb3b71c2f,budapest_FP3,throttle_raw,schema_drift,detection,0.0085,True
91abb2402919,budapest_FP3,ecu_canbus,string_in_numeric,detection,0.005,True
790d76e1d841,budapest_FP3,brake_temp,duplicate_timestamp,detection,0.0087,True
8bf7f7cb2db7,budapest_FP3,tyre_pressure,duplicate_timestamp,detection,0.0078,True
cdcb7e3d1299,budapest_FP3,aero_load_v2,schema_drift,detection,0.0086,True
0bd0ffaffc17,budapest_FP3,brake_temp,duplicate_timestamp,detection,0.0077,True
30b246a1d553,budapest_FP3,speed,duplicate_timestamp,detection,0.0078,True
7fbcfdf76033,budapest_FP3,heart_rate,duplicate_timestamp,detection,0.0076,True
6c22dfed1ba4,budapest_FP3,speed,string_in_numeric,detection,0.0047,True
0b3ff2cb88d8,budapest_FP3,g_force_lateral,duplicate_timestamp,detection,0.009,True
ef45597f9721,budapest_FP3,engine_temp_v2,schema_drift,detection,0.0087,True
bea72afca6e8,budapest_FP3,throttle_alt,schema_drift,detection,0.009,True
2d5736724153,budapest_FP3,heart_rate,string_in_numeric,detection,0.0041,True
89b9bc7d79f5,budapest_FP3,g_force_lateral,string_in_numeric,detection,0.0047,True
04f03701202d,budapest_FP3,speed,string_in_numeric,detection,0.0047,True
035c492f3cd1,budapest_FP3,ecu_canbus,string_in_numeric,detection,0.005,True
c8ec219374e1,budapest_FP3,throttle,duplicate_timestamp,detection,0.0074,True
5aeb12f06155,budapest_FP3,ecu_canbus_raw,schema_drift,detection,0.0091,True
56f18215ff4a,budapest_FP3,aero_load,string_in_numeric,detection,0.0047,True
7cb7c6800e66,budapest_FP3,g_force_lateral_new,schema_drift,detection,0.0082,True
3d22db01b6e7,budapest_FP3,heart_rate,string_in_numeric,detection,0.0044,True
264aac8dfde6,budapest_FP3,g_force_lateral_new,schema_drift,detection,0.0088,True
27b7e85ffe32,budapest_FP3,speed,duplicate_timestamp,detection,0.008,True
dc4fc0784934,budapest_FP3,engine_temp_raw,schema_drift,detection,0.0089,True
3f458a3d48c7,budapest_FP3,ecu_canbus_new,schema_drift,detection,0.0091,True
40ea60f941c9,budapest_FP3,rpm_raw,schema_drift,detection,0.0102,True
cf07e20a494e,budapest_QUALI,engine_temp_raw,schema_drift,detection,0.0087,True
b59939658166,budapest_QUALI,brake_temp_new,schema_drift,detection,0.0086,True
808c29f4029c,budapest_QUALI,tyre_pressure,duplicate_timestamp,detection,0.0081,True
d459328f930a,budapest_QUALI,brake_temp,duplicate_timestamp,detection,0.0076,True
8e71fbf1eae2,budapest_QUALI,g_force_lateral_raw,schema_drift,detection,0.0093,True
5ca319e6858e,budapest_QUALI,speed,duplicate_timestamp,detection,0.008,True
55a02a1b1bd5,budapest_QUALI,heart_rate_canbus,schema_drift,detection,0.0118,True
bbd40644e80b,budapest_QUALI,speed_alt,schema_drift,detection,0.0089,True
22d751284641,budapest_QUALI,ecu_canbus,duplicate_timestamp,detection,0.0076,True
adf098f22b5d,budapest_QUALI,engine_temp,duplicate_timestamp,detection,0.0077,True
3b48de2d056d,budapest_QUALI,aero_load,string_in_numeric,detection,0.0045,True
a96f59a740c7,budapest_QUALI,heart_rate,duplicate_timestamp,detection,0.0081,True
1a26371c4ae5,budapest_QUALI,tyre_pressure_raw,schema_drift,detection,0.0087,True
58b424d5df35,budapest_QUALI,speed,duplicate_timestamp,detection,0.0074,True
74c09c49344a,budapest_QUALI,g_force_lateral,duplicate_timestamp,detection,0.008,True
69bde3eba8a0,budapest_QUALI,aero_load,duplicate_timestamp,detection,0.0078,True
8d973bd57658,budapest_QUALI,speed,duplicate_timestamp,detection,0.0087,True
28e2af6b2c8e,budapest_QUALI,aero_load,duplicate_timestamp,detection,0.0076,True
3678df94bd44,budapest_QUALI,brake_temp,string_in_numeric,detection,0.0045,True
f51365540b27,budapest_QUALI,brake_temp_new,schema_drift,detection,0.0098,True
85cf8eb16aed,budapest_QUALI,heart_rate,duplicate_timestamp,detection,0.0075,True
29211fc21a69,budapest_QUALI,heart_rate_new,schema_drift,detection,0.0108,True
9c52715772e8,budapest_QUALI,tyre_pressure,string_in_numeric,detection,0.0048,True
978bfc3f577d,budapest_QUALI,heart_rate,string_in_numeric,detection,0.0045,True
6dc61d910a85,budapest_QUALI,ecu_canbus,duplicate_timestamp,detection,0.0086,True
b9493ee292fe,budapest_QUALI,brake_temp,duplicate_timestamp,detection,0.0078,True
14f5df00c56e,budapest_QUALI,speed,duplicate_timestamp,detection,0.0073,True
fb97de9c77a9,budapest_QUALI,throttle_new,schema_drift,detection,0.0095,True
a45095e44580,budapest_QUALI,ecu_canbus,string_in_numeric,detection,0.0039,True
2847b235a8d0,budapest_QUALI,speed,duplicate_timestamp,detection,0.0099,True
7343152590b8,budapest_QUALI,speed,duplicate_timestamp,detection,0.0086,True
6048f1fd29f9,budapest_QUALI,throttle,duplicate_timestamp,detection,0.0078,True
94ba36f43cd0,budapest_QUALI,heart_rate_v2,schema_drift,detection,0.0085,True
71289403db34,budapest_QUALI,tyre_pressure,duplicate_timestamp,detection,0.0072,True
37b84323eb76,budapest_QUALI,throttle_canbus,schema_drift,detection,0.0089,True
b9bd05453561,budapest_QUALI,throttle_raw,schema_drift,detection,0.0088,True
eccaafa9c61b,budapest_QUALI,brake_temp,string_in_numeric,detection,0.0046,True
bc85d32a62ee,budapest_QUALI,brake_temp,duplicate_timestamp,detection,0.0078,True
a2c9d314e5f8,budapest_QUALI,g_force_lateral_v2,schema_drift,detection,0.0088,True
11fcc21555bb,budapest_QUALI,brake_temp,duplicate_timestamp,detection,0.0073,True
1a0bd18282f6,budapest_QUALI,rpm,string_in_numeric,detection,0.0046,True
7ecbace78ee0,budapest_QUALI,speed,duplicate_timestamp,detection,0.0079,True
9f740f5b9516,budapest_QUALI,tyre_pressure,string_in_numeric,detection,0.0047,True
6da36956711e,budapest_QUALI,rpm,duplicate_timestamp,detection,0.0078,True
5be3f6628472,budapest_QUALI,engine_temp,duplicate_timestamp,detection,0.008,True
3297cb3f63aa,budapest_QUALI,engine_temp_raw,schema_drift,detection,0.0083,True
0183236340d9,budapest_QUALI,aero_load_alt,schema_drift,detection,0.0088,True
b199ac702ed3,budapest_QUALI,g_force_lateral_new,schema_drift,detection,0.0085,True
b1f89e5d4f60,budapest_QUALI,tyre_pressure_alt,schema_drift,detection,0.0083,True
9506d08b5ad7,budapest_QUALI,heart_rate_canbus,schema_drift,detection,0.0091,True
111e31436d08,budapest_QUALI,aero_load,string_in_numeric,detection,0.0043,True
c298c5defc90,budapest_QUALI,g_force_lateral_alt,schema_drift,detection,0.0088,True
1e80cd82ed84,budapest_QUALI,tyre_pressure_canbus,schema_drift,detection,0.009,True
9d4b63260089,budapest_QUALI,g_force_lateral,string_in_numeric,detection,0.0045,True
301bc45d1b26,budapest_QUALI,ecu_canbus,string_in_numeric,detection,0.0066,True
9712c42098b3,budapest_QUALI,g_force_lateral,string_in_numeric,detection,0.0045,True
342686fcbb71,budapest_QUALI,engine_temp,string_in_numeric,detection,0.0046,True
d4df3f63dd3b,budapest_QUALI,aero_load_alt,schema_drift,detection,0.0088,True
1295d3199512,budapest_QUALI,tyre_pressure,duplicate_timestamp,detection,0.0073,True
72ab838a96b6,budapest_QUALI,heart_rate_canbus,schema_drift,detection,0.0092,True
5eb3ee6f7b8b,budapest_QUALI,heart_rate,duplicate_timestamp,detection,0.0078,True
46984e422ac3,budapest_QUALI,g_force_lateral_alt,schema_drift,detection,0.0079,True
aceadae27f31,budapest_QUALI,ecu_canbus_v2,schema_drift,detection,0.0086,True
480fce63f494,budapest_QUALI,aero_load,duplicate_timestamp,detection,0.0083,True
7d60817fc1b7,budapest_QUALI,rpm,string_in_numeric,detection,0.0047,True
c8a246cdaccc,budapest_QUALI,ecu_canbus,duplicate_timestamp,detection,0.0076,True
3889602e8e43,budapest_QUALI,brake_temp,string_in_numeric,detection,0.005,True
89787fc4dd4e,budapest_QUALI,throttle,duplicate_timestamp,detection,0.0083,True
70457f485080,budapest_QUALI,engine_temp,duplicate_timestamp,detection,0.0078,True
029fb2bfcc30,budapest_QUALI,tyre_pressure,string_in_numeric,detection,0.0048,True
8d11ec9974ed,budapest_QUALI,g_force_lateral,string_in_numeric,detection,0.0048,True
56b63e72b79f,budapest_QUALI,throttle,string_in_numeric,detection,0.0045,True
0b38644c58b0,budapest_QUALI,throttle,duplicate_timestamp,detection,0.0075,True
0d8df2a0bc73,budapest_QUALI,tyre_pressure,string_in_numeric,detection,0.0046,True
a03c25c14933,budapest_QUALI,throttle,duplicate_timestamp,detection,0.0079,True
b339738786fe,budapest_QUALI,ecu_canbus,duplicate_timestamp,detection,0.0077,True
a7cb9ab3d913,budapest_QUALI,speed,duplicate_timestamp,detection,0.0076,True
962f15bfda39,budapest_QUALI,speed,duplicate_timestamp,detection,0.0078,True
6f48f9700f32,budapest_QUALI,engine_temp,string_in_numeric,detection,0.0045,True
e5a0422a9621,budapest_QUALI,tyre_pressure_new,schema_drift,detection,0.0089,True
09de84664623,budapest_QUALI,brake_temp,string_in_numeric,detection,0.0045,True
56e55fbdd048,budapest_QUALI,heart_rate,duplicate_timestamp,detection,0.0078,True
8ed6bd8272b2,budapest_QUALI,rpm_v2,schema_drift,detection,0.0091,True
e8c075ca59fc,budapest_QUALI,ecu_canbus_raw,schema_drift,detection,0.0091,True
888774438357,budapest_QUALI,throttle,duplicate_timestamp,detection,0.0078,True
8b5d9b7f2734,budapest_QUALI,ecu_canbus,duplicate_timestamp,detection,0.0084,True
918c90524f17,budapest_QUALI,brake_temp,duplicate_timestamp,detection,0.0073,True
5ae11685c69d,budapest_QUALI,brake_temp,string_in_numeric,detection,0.0045,True
f6046690e761,budapest_QUALI,aero_load,duplicate_timestamp,detection,0.0075,True
10b8b4b59e7f,budapest_QUALI,brake_temp,duplicate_timestamp,detection,0.0081,True
6ceaab2fabb7,budapest_QUALI,engine_temp_canbus,schema_drift,detection,0.0084,True
9c6c7923ee9a,budapest_QUALI,ecu_canbus_v2,schema_drift,detection,0.0162,True
cc07e2d27018,budapest_QUALI,tyre_pressure,duplicate_timestamp,detection,0.0079,True
bc2a82bcc340,budapest_QUALI,aero_load,string_in_numeric,detection,0.0042,True
f4c802fbc710,budapest_QUALI,brake_temp,duplicate_timestamp,detection,0.0074,True
1db0ad891bd0,budapest_QUALI,g_force_lateral,string_in_numeric,detection,0.0043,True
aa983422aadc,budapest_QUALI,engine_temp_canbus,schema_drift,detection,0.0086,True
d1c206274a1b,budapest_QUALI,heart_rate,duplicate_timestamp,detection,0.0086,True
2fb67a09c776,budapest_QUALI,g_force_lateral,duplicate_timestamp,detection,0.009,True
1cb4c2d482cf,budapest_QUALI,ecu_canbus,string_in_numeric,detection,0.0048,True
d5f23f116386,budapest_QUALI,speed,duplicate_timestamp,detection,0.0075,True
c3ff0954c98a,budapest_QUALI,engine_temp,string_in_numeric,detection,0.0046,True
54f6a5abb6b4,budapest_QUALI,throttle_alt,schema_drift,detection,0.0078,True
ad64c09893b8,budapest_QUALI,brake_temp_alt,schema_drift,detection,0.0093,True
146c377b13ae,budapest_QUALI,g_force_lateral,string_in_numeric,detection,0.0047,True
5b6ec3a812ed,budapest_QUALI,ecu_canbus_alt,schema_drift,detection,0.0087,True
ea1d486520e0,budapest_QUALI,brake_temp,duplicate_timestamp,detection,0.008,True
fd352ae6d178,budapest_QUALI,aero_load,duplicate_timestamp,detection,0.0082,True
dcf2757eaeca,budapest_QUALI,brake_temp,string_in_numeric,detection,0.0047,True
83c83bed2eff,budapest_QUALI,engine_temp,string_in_numeric,detection,0.0043,True
d8107c945f66,budapest_QUALI,tyre_pressure_new,schema_drift,detection,0.0087,True
1addb2c24f91,budapest_QUALI,throttle_canbus,schema_drift,detection,0.0688,True
d798ce12002c,budapest_QUALI,aero_load,duplicate_timestamp,detection,0.0076,True
bc0a107893b7,budapest_QUALI,aero_load_canbus,schema_drift,detection,0.0101,True
019043d13c9d,budapest_QUALI,speed_v2,schema_drift,detection,0.0087,True
02866eb41dbc,budapest_QUALI,heart_rate_raw,schema_drift,detection,0.0115,True
33b2059ac686,budapest_QUALI,g_force_lateral_alt,schema_drift,detection,0.0093,True
8cce2b474c09,budapest_QUALI,engine_temp,string_in_numeric,detection,0.0046,True
7c9cab9d7f67,budapest_QUALI,rpm,duplicate_timestamp,detection,0.0076,True
a7ecc6435a02,budapest_QUALI,rpm_v2,schema_drift,detection,0.0092,True
305f85a897db,budapest_QUALI,speed,duplicate_timestamp,detection,0.0082,True
8006b0ab99fc,budapest_QUALI,throttle_canbus,schema_drift,detection,0.0096,True
853463065d66,budapest_QUALI,ecu_canbus_canbus,schema_drift,detection,0.0094,True
fef0efa5cfd7,budapest_QUALI,throttle,duplicate_timestamp,detection,0.0076,True
1c7c96569fb9,budapest_QUALI,brake_temp,duplicate_timestamp,detection,0.0076,True
2f8c489e0074,budapest_QUALI,rpm,string_in_numeric,detection,0.0044,True
b55656fb0aab,budapest_QUALI,brake_temp,string_in_numeric,detection,0.0041,True
28afd250d47d,budapest_QUALI,ecu_canbus,duplicate_timestamp,detection,0.0078,True
c8a3c3c35866,budapest_QUALI,heart_rate,duplicate_timestamp,detection,0.0078,True
20fdfeab7e38,budapest_QUALI,aero_load_alt,schema_drift,detection,0.0092,True
40ec4519fead,budapest_QUALI,engine_temp_alt,schema_drift,detection,0.0088,True
b6038317e388,budapest_QUALI,heart_rate,string_in_numeric,detection,0.0046,True
d8cd14eac161,budapest_QUALI,rpm,duplicate_timestamp,detection,0.0078,True
558fbbab1d16,budapest_QUALI,rpm,duplicate_timestamp,detection,0.0078,True
484a4b7d96f8,budapest_QUALI,heart_rate,string_in_numeric,detection,0.0046,True
ce19cdfdb76a,budapest_QUALI,rpm_v2,schema_drift,detection,0.0088,True
bbd35661bb95,budapest_QUALI,throttle,duplicate_timestamp,detection,0.008,True
7734258f49ea,budapest_QUALI,heart_rate_v2,schema_drift,detection,0.011,True
62c03cfdc523,budapest_QUALI,brake_temp,string_in_numeric,detection,0.005,True
12ca94f625d1,budapest_QUALI,aero_load,string_in_numeric,detection,0.0049,True
7eff2ef73ef1,budapest_QUALI,g_force_lateral,duplicate_timestamp,detection,0.0082,True
7c68d993b274,budapest_QUALI,engine_temp,duplicate_timestamp,detection,0.0074,True
ab8e0564606c,budapest_QUALI,throttle,string_in_numeric,detection,0.005,True
eb295cb6fdde,budapest_QUALI,aero_load,duplicate_timestamp,detection,0.0082,True
370c069c0f9a,budapest_QUALI,tyre_pressure_alt,schema_drift,detection,0.0089,True
74da88d0d995,budapest_QUALI,rpm,string_in_numeric,detection,0.0046,True
26656d9c6ec4,budapest_QUALI,ecu_canbus_canbus,schema_drift,detection,0.0091,True
201cb0290f13,budapest_QUALI,aero_load_v2,schema_drift,detection,0.0091,True
eb13feaae0bf,budapest_QUALI,aero_load,duplicate_timestamp,detection,0.008,True
4b6cfce2bc7a,budapest_QUALI,g_force_lateral,duplicate_timestamp,detection,0.008,True
a18965a58e8b,budapest_QUALI,throttle,string_in_numeric,detection,0.0045,True
af0477c8c928,budapest_QUALI,brake_temp,duplicate_timestamp,detection,0.0084,True
fbf78c30f62b,budapest_QUALI,throttle,string_in_numeric,detection,0.0048,True
dd84814e673c,budapest_QUALI,speed_raw,schema_drift,detection,0.0088,True
6d4d9b06c062,budapest_QUALI,tyre_pressure,duplicate_timestamp,detection,0.0081,True
28b079cc9f11,budapest_QUALI,aero_load,duplicate_timestamp,detection,0.0078,True
da4d10148590,budapest_QUALI,throttle,string_in_numeric,detection,0.0142,True
1fb7f727f238,budapest_QUALI,ecu_canbus,duplicate_timestamp,detection,0.0078,True
cd6156dc979f,budapest_QUALI,g_force_lateral_new,schema_drift,detection,0.0088,True
3650beb70541,budapest_QUALI,g_force_lateral,string_in_numeric,detection,0.0055,True
ed643eac0136,budapest_QUALI,aero_load,duplicate_timestamp,detection,0.0076,True
42746bf4373b,budapest_QUALI,tyre_pressure,duplicate_timestamp,detection,0.0078,True
21b93fbf390b,budapest_QUALI,heart_rate,duplicate_timestamp,detection,0.0078,True
52a35402af86,budapest_QUALI,throttle,string_in_numeric,detection,0.0048,True
82e2e49ef3ec,budapest_QUALI,heart_rate,string_in_numeric,detection,0.0046,True
2fbe6aa9c32a,budapest_QUALI,ecu_canbus_raw,schema_drift,detection,0.0087,True
66eda67eee96,budapest_QUALI,ecu_canbus_canbus,schema_drift,detection,0.0087,True
342bb199450c,budapest_QUALI,speed_v2,schema_drift,detection,0.0094,True
e6675fa8e536,budapest_QUALI,brake_temp,duplicate_timestamp,detection,0.0083,True
908a09b79828,budapest_QUALI,aero_load,string_in_numeric,detection,0.0046,True
dc36e511eb84,budapest_QUALI,engine_temp_canbus,schema_drift,detection,0.0087,True
df1b009ae62a,budapest_QUALI,tyre_pressure,string_in_numeric,detection,0.0073,True
8665eddd7e8f,budapest_QUALI,engine_temp,string_in_numeric,detection,0.0045,True
c751ddd35e9f,budapest_QUALI,heart_rate_alt,schema_drift,detection,0.0088,True
3f22ddc62137,budapest_QUALI,speed,string_in_numeric,detection,0.0047,True
8cef96db96e4,budapest_QUALI,throttle,string_in_numeric,detection,0.0044,True
72749089c92a,budapest_QUALI,ecu_canbus_raw,schema_drift,detection,0.0096,True
c1e761eb4a95,budapest_QUALI,rpm,duplicate_timestamp,detection,0.0078,True
b37985970241,budapest_QUALI,rpm_raw,schema_drift,detection,0.0105,True
431a0bf7d591,budapest_QUALI,heart_rate_alt,schema_drift,detection,0.0084,True
8459b8951fd2,budapest_QUALI,g_force_lateral_alt,schema_drift,detection,0.0092,True
264bce899677,budapest_QUALI,g_force_lateral,duplicate_timestamp,detection,0.0082,True
090efd56c4b5,budapest_QUALI,heart_rate_raw,schema_drift,detection,0.0088,True
7e6b334abad0,budapest_QUALI,g_force_lateral,duplicate_timestamp,detection,0.0087,True
2978529f2db9,budapest_QUALI,ecu_canbus_raw,schema_drift,detection,0.0088,True
beb708c86e0c,budapest_QUALI,tyre_pressure,string_in_numeric,detection,0.0046,True
4963ba130ea5,budapest_QUALI,speed_alt,schema_drift,detection,0.0088,True
254886b82a95,budapest_QUALI,throttle_raw,schema_drift,detection,0.0087,True
56a77a8c5feb,budapest_QUALI,speed,string_in_numeric,detection,0.0046,True
26e7ab2d56dc,budapest_QUALI,aero_load_alt,schema_drift,detection,0.0085,True
89c8f632f383,budapest_QUALI,heart_rate,string_in_numeric,detection,0.0043,True
15e449c94bde,budapest_QUALI,brake_temp,string_in_numeric,detection,0.0045,True
6c310f327ad4,budapest_QUALI,engine_temp_new,schema_drift,detection,0.0088,True
e1a1d88e13ae,budapest_QUALI,speed,duplicate_timestamp,detection,0.0077,True
785c594809b7,budapest_QUALI,tyre_pressure_new,schema_drift,detection,0.0082,True
4f99cf026751,budapest_QUALI,g_force_lateral_raw,schema_drift,detection,0.0099,True
d7ee2d096c98,budapest_QUALI,speed_new,schema_drift,detection,0.0089,True
86a4d8b9205e,budapest_QUALI,rpm,string_in_numeric,detection,0.0043,True
10a93de8f01d,budapest_QUALI,heart_rate,duplicate_timestamp,detection,0.01,True
d4469b184e12,budapest_QUALI,ecu_canbus_alt,schema_drift,detection,0.009,True
a1b9a5f5e8b0,budapest_QUALI,tyre_pressure,string_in_numeric,detection,0.0046,True
65485c336607,budapest_QUALI,ecu_canbus,duplicate_timestamp,detection,0.0075,True
e105fda71a81,budapest_QUALI,brake_temp,duplicate_timestamp,detection,0.0077,True
faa522a0d1a1,budapest_QUALI,brake_temp,duplicate_timestamp,detection,0.0119,True
87c15f1ab5f1,budapest_QUALI,aero_load,string_in_numeric,detection,0.0047,True
26d26827b011,budapest_QUALI,tyre_pressure,duplicate_timestamp,detection,0.008,True
b57337a769fc,budapest_QUALI,engine_temp,duplicate_timestamp,detection,0.0076,True
24beccc886e7,budapest_QUALI,rpm,duplicate_timestamp,detection,0.0081,True
4ac5a591a02c,budapest_QUALI,speed_raw,schema_drift,detection,0.0089,True
5bc3a2274fa7,budapest_QUALI,engine_temp,duplicate_timestamp,detection,0.0079,True
edeb9ced94b7,budapest_QUALI,ecu_canbus_new,schema_drift,detection,0.0089,True
b88b90bd036f,budapest_QUALI,rpm,duplicate_timestamp,detection,0.008,True
d934f3f537e8,budapest_QUALI,rpm,duplicate_timestamp,detection,0.0084,True
58331ea9419e,budapest_QUALI,rpm_alt,schema_drift,detection,0.0085,True
64d356604cad,budapest_QUALI,ecu_canbus,duplicate_timestamp,detection,0.008,True
01d1426f3b4b,budapest_QUALI,tyre_pressure,string_in_numeric,detection,0.0048,True
9c2e2e87db37,budapest_QUALI,rpm_canbus,schema_drift,detection,0.0095,True
9e701945cde4,budapest_QUALI,throttle_raw,schema_drift,detection,0.0091,True
691a7dc61d81,budapest_QUALI,brake_temp_v2,schema_drift,detection,0.0085,True
0760fc411623,budapest_QUALI,rpm,string_in_numeric,detection,0.0046,True
e08968782b9c,budapest_QUALI,aero_load,duplicate_timestamp,detection,0.0113,True
8ea12abdae7e,budapest_QUALI,tyre_pressure,duplicate_timestamp,detection,0.0076,True
8deaf6c6cdd7,budapest_QUALI,engine_temp,duplicate_timestamp,detection,0.0077,True
788f81a8de1a,budapest_QUALI,brake_temp_v2,schema_drift,detection,0.0087,True
6fbf7a65c08d,budapest_QUALI,heart_rate,duplicate_timestamp,detection,0.0194,True
9118c1a43267,budapest_QUALI,ecu_canbus,string_in_numeric,detection,0.0048,True
a6a88340dbd9,budapest_QUALI,rpm_raw,schema_drift,detection,0.0088,True
2e6ef2c0bba1,budapest_QUALI,g_force_lateral,string_in_numeric,detection,0.005,True
10b7fe9a56fe,budapest_QUALI,heart_rate,duplicate_timestamp,detection,0.0082,True
e646082492e2,budapest_QUALI,heart_rate,duplicate_timestamp,detection,0.008,True
31def4128333,budapest_QUALI,engine_temp,duplicate_timestamp,detection,0.0084,True
11711dd13abc,budapest_QUALI,ecu_canbus_alt,schema_drift,detection,0.0095,True
cdccc2c4d5cf,budapest_QUALI,speed,duplicate_timestamp,detection,0.0077,True
d1730948f747,budapest_QUALI,aero_load,string_in_numeric,detection,0.0046,True
1d6f1a4fa91a,budapest_QUALI,brake_temp,duplicate_timestamp,detection,0.0081,True
7dcebc3f3d80,budapest_QUALI,tyre_pressure_v2,schema_drift,detection,0.0085,True
d52f86ad2182,budapest_QUALI,rpm,string_in_numeric,detection,0.0042,True
3a0885f30350,budapest_QUALI,rpm,duplicate_timestamp,detection,0.0076,True
7e44ce6c4077,budapest_QUALI,tyre_pressure_v2,schema_drift,detection,0.0084,True
d0481817d623,budapest_QUALI,ecu_canbus_raw,schema_drift,detection,0.0093,True
58fe0aaee42f,budapest_QUALI,ecu_canbus,duplicate_timestamp,detection,0.0084,True
43b9522929e6,budapest_RACE,brake_temp,duplicate_timestamp,detection,0.0075,True
c943a4d2abc5,budapest_RACE,heart_rate,duplicate_timestamp,detection,0.0074,True
acecaf834cee,budapest_RACE,tyre_pressure_raw,schema_drift,detection,0.0085,True
9d8cdb9d31d4,budapest_RACE,tyre_pressure_new,schema_drift,detection,0.0086,True
1a387362444e,budapest_RACE,ecu_canbus,string_in_numeric,detection,0.0047,True
da8d3e90b5af,budapest_RACE,throttle,string_in_numeric,detection,0.0046,True
1ce6e7662883,budapest_RACE,speed_raw,schema_drift,detection,0.009,True
3554c714a8db,budapest_RACE,g_force_lateral,duplicate_timestamp,detection,0.0083,True
0ac0ef2d4c75,budapest_RACE,engine_temp,duplicate_timestamp,detection,0.0082,True
118a21c5b3da,budapest_RACE,throttle_canbus,schema_drift,detection,0.0091,True
206aa78e1be6,budapest_RACE,brake_temp,duplicate_timestamp,detection,0.0154,True
0a47b3cd03c5,budapest_RACE,engine_temp_raw,schema_drift,detection,0.0087,True
9cec99920f9a,budapest_RACE,heart_rate,duplicate_timestamp,detection,0.0081,True
56e0ee010455,budapest_RACE,heart_rate,duplicate_timestamp,detection,0.0076,True
29f648c04d31,budapest_RACE,ecu_canbus,string_in_numeric,detection,0.0046,True
7d1318e6082e,budapest_RACE,tyre_pressure_raw,schema_drift,detection,0.0082,True
6d842ca9cb33,budapest_RACE,engine_temp_raw,schema_drift,detection,0.0086,True
6a104b0747a2,budapest_RACE,aero_load,string_in_numeric,detection,0.0045,True
02c7e2847fc9,budapest_RACE,aero_load,duplicate_timestamp,detection,0.0083,True
387a01e93040,budapest_RACE,aero_load,duplicate_timestamp,detection,0.0078,True
cb76b2f1628c,budapest_RACE,rpm,duplicate_timestamp,detection,0.008,True
6f53712f8101,budapest_RACE,rpm,string_in_numeric,detection,0.0045,True
aae2058bafd1,budapest_RACE,ecu_canbus,string_in_numeric,detection,0.0046,True
b583c49bd941,budapest_RACE,tyre_pressure_v2,schema_drift,detection,0.0087,True
0d0cea38421e,budapest_RACE,g_force_lateral_v2,schema_drift,detection,0.0091,True
606bff620e57,budapest_RACE,heart_rate_new,schema_drift,detection,0.0102,True
bee78397e254,budapest_RACE,heart_rate_new,schema_drift,detection,0.0096,True
a6e4996f29da,budapest_RACE,g_force_lateral,string_in_numeric,detection,0.0045,True
d62cabcb0d3d,budapest_RACE,ecu_canbus,duplicate_timestamp,detection,0.0078,True
dbf3ec1bf1cd,budapest_RACE,tyre_pressure,string_in_numeric,detection,0.0053,True
97166baf5685,budapest_RACE,g_force_lateral,string_in_numeric,detection,0.0046,True
62fdb0262988,budapest_RACE,ecu_canbus,string_in_numeric,detection,0.0048,True
fc84a7193e0a,budapest_RACE,engine_temp,string_in_numeric,detection,0.0045,True
3824a8b2e70a,budapest_RACE,rpm_new,schema_drift,detection,0.0096,True
c8a29d77b497,budapest_RACE,throttle,duplicate_timestamp,detection,0.0075,True
8b741cff7a94,budapest_RACE,brake_temp,string_in_numeric,detection,0.0044,True
32aac39623c3,budapest_RACE,heart_rate,duplicate_timestamp,detection,0.008,True
e9c6f9808f06,budapest_RACE,speed,duplicate_timestamp,detection,0.0076,True
11d8d19e71a8,budapest_RACE,g_force_lateral_new,schema_drift,detection,0.0089,True
f9edd6bef6ed,budapest_RACE,tyre_pressure,duplicate_timestamp,detection,0.0078,True
aa22105ce61c,budapest_RACE,aero_load,string_in_numeric,detection,0.0055,True
9450019ad4af,budapest_RACE,speed_canbus,schema_drift,detection,0.0087,True
87c233a7383f,budapest_RACE,heart_rate_new,schema_drift,detection,0.0088,True
54fb6527fd17,budapest_RACE,throttle,string_in_numeric,detection,0.0045,True
c40e5d0b4c2f,budapest_RACE,rpm,duplicate_timestamp,detection,0.0082,True
6ee3b2f165dc,budapest_RACE,ecu_canbus,duplicate_timestamp,detection,0.0079,True
ce9d163a269b,budapest_RACE,ecu_canbus,string_in_numeric,detection,0.0047,True
75943b643252,budapest_RACE,heart_rate_raw,schema_drift,detection,0.0125,True
5148f37a50f3,budapest_RACE,heart_rate_canbus,schema_drift,detection,0.0106,True
6b6835f063ea,budapest_RACE,heart_rate_canbus,schema_drift,detection,0.0076,True
0dee64f04263,budapest_RACE,brake_temp,duplicate_timestamp,detection,0.008,True
0da5b3058ff9,budapest_RACE,brake_temp_canbus,schema_drift,detection,0.0106,True
663b4eedec0e,budapest_RACE,heart_rate,string_in_numeric,detection,0.0043,True
ac79b419dc28,budapest_RACE,throttle,string_in_numeric,detection,0.0043,True
46feaf70920e,budapest_RACE,engine_temp_new,schema_drift,detection,0.007,True
fb0e5f5966d8,budapest_RACE,speed,duplicate_timestamp,detection,0.0082,True
90e385a2e9ed,budapest_RACE,aero_load,string_in_numeric,detection,0.0047,True
58331e3e1af4,budapest_RACE,rpm_raw,schema_drift,detection,0.0093,True
e33825e433b5,budapest_RACE,brake_temp,duplicate_timestamp,detection,0.0077,True
45c347f89b11,budapest_RACE,speed,duplicate_timestamp,detection,0.0093,True
746885fc82fb,budapest_RACE,ecu_canbus_new,schema_drift,detection,0.0101,True
ff3ecf258378,budapest_RACE,engine_temp_alt,schema_drift,detection,0.0091,True
89f6995fb2bc,budapest_RACE,heart_rate,duplicate_timestamp,detection,0.0084,True
37f78a9db836,budapest_RACE,ecu_canbus,string_in_numeric,detection,0.0042,True
5e10bd67ef82,budapest_RACE,tyre_pressure,duplicate_timestamp,detection,0.0075,True
c7b487041751,budapest_RACE,aero_load_canbus,schema_drift,detection,0.0089,True
892cd0405961,budapest_RACE,engine_temp_raw,schema_drift,detection,0.009,True
8a76629c475c,budapest_RACE,heart_rate,string_in_numeric,detection,0.0044,True
b817f810fe25,budapest_RACE,throttle,duplicate_timestamp,detection,0.0075,True
b0219e6c726e,budapest_RACE,heart_rate,duplicate_timestamp,detection,0.008,True
d9958da8c746,budapest_RACE,tyre_pressure,duplicate_timestamp,detection,0.0077,True
1882f46be2a9,budapest_RACE,ecu_canbus,string_in_numeric,detection,0.0045,True
9ccb981ea144,budapest_RACE,heart_rate,duplicate_timestamp,detection,0.0072,True
9b5df36822e7,budapest_RACE,rpm,duplicate_timestamp,detection,0.0077,True
1f3345d84ef8,budapest_RACE,throttle,duplicate_timestamp,detection,0.0074,True
b807d7c0b903,budapest_RACE,tyre_pressure_raw,schema_drift,detection,0.0089,True
7c5574adbd01,budapest_RACE,heart_rate_v2,schema_drift,detection,0.0087,True
0229cd878136,budapest_RACE,speed,string_in_numeric,detection,0.0046,True
eefcc60db4c8,budapest_RACE,engine_temp,string_in_numeric,detection,0.0045,True
4ff3060f0ea3,budapest_RACE,heart_rate,string_in_numeric,detection,0.0045,True
b94e376e8d47,budapest_RACE,engine_temp,duplicate_timestamp,detection,0.0081,True
e43559cef365,budapest_RACE,engine_temp,string_in_numeric,detection,0.0043,True
7e0807c0678e,budapest_RACE,heart_rate,string_in_numeric,detection,0.0046,True
6abde970ebfd,budapest_RACE,aero_load,string_in_numeric,detection,0.0046,True
d9150a03a9cd,budapest_RACE,aero_load,duplicate_timestamp,detection,0.0076,True
693b46ba8627,budapest_RACE,aero_load_raw,schema_drift,detection,0.0087,True
00a5cb4116e3,budapest_RACE,tyre_pressure,string_in_numeric,detection,0.0048,True
f64482959746,budapest_RACE,throttle,string_in_numeric,detection,0.0047,True
63474871e706,budapest_RACE,ecu_canbus,duplicate_timestamp,detection,0.0076,True
f0cf5f80943c,budapest_RACE,throttle_alt,schema_drift,detection,0.0095,True
1195f920fa95,budapest_RACE,g_force_lateral,duplicate_timestamp,detection,0.0079,True
0ec4a81b6bec,budapest_RACE,throttle,duplicate_timestamp,detection,0.0078,True
a60063687917,budapest_RACE,tyre_pressure_raw,schema_drift,detection,0.0087,True
4272b2130f9d,budapest_RACE,tyre_pressure,string_in_numeric,detection,0.0045,True
0eba7afd1566,budapest_RACE,tyre_pressure_v2,schema_drift,detection,0.0088,True
64f330827bae,budapest_RACE,brake_temp,string_in_numeric,detection,0.0046,True
676c769caced,budapest_RACE,throttle_canbus,schema_drift,detection,0.0096,True
77b8b4defd31,budapest_RACE,heart_rate,duplicate_timestamp,detection,0.0077,True
27c8af323cd5,budapest_RACE,rpm,string_in_numeric,detection,0.0044,True
b4051235f785,budapest_RACE,heart_rate,duplicate_timestamp,detection,0.0081,True
404e86dd69e7,budapest_RACE,g_force_lateral,duplicate_timestamp,detection,0.0089,True
585cdacb430d,budapest_RACE,brake_temp,string_in_numeric,detection,0.0045,True
be22084e3ed8,budapest_RACE,aero_load,string_in_numeric,detection,0.0047,True
dbb0197bb7f8,budapest_RACE,rpm,duplicate_timestamp,detection,0.0077,True
234bab5c58ee,budapest_RACE,throttle,string_in_numeric,detection,0.0045,True
f7d2b58e5cfa,budapest_RACE,throttle,duplicate_timestamp,detection,0.0074,True
b9ebbb062543,budapest_RACE,throttle,string_in_numeric,detection,0.0047,True
1ea142984da4,budapest_RACE,g_force_lateral,duplicate_timestamp,detection,0.0077,True
3d0bc2fe447d,budapest_RACE,throttle,duplicate_timestamp,detection,0.008,True
6b480343313d,budapest_RACE,heart_rate,string_in_numeric,detection,0.005,True
792638119710,budapest_RACE,brake_temp,string_in_numeric,detection,0.0048,True
0bb323470a70,budapest_RACE,ecu_canbus,duplicate_timestamp,detection,0.0103,True
2e451b6e4cc0,budapest_RACE,heart_rate,string_in_numeric,detection,0.0051,True
e02603c877e6,budapest_RACE,aero_load,string_in_numeric,detection,0.0047,True
e2519a4df934,budapest_RACE,rpm,string_in_numeric,detection,0.0042,True
ff29b60aba1d,budapest_RACE,rpm_v2,schema_drift,detection,0.0102,True
699244090ee0,budapest_RACE,throttle,string_in_numeric,detection,0.0054,True
bbfd7b493085,budapest_RACE,rpm_canbus,schema_drift,detection,0.0091,True
d9bdff71bc36,budapest_RACE,throttle,duplicate_timestamp,detection,0.0078,True
2d296ecf8e22,budapest_RACE,rpm,string_in_numeric,detection,0.0043,True
a76ff8753d10,budapest_RACE,tyre_pressure,string_in_numeric,detection,0.0046,True
1fb6a47de290,budapest_RACE,rpm,string_in_numeric,detection,0.0047,True
4de13d2dcbe5,budapest_RACE,brake_temp_canbus,schema_drift,detection,0.0091,True
28ad9972f016,budapest_RACE,brake_temp,string_in_numeric,detection,0.0045,True
090b5a3043db,budapest_RACE,ecu_canbus,duplicate_timestamp,detection,0.0092,True
44c2af07cee9,budapest_RACE,g_force_lateral_new,schema_drift,detection,0.0089,True
afb65fbde85b,budapest_RACE,g_force_lateral_alt,schema_drift,detection,0.0087,True
f29c831bb6a1,budapest_RACE,engine_temp,string_in_numeric,detection,0.0046,True
3d9a2f46f886,budapest_RACE,brake_temp_new,schema_drift,detection,0.0093,True
39de3725a27e,budapest_RACE,tyre_pressure,duplicate_timestamp,detection,0.0081,True
969e68fa752d,budapest_RACE,heart_rate,duplicate_timestamp,detection,0.0076,True
bb233053d46a,budapest_RACE,brake_temp,duplicate_timestamp,detection,0.0074,True
cc8a9392e19d,budapest_RACE,heart_rate,duplicate_timestamp,detection,0.0077,True
84423549fb23,budapest_RACE,tyre_pressure,string_in_numeric,detection,0.0046,True
609af92608a1,budapest_RACE,throttle_alt,schema_drift,detection,0.0087,True
48dfd363f1cd,budapest_RACE,throttle,string_in_numeric,detection,0.0045,True
44e7f7e5dbfe,budapest_RACE,rpm,duplicate_timestamp,detection,0.0083,True
52f80a93f35b,budapest_RACE,tyre_pressure,string_in_numeric,detection,0.0047,True
dc21074e2d0d,budapest_RACE,engine_temp_canbus,schema_drift,detection,0.0084,True
dd8504e3ea1c,budapest_RACE,engine_temp_new,schema_drift,detection,0.0094,True
8ea1dfe4410d,budapest_RACE,ecu_canbus_canbus,schema_drift,detection,0.0095,True
d1412573417a,budapest_RACE,tyre_pressure_alt,schema_drift,detection,0.0087,True
4c2dfa65ef95,budapest_RACE,brake_temp_v2,schema_drift,detection,0.0081,True
e0ba9634239d,budapest_RACE,throttle,string_in_numeric,detection,0.0045,True
4d8a8b88dae2,budapest_RACE,throttle_v2,schema_drift,detection,0.009,True
c21aa873f2a6,budapest_RACE,aero_load_canbus,schema_drift,detection,0.0091,True
26ca3769b7ff,budapest_RACE,speed,string_in_numeric,detection,0.0045,True
3597fcc8a62c,budapest_RACE,engine_temp,duplicate_timestamp,detection,0.0111,True
afd94ed1984d,budapest_RACE,brake_temp,duplicate_timestamp,detection,0.0079,True
d7a2aa1159d5,budapest_RACE,tyre_pressure,string_in_numeric,detection,0.0049,True
3dd1c25d4cc3,budapest_RACE,brake_temp,string_in_numeric,detection,0.0056,True
a784aa2a9f86,budapest_RACE,tyre_pressure,string_in_numeric,detection,0.0045,True
247663f0efc4,budapest_RACE,heart_rate_canbus,schema_drift,detection,0.009,True
440c4ce91790,budapest_RACE,tyre_pressure_alt,schema_drift,detection,0.0087,True
5ba1cef85591,budapest_RACE,g_force_lateral,string_in_numeric,detection,0.0052,True
3335099626fa,budapest_RACE,tyre_pressure,string_in_numeric,detection,0.0045,True
a319361cce5c,budapest_RACE,g_force_lateral_new,schema_drift,detection,0.0087,True
5008b6a16d45,budapest_RACE,tyre_pressure,duplicate_timestamp,detection,0.0078,True
0c98bee6f0f9,budapest_RACE,speed,duplicate_timestamp,detection,0.0079,True
e99856b83dd3,budapest_RACE,tyre_pressure,string_in_numeric,detection,0.0048,True
c97f6d59983b,budapest_RACE,engine_temp,duplicate_timestamp,detection,0.0079,True
e510802e7705,budapest_RACE,ecu_canbus,duplicate_timestamp,detection,0.0079,True
23be0f059b25,budapest_RACE,throttle,duplicate_timestamp,detection,0.0087,True
821f4079d46c,budapest_RACE,brake_temp,string_in_numeric,detection,0.0046,True
6b8b97ffa1fe,budapest_RACE,tyre_pressure,duplicate_timestamp,detection,0.0079,True
c6d5e93a30f6,budapest_RACE,throttle,string_in_numeric,detection,0.0043,True
8169aa4adabf,budapest_RACE,aero_load_raw,schema_drift,detection,0.0085,True
224f9aa4c4c6,budapest_RACE,g_force_lateral_raw,schema_drift,detection,0.0087,True
4e20fffdc822,budapest_RACE,engine_temp,string_in_numeric,detection,0.0045,True
800feb16e2a3,budapest_RACE,rpm,string_in_numeric,detection,0.0046,True
19837b7b499f,budapest_RACE,aero_load,string_in_numeric,detection,0.0047,True
b6be6d30ba30,budapest_RACE,tyre_pressure,string_in_numeric,detection,0.0047,True
75955b2adbe0,budapest_RACE,rpm_new,schema_drift,detection,0.0097,True
b8539f4ac4e5,budapest_RACE,ecu_canbus,duplicate_timestamp,detection,0.0077,True
a1b444ebfa00,budapest_RACE,aero_load,duplicate_timestamp,detection,0.008,True
19eae128ff5b,budapest_RACE,aero_load,duplicate_timestamp,detection,0.0079,True
b732c55118ad,budapest_RACE,ecu_canbus,duplicate_timestamp,detection,0.0077,True
8d7900301723,budapest_RACE,brake_temp_alt,schema_drift,detection,0.0085,True
2979eec345d6,budapest_RACE,heart_rate,string_in_numeric,detection,0.0052,True
51eb2e6e7b54,budapest_RACE,tyre_pressure,duplicate_timestamp,detection,0.0082,True
dd99fbcc181e,budapest_RACE,brake_temp,string_in_numeric,detection,0.0048,True
83a4f5f32f80,budapest_RACE,engine_temp,duplicate_timestamp,detection,0.0075,True
9416159a98a1,budapest_RACE,g_force_lateral,duplicate_timestamp,detection,0.008,True
de753d563489,budapest_RACE,heart_rate,string_in_numeric,detection,0.0068,True
9a5596ea1d0a,budapest_RACE,heart_rate,duplicate_timestamp,detection,0.0079,True
d2d6e4286276,budapest_RACE,tyre_pressure,string_in_numeric,detection,0.0049,True
2003fc62cefd,budapest_RACE,heart_rate,duplicate_timestamp,detection,0.008,True
b4d77bc7cc22,budapest_RACE,throttle_canbus,schema_drift,detection,0.0088,True
98f5d205a790,budapest_RACE,tyre_pressure,string_in_numeric,detection,0.0044,True
2b32f25a2a97,budapest_RACE,rpm,string_in_numeric,detection,0.0047,True
a9e2664e9f75,budapest_RACE,ecu_canbus,string_in_numeric,detection,0.0064,True
d4b9c7e1f83f,budapest_RACE,engine_temp,duplicate_timestamp,detection,0.0081,True
fcad48e96742,budapest_RACE,aero_load_new,schema_drift,detection,0.0095,True
1ac6b5dea6c9,budapest_RACE,rpm,string_in_numeric,detection,0.0047,True
a34591d3b006,budapest_RACE,brake_temp,duplicate_timestamp,detection,0.0077,True
f05772e1ab1b,budapest_RACE,throttle_alt,schema_drift,detection,0.0086,True
2ae7a3612d31,budapest_RACE,aero_load_new,schema_drift,detection,0.0094,True
2f3ca45380e0,budapest_RACE,g_force_lateral,string_in_numeric,detection,0.0046,True
36d43dce2eb4,budapest_RACE,heart_rate_alt,schema_drift,detection,0.0091,True
f433e38bc0f7,budapest_RACE,aero_load,string_in_numeric,detection,0.0047,True
336daedde4f1,budapest_RACE,throttle_v2,schema_drift,detection,0.0091,True
5b1c2428c776,budapest_RACE,brake_temp,duplicate_timestamp,detection,0.0075,True
7a8f596dd093,budapest_RACE,heart_rate_canbus,schema_drift,detection,0.0089,True
ab70e8f3507e,budapest_RACE,ecu_canbus,duplicate_timestamp,detection,0.008,True
69945fa9cea9,budapest_RACE,throttle_v2,schema_drift,detection,0.0092,True
ccd72afc8ada,budapest_RACE,aero_load_v2,schema_drift,detection,0.0088,True
9ac914815cf0,budapest_RACE,speed,string_in_numeric,detection,0.0044,True
30bea54eaa3b,budapest_RACE,g_force_lateral_canbus,schema_drift,detection,0.0086,True
c75564131353,budapest_RACE,heart_rate,string_in_numeric,detection,0.0044,True
d547f0475dd7,,,dlq_repair,repair,16.902,True
79e09ad329f6,,,dlq_repair,repair,0.0194,False
639521729da8,,,dlq_repair,repair,0.0167,False
e7a147159844,,,dlq_repair,repair,0.019,False
60fb29885330,,,dlq_repair,repair,0.0382,True
708932d294c5,,,dlq_repair,repair,0.0383,False
a2d14c13a465,,,dlq_repair,repair,0.0339,True
69aaaf357e28,,,dlq_repair,repair,0.0141,False
72acd1423284,,,dlq_repair,repair,0.0144,False
595d15b7b31c,,,dlq_repair,repair,0.0485,False
308fad38578f,,,dlq_repair,repair,0.0334,True
ecfc347c3b07,,,dlq_repair,repair,0.0318,True
c84af245a1f1,,,dlq_repair,repair,0.0142,False
6ddab168906f,,,dlq_repair,repair,0.0319,True
20f6825c129d,,,dlq_repair,repair,0.0338,False
59af5cdc89a3,,,dlq_repair,repair,0.028,False
a28d09e7fefb,,,dlq_repair,repair,0.0335,True
4f9f524e1ad4,,,dlq_repair,repair,0.0404,True
455029735c66,,,dlq_repair,repair,0.031,True
378c66cdd0fe,,,dlq_repair,repair,0.0345,True
188d2740278d,,,dlq_repair,repair,0.0321,False
b1022a818c0e,,,dlq_repair,repair,0.0401,True
647b5fee8292,,,dlq_repair,repair,0.0313,True
f713326e3787,,,dlq_repair,repair,0.0251,False
fd32adcd4fe3,,,dlq_repair,repair,0.0388,False
3abba08814f1,,,dlq_repair,repair,0.023,False
b91c4704189f,,,dlq_repair,repair,0.0372,False
7bdf5bfd1bf7,,,dlq_repair,repair,0.0358,True
13a4f8ddae6e,,,dlq_repair,repair,0.0141,False
26a7f30669c7,,,dlq_repair,repair,0.0176,False
13c199fa95b1,,,dlq_repair,repair,0.0134,False
7beda7dcded0,,,dlq_repair,repair,0.0144,False
1fd4022d89fb,,,dlq_repair,repair,0.0366,False
be86353e20bd,,,dlq_repair,repair,0.0195,False
2f3c8260657c,,,dlq_repair,repair,0.0326,True
1f9e64bef9b6,,,dlq_repair,repair,0.0449,False
c20783a78944,,,dlq_repair,repair,0.0142,False
df3fd0f6bebe,,,dlq_repair,repair,0.0434,False
c999ca0276f1,,,dlq_repair,repair,0.0142,False
ae6cfbd27662,,,dlq_repair,repair,0.0208,False
7b78abac4b80,,,dlq_repair,repair,0.0138,False
4cc6bea517f8,,,dlq_repair,repair,0.0404,True
b62324bbf41c,,,dlq_repair,repair,0.0307,True
63decad33a49,,,dlq_repair,repair,0.024,False
26d8a775480c,,,dlq_repair,repair,0.0141,False
5c3e81928426,,,dlq_repair,repair,0.0437,False
6781c66fbf4a,,,dlq_repair,repair,0.0312,True
79ff38c01f1a,,,dlq_repair,repair,0.0243,False
251ba1a38098,,,dlq_repair,repair,0.0161,False
d1353a59ad05,,,dlq_repair,repair,0.0452,False
e9e670cc0120,,,dlq_repair,repair,0.0143,False
76e718b22970,,,dlq_repair,repair,0.0246,False
e0a523078c3a,,,dlq_repair,repair,0.0349,False
f71dd855e86a,,,dlq_repair,repair,0.0233,False
fdd60ede2184,,,dlq_repair,repair,0.0125,False
58644e8d4da1,,,dlq_repair,repair,0.0258,False
2322f3495eaa,,,dlq_repair,repair,0.0324,True
e7de8b71cb22,,,dlq_repair,repair,0.0415,False
8b450a48fb78,,,dlq_repair,repair,0.0355,False
3491956ef888,,,dlq_repair,repair,0.022,False
2285a8c970aa,,,dlq_repair,repair,0.0346,False
7543eaaea5bb,,,dlq_repair,repair,0.0239,False
6f94794d567b,,,dlq_repair,repair,0.0145,False
a2a1ac5dbd0a,,,dlq_repair,repair,0.0374,True
02895f1b4b81,,,dlq_repair,repair,0.0375,False
0163095971c1,,,dlq_repair,repair,0.0219,False
92d7e06f62a0,,,dlq_repair,repair,0.0142,False
b210838afc5a,,,dlq_repair,repair,0.0382,True
f5a3e9189b50,,,dlq_repair,repair,0.0122,False
e3ccdbd5556b,,,dlq_repair,repair,0.0432,True
9331dd3e4cca,,,dlq_repair,repair,0.0146,False
2ee283c50600,,,dlq_repair,repair,0.0243,False
34b337fcf21f,,,dlq_repair,repair,0.0354,False
119a527cd56b,,,dlq_repair,repair,0.0401,False
a856b880d859,,,dlq_repair,repair,0.0127,False
9c68b9258ead,,,dlq_repair,repair,0.0117,False
2f27dafc4534,,,dlq_repair,repair,0.0145,False
8e3fcf7e6b43,,,dlq_repair,repair,0.0231,False
f67097c31321,,,dlq_repair,repair,0.0318,True
781b9a13ad74,,,dlq_repair,repair,0.0244,False
05a925afb5dc,,,dlq_repair,repair,0.0421,True
5e2ba039c0b4,,,dlq_repair,repair,0.0245,False
c921b42afa6a,,,dlq_repair,repair,0.0139,False
b4305ee9776f,,,dlq_repair,repair,0.0229,False
48e56ce5a50a,,,dlq_repair,repair,0.0117,False
eb96f3d61ac9,,,dlq_repair,repair,0.0251,False
542e14d2a50e,,,dlq_repair,repair,0.0335,True
5a93b67e81fa,,,dlq_repair,repair,0.0145,False
35155f03925b,,,dlq_repair,repair,0.0137,False
b6d97efbfed9,,,dlq_repair,repair,0.0242,False
b51acce9cef0,,,dlq_repair,repair,0.0135,False
cdce494db871,,,dlq_repair,repair,0.0221,False
8a844060a182,,,dlq_repair,repair,0.0118,False
bdd2eaee1389,,,dlq_repair,repair,0.0145,False
9feaa364c37e,,,dlq_repair,repair,0.0137,False
24604714f033,,,dlq_repair,repair,0.0437,True
2533b5fb4e04,,,dlq_repair,repair,0.0354,True
aab018e5e464,,,dlq_repair,repair,0.0228,False
2c812206ab76,,,dlq_repair,repair,0.0314,True
64257496d415,,,dlq_repair,repair,0.0335,True
dcd647dc50a6,,,dlq_repair,repair,0.0344,False
203739e7debe,,,dlq_repair,repair,0.0445,False
da467b1d05c8,,,dlq_repair,repair,0.0139,False
bb7c61e73738,,,dlq_repair,repair,0.024,False
d8ace6f0d489,,,dlq_repair,repair,0.02,False
a698f46bc5f0,,,dlq_repair,repair,0.043,True
95177e577adc,,,dlq_repair,repair,0.0163,False
d0632a70797e,,,dlq_repair,repair,0.0372,True
57806c949ac9,,,dlq_repair,repair,0.0309,True
223398af6b42,,,dlq_repair,repair,0.0361,True
367a2992ee81,,,dlq_repair,repair,0.0353,False
fbcb228b78bd,,,dlq_repair,repair,0.0416,False
82c3ceb401cb,,,dlq_repair,repair,0.0142,False
4f999b93bff0,,,dlq_repair,repair,0.0252,False
4723bf56d042,,,dlq_repair,repair,0.0327,True
03591f179a71,,,dlq_repair,repair,0.0316,False
eaaa15a07166,,,dlq_repair,repair,0.014,False
e2db2eaca87c,,,dlq_repair,repair,0.0399,True
b41620405532,,,dlq_repair,repair,0.0135,False
92a95d295996,,,dlq_repair,repair,0.02,False
66d764dc4224,,,dlq_repair,repair,0.0144,False
54069d6cedc9,,,dlq_repair,repair,0.0414,True
fdc039489089,,,dlq_repair,repair,0.0139,False
0f0bc02325a5,,,dlq_repair,repair,0.0429,True
d1f0baf519d9,,,dlq_repair,repair,0.0144,False
5752013f1c74,,,dlq_repair,repair,0.0422,True
5d55abdf55d9,,,dlq_repair,repair,0.0141,False
fc3779da2a1b,,,dlq_repair,repair,0.0384,True
e23dbf270f68,,,dlq_repair,repair,0.0144,False
da059ff185aa,,,dlq_repair,repair,0.0233,False
a907219f9855,,,dlq_repair,repair,0.0339,True
2d3a4154cc99,,,dlq_repair,repair,0.0355,False
18c6e07ea620,,,dlq_repair,repair,0.0319,True
2a1a0cfd1677,,,dlq_repair,repair,0.0417,True
879770e91fff,,,dlq_repair,repair,0.032,True
3087406b1845,,,dlq_repair,repair,0.0242,False
790dcff97e3d,,,dlq_repair,repair,0.0336,True
87225b2d0a59,,,dlq_repair,repair,0.0162,False
262d7684fa9c,,,dlq_repair,repair,0.0371,False
57c76ed4b748,,,dlq_repair,repair,0.0244,False
7f4bbf7312f4,,,dlq_repair,repair,0.0145,False
871d1f45d538,,,dlq_repair,repair,0.0238,False
f0af8c08961e,,,dlq_repair,repair,0.0141,False
0df708663613,,,dlq_repair,repair,0.0233,False
fdcf8ca803e7,,,dlq_repair,repair,0.0137,False
48d398718cef,,,dlq_repair,repair,0.0519,False
9824fa969c3a,,,dlq_repair,repair,0.0142,False
6c390d2dc694,,,dlq_repair,repair,0.0163,False
5a2abc68119b,,,dlq_repair,repair,0.0155,False
867565cbf5d3,,,dlq_repair,repair,0.0448,False
90334dce190d,,,dlq_repair,repair,0.0148,False
88f8f447dced,,,dlq_repair,repair,0.0332,True
2b192372ce45,,,dlq_repair,repair,0.0131,False
1ecc0f1ead89,,,dlq_repair,repair,0.0426,False
b1381f1b4e4e,,,dlq_repair,repair,0.0137,False
853ee793813e,,,dlq_repair,repair,0.0136,False
fcd61eab7bd9,,,dlq_repair,repair,0.0138,False
19802426a60b,,,dlq_repair,repair,0.0218,False
67f4b6efc4d5,,,dlq_repair,repair,0.0359,False
9fa7afd1923b,,,dlq_repair,repair,0.0387,False
86ac6c1e4ca0,,,dlq_repair,repair,0.0251,False
3781f27ea287,,,dlq_repair,repair,0.0378,True
b5015f0672ed,,,dlq_repair,repair,0.0345,False
96e3f667453f,,,dlq_repair,repair,0.0392,False
70d1363fd25d,,,dlq_repair,repair,0.0127,False
8b31800b6094,,,dlq_repair,repair,0.0245,False
5a13aeaeef6a,,,dlq_repair,repair,0.0136,False
301632576d0b,,,dlq_repair,repair,0.0405,True
0ffe39c15e04,,,dlq_repair,repair,0.0333,False
4542a1b672a8,,,dlq_repair,repair,0.0222,False
12e041ce3cc2,,,dlq_repair,repair,0.0337,False
da6b9b4792db,,,dlq_repair,repair,0.0219,False
6f70f1c8d201,,,dlq_repair,repair,0.0328,True
e061e836f348,,,dlq_repair,repair,0.0387,True
0ef95ccfde24,,,dlq_repair,repair,0.0351,False
2b22d09ea6a5,,,dlq_repair,repair,0.0391,True
fc2e8011ded6,,,dlq_repair,repair,0.0139,False
1e96bda4714f,,,dlq_repair,repair,0.0128,False
08f0caecf694,,,dlq_repair,repair,0.0333,True
b603011c3f63,,,dlq_repair,repair,0.0398,True
2b6bb9f7c742,,,dlq_repair,repair,0.0134,False
da7ce198a64e,,,dlq_repair,repair,0.041,True
5f1161bd8489,,,dlq_repair,repair,0.0137,False
d2a3d0c4b0a3,,,dlq_repair,repair,0.0141,False
19046ab2b67c,,,dlq_repair,repair,0.0147,False
ddc5c284927c,,,dlq_repair,repair,0.0214,False
b1f8d29c819c,,,dlq_repair,repair,0.0337,True
2198e2667cd3,,,dlq_repair,repair,0.0393,True
da213956e52f,,,dlq_repair,repair,0.0317,True
30e743d04a24,,,dlq_repair,repair,0.0409,True
b00d4f90c584,,,dlq_repair,repair,0.0303,True
e34c36bc1f82,,,dlq_repair,repair,0.044,False
22d48ad1d38c,,,dlq_repair,repair,0.0369,True
31b5df53b4c7,,,dlq_repair,repair,0.0236,False
755bd3b5d941,,,dlq_repair,repair,0.0125,False
d8746776922c,,,dlq_repair,repair,0.0241,False
890b5d4e3511,,,dlq_repair,repair,0.0326,True
eef63e0f003f,,,dlq_repair,repair,0.0398,True
2f7b1deb70f6,,,dlq_repair,repair,0.0139,False
fdf3cdd70e30,,,dlq_repair,repair,0.0421,True
