packet_id,session,sensor,chaos_type,event_type,latency_ms,detected_or_recovered
56350b520f6a,spielberg_FP1,brake_temp,bit_flip_low,detection,0.0285,True
e73d471a1165,spielberg_FP1,tyre_pressure,duplicate_timestamp,detection,0.0056,True
447f2ef500f7,spielberg_FP1,ecu_canbus_new,schema_drift,detection,0.0057,True
f9abd2c6e362,spielberg_FP1,throttle,bit_flip_high,detection,0.0067,True
cd1ac03c96a1,spielberg_FP1,ecu_canbus,duplicate_timestamp,detection,0.0041,True
3abe4a1661da,spielberg_FP1,speed,sensor_dropout,detection,0.0056,True
a535b54d683d,spielberg_FP1,brake_temp,string_in_numeric,detection,0.0021,True
8824ed264560,spielberg_FP1,aero_load,bit_flip_low,detection,0.009,True
feb4040d9046,spielberg_FP1,aero_load,sensor_dropout,detection,0.0056,True
bf9881a41afc,spielberg_FP1,tyre_pressure,sensor_dropout,detection,0.0037,True
638ae511d078,spielberg_FP1,ecu_canbus,null_value,detection,0.0049,True
dc235898ef5d,spielberg_FP1,engine_temp,bit_flip_high,detection,0.0066,True
79981b731bad,spielberg_FP1,aero_load,sensor_dropout,detection,0.0037,True
c62357f3e2a3,spielberg_FP1,heart_rate,bit_flip_low,detection,0.0065,True
13e729a8da3d,spielberg_FP1,engine_temp,sensor_dropout,detection,0.0037,True
5822f5e7fe9b,spielberg_FP1,engine_temp,duplicate_timestamp,detection,0.0085,True
6552b7d47399,spielberg_FP1,ecu_canbus_alt,schema_drift,detection,0.0057,True
3ffc7a8751b1,spielberg_FP1,aero_load,sensor_dropout,detection,0.0037,True
e719c4e00118,spielberg_FP1,g_force_lateral_canbus,schema_drift,detection,0.0051,True
26d2002518cb,spielberg_FP1,g_force_lateral,sensor_dropout,detection,0.0044,True
9fc97aeef7da,spielberg_FP1,heart_rate_new,schema_drift,detection,0.0059,True
6a2482035b9d,spielberg_FP1,tyre_pressure,null_value,detection,0.0042,True
45c18b513067,spielberg_FP1,ecu_canbus,string_in_numeric,detection,0.0023,True
d8d5f42d0f62,spielberg_FP1,heart_rate,bit_flip_low,detection,0.0074,True
3056a25466d1,spielberg_FP1,throttle,bit_flip_low,detection,0.0075,True
0109595a0c87,spielberg_FP1,brake_temp,string_in_numeric,detection,0.003,True
7993602d0b43,spielberg_FP1,ecu_canbus,bit_flip_low,detection,0.0044,True
0f168b909bbc,spielberg_FP1,heart_rate,string_in_numeric,detection,0.0025,True
961c49a9a50d,spielberg_FP1,aero_load,bit_flip_high,detection,0.0073,True
3bb134825354,spielberg_FP1,speed,bit_flip_low,detection,0.0069,True
ed24c42b2ce2,spielberg_FP1,rpm,string_in_numeric,detection,0.0022,True
7e768e204bb8,spielberg_FP1,tyre_pressure,bit_flip_high,detection,0.006,True
be7543ba7138,spielberg_FP1,heart_rate,bit_flip_high,detection,0.0067,True
db9459e0115f,spielberg_FP1,g_force_lateral_alt,schema_drift,detection,0.0053,True
888ffb1af4e2,spielberg_FP1,rpm,duplicate_timestamp,detection,0.0052,True
7c10b87f9e5f,spielberg_FP1,throttle_canbus,schema_drift,detection,0.0051,True
d5d035181309,spielberg_FP1,speed,string_in_numeric,detection,0.0022,True
4d63dc29d5a5,spielberg_FP1,engine_temp,null_value,detection,0.0043,True
cdce5600339c,spielberg_FP1,throttle,null_value,detection,0.0032,True
b286e5ca365d,spielberg_FP1,heart_rate,string_in_numeric,detection,0.0022,True
d8722cda6c9e,spielberg_FP1,heart_rate,null_value,detection,0.0034,True
fa6b9cc1b5b1,spielberg_FP1,brake_temp_raw,schema_drift,detection,0.0051,True
40b52903f669,spielberg_FP1,throttle,bit_flip_high,detection,0.0069,True
49c5c428338d,spielberg_FP1,throttle_canbus,schema_drift,detection,0.0046,True
87672f52b987,spielberg_FP1,throttle,bit_flip_high,detection,0.0067,True
058aa61d9a16,spielberg_FP1,aero_load,bit_flip_high,detection,0.0057,True
e5491ac5117c,spielberg_FP1,heart_rate_new,schema_drift,detection,0.0058,True
7ae7c8596e44,spielberg_FP1,throttle,null_value,detection,0.0036,True
b2330f97e8c7,spielberg_FP1,brake_temp,duplicate_timestamp,detection,0.0041,True
9a92d0605d37,spielberg_FP1,ecu_canbus,sensor_dropout,detection,0.0041,True
ceff85bfcbf9,spielberg_FP1,g_force_lateral,sensor_dropout,detection,0.0053,True
84828b588eb6,spielberg_FP1,throttle,bit_flip_low,detection,0.0083,True
0a8b77f89424,spielberg_FP1,g_force_lateral,null_value,detection,0.0036,True
f4e4b54c4940,spielberg_FP1,rpm,duplicate_timestamp,detection,0.0041,True
dcc95d9092a6,spielberg_FP1,throttle,sensor_dropout,detection,0.0035,True
9a7dd3fcbd60,spielberg_FP1,brake_temp,sensor_dropout,detection,0.0031,True
514ccb657569,spielberg_FP1,speed,bit_flip_high,detection,0.0065,True
65374de0ffa3,spielberg_FP1,rpm,bit_flip_low,detection,0.0061,True
03db1d8e6211,spielberg_FP1,throttle_canbus,schema_drift,detection,0.0063,True
da121144cfd5,spielberg_FP1,speed,string_in_numeric,detection,0.0024,True
c3dab160c6c4,spielberg_FP1,engine_temp,null_value,detection,0.0038,True
1c2adcc8bfa3,spielberg_FP1,engine_temp,bit_flip_low,detection,0.0066,True
c2c54d0b5629,spielberg_FP1,throttle,bit_flip_low,detection,0.006,True
afbc936145f0,spielberg_FP1,tyre_pressure,bit_flip_low,detection,0.0174,True
189f44c87b07,spielberg_FP1,speed,bit_flip_high,detection,0.0134,True
45486f6cdc9f,spielberg_FP1,tyre_pressure,string_in_numeric,detection,0.0046,True
133f984ccc10,spielberg_FP1,heart_rate,sensor_dropout,detection,0.007,True
d90380142285,spielberg_FP1,speed,sensor_dropout,detection,0.006,True
de8edbdac868,spielberg_FP1,g_force_lateral,string_in_numeric,detection,0.0035,True
660518b3b19b,spielberg_FP1,throttle,bit_flip_high,detection,0.0102,True
e423a2b61ed7,spielberg_FP1,rpm,string_in_numeric,detection,0.0035,True
257a73170468,spielberg_FP1,heart_rate,string_in_numeric,detection,0.0041,True
23e2e41c4c05,spielberg_FP1,rpm,string_in_numeric,detection,0.0035,True
0a5a67e51b35,spielberg_FP1,heart_rate,bit_flip_low,detection,0.0107,True
af2eea97df8a,spielberg_FP1,throttle,string_in_numeric,detection,0.0039,True
ca624f1353f3,spielberg_FP1,heart_rate,sensor_dropout,detection,0.0057,True
4d19d5bb3609,spielberg_FP1,tyre_pressure,bit_flip_low,detection,0.01,True
4fe4f95b873b,spielberg_FP1,tyre_pressure_canbus,schema_drift,detection,0.0075,True
6606b818db9e,spielberg_FP1,ecu_canbus_raw,schema_drift,detection,0.0079,True
2c81fa85223e,spielberg_FP1,rpm,string_in_numeric,detection,0.0033,True
8cdb014f8f0d,spielberg_FP1,throttle,bit_flip_high,detection,0.0109,True
7c9b51ca3ff3,spielberg_FP1,brake_temp_new,schema_drift,detection,0.0161,True
f0b0e568a8f8,spielberg_FP1,aero_load,string_in_numeric,detection,0.0041,True
3a1df717edf1,spielberg_FP1,tyre_pressure,duplicate_timestamp,detection,0.0073,True
9c6dd7fa0550,spielberg_FP1,aero_load,string_in_numeric,detection,0.0032,True
acd23908da19,spielberg_FP1,ecu_canbus,null_value,detection,0.0057,True
17cdd5ef7acf,spielberg_FP1,brake_temp,sensor_dropout,detection,0.0051,True
d444de721ad8,spielberg_FP1,aero_load,sensor_dropout,detection,0.0049,True
a51da60887b2,spielberg_FP1,speed,sensor_dropout,detection,0.005,True
53d1a63e296c,spielberg_FP1,engine_temp,string_in_numeric,detection,0.003,True
281c8a2bbeb9,spielberg_FP1,aero_load,bit_flip_high,detection,0.0103,True
1db29885e332,spielberg_FP1,throttle,bit_flip_low,detection,0.0084,True
3164d57ff5fd,spielberg_FP1,engine_temp,sensor_dropout,detection,0.0056,True
11632a9dfb73,spielberg_FP1,tyre_pressure,bit_flip_low,detection,0.0076,True
cb1509dd1596,spielberg_FP1,heart_rate,duplicate_timestamp,detection,0.0054,True
9ee4ccc94032,spielberg_FP1,throttle,bit_flip_high,detection,0.0131,True
64f67ca5fb17,spielberg_FP1,engine_temp,string_in_numeric,detection,0.0041,True
dfee8f4cf42e,spielberg_FP1,brake_temp,sensor_dropout,detection,0.0046,True
f74c5d0cdce3,spielberg_FP1,tyre_pressure,duplicate_timestamp,detection,0.0057,True
a1fa44b75548,spielberg_FP1,throttle,bit_flip_low,detection,0.0218,True
842bc9366a1b,spielberg_FP1,engine_temp_v2,schema_drift,detection,0.006,True
20c804dd5d3d,spielberg_FP1,engine_temp_new,schema_drift,detection,0.0109,True
1fe8fccdd3ac,spielberg_FP1,tyre_pressure,sensor_dropout,detection,0.006,True
cddadb043641,spielberg_FP1,brake_temp,bit_flip_high,detection,0.0076,True
ec34c2a26413,spielberg_FP1,speed_alt,schema_drift,detection,0.006,True
cf746b1269c5,spielberg_FP1,throttle,string_in_numeric,detection,0.0029,True
e17947d68dd8,spielberg_FP1,ecu_canbus,duplicate_timestamp,detection,0.0049,True
6d9edeadcf96,spielberg_FP1,aero_load,duplicate_timestamp,detection,0.0045,True
8686fa1d3d4a,spielberg_FP1,speed,bit_flip_low,detection,0.0076,True
58c88d3cbea2,spielberg_FP1,speed,null_value,detection,0.0047,True
afe37de2c14e,spielberg_FP1,g_force_lateral_canbus,schema_drift,detection,0.006,True
4b1b2cdf0db8,spielberg_FP1,rpm,null_value,detection,0.0043,True
fa367c67485d,spielberg_FP1,tyre_pressure,string_in_numeric,detection,0.0023,True
09c863008a94,spielberg_FP1,rpm,bit_flip_high,detection,0.0105,True
5e4fb224718c,spielberg_FP1,throttle,bit_flip_low,detection,0.0087,True
557668aeeec7,spielberg_FP1,brake_temp,bit_flip_high,detection,0.0076,True
2325d8158bc9,spielberg_FP1,brake_temp,string_in_numeric,detection,0.0027,True
67a3d8681608,spielberg_FP1,heart_rate,string_in_numeric,detection,0.0021,True
2b0a8a9568cb,spielberg_FP1,g_force_lateral,bit_flip_high,detection,0.0156,True
f926eaaa1bb9,spielberg_FP1,engine_temp,sensor_dropout,detection,0.0047,True
831a10d8c8fa,spielberg_FP1,brake_temp,duplicate_timestamp,detection,0.0044,True
f6eac08b6bcb,spielberg_FP1,throttle,bit_flip_high,detection,0.0071,True
b39b9504edd2,spielberg_FP1,aero_load,sensor_dropout,detection,0.005,True
e82f401f4b24,spielberg_FP1,tyre_pressure,string_in_numeric,detection,0.0024,True
3dff403ffdd5,spielberg_FP1,heart_rate_alt,schema_drift,detection,0.0054,True
0dde50e43fa4,spielberg_FP1,g_force_lateral,bit_flip_high,detection,0.0065,True
ce3c8342c921,spielberg_FP1,tyre_pressure,duplicate_timestamp,detection,0.0045,True
841e8a192399,spielberg_FP1,g_force_lateral,string_in_numeric,detection,0.0026,True
8832ffb80fda,spielberg_FP1,aero_load_raw,schema_drift,detection,0.0073,True
a85debbd706b,spielberg_FP1,heart_rate,duplicate_timestamp,detection,0.0047,True
6cc1076b6735,spielberg_FP1,tyre_pressure_new,schema_drift,detection,0.0053,True
afcd76af7477,spielberg_FP1,g_force_lateral,duplicate_timestamp,detection,0.0059,True
f06f1b6e3b47,spielberg_FP1,speed,sensor_dropout,detection,0.0044,True
37b8e7bf57fa,spielberg_FP1,throttle,string_in_numeric,detection,0.0022,True
2e23b886cf2d,spielberg_FP1,brake_temp,null_value,detection,0.0041,True
d61c936bae36,spielberg_FP1,aero_load,duplicate_timestamp,detection,0.0052,True
c8cf04b51ac4,spielberg_FP1,tyre_pressure_v2,schema_drift,detection,0.0059,True
dc1d436016e0,spielberg_FP1,g_force_lateral,null_value,detection,0.0042,True
15bc0756b709,spielberg_FP1,rpm,null_value,detection,0.0038,True
853159dc7b9e,spielberg_FP1,throttle,null_value,detection,0.0047,True
2923f463e6f8,spielberg_FP1,ecu_canbus,null_value,detection,0.0034,True
6d2f1d64bb8a,spielberg_FP1,engine_temp,string_in_numeric,detection,0.0022,True
2895290f5b7c,spielberg_FP1,ecu_canbus,sensor_dropout,detection,0.0054,True
bba1a5d2e132,spielberg_FP1,aero_load_canbus,schema_drift,detection,0.0069,True
de34ae331546,spielberg_FP1,tyre_pressure,null_value,detection,0.0049,True
3837aa717ec7,spielberg_FP1,speed,sensor_dropout,detection,0.0033,True
f63fcbdb6a7f,spielberg_FP1,throttle,null_value,detection,0.0031,True
ea8502d0c8ea,spielberg_FP1,heart_rate,sensor_dropout,detection,0.0037,True
c556ee24a3de,spielberg_FP1,g_force_lateral,string_in_numeric,detection,0.0021,True
30d79b8aeff9,spielberg_FP1,speed,null_value,detection,0.0047,True
141063d3c13e,spielberg_FP1,aero_load,bit_flip_low,detection,0.018,True
b82438fb41de,spielberg_FP1,heart_rate,duplicate_timestamp,detection,0.0052,True
4d439fd13f39,spielberg_FP1,heart_rate_v2,schema_drift,detection,0.0045,True
2140943d1b5e,spielberg_FP1,ecu_canbus,duplicate_timestamp,detection,0.0037,True
b1bb02e2cf62,spielberg_FP1,heart_rate,duplicate_timestamp,detection,0.0042,True
882bda1e8740,spielberg_FP1,g_force_lateral_v2,schema_drift,detection,0.0048,True
2bf9dbf37ce0,spielberg_FP1,brake_temp,string_in_numeric,detection,0.003,True
2344e738329e,spielberg_FP1,tyre_pressure,string_in_numeric,detection,0.0031,True
6fa661905b24,spielberg_FP1,engine_temp_v2,schema_drift,detection,0.0046,True
fd760a1caf75,spielberg_FP1,ecu_canbus,duplicate_timestamp,detection,0.0037,True
cd4232f3865d,spielberg_FP1,engine_temp,bit_flip_high,detection,0.0065,True
d3d63c16ff71,spielberg_FP1,engine_temp,bit_flip_high,detection,0.0116,True
4fdb587eee6e,spielberg_FP1,aero_load,bit_flip_low,detection,0.0072,True
7819a4c365a4,spielberg_FP1,throttle_raw,schema_drift,detection,0.0047,True
14bd8c89ced4,spielberg_FP1,throttle,sensor_dropout,detection,0.0036,True
32eec1b4b6d6,spielberg_FP1,heart_rate,duplicate_timestamp,detection,0.0036,True
daebcc502617,spielberg_FP1,engine_temp,duplicate_timestamp,detection,0.0071,True
63b51a59a8d1,spielberg_FP1,g_force_lateral,duplicate_timestamp,detection,0.0045,True
410076ce9a57,spielberg_FP1,ecu_canbus,sensor_dropout,detection,0.0042,True
7ab72298c360,spielberg_FP1,speed_canbus,schema_drift,detection,0.0051,True
901a105e2d97,spielberg_FP1,brake_temp,bit_flip_low,detection,0.0073,True
6c2509d85a7b,spielberg_FP1,g_force_lateral,string_in_numeric,detection,0.0023,True
fab17c63134f,spielberg_FP1,engine_temp,duplicate_timestamp,detection,0.0039,True
af94ffb34db8,spielberg_FP1,heart_rate,bit_flip_high,detection,0.006,True
b6aaf09b07e4,spielberg_FP1,speed,sensor_dropout,detection,0.0035,True
75f5613a7b5a,spielberg_FP1,engine_temp,duplicate_timestamp,detection,0.0078,True
3a7d51db8794,spielberg_FP1,speed,null_value,detection,0.0037,True
7d5dc3af5784,spielberg_FP1,throttle,null_value,detection,0.0034,True
b1d38d89e6d9,spielberg_FP1,engine_temp,null_value,detection,0.0037,True
88aea1aafc57,spielberg_FP1,speed,duplicate_timestamp,detection,0.0044,True
df1782ef4220,spielberg_FP1,throttle,sensor_dropout,detection,0.0038,True
762b96308aad,spielberg_FP1,engine_temp,duplicate_timestamp,detection,0.004,True
6992d2a98274,spielberg_FP1,tyre_pressure,string_in_numeric,detection,0.0023,True
ea36877bf86a,spielberg_FP1,rpm,bit_flip_low,detection,0.0071,True
b419047eedc2,spielberg_FP1,brake_temp,duplicate_timestamp,detection,0.0039,True
9ba6ecd4eaa2,spielberg_FP1,tyre_pressure,bit_flip_low,detection,0.0065,True
e531898a5d7a,spielberg_FP1,brake_temp,null_value,detection,0.0037,True
5d05a9cca333,spielberg_FP1,engine_temp,duplicate_timestamp,detection,0.0038,True
264dd34703f1,spielberg_FP1,g_force_lateral_new,schema_drift,detection,0.0051,True
c6513aaca3f7,spielberg_FP1,tyre_pressure,sensor_dropout,detection,0.0036,True
8d51179e8dd8,spielberg_FP1,speed,sensor_dropout,detection,0.0035,True
6584fc094f22,spielberg_FP1,aero_load,duplicate_timestamp,detection,0.0036,True
1f8d38cc5299,spielberg_FP1,ecu_canbus,duplicate_timestamp,detection,0.0035,True
b4e8b120f474,spielberg_FP1,tyre_pressure,duplicate_timestamp,detection,0.0036,True
a4b68e80725d,spielberg_FP1,ecu_canbus,null_value,detection,0.0036,True
a28296ace232,spielberg_FP1,speed,bit_flip_high,detection,0.0068,True
a5f0a73f54d5,spielberg_FP1,brake_temp_raw,schema_drift,detection,0.0039,True
755b878d5adb,spielberg_FP1,ecu_canbus,string_in_numeric,detection,0.0028,True
89780af55c3c,spielberg_FP1,tyre_pressure_raw,schema_drift,detection,0.0045,True
e4f7f5cd02e9,spielberg_FP1,aero_load,bit_flip_high,detection,0.0071,True
76272dda515c,spielberg_FP1,throttle,string_in_numeric,detection,0.0025,True
c345c0f6a3e8,spielberg_FP1,g_force_lateral,bit_flip_high,detection,0.007,True
d08c4ced9886,spielberg_FP1,heart_rate,sensor_dropout,detection,0.004,True
bdb4a47434c1,spielberg_FP1,engine_temp,duplicate_timestamp,detection,0.0041,True
f976ab1de4c9,spielberg_FP1,g_force_lateral_canbus,schema_drift,detection,0.0085,True
b5f45deb736a,spielberg_FP1,heart_rate_new,schema_drift,detection,0.0046,True
850712433871,spielberg_FP1,throttle,null_value,detection,0.0036,True
00dc657077cb,spielberg_FP1,engine_temp,string_in_numeric,detection,0.0021,True
2e960016205c,spielberg_FP1,ecu_canbus,bit_flip_low,detection,0.0043,True
5710c2c3b8b0,spielberg_FP1,g_force_lateral,bit_flip_high,detection,0.007,True
04089ae9d14c,spielberg_FP1,g_force_lateral_canbus,schema_drift,detection,0.009,True
b1f9e0bb0670,spielberg_FP1,brake_temp,null_value,detection,0.0037,True
2f57d4159903,spielberg_FP1,speed,sensor_dropout,detection,0.0034,True
e30fc8f32067,spielberg_FP1,tyre_pressure,string_in_numeric,detection,0.0022,True
b5cbecdd4fb9,spielberg_FP1,heart_rate_new,schema_drift,detection,0.0044,True
409e9e38da8b,spielberg_FP1,g_force_lateral,bit_flip_low,detection,0.0057,True
77a5ea0acb13,spielberg_FP1,throttle,duplicate_timestamp,detection,0.0043,True
7cfb17e83d8d,spielberg_FP1,engine_temp,duplicate_timestamp,detection,0.0044,True
bf0c1ccba231,spielberg_FP1,g_force_lateral_raw,schema_drift,detection,0.0051,True
97aed6e1c1ff,spielberg_FP1,brake_temp,string_in_numeric,detection,0.0027,True
88a2f2b1ee1a,spielberg_FP1,ecu_canbus,sensor_dropout,detection,0.0037,True
50dafad2e97a,spielberg_FP1,throttle,bit_flip_low,detection,0.0073,True
3f6b0516af2d,spielberg_FP1,throttle,string_in_numeric,detection,0.0021,True
7eab10c99471,spielberg_FP1,g_force_lateral,null_value,detection,0.0036,True
fd6cf213f087,spielberg_FP1,aero_load,duplicate_timestamp,detection,0.0048,True
98224b92d9a6,spielberg_FP1,g_force_lateral,duplicate_timestamp,detection,0.0035,True
f5570dfa19f7,spielberg_FP1,throttle,sensor_dropout,detection,0.006,True
0ebf648e5731,spielberg_FP1,brake_temp,duplicate_timestamp,detection,0.0052,True
342decbe41ca,spielberg_FP1,engine_temp,null_value,detection,0.0039,True
7c6540ba4ae6,spielberg_FP1,rpm_canbus,schema_drift,detection,0.0046,True
739201002f09,spielberg_FP1,brake_temp,null_value,detection,0.0035,True
982c84968690,spielberg_FP1,engine_temp,null_value,detection,0.0032,True
2e74965681c5,spielberg_FP1,speed,string_in_numeric,detection,0.0019,True
35e35fe5e775,spielberg_FP1,rpm,sensor_dropout,detection,0.0032,True
69fe60d2e4d7,spielberg_FP1,brake_temp,null_value,detection,0.0029,True
6bdf637fe109,spielberg_FP1,ecu_canbus_v2,schema_drift,detection,0.0045,True
33d4198f543b,spielberg_FP1,throttle,null_value,detection,0.0041,True
53bbdeefe31b,spielberg_FP1,g_force_lateral_alt,schema_drift,detection,0.0051,True
322efde56f77,spielberg_FP1,rpm,null_value,detection,0.0034,True
56b0e6c744e2,spielberg_FP1,brake_temp,bit_flip_low,detection,0.0064,True
df57f58e8333,spielberg_FP1,throttle,string_in_numeric,detection,0.0025,True
f764f15895c4,spielberg_FP1,tyre_pressure,duplicate_timestamp,detection,0.0043,True
8e927ed12a9d,spielberg_FP1,heart_rate,sensor_dropout,detection,0.0065,True
16e5addf1694,spielberg_FP1,throttle_raw,schema_drift,detection,0.0045,True
4ca850a19c36,spielberg_FP1,tyre_pressure,string_in_numeric,detection,0.0022,True
d95a5dee517f,spielberg_FP1,throttle,null_value,detection,0.0033,True
0a5edd130f9d,spielberg_FP1,aero_load_raw,schema_drift,detection,0.0041,True
e5cb2c5ab37d,spielberg_FP1,tyre_pressure,duplicate_timestamp,detection,0.0036,True
2328c5f68761,spielberg_FP1,heart_rate,bit_flip_high,detection,0.0065,True
0d86bd9bb074,spielberg_FP1,g_force_lateral,sensor_dropout,detection,0.0039,True
f0e712044334,spielberg_FP1,rpm,duplicate_timestamp,detection,0.0042,True
ff7c60db6bd2,spielberg_FP1,tyre_pressure,duplicate_timestamp,detection,0.0042,True
b42d6d4f5233,spielberg_FP1,throttle,sensor_dropout,detection,0.0036,True
112b094014e3,spielberg_FP1,engine_temp,duplicate_timestamp,detection,0.0078,True
dcb45de1b6e2,spielberg_FP1,heart_rate,sensor_dropout,detection,0.0033,True
9cd5ae629a3d,spielberg_FP1,ecu_canbus,duplicate_timestamp,detection,0.0066,True
05300f84d20c,spielberg_FP1,heart_rate,bit_flip_low,detection,0.0081,True
f650dbbbf629,spielberg_FP1,aero_load,bit_flip_low,detection,0.0065,True
bd49d106eb36,spielberg_FP1,speed,bit_flip_low,detection,0.006,True
f7e30840c10b,spielberg_FP1,rpm,duplicate_timestamp,detection,0.0038,True
3ae13a084e7a,spielberg_FP1,ecu_canbus,sensor_dropout,detection,0.0034,True
a663e0f549bb,spielberg_FP1,heart_rate,sensor_dropout,detection,0.0031,True
5ee9e16d8036,spielberg_FP1,rpm,bit_flip_low,detection,0.009,True
086a5d5d618a,spielberg_FP2,brake_temp_v2,schema_drift,detection,0.0146,True
2e9d0c227e24,spielberg_FP2,heart_rate_raw,schema_drift,detection,0.0052,True
9fe44dab2f66,spielberg_FP2,throttle,sensor_dropout,detection,0.0044,True
a13c168ac270,spielberg_FP2,engine_temp,bit_flip_high,detection,0.0068,True
114b91beb852,spielberg_FP2,aero_load,string_in_numeric,detection,0.0021,True
129c764092e5,spielberg_FP2,heart_rate,duplicate_timestamp,detection,0.0049,True
7c66d73ac00d,spielberg_FP2,engine_temp,null_value,detection,0.0043,True
9c2be646f681,spielberg_FP2,tyre_pressure,null_value,detection,0.0033,True
cd5eb6350ef5,spielberg_FP2,ecu_canbus_canbus,schema_drift,detection,0.0048,True
a1fbedfda092,spielberg_FP2,heart_rate,sensor_dropout,detection,0.0033,True
11ebb9af7310,spielberg_FP2,rpm,bit_flip_low,detection,0.0075,True
96c9d9d0948d,spielberg_FP2,aero_load,string_in_numeric,detection,0.0019,True
58c317c068a0,spielberg_FP2,tyre_pressure,duplicate_timestamp,detection,0.0037,True
a04952553def,spielberg_FP2,throttle,null_value,detection,0.0036,True
6ac6e83d612c,spielberg_FP2,brake_temp,bit_flip_high,detection,0.0067,True
9ac997431f2f,spielberg_FP2,brake_temp,null_value,detection,0.0039,True
fda73bc2ae51,spielberg_FP2,g_force_lateral,null_value,detection,0.0042,True
b5cdf9cd46a9,spielberg_FP2,speed,bit_flip_high,detection,0.0067,True
438a698a670c,spielberg_FP2,rpm,sensor_dropout,detection,0.0032,True
60465faed69b,spielberg_FP2,brake_temp_canbus,schema_drift,detection,0.0056,True
52f561b8f5f1,spielberg_FP2,aero_load,string_in_numeric,detection,0.0024,True
cf3adbdba72d,spielberg_FP2,brake_temp,sensor_dropout,detection,0.0032,True
572af84a3d95,spielberg_FP2,throttle_canbus,schema_drift,detection,0.0041,True
9d166cc6f88c,spielberg_FP2,g_force_lateral_v2,schema_drift,detection,0.0041,True
9d54777ec12c,spielberg_FP2,rpm_canbus,schema_drift,detection,0.0178,True
125a9bc90eb3,spielberg_FP2,throttle,string_in_numeric,detection,0.0042,True
f2aa0903e4e4,spielberg_FP2,brake_temp,null_value,detection,0.0114,True
9df3b398960f,spielberg_FP2,aero_load,bit_flip_low,detection,0.0113,True
e4e9735bfc24,spielberg_FP2,throttle,bit_flip_low,detection,0.0068,True
d8d445c786e4,spielberg_FP2,speed,bit_flip_low,detection,0.0078,True
e046b0231dee,spielberg_FP2,aero_load,bit_flip_low,detection,0.007,True
6b42f9efdc8b,spielberg_FP2,rpm,bit_flip_low,detection,0.0075,True
bfaa300cba98,spielberg_FP2,aero_load,null_value,detection,0.0075,True
cbfeed5e0100,spielberg_FP2,g_force_lateral,sensor_dropout,detection,0.0042,True
872f5d8f4f0a,spielberg_FP2,heart_rate,bit_flip_high,detection,0.0067,True
fea7e678bb33,spielberg_FP2,engine_temp,bit_flip_low,detection,0.0054,True
faa95320b1b1,spielberg_FP2,heart_rate,string_in_numeric,detection,0.0023,True
600f99e40b36,spielberg_FP2,heart_rate,sensor_dropout,detection,0.0034,True
da1ff14da63a,spielberg_FP2,speed,duplicate_timestamp,detection,0.0037,True
7be294f26392,spielberg_FP2,heart_rate,sensor_dropout,detection,0.004,True
e06e1db2bfda,spielberg_FP2,ecu_canbus,sensor_dropout,detection,0.0038,True
90243b7f37e0,spielberg_FP2,throttle,duplicate_timestamp,detection,0.0042,True
5106d296dccd,spielberg_FP2,aero_load_canbus,schema_drift,detection,0.0049,True
f409f3ab0c7d,spielberg_FP2,tyre_pressure,sensor_dropout,detection,0.0035,True
118b64ccbab8,spielberg_FP2,heart_rate,bit_flip_high,detection,0.0067,True
5989debf87c1,spielberg_FP2,g_force_lateral,bit_flip_high,detection,0.0369,True
ceea457d021d,spielberg_FP2,engine_temp,null_value,detection,0.0035,True
cfe1890d2a43,spielberg_FP2,throttle,duplicate_timestamp,detection,0.0043,True
625354dab446,spielberg_FP2,rpm,duplicate_timestamp,detection,0.0036,True
8a43c8f01097,spielberg_FP2,heart_rate,bit_flip_low,detection,0.0063,True
a363ba255393,spielberg_FP2,brake_temp,duplicate_timestamp,detection,0.0039,True
18d7f6125d52,spielberg_FP2,ecu_canbus,bit_flip_low,detection,0.0069,False
f10fdac710bb,spielberg_FP2,speed,duplicate_timestamp,detection,0.0038,True
c6b907fb9526,spielberg_FP2,g_force_lateral,string_in_numeric,detection,0.0021,True
269ad0123a01,spielberg_FP2,rpm,string_in_numeric,detection,0.0019,True
aae0f9db956a,spielberg_FP2,g_force_lateral,bit_flip_high,detection,0.0058,True
ec8646b2cf62,spielberg_FP2,heart_rate,bit_flip_high,detection,0.0061,True
8eb73e8a73f0,spielberg_FP2,rpm,bit_flip_high,detection,0.0063,True
6d26b392cd8c,spielberg_FP2,rpm,bit_flip_low,detection,0.0065,True
f07047d81776,spielberg_FP2,throttle,bit_flip_low,detection,0.0052,True
f16da5c990e0,spielberg_FP2,ecu_canbus_alt,schema_drift,detection,0.0049,True
925a7c29458d,spielberg_FP2,speed,bit_flip_high,detection,0.0062,True
84f64e9df014,spielberg_FP2,aero_load,bit_flip_high,detection,0.0051,True
8c52756bbb5c,spielberg_FP2,ecu_canbus,string_in_numeric,detection,0.0035,True
66c0bc6d9e51,spielberg_FP2,tyre_pressure,duplicate_timestamp,detection,0.0042,True
edf26390f6d7,spielberg_FP2,rpm,string_in_numeric,detection,0.0018,True
a49395f98795,spielberg_FP2,engine_temp,duplicate_timestamp,detection,0.0041,True
0e73001d3f2a,spielberg_FP2,tyre_pressure,null_value,detection,0.0037,True
1ce4c7ee769e,spielberg_FP2,rpm,bit_flip_high,detection,0.0072,True
696a0ead0a8d,spielberg_FP2,throttle,string_in_numeric,detection,0.0055,True
2443de9356f4,spielberg_FP2,g_force_lateral,sensor_dropout,detection,0.0039,True
6c36c9edc0b2,spielberg_FP2,speed,duplicate_timestamp,detection,0.0053,True
b5777c42c797,spielberg_FP2,brake_temp,bit_flip_high,detection,0.0074,True
ed0d1869979f,spielberg_FP2,speed,null_value,detection,0.0044,True
c0764830e26c,spielberg_FP2,ecu_canbus,string_in_numeric,detection,0.0022,True
ab8d2dae01ec,spielberg_FP2,speed,duplicate_timestamp,detection,0.0037,True
17e995ac65d6,spielberg_FP2,aero_load,bit_flip_high,detection,0.0077,True
7f01f35a2136,spielberg_FP2,heart_rate,sensor_dropout,detection,0.0041,True
d7b52e7d3f08,spielberg_FP2,throttle,null_value,detection,0.0044,True
194cfb6d5641,spielberg_FP2,brake_temp_new,schema_drift,detection,0.0058,True
2d7642866046,spielberg_FP2,speed,string_in_numeric,detection,0.0021,True
8b3054bdbb30,spielberg_FP2,engine_temp,sensor_dropout,detection,0.0046,True
596ed05e6763,spielberg_FP2,rpm_raw,schema_drift,detection,0.005,True
654957f414f1,spielberg_FP2,throttle,string_in_numeric,detection,0.0026,True
59deefcb4a29,spielberg_FP2,aero_load,null_value,detection,0.0033,True
69858f4d5174,spielberg_FP2,speed_new,schema_drift,detection,0.0075,True
afab78e04143,spielberg_FP2,rpm,bit_flip_low,detection,0.0094,True
8a15d24d707b,spielberg_FP2,throttle,bit_flip_high,detection,0.0058,True
1f7e90a38fe5,spielberg_FP2,brake_temp,bit_flip_low,detection,0.0049,True
e2b3c44db332,spielberg_FP2,tyre_pressure_canbus,schema_drift,detection,0.0044,True
4c561fd3815f,spielberg_FP2,ecu_canbus,bit_flip_high,detection,0.0055,True
6890d98a60c0,spielberg_FP2,ecu_canbus_canbus,schema_drift,detection,0.006,True
0f8af6e7a982,spielberg_FP2,throttle,null_value,detection,0.0038,True
0459dcb4abf7,spielberg_FP2,engine_temp,bit_flip_high,detection,0.0057,True
b0483a86ec7d,spielberg_FP2,tyre_pressure,bit_flip_high,detection,0.0086,True
6c31a38763f8,spielberg_FP2,ecu_canbus,string_in_numeric,detection,0.0028,True
e0f354491811,spielberg_FP2,tyre_pressure,string_in_numeric,detection,0.0021,True
044a56170d9f,spielberg_FP2,tyre_pressure,bit_flip_high,detection,0.0062,True
115e44c86ef6,spielberg_FP2,rpm_raw,schema_drift,detection,0.0049,True
ab7c88cdfb5f,spielberg_FP2,ecu_canbus_canbus,schema_drift,detection,0.0052,True
44651da3b49a,spielberg_FP2,speed,bit_flip_high,detection,0.0397,True
7cd8dd81709a,spielberg_FP2,aero_load,bit_flip_high,detection,0.0077,True
46c8e1c9842d,spielberg_FP2,heart_rate,sensor_dropout,detection,0.0036,True
5e66e7c1e3b3,spielberg_FP2,speed_new,schema_drift,detection,0.0061,True
639efd5f7c41,spielberg_FP2,tyre_pressure,duplicate_timestamp,detection,0.0043,True
3645797e2c20,spielberg_FP2,ecu_canbus,bit_flip_low,detection,0.0062,True
44b7f1ff5d0d,spielberg_FP2,aero_load,sensor_dropout,detection,0.0036,True
34f7e2ca0c09,spielberg_FP2,rpm,duplicate_timestamp,detection,0.0035,True
b1cb5963acaa,spielberg_FP2,engine_temp,null_value,detection,0.003,True
6ff2b92a78be,spielberg_FP2,tyre_pressure_raw,schema_drift,detection,0.0047,True
f079469c69b8,spielberg_FP2,speed,bit_flip_high,detection,0.0072,True
7ce8749b6470,spielberg_FP2,aero_load,sensor_dropout,detection,0.0034,True
75583ed9d543,spielberg_FP2,heart_rate_new,schema_drift,detection,0.0064,True
f6ae093fb69c,spielberg_FP2,speed_canbus,schema_drift,detection,0.0047,True
9c9640b20577,spielberg_FP2,rpm_new,schema_drift,detection,0.0043,True
2242d8fd721b,spielberg_FP2,tyre_pressure,null_value,detection,0.0031,True
ceefe52dbe63,spielberg_FP2,ecu_canbus,bit_flip_low,detection,0.0066,True
096e8ad125f2,spielberg_FP2,heart_rate,bit_flip_high,detection,0.0056,True
980a1abea487,spielberg_FP2,ecu_canbus,bit_flip_high,detection,0.0069,True
46cd43d43b99,spielberg_FP2,speed,bit_flip_low,detection,0.0061,True
04f413ba781a,spielberg_FP2,g_force_lateral,string_in_numeric,detection,0.0026,True
b349808d862f,spielberg_FP2,heart_rate,null_value,detection,0.0047,True
1bb7c1c05c7d,spielberg_FP2,throttle,bit_flip_low,detection,0.0086,True
b1386a6088e8,spielberg_FP2,throttle_raw,schema_drift,detection,0.0046,True
b0c538309066,spielberg_FP2,engine_temp,null_value,detection,0.0034,True
368ae09ce4c3,spielberg_FP2,aero_load,bit_flip_low,detection,0.0065,True
41428350f78e,spielberg_FP2,heart_rate,duplicate_timestamp,detection,0.0035,True
a03e5c7c279d,spielberg_FP2,speed,bit_flip_high,detection,0.0072,True
c02453023df8,spielberg_FP2,g_force_lateral,bit_flip_high,detection,0.0078,True
983a48e06d00,spielberg_FP2,tyre_pressure,bit_flip_high,detection,0.0064,True
b7a897957b28,spielberg_FP2,throttle,null_value,detection,0.0031,True
d0e38e3c8d79,spielberg_FP2,brake_temp_alt,schema_drift,detection,0.0043,True
a1f6005906dd,spielberg_FP2,g_force_lateral,duplicate_timestamp,detection,0.0041,True
6741bd89988f,spielberg_FP2,speed,bit_flip_low,detection,0.0079,True
930d3820a146,spielberg_FP2,brake_temp,duplicate_timestamp,detection,0.0033,True
8950ed02d26e,spielberg_FP2,heart_rate,sensor_dropout,detection,0.0039,True
5a61edf3a1ac,spielberg_FP2,g_force_lateral,sensor_dropout,detection,0.0039,True
b6429947f2a5,spielberg_FP2,aero_load,bit_flip_low,detection,0.0071,True
bf81261720f2,spielberg_FP2,heart_rate_new,schema_drift,detection,0.0044,True
4952c0ce95c5,spielberg_FP2,throttle,null_value,detection,0.0031,True
e74077d115e4,spielberg_FP2,heart_rate_canbus,schema_drift,detection,0.0077,True
bc835a1ad2d5,spielberg_FP2,engine_temp,duplicate_timestamp,detection,0.0038,True
553db0181abd,spielberg_FP2,ecu_canbus,bit_flip_high,detection,0.007,True
8edca357f967,spielberg_FP2,throttle,null_value,detection,0.0036,True
36c940b4dd19,spielberg_FP2,speed,null_value,detection,0.0039,True
84330de87940,spielberg_FP2,rpm,bit_flip_low,detection,0.0168,True
6ed04d9e6991,spielberg_FP2,engine_temp,string_in_numeric,detection,0.0025,True
c676079f0329,spielberg_FP2,ecu_canbus_alt,schema_drift,detection,0.0043,True
da5c75c4842c,spielberg_FP2,rpm_v2,schema_drift,detection,0.0061,True
e73cbe84d985,spielberg_FP2,throttle,string_in_numeric,detection,0.0027,True
b5b166dda4fd,spielberg_FP2,heart_rate,null_value,detection,0.0038,True
920ecf279dcc,spielberg_FP2,aero_load,bit_flip_low,detection,0.0073,True
bb07f70f47c9,spielberg_FP2,aero_load,bit_flip_low,detection,0.0081,True
0a9566bab51b,spielberg_FP2,tyre_pressure,bit_flip_low,detection,0.007,True
7b8b4d444197,spielberg_FP2,ecu_canbus,sensor_dropout,detection,0.0037,True
e036ac7e81c5,spielberg_FP2,aero_load,sensor_dropout,detection,0.0038,True
f94c68d4c742,spielberg_FP2,ecu_canbus,duplicate_timestamp,detection,0.0038,True
cb7a10d4962d,spielberg_FP2,rpm,duplicate_timestamp,detection,0.0036,True
65d6e539828f,spielberg_FP2,brake_temp,duplicate_timestamp,detection,0.0041,True
56920a8c4c81,spielberg_FP2,tyre_pressure,bit_flip_high,detection,0.0065,True
dabace3d5589,spielberg_FP2,brake_temp,bit_flip_high,detection,0.0064,True
f11dd76522e7,spielberg_FP2,speed_new,schema_drift,detection,0.0073,True
c5d37889c3a1,spielberg_FP2,ecu_canbus,bit_flip_low,detection,0.0109,True
46a1b23639b6,spielberg_FP2,g_force_lateral,bit_flip_low,detection,0.0068,True
416f81aa16bc,spielberg_FP2,engine_temp,duplicate_timestamp,detection,0.0038,True
bd3fbd653980,spielberg_FP2,brake_temp_v2,schema_drift,detection,0.004,True
fd116dc2ff2e,spielberg_FP2,heart_rate,string_in_numeric,detection,0.002,True
5d619bf321f8,spielberg_FP2,rpm,sensor_dropout,detection,0.0034,True
b290b6d703f8,spielberg_FP2,ecu_canbus,sensor_dropout,detection,0.0037,True
2f0d879a50ab,spielberg_FP2,heart_rate,null_value,detection,0.009,True
69f0935154d8,spielberg_FP2,throttle,null_value,detection,0.0038,True
2175a403aa84,spielberg_FP2,brake_temp,sensor_dropout,detection,0.0035,True
11390eb96f00,spielberg_FP2,throttle,duplicate_timestamp,detection,0.0041,True
3b5df67dfd15,spielberg_FP2,rpm,bit_flip_high,detection,0.0073,True
edb12a516b24,spielberg_FP2,aero_load,string_in_numeric,detection,0.0028,True
1ad2a44b200c,spielberg_FP2,tyre_pressure,sensor_dropout,detection,0.0038,True
bea857e7dbf4,spielberg_FP2,throttle,null_value,detection,0.0035,True
f098ec7f0471,spielberg_FP2,heart_rate,string_in_numeric,detection,0.0021,True
70164b3e0574,spielberg_FP2,rpm_v2,schema_drift,detection,0.0065,True
7de7205ff689,spielberg_FP2,g_force_lateral,bit_flip_low,detection,0.0064,True
7cd6ec37e156,spielberg_FP2,ecu_canbus,sensor_dropout,detection,0.0035,True
2832f5e21960,spielberg_FP2,aero_load,duplicate_timestamp,detection,0.0041,True
f7d92fd18fe6,spielberg_FP2,g_force_lateral,bit_flip_low,detection,0.0059,True
cf267f68c20d,spielberg_FP2,heart_rate_raw,schema_drift,detection,0.0042,True
9355e3fb84fb,spielberg_FP2,brake_temp,bit_flip_high,detection,0.0055,True
eb3cbb9096c9,spielberg_FP2,rpm,duplicate_timestamp,detection,0.0142,True
eae9c1776f3f,spielberg_FP2,throttle,string_in_numeric,detection,0.0023,True
dba16b8f0990,spielberg_FP2,engine_temp,null_value,detection,0.0044,True
a2f5e27d3402,spielberg_FP2,speed,bit_flip_low,detection,0.0362,True
f8d6ac1d83fb,spielberg_FP2,rpm_alt,schema_drift,detection,0.0051,True
7152249c91b7,spielberg_FP2,brake_temp,string_in_numeric,detection,0.0019,True
06a567d3b5ed,spielberg_FP2,tyre_pressure_alt,schema_drift,detection,0.0044,True
06145781ac5c,spielberg_FP2,speed,duplicate_timestamp,detection,0.0081,True
58ecbc4ef14d,spielberg_FP2,engine_temp,sensor_dropout,detection,0.005,True
5073eb5e617a,spielberg_FP2,rpm,sensor_dropout,detection,0.003,True
94fe1627b0c3,spielberg_FP2,throttle,bit_flip_low,detection,0.0066,True
c270af8cfe62,spielberg_FP2,speed_raw,schema_drift,detection,0.0044,True
aa8820465a40,spielberg_FP2,throttle,sensor_dropout,detection,0.0031,True
e54f8107949b,spielberg_FP2,aero_load,duplicate_timestamp,detection,0.0043,True
7c92848ec5c8,spielberg_FP2,speed,duplicate_timestamp,detection,0.0037,True
ad4ce4dfeb5b,spielberg_FP2,aero_load,string_in_numeric,detection,0.002,True
86987c648ae9,spielberg_FP2,tyre_pressure,bit_flip_low,detection,0.006,True
4766bdf66130,spielberg_FP2,heart_rate,sensor_dropout,detection,0.0031,True
7a77471bc235,spielberg_FP2,heart_rate_raw,schema_drift,detection,0.0073,True
c6581e04276b,spielberg_FP2,aero_load,sensor_dropout,detection,0.0044,True
dcec68b13545,spielberg_FP2,tyre_pressure,duplicate_timestamp,detection,0.0064,True
fe0247f806d7,spielberg_FP2,heart_rate,bit_flip_high,detection,0.0072,True
d237b4f8266d,spielberg_FP2,speed,bit_flip_high,detection,0.007,True
901354d61e63,spielberg_FP2,engine_temp,bit_flip_low,detection,0.0063,True
da4ae3c8a2b6,spielberg_FP2,ecu_canbus,bit_flip_low,detection,0.0066,True
fa2838a92bc1,spielberg_FP2,engine_temp,bit_flip_high,detection,0.0077,True
ada1b50b36eb,spielberg_FP2,rpm_v2,schema_drift,detection,0.005,True
96118559eff7,spielberg_FP2,ecu_canbus_canbus,schema_drift,detection,0.006,True
593a9372401d,spielberg_FP2,g_force_lateral,duplicate_timestamp,detection,0.0043,True
20e1628cd422,spielberg_FP2,g_force_lateral,bit_flip_high,detection,0.0067,True
0ba8f2e03e97,spielberg_FP2,rpm_raw,schema_drift,detection,0.0046,True
4dc6bc111290,spielberg_FP2,g_force_lateral,bit_flip_high,detection,0.0063,True
7472bf71d620,spielberg_FP2,throttle,duplicate_timestamp,detection,0.0036,True
1fa8511f9161,spielberg_FP2,ecu_canbus,string_in_numeric,detection,0.0025,True
45078363d63e,spielberg_FP2,engine_temp,bit_flip_low,detection,0.0113,True
39f5124f42ec,spielberg_FP2,ecu_canbus,sensor_dropout,detection,0.0039,True
a45ca4a5e9d4,spielberg_FP2,heart_rate_alt,schema_drift,detection,0.0049,True
f19fdfc35ebb,spielberg_FP2,aero_load,null_value,detection,0.0031,True
a32e6878a92d,spielberg_FP2,aero_load,bit_flip_low,detection,0.0084,True
39e865bd7d3a,spielberg_FP2,ecu_canbus,bit_flip_low,detection,0.0043,True
47104f6ddcc9,spielberg_FP2,brake_temp,duplicate_timestamp,detection,0.004,True
cc4834103ff9,spielberg_FP2,heart_rate,null_value,detection,0.0035,True
3f931802c7e0,spielberg_FP2,ecu_canbus_canbus,schema_drift,detection,0.0043,True
a5bb639e2be7,spielberg_FP2,aero_load,bit_flip_high,detection,0.0061,True
e3f2c36f2246,spielberg_FP2,rpm,sensor_dropout,detection,0.0034,True
5077ebc6fa4c,spielberg_FP2,brake_temp,duplicate_timestamp,detection,0.0033,True
23bd1bd370f4,spielberg_FP2,ecu_canbus,duplicate_timestamp,detection,0.0048,True
a791bab4a26b,spielberg_FP2,speed,string_in_numeric,detection,0.0023,True
f2759b56ed20,spielberg_FP2,engine_temp,bit_flip_low,detection,0.0062,True
88d711039639,spielberg_FP2,speed,bit_flip_low,detection,0.0068,True
d1998d78222e,spielberg_FP2,aero_load,null_value,detection,0.0037,True
b5d26f62b47d,spielberg_FP2,g_force_lateral,bit_flip_low,detection,0.0052,True
0df6f116d5a8,spielberg_FP2,aero_load,string_in_numeric,detection,0.0024,True
b68b9156857c,spielberg_FP2,rpm_new,schema_drift,detection,0.0063,True
2923c15ecaed,spielberg_FP2,throttle_canbus,schema_drift,detection,0.0052,True
b3ed4b91221e,spielberg_FP2,heart_rate,bit_flip_low,detection,0.006,True
3581b2b2c495,spielberg_FP2,engine_temp,duplicate_timestamp,detection,0.0041,True
7327bfe16bfb,spielberg_FP2,rpm,string_in_numeric,detection,0.002,True
a6528ebb8902,spielberg_FP2,brake_temp,bit_flip_low,detection,0.0086,True
48e19c5fc6b3,spielberg_FP2,throttle,sensor_dropout,detection,0.0041,True
e68fb93198e5,spielberg_FP2,speed,null_value,detection,0.0034,True
67608aa1bedb,spielberg_FP2,throttle,bit_flip_high,detection,0.0064,True
3213e2835499,spielberg_FP2,brake_temp,sensor_dropout,detection,0.0118,True
8fb99548e8fa,spielberg_FP2,heart_rate,sensor_dropout,detection,0.0062,True
0de36dee49de,spielberg_FP2,g_force_lateral,string_in_numeric,detection,0.0027,True
8e8ce368111b,spielberg_FP2,engine_temp,sensor_dropout,detection,0.0039,True
1bc192224fb1,spielberg_FP2,aero_load,sensor_dropout,detection,0.0028,True
746b26dedc4c,spielberg_FP2,g_force_lateral,null_value,detection,0.0031,True
4184db200cc0,spielberg_FP2,tyre_pressure,bit_flip_high,detection,0.0056,True
283ca3111f4a,spielberg_FP2,heart_rate_new,schema_drift,detection,0.0045,True
af18f165d0be,spielberg_FP2,speed,string_in_numeric,detection,0.002,True
a515ea912799,spielberg_FP3,heart_rate,string_in_numeric,detection,0.0025,True
5c4f8c194536,spielberg_FP3,speed,null_value,detection,0.0041,True
3bc5e17134c0,spielberg_FP3,throttle,bit_flip_high,detection,0.0097,True
94cda3e012ed,spielberg_FP3,rpm,sensor_dropout,detection,0.0037,True
325ba0501084,spielberg_FP3,tyre_pressure_canbus,schema_drift,detection,0.0056,True
42f85720bb90,spielberg_FP3,rpm,bit_flip_high,detection,0.0089,True
ff4d894047c1,spielberg_FP3,heart_rate_canbus,schema_drift,detection,0.0051,True
6957823f23af,spielberg_FP3,throttle,sensor_dropout,detection,0.0036,True
4f3d8971dcf1,spielberg_FP3,tyre_pressure,string_in_numeric,detection,0.0028,True
53fde5b2e409,spielberg_FP3,g_force_lateral,string_in_numeric,detection,0.0018,True
e6563ab96d43,spielberg_FP3,rpm,bit_flip_low,detection,0.0115,True
77def887e08d,spielberg_FP3,aero_load,bit_flip_high,detection,0.0077,True
ed45525908c6,spielberg_FP3,ecu_canbus,string_in_numeric,detection,0.0031,True
c5e1879d081d,spielberg_FP3,g_force_lateral,bit_flip_low,detection,0.0066,True
bf968ba7fee2,spielberg_FP3,rpm,string_in_numeric,detection,0.002,True
749294a9d13b,spielberg_FP3,speed,sensor_dropout,detection,0.0035,True
dc22ec6ef260,spielberg_FP3,engine_temp,duplicate_timestamp,detection,0.0045,True
7ccd0e8a7895,spielberg_FP3,tyre_pressure,duplicate_timestamp,detection,0.0039,True
b4800967031d,spielberg_FP3,brake_temp_canbus,schema_drift,detection,0.0046,True
e0976315245a,spielberg_FP3,rpm,duplicate_timestamp,detection,0.0038,True
4e3ac772b5db,spielberg_FP3,engine_temp,null_value,detection,0.0035,True
a8537f761200,spielberg_FP3,aero_load_raw,schema_drift,detection,0.0049,True
9cc0dfa2ea20,spielberg_FP3,g_force_lateral_raw,schema_drift,detection,0.0047,True
758211671df4,spielberg_FP3,heart_rate,bit_flip_high,detection,0.0068,True
03966a1d1308,spielberg_FP3,rpm,string_in_numeric,detection,0.002,True
08dcf15dda66,spielberg_FP3,rpm,bit_flip_high,detection,0.0074,True
2a466dbe467d,spielberg_FP3,ecu_canbus_canbus,schema_drift,detection,0.0048,True
3de41576024a,spielberg_FP3,throttle,sensor_dropout,detection,0.004,True
9a25af4281d2,spielberg_FP3,g_force_lateral,null_value,detection,0.0042,True
aa2987bbb79c,spielberg_FP3,aero_load,null_value,detection,0.0052,True
99fcd963b1d7,spielberg_FP3,aero_load,null_value,detection,0.0031,True
677620edc365,spielberg_FP3,g_force_lateral,string_in_numeric,detection,0.0021,True
1acece61c6ad,spielberg_FP3,rpm_raw,schema_drift,detection,0.0046,True
2351f4baabb5,spielberg_FP3,tyre_pressure,sensor_dropout,detection,0.0036,True
724cf6261a64,spielberg_FP3,ecu_canbus,null_value,detection,0.0029,True
854ff1f9249d,spielberg_FP3,heart_rate,bit_flip_low,detection,0.0161,True
55bb118ca642,spielberg_FP3,throttle,bit_flip_low,detection,0.0064,True
f03b6adc2d5c,spielberg_FP3,rpm,bit_flip_high,detection,0.0067,True
3a08d7b6e326,spielberg_FP3,tyre_pressure,bit_flip_high,detection,0.0062,True
2f5e702b1d6c,spielberg_FP3,heart_rate,sensor_dropout,detection,0.0046,True
347d8034de8f,spielberg_FP3,throttle,duplicate_timestamp,detection,0.0037,True
84e7bec1a87e,spielberg_FP3,aero_load,bit_flip_high,detection,0.0059,True
ecf6559e3622,spielberg_FP3,tyre_pressure,string_in_numeric,detection,0.002,True
aa58477b38d6,spielberg_FP3,rpm_raw,schema_drift,detection,0.0043,True
6dc7018e5dfb,spielberg_FP3,brake_temp,sensor_dropout,detection,0.0035,True
5b90f873e0dd,spielberg_FP3,rpm,string_in_numeric,detection,0.0029,True
e83e4f013519,spielberg_FP3,engine_temp,null_value,detection,0.0035,True
edd4f989a5d6,spielberg_FP3,aero_load,string_in_numeric,detection,0.0032,True
56063934bb95,spielberg_FP3,rpm,string_in_numeric,detection,0.0028,True
0ea77019fb93,spielberg_FP3,heart_rate,bit_flip_high,detection,0.0061,True
a2df7513b792,spielberg_FP3,brake_temp,duplicate_timestamp,detection,0.0039,True
863762a06bbd,spielberg_FP3,aero_load,null_value,detection,0.0033,True
c86d4b05da36,spielberg_FP3,ecu_canbus,bit_flip_high,detection,0.006,True
8d258a6b6f3c,spielberg_FP3,rpm,sensor_dropout,detection,0.0033,True
6769da881741,spielberg_FP3,aero_load,null_value,detection,0.0034,True
f09b5f6c21d1,spielberg_FP3,ecu_canbus,bit_flip_high,detection,0.0064,True
82c83c3f4c75,spielberg_FP3,g_force_lateral,duplicate_timestamp,detection,0.006,True
4ed08d39c218,spielberg_FP3,engine_temp,string_in_numeric,detection,0.0025,True
d016a3afc9be,spielberg_FP3,rpm,string_in_numeric,detection,0.0023,True
f5ea9a40745b,spielberg_FP3,aero_load,string_in_numeric,detection,0.0024,True
a8d9d2789272,spielberg_FP3,rpm,null_value,detection,0.0036,True
21b178324bb4,spielberg_FP3,g_force_lateral,null_value,detection,0.0046,True
6c1a28e6d79a,spielberg_FP3,speed,bit_flip_high,detection,0.0081,True
cfe37b76c4b8,spielberg_FP3,brake_temp,duplicate_timestamp,detection,0.0051,True
65977a44c97f,spielberg_FP3,aero_load,bit_flip_high,detection,0.0061,True
956d3d03ef88,spielberg_FP3,rpm,sensor_dropout,detection,0.0033,True
199c52146716,spielberg_FP3,throttle_canbus,schema_drift,detection,0.0046,True
ee0ac07d2e2b,spielberg_FP3,g_force_lateral,bit_flip_high,detection,0.0076,True
11575b461559,spielberg_FP3,throttle,duplicate_timestamp,detection,0.0043,True
c855dd4ffc6b,spielberg_FP3,aero_load,sensor_dropout,detection,0.0036,True
e28d89bd74cd,spielberg_FP3,speed,string_in_numeric,detection,0.0025,True
8947c23e81f6,spielberg_FP3,engine_temp_new,schema_drift,detection,0.0042,True
2b8ea79d52c3,spielberg_FP3,aero_load,bit_flip_low,detection,0.0059,True
fb35c1be9514,spielberg_FP3,heart_rate,bit_flip_high,detection,0.0071,True
6b078ede4b0a,spielberg_FP3,throttle,string_in_numeric,detection,0.0022,True
f66a6e2f1bf2,spielberg_FP3,ecu_canbus,sensor_dropout,detection,0.0047,True
b7fcc3ae2b3c,spielberg_FP3,rpm_raw,schema_drift,detection,0.0081,True
df0f21dc7834,spielberg_FP3,brake_temp,bit_flip_low,detection,0.0071,True
b155b8105be3,spielberg_FP3,rpm,duplicate_timestamp,detection,0.0041,True
7cf530d5962e,spielberg_FP3,speed,string_in_numeric,detection,0.0024,True
bc1677615c1d,spielberg_FP3,ecu_canbus,null_value,detection,0.0038,True
aefdd9416f18,spielberg_FP3,g_force_lateral,bit_flip_low,detection,0.008,True
a70f622e4106,spielberg_FP3,brake_temp,bit_flip_high,detection,0.006,True
33d3e6586573,spielberg_FP3,speed,null_value,detection,0.0034,True
f6de52d32d97,spielberg_FP3,throttle,string_in_numeric,detection,0.0021,True
6bffc2aecd32,spielberg_FP3,heart_rate,string_in_numeric,detection,0.0031,True
b2bd9593fb20,spielberg_FP3,aero_load,bit_flip_high,detection,0.0063,True
f2d2a5077d00,spielberg_FP3,brake_temp,string_in_numeric,detection,0.0021,True
b2833e97d2ed,spielberg_FP3,engine_temp,sensor_dropout,detection,0.004,True
a46551b48080,spielberg_FP3,rpm,bit_flip_low,detection,0.0067,True
171fd9529dd8,spielberg_FP3,speed,string_in_numeric,detection,0.0022,True
252a77ba010b,spielberg_FP3,rpm,null_value,detection,0.0035,True
10e72da5553f,spielberg_FP3,speed,null_value,detection,0.0035,True
c10a031cf55e,spielberg_FP3,engine_temp,sensor_dropout,detection,0.0034,True
dcdb2d1a62ae,spielberg_FP3,engine_temp,string_in_numeric,detection,0.0019,True
d5bb34fa52c5,spielberg_FP3,tyre_pressure,string_in_numeric,detection,0.0019,True
5cbbf45ae790,spielberg_FP3,rpm,duplicate_timestamp,detection,0.0038,True
b6a1bffca962,spielberg_FP3,throttle_canbus,schema_drift,detection,0.0048,True
637786328fc1,spielberg_FP3,g_force_lateral,string_in_numeric,detection,0.002,True
24de79892d65,spielberg_FP3,engine_temp,string_in_numeric,detection,0.0018,True
1e408ea7eaf2,spielberg_FP3,tyre_pressure,null_value,detection,0.0086,True
f3312a9b2901,spielberg_FP3,tyre_pressure,bit_flip_high,detection,0.0068,True
6d25e71ee97f,spielberg_FP3,ecu_canbus,sensor_dropout,detection,0.0033,True
98afc2a21969,spielberg_FP3,heart_rate,bit_flip_high,detection,0.007,True
6e0f452a995c,spielberg_FP3,aero_load,bit_flip_low,detection,0.0067,True
d010cbbc715a,spielberg_FP3,g_force_lateral,duplicate_timestamp,detection,0.0038,True
74669be63fb6,spielberg_FP3,aero_load,duplicate_timestamp,detection,0.0036,True
eb59dab302eb,spielberg_FP3,tyre_pressure,duplicate_timestamp,detection,0.0035,True
5826ed34b691,spielberg_FP3,tyre_pressure,bit_flip_low,detection,0.006,True
1705b2ae17c3,spielberg_FP3,aero_load,null_value,detection,0.0056,True
1e41fd6ad707,spielberg_FP3,tyre_pressure,sensor_dropout,detection,0.0035,True
eae240dcf538,spielberg_FP3,speed_new,schema_drift,detection,0.0044,True
77e0e1f6677c,spielberg_FP3,g_force_lateral,duplicate_timestamp,detection,0.0039,True
7774e2ab18dc,spielberg_FP3,rpm,bit_flip_low,detection,0.0071,True
ecfd195d2ff8,spielberg_FP3,heart_rate,null_value,detection,0.0041,True
5708dfde9a05,spielberg_FP3,brake_temp,string_in_numeric,detection,0.0021,True
f4247984961a,spielberg_FP3,engine_temp,bit_flip_high,detection,0.0118,True
676a7c561570,spielberg_FP3,ecu_canbus,sensor_dropout,detection,0.0036,True
66e454f169fd,spielberg_FP3,brake_temp,string_in_numeric,detection,0.002,True
13f8e1701eb0,spielberg_FP3,tyre_pressure,bit_flip_high,detection,0.0055,True
c95c163d2ea8,spielberg_FP3,ecu_canbus,string_in_numeric,detection,0.0016,True
cdb1c76720ef,spielberg_FP3,speed,sensor_dropout,detection,0.0044,True
e81ed9007cd0,spielberg_FP3,heart_rate,string_in_numeric,detection,0.0021,True
f09d1ed0210c,spielberg_FP3,ecu_canbus,bit_flip_high,detection,0.0064,True
bf3a55db8ce8,spielberg_FP3,ecu_canbus,string_in_numeric,detection,0.0021,True
67d793e98eae,spielberg_FP3,throttle_new,schema_drift,detection,0.0041,True
6e29b86d62f2,spielberg_FP3,brake_temp,bit_flip_low,detection,0.0062,True
e09be2f066d4,spielberg_FP3,engine_temp_raw,schema_drift,detection,0.0095,True
9103c8141b60,spielberg_FP3,ecu_canbus,string_in_numeric,detection,0.0032,True
a70cebedc157,spielberg_FP3,speed,sensor_dropout,detection,0.0039,True
cff2598b75d3,spielberg_FP3,throttle,duplicate_timestamp,detection,0.0038,True
ab10d085ddaf,spielberg_FP3,rpm,bit_flip_low,detection,0.0075,True
6c923df63109,spielberg_FP3,speed,string_in_numeric,detection,0.002,True
86aa6cfc9f9a,spielberg_FP3,rpm,sensor_dropout,detection,0.0036,True
0ca8d47ed6b0,spielberg_FP3,ecu_canbus,string_in_numeric,detection,0.0027,True
4a001b16464b,spielberg_FP3,speed,bit_flip_low,detection,0.0073,True
faa1c397b029,spielberg_FP3,throttle,duplicate_timestamp,detection,0.004,True
812fd33b5037,spielberg_FP3,speed,null_value,detection,0.0037,True
867bc3993648,spielberg_FP3,throttle,bit_flip_high,detection,0.0067,True
327c99b07f16,spielberg_FP3,engine_temp,bit_flip_low,detection,0.0054,True
fdd6cb3d6505,spielberg_FP3,tyre_pressure,null_value,detection,0.0032,True
ca6633ead6ec,spielberg_FP3,rpm,duplicate_timestamp,detection,0.0069,True
646cea22021a,spielberg_FP3,engine_temp,sensor_dropout,detection,0.0057,True
3471332c6eab,spielberg_FP3,rpm,sensor_dropout,detection,0.0041,True
b3e7de1f3468,spielberg_FP3,throttle_v2,schema_drift,detection,0.0075,True
f643df6f00d0,spielberg_FP3,g_force_lateral,bit_flip_high,detection,0.0071,True
7cbdc27b4dd4,spielberg_FP3,brake_temp,bit_flip_high,detection,0.0058,True
17b20ddca1a6,spielberg_FP3,engine_temp,string_in_numeric,detection,0.0022,True
c08cfb8347b1,spielberg_FP3,aero_load,string_in_numeric,detection,0.0023,True
408569397c66,spielberg_FP3,heart_rate,null_value,detection,0.0032,True
5f9c9f4b6d40,spielberg_FP3,g_force_lateral,bit_flip_low,detection,0.0057,True
fc5b1f5c8f36,spielberg_FP3,throttle,bit_flip_low,detection,0.0092,True
805e4020848e,spielberg_FP3,g_force_lateral,bit_flip_low,detection,0.0055,True
88ff158ebdd3,spielberg_FP3,throttle,bit_flip_low,detection,0.0059,True
6d141638f7b1,spielberg_FP3,engine_temp,duplicate_timestamp,detection,0.0084,True
90f30ff5b00c,spielberg_FP3,heart_rate,null_value,detection,0.0037,True
9a886dbf0481,spielberg_FP3,heart_rate,string_in_numeric,detection,0.0022,True
198b8cf53b2e,spielberg_FP3,g_force_lateral_v2,schema_drift,detection,0.0053,True
de21724a5b19,spielberg_FP3,speed,sensor_dropout,detection,0.0037,True
009de840030f,spielberg_FP3,ecu_canbus,bit_flip_high,detection,0.0065,True
aa829b9eebc9,spielberg_FP3,heart_rate,duplicate_timestamp,detection,0.0036,True
cc5e1f862c6c,spielberg_FP3,brake_temp,bit_flip_high,detection,0.0053,True
746ba3b0a5eb,spielberg_FP3,tyre_pressure,duplicate_timestamp,detection,0.0036,True
316a818ae74e,spielberg_FP3,heart_rate,duplicate_timestamp,detection,0.0035,True
a193f5c64edc,spielberg_FP3,brake_temp,duplicate_timestamp,detection,0.0038,True
59a3909c1f42,spielberg_FP3,ecu_canbus,sensor_dropout,detection,0.0041,True
11f5e2180aaf,spielberg_FP3,heart_rate_alt,schema_drift,detection,0.0053,True
5c3b694bbf50,spielberg_FP3,brake_temp,bit_flip_high,detection,0.0067,True
32b6a9f1db11,spielberg_FP3,heart_rate,null_value,detection,0.0034,True
50989ee73ca3,spielberg_FP3,brake_temp_v2,schema_drift,detection,0.004,True
7cf9d73974f8,spielberg_FP3,engine_temp,string_in_numeric,detection,0.0025,True
3f108623daa1,spielberg_FP3,brake_temp,bit_flip_high,detection,0.0063,True
947f0f07688f,spielberg_FP3,speed_raw,schema_drift,detection,0.0066,True
50dd02a97f91,spielberg_FP3,heart_rate,bit_flip_low,detection,0.0061,True
3662873bd22e,spielberg_FP3,g_force_lateral,bit_flip_low,detection,0.0056,True
a5b179f88418,spielberg_FP3,rpm_canbus,schema_drift,detection,0.0049,True
9653792b1967,spielberg_FP3,g_force_lateral,null_value,detection,0.0037,True
ca7cf2c262c9,spielberg_FP3,speed,sensor_dropout,detection,0.004,True
8c03c2e456ea,spielberg_FP3,ecu_canbus,duplicate_timestamp,detection,0.0039,True
298aaad8d00e,spielberg_FP3,tyre_pressure,duplicate_timestamp,detection,0.0043,True
32078a862d4b,spielberg_FP3,aero_load,bit_flip_low,detection,0.0081,True
9e619a654553,spielberg_FP3,ecu_canbus_new,schema_drift,detection,0.0044,True
fb1088b13cb6,spielberg_FP3,g_force_lateral,bit_flip_high,detection,0.0061,True
cc7c669d10c0,spielberg_FP3,speed_alt,schema_drift,detection,0.0048,True
fd8d66d5c2b8,spielberg_FP3,throttle,bit_flip_high,detection,0.0067,True
9e0598a15546,spielberg_FP3,tyre_pressure,bit_flip_low,detection,0.0076,True
3959d78a469a,spielberg_FP3,ecu_canbus,sensor_dropout,detection,0.0039,True
bec696bcd1fa,spielberg_FP3,aero_load,sensor_dropout,detection,0.0032,True
485767c77750,spielberg_FP3,speed,null_value,detection,0.0032,True
c1371351af9b,spielberg_FP3,engine_temp,sensor_dropout,detection,0.0032,True
3ac78b1819f7,spielberg_FP3,throttle,bit_flip_high,detection,0.0057,True
4ca83af72767,spielberg_FP3,speed,duplicate_timestamp,detection,0.0039,True
73c4fb692433,spielberg_FP3,throttle,bit_flip_high,detection,0.0062,True
2f06e0e462e5,spielberg_FP3,tyre_pressure_alt,schema_drift,detection,0.0047,True
a1d0d88af9b0,spielberg_FP3,brake_temp,sensor_dropout,detection,0.0038,True
09c473f8add0,spielberg_FP3,ecu_canbus_raw,schema_drift,detection,0.0042,True
cbdb714581e2,spielberg_FP3,g_force_lateral,sensor_dropout,detection,0.0031,True
5bd9e9a154d6,spielberg_FP3,rpm,null_value,detection,0.0143,True
f1d6af9e0101,spielberg_FP3,aero_load,string_in_numeric,detection,0.0019,True
26f375767d96,spielberg_FP3,ecu_canbus,duplicate_timestamp,detection,0.0034,True
7d9e61ad4c03,spielberg_FP3,heart_rate,bit_flip_low,detection,0.007,True
ed3456753d89,spielberg_FP3,engine_temp_raw,schema_drift,detection,0.0043,True
93514a1da363,spielberg_FP3,heart_rate,null_value,detection,0.0035,True
9867d7b5bee9,spielberg_FP3,speed,bit_flip_high,detection,0.0064,True
43af5ba46e5c,spielberg_FP3,tyre_pressure,sensor_dropout,detection,0.0046,True
20b202c80463,spielberg_FP3,rpm,sensor_dropout,detection,0.0034,True
64216ab360e3,spielberg_FP3,g_force_lateral_canbus,schema_drift,detection,0.005,True
aff32a7b9254,spielberg_FP3,heart_rate_raw,schema_drift,detection,0.0051,True
6669818fec44,spielberg_FP3,aero_load,sensor_dropout,detection,0.0052,True
1092dd72ed65,spielberg_FP3,g_force_lateral,bit_flip_low,detection,0.0065,True
c7de5dd46e67,spielberg_FP3,g_force_lateral,sensor_dropout,detection,0.0041,True
0e75f717703f,spielberg_FP3,aero_load,string_in_numeric,detection,0.0022,True
2b7ef467856e,spielberg_FP3,ecu_canbus,bit_flip_high,detection,0.0064,True
da3b0794e794,spielberg_FP3,heart_rate,bit_flip_high,detection,0.0057,True
9a27c709be3a,spielberg_FP3,tyre_pressure,bit_flip_high,detection,0.0069,True
e5901dc03bdb,spielberg_FP3,g_force_lateral,bit_flip_high,detection,0.0054,True
75a7815d5f64,spielberg_FP3,throttle,null_value,detection,0.0033,True
3e5da4f4d1e5,spielberg_FP3,engine_temp,null_value,detection,0.003,True
890a47ef50c5,spielberg_FP3,engine_temp,bit_flip_high,detection,0.0062,True
216ec20ccb4b,spielberg_FP3,heart_rate_canbus,schema_drift,detection,0.0049,True
3ab4e3c147e3,spielberg_FP3,throttle,duplicate_timestamp,detection,0.0037,True
57b80bfddd40,spielberg_FP3,rpm_raw,schema_drift,detection,0.0051,True
3f358acb88d6,spielberg_FP3,rpm,string_in_numeric,detection,0.0028,True
75fc8bbcb275,spielberg_FP3,brake_temp,sensor_dropout,detection,0.0044,True
312e4776fb5d,spielberg_FP3,ecu_canbus,bit_flip_high,detection,0.0068,True
61968d48cb54,spielberg_FP3,g_force_lateral,string_in_numeric,detection,0.0021,True
7d084ed5a123,spielberg_FP3,brake_temp,duplicate_timestamp,detection,0.0036,True
5df1af5fa572,spielberg_FP3,g_force_lateral,string_in_numeric,detection,0.0019,True
a7f833104126,spielberg_QUALI,tyre_pressure,string_in_numeric,detection,0.0052,True
da5a452265a6,spielberg_QUALI,brake_temp,sensor_dropout,detection,0.0044,True
c02d17b06f39,spielberg_QUALI,aero_load,sensor_dropout,detection,0.0035,True
6a851bff0527,spielberg_QUALI,speed,sensor_dropout,detection,0.0032,True
c21a914add15,spielberg_QUALI,brake_temp,sensor_dropout,detection,0.0034,True
d0c18d011eb3,spielberg_QUALI,aero_load,sensor_dropout,detection,0.0036,True
aab605d8d73a,spielberg_QUALI,heart_rate,bit_flip_high,detection,0.0071,True
bc2f8609e02d,spielberg_QUALI,brake_temp,null_value,detection,0.0044,True
3d09e42a2c51,spielberg_QUALI,engine_temp,string_in_numeric,detection,0.002,True
7a1fc6c06542,spielberg_QUALI,g_force_lateral_alt,schema_drift,detection,0.0046,True
a88f1abc8503,spielberg_QUALI,ecu_canbus,bit_flip_low,detection,0.0079,True
2e055bcda352,spielberg_QUALI,g_force_lateral,null_value,detection,0.0037,True
7ff953b3fcb8,spielberg_QUALI,ecu_canbus,sensor_dropout,detection,0.0031,True
6e0f7656bfb0,spielberg_QUALI,g_force_lateral,sensor_dropout,detection,0.0033,True
2641012d87c9,spielberg_QUALI,tyre_pressure,bit_flip_high,detection,0.0058,True
2342342f3a95,spielberg_QUALI,engine_temp,null_value,detection,0.0046,True
03985e2aaf23,spielberg_QUALI,engine_temp,sensor_dropout,detection,0.0028,True
e6df3d1b8ab2,spielberg_QUALI,throttle,duplicate_timestamp,detection,0.004,True
ec39dab5d582,spielberg_QUALI,rpm,sensor_dropout,detection,0.0044,True
9c3073dd557c,spielberg_QUALI,throttle,string_in_numeric,detection,0.0023,True
ad1e85ffc3e6,spielberg_QUALI,heart_rate,null_value,detection,0.003,True
024d6b47412c,spielberg_QUALI,ecu_canbus,null_value,detection,0.0044,True
8cff963d0256,spielberg_QUALI,brake_temp,duplicate_timestamp,detection,0.0037,True
3d919a812098,spielberg_QUALI,engine_temp_raw,schema_drift,detection,0.0042,True
4910dfb6a915,spielberg_QUALI,tyre_pressure,sensor_dropout,detection,0.0031,True
7129ae4bcf41,spielberg_QUALI,speed,duplicate_timestamp,detection,0.0037,True
0115b149f7ef,spielberg_QUALI,rpm,string_in_numeric,detection,0.0018,True
0e1d1215a83a,spielberg_QUALI,brake_temp,null_value,detection,0.0031,True
c1d9d3521c8a,spielberg_QUALI,ecu_canbus,bit_flip_low,detection,0.0068,True
92cd5198029a,spielberg_QUALI,ecu_canbus,duplicate_timestamp,detection,0.0057,True
f822bf121ac0,spielberg_QUALI,rpm,sensor_dropout,detection,0.0033,True
eff9d5f44390,spielberg_QUALI,engine_temp,bit_flip_high,detection,0.0062,True
a193a91768c4,spielberg_QUALI,ecu_canbus,bit_flip_low,detection,0.0068,True
8b5a4a88df83,spielberg_QUALI,brake_temp,bit_flip_high,detection,0.0053,True
7e3cfb0b0235,spielberg_QUALI,g_force_lateral_canbus,schema_drift,detection,0.005,True
8c1cade816f9,spielberg_QUALI,speed_alt,schema_drift,detection,0.0057,True
40459f304de6,spielberg_QUALI,engine_temp,sensor_dropout,detection,0.0042,True
c4e9b8acee76,spielberg_QUALI,speed,bit_flip_low,detection,0.0071,True
8fe86b438a6f,spielberg_QUALI,heart_rate,string_in_numeric,detection,0.0024,True
d5096e9394a9,spielberg_QUALI,tyre_pressure_canbus,schema_drift,detection,0.0225,True
1dbbd3055884,spielberg_QUALI,speed,sensor_dropout,detection,0.0067,True
8b6c46f347a0,spielberg_QUALI,engine_temp,string_in_numeric,detection,0.0027,True
70d7806dfd98,spielberg_QUALI,ecu_canbus,bit_flip_high,detection,0.0061,True
893e64d432ea,spielberg_QUALI,ecu_canbus,null_value,detection,0.003,True
d25f480aec03,spielberg_QUALI,g_force_lateral,string_in_numeric,detection,0.0017,True
ca20f901afd5,spielberg_QUALI,engine_temp,sensor_dropout,detection,0.0034,True
ba51dda2a480,spielberg_QUALI,throttle,bit_flip_low,detection,0.0062,True
72a65b669087,spielberg_QUALI,ecu_canbus,string_in_numeric,detection,0.002,True
af4b490b9eec,spielberg_QUALI,engine_temp,bit_flip_low,detection,0.0066,True
629d8428220c,spielberg_QUALI,tyre_pressure,string_in_numeric,detection,0.0022,True
abdd57d5ec6c,spielberg_QUALI,ecu_canbus_new,schema_drift,detection,0.0048,True
03aca3f77c83,spielberg_QUALI,tyre_pressure_new,schema_drift,detection,0.012,True
75f382bea82b,spielberg_QUALI,speed,duplicate_timestamp,detection,0.0062,True
fe4c0c0b7568,spielberg_QUALI,tyre_pressure,duplicate_timestamp,detection,0.0042,True
485911851f04,spielberg_QUALI,tyre_pressure,sensor_dropout,detection,0.0036,True
38c57d37c522,spielberg_QUALI,ecu_canbus_alt,schema_drift,detection,0.0046,True
5e57dbbdd76b,spielberg_QUALI,rpm,string_in_numeric,detection,0.0019,True
70e604a24deb,spielberg_QUALI,ecu_canbus,sensor_dropout,detection,0.0042,True
1bd68ebea8e4,spielberg_QUALI,engine_temp_v2,schema_drift,detection,0.0046,True
fc45718ff636,spielberg_QUALI,tyre_pressure,sensor_dropout,detection,0.0051,True
f81043846cb2,spielberg_QUALI,engine_temp,bit_flip_low,detection,0.0063,True
4f632d1eda07,spielberg_QUALI,speed,bit_flip_high,detection,0.0067,True
58fdfdcc954f,spielberg_QUALI,throttle,string_in_numeric,detection,0.002,True
1c4e3d7dfe9a,spielberg_QUALI,throttle,bit_flip_high,detection,0.0058,True
35b46b4f1634,spielberg_QUALI,brake_temp,sensor_dropout,detection,0.0033,True
b48b722a5c7b,spielberg_QUALI,speed,string_in_numeric,detection,0.0025,True
81acfa2ebaf3,spielberg_QUALI,ecu_canbus,duplicate_timestamp,detection,0.0039,True
6e1f5cce4fd5,spielberg_QUALI,heart_rate,bit_flip_high,detection,0.0081,True
1bc6a707b696,spielberg_QUALI,brake_temp,string_in_numeric,detection,0.0021,True
20fbf8745051,spielberg_QUALI,aero_load,sensor_dropout,detection,0.0033,True
32500455184a,spielberg_QUALI,heart_rate,bit_flip_high,detection,0.0055,True
4fd181189800,spielberg_QUALI,g_force_lateral,duplicate_timestamp,detection,0.0048,True
a1114b33f98b,spielberg_QUALI,speed,bit_flip_low,detection,0.0069,True
68a512863e09,spielberg_QUALI,rpm,bit_flip_high,detection,0.006,True
0c02ec9487ce,spielberg_QUALI,throttle,bit_flip_low,detection,0.0073,True
cd96569726b3,spielberg_QUALI,engine_temp,bit_flip_high,detection,0.0057,True
460b9a4f06c0,spielberg_QUALI,throttle,null_value,detection,0.0033,True
d029a3179653,spielberg_QUALI,ecu_canbus_canbus,schema_drift,detection,0.0045,True
d4bc732f8c0d,spielberg_QUALI,tyre_pressure,bit_flip_low,detection,0.0059,True
6dfa2bb8ae14,spielberg_QUALI,tyre_pressure,sensor_dropout,detection,0.0095,True
bc5030125ded,spielberg_QUALI,engine_temp,string_in_numeric,detection,0.0023,True
707047b78bb6,spielberg_QUALI,heart_rate,sensor_dropout,detection,0.0034,True
134b0c09809b,spielberg_QUALI,g_force_lateral,string_in_numeric,detection,0.002,True
b0160c9c916a,spielberg_QUALI,speed,string_in_numeric,detection,0.0017,True
3257cd1fca7b,spielberg_QUALI,rpm,string_in_numeric,detection,0.0018,True
c27aa2e9a961,spielberg_QUALI,aero_load,string_in_numeric,detection,0.0017,True
239626c02251,spielberg_QUALI,speed,bit_flip_low,detection,0.0065,True
d455328b0c42,spielberg_QUALI,rpm,bit_flip_low,detection,0.0069,True
796c1cdbf135,spielberg_QUALI,brake_temp,null_value,detection,0.0043,True
1e93e9c77fa2,spielberg_QUALI,ecu_canbus,bit_flip_low,detection,0.0092,True
51bf050da839,spielberg_QUALI,rpm,bit_flip_high,detection,0.0064,True
e2903661f849,spielberg_QUALI,tyre_pressure,string_in_numeric,detection,0.0025,True
96e03c7debcc,spielberg_QUALI,ecu_canbus,null_value,detection,0.0051,True
50e238bccffe,spielberg_QUALI,tyre_pressure,sensor_dropout,detection,0.0031,True
c0d9f7bb065b,spielberg_QUALI,aero_load,null_value,detection,0.0033,True
b3cfa87e6064,spielberg_QUALI,ecu_canbus,null_value,detection,0.0032,True
50b0bc3bb531,spielberg_QUALI,g_force_lateral,string_in_numeric,detection,0.0018,True
6b32825626df,spielberg_QUALI,aero_load_new,schema_drift,detection,0.004,True
947d89c64c3c,spielberg_QUALI,heart_rate,null_value,detection,0.0031,True
eb10cd010c12,spielberg_QUALI,rpm,null_value,detection,0.003,True
77059f1e90bb,spielberg_QUALI,tyre_pressure,bit_flip_high,detection,0.0058,True
bf56f7831c9b,spielberg_QUALI,brake_temp,string_in_numeric,detection,0.0021,True
9fb0c3a91682,spielberg_QUALI,heart_rate,bit_flip_high,detection,0.0062,True
afb51909eca4,spielberg_QUALI,rpm_raw,schema_drift,detection,0.0058,True
9ecae23e6628,spielberg_QUALI,ecu_canbus,sensor_dropout,detection,0.0033,True
0cd93e232bfa,spielberg_QUALI,heart_rate,sensor_dropout,detection,0.0074,True
43ed419a78d8,spielberg_QUALI,aero_load,null_value,detection,0.0039,True
bf8298443fc7,spielberg_QUALI,ecu_canbus,null_value,detection,0.0063,True
c1c23837b86a,spielberg_QUALI,rpm,bit_flip_high,detection,0.0082,True
1db3771eade2,spielberg_QUALI,engine_temp,sensor_dropout,detection,0.0034,True
510e5ffbd2c2,spielberg_QUALI,ecu_canbus_canbus,schema_drift,detection,0.0047,True
19d32aa65d05,spielberg_QUALI,brake_temp,string_in_numeric,detection,0.0022,True
d478c5110c51,spielberg_QUALI,speed,string_in_numeric,detection,0.0019,True
5cdd4e3ed10f,spielberg_QUALI,tyre_pressure,bit_flip_high,detection,0.0065,True
60ff06022897,spielberg_QUALI,g_force_lateral,sensor_dropout,detection,0.0045,True
7b172ff2cab7,spielberg_QUALI,speed,string_in_numeric,detection,0.0023,True
b2a89814b65b,spielberg_QUALI,ecu_canbus,bit_flip_low,detection,0.0064,True
af1eaccb3888,spielberg_QUALI,heart_rate,bit_flip_high,detection,0.0058,True
6fd5ef3572d3,spielberg_QUALI,g_force_lateral,duplicate_timestamp,detection,0.0036,True
27551983f1c1,spielberg_QUALI,speed,bit_flip_low,detection,0.0056,True
7f19b061087a,spielberg_QUALI,engine_temp,bit_flip_high,detection,0.0077,True
31106eca0ee1,spielberg_QUALI,g_force_lateral,bit_flip_high,detection,0.0066,True
46c030b7d622,spielberg_QUALI,g_force_lateral,duplicate_timestamp,detection,0.0051,True
77ce40708658,spielberg_QUALI,tyre_pressure,sensor_dropout,detection,0.0044,True
bb4a7dd4d8e4,spielberg_QUALI,speed_raw,schema_drift,detection,0.0046,True
3cb6c0195bd8,spielberg_QUALI,rpm_alt,schema_drift,detection,0.0047,True
a6879575d522,spielberg_QUALI,tyre_pressure,bit_flip_high,detection,0.0064,True
0a9c40d1572f,spielberg_QUALI,heart_rate_raw,schema_drift,detection,0.0043,True
6d6446d5ba95,spielberg_QUALI,speed,sensor_dropout,detection,0.0034,True
0ba29eb52a08,spielberg_QUALI,rpm_v2,schema_drift,detection,0.0046,True
d578852df151,spielberg_QUALI,brake_temp,null_value,detection,0.003,True
b7c04bfe2135,spielberg_QUALI,rpm,sensor_dropout,detection,0.0033,True
8bcbc4d68c56,spielberg_QUALI,brake_temp_raw,schema_drift,detection,0.0042,True
0cea4c124652,spielberg_QUALI,ecu_canbus,string_in_numeric,detection,0.0032,True
44d0f85a8f01,spielberg_QUALI,tyre_pressure_raw,schema_drift,detection,0.0043,True
db792239d80d,spielberg_QUALI,aero_load,bit_flip_high,detection,0.0079,True
745223d17123,spielberg_QUALI,tyre_pressure_v2,schema_drift,detection,0.0048,True
979392e83596,spielberg_QUALI,brake_temp,duplicate_timestamp,detection,0.0054,True
ce079d9a8385,spielberg_QUALI,aero_load,duplicate_timestamp,detection,0.004,True
3bd2169884b1,spielberg_QUALI,g_force_lateral,string_in_numeric,detection,0.0022,True
f8482142998d,spielberg_QUALI,throttle_alt,schema_drift,detection,0.0047,True
d0f25bd9b370,spielberg_QUALI,throttle,bit_flip_low,detection,0.0067,True
69af04b3f2f6,spielberg_QUALI,aero_load,bit_flip_low,detection,0.0059,True
55352d2cea23,spielberg_QUALI,throttle,bit_flip_high,detection,0.0066,True
1fd17eb0c987,spielberg_QUALI,throttle,duplicate_timestamp,detection,0.004,True
6950490e08d2,spielberg_QUALI,engine_temp,bit_flip_low,detection,0.0054,True
b0fb92768532,spielberg_QUALI,ecu_canbus,string_in_numeric,detection,0.0021,True
af3455700d2a,spielberg_QUALI,speed,sensor_dropout,detection,0.0049,True
6159d9215841,spielberg_QUALI,engine_temp_raw,schema_drift,detection,0.0048,True
b87a5560323e,spielberg_QUALI,rpm,sensor_dropout,detection,0.0037,True
6dbcd0becf64,spielberg_QUALI,rpm,null_value,detection,0.0037,True
69785a7c059c,spielberg_QUALI,rpm,string_in_numeric,detection,0.0024,True
4474ab690b77,spielberg_QUALI,ecu_canbus,sensor_dropout,detection,0.0045,True
7bf8a1d82958,spielberg_QUALI,tyre_pressure,string_in_numeric,detection,0.0024,True
184050b42f33,spielberg_QUALI,rpm,duplicate_timestamp,detection,0.0039,True
37e4cd655dd5,spielberg_QUALI,aero_load,null_value,detection,0.0039,True
fc342d5f3ab1,spielberg_QUALI,rpm,bit_flip_high,detection,0.0088,True
b039a5fa0668,spielberg_QUALI,ecu_canbus,bit_flip_high,detection,0.0064,True
82d01a830cb9,spielberg_QUALI,throttle,string_in_numeric,detection,0.0023,True
8b7391772f98,spielberg_QUALI,brake_temp,bit_flip_low,detection,0.0084,True
a36f3b312aa8,spielberg_QUALI,engine_temp,duplicate_timestamp,detection,0.0042,True
a371ee997485,spielberg_QUALI,heart_rate,duplicate_timestamp,detection,0.0038,True
5f90a1f66dea,spielberg_QUALI,throttle_v2,schema_drift,detection,0.0048,True
d3831c8da679,spielberg_QUALI,rpm,string_in_numeric,detection,0.0023,True
dd07eb7db213,spielberg_QUALI,ecu_canbus_alt,schema_drift,detection,0.0054,True
bce7abbf07e9,spielberg_QUALI,g_force_lateral,string_in_numeric,detection,0.0022,True
ee8582c49ca0,spielberg_QUALI,aero_load_alt,schema_drift,detection,0.0047,True
3ec21bea8f81,spielberg_QUALI,tyre_pressure,bit_flip_high,detection,0.0079,True
a4b2c7493be7,spielberg_QUALI,heart_rate,null_value,detection,0.0037,True
9eae714fe36d,spielberg_QUALI,speed,null_value,detection,0.0034,True
02ff0d0b0d85,spielberg_QUALI,brake_temp,bit_flip_low,detection,0.0066,True
4cecb0f7cc67,spielberg_QUALI,throttle,bit_flip_high,detection,0.0058,True
f2c55b5013b8,spielberg_QUALI,tyre_pressure,sensor_dropout,detection,0.0039,True
98b0beff5fcc,spielberg_QUALI,rpm,sensor_dropout,detection,0.0034,True
2e99cec3398a,spielberg_QUALI,aero_load,duplicate_timestamp,detection,0.0037,True
d0915018b749,spielberg_QUALI,tyre_pressure,sensor_dropout,detection,0.004,True
b15953940a46,spielberg_QUALI,heart_rate,duplicate_timestamp,detection,0.0041,True
f8b5ea490b52,spielberg_QUALI,brake_temp,null_value,detection,0.0032,True
328442b5d595,spielberg_QUALI,heart_rate,duplicate_timestamp,detection,0.0063,True
cd1941bc0426,spielberg_QUALI,g_force_lateral,sensor_dropout,detection,0.0038,True
7ec410df4b17,spielberg_QUALI,engine_temp,bit_flip_high,detection,0.0086,True
75211e9dd30c,spielberg_QUALI,speed,null_value,detection,0.0045,True
25276c747355,spielberg_QUALI,ecu_canbus,string_in_numeric,detection,0.0032,True
fa90d56fae8b,spielberg_QUALI,g_force_lateral,sensor_dropout,detection,0.0053,True
9714e5f519cd,spielberg_QUALI,throttle,null_value,detection,0.0041,True
ed504d3b769e,spielberg_QUALI,throttle,bit_flip_low,detection,0.0072,True
55f18e7aa923,spielberg_QUALI,speed,bit_flip_high,detection,0.0064,True
7406d94c7484,spielberg_QUALI,brake_temp,duplicate_timestamp,detection,0.0044,True
e6dbc88aa64f,spielberg_QUALI,g_force_lateral,duplicate_timestamp,detection,0.0051,True
ed9fdcbb35c5,spielberg_QUALI,ecu_canbus,null_value,detection,0.0035,True
1f5e95b01c63,spielberg_QUALI,speed_new,schema_drift,detection,0.0047,True
0d5af32cc8f5,spielberg_QUALI,tyre_pressure,null_value,detection,0.0035,True
571bb337faa4,spielberg_QUALI,heart_rate,bit_flip_low,detection,0.0064,True
5f244fb8f081,spielberg_QUALI,tyre_pressure,sensor_dropout,detection,0.0033,True
2e8267d61001,spielberg_QUALI,throttle,bit_flip_high,detection,0.0069,True
924da115d113,spielberg_QUALI,ecu_canbus,duplicate_timestamp,detection,0.0043,True
36e331910480,spielberg_QUALI,engine_temp,string_in_numeric,detection,0.0025,True
5ca22d201756,spielberg_QUALI,g_force_lateral_raw,schema_drift,detection,0.0049,True
ae581f150ae7,spielberg_QUALI,aero_load,bit_flip_low,detection,0.0068,True
3efcfe9140bc,spielberg_QUALI,brake_temp,string_in_numeric,detection,0.0023,True
9cc783b5ebb1,spielberg_QUALI,ecu_canbus_alt,schema_drift,detection,0.0048,True
757639e502ec,spielberg_QUALI,heart_rate_v2,schema_drift,detection,0.0044,True
9b05b78b4a5b,spielberg_QUALI,brake_temp_raw,schema_drift,detection,0.0053,True
4dc8f9694c13,spielberg_QUALI,engine_temp,null_value,detection,0.0042,True
4f271ac0f15d,spielberg_QUALI,brake_temp,duplicate_timestamp,detection,0.0036,True
e6ed20eba4b7,spielberg_QUALI,engine_temp,null_value,detection,0.0048,True
e2d221821b4b,spielberg_QUALI,aero_load,string_in_numeric,detection,0.0025,True
f017d101b698,spielberg_QUALI,brake_temp,bit_flip_low,detection,0.007,True
dbd1b1fb166c,spielberg_QUALI,ecu_canbus,bit_flip_low,detection,0.0107,True
f64392bf9ba4,spielberg_QUALI,aero_load,null_value,detection,0.0043,True
b0908a7022b9,spielberg_QUALI,heart_rate,string_in_numeric,detection,0.0027,True
41aaedbca892,spielberg_QUALI,brake_temp,null_value,detection,0.0033,True
48a0af9420e3,spielberg_QUALI,rpm,string_in_numeric,detection,0.0021,True
93c11b50e755,spielberg_QUALI,aero_load,bit_flip_high,detection,0.0074,True
b3b09f5e8fe0,spielberg_QUALI,tyre_pressure,bit_flip_low,detection,0.0075,True
749c7df4172f,spielberg_QUALI,throttle,bit_flip_low,detection,0.0063,True
a2d67be7379b,spielberg_QUALI,g_force_lateral,string_in_numeric,detection,0.0026,True
953d4579400b,spielberg_QUALI,heart_rate,duplicate_timestamp,detection,0.0042,True
95c051650344,spielberg_QUALI,heart_rate,duplicate_timestamp,detection,0.0032,True
0ac9c8e93893,spielberg_QUALI,throttle,duplicate_timestamp,detection,0.0037,True
5ad64fe903a5,spielberg_QUALI,ecu_canbus,bit_flip_high,detection,0.0084,True
287172074a77,spielberg_QUALI,brake_temp,bit_flip_high,detection,0.0065,True
315c70135c9c,spielberg_QUALI,tyre_pressure,string_in_numeric,detection,0.0043,True
947a039749af,spielberg_QUALI,engine_temp,bit_flip_low,detection,0.0064,True
90a3d22ebbcf,spielberg_QUALI,ecu_canbus_alt,schema_drift,detection,0.0048,True
e05e8905c4f7,spielberg_QUALI,tyre_pressure,null_value,detection,0.004,True
6edc28f3333d,spielberg_QUALI,g_force_lateral_new,schema_drift,detection,0.0044,True
ec4553f0e7ff,spielberg_QUALI,speed,sensor_dropout,detection,0.0034,True
463bccf6cdd6,spielberg_QUALI,throttle,bit_flip_high,detection,0.0063,True
00f849e91c63,spielberg_RACE,aero_load,null_value,detection,0.0097,True
c8a13c757b35,spielberg_RACE,heart_rate,bit_flip_low,detection,0.0069,True
29dc593073ff,spielberg_RACE,speed,string_in_numeric,detection,0.0021,True
ac777e0d6048,spielberg_RACE,ecu_canbus,bit_flip_low,detection,0.0062,True
26f4b70cba22,spielberg_RACE,throttle,null_value,detection,0.0036,True
ec001d4e4924,spielberg_RACE,brake_temp,string_in_numeric,detection,0.002,True
79f6b238c255,spielberg_RACE,ecu_canbus,bit_flip_low,detection,0.0061,True
b56251bdca20,spielberg_RACE,throttle,sensor_dropout,detection,0.0031,True
7383f4e25a0a,spielberg_RACE,g_force_lateral,null_value,detection,0.0035,True
a4791b47fbd1,spielberg_RACE,ecu_canbus,bit_flip_low,detection,0.0066,True
5cb4cb5e2d2d,spielberg_RACE,brake_temp,bit_flip_high,detection,0.006,True
ff8ccc309be2,spielberg_RACE,engine_temp,bit_flip_high,detection,0.006,True
5726205a5c4e,spielberg_RACE,g_force_lateral_new,schema_drift,detection,0.0044,True
d32834142629,spielberg_RACE,speed,string_in_numeric,detection,0.0023,True
caf01dcd7a6e,spielberg_RACE,heart_rate,bit_flip_high,detection,0.0203,True
709b667ec6f4,spielberg_RACE,rpm,null_value,detection,0.0036,True
9e362ff6eefe,spielberg_RACE,aero_load,string_in_numeric,detection,0.0023,True
9de2774a120c,spielberg_RACE,heart_rate,bit_flip_low,detection,0.006,True
5fccea45442a,spielberg_RACE,throttle,string_in_numeric,detection,0.002,True
444460b0ce7c,spielberg_RACE,throttle,bit_flip_high,detection,0.0059,True
927738073e4f,spielberg_RACE,brake_temp,string_in_numeric,detection,0.0024,True
320bf311a941,spielberg_RACE,ecu_canbus_v2,schema_drift,detection,0.0081,True
aade8b69a289,spielberg_RACE,heart_rate,string_in_numeric,detection,0.0019,True
86243d458342,spielberg_RACE,heart_rate,string_in_numeric,detection,0.0023,True
5a858f9e4935,spielberg_RACE,rpm_new,schema_drift,detection,0.0049,True
e914d81ef870,spielberg_RACE,rpm,bit_flip_low,detection,0.0084,True
5c2b81a39a65,spielberg_RACE,brake_temp,duplicate_timestamp,detection,0.004,True
501641791920,spielberg_RACE,heart_rate_v2,schema_drift,detection,0.0045,True
b66c20bfbccb,spielberg_RACE,brake_temp,bit_flip_low,detection,0.0078,True
ce0688c00dff,spielberg_RACE,ecu_canbus,bit_flip_high,detection,0.0053,True
7cfa1e79ccf3,spielberg_RACE,heart_rate_raw,schema_drift,detection,0.005,True
a98f9958e446,spielberg_RACE,g_force_lateral,string_in_numeric,detection,0.0044,True
b03f96dc703f,spielberg_RACE,speed,null_value,detection,0.0052,True
1090a38874b6,spielberg_RACE,aero_load,null_value,detection,0.0033,True
4372d3032af2,spielberg_RACE,g_force_lateral,bit_flip_high,detection,0.006,True
d63c915e5cbd,spielberg_RACE,speed,duplicate_timestamp,detection,0.0035,True
dbfcfa2b560c,spielberg_RACE,throttle,sensor_dropout,detection,0.0067,True
b67056a48177,spielberg_RACE,speed,null_value,detection,0.0031,True
a875918b023d,spielberg_RACE,aero_load,string_in_numeric,detection,0.0028,True
cbbf16a56b36,spielberg_RACE,tyre_pressure,string_in_numeric,detection,0.0021,True
68b77cb4b7a3,spielberg_RACE,rpm,bit_flip_high,detection,0.0077,True
61cd8413dbd0,spielberg_RACE,tyre_pressure_v2,schema_drift,detection,0.0045,True
36fbe00e3080,spielberg_RACE,throttle,bit_flip_high,detection,0.0064,True
78231ab56ce9,spielberg_RACE,aero_load_new,schema_drift,detection,0.0122,True
c29e192f0047,spielberg_RACE,heart_rate,duplicate_timestamp,detection,0.0042,True
9591cce52848,spielberg_RACE,tyre_pressure,bit_flip_low,detection,0.0063,True
e890b6d7ea52,spielberg_RACE,rpm,duplicate_timestamp,detection,0.0036,True
8e2f9bb50118,spielberg_RACE,aero_load,bit_flip_low,detection,0.0055,True
a8c830656086,spielberg_RACE,engine_temp,sensor_dropout,detection,0.0037,True
3b86f3e08d34,spielberg_RACE,aero_load,bit_flip_high,detection,0.0059,True
dd40c8f1627b,spielberg_RACE,g_force_lateral_v2,schema_drift,detection,0.005,True
07e7637a04a6,spielberg_RACE,brake_temp,bit_flip_low,detection,0.0058,True
e6a629476929,spielberg_RACE,tyre_pressure,sensor_dropout,detection,0.003,True
4aa8ef3c3d39,spielberg_RACE,heart_rate,duplicate_timestamp,detection,0.0046,True
54c75ba7d8c0,spielberg_RACE,rpm,sensor_dropout,detection,0.003,True
7438f8c0915b,spielberg_RACE,brake_temp,null_value,detection,0.0029,True
c398a8651d9b,spielberg_RACE,aero_load_canbus,schema_drift,detection,0.0045,True
92ccbfcc1ed3,spielberg_RACE,brake_temp_raw,schema_drift,detection,0.0041,True
3dfe51cdd22b,spielberg_RACE,throttle,sensor_dropout,detection,0.0041,True
bcb709d15875,spielberg_RACE,speed,string_in_numeric,detection,0.0021,True
ca6b9f823c51,spielberg_RACE,ecu_canbus,duplicate_timestamp,detection,0.0039,True
46dfbb90c61b,spielberg_RACE,speed,sensor_dropout,detection,0.0041,True
899c1c777113,spielberg_RACE,aero_load,bit_flip_low,detection,0.007,True
bb292f7fc206,spielberg_RACE,ecu_canbus,sensor_dropout,detection,0.0049,True
a2bf60298513,spielberg_RACE,ecu_canbus_canbus,schema_drift,detection,0.0049,True
a8fbac4b1138,spielberg_RACE,speed,null_value,detection,0.0034,True
d95cbf858d76,spielberg_RACE,heart_rate,bit_flip_low,detection,0.0064,True
45fde96c26a9,spielberg_RACE,throttle,bit_flip_high,detection,0.0054,True
f990e960bded,spielberg_RACE,speed,bit_flip_high,detection,0.0075,True
75514c3f4f7c,spielberg_RACE,rpm,bit_flip_high,detection,0.0058,True
0bec540118a3,spielberg_RACE,g_force_lateral,null_value,detection,0.0032,True
f5b24b2e0876,spielberg_RACE,speed,null_value,detection,0.0028,True
b5c7d15e6d93,spielberg_RACE,speed,sensor_dropout,detection,0.0031,True
0e01f5118d48,spielberg_RACE,ecu_canbus,sensor_dropout,detection,0.0032,True
b6d8849dd596,spielberg_RACE,aero_load,string_in_numeric,detection,0.0024,True
0b3d42322bf8,spielberg_RACE,ecu_canbus,duplicate_timestamp,detection,0.0051,True
14744aa2b3fe,spielberg_RACE,speed,null_value,detection,0.0033,True
a35bd30ca267,spielberg_RACE,rpm,string_in_numeric,detection,0.0019,True
a74316fe7c71,spielberg_RACE,rpm,bit_flip_low,detection,0.0067,True
4a6d7e939f10,spielberg_RACE,brake_temp,sensor_dropout,detection,0.0033,True
2f462b4239db,spielberg_RACE,g_force_lateral,bit_flip_low,detection,0.0063,True
75b3e75dbae2,spielberg_RACE,tyre_pressure,sensor_dropout,detection,0.0055,True
3ad1b3c701fa,spielberg_RACE,speed,bit_flip_high,detection,0.0074,True
b7fcd4aaf5be,spielberg_RACE,engine_temp,sensor_dropout,detection,0.0038,True
2d8396da8b0e,spielberg_RACE,throttle,bit_flip_low,detection,0.0068,True
f6608449f3f0,spielberg_RACE,g_force_lateral,duplicate_timestamp,detection,0.0049,True
31785cc3acf7,spielberg_RACE,g_force_lateral,sensor_dropout,detection,0.0037,True
40073b6118b6,spielberg_RACE,rpm,bit_flip_low,detection,0.0068,True
0f30356dd1bd,spielberg_RACE,tyre_pressure,sensor_dropout,detection,0.003,True
20514b4adeb2,spielberg_RACE,aero_load,bit_flip_high,detection,0.0062,True
38a38cfeee42,spielberg_RACE,speed,bit_flip_high,detection,0.0052,True
30b2c0a2b35d,spielberg_RACE,throttle,bit_flip_low,detection,0.0048,True
0bd9d1543887,spielberg_RACE,brake_temp_new,schema_drift,detection,0.0051,True
a8eb02d1eeee,spielberg_RACE,aero_load,bit_flip_low,detection,0.0068,True
0044e39a4efa,spielberg_RACE,ecu_canbus,bit_flip_low,detection,0.0039,True
69e29ad6111b,spielberg_RACE,speed,sensor_dropout,detection,0.0046,True
da43e2c38137,spielberg_RACE,engine_temp,bit_flip_low,detection,0.0054,True
6d346965839d,spielberg_RACE,g_force_lateral,string_in_numeric,detection,0.002,True
6094f827dd81,spielberg_RACE,engine_temp,null_value,detection,0.0039,True
70b52e5d8247,spielberg_RACE,tyre_pressure_canbus,schema_drift,detection,0.0047,True
f5268d238723,spielberg_RACE,tyre_pressure,bit_flip_low,detection,0.0075,True
0947b003b9f5,spielberg_RACE,speed,string_in_numeric,detection,0.002,True
6ba060303c74,spielberg_RACE,heart_rate_raw,schema_drift,detection,0.0048,True
9628303b7f8d,spielberg_RACE,rpm,string_in_numeric,detection,0.0025,True
adf849a4b9e4,spielberg_RACE,engine_temp,string_in_numeric,detection,0.0019,True
d5abc8dc0821,spielberg_RACE,tyre_pressure,string_in_numeric,detection,0.0017,True
c46461197efd,spielberg_RACE,brake_temp_raw,schema_drift,detection,0.0043,True
067234f5ab3f,spielberg_RACE,brake_temp,string_in_numeric,detection,0.0017,True
1126d1ed1f17,spielberg_RACE,throttle,duplicate_timestamp,detection,0.0047,True
77c9e827a0b6,spielberg_RACE,aero_load_v2,schema_drift,detection,0.0093,True
c8c24878f061,spielberg_RACE,ecu_canbus,bit_flip_low,detection,0.0076,True
ef19ccca2c8f,spielberg_RACE,throttle,sensor_dropout,detection,0.0035,True
99684d057af3,spielberg_RACE,aero_load,duplicate_timestamp,detection,0.004,True
ad94cbdfde50,spielberg_RACE,throttle,bit_flip_low,detection,0.0064,True
1e6799a2c449,spielberg_RACE,tyre_pressure,bit_flip_high,detection,0.0049,True
82c7a614a925,spielberg_RACE,tyre_pressure,string_in_numeric,detection,0.0021,True
54886a8c41cb,spielberg_RACE,rpm,string_in_numeric,detection,0.0019,True
ec5f180cd05f,spielberg_RACE,engine_temp,null_value,detection,0.0031,True
b37b71ee8c6a,spielberg_RACE,tyre_pressure,duplicate_timestamp,detection,0.005,True
ac1d7538561e,spielberg_RACE,heart_rate,string_in_numeric,detection,0.002,True
fc9dc05fb73b,spielberg_RACE,throttle,duplicate_timestamp,detection,0.0035,True
74ec9fd29806,spielberg_RACE,g_force_lateral,sensor_dropout,detection,0.0033,True
32fda7431160,spielberg_RACE,rpm,null_value,detection,0.003,True
e5a3673fac6c,spielberg_RACE,heart_rate,bit_flip_high,detection,0.0073,True
a70cbeb6d8b5,spielberg_RACE,aero_load,string_in_numeric,detection,0.0022,True
67a6e01be3f4,spielberg_RACE,ecu_canbus_new,schema_drift,detection,0.0043,True
92077af74b0d,spielberg_RACE,speed,duplicate_timestamp,detection,0.0053,True
e0a621a35278,spielberg_RACE,heart_rate,bit_flip_high,detection,0.0069,True
3f82954468ae,spielberg_RACE,engine_temp,string_in_numeric,detection,0.0024,True
fb3affe74c92,spielberg_RACE,aero_load,sensor_dropout,detection,0.0043,True
a8fc02cadf87,spielberg_RACE,ecu_canbus,duplicate_timestamp,detection,0.0038,True
8b63f5bbd3be,spielberg_RACE,rpm,string_in_numeric,detection,0.0027,True
61fe40769bbb,spielberg_RACE,brake_temp,bit_flip_low,detection,0.0065,True
abb7afbf677a,spielberg_RACE,heart_rate,string_in_numeric,detection,0.0023,True
0149ed4f632e,spielberg_RACE,engine_temp,bit_flip_high,detection,0.0057,True
0878da40b654,spielberg_RACE,aero_load,null_value,detection,0.0032,True
61d32d1a33f9,spielberg_RACE,throttle,null_value,detection,0.0033,True
6e7606841f06,spielberg_RACE,tyre_pressure,bit_flip_low,detection,0.0053,True
af19a0a26756,spielberg_RACE,heart_rate,bit_flip_high,detection,0.0058,True
ba4b5e5accd5,spielberg_RACE,engine_temp,sensor_dropout,detection,0.0036,True
d6b73b560d1a,spielberg_RACE,g_force_lateral,bit_flip_high,detection,0.007,True
0bd6cfb96cb1,spielberg_RACE,tyre_pressure,sensor_dropout,detection,0.0047,True
91d293892bd0,spielberg_RACE,throttle,sensor_dropout,detection,0.003,True
b65a91bfb1b8,spielberg_RACE,aero_load_canbus,schema_drift,detection,0.0045,True
9c196a8dfda0,spielberg_RACE,heart_rate_raw,schema_drift,detection,0.0039,True
65bc39d0ff6b,spielberg_RACE,speed,duplicate_timestamp,detection,0.0039,True
e9eb11646e5d,spielberg_RACE,rpm,sensor_dropout,detection,0.0032,True
396d15ca7a0e,spielberg_RACE,throttle,string_in_numeric,detection,0.0019,True
8563e29fee24,spielberg_RACE,speed,duplicate_timestamp,detection,0.0035,True
fce85cf9d3e2,spielberg_RACE,throttle,null_value,detection,0.0033,True
4bc04ba2d988,spielberg_RACE,g_force_lateral,duplicate_timestamp,detection,0.0035,True
b1a6629619aa,spielberg_RACE,aero_load_v2,schema_drift,detection,0.0054,True
98f52fee997f,spielberg_RACE,heart_rate,duplicate_timestamp,detection,0.004,True
1d449e091080,spielberg_RACE,throttle,duplicate_timestamp,detection,0.0046,True
51932d8b9d9b,spielberg_RACE,tyre_pressure,duplicate_timestamp,detection,0.0044,True
58e2a14a3248,spielberg_RACE,heart_rate,bit_flip_low,detection,0.0075,True
8ced20458a72,spielberg_RACE,aero_load,sensor_dropout,detection,0.0037,True
dd8557cc7b9e,spielberg_RACE,g_force_lateral,bit_flip_high,detection,0.0054,True
754f04fccd61,spielberg_RACE,engine_temp,bit_flip_low,detection,0.0054,True
b3afc895a401,spielberg_RACE,speed,duplicate_timestamp,detection,0.0033,True
36b5b0e604cc,spielberg_RACE,aero_load,bit_flip_high,detection,0.0113,True
03c7fe37f006,spielberg_RACE,aero_load,bit_flip_low,detection,0.0077,True
3f38d8071dd1,spielberg_RACE,heart_rate,bit_flip_low,detection,0.0055,True
b4a2521ca411,spielberg_RACE,rpm,sensor_dropout,detection,0.0033,True
b7a8cbd0d74e,spielberg_RACE,aero_load_raw,schema_drift,detection,0.0052,True
0d30a048b4e1,spielberg_RACE,ecu_canbus,null_value,detection,0.0037,True
af6d33bed0c5,spielberg_RACE,rpm,null_value,detection,0.0045,True
44afc82d429f,spielberg_RACE,engine_temp_canbus,schema_drift,detection,0.0043,True
2df3e26aef8c,spielberg_RACE,speed,duplicate_timestamp,detection,0.0054,True
9b39f4e6adc6,spielberg_RACE,g_force_lateral,duplicate_timestamp,detection,0.0036,True
f4da26bd11eb,spielberg_RACE,brake_temp,bit_flip_high,detection,0.0067,True
f2b0c23dd615,spielberg_RACE,engine_temp,null_value,detection,0.0036,True
1a2f7690ea08,spielberg_RACE,speed,bit_flip_high,detection,0.0063,True
930b50edbc52,spielberg_RACE,rpm,null_value,detection,0.0076,True
a0913adb2e9e,spielberg_RACE,throttle,sensor_dropout,detection,0.0041,True
d6ebece56952,spielberg_RACE,engine_temp,null_value,detection,0.0039,True
d6feb8718cd9,spielberg_RACE,aero_load,string_in_numeric,detection,0.0056,True
ae4b39b1b841,spielberg_RACE,g_force_lateral_v2,schema_drift,detection,0.0045,True
ec9013dc3a95,spielberg_RACE,ecu_canbus,null_value,detection,0.0035,True
768c67267f34,spielberg_RACE,heart_rate,null_value,detection,0.0038,True
9177d45c062d,spielberg_RACE,throttle,null_value,detection,0.0034,True
ec2905899004,spielberg_RACE,ecu_canbus,duplicate_timestamp,detection,0.0042,True
9d4ce5874372,spielberg_RACE,brake_temp_raw,schema_drift,detection,0.0057,True
d6574267aeee,spielberg_RACE,heart_rate,bit_flip_low,detection,0.0084,True
18fe9a0b4210,spielberg_RACE,brake_temp,bit_flip_high,detection,0.0062,True
426cfdaa6d8e,spielberg_RACE,aero_load,duplicate_timestamp,detection,0.0039,True
338c8e014a06,spielberg_RACE,heart_rate,sensor_dropout,detection,0.0047,True
07736ccf64f7,spielberg_RACE,g_force_lateral,duplicate_timestamp,detection,0.0037,True
93d6cef2e6e2,spielberg_RACE,engine_temp,null_value,detection,0.0039,True
80a3520a08a7,spielberg_RACE,ecu_canbus,sensor_dropout,detection,0.0034,True
4995542a75cc,spielberg_RACE,rpm,duplicate_timestamp,detection,0.0037,True
1b0c7a0bc427,spielberg_RACE,engine_temp,string_in_numeric,detection,0.0023,True
6e8122bc89ad,spielberg_RACE,g_force_lateral,bit_flip_low,detection,0.0065,True
5461717ee5bc,spielberg_RACE,brake_temp,sensor_dropout,detection,0.0036,True
2094f4e7ad4d,spielberg_RACE,ecu_canbus,bit_flip_low,detection,0.0042,False
ceb13261a1bc,spielberg_RACE,ecu_canbus,bit_flip_high,detection,0.0063,True
ecc69899a1f4,spielberg_RACE,throttle,bit_flip_high,detection,0.0081,True
eb709f639b15,spielberg_RACE,g_force_lateral_v2,schema_drift,detection,0.0042,True
6ea1532338b2,spielberg_RACE,aero_load_canbus,schema_drift,detection,0.0108,True
bab0f872d121,spielberg_RACE,g_force_lateral,duplicate_timestamp,detection,0.0063,True
c5acb7185e78,spielberg_RACE,throttle,string_in_numeric,detection,0.0024,True
2921caf516fe,spielberg_RACE,brake_temp,null_value,detection,0.0103,True
9307332eef03,spielberg_RACE,aero_load,bit_flip_high,detection,0.0086,True
0cc8e1171637,spielberg_RACE,tyre_pressure,sensor_dropout,detection,0.0036,True
81cb332d643d,spielberg_RACE,g_force_lateral,duplicate_timestamp,detection,0.0039,True
9481517030e6,spielberg_RACE,ecu_canbus,null_value,detection,0.0032,True
a0d79fd3faea,spielberg_RACE,heart_rate,bit_flip_low,detection,0.007,True
cdfad0352e4f,spielberg_RACE,heart_rate,duplicate_timestamp,detection,0.0063,True
beec7310eeda,spielberg_RACE,engine_temp,bit_flip_high,detection,0.006,True
49b695b1b4ea,spielberg_RACE,g_force_lateral,string_in_numeric,detection,0.002,True
74401da3287e,spielberg_RACE,engine_temp,string_in_numeric,detection,0.0039,True
c0e3335088b9,spielberg_RACE,g_force_lateral,null_value,detection,0.0043,True
0cbf6fd88bf1,spielberg_RACE,rpm_raw,schema_drift,detection,0.0053,True
940644c2c005,spielberg_RACE,speed,bit_flip_low,detection,0.0117,True
52b4fb506073,spielberg_RACE,tyre_pressure,duplicate_timestamp,detection,0.0131,True
7fe81f4d82de,spielberg_RACE,tyre_pressure_canbus,schema_drift,detection,0.0079,True
821b9079b60b,spielberg_RACE,ecu_canbus,bit_flip_low,detection,0.0069,True
3c458805d8b4,spielberg_RACE,brake_temp,duplicate_timestamp,detection,0.0042,True
34ca27b1c3e1,spielberg_RACE,engine_temp,duplicate_timestamp,detection,0.0035,True
18c5eeeb3999,spielberg_RACE,tyre_pressure,bit_flip_high,detection,0.0058,True
6d0966c4366b,spielberg_RACE,speed,bit_flip_high,detection,0.0073,True
578602b9878a,spielberg_RACE,heart_rate,sensor_dropout,detection,0.0069,True
dfa488be06b5,spielberg_RACE,engine_temp,string_in_numeric,detection,0.0027,True
53ca604e5d0f,spielberg_RACE,g_force_lateral,bit_flip_high,detection,0.0068,True
3a4c2fdc385a,spielberg_RACE,ecu_canbus,string_in_numeric,detection,0.0023,True
f6fdaab08461,spielberg_RACE,brake_temp,bit_flip_high,detection,0.0058,True
0ef1960f3f21,spielberg_RACE,ecu_canbus,sensor_dropout,detection,0.0032,True
7889b58dae47,spielberg_RACE,brake_temp,bit_flip_low,detection,0.0062,True
8c9eb04b11df,spielberg_RACE,tyre_pressure_new,schema_drift,detection,0.0053,True
8cd58a0c84d5,spielberg_RACE,speed_new,schema_drift,detection,0.0044,True
a1c9810a14fd,spielberg_RACE,speed,sensor_dropout,detection,0.0036,True
007c0100fb3d,spielberg_RACE,g_force_lateral,bit_flip_high,detection,0.0063,True
307f092a29c2,spielberg_RACE,rpm_new,schema_drift,detection,0.0051,True
a1fd4ab7f8d4,spielberg_RACE,throttle,null_value,detection,0.0036,True
e96288baddb8,spielberg_RACE,aero_load,bit_flip_low,detection,0.0067,True
aaf4ed48bbb2,spielberg_RACE,g_force_lateral,duplicate_timestamp,detection,0.004,True
1659c6ea5b9a,silverstone_FP1,aero_load_raw,schema_drift,detection,0.0118,True
27498be1ecec,silverstone_FP1,ecu_canbus,bit_flip_low,detection,0.0058,True
5cdf129eefa4,silverstone_FP1,g_force_lateral,bit_flip_high,detection,0.0074,True
c537513a4db6,silverstone_FP1,speed,string_in_numeric,detection,0.0027,True
bd28beccc7b4,silverstone_FP1,tyre_pressure,sensor_dropout,detection,0.004,True
474071194e75,silverstone_FP1,ecu_canbus,sensor_dropout,detection,0.0037,True
0a560bcae7db,silverstone_FP1,heart_rate,string_in_numeric,detection,0.0021,True
5c050c084e38,silverstone_FP1,brake_temp,bit_flip_low,detection,0.0071,True
bc0319c0db38,silverstone_FP1,tyre_pressure,null_value,detection,0.0033,True
b4ea9d0c874d,silverstone_FP1,brake_temp,sensor_dropout,detection,0.0035,True
31b7c70da3d2,silverstone_FP1,speed,null_value,detection,0.0035,True
9935e3513dff,silverstone_FP1,rpm,bit_flip_low,detection,0.0074,True
fc72ac556ad1,silverstone_FP1,speed,bit_flip_low,detection,0.0073,True
1233464a9ffc,silverstone_FP1,g_force_lateral_new,schema_drift,detection,0.0047,True
a9c93c136394,silverstone_FP1,brake_temp,bit_flip_high,detection,0.01,True
eefd94894259,silverstone_FP1,engine_temp,sensor_dropout,detection,0.0036,True
a39020d6e895,silverstone_FP1,speed_v2,schema_drift,detection,0.0049,True
04e072d99fc6,silverstone_FP1,speed,duplicate_timestamp,detection,0.0044,True
441cdfa3cb3c,silverstone_FP1,aero_load,duplicate_timestamp,detection,0.0041,True
13c837eb63ce,silverstone_FP1,heart_rate,duplicate_timestamp,detection,0.0041,True
a5b0986d1f86,silverstone_FP1,g_force_lateral,bit_flip_low,detection,0.007,True
4d66a032e80a,silverstone_FP1,brake_temp,bit_flip_high,detection,0.0064,True
95cbcf98e797,silverstone_FP1,engine_temp,sensor_dropout,detection,0.0037,True
0a90d48b67ed,silverstone_FP1,aero_load,duplicate_timestamp,detection,0.0036,True
ed7e65b82dcc,silverstone_FP1,speed,sensor_dropout,detection,0.0031,True
21df351a3056,silverstone_FP1,aero_load,null_value,detection,0.0036,True
8a243d2e0505,silverstone_FP1,g_force_lateral_canbus,schema_drift,detection,0.0046,True
4d2c4198df97,silverstone_FP1,g_force_lateral,bit_flip_high,detection,0.0058,True
f2c711e8cf93,silverstone_FP1,brake_temp,sensor_dropout,detection,0.0037,True
fad104b914dc,silverstone_FP1,tyre_pressure,null_value,detection,0.003,True
153c20fd5f5f,silverstone_FP1,g_force_lateral,null_value,detection,0.0032,True
5befea062ac9,silverstone_FP1,rpm,duplicate_timestamp,detection,0.0035,True
a7dff786b579,silverstone_FP1,g_force_lateral,sensor_dropout,detection,0.005,True
9c3641e52ad3,silverstone_FP1,heart_rate,sensor_dropout,detection,0.0044,True
f41b27e95b15,silverstone_FP1,brake_temp,null_value,detection,0.005,True
94697532a15c,silverstone_FP1,tyre_pressure,string_in_numeric,detection,0.0027,True
00bf89398d04,silverstone_FP1,brake_temp_v2,schema_drift,detection,0.0049,True
c48cb9a97548,silverstone_FP1,engine_temp,duplicate_timestamp,detection,0.0043,True
1b398218e1fe,silverstone_FP1,throttle_new,schema_drift,detection,0.0051,True
995a19669b10,silverstone_FP1,throttle,sensor_dropout,detection,0.0037,True
feb059b679a4,silverstone_FP1,rpm,string_in_numeric,detection,0.0023,True
a8b8626c1299,silverstone_FP1,g_force_lateral,bit_flip_high,detection,0.0071,True
febf33574c58,silverstone_FP1,tyre_pressure,sensor_dropout,detection,0.0043,True
8dae9719b4c0,silverstone_FP1,tyre_pressure_v2,schema_drift,detection,0.0046,True
b3ae56b1ba73,silverstone_FP1,ecu_canbus_raw,schema_drift,detection,0.0045,True
80aaec23eea2,silverstone_FP1,speed,duplicate_timestamp,detection,0.005,True
f5ad7967134f,silverstone_FP1,aero_load,string_in_numeric,detection,0.0021,True
d4c861137df4,silverstone_FP1,brake_temp,bit_flip_low,detection,0.0066,True
ea6c676e76ee,silverstone_FP1,engine_temp_alt,schema_drift,detection,0.0041,True
37b33a6d1d18,silverstone_FP1,g_force_lateral,duplicate_timestamp,detection,0.0043,True
ad3ea3ca9eaa,silverstone_FP1,throttle,sensor_dropout,detection,0.0033,True
f54f4b3bc252,silverstone_FP1,aero_load,duplicate_timestamp,detection,0.0037,True
35aae5917eac,silverstone_FP1,ecu_canbus,sensor_dropout,detection,0.0044,True
3ba4da2904aa,silverstone_FP1,brake_temp,bit_flip_high,detection,0.0066,True
35d51698c191,silverstone_FP1,heart_rate,string_in_numeric,detection,0.0022,True
a123fe10cf42,silverstone_FP1,throttle,duplicate_timestamp,detection,0.0043,True
b80f95baa497,silverstone_FP1,speed,null_value,detection,0.0075,True
700f3bc58997,silverstone_FP1,aero_load,bit_flip_high,detection,0.0133,True
92bdfb514cd3,silverstone_FP1,g_force_lateral,sensor_dropout,detection,0.0039,True
bcf39f8d5b28,silverstone_FP1,throttle,bit_flip_high,detection,0.0075,True
4d852fe1329c,silverstone_FP1,brake_temp,sensor_dropout,detection,0.0043,True
965e403c0245,silverstone_FP1,g_force_lateral_v2,schema_drift,detection,0.005,True
ef77f714269d,silverstone_FP1,tyre_pressure,bit_flip_low,detection,0.0095,True
3728d2070b19,silverstone_FP1,engine_temp,bit_flip_low,detection,0.0066,True
d560523c1160,silverstone_FP1,aero_load,bit_flip_high,detection,0.0184,True
1446da5fc81f,silverstone_FP1,engine_temp,bit_flip_high,detection,0.0058,True
5ccede6275c7,silverstone_FP1,g_force_lateral,bit_flip_high,detection,0.0068,True
63da6e646fc7,silverstone_FP1,heart_rate,duplicate_timestamp,detection,0.005,True
08d720607524,silverstone_FP1,speed,duplicate_timestamp,detection,0.0041,True
66eede44978f,silverstone_FP1,throttle,bit_flip_low,detection,0.0067,True
e193bfbd015f,silverstone_FP1,engine_temp,bit_flip_high,detection,0.0058,True
a07c992ddcdd,silverstone_FP1,aero_load,bit_flip_high,detection,0.0056,True
a65395be2a46,silverstone_FP1,ecu_canbus,sensor_dropout,detection,0.0041,True
7ef077876a04,silverstone_FP1,brake_temp,string_in_numeric,detection,0.0024,True
91f9a2c190ae,silverstone_FP1,speed_raw,schema_drift,detection,0.0043,True
ff92a3fbb52a,silverstone_FP1,engine_temp,bit_flip_high,detection,0.0054,True
6c82a486ae46,silverstone_FP1,speed,duplicate_timestamp,detection,0.0052,True
a5b2a2552b51,silverstone_FP1,aero_load,null_value,detection,0.0078,True
a94e3bc3bb7f,silverstone_FP1,rpm,duplicate_timestamp,detection,0.004,True
7d3e24220751,silverstone_FP1,tyre_pressure,sensor_dropout,detection,0.0041,True
a17aea280eea,silverstone_FP1,engine_temp_new,schema_drift,detection,0.0039,True
83f17a27f29d,silverstone_FP1,ecu_canbus,null_value,detection,0.003,True
129f806a57df,silverstone_FP1,rpm,bit_flip_high,detection,0.0065,True
4d1154c428bd,silverstone_FP1,ecu_canbus,sensor_dropout,detection,0.0039,True
761be2fcacd7,silverstone_FP1,tyre_pressure,duplicate_timestamp,detection,0.0048,True
16c9a80e3cf1,silverstone_FP1,speed_canbus,schema_drift,detection,0.0047,True
60358de15ffc,silverstone_FP1,brake_temp,string_in_numeric,detection,0.0025,True
241e44be9578,silverstone_FP1,engine_temp,bit_flip_low,detection,0.0067,True
dce9dcf508b9,silverstone_FP1,tyre_pressure,bit_flip_low,detection,0.006,True
eb7988dcf4f3,silverstone_FP1,heart_rate,bit_flip_low,detection,0.0062,True
1768f5caaab1,silverstone_FP1,brake_temp,sensor_dropout,detection,0.0039,True
eed76efd962f,silverstone_FP1,heart_rate,null_value,detection,0.0049,True
31bfa4f9afe6,silverstone_FP1,throttle,bit_flip_low,detection,0.0065,True
07833f513596,silverstone_FP1,g_force_lateral,bit_flip_high,detection,0.0058,True
b71931206686,silverstone_FP1,ecu_canbus_v2,schema_drift,detection,0.0043,True
54a1eb86a8c4,silverstone_FP1,engine_temp,string_in_numeric,detection,0.0024,True
44edd9768d12,silverstone_FP1,engine_temp_raw,schema_drift,detection,0.004,True
28740fec0d94,silverstone_FP1,tyre_pressure,bit_flip_high,detection,0.0089,True
27678d865084,silverstone_FP1,speed,null_value,detection,0.0037,True
361da9f31983,silverstone_FP1,tyre_pressure_raw,schema_drift,detection,0.0043,True
6280fe7c9b82,silverstone_FP1,speed,string_in_numeric,detection,0.0022,True
8be01666cabc,silverstone_FP1,rpm,null_value,detection,0.0038,True
3a7598f34fa1,silverstone_FP1,aero_load,null_value,detection,0.0035,True
8dcb650f9a23,silverstone_FP1,engine_temp_new,schema_drift,detection,0.0044,True
18f02511517d,silverstone_FP1,g_force_lateral,bit_flip_high,detection,0.0063,True
4edd193789e3,silverstone_FP1,heart_rate,bit_flip_high,detection,0.0077,True
027a065dd6e2,silverstone_FP1,rpm,sensor_dropout,detection,0.0035,True
4d13f4647c24,silverstone_FP1,aero_load,bit_flip_low,detection,0.0054,True
9f2b76d1b055,silverstone_FP1,heart_rate,duplicate_timestamp,detection,0.005,True
2bf2c715aaad,silverstone_FP1,g_force_lateral,bit_flip_high,detection,0.0084,True
b5023dd0a8d9,silverstone_FP1,rpm,bit_flip_low,detection,0.0073,True
74d7f56d6eb0,silverstone_FP1,rpm,bit_flip_high,detection,0.0065,True
0ebd943c3fde,silverstone_FP1,engine_temp,bit_flip_high,detection,0.0052,True
9b5008a0f368,silverstone_FP1,aero_load,bit_flip_high,detection,0.0129,True
188ba98cc2d9,silverstone_FP1,throttle,sensor_dropout,detection,0.0035,True
956f0f973355,silverstone_FP1,g_force_lateral,bit_flip_low,detection,0.0056,True
76243fae863e,silverstone_FP1,brake_temp,string_in_numeric,detection,0.003,True
0729a03a5cd0,silverstone_FP1,aero_load,sensor_dropout,detection,0.0035,True
40f19182f302,silverstone_FP1,tyre_pressure,string_in_numeric,detection,0.0021,True
8634ebd096a6,silverstone_FP1,throttle_raw,schema_drift,detection,0.0043,True
0b465f9a9550,silverstone_FP1,aero_load,bit_flip_high,detection,0.0115,True
52878d3eb3c7,silverstone_FP1,ecu_canbus,duplicate_timestamp,detection,0.0041,True
baf132c103d8,silverstone_FP1,rpm,null_value,detection,0.0039,True
6caf599ebe89,silverstone_FP1,throttle_new,schema_drift,detection,0.0047,True
4d2228939534,silverstone_FP1,heart_rate,duplicate_timestamp,detection,0.0036,True
752252cdc51c,silverstone_FP1,aero_load,duplicate_timestamp,detection,0.0049,True
c0012b7bec74,silverstone_FP1,throttle_v2,schema_drift,detection,0.0046,True
fee3d4f4c0f4,silverstone_FP1,brake_temp,string_in_numeric,detection,0.0023,True
37a58a8f0274,silverstone_FP1,g_force_lateral,duplicate_timestamp,detection,0.0037,True
e21a42c1ec3a,silverstone_FP1,rpm,duplicate_timestamp,detection,0.0037,True
df7e147fdee7,silverstone_FP1,engine_temp,string_in_numeric,detection,0.0024,True
6e40cb9f6294,silverstone_FP1,g_force_lateral,string_in_numeric,detection,0.0024,True
800e407d8911,silverstone_FP1,rpm,string_in_numeric,detection,0.002,True
9146285cd21c,silverstone_FP1,ecu_canbus,sensor_dropout,detection,0.0037,True
f503a55532ef,silverstone_FP1,heart_rate,bit_flip_low,detection,0.0063,True
0ea2f614ba27,silverstone_FP1,g_force_lateral,string_in_numeric,detection,0.0021,True
bfbb0ce1dfc1,silverstone_FP1,ecu_canbus_raw,schema_drift,detection,0.0042,True
b8f44debb354,silverstone_FP1,ecu_canbus,duplicate_timestamp,detection,0.0044,True
13c03ddef677,silverstone_FP1,rpm,bit_flip_high,detection,0.0066,True
9a668c201801,silverstone_FP1,tyre_pressure,null_value,detection,0.0029,True
7dc3bd91fd38,silverstone_FP1,brake_temp,bit_flip_low,detection,0.005,True
6daea503b7de,silverstone_FP1,engine_temp_alt,schema_drift,detection,0.0143,True
0d28900cd71d,silverstone_FP1,aero_load,null_value,detection,0.006,True
e0031e419fb0,silverstone_FP1,heart_rate,duplicate_timestamp,detection,0.0037,True
6ac1f2fa1396,silverstone_FP1,heart_rate_alt,schema_drift,detection,0.0042,True
db610a549a4f,silverstone_FP1,heart_rate,string_in_numeric,detection,0.0025,True
8ac365ee64dd,silverstone_FP1,speed,null_value,detection,0.004,True
016644e51ffc,silverstone_FP1,speed,string_in_numeric,detection,0.0022,True
130d47e5acda,silverstone_FP1,aero_load,bit_flip_high,detection,0.0067,True
deee1e66d746,silverstone_FP1,throttle,sensor_dropout,detection,0.0032,True
8ee900c29960,silverstone_FP1,speed,null_value,detection,0.003,True
faece286efae,silverstone_FP1,tyre_pressure,sensor_dropout,detection,0.0052,True
7c63b1c73bed,silverstone_FP1,ecu_canbus,bit_flip_low,detection,0.0078,True
a723fe49f6a5,silverstone_FP1,tyre_pressure,string_in_numeric,detection,0.0023,True
20aaac0a1c93,silverstone_FP1,ecu_canbus,duplicate_timestamp,detection,0.0055,True
b55f1270edb6,silverstone_FP1,heart_rate_alt,schema_drift,detection,0.0044,True
82b4b691593a,silverstone_FP1,speed_new,schema_drift,detection,0.0044,True
3bfb14bf3e99,silverstone_FP1,tyre_pressure,string_in_numeric,detection,0.0021,True
164409f884d3,silverstone_FP1,ecu_canbus,null_value,detection,0.0037,True
3f164a79d51e,silverstone_FP1,throttle,bit_flip_high,detection,0.006,True
b5868277acd8,silverstone_FP1,heart_rate,bit_flip_low,detection,0.0065,True
63bf5b87f679,silverstone_FP1,engine_temp_v2,schema_drift,detection,0.004,True
bad502bcee3a,silverstone_FP1,speed,bit_flip_low,detection,0.0078,True
67169fa35fda,silverstone_FP1,rpm,null_value,detection,0.0043,True
0baa27273e13,silverstone_FP1,throttle,duplicate_timestamp,detection,0.0036,True
fd3e4c70bb4d,silverstone_FP1,rpm,bit_flip_high,detection,0.007,True
5a7ed7b8806d,silverstone_FP1,rpm,bit_flip_low,detection,0.0082,True
fafe77b79d81,silverstone_FP1,throttle,bit_flip_high,detection,0.0066,True
50bdeacb5e87,silverstone_FP1,speed,bit_flip_low,detection,0.0076,True
3497e3bc2a73,silverstone_FP1,throttle,duplicate_timestamp,detection,0.0039,True
b7f95fe44727,silverstone_FP1,throttle,sensor_dropout,detection,0.0038,True
9b13da88820f,silverstone_FP1,engine_temp,sensor_dropout,detection,0.0036,True
2608b9128211,silverstone_FP1,rpm_new,schema_drift,detection,0.0047,True
aaba5c3a1a49,silverstone_FP1,tyre_pressure,bit_flip_high,detection,0.0059,True
2cec0d74aaf2,silverstone_FP1,brake_temp_new,schema_drift,detection,0.0044,True
d83ac3bba84b,silverstone_FP1,engine_temp,bit_flip_high,detection,0.0067,True
b99044f5a84b,silverstone_FP1,ecu_canbus_v2,schema_drift,detection,0.0042,True
0efc7e0d7d06,silverstone_FP1,aero_load,null_value,detection,0.004,True
f61488ff76cd,silverstone_FP1,ecu_canbus_alt,schema_drift,detection,0.0047,True
2ae4d6383e02,silverstone_FP1,rpm,sensor_dropout,detection,0.0036,True
2512a0c80fc9,silverstone_FP1,brake_temp,string_in_numeric,detection,0.0026,True
92877756f75a,silverstone_FP1,rpm,duplicate_timestamp,detection,0.004,True
f51c2ed0653d,silverstone_FP1,aero_load,sensor_dropout,detection,0.0039,True
677b0d11606c,silverstone_FP1,ecu_canbus_alt,schema_drift,detection,0.0047,True
77093c7046d5,silverstone_FP1,heart_rate,bit_flip_high,detection,0.006,True
654703f254c5,silverstone_FP1,brake_temp,null_value,detection,0.0033,True
12eb8bb69a2f,silverstone_FP1,tyre_pressure,duplicate_timestamp,detection,0.0042,True
0edeebc85582,silverstone_FP1,heart_rate,bit_flip_low,detection,0.0066,True
6f14f3a6c1b0,silverstone_FP1,engine_temp,duplicate_timestamp,detection,0.0041,True
a61fa4036d10,silverstone_FP1,g_force_lateral,null_value,detection,0.0035,True
1ef009746190,silverstone_FP1,engine_temp,bit_flip_high,detection,0.0063,True
5d237f706665,silverstone_FP1,aero_load,null_value,detection,0.006,True
ec00fd0671d4,silverstone_FP1,engine_temp_canbus,schema_drift,detection,0.0064,True
d3ec7020ba9b,silverstone_FP1,tyre_pressure_alt,schema_drift,detection,0.0045,True
238050b5bcdd,silverstone_FP1,rpm,bit_flip_low,detection,0.0072,True
d2ea68324c88,silverstone_FP1,throttle_v2,schema_drift,detection,0.0063,True
65173c448ff5,silverstone_FP1,speed,string_in_numeric,detection,0.0022,True
9fac65772563,silverstone_FP1,speed,null_value,detection,0.0035,True
971198da0996,silverstone_FP1,rpm,duplicate_timestamp,detection,0.0037,True
654d75e28a8a,silverstone_FP1,heart_rate,sensor_dropout,detection,0.0071,True
4f8035152d59,silverstone_FP1,aero_load,string_in_numeric,detection,0.0044,True
6081d1f6c80f,silverstone_FP1,ecu_canbus,null_value,detection,0.0036,True
eed544278423,silverstone_FP1,heart_rate,sensor_dropout,detection,0.0031,True
f81833a1dec9,silverstone_FP1,engine_temp,null_value,detection,0.0029,True
d3cfb6995dba,silverstone_FP1,aero_load,sensor_dropout,detection,0.0034,True
25f2bd9c459d,silverstone_FP1,aero_load_raw,schema_drift,detection,0.0045,True
26e0a6c428b2,silverstone_FP1,tyre_pressure,duplicate_timestamp,detection,0.0039,True
e2994dd4e527,silverstone_FP1,tyre_pressure_raw,schema_drift,detection,0.0042,True
06591fdd0bdc,silverstone_FP1,brake_temp,string_in_numeric,detection,0.002,True
9efd290e1abd,silverstone_FP1,engine_temp,null_value,detection,0.0036,True
e7b657d2bf60,silverstone_FP1,g_force_lateral,bit_flip_high,detection,0.0068,True
568e04625b2e,silverstone_FP2,brake_temp,duplicate_timestamp,detection,0.0041,True
e5b1b3566651,silverstone_FP2,throttle,string_in_numeric,detection,0.0022,True
11bca97966ae,silverstone_FP2,heart_rate,duplicate_timestamp,detection,0.0036,True
5c810208011e,silverstone_FP2,rpm,string_in_numeric,detection,0.0023,True
e824f2d94814,silverstone_FP2,tyre_pressure,bit_flip_low,detection,0.0106,True
52fcf8cc249b,silverstone_FP2,rpm_canbus,schema_drift,detection,0.005,True
10ff939efade,silverstone_FP2,rpm,bit_flip_high,detection,0.0074,True
5131c6ca9e2a,silverstone_FP2,g_force_lateral,bit_flip_high,detection,0.0054,True
ff1a0f71ce0b,silverstone_FP2,speed,bit_flip_low,detection,0.0058,True
cf87bc6519a2,silverstone_FP2,engine_temp,bit_flip_high,detection,0.0069,True
c31bf58f080f,silverstone_FP2,ecu_canbus_raw,schema_drift,detection,0.0046,True
dc6c46e6a370,silverstone_FP2,aero_load_alt,schema_drift,detection,0.0088,True
1adc041ba62e,silverstone_FP2,heart_rate,bit_flip_low,detection,0.0061,True
d6fcdb632dc5,silverstone_FP2,aero_load,bit_flip_high,detection,0.0061,True
c0da7b5a52e9,silverstone_FP2,g_force_lateral_new,schema_drift,detection,0.0049,True
7e425ef65a2b,silverstone_FP2,rpm_v2,schema_drift,detection,0.0049,True
03c7e7b4d4ee,silverstone_FP2,throttle,bit_flip_high,detection,0.0073,True
72d855a183e8,silverstone_FP2,speed,bit_flip_low,detection,0.0083,True
b2dd81e6fbd2,silverstone_FP2,g_force_lateral,bit_flip_low,detection,0.0071,True
5d57caf97a7c,silverstone_FP2,brake_temp,duplicate_timestamp,detection,0.0037,True
1328c5989afb,silverstone_FP2,engine_temp,bit_flip_low,detection,0.0052,True
6a2023c0703b,silverstone_FP2,engine_temp,duplicate_timestamp,detection,0.0042,True
e1b119a36ad7,silverstone_FP2,heart_rate,string_in_numeric,detection,0.0021,True
f70088fdb1b9,silverstone_FP2,rpm,null_value,detection,0.0036,True
431fb1a8b85c,silverstone_FP2,rpm,bit_flip_low,detection,0.0099,True
cc3e07ca8fe6,silverstone_FP2,throttle,sensor_dropout,detection,0.0048,True
d6d720267930,silverstone_FP2,ecu_canbus,sensor_dropout,detection,0.0039,True
380a2b4a912b,silverstone_FP2,ecu_canbus,bit_flip_low,detection,0.0061,True
9e3246f5a998,silverstone_FP2,rpm_raw,schema_drift,detection,0.0048,True
f9719ea35082,silverstone_FP2,heart_rate,null_value,detection,0.0034,True
885abacb9ad7,silverstone_FP2,speed,bit_flip_high,detection,0.0058,True
ab2178a725c2,silverstone_FP2,rpm,bit_flip_high,detection,0.0064,True
dbec182cabd5,silverstone_FP2,speed,bit_flip_high,detection,0.0063,True
24be25429205,silverstone_FP2,rpm,duplicate_timestamp,detection,0.0038,True
5a605930fbf1,silverstone_FP2,aero_load,null_value,detection,0.0144,True
11f3f11efeaa,silverstone_FP2,tyre_pressure,null_value,detection,0.0071,True
b7e64b9042d0,silverstone_FP2,speed,sensor_dropout,detection,0.0035,True
b035cf961218,silverstone_FP2,rpm,sensor_dropout,detection,0.0039,True
1f24c83b9b59,silverstone_FP2,throttle,sensor_dropout,detection,0.0031,True
0264d4bf3350,silverstone_FP2,engine_temp,string_in_numeric,detection,0.0027,True
1435cf82d5b0,silverstone_FP2,g_force_lateral,null_value,detection,0.0033,True
eb20e3fcdd84,silverstone_FP2,tyre_pressure,null_value,detection,0.0062,True
c4b5dc3e4c4c,silverstone_FP2,tyre_pressure,duplicate_timestamp,detection,0.0041,True
a0bb25fe2d56,silverstone_FP2,throttle,string_in_numeric,detection,0.0025,True
270540948d6b,silverstone_FP2,ecu_canbus_canbus,schema_drift,detection,0.0062,True
18e20fface20,silverstone_FP2,g_force_lateral_v2,schema_drift,detection,0.0043,True
9192cc7ffd00,silverstone_FP2,g_force_lateral,duplicate_timestamp,detection,0.0052,True
fd12ed5ccf31,silverstone_FP2,speed,sensor_dropout,detection,0.0038,True
223123e5e3b3,silverstone_FP2,tyre_pressure,null_value,detection,0.0031,True
c7432dcbe729,silverstone_FP2,throttle,duplicate_timestamp,detection,0.0036,True
74ee3d1db92a,silverstone_FP2,heart_rate,string_in_numeric,detection,0.0021,True
81fdada85318,silverstone_FP2,speed,duplicate_timestamp,detection,0.0035,True
be695a62639c,silverstone_FP2,heart_rate_canbus,schema_drift,detection,0.0049,True
451c356dd3a0,silverstone_FP2,tyre_pressure,bit_flip_high,detection,0.0067,True
5793aa5ad0cb,silverstone_FP2,ecu_canbus_v2,schema_drift,detection,0.0057,True
5fef56359cc7,silverstone_FP2,throttle_canbus,schema_drift,detection,0.0042,True
1d9608333c81,silverstone_FP2,speed,null_value,detection,0.0051,True
2f396a8bebeb,silverstone_FP2,g_force_lateral,null_value,detection,0.0032,True
dc827531c7a1,silverstone_FP2,throttle,null_value,detection,0.0029,True
32e82a28d8b9,silverstone_FP2,heart_rate,duplicate_timestamp,detection,0.0033,True
183243ad1b98,silverstone_FP2,rpm,bit_flip_high,detection,0.0073,True
3dfa8855e95d,silverstone_FP2,throttle,string_in_numeric,detection,0.0021,True
04a197155151,silverstone_FP2,aero_load,sensor_dropout,detection,0.0038,True
3022960b0ab7,silverstone_FP2,g_force_lateral_alt,schema_drift,detection,0.005,True
e67b1f456b5a,silverstone_FP2,throttle,bit_flip_high,detection,0.0078,True
1ed125acb0c4,silverstone_FP2,g_force_lateral,duplicate_timestamp,detection,0.0039,True
148a65225d2a,silverstone_FP2,aero_load,sensor_dropout,detection,0.0035,True
98ead203edc5,silverstone_FP2,ecu_canbus,sensor_dropout,detection,0.0034,True
a8155dc0cbc2,silverstone_FP2,throttle,string_in_numeric,detection,0.0025,True
8d231ca024d7,silverstone_FP2,speed,bit_flip_high,detection,0.0087,True
66add06a3246,silverstone_FP2,engine_temp,duplicate_timestamp,detection,0.0048,True
053bdd586079,silverstone_FP2,throttle,duplicate_timestamp,detection,0.0044,True
93babd32a65c,silverstone_FP2,aero_load,null_value,detection,0.0033,True
d05559177167,silverstone_FP2,speed,duplicate_timestamp,detection,0.0035,True
22feff44c29c,silverstone_FP2,aero_load,duplicate_timestamp,detection,0.004,True
2d9e822324bc,silverstone_FP2,tyre_pressure_canbus,schema_drift,detection,0.0046,True
45fd479c9814,silverstone_FP2,heart_rate_v2,schema_drift,detection,0.0044,True
f6edd478919a,silverstone_FP2,speed_v2,schema_drift,detection,0.0045,True
f62d4a3b03f0,silverstone_FP2,brake_temp,duplicate_timestamp,detection,0.0038,True
7f53c070e703,silverstone_FP2,tyre_pressure,bit_flip_low,detection,0.0062,True
daa28be86c46,silverstone_FP2,speed,bit_flip_high,detection,0.006,True
6d0f80549f5e,silverstone_FP2,g_force_lateral,null_value,detection,0.0041,True
8c047639c5be,silverstone_FP2,rpm,bit_flip_low,detection,0.0074,True
2699080db89b,silverstone_FP2,tyre_pressure,sensor_dropout,detection,0.0053,True
93899c446cd9,silverstone_FP2,speed,null_value,detection,0.0031,True
cd3d7744f674,silverstone_FP2,aero_load_alt,schema_drift,detection,0.0042,True
173d1ccf37ee,silverstone_FP2,ecu_canbus,null_value,detection,0.0031,True
c88cd831a45c,silverstone_FP2,rpm,string_in_numeric,detection,0.0019,True
e006e201027d,silverstone_FP2,rpm_canbus,schema_drift,detection,0.005,True
b7c8122d77cc,silverstone_FP2,throttle,bit_flip_low,detection,0.006,True
6dac090e4504,silverstone_FP2,engine_temp_canbus,schema_drift,detection,0.0043,True
07842cb9fe3b,silverstone_FP2,ecu_canbus,sensor_dropout,detection,0.0041,True
1f5635f9fc68,silverstone_FP2,engine_temp,null_value,detection,0.0031,True
1af4d0603c3d,silverstone_FP2,heart_rate_new,schema_drift,detection,0.0045,True
cc4f09b86e71,silverstone_FP2,g_force_lateral,duplicate_timestamp,detection,0.0035,True
a9c0d9ee5f26,silverstone_FP2,throttle,duplicate_timestamp,detection,0.0044,True
ed3a04121662,silverstone_FP2,throttle,duplicate_timestamp,detection,0.0039,True
14c25e9d45ab,silverstone_FP2,engine_temp_raw,schema_drift,detection,0.0043,True
98ca398fd91b,silverstone_FP2,rpm,string_in_numeric,detection,0.0035,True
5db065e3186f,silverstone_FP2,engine_temp,string_in_numeric,detection,0.0025,True
3259fc6241f0,silverstone_FP2,ecu_canbus,duplicate_timestamp,detection,0.0047,True
fb43ecdffd4b,silverstone_FP2,brake_temp,sensor_dropout,detection,0.0035,True
0e6a84057b05,silverstone_FP2,rpm,string_in_numeric,detection,0.0021,True
ec0df3e11151,silverstone_FP2,brake_temp,duplicate_timestamp,detection,0.0037,True
e763b93fb78e,silverstone_FP2,tyre_pressure_v2,schema_drift,detection,0.0047,True
ce61f9701a21,silverstone_FP2,g_force_lateral,null_value,detection,0.0051,True
315e2296619e,silverstone_FP2,speed,null_value,detection,0.0036,True
b950d11ea2b6,silverstone_FP2,ecu_canbus,sensor_dropout,detection,0.0039,True
3d42c0c07b11,silverstone_FP2,tyre_pressure,bit_flip_low,detection,0.0067,True
4dda3b0fe808,silverstone_FP2,speed_raw,schema_drift,detection,0.0046,True
d4002706e69c,silverstone_FP2,engine_temp,duplicate_timestamp,detection,0.0037,True
294e0df0c92d,silverstone_FP2,ecu_canbus,duplicate_timestamp,detection,0.0054,True
d5b0b10c0b85,silverstone_FP2,engine_temp,bit_flip_high,detection,0.0066,True
b5dd29861818,silverstone_FP2,ecu_canbus,sensor_dropout,detection,0.0035,True
d9bfd0a46610,silverstone_FP2,speed,duplicate_timestamp,detection,0.0058,True
c8f38c33bd91,silverstone_FP2,tyre_pressure,bit_flip_high,detection,0.006,True
d2b84b54e8e3,silverstone_FP2,tyre_pressure,bit_flip_high,detection,0.0078,True
338a7e89b716,silverstone_FP2,g_force_lateral,bit_flip_high,detection,0.0062,True
122a9b269a1d,silverstone_FP2,brake_temp,sensor_dropout,detection,0.0042,True
b86d30a262f6,silverstone_FP2,tyre_pressure,bit_flip_low,detection,0.0059,True
0232eb32f817,silverstone_FP2,heart_rate,bit_flip_low,detection,0.0052,True
e254fafa8411,silverstone_FP2,g_force_lateral,bit_flip_high,detection,0.0052,True
954a51cce4b0,silverstone_FP2,throttle,duplicate_timestamp,detection,0.0038,True
215cfe7b6533,silverstone_FP2,g_force_lateral,sensor_dropout,detection,0.0061,True
ad094afcbfbf,silverstone_FP2,throttle,duplicate_timestamp,detection,0.0037,True
fb88b0de1345,silverstone_FP2,g_force_lateral,bit_flip_high,detection,0.0053,True
f533343009ef,silverstone_FP2,throttle,string_in_numeric,detection,0.0023,True
30173af88bf8,silverstone_FP2,tyre_pressure,string_in_numeric,detection,0.0018,True
bfec9d734fe1,silverstone_FP2,g_force_lateral,duplicate_timestamp,detection,0.0045,True
a3b346095f4a,silverstone_FP2,aero_load,string_in_numeric,detection,0.0049,True
e439188fd33c,silverstone_FP2,heart_rate,sensor_dropout,detection,0.004,True
78a34bd89ac2,silverstone_FP2,tyre_pressure,bit_flip_high,detection,0.0063,True
81525c602ff9,silverstone_FP2,g_force_lateral_new,schema_drift,detection,0.0044,True
51785e8643ff,silverstone_FP2,heart_rate,bit_flip_low,detection,0.006,True
425ae829f21b,silverstone_FP2,heart_rate,duplicate_timestamp,detection,0.0042,True
9f1d5ccb87f9,silverstone_FP2,g_force_lateral_raw,schema_drift,detection,0.0051,True
84e3551b74db,silverstone_FP2,rpm_raw,schema_drift,detection,0.0046,True
c617c738ef26,silverstone_FP2,rpm,null_value,detection,0.0038,True
f9e0dcf8a461,silverstone_FP2,heart_rate,string_in_numeric,detection,0.0021,True
f800e94274cb,silverstone_FP2,g_force_lateral,sensor_dropout,detection,0.0032,True
6b557cda1ab5,silverstone_FP2,engine_temp,sensor_dropout,detection,0.0035,True
cbaf72b954aa,silverstone_FP2,aero_load,bit_flip_low,detection,0.0164,True
4454dbfe28c2,silverstone_FP2,rpm,sensor_dropout,detection,0.0037,True
34d57e4acf48,silverstone_FP2,aero_load,duplicate_timestamp,detection,0.0039,True
e91823cd0724,silverstone_FP2,tyre_pressure,sensor_dropout,detection,0.0034,True
c9ded0d100e8,silverstone_FP2,throttle,bit_flip_high,detection,0.0068,True
2a4c81868434,silverstone_FP2,aero_load,sensor_dropout,detection,0.0059,True
21359537b587,silverstone_FP2,heart_rate,null_value,detection,0.0033,True
61fa061c600d,silverstone_FP2,speed,bit_flip_high,detection,0.0069,True
c1ae0268c891,silverstone_FP2,throttle,null_value,detection,0.0041,True
7e82fa2f8b81,silverstone_FP2,brake_temp,bit_flip_high,detection,0.0064,True
7621b92b3844,silverstone_FP2,aero_load,bit_flip_low,detection,0.0053,True
be4f0618b694,silverstone_FP2,brake_temp,duplicate_timestamp,detection,0.0043,True
a534c21b7ec2,silverstone_FP2,ecu_canbus,bit_flip_high,detection,0.0097,True
8b10200247f2,silverstone_FP2,heart_rate,string_in_numeric,detection,0.0027,True
74f41b0f85a5,silverstone_FP2,heart_rate,bit_flip_low,detection,0.0057,True
c5359aa3e535,silverstone_FP2,g_force_lateral,bit_flip_low,detection,0.0051,True
4ae216ea91d0,silverstone_FP2,tyre_pressure,bit_flip_high,detection,0.0067,True
c29a4e1a380b,silverstone_FP2,throttle,bit_flip_high,detection,0.0068,True
675e05e54072,silverstone_FP2,rpm,null_value,detection,0.0035,True
ab9e2cc2623b,silverstone_FP2,g_force_lateral_raw,schema_drift,detection,0.0052,True
1e92ba7607e0,silverstone_FP2,throttle,bit_flip_high,detection,0.0059,True
b6fdb0dc96f3,silverstone_FP2,g_force_lateral_alt,schema_drift,detection,0.0048,True
3d5faa71836e,silverstone_FP2,speed,sensor_dropout,detection,0.0048,True
5764a08d063a,silverstone_FP2,tyre_pressure,duplicate_timestamp,detection,0.0056,True
1cc534fc8c56,silverstone_FP2,brake_temp_raw,schema_drift,detection,0.0043,True
3a2f2b315ddd,silverstone_FP2,engine_temp,bit_flip_high,detection,0.0066,True
402689365a46,silverstone_FP2,tyre_pressure_canbus,schema_drift,detection,0.0045,True
f0f170e54a5f,silverstone_FP2,speed_new,schema_drift,detection,0.0045,True
584495b42e79,silverstone_FP2,throttle,duplicate_timestamp,detection,0.022,True
a150199ed66b,silverstone_FP2,rpm,null_value,detection,0.0035,True
824de002afda,silverstone_FP2,rpm,string_in_numeric,detection,0.0024,True
b88b7521ae76,silverstone_FP2,aero_load,sensor_dropout,detection,0.0034,True
3ae397f41c32,silverstone_FP2,engine_temp,duplicate_timestamp,detection,0.0038,True
412a8a5851d5,silverstone_FP2,g_force_lateral,duplicate_timestamp,detection,0.0039,True
8c487b435d8f,silverstone_FP2,throttle,null_value,detection,0.0035,True
86e148eee90d,silverstone_FP2,throttle,null_value,detection,0.0032,True
d5413db3184b,silverstone_FP2,g_force_lateral,bit_flip_high,detection,0.0053,True
f9e72a367760,silverstone_FP2,speed,null_value,detection,0.003,True
4c1dd8fdf5a5,silverstone_FP2,heart_rate,null_value,detection,0.0036,True
826209e7ee48,silverstone_FP2,brake_temp_v2,schema_drift,detection,0.0057,True
d6aa1e713799,silverstone_FP2,g_force_lateral,string_in_numeric,detection,0.0022,True
83ccdb266982,silverstone_FP2,throttle_raw,schema_drift,detection,0.0042,True
b2a90c884dff,silverstone_FP2,heart_rate,null_value,detection,0.0044,True
fe6ec9e8a113,silverstone_FP2,brake_temp_v2,schema_drift,detection,0.0038,True
5f016c56f5f0,silverstone_FP2,brake_temp,bit_flip_high,detection,0.0066,True
b3810c2f3370,silverstone_FP2,ecu_canbus,sensor_dropout,detection,0.0034,True
1116b036ae52,silverstone_FP2,throttle,duplicate_timestamp,detection,0.0036,True
af2c38c05a56,silverstone_FP2,engine_temp,bit_flip_low,detection,0.0055,True
c7629843adb4,silverstone_FP2,ecu_canbus,sensor_dropout,detection,0.0045,True
e13e388f2322,silverstone_FP2,throttle,sensor_dropout,detection,0.0039,True
305385e6c567,silverstone_FP2,engine_temp,string_in_numeric,detection,0.0023,True
bd6e524f90ca,silverstone_FP2,heart_rate,null_value,detection,0.0035,True
a2ca1333209a,silverstone_FP2,g_force_lateral,bit_flip_low,detection,0.0072,True
06b15366f1c1,silverstone_FP2,throttle,null_value,detection,0.0029,True
22a6a354584a,silverstone_FP2,ecu_canbus,sensor_dropout,detection,0.0034,True
f567002f5818,silverstone_FP2,rpm,duplicate_timestamp,detection,0.0093,True
f53a040709a0,silverstone_FP2,engine_temp,bit_flip_low,detection,0.0071,True
4f07d18206f2,silverstone_FP2,throttle,bit_flip_low,detection,0.0057,True
b5dfb7cb7bf6,silverstone_FP2,aero_load_alt,schema_drift,detection,0.0043,True
7bb6852b2bfa,silverstone_FP2,ecu_canbus,bit_flip_low,detection,0.0073,True
1c75238db6de,silverstone_FP2,speed,sensor_dropout,detection,0.0036,True
e46a57a10c69,silverstone_FP2,brake_temp,string_in_numeric,detection,0.002,True
70c6ccfab1cf,silverstone_FP2,g_force_lateral,duplicate_timestamp,detection,0.0039,True
13ead802a511,silverstone_FP2,engine_temp,null_value,detection,0.0032,True
569cb42b58fd,silverstone_FP2,g_force_lateral,bit_flip_high,detection,0.0065,True
40fd06cec3d8,silverstone_FP2,rpm,sensor_dropout,detection,0.0032,True
a0e0de21be78,silverstone_FP2,ecu_canbus,null_value,detection,0.006,True
85f6213e3437,silverstone_FP2,rpm,sensor_dropout,detection,0.0037,True
bacd71d9e0db,silverstone_FP2,speed,sensor_dropout,detection,0.0036,True
085a26194e53,silverstone_FP2,rpm,string_in_numeric,detection,0.0053,True
d9531e5b1b0a,silverstone_FP2,throttle,string_in_numeric,detection,0.0026,True
22d14f909eed,silverstone_FP2,heart_rate,bit_flip_high,detection,0.0067,True
3b2f9753aa71,silverstone_FP2,engine_temp_v2,schema_drift,detection,0.0043,True
d949ad5b0d4a,silverstone_FP2,heart_rate_new,schema_drift,detection,0.004,True
3d4dc8a5e012,silverstone_FP2,g_force_lateral,string_in_numeric,detection,0.0019,True
4804ee5483d2,silverstone_FP2,engine_temp,string_in_numeric,detection,0.0034,True
1c9dc99e0b42,silverstone_FP2,g_force_lateral,null_value,detection,0.0035,True
b7b70bfec896,silverstone_FP2,ecu_canbus,null_value,detection,0.0204,True
43d7d52dd25a,silverstone_FP2,heart_rate,null_value,detection,0.0039,True
4a8b1ce8b439,silverstone_FP2,g_force_lateral,bit_flip_low,detection,0.0058,True
3dfbdbb083e0,silverstone_FP2,ecu_canbus,null_value,detection,0.0032,True
3e4aae0efb37,silverstone_FP2,throttle_alt,schema_drift,detection,0.0042,True
8ef44ddb6828,silverstone_FP2,rpm_alt,schema_drift,detection,0.0045,True
3e3ddd286099,silverstone_FP2,brake_temp,string_in_numeric,detection,0.0027,True
2e8e918ff807,silverstone_FP2,ecu_canbus,null_value,detection,0.0042,True
d7493f5df411,silverstone_FP2,speed,sensor_dropout,detection,0.0046,True
f45893f7e125,silverstone_FP2,rpm,string_in_numeric,detection,0.0021,True
e33d6a8ae542,silverstone_FP2,engine_temp,string_in_numeric,detection,0.0021,True
d2e64695beaf,silverstone_FP2,ecu_canbus_new,schema_drift,detection,0.0044,True
8d3070cc6d6f,silverstone_FP2,heart_rate_canbus,schema_drift,detection,0.005,True
f13602298ad5,silverstone_FP2,rpm,bit_flip_high,detection,0.0068,True
b976d025cc0e,silverstone_FP2,speed,null_value,detection,0.0076,True
67d9378e8a58,silverstone_FP2,brake_temp,sensor_dropout,detection,0.0033,True
ee8bb3e3a427,silverstone_FP3,g_force_lateral,bit_flip_high,detection,0.0076,True
a1f93260652d,silverstone_FP3,aero_load,duplicate_timestamp,detection,0.0042,True
a94393024835,silverstone_FP3,rpm,duplicate_timestamp,detection,0.0045,True
a5105fa91f8f,silverstone_FP3,brake_temp,duplicate_timestamp,detection,0.0038,True
142a2009d65d,silverstone_FP3,engine_temp,bit_flip_high,detection,0.0068,True
45b38fe710aa,silverstone_FP3,aero_load,bit_flip_low,detection,0.0125,True
9dc294f746be,silverstone_FP3,rpm_raw,schema_drift,detection,0.0049,True
cb776616dc26,silverstone_FP3,brake_temp,duplicate_timestamp,detection,0.0038,True
74e89c5313ff,silverstone_FP3,tyre_pressure,string_in_numeric,detection,0.002,True
e9076d8adc98,silverstone_FP3,throttle,string_in_numeric,detection,0.0019,True
0f7eeb4a7508,silverstone_FP3,heart_rate,sensor_dropout,detection,0.0033,True
879204c27ecf,silverstone_FP3,brake_temp,bit_flip_high,detection,0.0091,True
42d6e6a1e44f,silverstone_FP3,speed,null_value,detection,0.004,True
e9edb762b096,silverstone_FP3,throttle,null_value,detection,0.0035,True
9bb907f41313,silverstone_FP3,aero_load,string_in_numeric,detection,0.0067,True
992f7422e8fa,silverstone_FP3,engine_temp,bit_flip_low,detection,0.0067,True
a77295191ef6,silverstone_FP3,g_force_lateral,bit_flip_low,detection,0.0066,True
81e3e1388a4d,silverstone_FP3,speed,duplicate_timestamp,detection,0.0039,True
feb47e40e135,silverstone_FP3,engine_temp_canbus,schema_drift,detection,0.0045,True
c69ba929fa9a,silverstone_FP3,heart_rate,bit_flip_high,detection,0.0055,True
dc19f3bcda52,silverstone_FP3,throttle,sensor_dropout,detection,0.0039,True
a2313bda2d2c,silverstone_FP3,brake_temp,bit_flip_high,detection,0.0054,True
11198299fc19,silverstone_FP3,brake_temp,duplicate_timestamp,detection,0.0051,True
332216978570,silverstone_FP3,tyre_pressure,duplicate_timestamp,detection,0.004,True
1e596b47ec89,silverstone_FP3,ecu_canbus,bit_flip_low,detection,0.0041,True
cf152c38afbc,silverstone_FP3,heart_rate,null_value,detection,0.0036,True
b7e298a19e6b,silverstone_FP3,speed,sensor_dropout,detection,0.0038,True
beb8b4b7e70a,silverstone_FP3,heart_rate,sensor_dropout,detection,0.0033,True
dceecc3e9377,silverstone_FP3,engine_temp,string_in_numeric,detection,0.0021,True
14dd0065caf5,silverstone_FP3,g_force_lateral,bit_flip_low,detection,0.006,True
d83d210166b2,silverstone_FP3,aero_load_alt,schema_drift,detection,0.0087,True
a7b87590f66e,silverstone_FP3,tyre_pressure,bit_flip_low,detection,0.0064,True
548d7ed9496b,silverstone_FP3,engine_temp,bit_flip_high,detection,0.0072,True
df02d287ae99,silverstone_FP3,ecu_canbus,bit_flip_low,detection,0.0073,True
b1a2b25470d4,silverstone_FP3,g_force_lateral_raw,schema_drift,detection,0.0058,True
4d4695284f96,silverstone_FP3,rpm,bit_flip_high,detection,0.0063,True
398f6912c25d,silverstone_FP3,ecu_canbus,sensor_dropout,detection,0.0035,True
a67f503f2f13,silverstone_FP3,speed,duplicate_timestamp,detection,0.0051,True
5333530c3efc,silverstone_FP3,brake_temp,string_in_numeric,detection,0.0022,True
1ccb4696fecc,silverstone_FP3,tyre_pressure,sensor_dropout,detection,0.0039,True
dc78be36c040,silverstone_FP3,engine_temp,sensor_dropout,detection,0.0032,True
495486b02499,silverstone_FP3,speed,duplicate_timestamp,detection,0.0037,True
37741679ae3f,silverstone_FP3,tyre_pressure,bit_flip_high,detection,0.0057,True
2741e554af20,silverstone_FP3,aero_load,sensor_dropout,detection,0.0081,True
188ec1347443,silverstone_FP3,tyre_pressure,null_value,detection,0.0039,True
0f4e4f5f40c7,silverstone_FP3,throttle,duplicate_timestamp,detection,0.0036,True
a2709db47ad6,silverstone_FP3,g_force_lateral,sensor_dropout,detection,0.0036,True
735911a1cd24,silverstone_FP3,speed,string_in_numeric,detection,0.0056,True
81596e989f65,silverstone_FP3,engine_temp,null_value,detection,0.0034,True
4008e636d88c,silverstone_FP3,aero_load,sensor_dropout,detection,0.0029,True
a364fbbf1be4,silverstone_FP3,brake_temp,bit_flip_high,detection,0.0064,True
ab2ca0b8c55d,silverstone_FP3,ecu_canbus,bit_flip_high,detection,0.0068,True
99709224b474,silverstone_FP3,brake_temp,sensor_dropout,detection,0.0038,True
45496f3e2d99,silverstone_FP3,engine_temp_canbus,schema_drift,detection,0.0047,True
7622c7733f47,silverstone_FP3,aero_load,duplicate_timestamp,detection,0.0037,True
8ca5762706ed,silverstone_FP3,speed,sensor_dropout,detection,0.0032,True
36bba9a06de2,silverstone_FP3,tyre_pressure,string_in_numeric,detection,0.0024,True
dcc460f4e943,silverstone_FP3,rpm,null_value,detection,0.0032,True
10499aa67ae3,silverstone_FP3,engine_temp,string_in_numeric,detection,0.0023,True
b765542deeb6,silverstone_FP3,throttle,null_value,detection,0.0032,True
76288681e0ad,silverstone_FP3,g_force_lateral,bit_flip_low,detection,0.0073,True
069601f4d0fe,silverstone_FP3,throttle,sensor_dropout,detection,0.0033,True
67458980e466,silverstone_FP3,ecu_canbus,null_value,detection,0.0043,True
1cf63e431543,silverstone_FP3,aero_load,bit_flip_high,detection,0.0061,True
7bc3a02cb06e,silverstone_FP3,speed,string_in_numeric,detection,0.0023,True
b3a24b4e08c2,silverstone_FP3,aero_load,null_value,detection,0.0032,True
1d0726ced24d,silverstone_FP3,g_force_lateral,null_value,detection,0.003,True
82e9bfdaadd1,silverstone_FP3,tyre_pressure_v2,schema_drift,detection,0.0042,True
3359de906e65,silverstone_FP3,aero_load_v2,schema_drift,detection,0.0089,True
11843800be44,silverstone_FP3,brake_temp,duplicate_timestamp,detection,0.0065,True
66481cc0cb90,silverstone_FP3,speed,duplicate_timestamp,detection,0.0052,True
9bf8e55b9fc4,silverstone_FP3,g_force_lateral,string_in_numeric,detection,0.0023,True
bdd1c1a0ade2,silverstone_FP3,engine_temp,string_in_numeric,detection,0.0023,True
6a03cddf4357,silverstone_FP3,tyre_pressure,null_value,detection,0.0038,True
fd3d1a8f39ff,silverstone_FP3,heart_rate,bit_flip_low,detection,0.0062,True
7a552363071b,silverstone_FP3,aero_load,sensor_dropout,detection,0.003,True
5a9d72ce2320,silverstone_FP3,aero_load,sensor_dropout,detection,0.0101,True
63e947348e86,silverstone_FP3,rpm,duplicate_timestamp,detection,0.0037,True
bf465f70083c,silverstone_FP3,speed,bit_flip_high,detection,0.0063,True
38988b1398f1,silverstone_FP3,aero_load_alt,schema_drift,detection,0.0046,True
6e5862d2c5f4,silverstone_FP3,tyre_pressure,bit_flip_low,detection,0.006,True
8ccbbc0e7be8,silverstone_FP3,g_force_lateral,bit_flip_high,detection,0.0052,True
096a9ab3e39a,silverstone_FP3,engine_temp,null_value,detection,0.0047,True
96281088a509,silverstone_FP3,rpm_alt,schema_drift,detection,0.0045,True
21d7f880eb97,silverstone_FP3,rpm,null_value,detection,0.0033,True
33db3a8ac398,silverstone_FP3,aero_load,duplicate_timestamp,detection,0.0078,True
44289e89dafb,silverstone_FP3,speed,sensor_dropout,detection,0.0034,True
0c9f65204316,silverstone_FP3,ecu_canbus,null_value,detection,0.0033,True
6c07ef0ddbb5,silverstone_FP3,aero_load,bit_flip_high,detection,0.0062,True
34068a5e8cb7,silverstone_FP3,tyre_pressure,null_value,detection,0.0048,True
a745e1a9b8cc,silverstone_FP3,g_force_lateral,null_value,detection,0.003,True
f55bb1fb63be,silverstone_FP3,brake_temp,sensor_dropout,detection,0.0029,True
15322a07e2be,silverstone_FP3,rpm,duplicate_timestamp,detection,0.0048,True
2447982d256b,silverstone_FP3,tyre_pressure,bit_flip_high,detection,0.008,True
8eea8002126b,silverstone_FP3,heart_rate,null_value,detection,0.0038,True
9ff8dddd6fe5,silverstone_FP3,throttle,null_value,detection,0.0033,True
e72069c17df3,silverstone_FP3,aero_load,bit_flip_low,detection,0.0062,True
0753634c3c42,silverstone_FP3,tyre_pressure,bit_flip_high,detection,0.0052,True
ec5a029149c3,silverstone_FP3,g_force_lateral,bit_flip_low,detection,0.0071,True
a538c5793ccc,silverstone_FP3,rpm,bit_flip_low,detection,0.0089,True
a564b7383549,silverstone_FP3,aero_load,bit_flip_high,detection,0.0058,True
8822bc2a6943,silverstone_FP3,aero_load,string_in_numeric,detection,0.0025,True
ebae74f4877f,silverstone_FP3,ecu_canbus_canbus,schema_drift,detection,0.0058,True
73e6c1955851,silverstone_FP3,aero_load,bit_flip_high,detection,0.0067,True
5a24cfc070f5,silverstone_FP3,brake_temp,string_in_numeric,detection,0.002,True
c0b049ad8772,silverstone_FP3,ecu_canbus,sensor_dropout,detection,0.0033,True
0b98e1c5adb4,silverstone_FP3,speed,duplicate_timestamp,detection,0.0041,True
56ac5005194e,silverstone_FP3,brake_temp_v2,schema_drift,detection,0.0042,True
c81cb0bb01da,silverstone_FP3,ecu_canbus,duplicate_timestamp,detection,0.0058,True
f5cb2f54a6c1,silverstone_FP3,heart_rate,null_value,detection,0.0043,True
9cd9c11eb145,silverstone_FP3,aero_load,null_value,detection,0.0036,True
d2f3423ad552,silverstone_FP3,speed,string_in_numeric,detection,0.0021,True
e65d845374ad,silverstone_FP3,speed,duplicate_timestamp,detection,0.0036,True
3bc74243ffb5,silverstone_FP3,brake_temp_alt,schema_drift,detection,0.0042,True
c502d02f1b11,silverstone_FP3,aero_load,bit_flip_high,detection,0.007,True
f782cb9bac7a,silverstone_FP3,engine_temp,sensor_dropout,detection,0.0085,True
17420263a340,silverstone_FP3,rpm,sensor_dropout,detection,0.0037,True
432dfa4a9a65,silverstone_FP3,engine_temp_raw,schema_drift,detection,0.0044,True
c8def93a8c5f,silverstone_FP3,aero_load,duplicate_timestamp,detection,0.0039,True
75c2bf5fb0cb,silverstone_FP3,g_force_lateral,string_in_numeric,detection,0.0022,True
d6f2167bd740,silverstone_FP3,throttle,sensor_dropout,detection,0.0033,True
910522feb36f,silverstone_FP3,brake_temp,duplicate_timestamp,detection,0.0042,True
69ed150f4fa9,silverstone_FP3,engine_temp,string_in_numeric,detection,0.0019,True
0859f01dc3e8,silverstone_FP3,throttle,bit_flip_high,detection,0.0065,True
1f936a7e98e2,silverstone_FP3,engine_temp,null_value,detection,0.0046,True
ea6e2f1dcec7,silverstone_FP3,ecu_canbus,duplicate_timestamp,detection,0.004,True
38289e1d38eb,silverstone_FP3,rpm,duplicate_timestamp,detection,0.0041,True
08c6ec839f55,silverstone_FP3,engine_temp,duplicate_timestamp,detection,0.0037,True
f69c958b09c6,silverstone_FP3,aero_load_v2,schema_drift,detection,0.0048,True
6f0f76d0e7e0,silverstone_FP3,tyre_pressure,sensor_dropout,detection,0.0031,True
622e80629d9d,silverstone_FP3,brake_temp,sensor_dropout,detection,0.0032,True
525ad9874a8a,silverstone_FP3,aero_load,duplicate_timestamp,detection,0.0034,True
5cfba818f8a5,silverstone_FP3,g_force_lateral,duplicate_timestamp,detection,0.0033,True
13cd896d2301,silverstone_FP3,g_force_lateral,bit_flip_high,detection,0.0055,True
f8e77b4914b7,silverstone_FP3,throttle,string_in_numeric,detection,0.0016,True
58cfc492df91,silverstone_FP3,engine_temp,sensor_dropout,detection,0.0043,True
767f8b5a7e0f,silverstone_FP3,rpm,bit_flip_low,detection,0.0074,True
2467342837be,silverstone_FP3,brake_temp,bit_flip_high,detection,0.0111,True
269a0bb8a8c7,silverstone_FP3,heart_rate,sensor_dropout,detection,0.0038,True
5eaf08664851,silverstone_FP3,ecu_canbus,bit_flip_high,detection,0.0091,True
574105d15424,silverstone_FP3,heart_rate,sensor_dropout,detection,0.0038,True
b6184cc6c1b6,silverstone_FP3,throttle,sensor_dropout,detection,0.0034,True
77fcaa037ca9,silverstone_FP3,brake_temp,duplicate_timestamp,detection,0.004,True
cbdcadb3ddca,silverstone_FP3,ecu_canbus,bit_flip_high,detection,0.0061,True
8710ac0a7fa1,silverstone_FP3,throttle,null_value,detection,0.0036,True
d5eaf9502b4a,silverstone_FP3,brake_temp,duplicate_timestamp,detection,0.0038,True
7d64500df15c,silverstone_FP3,heart_rate,duplicate_timestamp,detection,0.0035,True
2fd79841499d,silverstone_FP3,g_force_lateral,null_value,detection,0.0034,True
df6ebf6e8550,silverstone_FP3,rpm,duplicate_timestamp,detection,0.0034,True
6ff1368fac8d,silverstone_FP3,rpm,null_value,detection,0.0035,True
fb103b98a61a,silverstone_FP3,throttle_alt,schema_drift,detection,0.0047,True
b4920ec54fc2,silverstone_FP3,heart_rate_new,schema_drift,detection,0.0059,True
55cecd93926a,silverstone_FP3,heart_rate,null_value,detection,0.0044,True
bffc70378f87,silverstone_FP3,speed,sensor_dropout,detection,0.0033,True
2a9771ee605e,silverstone_FP3,engine_temp,sensor_dropout,detection,0.0029,True
38f6dd4d7887,silverstone_FP3,ecu_canbus_canbus,schema_drift,detection,0.0069,True
f53df6deb958,silverstone_FP3,tyre_pressure,string_in_numeric,detection,0.002,True
40b501f6afba,silverstone_FP3,speed,duplicate_timestamp,detection,0.0035,True
1258e64c104e,silverstone_FP3,aero_load,null_value,detection,0.0031,True
83ab91df85b1,silverstone_FP3,tyre_pressure,string_in_numeric,detection,0.002,True
bb10114257d8,silverstone_FP3,rpm,string_in_numeric,detection,0.0031,True
62f74b261618,silverstone_FP3,throttle,bit_flip_high,detection,0.01,True
1069a58a71a8,silverstone_FP3,aero_load,bit_flip_low,detection,0.0064,True
40ca6ad83d50,silverstone_FP3,speed_canbus,schema_drift,detection,0.0046,True
18c608f7b7e8,silverstone_FP3,engine_temp,string_in_numeric,detection,0.0022,True
6e884a2c48dd,silverstone_FP3,engine_temp,sensor_dropout,detection,0.0123,True
dbd105f52bbc,silverstone_FP3,ecu_canbus_canbus,schema_drift,detection,0.006,True
7f5865e4fbb6,silverstone_FP3,g_force_lateral,string_in_numeric,detection,0.0028,True
d334be0d2511,silverstone_FP3,rpm,sensor_dropout,detection,0.0049,True
a60e1c4420ec,silverstone_FP3,engine_temp_canbus,schema_drift,detection,0.0044,True
8b330519f32d,silverstone_FP3,aero_load,sensor_dropout,detection,0.0034,True
da139fefe68c,silverstone_FP3,ecu_canbus,bit_flip_low,detection,0.007,True
d54eedebdf8a,silverstone_FP3,ecu_canbus_canbus,schema_drift,detection,0.0048,True
505bb413bc7e,silverstone_FP3,tyre_pressure,duplicate_timestamp,detection,0.0044,True
3bc7e44ccc4b,silverstone_FP3,ecu_canbus,duplicate_timestamp,detection,0.0042,True
5e5b047398c9,silverstone_FP3,g_force_lateral,bit_flip_high,detection,0.0057,True
c507aad3a8f4,silverstone_FP3,speed,duplicate_timestamp,detection,0.0033,True
2d896664daac,silverstone_FP3,aero_load,null_value,detection,0.0045,True
5eba78c35485,silverstone_FP3,g_force_lateral_alt,schema_drift,detection,0.0052,True
e507bb5361a6,silverstone_FP3,throttle,string_in_numeric,detection,0.0067,True
efee54474e22,silverstone_FP3,engine_temp,bit_flip_high,detection,0.0078,True
23cb5fdf2f1e,silverstone_FP3,throttle,duplicate_timestamp,detection,0.0038,True
68361d46e0de,silverstone_FP3,engine_temp_v2,schema_drift,detection,0.0044,True
8d0157c94942,silverstone_FP3,tyre_pressure,bit_flip_high,detection,0.0078,True
972480977107,silverstone_FP3,ecu_canbus,sensor_dropout,detection,0.0039,True
5d876e5c206d,silverstone_FP3,brake_temp,sensor_dropout,detection,0.0036,True
b528c8708bee,silverstone_FP3,ecu_canbus,duplicate_timestamp,detection,0.0058,True
945e8516bd85,silverstone_FP3,heart_rate,bit_flip_low,detection,0.0069,True
519736a08772,silverstone_FP3,rpm,bit_flip_high,detection,0.006,True
912d30809043,silverstone_FP3,speed,duplicate_timestamp,detection,0.0045,True
32682cedb9d7,silverstone_FP3,rpm,bit_flip_low,detection,0.0071,True
1b30652693e0,silverstone_FP3,brake_temp,duplicate_timestamp,detection,0.0044,True
c8c4288c6149,silverstone_FP3,g_force_lateral,null_value,detection,0.0032,True
dcb3be81b8e7,silverstone_FP3,aero_load,duplicate_timestamp,detection,0.0045,True
e4a57e86ad45,silverstone_FP3,rpm,sensor_dropout,detection,0.0036,True
53fce62a0a12,silverstone_FP3,heart_rate,string_in_numeric,detection,0.0029,True
c3b6b936f5b5,silverstone_FP3,g_force_lateral,bit_flip_low,detection,0.0083,True
9cef35e481c7,silverstone_FP3,brake_temp_raw,schema_drift,detection,0.0041,True
266e889aa442,silverstone_FP3,rpm,duplicate_timestamp,detection,0.0037,True
4c975d5fc1e0,silverstone_FP3,rpm,null_value,detection,0.0034,True
7d5464c2b8c5,silverstone_FP3,throttle,string_in_numeric,detection,0.0027,True
321fc4900e4e,silverstone_FP3,heart_rate,bit_flip_low,detection,0.0067,True
9de84645e793,silverstone_FP3,engine_temp,null_value,detection,0.0036,True
400ddcf848ae,silverstone_FP3,rpm,bit_flip_high,detection,0.0073,True
e966dc7339a5,silverstone_FP3,tyre_pressure,null_value,detection,0.0032,True
6a22b60d3d0d,silverstone_FP3,speed,bit_flip_high,detection,0.0058,True
bfc9b1e8f2ca,silverstone_FP3,brake_temp,bit_flip_low,detection,0.0047,True
8f710f0d3ded,silverstone_FP3,speed,string_in_numeric,detection,0.0027,True
89d84dac345d,silverstone_FP3,g_force_lateral,string_in_numeric,detection,0.0035,True
c97aef46dd09,silverstone_FP3,engine_temp,bit_flip_high,detection,0.0066,True
9d2c487d926d,silverstone_FP3,ecu_canbus,string_in_numeric,detection,0.0021,True
dc8fb4cc085b,silverstone_FP3,ecu_canbus,sensor_dropout,detection,0.0033,True
aa016cdf8e70,silverstone_FP3,aero_load,bit_flip_low,detection,0.0063,True
2b9832c4be9b,silverstone_FP3,aero_load,null_value,detection,0.0088,True
401bd1f9edf8,silverstone_FP3,g_force_lateral,bit_flip_low,detection,0.0057,True
6a001bd4fc65,silverstone_FP3,speed,string_in_numeric,detection,0.0019,True
95d1ee467bad,silverstone_FP3,engine_temp_v2,schema_drift,detection,0.0042,True
4fb26e75de57,silverstone_FP3,tyre_pressure,bit_flip_low,detection,0.0076,True
0a3618db1ed1,silverstone_FP3,rpm,bit_flip_high,detection,0.0062,True
c50daf283a8e,silverstone_FP3,speed,string_in_numeric,detection,0.0019,True
80cbc3f9e802,silverstone_FP3,rpm,string_in_numeric,detection,0.0016,True
1d67fbd68c89,silverstone_FP3,ecu_canbus,bit_flip_low,detection,0.0044,False
a9693528e0db,silverstone_FP3,g_force_lateral,string_in_numeric,detection,0.0018,True
6d669505486f,silverstone_FP3,speed,string_in_numeric,detection,0.0022,True
d749439fa8dc,silverstone_FP3,tyre_pressure,null_value,detection,0.0036,True
c0ceb82ef44b,silverstone_FP3,g_force_lateral,bit_flip_low,detection,0.006,True
36e76a46adb4,silverstone_FP3,rpm,null_value,detection,0.0031,True
af228a255268,silverstone_FP3,brake_temp,null_value,detection,0.0037,True
91ae5f695f89,silverstone_FP3,ecu_canbus,bit_flip_high,detection,0.0058,True
2dbaca5dfa4c,silverstone_FP3,ecu_canbus,bit_flip_low,detection,0.0071,True
502ab6cbf8e3,silverstone_FP3,tyre_pressure,string_in_numeric,detection,0.0073,True
e4d92b2345c0,silverstone_FP3,engine_temp_alt,schema_drift,detection,0.0044,True
c2f68a39c10b,silverstone_FP3,speed,duplicate_timestamp,detection,0.006,True
2d1264734af7,silverstone_FP3,throttle,string_in_numeric,detection,0.0026,True
f5f2a2cb5574,silverstone_FP3,heart_rate,bit_flip_high,detection,0.0067,True
4f2336a77e1d,silverstone_FP3,g_force_lateral,bit_flip_low,detection,0.0056,True
54f17ad59885,silverstone_FP3,ecu_canbus,bit_flip_high,detection,0.0064,True
13edae859e73,silverstone_FP3,throttle,bit_flip_high,detection,0.0059,True
dbbbf82a7689,silverstone_FP3,brake_temp,string_in_numeric,detection,0.0024,True
6254b9b7de2d,silverstone_FP3,heart_rate,string_in_numeric,detection,0.0023,True
d142d3e64062,silverstone_FP3,tyre_pressure,duplicate_timestamp,detection,0.0038,True
9d99959726e6,silverstone_FP3,speed,string_in_numeric,detection,0.002,True
c5219942eb0e,silverstone_FP3,throttle,bit_flip_low,detection,0.0065,True
a1b5ede95dd5,silverstone_FP3,heart_rate,null_value,detection,0.0043,True
289b57de3d5c,silverstone_FP3,ecu_canbus,bit_flip_high,detection,0.0075,True
1436d2fdf5e3,silverstone_FP3,g_force_lateral,sensor_dropout,detection,0.0036,True
7de077a55601,silverstone_FP3,speed_v2,schema_drift,detection,0.0257,True
89e2937b35e0,silverstone_FP3,g_force_lateral_raw,schema_drift,detection,0.0053,True
2e4fde15fa5f,silverstone_FP3,brake_temp_raw,schema_drift,detection,0.004,True
14fdee3b7cb1,silverstone_FP3,engine_temp,bit_flip_low,detection,0.0069,True
a3398cac228c,silverstone_FP3,throttle_canbus,schema_drift,detection,0.0044,True
1f63ecd8282f,silverstone_FP3,aero_load,string_in_numeric,detection,0.0043,True
1376e9df7c2f,silverstone_FP3,rpm_raw,schema_drift,detection,0.0177,True
f206197220f0,silverstone_FP3,rpm,bit_flip_high,detection,0.0064,True
bb2e7f1a400a,silverstone_FP3,brake_temp_canbus,schema_drift,detection,0.0097,True
e5205b37fb96,silverstone_FP3,heart_rate_v2,schema_drift,detection,0.0041,True
fe9cd2f6e072,silverstone_QUALI,speed,null_value,detection,0.0048,True
fa2a1c4f53f5,silverstone_QUALI,brake_temp,duplicate_timestamp,detection,0.0051,True
0f6131207be2,silverstone_QUALI,ecu_canbus,bit_flip_low,detection,0.0051,True
2ee727e48677,silverstone_QUALI,engine_temp,null_value,detection,0.0039,True
97cbce088bc1,silverstone_QUALI,rpm,duplicate_timestamp,detection,0.004,True
8d63adbe94f5,silverstone_QUALI,brake_temp_v2,schema_drift,detection,0.0045,True
72db132dbb59,silverstone_QUALI,g_force_lateral,bit_flip_high,detection,0.0069,True
cde4ba1b9775,silverstone_QUALI,brake_temp,bit_flip_high,detection,0.006,True
cbf3a5636527,silverstone_QUALI,heart_rate,bit_flip_low,detection,0.006,True
f66971ca4e5a,silverstone_QUALI,speed,duplicate_timestamp,detection,0.0037,True
0605b3a5c7b4,silverstone_QUALI,rpm,bit_flip_high,detection,0.0085,True
cee6ffee4dc5,silverstone_QUALI,engine_temp,bit_flip_low,detection,0.006,True
44c821cc984e,silverstone_QUALI,heart_rate_raw,schema_drift,detection,0.0052,True
82571214c80b,silverstone_QUALI,engine_temp,bit_flip_low,detection,0.0058,True
69c2e9626975,silverstone_QUALI,tyre_pressure,bit_flip_low,detection,0.0056,True
05f99936d897,silverstone_QUALI,heart_rate,sensor_dropout,detection,0.0039,True
a093135bd5bb,silverstone_QUALI,brake_temp,null_value,detection,0.0033,True
e59ea65df28b,silverstone_QUALI,speed,duplicate_timestamp,detection,0.0035,True
0cba9afe6d44,silverstone_QUALI,engine_temp,bit_flip_low,detection,0.0169,True
0f11d4930202,silverstone_QUALI,g_force_lateral,duplicate_timestamp,detection,0.0048,True
814e3ffe9605,silverstone_QUALI,brake_temp,string_in_numeric,detection,0.003,True
75e827b15095,silverstone_QUALI,aero_load,bit_flip_low,detection,0.0065,True
6e7244e1a85e,silverstone_QUALI,speed,bit_flip_high,detection,0.0069,True
60656029f8ed,silverstone_QUALI,aero_load,string_in_numeric,detection,0.0022,True
351ba2114fd6,silverstone_QUALI,rpm,bit_flip_high,detection,0.0071,True
9c4ad6cbbadc,silverstone_QUALI,rpm,bit_flip_low,detection,0.0081,True
4c45713e8b84,silverstone_QUALI,speed_v2,schema_drift,detection,0.0048,True
63795e09f5db,silverstone_QUALI,throttle,bit_flip_high,detection,0.0063,True
0b9fbf2a9fee,silverstone_QUALI,aero_load,bit_flip_high,detection,0.0052,True
604c5ddeb0dd,silverstone_QUALI,brake_temp,string_in_numeric,detection,0.0021,True
f4595fb98c65,silverstone_QUALI,ecu_canbus,bit_flip_high,detection,0.0059,True
4ae66bba2f04,silverstone_QUALI,throttle,sensor_dropout,detection,0.008,True
803821822347,silverstone_QUALI,brake_temp_new,schema_drift,detection,0.006,True
a7f06e9df652,silverstone_QUALI,rpm,bit_flip_high,detection,0.0075,True
15fee4dbefdb,silverstone_QUALI,tyre_pressure,bit_flip_high,detection,0.0058,True
f0eb77c44f05,silverstone_QUALI,ecu_canbus,duplicate_timestamp,detection,0.0038,True
c2ea02952e1c,silverstone_QUALI,heart_rate,string_in_numeric,detection,0.0026,True
c3ca957909db,silverstone_QUALI,speed,null_value,detection,0.0036,True
7d70c78e6440,silverstone_QUALI,heart_rate,null_value,detection,0.0034,True
8a094a9970a7,silverstone_QUALI,brake_temp,bit_flip_high,detection,0.006,True
bde6c72a5f90,silverstone_QUALI,heart_rate,bit_flip_low,detection,0.0052,True
bd6109dbfc0c,silverstone_QUALI,brake_temp,bit_flip_low,detection,0.0056,True
6492d2e20bf0,silverstone_QUALI,throttle,sensor_dropout,detection,0.0039,True
2a08f7450eab,silverstone_QUALI,g_force_lateral,sensor_dropout,detection,0.0043,True
5478d7c6952a,silverstone_QUALI,g_force_lateral,bit_flip_low,detection,0.0057,True
6d5c74ca77b6,silverstone_QUALI,rpm,duplicate_timestamp,detection,0.0037,True
bde1523f2591,silverstone_QUALI,throttle,sensor_dropout,detection,0.0037,True
df28466ca01e,silverstone_QUALI,aero_load,duplicate_timestamp,detection,0.0038,True
4b135d943cb4,silverstone_QUALI,ecu_canbus,null_value,detection,0.0039,True
f12f8b948c14,silverstone_QUALI,g_force_lateral_new,schema_drift,detection,0.0048,True
0bf175fe068e,silverstone_QUALI,brake_temp,bit_flip_high,detection,0.0064,True
7f1de8804cd2,silverstone_QUALI,brake_temp,bit_flip_high,detection,0.0065,True
9d27a2b5da3e,silverstone_QUALI,speed_v2,schema_drift,detection,0.0215,True
7ef71b97b8fd,silverstone_QUALI,engine_temp,bit_flip_low,detection,0.0063,True
ce860b572673,silverstone_QUALI,ecu_canbus,sensor_dropout,detection,0.0036,True
f62d19ed33bf,silverstone_QUALI,tyre_pressure,null_value,detection,0.0036,True
a6059b6199be,silverstone_QUALI,ecu_canbus,bit_flip_high,detection,0.0059,True
3ea1752f8d85,silverstone_QUALI,heart_rate_canbus,schema_drift,detection,0.0047,True
840b97cacbc1,silverstone_QUALI,tyre_pressure,sensor_dropout,detection,0.0035,True
beba30883e18,silverstone_QUALI,throttle,string_in_numeric,detection,0.0022,True
db9e8ea94d17,silverstone_QUALI,rpm,duplicate_timestamp,detection,0.0037,True
7b24c0a5613f,silverstone_QUALI,engine_temp,null_value,detection,0.0034,True
9a3aa93f441d,silverstone_QUALI,ecu_canbus,null_value,detection,0.005,True
22e547161bbf,silverstone_QUALI,g_force_lateral,sensor_dropout,detection,0.006,True
422d5081b2a1,silverstone_QUALI,brake_temp,string_in_numeric,detection,0.0022,True
aded64eec650,silverstone_QUALI,tyre_pressure,sensor_dropout,detection,0.0037,True
ece2c4ea1002,silverstone_QUALI,ecu_canbus,bit_flip_low,detection,0.0225,True
6d2b5b1f8fa1,silverstone_QUALI,heart_rate,bit_flip_low,detection,0.0062,True
75b773b5dfe8,silverstone_QUALI,heart_rate_canbus,schema_drift,detection,0.0048,True
98c0146ad8ee,silverstone_QUALI,g_force_lateral,string_in_numeric,detection,0.0024,True
cd788db61a4e,silverstone_QUALI,speed,null_value,detection,0.0093,True
82ef789f80ba,silverstone_QUALI,aero_load,bit_flip_low,detection,0.0092,True
d7bba6c882e8,silverstone_QUALI,heart_rate,bit_flip_low,detection,0.0058,True
cfbcf607b7cb,silverstone_QUALI,engine_temp,bit_flip_low,detection,0.0065,True
0b1d579d413a,silverstone_QUALI,heart_rate,bit_flip_high,detection,0.0052,True
64ed696c35b7,silverstone_QUALI,engine_temp,null_value,detection,0.0034,True
99e27a963888,silverstone_QUALI,aero_load,bit_flip_low,detection,0.0056,True
1cb6e4a4c11d,silverstone_QUALI,speed,duplicate_timestamp,detection,0.0036,True
26a8c6a128a9,silverstone_QUALI,speed,duplicate_timestamp,detection,0.0046,True
454d72f1e570,silverstone_QUALI,brake_temp,bit_flip_high,detection,0.0067,True
da4dd408fa98,silverstone_QUALI,ecu_canbus,duplicate_timestamp,detection,0.0085,True
d4b19714171d,silverstone_QUALI,engine_temp_alt,schema_drift,detection,0.0043,True
cc569a014abc,silverstone_QUALI,aero_load,bit_flip_low,detection,0.0061,True
f7c71fd0109f,silverstone_QUALI,tyre_pressure,bit_flip_high,detection,0.0051,True
1e2288a33d97,silverstone_QUALI,throttle,string_in_numeric,detection,0.0024,True
99b9182b4545,silverstone_QUALI,aero_load,bit_flip_low,detection,0.0066,True
0c0a5cda8f93,silverstone_QUALI,tyre_pressure,sensor_dropout,detection,0.0036,True
b7ff55c6fc09,silverstone_QUALI,heart_rate,string_in_numeric,detection,0.0018,True
74f613ade4f0,silverstone_QUALI,g_force_lateral,sensor_dropout,detection,0.0037,True
1e0736f9e4cc,silverstone_QUALI,rpm,bit_flip_low,detection,0.0062,True
53f150cbd09d,silverstone_QUALI,tyre_pressure,bit_flip_low,detection,0.0051,True
be9cd482b226,silverstone_QUALI,throttle,duplicate_timestamp,detection,0.0041,True
8fcfa90a2787,silverstone_QUALI,ecu_canbus,null_value,detection,0.0041,True
6bf33caa6064,silverstone_QUALI,throttle,null_value,detection,0.0031,True
70628d27bd0a,silverstone_QUALI,ecu_canbus,sensor_dropout,detection,0.0072,True
3069c74e39bd,silverstone_QUALI,throttle,sensor_dropout,detection,0.0036,True
24beb24cb946,silverstone_QUALI,aero_load_canbus,schema_drift,detection,0.0048,True
ec0608125d45,silverstone_QUALI,brake_temp_raw,schema_drift,detection,0.0039,True
a1ac09ccd947,silverstone_QUALI,aero_load,bit_flip_high,detection,0.01,True
0b82d8069f3d,silverstone_QUALI,ecu_canbus,sensor_dropout,detection,0.0036,True
fd7f6fac6a44,silverstone_QUALI,speed,bit_flip_low,detection,0.0063,True
58890a41dcc0,silverstone_QUALI,aero_load,bit_flip_low,detection,0.0059,True
dfcdfa309d25,silverstone_QUALI,brake_temp,bit_flip_low,detection,0.0065,True
2a161f2a22af,silverstone_QUALI,engine_temp,bit_flip_high,detection,0.0059,True
7672ae16ab68,silverstone_QUALI,aero_load,null_value,detection,0.0035,True
016eff658599,silverstone_QUALI,g_force_lateral,sensor_dropout,detection,0.0033,True
a804a38a2e4c,silverstone_QUALI,g_force_lateral,bit_flip_high,detection,0.0093,True
71a01945c93d,silverstone_QUALI,aero_load,string_in_numeric,detection,0.0024,True
e6145c064064,silverstone_QUALI,engine_temp,duplicate_timestamp,detection,0.004,True
12611d209fee,silverstone_QUALI,heart_rate_canbus,schema_drift,detection,0.0049,True
ca8159f291cf,silverstone_QUALI,rpm_v2,schema_drift,detection,0.0046,True
91b1bdbcb432,silverstone_QUALI,rpm,null_value,detection,0.0038,True
6c37d3ec846d,silverstone_QUALI,rpm,duplicate_timestamp,detection,0.0038,True
49207d29a8a4,silverstone_QUALI,g_force_lateral,bit_flip_high,detection,0.0063,True
d2009f0f7906,silverstone_QUALI,speed,duplicate_timestamp,detection,0.0042,True
dc1b9b043db5,silverstone_QUALI,tyre_pressure,string_in_numeric,detection,0.0023,True
3fa2a03a5751,silverstone_QUALI,ecu_canbus,bit_flip_high,detection,0.0069,True
6b7972dc7797,silverstone_QUALI,brake_temp,null_value,detection,0.0034,True
2b1c6a814ec9,silverstone_QUALI,aero_load,duplicate_timestamp,detection,0.0039,True
4655bd0c2d4a,silverstone_QUALI,speed,bit_flip_high,detection,0.0066,True
cb3f23aafb79,silverstone_QUALI,g_force_lateral,null_value,detection,0.0038,True
d6913820b328,silverstone_QUALI,speed,null_value,detection,0.0033,True
854844524f58,silverstone_QUALI,brake_temp,duplicate_timestamp,detection,0.0036,True
1013088e6e8c,silverstone_QUALI,tyre_pressure,null_value,detection,0.0036,True
b6780b023757,silverstone_QUALI,g_force_lateral,string_in_numeric,detection,0.0034,True
29cca5df38f3,silverstone_QUALI,engine_temp,sensor_dropout,detection,0.0033,True
dba64ae1e16e,silverstone_QUALI,brake_temp,bit_flip_low,detection,0.0066,True
09d83e6b312f,silverstone_QUALI,throttle,string_in_numeric,detection,0.0021,True
2d0ac4073b9b,silverstone_QUALI,heart_rate,bit_flip_low,detection,0.0078,True
2eaa136053c5,silverstone_QUALI,ecu_canbus,null_value,detection,0.0034,True
bb1948b88ab9,silverstone_QUALI,speed_v2,schema_drift,detection,0.0044,True
77ac9ece6387,silverstone_QUALI,ecu_canbus,bit_flip_low,detection,0.0067,True
d75d6dc1bea8,silverstone_QUALI,rpm_new,schema_drift,detection,0.0065,True
0f3f5a1380df,silverstone_QUALI,brake_temp,bit_flip_low,detection,0.0074,True
9e7343b35692,silverstone_QUALI,tyre_pressure,null_value,detection,0.0037,True
438a535e9e8b,silverstone_QUALI,brake_temp,sensor_dropout,detection,0.0036,True
eafa35c95a3e,silverstone_QUALI,engine_temp_raw,schema_drift,detection,0.0046,True
8b025312f69e,silverstone_QUALI,speed,duplicate_timestamp,detection,0.0047,True
60c1183f254a,silverstone_QUALI,engine_temp,bit_flip_low,detection,0.0074,True
141e68ed5e52,silverstone_QUALI,tyre_pressure,string_in_numeric,detection,0.0025,True
c5d52df0975f,silverstone_QUALI,heart_rate,bit_flip_high,detection,0.0065,True
540ae7499d36,silverstone_QUALI,g_force_lateral_v2,schema_drift,detection,0.0049,True
592a08c46830,silverstone_QUALI,throttle,duplicate_timestamp,detection,0.0043,True
19fe767fa489,silverstone_QUALI,brake_temp_canbus,schema_drift,detection,0.0053,True
0f418e71f0eb,silverstone_QUALI,ecu_canbus,bit_flip_low,detection,0.0084,True
76aa1daca4a8,silverstone_QUALI,heart_rate,duplicate_timestamp,detection,0.0049,True
af237218f295,silverstone_QUALI,rpm,bit_flip_low,detection,0.0072,True
d94f5bb30053,silverstone_QUALI,speed,bit_flip_high,detection,0.0057,True
3c41db7302b1,silverstone_QUALI,aero_load,bit_flip_high,detection,0.0054,True
73b09bc5bd4c,silverstone_QUALI,tyre_pressure,bit_flip_low,detection,0.0077,True
2d47204ff01e,silverstone_QUALI,tyre_pressure,string_in_numeric,detection,0.0021,True
d37810a87672,silverstone_QUALI,g_force_lateral,string_in_numeric,detection,0.0021,True
bc685d3275ae,silverstone_QUALI,throttle,string_in_numeric,detection,0.0031,True
8503f2dda4bb,silverstone_QUALI,brake_temp,sensor_dropout,detection,0.0047,True
44a7129581c2,silverstone_QUALI,throttle,string_in_numeric,detection,0.0019,True
3b957edbb190,silverstone_QUALI,heart_rate,duplicate_timestamp,detection,0.0057,True
b5136340db62,silverstone_QUALI,throttle_raw,schema_drift,detection,0.0075,True
e9dfab9fc99b,silverstone_QUALI,ecu_canbus,null_value,detection,0.0044,True
056e6c096759,silverstone_QUALI,throttle,null_value,detection,0.0036,True
c5ee1bb0da81,silverstone_QUALI,brake_temp,null_value,detection,0.0031,True
781c264d7906,silverstone_QUALI,rpm,duplicate_timestamp,detection,0.0047,True
325435c0cf7f,silverstone_QUALI,throttle,duplicate_timestamp,detection,0.0113,True
1bc129aaffb6,silverstone_QUALI,tyre_pressure_alt,schema_drift,detection,0.0049,True
3cc6217a33e8,silverstone_QUALI,heart_rate,string_in_numeric,detection,0.0033,True
10c05a54c5ad,silverstone_QUALI,g_force_lateral,bit_flip_low,detection,0.0097,True
b380ad4dad5b,silverstone_QUALI,speed,bit_flip_low,detection,0.0073,True
13118c6dae17,silverstone_QUALI,aero_load,string_in_numeric,detection,0.0024,True
bdc5321111e9,silverstone_QUALI,g_force_lateral,sensor_dropout,detection,0.0042,True
7e7ea96c58af,silverstone_QUALI,aero_load,bit_flip_high,detection,0.0059,True
67e08ce91d08,silverstone_QUALI,tyre_pressure,null_value,detection,0.0043,True
c62a87f5aeed,silverstone_QUALI,throttle,string_in_numeric,detection,0.0019,True
9bdd581f3831,silverstone_QUALI,g_force_lateral,bit_flip_high,detection,0.0068,True
8049a3290289,silverstone_QUALI,speed,bit_flip_low,detection,0.0079,True
3d677aa3e5b2,silverstone_QUALI,tyre_pressure_new,schema_drift,detection,0.0045,True
5a9faa6ed8d0,silverstone_QUALI,rpm,duplicate_timestamp,detection,0.0037,True
f496e20560d1,silverstone_QUALI,throttle,bit_flip_high,detection,0.0073,True
f3077c04ee7c,silverstone_QUALI,aero_load_alt,schema_drift,detection,0.0048,True
9c37ca1a7383,silverstone_QUALI,tyre_pressure,bit_flip_high,detection,0.0064,True
68d24d062f41,silverstone_QUALI,speed,null_value,detection,0.0035,True
965c658af87f,silverstone_QUALI,aero_load,bit_flip_low,detection,0.0078,True
afdf850b9dc3,silverstone_QUALI,brake_temp,duplicate_timestamp,detection,0.0038,True
b0cc90d1c8ad,silverstone_QUALI,engine_temp_new,schema_drift,detection,0.0042,True
4cae55c07eb7,silverstone_QUALI,aero_load,null_value,detection,0.0036,True
63cf6f226075,silverstone_QUALI,aero_load,bit_flip_low,detection,0.0066,True
f82c15413ebd,silverstone_QUALI,heart_rate,null_value,detection,0.0031,True
ebc287435e90,silverstone_QUALI,tyre_pressure_new,schema_drift,detection,0.0088,True
c7ba81f53508,silverstone_QUALI,aero_load,duplicate_timestamp,detection,0.0038,True
ca2d0bebcdcc,silverstone_QUALI,heart_rate,duplicate_timestamp,detection,0.0035,True
81662feef525,silverstone_QUALI,ecu_canbus,duplicate_timestamp,detection,0.0039,True
29bf6ecbc050,silverstone_QUALI,heart_rate,null_value,detection,0.0039,True
8a835c0ad729,silverstone_QUALI,rpm,null_value,detection,0.0038,True
1ea74b1ea593,silverstone_QUALI,engine_temp,bit_flip_low,detection,0.009,True
c0c2fddf6679,silverstone_QUALI,engine_temp,sensor_dropout,detection,0.0036,True
3c631e9b2b88,silverstone_QUALI,ecu_canbus_raw,schema_drift,detection,0.0042,True
1210b7f3fac5,silverstone_QUALI,speed_raw,schema_drift,detection,0.0148,True
56f701bce84d,silverstone_QUALI,heart_rate,bit_flip_low,detection,0.0064,True
9e46ded462bc,silverstone_QUALI,tyre_pressure,null_value,detection,0.004,True
4375b9390f61,silverstone_QUALI,heart_rate_canbus,schema_drift,detection,0.005,True
5e93df75b195,silverstone_QUALI,brake_temp,bit_flip_low,detection,0.0063,True
428d156b771e,silverstone_QUALI,heart_rate,duplicate_timestamp,detection,0.0039,True
cd85f25cefda,silverstone_QUALI,rpm,duplicate_timestamp,detection,0.0034,True
02c828fe9d15,silverstone_QUALI,engine_temp_alt,schema_drift,detection,0.004,True
f4131cfa0157,silverstone_QUALI,g_force_lateral,bit_flip_low,detection,0.0078,True
e2463a738854,silverstone_QUALI,brake_temp,bit_flip_high,detection,0.0054,True
463472820f0b,silverstone_QUALI,ecu_canbus_raw,schema_drift,detection,0.004,True
668dde0e2f5c,silverstone_QUALI,heart_rate,sensor_dropout,detection,0.0047,True
36cb63114951,silverstone_QUALI,rpm,duplicate_timestamp,detection,0.0036,True
6901e9d2dd33,silverstone_QUALI,throttle,bit_flip_high,detection,0.0061,True
1f6dd7210f04,silverstone_QUALI,brake_temp,string_in_numeric,detection,0.0041,True
3ceb1567cca2,silverstone_QUALI,tyre_pressure_canbus,schema_drift,detection,0.0045,True
4a2f69998f41,silverstone_QUALI,brake_temp,bit_flip_low,detection,0.0069,True
1e1ee8ed95f1,silverstone_QUALI,ecu_canbus,bit_flip_low,detection,0.0042,True
f1a7981e06e8,silverstone_QUALI,heart_rate,null_value,detection,0.0033,True
8619f82e1e8d,silverstone_QUALI,g_force_lateral,sensor_dropout,detection,0.011,True
c60abc744e38,silverstone_QUALI,aero_load,bit_flip_low,detection,0.0066,True
14101329f902,silverstone_QUALI,g_force_lateral,sensor_dropout,detection,0.0058,True
dfce9adc56de,silverstone_QUALI,throttle,duplicate_timestamp,detection,0.0044,True
a568245b5558,silverstone_QUALI,speed,null_value,detection,0.004,True
7578d331135a,silverstone_QUALI,throttle,duplicate_timestamp,detection,0.004,True
4ba1ab0ba29a,silverstone_QUALI,aero_load_raw,schema_drift,detection,0.0045,True
540f88417ff7,silverstone_QUALI,heart_rate,sensor_dropout,detection,0.0046,True
b7e3e737319b,silverstone_QUALI,speed,null_value,detection,0.0036,True
232ecd10ae0d,silverstone_QUALI,engine_temp_raw,schema_drift,detection,0.0045,True
d54e4b528b4d,silverstone_QUALI,g_force_lateral,null_value,detection,0.0036,True
b027e5232b1d,silverstone_QUALI,aero_load,duplicate_timestamp,detection,0.0033,True
f264b5f59f6c,silverstone_QUALI,tyre_pressure,duplicate_timestamp,detection,0.0041,True
98c914a7af00,silverstone_QUALI,tyre_pressure_raw,schema_drift,detection,0.0044,True
57dae0dbf767,silverstone_QUALI,tyre_pressure,bit_flip_low,detection,0.0061,True
924848013fb2,silverstone_QUALI,heart_rate,null_value,detection,0.0067,True
98bf24af5453,silverstone_QUALI,speed,duplicate_timestamp,detection,0.0055,True
d6ef2a4a3d11,silverstone_QUALI,rpm,bit_flip_low,detection,0.0076,True
0e83b7b4c916,silverstone_QUALI,g_force_lateral_raw,schema_drift,detection,0.0053,True
f089bc804e3f,silverstone_QUALI,engine_temp_v2,schema_drift,detection,0.0043,True
921284d4491b,silverstone_QUALI,speed,duplicate_timestamp,detection,0.0038,True
13019caa7a4e,silverstone_QUALI,ecu_canbus_v2,schema_drift,detection,0.0043,True
ca85626410ce,silverstone_QUALI,brake_temp_raw,schema_drift,detection,0.0044,True
08f23008d072,silverstone_QUALI,brake_temp,null_value,detection,0.0035,True
4f2c905b6569,silverstone_QUALI,engine_temp,null_value,detection,0.0032,True
533aa47319fd,silverstone_RACE,aero_load,string_in_numeric,detection,0.0022,True
39d288bd5245,silverstone_RACE,ecu_canbus,bit_flip_high,detection,0.0069,True
23906efbb80a,silverstone_RACE,tyre_pressure,null_value,detection,0.0054,True
db6ff6ead9b2,silverstone_RACE,ecu_canbus,string_in_numeric,detection,0.0025,True
29ae9a035c3b,silverstone_RACE,brake_temp,null_value,detection,0.0073,True
b00d48b8e96d,silverstone_RACE,ecu_canbus,bit_flip_low,detection,0.0067,True
163d7f2d9ecf,silverstone_RACE,rpm,string_in_numeric,detection,0.0022,True
3433c23e8cc7,silverstone_RACE,throttle,duplicate_timestamp,detection,0.0037,True
bf8f4c653146,silverstone_RACE,aero_load,bit_flip_low,detection,0.0092,True
fe73ca50420f,silverstone_RACE,tyre_pressure,null_value,detection,0.0045,True
cec289c3b1d6,silverstone_RACE,speed,null_value,detection,0.0033,True
77bc38bc8a93,silverstone_RACE,brake_temp,duplicate_timestamp,detection,0.0036,True
f0ad7c1665b8,silverstone_RACE,aero_load,null_value,detection,0.0032,True
9b8375a43260,silverstone_RACE,speed,bit_flip_high,detection,0.0069,True
3ef54c5e3827,silverstone_RACE,rpm,bit_flip_high,detection,0.0056,True
927a64c910c1,silverstone_RACE,rpm,sensor_dropout,detection,0.0035,True
f194bb096aba,silverstone_RACE,ecu_canbus,string_in_numeric,detection,0.0022,True
87fde36ca89a,silverstone_RACE,heart_rate,bit_flip_low,detection,0.0061,True
104a8c42d8ad,silverstone_RACE,speed,sensor_dropout,detection,0.0044,True
1cb1906eaf5b,silverstone_RACE,speed,bit_flip_high,detection,0.0061,True
33a190b13048,silverstone_RACE,engine_temp,string_in_numeric,detection,0.0029,True
33f3f7c94316,silverstone_RACE,aero_load,sensor_dropout,detection,0.0035,True
c9102f61c924,silverstone_RACE,tyre_pressure_raw,schema_drift,detection,0.0145,True
9a6d48c3102f,silverstone_RACE,ecu_canbus,bit_flip_low,detection,0.0084,True
a1211f93d7bc,silverstone_RACE,throttle,null_value,detection,0.0038,True
11a0231eea6f,silverstone_RACE,rpm,duplicate_timestamp,detection,0.0133,True
eda20fac5093,silverstone_RACE,speed_v2,schema_drift,detection,0.0043,True
5491ba2ce970,silverstone_RACE,speed,bit_flip_low,detection,0.0074,True
9161b542adcf,silverstone_RACE,engine_temp,sensor_dropout,detection,0.0037,True
8fbe2d9600d2,silverstone_RACE,g_force_lateral,string_in_numeric,detection,0.0023,True
f87f11d148bb,silverstone_RACE,throttle,bit_flip_high,detection,0.0063,True
762cb951af79,silverstone_RACE,rpm,bit_flip_low,detection,0.0072,True
3163f5663f2c,silverstone_RACE,g_force_lateral,sensor_dropout,detection,0.0037,True
63086f3f4228,silverstone_RACE,ecu_canbus,sensor_dropout,detection,0.0031,True
2be96f6d1b62,silverstone_RACE,heart_rate,null_value,detection,0.0029,True
a94333fc24ec,silverstone_RACE,heart_rate,bit_flip_low,detection,0.0062,True
e63d49b03032,silverstone_RACE,throttle,duplicate_timestamp,detection,0.0034,True
b663516bc587,silverstone_RACE,aero_load_canbus,schema_drift,detection,0.0047,True
4d258fb27615,silverstone_RACE,throttle_raw,schema_drift,detection,0.0051,True
f6cd7218a904,silverstone_RACE,engine_temp,bit_flip_low,detection,0.0071,True
ac645aede02f,silverstone_RACE,tyre_pressure,duplicate_timestamp,detection,0.0043,True
9405c049941d,silverstone_RACE,engine_temp,sensor_dropout,detection,0.0036,True
7274183a958d,silverstone_RACE,engine_temp,duplicate_timestamp,detection,0.004,True
9399486b1de7,silverstone_RACE,speed_v2,schema_drift,detection,0.0054,True
06425fb859cc,silverstone_RACE,rpm_v2,schema_drift,detection,0.0052,True
29a9bd3f1aac,silverstone_RACE,brake_temp,null_value,detection,0.0044,True
bb296c55db14,silverstone_RACE,engine_temp,sensor_dropout,detection,0.0044,True
32c9c649585d,silverstone_RACE,ecu_canbus,duplicate_timestamp,detection,0.0038,True
f3ab7fc21675,silverstone_RACE,throttle,sensor_dropout,detection,0.0043,True
a2fc65dccfc6,silverstone_RACE,engine_temp_alt,schema_drift,detection,0.0044,True
749afaa067a6,silverstone_RACE,heart_rate,bit_flip_low,detection,0.007,True
3fc624f1bd70,silverstone_RACE,g_force_lateral,duplicate_timestamp,detection,0.0044,True
cb9bae18cf3a,silverstone_RACE,speed,string_in_numeric,detection,0.0019,True
64634ff4905e,silverstone_RACE,engine_temp_alt,schema_drift,detection,0.0045,True
4f68aa7bde24,silverstone_RACE,tyre_pressure,duplicate_timestamp,detection,0.0081,True
38a94301bdc7,silverstone_RACE,engine_temp,bit_flip_high,detection,0.0063,True
5764e94bb057,silverstone_RACE,rpm_canbus,schema_drift,detection,0.0046,True
720e2573f868,silverstone_RACE,ecu_canbus,duplicate_timestamp,detection,0.0037,True
c8229c2b13cc,silverstone_RACE,g_force_lateral,bit_flip_high,detection,0.006,True
b74f3fbb7129,silverstone_RACE,rpm,duplicate_timestamp,detection,0.0035,True
26db0e17ae52,silverstone_RACE,engine_temp,sensor_dropout,detection,0.0036,True
2a650d6d604f,silverstone_RACE,engine_temp,duplicate_timestamp,detection,0.0042,True
8c0bdc49a832,silverstone_RACE,throttle,bit_flip_high,detection,0.0068,True
89fdc4f49b83,silverstone_RACE,brake_temp,bit_flip_low,detection,0.006,True
6e9af63e9439,silverstone_RACE,engine_temp_alt,schema_drift,detection,0.004,True
dd67ac32f53b,silverstone_RACE,tyre_pressure,sensor_dropout,detection,0.0081,True
f71bc6cfea8a,silverstone_RACE,throttle,bit_flip_high,detection,0.0066,True
a2351a56816f,silverstone_RACE,rpm,string_in_numeric,detection,0.0044,True
0a5b8a9a3ab2,silverstone_RACE,engine_temp,sensor_dropout,detection,0.0033,True
ace634d2b9e3,silverstone_RACE,g_force_lateral_v2,schema_drift,detection,0.0046,True
79008d5e2a87,silverstone_RACE,tyre_pressure,sensor_dropout,detection,0.0034,True
977302ed60bc,silverstone_RACE,speed_raw,schema_drift,detection,0.0044,True
52d272438b00,silverstone_RACE,rpm,duplicate_timestamp,detection,0.0036,True
10645ac853c5,silverstone_RACE,throttle,null_value,detection,0.003,True
e9653a355d2e,silverstone_RACE,rpm,bit_flip_low,detection,0.0073,True
76b2fc2817e0,silverstone_RACE,speed,null_value,detection,0.0035,True
e802af842059,silverstone_RACE,throttle,duplicate_timestamp,detection,0.004,True
aaac307183d6,silverstone_RACE,g_force_lateral,null_value,detection,0.0039,True
8d7407196f07,silverstone_RACE,engine_temp_new,schema_drift,detection,0.0047,True
010c77524224,silverstone_RACE,rpm,null_value,detection,0.0042,True
e2fb94696938,silverstone_RACE,throttle,sensor_dropout,detection,0.0037,True
b80a8a8a79b7,silverstone_RACE,engine_temp,duplicate_timestamp,detection,0.0038,True
0b15dd496689,silverstone_RACE,aero_load,bit_flip_high,detection,0.0069,True
f8e17188cb29,silverstone_RACE,engine_temp,bit_flip_high,detection,0.0081,True
7c0b1b34e6cd,silverstone_RACE,aero_load,duplicate_timestamp,detection,0.0044,True
2eb4de1fd380,silverstone_RACE,tyre_pressure_new,schema_drift,detection,0.0047,True
7d9f526db69b,silverstone_RACE,heart_rate,bit_flip_low,detection,0.0056,True
6e1bdf241d21,silverstone_RACE,speed,string_in_numeric,detection,0.0038,True
9c827bf4f2f4,silverstone_RACE,tyre_pressure,duplicate_timestamp,detection,0.0079,True
ef7361d78c25,silverstone_RACE,g_force_lateral,duplicate_timestamp,detection,0.0037,True
f7f6be35aaef,silverstone_RACE,rpm,duplicate_timestamp,detection,0.0044,True
c3d73993fd7a,silverstone_RACE,aero_load,duplicate_timestamp,detection,0.0033,True
abf710b28434,silverstone_RACE,tyre_pressure_alt,schema_drift,detection,0.0107,True
aec5ee0f756b,silverstone_RACE,tyre_pressure,string_in_numeric,detection,0.0025,True
3602a91e5c2d,silverstone_RACE,heart_rate_canbus,schema_drift,detection,0.0045,True
28706cac32ae,silverstone_RACE,rpm,duplicate_timestamp,detection,0.0035,True
f4e03fdc9791,silverstone_RACE,ecu_canbus_canbus,schema_drift,detection,0.0052,True
024c5663fa60,silverstone_RACE,aero_load_v2,schema_drift,detection,0.0044,True
be1bbdf94333,silverstone_RACE,ecu_canbus,null_value,detection,0.0038,True
7c97b2773278,silverstone_RACE,engine_temp,sensor_dropout,detection,0.0086,True
268856e5da4d,silverstone_RACE,rpm,duplicate_timestamp,detection,0.0045,True
69a154274c8e,silverstone_RACE,aero_load,bit_flip_high,detection,0.0074,True
039d1a042390,silverstone_RACE,engine_temp,bit_flip_low,detection,0.0062,True
b6ea44d87c58,silverstone_RACE,aero_load,bit_flip_high,detection,0.0056,True
904da20f6452,silverstone_RACE,tyre_pressure,bit_flip_low,detection,0.0066,True
0e254994cc7a,silverstone_RACE,rpm,bit_flip_low,detection,0.0057,True
d349340d2e3f,silverstone_RACE,speed,null_value,detection,0.0066,True
93997b440b61,silverstone_RACE,brake_temp,string_in_numeric,detection,0.0031,True
eeb296b039ac,silverstone_RACE,speed,null_value,detection,0.0037,True
fc5c28a316ca,silverstone_RACE,rpm,null_value,detection,0.0036,True
597c08658d64,silverstone_RACE,tyre_pressure,sensor_dropout,detection,0.0035,True
dcc403458b65,silverstone_RACE,throttle,bit_flip_high,detection,0.01,True
fdbe7f39b541,silverstone_RACE,tyre_pressure,bit_flip_low,detection,0.0123,True
b29c64a843ee,silverstone_RACE,brake_temp,string_in_numeric,detection,0.0023,True
76251582ecec,silverstone_RACE,tyre_pressure,duplicate_timestamp,detection,0.0039,True
7f656d2a104a,silverstone_RACE,aero_load,string_in_numeric,detection,0.0022,True
9972789a474e,silverstone_RACE,throttle,null_value,detection,0.0038,True
f918f9c2eb47,silverstone_RACE,throttle,sensor_dropout,detection,0.0034,True
a8ffc7bb4165,silverstone_RACE,brake_temp,string_in_numeric,detection,0.0016,True
b69d753aafed,silverstone_RACE,brake_temp,sensor_dropout,detection,0.0037,True
b0f186a92eff,silverstone_RACE,speed,bit_flip_high,detection,0.0072,True
aac6c7877ab2,silverstone_RACE,brake_temp,bit_flip_high,detection,0.0053,True
40d3813d2b26,silverstone_RACE,engine_temp,duplicate_timestamp,detection,0.0041,True
d8a7df3681bc,silverstone_RACE,ecu_canbus,null_value,detection,0.0049,True
6bdd7ef6a45c,silverstone_RACE,heart_rate_canbus,schema_drift,detection,0.0058,True
6d240a457dd4,silverstone_RACE,tyre_pressure,null_value,detection,0.0036,True
d37d5765fe63,silverstone_RACE,aero_load,null_value,detection,0.0035,True
bb872a341493,silverstone_RACE,speed,duplicate_timestamp,detection,0.0039,True
6f45dd0d31fc,silverstone_RACE,aero_load,bit_flip_low,detection,0.006,True
70604227efa4,silverstone_RACE,tyre_pressure,duplicate_timestamp,detection,0.0043,True
1408f1e6f3db,silverstone_RACE,ecu_canbus_new,schema_drift,detection,0.0064,True
3610f451c38c,silverstone_RACE,heart_rate_new,schema_drift,detection,0.0048,True
71ac778a13e7,silverstone_RACE,tyre_pressure,bit_flip_low,detection,0.0065,True
499115f1ed18,silverstone_RACE,heart_rate_alt,schema_drift,detection,0.0041,True
5834f1315cd6,silverstone_RACE,throttle,bit_flip_high,detection,0.0061,True
0e52e5894cac,silverstone_RACE,engine_temp,sensor_dropout,detection,0.0038,True
614a95150db0,silverstone_RACE,heart_rate,null_value,detection,0.0036,True
08b1a4545791,silverstone_RACE,speed,bit_flip_low,detection,0.0068,True
050df0b97c61,silverstone_RACE,ecu_canbus,null_value,detection,0.0036,True
0879ba78cb23,silverstone_RACE,throttle,null_value,detection,0.0032,True
2becbb26ee88,silverstone_RACE,heart_rate,sensor_dropout,detection,0.0031,True
02d43754775e,silverstone_RACE,throttle,duplicate_timestamp,detection,0.0095,True
4efc9a3f940e,silverstone_RACE,engine_temp,null_value,detection,0.0036,True
ea76ced5df23,silverstone_RACE,speed,sensor_dropout,detection,0.0042,True
b80443ed30a4,silverstone_RACE,throttle,null_value,detection,0.0056,True
43775c1d06d6,silverstone_RACE,engine_temp,string_in_numeric,detection,0.0029,True
acddee961018,silverstone_RACE,ecu_canbus,bit_flip_high,detection,0.0068,True
1492f5052405,silverstone_RACE,rpm,sensor_dropout,detection,0.0034,True
189abf572b29,silverstone_RACE,heart_rate,bit_flip_high,detection,0.006,True
e120e5ecdbdb,silverstone_RACE,speed,sensor_dropout,detection,0.0031,True
04b41db4156e,silverstone_RACE,aero_load,bit_flip_low,detection,0.0061,True
ac9458b8f9f0,silverstone_RACE,aero_load,sensor_dropout,detection,0.0046,True
b3b217730570,silverstone_RACE,tyre_pressure_v2,schema_drift,detection,0.0051,True
f0155c25a6fe,silverstone_RACE,heart_rate,string_in_numeric,detection,0.0021,True
4409e4a7d674,silverstone_RACE,throttle,duplicate_timestamp,detection,0.0037,True
fdaef3b8d49e,silverstone_RACE,aero_load,bit_flip_low,detection,0.0064,True
9a960ed0f088,silverstone_RACE,heart_rate,duplicate_timestamp,detection,0.0043,True
bb8686e00ff4,silverstone_RACE,g_force_lateral,bit_flip_low,detection,0.0055,True
1ae16f5cf531,silverstone_RACE,speed,null_value,detection,0.0045,True
29fb73367aa4,silverstone_RACE,throttle,duplicate_timestamp,detection,0.0039,True
2c031638778d,silverstone_RACE,heart_rate,sensor_dropout,detection,0.0033,True
14cf4635bfd5,silverstone_RACE,rpm,sensor_dropout,detection,0.0028,True
d24135731df3,silverstone_RACE,engine_temp,bit_flip_low,detection,0.0073,True
1a3954df03ca,silverstone_RACE,tyre_pressure_new,schema_drift,detection,0.0053,True
bb1b3067a686,silverstone_RACE,heart_rate,bit_flip_high,detection,0.0177,True
115dc7634ddb,silverstone_RACE,rpm,duplicate_timestamp,detection,0.004,True
92abc39e297f,silverstone_RACE,tyre_pressure,bit_flip_low,detection,0.0066,True
8b328a8113a0,silverstone_RACE,brake_temp,string_in_numeric,detection,0.0022,True
283bc709c685,silverstone_RACE,aero_load,duplicate_timestamp,detection,0.0049,True
ef9a8fef83a5,silverstone_RACE,heart_rate,sensor_dropout,detection,0.0036,True
e012ea243d4d,silverstone_RACE,rpm,duplicate_timestamp,detection,0.0038,True
984278ce39f2,silverstone_RACE,ecu_canbus,bit_flip_low,detection,0.0068,True
59bc10e2b463,silverstone_RACE,heart_rate,string_in_numeric,detection,0.0021,True
652692e0ebc3,silverstone_RACE,g_force_lateral,null_value,detection,0.0038,True
857d6de30c5e,silverstone_RACE,ecu_canbus,bit_flip_high,detection,0.0076,True
263a881c9b1d,silverstone_RACE,rpm,sensor_dropout,detection,0.0035,True
9028cbb4f779,silverstone_RACE,speed,sensor_dropout,detection,0.0037,True
917fa348eaee,silverstone_RACE,rpm,sensor_dropout,detection,0.004,True
6eed1ba065f8,silverstone_RACE,heart_rate,string_in_numeric,detection,0.0028,True
9795612849e8,silverstone_RACE,ecu_canbus,bit_flip_high,detection,0.0073,True
1cd4cbc0047c,silverstone_RACE,g_force_lateral,bit_flip_high,detection,0.0056,True
770eb4edb4e6,silverstone_RACE,ecu_canbus,bit_flip_low,detection,0.0071,True
b2baa4414055,silverstone_RACE,g_force_lateral,string_in_numeric,detection,0.003,True
b09a04f8f11e,silverstone_RACE,engine_temp,bit_flip_low,detection,0.0055,True
88136bfbacc9,silverstone_RACE,g_force_lateral_canbus,schema_drift,detection,0.0066,True
aa007f96b7a2,silverstone_RACE,throttle_alt,schema_drift,detection,0.0044,True
72e08ec8f2a8,silverstone_RACE,engine_temp,null_value,detection,0.0048,True
d2e75faa8424,silverstone_RACE,tyre_pressure,string_in_numeric,detection,0.0022,True
04a98798139f,silverstone_RACE,brake_temp,null_value,detection,0.004,True
507dcdb414a0,silverstone_RACE,aero_load,null_value,detection,0.0034,True
c5e4a6fec670,silverstone_RACE,ecu_canbus,null_value,detection,0.0059,True
5251ab8d2118,silverstone_RACE,heart_rate,bit_flip_high,detection,0.0068,True
845e3f0e92b5,silverstone_RACE,throttle,sensor_dropout,detection,0.0042,True
c213b4dfdd35,silverstone_RACE,tyre_pressure,string_in_numeric,detection,0.0019,True
c61bda79ec59,silverstone_RACE,ecu_canbus,duplicate_timestamp,detection,0.004,True
31f82bdff0fd,silverstone_RACE,heart_rate,bit_flip_high,detection,0.0066,True
acba2cbef1d1,silverstone_RACE,aero_load,bit_flip_high,detection,0.0076,True
cab05976ff60,silverstone_RACE,ecu_canbus,bit_flip_low,detection,0.0062,True
f9c88315a91f,silverstone_RACE,speed_canbus,schema_drift,detection,0.0046,True
2a859bf02c9e,silverstone_RACE,brake_temp_raw,schema_drift,detection,0.0051,True
d577f649980f,silverstone_RACE,engine_temp,bit_flip_low,detection,0.007,True
6d67a6560da0,silverstone_RACE,aero_load,bit_flip_high,detection,0.0061,True
8006515b7354,silverstone_RACE,heart_rate,null_value,detection,0.0048,True
7f363cad04bb,silverstone_RACE,rpm,null_value,detection,0.0037,True
9f7a38c19fe0,silverstone_RACE,throttle,string_in_numeric,detection,0.002,True
306b8a112444,silverstone_RACE,engine_temp,bit_flip_high,detection,0.0065,True
fb609317fb97,silverstone_RACE,ecu_canbus_new,schema_drift,detection,0.0045,True
c24b1ea05f48,silverstone_RACE,heart_rate,duplicate_timestamp,detection,0.004,True
3e849ec24808,silverstone_RACE,engine_temp,bit_flip_high,detection,0.0078,True
3e7a0c16e185,silverstone_RACE,aero_load_new,schema_drift,detection,0.0048,True
53071072aef9,silverstone_RACE,tyre_pressure,bit_flip_high,detection,0.0103,True
1575608a7a8a,silverstone_RACE,rpm,null_value,detection,0.0041,True
4ccf852786b5,silverstone_RACE,throttle,sensor_dropout,detection,0.0099,True
18559ab0781d,silverstone_RACE,heart_rate,null_value,detection,0.004,True
1dc7b8d96e04,silverstone_RACE,tyre_pressure,bit_flip_high,detection,0.0068,True
00b3c77347ed,silverstone_RACE,rpm_v2,schema_drift,detection,0.0055,True
9e9a267c85df,silverstone_RACE,speed,duplicate_timestamp,detection,0.0046,True
9763343de518,silverstone_RACE,g_force_lateral,string_in_numeric,detection,0.0029,True
e5096a7f6272,silverstone_RACE,brake_temp,null_value,detection,0.0037,True
f58b90ee2f82,silverstone_RACE,speed,null_value,detection,0.0036,True
0f5170dd3e7b,silverstone_RACE,engine_temp,bit_flip_low,detection,0.0065,True
dbe1b60141ca,silverstone_RACE,aero_load,bit_flip_low,detection,0.0066,True
cfbd076662b4,silverstone_RACE,speed,bit_flip_high,detection,0.0221,True
01439423765a,silverstone_RACE,throttle,string_in_numeric,detection,0.0025,True
15eaf97d71ae,silverstone_RACE,brake_temp,string_in_numeric,detection,0.0019,True
97f92c928350,silverstone_RACE,aero_load,null_value,detection,0.0037,True
b422742714fd,silverstone_RACE,rpm,duplicate_timestamp,detection,0.0037,True
2e86008513e5,silverstone_RACE,brake_temp,duplicate_timestamp,detection,0.0078,True
297f3ba870af,silverstone_RACE,heart_rate,sensor_dropout,detection,0.0036,True
6292a2a1daed,silverstone_RACE,g_force_lateral,duplicate_timestamp,detection,0.004,True
f0b51bded250,silverstone_RACE,brake_temp,bit_flip_high,detection,0.0067,True
6cda882e7480,silverstone_RACE,g_force_lateral_new,schema_drift,detection,0.0047,True
41cb65a60db5,silverstone_RACE,rpm,bit_flip_high,detection,0.0064,True
001ab90762a5,silverstone_RACE,engine_temp,string_in_numeric,detection,0.0025,True
65d184312f8d,silverstone_RACE,g_force_lateral,bit_flip_high,detection,0.0392,True
cd065525b43a,silverstone_RACE,brake_temp,bit_flip_low,detection,0.0061,True
31ed31894d95,silverstone_RACE,engine_temp,duplicate_timestamp,detection,0.0041,True
6a284a7935f9,silverstone_RACE,aero_load,bit_flip_low,detection,0.0074,True
c0b4a9e8d0bc,silverstone_RACE,ecu_canbus_alt,schema_drift,detection,0.0047,True
b3b57d8a3850,budapest_FP1,g_force_lateral_new,schema_drift,detection,0.0139,True
e6a0eb352de3,budapest_FP1,throttle_canbus,schema_drift,detection,0.0055,True
112c64c7fa94,budapest_FP1,engine_temp,null_value,detection,0.004,True
b617f69da12a,budapest_FP1,throttle,bit_flip_high,detection,0.0068,True
13fc959d836b,budapest_FP1,brake_temp,bit_flip_low,detection,0.0073,True
61712b3ca0d1,budapest_FP1,heart_rate,sensor_dropout,detection,0.0049,True
adc2e140490b,budapest_FP1,speed,bit_flip_low,detection,0.0064,True
4ac8e27b906c,budapest_FP1,throttle,null_value,detection,0.0035,True
a9f3efa3f6ca,budapest_FP1,throttle,bit_flip_high,detection,0.0064,True
42d2e24df54c,budapest_FP1,engine_temp,bit_flip_high,detection,0.0067,True
cdecf94912cc,budapest_FP1,tyre_pressure,bit_flip_high,detection,0.0052,True
5c8f8dfcb301,budapest_FP1,tyre_pressure,sensor_dropout,detection,0.0039,True
2ae93d1d09d4,budapest_FP1,rpm,string_in_numeric,detection,0.0025,True
f028a224c8b7,budapest_FP1,throttle,bit_flip_low,detection,0.0064,True
23a085adf5eb,budapest_FP1,engine_temp,string_in_numeric,detection,0.0035,True
e59f104cc151,budapest_FP1,heart_rate,duplicate_timestamp,detection,0.0041,True
2dea17fc4077,budapest_FP1,speed,bit_flip_high,detection,0.0077,True
b6ddcbd6e1e8,budapest_FP1,throttle,bit_flip_low,detection,0.006,True
ee9c6f1aa4e3,budapest_FP1,aero_load_canbus,schema_drift,detection,0.0091,True
0935f0ccbb9c,budapest_FP1,tyre_pressure,string_in_numeric,detection,0.0028,True
40d769e1fb86,budapest_FP1,ecu_canbus,sensor_dropout,detection,0.0065,True
bc1029f96de1,budapest_FP1,g_force_lateral,duplicate_timestamp,detection,0.0044,True
746e489cfb69,budapest_FP1,rpm,sensor_dropout,detection,0.0036,True
cec9de856eb4,budapest_FP1,throttle,bit_flip_high,detection,0.0065,True
81d0326617a3,budapest_FP1,engine_temp,bit_flip_high,detection,0.0052,True
5b8499ed315c,budapest_FP1,g_force_lateral,duplicate_timestamp,detection,0.0042,True
e9bdb591f41a,budapest_FP1,brake_temp,sensor_dropout,detection,0.0035,True
99abda437298,budapest_FP1,aero_load,string_in_numeric,detection,0.0023,True
bafc8ad179f5,budapest_FP1,speed,null_value,detection,0.0036,True
c6957333e80c,budapest_FP1,throttle,bit_flip_low,detection,0.0068,True
500c26892284,budapest_FP1,tyre_pressure_canbus,schema_drift,detection,0.0051,True
c5db08fcca2a,budapest_FP1,rpm,duplicate_timestamp,detection,0.0038,True
f064c2f8ee09,budapest_FP1,brake_temp,bit_flip_high,detection,0.0058,True
6b10e75ca4da,budapest_FP1,throttle,bit_flip_high,detection,0.0114,True
aa27cbd2b2e1,budapest_FP1,brake_temp,string_in_numeric,detection,0.0026,True
acdf35f3f4e9,budapest_FP1,tyre_pressure,string_in_numeric,detection,0.0021,True
e279782101f0,budapest_FP1,throttle,null_value,detection,0.0049,True
a162f34c6eb3,budapest_FP1,ecu_canbus,null_value,detection,0.0032,True
a0636b8cb7fe,budapest_FP1,tyre_pressure,bit_flip_high,detection,0.007,True
bde49a3c440b,budapest_FP1,speed,bit_flip_high,detection,0.0061,True
2cf18f2b54b3,budapest_FP1,ecu_canbus,bit_flip_low,detection,0.0083,True
42c8ed148162,budapest_FP1,ecu_canbus_new,schema_drift,detection,0.0058,True
aab1e03f1cf3,budapest_FP1,g_force_lateral,null_value,detection,0.0037,True
e67b10500c8b,budapest_FP1,aero_load,null_value,detection,0.003,True
db00b523691b,budapest_FP1,engine_temp,bit_flip_high,detection,0.0067,True
f498da37ac17,budapest_FP1,ecu_canbus,bit_flip_low,detection,0.0039,False
39ef363475dc,budapest_FP1,g_force_lateral,null_value,detection,0.007,True
1a9f147ec88a,budapest_FP1,aero_load,duplicate_timestamp,detection,0.0037,True
9cdc13cda565,budapest_FP1,engine_temp,bit_flip_high,detection,0.0065,True
3a9fc4ab4d4f,budapest_FP1,aero_load,duplicate_timestamp,detection,0.0042,True
cb73e4993df5,budapest_FP1,ecu_canbus_v2,schema_drift,detection,0.0063,True
d2aa54bed037,budapest_FP1,brake_temp,null_value,detection,0.0034,True
1d25a14fbde3,budapest_FP1,aero_load,null_value,detection,0.0035,True
4b244c4258b8,budapest_FP1,heart_rate,sensor_dropout,detection,0.0033,True
65798877a3a4,budapest_FP1,throttle,null_value,detection,0.0031,True
0e0915866bee,budapest_FP1,speed,bit_flip_low,detection,0.0065,True
472d86e0ca7e,budapest_FP1,speed,null_value,detection,0.003,True
ee2ba68eacb8,budapest_FP1,ecu_canbus,bit_flip_low,detection,0.0057,True
ba5759f81b31,budapest_FP1,brake_temp,sensor_dropout,detection,0.0033,True
a3b80fe89621,budapest_FP1,g_force_lateral,string_in_numeric,detection,0.0022,True
f4e5977dc689,budapest_FP1,brake_temp,duplicate_timestamp,detection,0.0035,True
afec14f86b4c,budapest_FP1,g_force_lateral,null_value,detection,0.0039,True
fc2958dbc917,budapest_FP1,throttle,duplicate_timestamp,detection,0.0048,True
4e3b4ce943b5,budapest_FP1,brake_temp_canbus,schema_drift,detection,0.0129,True
653c233cf95f,budapest_FP1,aero_load,null_value,detection,0.004,True
c0f0ab6f6a92,budapest_FP1,engine_temp,string_in_numeric,detection,0.0024,True
88c769c817d8,budapest_FP1,rpm,string_in_numeric,detection,0.0021,True
b559f9206f23,budapest_FP1,tyre_pressure,sensor_dropout,detection,0.0035,True
4abf934d60b4,budapest_FP1,rpm_canbus,schema_drift,detection,0.0053,True
a1ac49884f48,budapest_FP1,throttle,bit_flip_high,detection,0.0071,True
815dae28b218,budapest_FP1,aero_load,string_in_numeric,detection,0.0024,True
fc7896c4cd6b,budapest_FP1,tyre_pressure,null_value,detection,0.0049,True
a0cab08f6c15,budapest_FP1,engine_temp,sensor_dropout,detection,0.0043,True
a49bd5a5e0df,budapest_FP1,tyre_pressure,string_in_numeric,detection,0.0018,True
b2651edbb424,budapest_FP1,aero_load,duplicate_timestamp,detection,0.0038,True
f2e821a42ae3,budapest_FP1,brake_temp,bit_flip_low,detection,0.0062,True
4014cec34654,budapest_FP1,throttle,sensor_dropout,detection,0.0094,True
d76358921a90,budapest_FP1,heart_rate,string_in_numeric,detection,0.0019,True
3c9660b11988,budapest_FP1,engine_temp,bit_flip_high,detection,0.0059,True
da27071ba87c,budapest_FP1,speed,bit_flip_low,detection,0.006,True
5d5e3f8436b2,budapest_FP1,tyre_pressure,null_value,detection,0.0031,True
b5bd6a4cdaa6,budapest_FP1,ecu_canbus_raw,schema_drift,detection,0.0043,True
b3b7b918399f,budapest_FP1,throttle,duplicate_timestamp,detection,0.0049,True
cae5c15106c1,budapest_FP1,engine_temp,null_value,detection,0.0033,True
73b4d8e13c96,budapest_FP1,speed_canbus,schema_drift,detection,0.0052,True
93729055683e,budapest_FP1,brake_temp,bit_flip_low,detection,0.0065,True
c5ee7179aa64,budapest_FP1,aero_load,bit_flip_high,detection,0.0055,True
09d0daaad29f,budapest_FP1,ecu_canbus,bit_flip_high,detection,0.0089,True
545ed5a354d4,budapest_FP1,speed,duplicate_timestamp,detection,0.0041,True
784da6883603,budapest_FP1,throttle,null_value,detection,0.0039,True
b3780d31fb69,budapest_FP1,g_force_lateral,bit_flip_low,detection,0.0079,True
ec4799c8d203,budapest_FP1,engine_temp,null_value,detection,0.0033,True
693264831dfd,budapest_FP1,speed,bit_flip_low,detection,0.0063,True
af5af05ad025,budapest_FP1,aero_load,sensor_dropout,detection,0.0031,True
1bd4f6db555a,budapest_FP1,tyre_pressure,string_in_numeric,detection,0.0019,True
81fa81b8a447,budapest_FP1,aero_load,bit_flip_high,detection,0.0057,True
3e6fc57fdbeb,budapest_FP1,tyre_pressure,bit_flip_high,detection,0.0048,True
89f752ee9517,budapest_FP1,speed,bit_flip_low,detection,0.0063,True
76f771821791,budapest_FP1,g_force_lateral,duplicate_timestamp,detection,0.004,True
4544af7628d5,budapest_FP1,brake_temp,bit_flip_low,detection,0.0065,True
2355a55da79f,budapest_FP1,tyre_pressure,bit_flip_high,detection,0.0051,True
122944a94bfc,budapest_FP1,g_force_lateral,string_in_numeric,detection,0.002,True
5fb4afb12e42,budapest_FP1,g_force_lateral,duplicate_timestamp,detection,0.0043,True
530160008acb,budapest_FP1,speed,bit_flip_low,detection,0.0068,True
bad989593959,budapest_FP1,throttle,bit_flip_low,detection,0.0057,True
b0f46add2f98,budapest_FP1,brake_temp,duplicate_timestamp,detection,0.0036,True
73254c009bb4,budapest_FP1,aero_load,bit_flip_low,detection,0.005,True
7f8f3f4911bb,budapest_FP1,heart_rate,duplicate_timestamp,detection,0.0049,True
9d2b100b4b29,budapest_FP1,speed_canbus,schema_drift,detection,0.0076,True
2afbe4563b16,budapest_FP1,speed,bit_flip_high,detection,0.0064,True
9872fb5dcb14,budapest_FP1,rpm,bit_flip_high,detection,0.0057,True
1201b247b661,budapest_FP1,engine_temp,bit_flip_low,detection,0.0066,True
c9f8a3fe87ba,budapest_FP1,rpm,null_value,detection,0.0032,True
3e7ab54eebe6,budapest_FP1,g_force_lateral,null_value,detection,0.0037,True
6dab71e81b49,budapest_FP1,rpm,string_in_numeric,detection,0.0024,True
a4ec6bea25c1,budapest_FP1,g_force_lateral,sensor_dropout,detection,0.0039,True
6afa2558b457,budapest_FP1,throttle,duplicate_timestamp,detection,0.0038,True
ca58b5880cb7,budapest_FP1,aero_load_v2,schema_drift,detection,0.0048,True
912155135217,budapest_FP1,heart_rate,bit_flip_high,detection,0.0064,True
00b2f4797b71,budapest_FP1,engine_temp,bit_flip_low,detection,0.0054,True
2f6a787cfd69,budapest_FP1,aero_load,null_value,detection,0.0032,True
ca548fd968f8,budapest_FP1,tyre_pressure,string_in_numeric,detection,0.0026,True
1218f1a50fd5,budapest_FP1,g_force_lateral,bit_flip_high,detection,0.0196,True
4ef45c4add62,budapest_FP1,brake_temp,duplicate_timestamp,detection,0.0044,True
b34ecb36109b,budapest_FP1,aero_load,duplicate_timestamp,detection,0.0039,True
c66e33b0f400,budapest_FP1,engine_temp,bit_flip_low,detection,0.0065,True
7032b48ab881,budapest_FP1,ecu_canbus,duplicate_timestamp,detection,0.0052,True
86f637ec769f,budapest_FP1,rpm,string_in_numeric,detection,0.0022,True
31c0b5140c32,budapest_FP1,tyre_pressure,null_value,detection,0.0036,True
11f100f4b83d,budapest_FP1,ecu_canbus,null_value,detection,0.0116,True
f0cace4bf43a,budapest_FP1,g_force_lateral_alt,schema_drift,detection,0.0065,True
9fd2c0eaebf7,budapest_FP1,brake_temp,bit_flip_high,detection,0.0063,True
1a8d7785ac71,budapest_FP1,heart_rate,sensor_dropout,detection,0.0043,True
ca5b64a0deaf,budapest_FP1,ecu_canbus,sensor_dropout,detection,0.0042,True
c1ededc8b8b4,budapest_FP1,rpm,bit_flip_low,detection,0.0084,True
64ed9db35faf,budapest_FP1,brake_temp,bit_flip_low,detection,0.0055,True
2c789f0db075,budapest_FP1,g_force_lateral,null_value,detection,0.0033,True
02657be38336,budapest_FP1,aero_load,string_in_numeric,detection,0.0021,True
7dbd4462c057,budapest_FP1,speed_alt,schema_drift,detection,0.0059,True
e36ef5b95f50,budapest_FP1,speed,bit_flip_high,detection,0.0071,True
33766dced74a,budapest_FP1,engine_temp,duplicate_timestamp,detection,0.005,True
4cfd822c0e03,budapest_FP1,aero_load,null_value,detection,0.0036,True
1dd6ad6da894,budapest_FP1,tyre_pressure,duplicate_timestamp,detection,0.0036,True
18b4ff9e7fab,budapest_FP1,speed,duplicate_timestamp,detection,0.0035,True
3d783589486f,budapest_FP1,rpm,bit_flip_low,detection,0.0063,True
e6a7e3fbb14a,budapest_FP1,brake_temp,bit_flip_high,detection,0.005,True
d9a55d9f07b3,budapest_FP1,speed_canbus,schema_drift,detection,0.0061,True
1b7cef1cd241,budapest_FP1,ecu_canbus,null_value,detection,0.0035,True
260e85261be5,budapest_FP1,tyre_pressure,duplicate_timestamp,detection,0.0038,True
de6aa5416ea1,budapest_FP1,rpm,bit_flip_low,detection,0.0066,True
27461a596e2e,budapest_FP1,ecu_canbus,null_value,detection,0.0029,True
9872ae47ae84,budapest_FP1,g_force_lateral,sensor_dropout,detection,0.0032,True
e4e08f742ed6,budapest_FP1,throttle,string_in_numeric,detection,0.0027,True
2827f05e952c,budapest_FP1,g_force_lateral_raw,schema_drift,detection,0.0051,True
3ede0ba8ae04,budapest_FP1,aero_load,duplicate_timestamp,detection,0.0039,True
73f58cc6083b,budapest_FP1,aero_load,bit_flip_high,detection,0.007,True
7f7a5c1e1d7b,budapest_FP1,tyre_pressure,duplicate_timestamp,detection,0.0039,True
a72898f7bc5f,budapest_FP1,tyre_pressure,bit_flip_high,detection,0.006,True
31c66b8c4677,budapest_FP1,g_force_lateral,bit_flip_high,detection,0.005,True
f9f8d860e749,budapest_FP1,throttle,bit_flip_high,detection,0.0058,True
000ff0c3865f,budapest_FP1,ecu_canbus,string_in_numeric,detection,0.0028,True
942d2bdd0745,budapest_FP1,speed,bit_flip_high,detection,0.0065,True
c816ed59bc5c,budapest_FP1,speed,bit_flip_low,detection,0.0057,True
e701e5b6fca5,budapest_FP1,ecu_canbus,bit_flip_high,detection,0.0064,True
6b0319d2ef5c,budapest_FP1,rpm,null_value,detection,0.0032,True
8b0cdac0c6e2,budapest_FP1,throttle,bit_flip_low,detection,0.0057,True
b7e2da26f2d3,budapest_FP1,aero_load_canbus,schema_drift,detection,0.0049,True
10900d6003c0,budapest_FP1,ecu_canbus,null_value,detection,0.0037,True
8651163e5b80,budapest_FP1,heart_rate,string_in_numeric,detection,0.0021,True
b6a526ebe6ab,budapest_FP1,brake_temp,bit_flip_high,detection,0.0065,True
9bbf723b62ed,budapest_FP1,ecu_canbus,bit_flip_low,detection,0.004,True
5c7891791c37,budapest_FP1,speed,sensor_dropout,detection,0.0036,True
1663da2193ae,budapest_FP1,rpm,null_value,detection,0.0035,True
eef1728e6468,budapest_FP1,aero_load_raw,schema_drift,detection,0.0044,True
ffe2f03731e8,budapest_FP1,rpm,null_value,detection,0.0042,True
47e457e4b3d3,budapest_FP1,aero_load,null_value,detection,0.0034,True
8ac8c2314783,budapest_FP1,tyre_pressure,duplicate_timestamp,detection,0.0112,True
3fbbaeae77e7,budapest_FP1,throttle,null_value,detection,0.0034,True
a19829797d29,budapest_FP1,brake_temp_canbus,schema_drift,detection,0.0055,True
1497643d85a6,budapest_FP1,engine_temp,null_value,detection,0.003,True
bca99973e20d,budapest_FP1,aero_load,bit_flip_low,detection,0.0068,True
147cc544e7c1,budapest_FP1,ecu_canbus,string_in_numeric,detection,0.0025,True
ec1c972e0d62,budapest_FP1,speed,duplicate_timestamp,detection,0.0072,True
a85705dfd350,budapest_FP1,rpm,duplicate_timestamp,detection,0.0038,True
81611d7fcb29,budapest_FP1,tyre_pressure,sensor_dropout,detection,0.0034,True
9d36880af80f,budapest_FP1,brake_temp,duplicate_timestamp,detection,0.0035,True
4543c3adef24,budapest_FP1,tyre_pressure,sensor_dropout,detection,0.0077,True
35981146e005,budapest_FP1,rpm,sensor_dropout,detection,0.0041,True
e6e224e20a15,budapest_FP1,engine_temp,bit_flip_low,detection,0.0053,True
65a953668ea8,budapest_FP1,engine_temp,string_in_numeric,detection,0.0033,True
b3c014a0a185,budapest_FP1,tyre_pressure_raw,schema_drift,detection,0.0044,True
cde7c98b3048,budapest_FP1,speed,null_value,detection,0.0029,True
d7622156881f,budapest_FP1,throttle,null_value,detection,0.003,True
f6c19ad9d7d4,budapest_FP1,throttle,null_value,detection,0.0054,True
beac6420aa2f,budapest_FP1,ecu_canbus,duplicate_timestamp,detection,0.0039,True
60f29f7bd232,budapest_FP1,g_force_lateral,duplicate_timestamp,detection,0.0036,True
2a31b1142934,budapest_FP1,speed,sensor_dropout,detection,0.0033,True
dc52f6b20b3c,budapest_FP1,engine_temp_new,schema_drift,detection,0.0042,True
2c6ddfd242ce,budapest_FP1,heart_rate,bit_flip_low,detection,0.0066,True
7ef19d133556,budapest_FP1,aero_load_alt,schema_drift,detection,0.0083,True
5b05fdaf99d4,budapest_FP1,speed,bit_flip_low,detection,0.007,True
0621491029d3,budapest_FP1,rpm,duplicate_timestamp,detection,0.0043,True
94717952daee,budapest_FP1,tyre_pressure,bit_flip_low,detection,0.0078,True
b576116f72a7,budapest_FP1,aero_load,sensor_dropout,detection,0.0038,True
718100926b2c,budapest_FP1,g_force_lateral,bit_flip_high,detection,0.0066,True
40d0a8858dd7,budapest_FP1,engine_temp,bit_flip_low,detection,0.0061,True
410bebd90bf4,budapest_FP1,g_force_lateral,null_value,detection,0.0033,True
501d6b68b0cd,budapest_FP1,heart_rate,bit_flip_low,detection,0.01,True
f6977ace2e98,budapest_FP1,throttle,bit_flip_low,detection,0.0056,True
efc7bf913052,budapest_FP1,engine_temp,bit_flip_low,detection,0.0049,True
3f4833ab3c9b,budapest_FP1,tyre_pressure,duplicate_timestamp,detection,0.0036,True
a9bd2b88b453,budapest_FP1,brake_temp,bit_flip_high,detection,0.0055,True
8a66940b4cb9,budapest_FP1,aero_load,bit_flip_low,detection,0.0057,True
36b42351a0ac,budapest_FP1,tyre_pressure,null_value,detection,0.0075,True
6bd03716f5fa,budapest_FP1,g_force_lateral,bit_flip_high,detection,0.0059,True
b33958e6d901,budapest_FP1,aero_load,duplicate_timestamp,detection,0.0037,True
217bfed0b00f,budapest_FP1,heart_rate,string_in_numeric,detection,0.0022,True
cb67bfc06ff6,budapest_FP1,brake_temp,duplicate_timestamp,detection,0.0033,True
a3f4130d068f,budapest_FP1,speed,sensor_dropout,detection,0.0041,True
7198d4a38ba0,budapest_FP1,engine_temp,bit_flip_low,detection,0.0066,True
ef9de1dbc150,budapest_FP1,aero_load,bit_flip_high,detection,0.0148,True
6e07ee37c858,budapest_FP1,throttle,bit_flip_high,detection,0.0067,True
8c7347cc3694,budapest_FP1,brake_temp,string_in_numeric,detection,0.0022,True
5572e0770650,budapest_FP1,tyre_pressure,null_value,detection,0.0032,True
4956a107dcc9,budapest_FP1,speed_new,schema_drift,detection,0.0045,True
e3127f36c041,budapest_FP1,heart_rate,sensor_dropout,detection,0.0034,True
59d6c90a1fdb,budapest_FP1,engine_temp,bit_flip_high,detection,0.0066,True
059eb8f5d367,budapest_FP1,heart_rate,duplicate_timestamp,detection,0.0035,True
4b710f32c49e,budapest_FP1,speed,sensor_dropout,detection,0.0034,True
a31c43b38795,budapest_FP1,rpm,null_value,detection,0.0029,True
8011283c7095,budapest_FP1,ecu_canbus,bit_flip_high,detection,0.0062,True
d0d81324848c,budapest_FP1,brake_temp,null_value,detection,0.0033,True
593c4bd6e237,budapest_FP1,g_force_lateral,string_in_numeric,detection,0.002,True
ed8f5ade533a,budapest_FP1,heart_rate,duplicate_timestamp,detection,0.0045,True
e1e00dff30ec,budapest_FP1,engine_temp,duplicate_timestamp,detection,0.0034,True
e58ad48fc757,budapest_FP1,aero_load,null_value,detection,0.0029,True
8fd525b94de9,budapest_FP1,throttle,sensor_dropout,detection,0.0033,True
ed790d92236f,budapest_FP1,ecu_canbus,duplicate_timestamp,detection,0.0048,True
a1e3b6e2f09c,budapest_FP1,g_force_lateral,duplicate_timestamp,detection,0.0045,True
6f4024e2090f,budapest_FP1,ecu_canbus,duplicate_timestamp,detection,0.0037,True
31638b9ad604,budapest_FP1,ecu_canbus,sensor_dropout,detection,0.0041,True
db0cfa40680c,budapest_FP1,speed,sensor_dropout,detection,0.0045,True
2b00350cd113,budapest_FP1,rpm,sensor_dropout,detection,0.0038,True
697ab46e80f5,budapest_FP1,brake_temp,string_in_numeric,detection,0.0023,True
5d274ee282ae,budapest_FP1,aero_load,duplicate_timestamp,detection,0.0041,True
5222e3e9eb0a,budapest_FP1,tyre_pressure_raw,schema_drift,detection,0.0053,True
b4125f8d952e,budapest_FP1,throttle,null_value,detection,0.003,True
b5d1c87b7602,budapest_FP1,engine_temp,string_in_numeric,detection,0.0016,True
e80e14ff15fb,budapest_FP1,aero_load_alt,schema_drift,detection,0.0048,True
c4eece3b2f6d,budapest_FP1,brake_temp_v2,schema_drift,detection,0.004,True
961f82645848,budapest_FP1,brake_temp,null_value,detection,0.0036,True
00cf41316988,budapest_FP2,throttle,bit_flip_high,detection,0.0079,True
05d88c23654b,budapest_FP2,brake_temp,null_value,detection,0.0041,True
b10f0e57ee61,budapest_FP2,g_force_lateral,string_in_numeric,detection,0.0025,True
78d340a8aedb,budapest_FP2,aero_load,string_in_numeric,detection,0.002,True
d368dea75de4,budapest_FP2,speed,bit_flip_high,detection,0.006,True
2ebcb8bb840d,budapest_FP2,rpm,sensor_dropout,detection,0.0035,True
c7d5ecf2421c,budapest_FP2,throttle,duplicate_timestamp,detection,0.0038,True
14bd365ed3fd,budapest_FP2,ecu_canbus,bit_flip_high,detection,0.0065,True
1e9049722baa,budapest_FP2,heart_rate,null_value,detection,0.0031,True
ea5acbfadc94,budapest_FP2,speed,duplicate_timestamp,detection,0.0038,True
388397e0418f,budapest_FP2,throttle,bit_flip_low,detection,0.0119,True
c9b322034072,budapest_FP2,engine_temp,string_in_numeric,detection,0.0024,True
b3b15a583182,budapest_FP2,tyre_pressure_canbus,schema_drift,detection,0.0047,True
b9988495e2e9,budapest_FP2,speed,sensor_dropout,detection,0.0031,True
cb133909cc0b,budapest_FP2,engine_temp,sensor_dropout,detection,0.0036,True
46bd641b815d,budapest_FP2,tyre_pressure,sensor_dropout,detection,0.0034,True
0a5f38787624,budapest_FP2,ecu_canbus,duplicate_timestamp,detection,0.0049,True
119050c7eef8,budapest_FP2,g_force_lateral_alt,schema_drift,detection,0.0052,True
6ebec6b69902,budapest_FP2,speed,duplicate_timestamp,detection,0.0038,True
7e7fed422ca5,budapest_FP2,tyre_pressure,bit_flip_high,detection,0.0064,True
54db10fc40e1,budapest_FP2,speed,string_in_numeric,detection,0.002,True
0166939114ea,budapest_FP2,heart_rate,duplicate_timestamp,detection,0.0046,True
90d9c7a5f7df,budapest_FP2,speed,duplicate_timestamp,detection,0.0035,True
c261fc6f7834,budapest_FP2,throttle,sensor_dropout,detection,0.0034,True
43434a8a6561,budapest_FP2,g_force_lateral,null_value,detection,0.0044,True
640a7e0fbfb2,budapest_FP2,engine_temp,duplicate_timestamp,detection,0.0041,True
ab6d1cb6fcfb,budapest_FP2,engine_temp,bit_flip_low,detection,0.0062,True
fb1830b2479b,budapest_FP2,rpm,string_in_numeric,detection,0.0022,True
d31710c0cc7e,budapest_FP2,ecu_canbus_raw,schema_drift,detection,0.0061,True
3ef00c120884,budapest_FP2,speed,bit_flip_low,detection,0.0088,True
19d0412b103c,budapest_FP2,engine_temp,sensor_dropout,detection,0.0048,True
cb3c36aaaace,budapest_FP2,speed,bit_flip_low,detection,0.0122,True
48efb8ea300e,budapest_FP2,engine_temp,duplicate_timestamp,detection,0.0041,True
b9f0ae2b39cc,budapest_FP2,tyre_pressure_v2,schema_drift,detection,0.0048,True
1b15dec19933,budapest_FP2,heart_rate,duplicate_timestamp,detection,0.0035,True
9faa0d4b5d9d,budapest_FP2,speed,sensor_dropout,detection,0.0036,True
bf53e9098bd9,budapest_FP2,throttle,bit_flip_low,detection,0.0059,True
43818408ba7f,budapest_FP2,aero_load,sensor_dropout,detection,0.0039,True
4acc4065e8ec,budapest_FP2,heart_rate_v2,schema_drift,detection,0.0044,True
01ebfce07be5,budapest_FP2,speed,string_in_numeric,detection,0.0023,True
778f128f5093,budapest_FP2,ecu_canbus,bit_flip_low,detection,0.0039,False
c3c00a24e3f1,budapest_FP2,speed,string_in_numeric,detection,0.0021,True
1c078db34e82,budapest_FP2,engine_temp,null_value,detection,0.0036,True
d34fae072170,budapest_FP2,ecu_canbus,bit_flip_low,detection,0.0058,False
a97a88a1401d,budapest_FP2,g_force_lateral,sensor_dropout,detection,0.0034,True
6f8587622c4e,budapest_FP2,speed,duplicate_timestamp,detection,0.005,True
38f552a7f6f3,budapest_FP2,rpm,bit_flip_high,detection,0.0067,True
afb1398934ed,budapest_FP2,aero_load,string_in_numeric,detection,0.0024,True
cee499f920b5,budapest_FP2,g_force_lateral,string_in_numeric,detection,0.0077,True
d0ea58e2eff2,budapest_FP2,ecu_canbus,bit_flip_low,detection,0.0053,False
07fbd38d0c9b,budapest_FP2,aero_load,sensor_dropout,detection,0.0036,True
270974731cb6,budapest_FP2,tyre_pressure,bit_flip_low,detection,0.0157,True
e72cf137efbf,budapest_FP2,heart_rate,bit_flip_low,detection,0.0069,True
86d882b71f6b,budapest_FP2,speed,sensor_dropout,detection,0.0033,True
9f65f891c9fd,budapest_FP2,ecu_canbus,duplicate_timestamp,detection,0.0037,True
fafc890c00a2,budapest_FP2,speed_v2,schema_drift,detection,0.0044,True
bbaa05df3a43,budapest_FP2,rpm_v2,schema_drift,detection,0.0062,True
72d06e7fb2ef,budapest_FP2,tyre_pressure,sensor_dropout,detection,0.0084,True
725a4be2857c,budapest_FP2,ecu_canbus,bit_flip_low,detection,0.0092,True
8f3607c9b4e6,budapest_FP2,aero_load,string_in_numeric,detection,0.0024,True
c0ef14b4844e,budapest_FP2,brake_temp,string_in_numeric,detection,0.002,True
44fc04d859dd,budapest_FP2,rpm,bit_flip_high,detection,0.0065,True
dd8b7ab3fa3f,budapest_FP2,tyre_pressure,string_in_numeric,detection,0.0021,True
f8140832690e,budapest_FP2,speed,string_in_numeric,detection,0.0027,True
c56ecc10d9ce,budapest_FP2,g_force_lateral,string_in_numeric,detection,0.002,True
ec8b619f41c1,budapest_FP2,throttle,bit_flip_high,detection,0.0063,True
fc4913a5024d,budapest_FP2,tyre_pressure,duplicate_timestamp,detection,0.004,True
d1e3aae3c426,budapest_FP2,rpm,string_in_numeric,detection,0.0018,True
3a349aefb330,budapest_FP2,brake_temp,bit_flip_high,detection,0.0062,True
9b27fe293694,budapest_FP2,rpm,bit_flip_low,detection,0.0113,True
94c80464a2c5,budapest_FP2,heart_rate_canbus,schema_drift,detection,0.005,True
40044de33669,budapest_FP2,rpm,string_in_numeric,detection,0.0022,True
ece983bf63c9,budapest_FP2,brake_temp,string_in_numeric,detection,0.0022,True
1a8e640d0a13,budapest_FP2,ecu_canbus,null_value,detection,0.0058,True
05ac411051a6,budapest_FP2,speed,sensor_dropout,detection,0.0036,True
7a9fb9c9d22c,budapest_FP2,aero_load,duplicate_timestamp,detection,0.0039,True
ef865d22a5b9,budapest_FP2,throttle,bit_flip_high,detection,0.0063,True
dc4a6e95e36e,budapest_FP2,throttle,sensor_dropout,detection,0.004,True
37b18bffa3f6,budapest_FP2,brake_temp,sensor_dropout,detection,0.0036,True
5c3080fd1bf8,budapest_FP2,heart_rate,bit_flip_high,detection,0.0083,True
e0184a5297d4,budapest_FP2,speed,string_in_numeric,detection,0.002,True
4c191e955197,budapest_FP2,rpm,bit_flip_low,detection,0.0064,True
a364a82ef658,budapest_FP2,rpm_alt,schema_drift,detection,0.0048,True
5dd60c9f3043,budapest_FP2,g_force_lateral,duplicate_timestamp,detection,0.004,True
177342143536,budapest_FP2,rpm,bit_flip_low,detection,0.0066,True
38453e1989b4,budapest_FP2,ecu_canbus,sensor_dropout,detection,0.0035,True
0e056da226ff,budapest_FP2,g_force_lateral,duplicate_timestamp,detection,0.0039,True
5391e4f094c0,budapest_FP2,aero_load_v2,schema_drift,detection,0.0043,True
e8eaf1465c4d,budapest_FP2,tyre_pressure,sensor_dropout,detection,0.0077,True
f5e70a9aefca,budapest_FP2,engine_temp,bit_flip_high,detection,0.0059,True
06bdec35dda7,budapest_FP2,aero_load,bit_flip_low,detection,0.0072,True
a8901c2654be,budapest_FP2,throttle,bit_flip_high,detection,0.0058,True
59f0fea0aba6,budapest_FP2,brake_temp,bit_flip_low,detection,0.0174,True
24e7ab017f4c,budapest_FP2,engine_temp,duplicate_timestamp,detection,0.0062,True
60f6622173db,budapest_FP2,speed,bit_flip_low,detection,0.0079,True
af7c44d02ffb,budapest_FP2,throttle,duplicate_timestamp,detection,0.0041,True
88821fec48b1,budapest_FP2,heart_rate,sensor_dropout,detection,0.0034,True
1dde4ed7eab9,budapest_FP2,tyre_pressure,null_value,detection,0.0059,True
27c109896eff,budapest_FP2,brake_temp,string_in_numeric,detection,0.002,True
269b75f2be16,budapest_FP2,brake_temp,bit_flip_high,detection,0.0064,True
f521800ed6e3,budapest_FP2,engine_temp,string_in_numeric,detection,0.0026,True
9b41eb67ddfb,budapest_FP2,heart_rate,null_value,detection,0.0031,True
309d595b2294,budapest_FP2,speed,sensor_dropout,detection,0.0032,True
638f2059e7d8,budapest_FP2,rpm,duplicate_timestamp,detection,0.0035,True
65d5cec82f8a,budapest_FP2,aero_load,bit_flip_low,detection,0.0071,True
e5bbe51f4df1,budapest_FP2,heart_rate,sensor_dropout,detection,0.004,True
02c1944650e4,budapest_FP2,engine_temp,sensor_dropout,detection,0.0038,True
0d648446dad0,budapest_FP2,speed,null_value,detection,0.0037,True
a6b336bfc24b,budapest_FP2,throttle,bit_flip_low,detection,0.0063,True
49b135a78ea0,budapest_FP2,rpm,bit_flip_high,detection,0.0061,True
bafd136ab7f9,budapest_FP2,tyre_pressure,null_value,detection,0.0031,True
f1da386e48cc,budapest_FP2,heart_rate,duplicate_timestamp,detection,0.0036,True
06dab3578c35,budapest_FP2,throttle,bit_flip_high,detection,0.0082,True
3de8bb23167a,budapest_FP2,rpm,bit_flip_high,detection,0.0076,True
096dd0c84f87,budapest_FP2,throttle,null_value,detection,0.0036,True
da1b45ca48c6,budapest_FP2,tyre_pressure,bit_flip_low,detection,0.0058,True
24b33fd20859,budapest_FP2,throttle,bit_flip_low,detection,0.0182,True
712c3aff3d71,budapest_FP2,speed,duplicate_timestamp,detection,0.0037,True
f177f5d22348,budapest_FP2,ecu_canbus,null_value,detection,0.0036,True
a276e8b9bc4e,budapest_FP2,ecu_canbus,string_in_numeric,detection,0.0022,True
cb92001d1051,budapest_FP2,engine_temp,null_value,detection,0.0039,True
6e3477ded9e5,budapest_FP2,rpm,sensor_dropout,detection,0.0172,True
259b9f2cace3,budapest_FP2,throttle,null_value,detection,0.0036,True
f500699535a9,budapest_FP2,g_force_lateral,bit_flip_high,detection,0.006,True
21cb962a43f5,budapest_FP2,throttle,string_in_numeric,detection,0.0021,True
2c6a4b4bbeee,budapest_FP2,heart_rate,null_value,detection,0.0044,True
9db9c7cb6d6e,budapest_FP2,tyre_pressure_new,schema_drift,detection,0.0057,True
5cdc2200ae5d,budapest_FP2,throttle,sensor_dropout,detection,0.0033,True
0d7f37b856df,budapest_FP2,tyre_pressure,bit_flip_high,detection,0.0061,True
7ddf2a9458ab,budapest_FP2,ecu_canbus,bit_flip_high,detection,0.0162,True
5ad9a8f78f3c,budapest_FP2,aero_load_canbus,schema_drift,detection,0.0051,True
54c64c4fdb5a,budapest_FP2,engine_temp,sensor_dropout,detection,0.0036,True
32678df287c3,budapest_FP2,ecu_canbus,sensor_dropout,detection,0.0034,True
a2d143b020b3,budapest_FP2,brake_temp,bit_flip_low,detection,0.0055,True
b0ef3a74654b,budapest_FP2,engine_temp,bit_flip_high,detection,0.0049,True
3fe3886ebd83,budapest_FP2,g_force_lateral,sensor_dropout,detection,0.0035,True
31075a4aa738,budapest_FP2,g_force_lateral,sensor_dropout,detection,0.0037,True
5cbc5cd74433,budapest_FP2,rpm,duplicate_timestamp,detection,0.0046,True
3bc14e41c218,budapest_FP2,throttle_new,schema_drift,detection,0.0048,True
90b21377ccb3,budapest_FP2,aero_load,sensor_dropout,detection,0.0034,True
f2faff93297e,budapest_FP2,tyre_pressure,null_value,detection,0.0032,True
0014f976ec21,budapest_FP2,engine_temp,bit_flip_high,detection,0.006,True
604376135387,budapest_FP2,speed,null_value,detection,0.0041,True
b57667475e00,budapest_FP2,brake_temp,string_in_numeric,detection,0.0022,True
6571c09f200e,budapest_FP2,ecu_canbus,duplicate_timestamp,detection,0.0051,True
2678dc65adfb,budapest_FP2,throttle,sensor_dropout,detection,0.0034,True
ee5d7426cdca,budapest_FP2,brake_temp,sensor_dropout,detection,0.0031,True
80a5854afef3,budapest_FP2,brake_temp,string_in_numeric,detection,0.0024,True
4c7bca7608e6,budapest_FP2,rpm,string_in_numeric,detection,0.0019,True
c8db247fc0b0,budapest_FP2,engine_temp,string_in_numeric,detection,0.0025,True
bd7658475d60,budapest_FP2,tyre_pressure,duplicate_timestamp,detection,0.0205,True
06bfb0cd43d8,budapest_FP2,ecu_canbus,string_in_numeric,detection,0.0026,True
e390b553d8cf,budapest_FP2,tyre_pressure,sensor_dropout,detection,0.0036,True
453a37093a04,budapest_FP2,throttle_v2,schema_drift,detection,0.0045,True
846fe554bcf5,budapest_FP2,brake_temp_raw,schema_drift,detection,0.0044,True
23e781df42ee,budapest_FP2,throttle,bit_flip_low,detection,0.0067,True
a6dc74bbaec6,budapest_FP2,brake_temp,string_in_numeric,detection,0.0018,True
2508f5fe46b9,budapest_FP2,g_force_lateral,null_value,detection,0.0038,True
43f71acf9670,budapest_FP2,rpm,bit_flip_low,detection,0.0063,True
0c3774e0f7bc,budapest_FP2,brake_temp_canbus,schema_drift,detection,0.0047,True
ca993fc9c17d,budapest_FP2,rpm,string_in_numeric,detection,0.002,True
594a301c4c58,budapest_FP2,aero_load,bit_flip_high,detection,0.0057,True
16ff26f05c12,budapest_FP2,ecu_canbus,string_in_numeric,detection,0.0017,True
9f67e2887edb,budapest_FP2,ecu_canbus,bit_flip_low,detection,0.0057,True
38bc60e33235,budapest_FP2,engine_temp,duplicate_timestamp,detection,0.0037,True
5f9d777fe582,budapest_FP2,g_force_lateral_alt,schema_drift,detection,0.0046,True
1d2586d4105e,budapest_FP2,brake_temp,sensor_dropout,detection,0.0047,True
40c9499e7bef,budapest_FP2,engine_temp,sensor_dropout,detection,0.0038,True
ccbb2ff31415,budapest_FP2,rpm,duplicate_timestamp,detection,0.0036,True
aea0eb9c8c02,budapest_FP2,throttle,null_value,detection,0.0033,True
f5122949eb93,budapest_FP2,speed,string_in_numeric,detection,0.0023,True
0b7703f87e7b,budapest_FP2,engine_temp,bit_flip_low,detection,0.0075,True
98d4d6ee4023,budapest_FP2,speed,bit_flip_low,detection,0.0074,True
d3a04ca35b40,budapest_FP2,rpm,bit_flip_high,detection,0.007,True
b10629a5137a,budapest_FP2,throttle,bit_flip_high,detection,0.0143,True
dd5b3238858d,budapest_FP2,brake_temp,bit_flip_low,detection,0.0191,True
0984492ad156,budapest_FP2,aero_load,sensor_dropout,detection,0.0035,True
9217c7e8727c,budapest_FP2,tyre_pressure,string_in_numeric,detection,0.002,True
2f55a8c0aa75,budapest_FP2,ecu_canbus,duplicate_timestamp,detection,0.0037,True
2f89352a770c,budapest_FP2,engine_temp,string_in_numeric,detection,0.0022,True
45062fc83ef2,budapest_FP2,throttle,bit_flip_high,detection,0.0086,True
291ed6d7cbe9,budapest_FP2,brake_temp_v2,schema_drift,detection,0.0051,True
f307ed4fdddd,budapest_FP2,brake_temp,bit_flip_low,detection,0.006,True
a39220e55c9c,budapest_FP2,aero_load,null_value,detection,0.0032,True
561e00284ecf,budapest_FP2,speed,bit_flip_low,detection,0.0052,True
3bb681947cac,budapest_FP2,throttle,sensor_dropout,detection,0.0036,True
0644c385ab53,budapest_FP2,brake_temp_alt,schema_drift,detection,0.0042,True
b5dd9a6b7503,budapest_FP2,heart_rate,bit_flip_high,detection,0.0055,True
e0fbdcea3aee,budapest_FP2,engine_temp,duplicate_timestamp,detection,0.0049,True
0709d7582371,budapest_FP2,ecu_canbus_new,schema_drift,detection,0.0044,True
a3d99e5ae183,budapest_FP2,tyre_pressure,bit_flip_high,detection,0.0116,True
72f8036f46cf,budapest_FP2,ecu_canbus,sensor_dropout,detection,0.0036,True
b0ec34b88419,budapest_FP2,heart_rate_alt,schema_drift,detection,0.0061,True
b91534164be3,budapest_FP2,throttle,bit_flip_high,detection,0.0065,True
35fa5752d522,budapest_FP2,engine_temp_alt,schema_drift,detection,0.004,True
87f3e765ea84,budapest_FP2,throttle,null_value,detection,0.0033,True
36fd00a032e9,budapest_FP2,tyre_pressure_alt,schema_drift,detection,0.012,True
d99d7f7ca4e6,budapest_FP2,throttle_alt,schema_drift,detection,0.0048,True
486d853d15ce,budapest_FP2,brake_temp,bit_flip_high,detection,0.0069,True
d05abd7e461a,budapest_FP2,engine_temp,sensor_dropout,detection,0.0033,True
e4d8902ef5d2,budapest_FP2,speed,duplicate_timestamp,detection,0.005,True
05c2ba611ecd,budapest_FP2,engine_temp,duplicate_timestamp,detection,0.0046,True
b37c265ba3c8,budapest_FP2,speed_raw,schema_drift,detection,0.0051,True
087498faa5cd,budapest_FP2,ecu_canbus,string_in_numeric,detection,0.0023,True
a39d7f9a1860,budapest_FP2,speed,sensor_dropout,detection,0.0044,True
4920c718ef97,budapest_FP2,tyre_pressure,null_value,detection,0.0034,True
66d69df8475b,budapest_FP2,heart_rate,sensor_dropout,detection,0.0034,True
334dc7ed7c69,budapest_FP2,aero_load,sensor_dropout,detection,0.0032,True
50c643ceaec8,budapest_FP2,throttle,sensor_dropout,detection,0.0035,True
0a8f324a4a7c,budapest_FP2,heart_rate,string_in_numeric,detection,0.0028,True
a3f2f15634c2,budapest_FP2,speed,bit_flip_high,detection,0.0069,True
39d671d1dcf4,budapest_FP2,throttle_raw,schema_drift,detection,0.0046,True
48151555ee13,budapest_FP2,g_force_lateral,bit_flip_high,detection,0.0065,True
8139fb5ed2ae,budapest_FP2,g_force_lateral,string_in_numeric,detection,0.0022,True
765a8250854a,budapest_FP2,g_force_lateral_v2,schema_drift,detection,0.0046,True
7ec4cc9b66fc,budapest_FP2,brake_temp,duplicate_timestamp,detection,0.0044,True
ab4cef2c9da7,budapest_FP2,tyre_pressure,bit_flip_low,detection,0.006,True
affe80ef36f3,budapest_FP2,throttle,null_value,detection,0.0041,True
65efef33a29d,budapest_FP2,brake_temp_new,schema_drift,detection,0.0053,True
c3ac7ba957b7,budapest_FP2,tyre_pressure,null_value,detection,0.0112,True
ded842771638,budapest_FP2,g_force_lateral,null_value,detection,0.004,True
b36a600c3275,budapest_FP2,brake_temp,string_in_numeric,detection,0.0024,True
ea259aa96a67,budapest_FP2,heart_rate,bit_flip_high,detection,0.0068,True
d40e9ec8e088,budapest_FP2,rpm,string_in_numeric,detection,0.0022,True
508692b6a604,budapest_FP2,speed,bit_flip_high,detection,0.007,True
43d551768c45,budapest_FP2,g_force_lateral,bit_flip_high,detection,0.0062,True
b3d0586dcb31,budapest_FP2,heart_rate,bit_flip_low,detection,0.0057,True
f941dae93072,budapest_FP2,aero_load,string_in_numeric,detection,0.0021,True
72c7207ca3f4,budapest_FP2,rpm_new,schema_drift,detection,0.0049,True
c2633cc76e97,budapest_FP2,aero_load,string_in_numeric,detection,0.0019,True
3792b09c6393,budapest_FP2,tyre_pressure,string_in_numeric,detection,0.0018,True
0c67bf225b88,budapest_FP2,heart_rate,bit_flip_low,detection,0.0055,True
6ec07bdcb641,budapest_FP2,g_force_lateral,duplicate_timestamp,detection,0.0048,True
5f9291b75454,budapest_FP2,speed,bit_flip_low,detection,0.0084,True
380c8d45a392,budapest_FP2,brake_temp,bit_flip_high,detection,0.0051,True
e112fd19b3ee,budapest_FP2,g_force_lateral,bit_flip_high,detection,0.0063,True
fea681a5ab55,budapest_FP2,ecu_canbus,sensor_dropout,detection,0.0035,True
c115ac68425d,budapest_FP2,speed,null_value,detection,0.0035,True
a6286d1206fa,budapest_FP2,throttle,sensor_dropout,detection,0.0032,True
8a753c2a3c89,budapest_FP2,ecu_canbus,null_value,detection,0.0045,True
f90913ba8193,budapest_FP2,heart_rate,sensor_dropout,detection,0.0036,True
e7e7af3b529a,budapest_FP2,g_force_lateral,duplicate_timestamp,detection,0.0044,True
18c8304b7fa9,budapest_FP2,speed,sensor_dropout,detection,0.0036,True
b3ea5cb1df68,budapest_FP2,heart_rate,null_value,detection,0.0032,True
b0ca0378ed2e,budapest_FP2,ecu_canbus,sensor_dropout,detection,0.0033,True
3c375fdda0c7,budapest_FP2,tyre_pressure_v2,schema_drift,detection,0.0042,True
e3126f89b4da,budapest_FP3,speed_raw,schema_drift,detection,0.0049,True
999a1b4f68bc,budapest_FP3,brake_temp,bit_flip_high,detection,0.0064,True
7ff99ad768ec,budapest_FP3,ecu_canbus,sensor_dropout,detection,0.0055,True
5a334e518379,budapest_FP3,rpm,duplicate_timestamp,detection,0.0044,True
455d89f02a17,budapest_FP3,throttle_v2,schema_drift,detection,0.0058,True
53a88ea85721,budapest_FP3,speed_new,schema_drift,detection,0.0044,True
b191c689f777,budapest_FP3,g_force_lateral,null_value,detection,0.0039,True
113bed04c488,budapest_FP3,ecu_canbus,null_value,detection,0.0038,True
cb369eb82207,budapest_FP3,heart_rate_new,schema_drift,detection,0.0043,True
19ed7b9bd81a,budapest_FP3,rpm,duplicate_timestamp,detection,0.0046,True
a83189356883,budapest_FP3,g_force_lateral,sensor_dropout,detection,0.0034,True
22a801ef9f57,budapest_FP3,speed,sensor_dropout,detection,0.0044,True
16f6b279cb95,budapest_FP3,throttle,string_in_numeric,detection,0.0023,True
fbb398baf48c,budapest_FP3,ecu_canbus,string_in_numeric,detection,0.0032,True
45cdd78cb7b0,budapest_FP3,g_force_lateral,duplicate_timestamp,detection,0.0042,True
3b0611090414,budapest_FP3,tyre_pressure,bit_flip_high,detection,0.0061,True
5e09a034d9c4,budapest_FP3,heart_rate,sensor_dropout,detection,0.0044,True
6047d1eb9925,budapest_FP3,aero_load,bit_flip_high,detection,0.0057,True
a8c8072e153c,budapest_FP3,throttle,null_value,detection,0.0034,True
c851ffb3fb90,budapest_FP3,rpm,null_value,detection,0.0037,True
cc2b1ea1230a,budapest_FP3,throttle_new,schema_drift,detection,0.0048,True
573b62c2fef7,budapest_FP3,engine_temp_alt,schema_drift,detection,0.0044,True
492ae8034987,budapest_FP3,speed,bit_flip_low,detection,0.0107,True
a1fcced2738b,budapest_FP3,speed,bit_flip_high,detection,0.0068,True
c2500b7a0e70,budapest_FP3,brake_temp,null_value,detection,0.0042,True
0c73775f448f,budapest_FP3,brake_temp,bit_flip_high,detection,0.0081,True
1fe3ba9be325,budapest_FP3,aero_load,bit_flip_high,detection,0.0064,True
dd3887113a6a,budapest_FP3,tyre_pressure,bit_flip_high,detection,0.0142,True
dd3762ecb9c5,budapest_FP3,aero_load,bit_flip_high,detection,0.0062,True
5c0be624613c,budapest_FP3,ecu_canbus,bit_flip_low,detection,0.006,True
0ce3cd9e525a,budapest_FP3,heart_rate,bit_flip_high,detection,0.0078,True
51f048754fd0,budapest_FP3,brake_temp,string_in_numeric,detection,0.0025,True
49a9fd7dc23c,budapest_FP3,tyre_pressure,bit_flip_high,detection,0.0118,True
6608bce3f43f,budapest_FP3,speed,duplicate_timestamp,detection,0.0038,True
9e5e07666ca6,budapest_FP3,brake_temp,null_value,detection,0.0055,True
74910a3339ea,budapest_FP3,ecu_canbus_v2,schema_drift,detection,0.0053,True
1f9aa30ff217,budapest_FP3,ecu_canbus,duplicate_timestamp,detection,0.0037,True
5cf7ec7f5fdd,budapest_FP3,tyre_pressure,null_value,detection,0.0033,True
5c3a5703b727,budapest_FP3,engine_temp,bit_flip_high,detection,0.0371,True
a3cbc06d36a6,budapest_FP3,heart_rate,null_value,detection,0.0041,True
135310ebed70,budapest_FP3,heart_rate,sensor_dropout,detection,0.0038,True
118c099a6cab,budapest_FP3,aero_load,string_in_numeric,detection,0.002,True
507101fece8c,budapest_FP3,ecu_canbus,bit_flip_high,detection,0.0062,True
8f9c7fda2319,budapest_FP3,g_force_lateral,sensor_dropout,detection,0.0038,True
ceb67eec83fa,budapest_FP3,throttle,string_in_numeric,detection,0.0029,True
4fe00f340a18,budapest_FP3,brake_temp,string_in_numeric,detection,0.0022,True
b6f668e0df7e,budapest_FP3,ecu_canbus,null_value,detection,0.0034,True
300ee65998cd,budapest_FP3,engine_temp,null_value,detection,0.0031,True
709357ac906b,budapest_FP3,tyre_pressure,sensor_dropout,detection,0.0066,True
e07b5ffa2e64,budapest_FP3,brake_temp,bit_flip_high,detection,0.0072,True
3004bfc0e96a,budapest_FP3,g_force_lateral,sensor_dropout,detection,0.0035,True
411708c5c455,budapest_FP3,heart_rate,null_value,detection,0.0035,True
6a89da0f6d5f,budapest_FP3,rpm,bit_flip_high,detection,0.0078,True
c4fae88c6f8b,budapest_FP3,aero_load,sensor_dropout,detection,0.0034,True
3c80d88e6f4c,budapest_FP3,g_force_lateral,null_value,detection,0.0031,True
c50427409eda,budapest_FP3,throttle,string_in_numeric,detection,0.0022,True
0c38efb971b5,budapest_FP3,brake_temp,null_value,detection,0.0044,True
68a083d5a491,budapest_FP3,brake_temp,sensor_dropout,detection,0.0031,True
57552dfad2bf,budapest_FP3,tyre_pressure,bit_flip_high,detection,0.0148,True
bc50f49eee71,budapest_FP3,speed,sensor_dropout,detection,0.0034,True
e706464a45c8,budapest_FP3,speed,bit_flip_low,detection,0.0066,True
bd744caa2b60,budapest_FP3,brake_temp_canbus,schema_drift,detection,0.0043,True
de1f55124e08,budapest_FP3,engine_temp,string_in_numeric,detection,0.0019,True
0a113a7f7d70,budapest_FP3,throttle,string_in_numeric,detection,0.0018,True
ae48ea8bca5b,budapest_FP3,heart_rate,string_in_numeric,detection,0.0027,True
677dd3871871,budapest_FP3,rpm,null_value,detection,0.0038,True
3b1e474071fa,budapest_FP3,brake_temp,bit_flip_high,detection,0.0071,True
6d97903a68bc,budapest_FP3,brake_temp,bit_flip_high,detection,0.0108,True
da5127fcd479,budapest_FP3,engine_temp_v2,schema_drift,detection,0.0064,True
de5f62b533fd,budapest_FP3,rpm,duplicate_timestamp,detection,0.0038,True
7ef6796d946e,budapest_FP3,aero_load,sensor_dropout,detection,0.004,True
99764c524f8f,budapest_FP3,brake_temp,bit_flip_high,detection,0.0112,True
ab96f996e417,budapest_FP3,tyre_pressure,duplicate_timestamp,detection,0.004,True
0a2f830e5122,budapest_FP3,heart_rate,sensor_dropout,detection,0.0068,True
0cacdf044a93,budapest_FP3,tyre_pressure,string_in_numeric,detection,0.0023,True
6e07262a2f68,budapest_FP3,rpm,null_value,detection,0.0044,True
74fd651cc6cf,budapest_FP3,engine_temp,null_value,detection,0.0035,True
aa48da60db82,budapest_FP3,aero_load_alt,schema_drift,detection,0.0043,True
164af22c93bd,budapest_FP3,aero_load,bit_flip_high,detection,0.0065,True
51957af7e5bb,budapest_FP3,g_force_lateral,null_value,detection,0.0035,True
f923b29d00f0,budapest_FP3,engine_temp,string_in_numeric,detection,0.0032,True
201c2fa9bbc3,budapest_FP3,brake_temp,string_in_numeric,detection,0.0022,True
937063d2e51f,budapest_FP3,engine_temp,sensor_dropout,detection,0.0035,True
94b17438f912,budapest_FP3,aero_load,null_value,detection,0.0034,True
9ac789f69c37,budapest_FP3,throttle,bit_flip_low,detection,0.0072,True
c98c43031c40,budapest_FP3,rpm,null_value,detection,0.0045,True
8f2355219929,budapest_FP3,tyre_pressure_alt,schema_drift,detection,0.0043,True
223e5325fdbe,budapest_FP3,g_force_lateral_alt,schema_drift,detection,0.0041,True
20a124ca9ba1,budapest_FP3,rpm,duplicate_timestamp,detection,0.0036,True
29d4fdcc1292,budapest_FP3,g_force_lateral,sensor_dropout,detection,0.0063,True
5ba1295797c9,budapest_FP3,throttle,null_value,detection,0.0034,True
c1044585b93d,budapest_FP3,engine_temp,string_in_numeric,detection,0.0021,True
70c0e9a70ab4,budapest_FP3,ecu_canbus,string_in_numeric,detection,0.0019,True
7b0207f1dae9,budapest_FP3,ecu_canbus,bit_flip_high,detection,0.0103,True
0c18307bc332,budapest_FP3,g_force_lateral,bit_flip_high,detection,0.0065,True
05dd52c778fd,budapest_FP3,brake_temp,duplicate_timestamp,detection,0.0047,True
2e2a44262563,budapest_FP3,aero_load_canbus,schema_drift,detection,0.005,True
68e8a13c0904,budapest_FP3,speed_v2,schema_drift,detection,0.0052,True
e42e41dbf616,budapest_FP3,throttle,string_in_numeric,detection,0.0024,True
9bf42a210116,budapest_FP3,g_force_lateral,bit_flip_high,detection,0.0096,True
8c1f7005cabc,budapest_FP3,throttle_new,schema_drift,detection,0.0044,True
45e11c170275,budapest_FP3,rpm_alt,schema_drift,detection,0.0044,True
24ccc4ba0866,budapest_FP3,heart_rate,bit_flip_high,detection,0.0062,True
85f050eb2ae0,budapest_FP3,engine_temp,null_value,detection,0.0032,True
28f6016fb215,budapest_FP3,g_force_lateral,string_in_numeric,detection,0.002,True
5c70a01b5eec,budapest_FP3,tyre_pressure,bit_flip_low,detection,0.0135,True
4f663fb1236c,budapest_FP3,speed_raw,schema_drift,detection,0.0062,True
832b6de13af8,budapest_FP3,brake_temp,string_in_numeric,detection,0.0021,True
e65d163a48e8,budapest_FP3,ecu_canbus,null_value,detection,0.0031,True
074de4cf7970,budapest_FP3,speed,duplicate_timestamp,detection,0.0041,True
4271f3f3ec8b,budapest_FP3,brake_temp,bit_flip_high,detection,0.0073,True
a86961a01177,budapest_FP3,brake_temp,null_value,detection,0.0037,True
d6c5d8235563,budapest_FP3,aero_load,sensor_dropout,detection,0.0048,True
e4e4ddbc4dcf,budapest_FP3,speed,string_in_numeric,detection,0.002,True
a6516e7b8346,budapest_FP3,speed,sensor_dropout,detection,0.0034,True
1601a463cdae,budapest_FP3,rpm,sensor_dropout,detection,0.0031,True
58b9ac1015e8,budapest_FP3,g_force_lateral,bit_flip_high,detection,0.0059,True
e2c8b1bb1c88,budapest_FP3,tyre_pressure,duplicate_timestamp,detection,0.02,True
8a355d038d40,budapest_FP3,throttle,bit_flip_low,detection,0.0073,True
ebcfb2de7c1d,budapest_FP3,brake_temp,sensor_dropout,detection,0.0036,True
c4c7fbd7d4ca,budapest_FP3,aero_load_v2,schema_drift,detection,0.0044,True
de596fe9fbde,budapest_FP3,tyre_pressure,bit_flip_low,detection,0.0058,True
6880835e1ccb,budapest_FP3,g_force_lateral,string_in_numeric,detection,0.0031,True
82d2f863cc84,budapest_FP3,tyre_pressure,bit_flip_low,detection,0.0065,True
7f46a5869aeb,budapest_FP3,ecu_canbus,bit_flip_high,detection,0.0066,True
4b719729b325,budapest_FP3,heart_rate,duplicate_timestamp,detection,0.0041,True
84edfc4eafa5,budapest_FP3,tyre_pressure,sensor_dropout,detection,0.0075,True
d93b52231561,budapest_FP3,speed,null_value,detection,0.0032,True
1719c436094b,budapest_FP3,brake_temp_canbus,schema_drift,detection,0.0045,True
21dd29055b6e,budapest_FP3,brake_temp,string_in_numeric,detection,0.0025,True
71a99a956157,budapest_FP3,heart_rate_alt,schema_drift,detection,0.0048,True
8253c3ef0910,budapest_FP3,speed,bit_flip_high,detection,0.0069,True
c14f50f8207e,budapest_FP3,brake_temp,bit_flip_high,detection,0.0051,True
f855ce05c3e0,budapest_FP3,engine_temp,sensor_dropout,detection,0.0034,True
f6832e686a3d,budapest_FP3,ecu_canbus,duplicate_timestamp,detection,0.0056,True
4405e8d90867,budapest_FP3,tyre_pressure,sensor_dropout,detection,0.0032,True
e61636926495,budapest_FP3,ecu_canbus,bit_flip_high,detection,0.0066,True
d806b1962e74,budapest_FP3,heart_rate,null_value,detection,0.003,True
c7df97f8fd09,budapest_FP3,speed,duplicate_timestamp,detection,0.0036,True
701b09117313,budapest_FP3,tyre_pressure,duplicate_timestamp,detection,0.0036,True
40c28eee65e2,budapest_FP3,g_force_lateral,null_value,detection,0.0031,True
a140f97b90a7,budapest_FP3,brake_temp,duplicate_timestamp,detection,0.0046,True
2214831c724e,budapest_FP3,aero_load,bit_flip_high,detection,0.0068,True
5f83b30cbd44,budapest_FP3,g_force_lateral,string_in_numeric,detection,0.0036,True
092332167972,budapest_FP3,ecu_canbus,string_in_numeric,detection,0.0019,True
287fb4944325,budapest_FP3,tyre_pressure,sensor_dropout,detection,0.0037,True
1eac44c9faf9,budapest_FP3,engine_temp,sensor_dropout,detection,0.0032,True
c7de1dff581b,budapest_FP3,aero_load,bit_flip_low,detection,0.0061,True
ba38d2088ddd,budapest_FP3,speed,bit_flip_low,detection,0.0073,True
747977f9fa8e,budapest_FP3,rpm,duplicate_timestamp,detection,0.0039,True
9bb2ef5d472f,budapest_FP3,tyre_pressure,null_value,detection,0.0036,True
19442f1a9456,budapest_FP3,throttle_new,schema_drift,detection,0.0047,True
9f7a992fe96f,budapest_FP3,engine_temp,duplicate_timestamp,detection,0.004,True
a5c4e9336d54,budapest_FP3,engine_temp,string_in_numeric,detection,0.0021,True
37799eb5754e,budapest_FP3,tyre_pressure,bit_flip_high,detection,0.0072,True
afdf0130d9e8,budapest_FP3,g_force_lateral_new,schema_drift,detection,0.0068,True
bc3a45473516,budapest_FP3,engine_temp,sensor_dropout,detection,0.0035,True
d82ff74f2afc,budapest_FP3,throttle,duplicate_timestamp,detection,0.0041,True
3c24df25d3be,budapest_FP3,brake_temp,duplicate_timestamp,detection,0.0046,True
9b26985335be,budapest_FP3,g_force_lateral,bit_flip_high,detection,0.0066,True
18775a45db00,budapest_FP3,heart_rate_raw,schema_drift,detection,0.0048,True
d1ae5276fad0,budapest_FP3,throttle,duplicate_timestamp,detection,0.0084,True
19e01c053b6a,budapest_FP3,aero_load_canbus,schema_drift,detection,0.0062,True
caaf2b8c4427,budapest_FP3,brake_temp,bit_flip_high,detection,0.0064,True
46c21181d68e,budapest_FP3,aero_load,string_in_numeric,detection,0.0022,True
8f8db4d0c565,budapest_FP3,rpm,null_value,detection,0.0044,True
710722b7a778,budapest_FP3,rpm,duplicate_timestamp,detection,0.004,True
0d3450ab571f,budapest_FP3,heart_rate,null_value,detection,0.0033,True
36763eb0c668,budapest_FP3,rpm,sensor_dropout,detection,0.0037,True
0b9a26bd8bac,budapest_FP3,rpm_canbus,schema_drift,detection,0.0049,True
3d1d11124252,budapest_FP3,brake_temp,string_in_numeric,detection,0.0023,True
b3c2d34eddd5,budapest_FP3,aero_load,string_in_numeric,detection,0.0019,True
f32b15e8cb4b,budapest_FP3,g_force_lateral,null_value,detection,0.0032,True
3791e39dfabb,budapest_FP3,brake_temp,null_value,detection,0.0045,True
75081de7838d,budapest_FP3,heart_rate,null_value,detection,0.0036,True
236b5cadfdb6,budapest_FP3,aero_load,sensor_dropout,detection,0.0031,True
4734c636c007,budapest_FP3,g_force_lateral,null_value,detection,0.0047,True
967095ee9416,budapest_FP3,tyre_pressure_raw,schema_drift,detection,0.0087,True
38d67c46ad94,budapest_FP3,speed,null_value,detection,0.0058,True
9cd5656c819d,budapest_FP3,engine_temp,null_value,detection,0.0045,True
c580dc853e31,budapest_FP3,g_force_lateral,null_value,detection,0.0033,True
c26054249362,budapest_FP3,rpm,duplicate_timestamp,detection,0.0036,True
fd643502d591,budapest_FP3,aero_load,string_in_numeric,detection,0.002,True
c00140c20207,budapest_FP3,aero_load,sensor_dropout,detection,0.0045,True
9c3e3452b985,budapest_FP3,ecu_canbus,bit_flip_low,detection,0.0068,True
0955a5c5cd5b,budapest_FP3,tyre_pressure_v2,schema_drift,detection,0.0049,True
70c6505ac03d,budapest_FP3,rpm,bit_flip_high,detection,0.0069,True
acfa5a4656ee,budapest_FP3,tyre_pressure,bit_flip_high,detection,0.0057,True
f94f41896f8e,budapest_FP3,g_force_lateral,bit_flip_low,detection,0.0083,True
834d1d3314ec,budapest_FP3,tyre_pressure,sensor_dropout,detection,0.0039,True
e415bd2095a8,budapest_FP3,ecu_canbus,sensor_dropout,detection,0.0057,True
db60bd335bbd,budapest_FP3,brake_temp,null_value,detection,0.0035,True
b165f38ff5f9,budapest_FP3,g_force_lateral,duplicate_timestamp,detection,0.0043,True
fd72ccb411e5,budapest_FP3,brake_temp,duplicate_timestamp,detection,0.0034,True
8b41c9ba3250,budapest_FP3,engine_temp,bit_flip_high,detection,0.0069,True
0c923a52c720,budapest_FP3,ecu_canbus,null_value,detection,0.0036,True
aa9157d52f84,budapest_FP3,tyre_pressure,bit_flip_low,detection,0.006,True
732657842525,budapest_FP3,ecu_canbus,duplicate_timestamp,detection,0.0044,True
6609d374e6b9,budapest_FP3,brake_temp,null_value,detection,0.0032,True
204de6013849,budapest_FP3,engine_temp,null_value,detection,0.0031,True
5db942bba10e,budapest_FP3,tyre_pressure,bit_flip_low,detection,0.0052,True
abbaad1e7e15,budapest_FP3,g_force_lateral,duplicate_timestamp,detection,0.005,True
4a84e6e56732,budapest_FP3,brake_temp,sensor_dropout,detection,0.0039,True
79201c5c5610,budapest_FP3,engine_temp,bit_flip_low,detection,0.0072,True
17527f71a95c,budapest_FP3,tyre_pressure,bit_flip_high,detection,0.0053,True
f5d6d40d651f,budapest_FP3,ecu_canbus,string_in_numeric,detection,0.0025,True
56ee1823d059,budapest_FP3,aero_load,null_value,detection,0.0034,True
b888c66277fe,budapest_FP3,ecu_canbus,bit_flip_high,detection,0.0038,True
00944bf91376,budapest_FP3,speed_v2,schema_drift,detection,0.0042,True
a9c981c4cfef,budapest_FP3,engine_temp_raw,schema_drift,detection,0.0039,True
84fe9dde3213,budapest_FP3,heart_rate,string_in_numeric,detection,0.0021,True
a23f1a8ffdb0,budapest_FP3,g_force_lateral,null_value,detection,0.0095,True
79141e110b8d,budapest_FP3,throttle,sensor_dropout,detection,0.0037,True
ade1773bd10c,budapest_FP3,heart_rate,null_value,detection,0.0039,True
24b3ea412313,budapest_FP3,speed,bit_flip_low,detection,0.0065,True
b533bd93444a,budapest_FP3,throttle,duplicate_timestamp,detection,0.0052,True
9a5399daaba7,budapest_FP3,engine_temp,string_in_numeric,detection,0.002,True
f87264d681a6,budapest_FP3,aero_load,sensor_dropout,detection,0.0054,True
829bc7dfde9a,budapest_FP3,g_force_lateral_alt,schema_drift,detection,0.0051,True
dba556349978,budapest_FP3,aero_load,duplicate_timestamp,detection,0.0133,True
37aa98375c2c,budapest_FP3,heart_rate,duplicate_timestamp,detection,0.0043,True
3609f56edf69,budapest_FP3,speed,bit_flip_low,detection,0.0064,True
b06617ae8d18,budapest_FP3,heart_rate_v2,schema_drift,detection,0.0044,True
16f95e681c46,budapest_FP3,speed,duplicate_timestamp,detection,0.0041,True
5861d65fc619,budapest_FP3,brake_temp,sensor_dropout,detection,0.0052,True
13558da450b7,budapest_FP3,heart_rate_v2,schema_drift,detection,0.0059,True
097babf06d77,budapest_FP3,g_force_lateral,bit_flip_high,detection,0.0069,True
cd0015d109a5,budapest_FP3,tyre_pressure,string_in_numeric,detection,0.0025,True
4b68825138ed,budapest_FP3,brake_temp,string_in_numeric,detection,0.0018,True
52168ff1db83,budapest_FP3,ecu_canbus,null_value,detection,0.0047,True
f0edf15dcbbf,budapest_FP3,tyre_pressure,bit_flip_low,detection,0.0058,True
1d69020bf905,budapest_FP3,engine_temp_new,schema_drift,detection,0.004,True
bcb03934f284,budapest_QUALI,speed,string_in_numeric,detection,0.0024,True
64d108ded54f,budapest_QUALI,aero_load,sensor_dropout,detection,0.0041,True
0cbb0a603b62,budapest_QUALI,throttle,sensor_dropout,detection,0.004,True
f187f9cf53e5,budapest_QUALI,engine_temp_canbus,schema_drift,detection,0.007,True
452327d1d3d0,budapest_QUALI,tyre_pressure,string_in_numeric,detection,0.0024,True
211ef44a9c4d,budapest_QUALI,heart_rate,bit_flip_low,detection,0.0067,True
cccabfeb555e,budapest_QUALI,aero_load,duplicate_timestamp,detection,0.0041,True
6044ca6233f2,budapest_QUALI,g_force_lateral,duplicate_timestamp,detection,0.0046,True
3b7dc45b3753,budapest_QUALI,speed,bit_flip_low,detection,0.0067,True
da3a03910905,budapest_QUALI,throttle,bit_flip_high,detection,0.007,True
ab91306c8b67,budapest_QUALI,aero_load,bit_flip_low,detection,0.0055,True
4794a02eef92,budapest_QUALI,speed,null_value,detection,0.0039,True
26b04f075d78,budapest_QUALI,speed,duplicate_timestamp,detection,0.0037,True
1d58b7dba558,budapest_QUALI,g_force_lateral,sensor_dropout,detection,0.0044,True
319f25c23b15,budapest_QUALI,aero_load,bit_flip_low,detection,0.0065,True
36d13882f091,budapest_QUALI,tyre_pressure,null_value,detection,0.0049,True
3b24730affce,budapest_QUALI,heart_rate_canbus,schema_drift,detection,0.0048,True
7449d9156c95,budapest_QUALI,aero_load,bit_flip_low,detection,0.0251,True
8d03cf0a2deb,budapest_QUALI,throttle,string_in_numeric,detection,0.0027,True
23224987e1cb,budapest_QUALI,ecu_canbus,sensor_dropout,detection,0.0034,True
62a8f567db32,budapest_QUALI,brake_temp,duplicate_timestamp,detection,0.0048,True
7dce4bd8abe7,budapest_QUALI,rpm,string_in_numeric,detection,0.0025,True
052b030b0ace,budapest_QUALI,speed,null_value,detection,0.004,True
90f7b12e0cb7,budapest_QUALI,brake_temp,bit_flip_high,detection,0.0073,True
7749f8d4b59b,budapest_QUALI,brake_temp,bit_flip_high,detection,0.0061,True
0951589739ba,budapest_QUALI,tyre_pressure,bit_flip_high,detection,0.0067,True
355ee2a8dc5d,budapest_QUALI,g_force_lateral,duplicate_timestamp,detection,0.0048,True
d137d644135e,budapest_QUALI,heart_rate,sensor_dropout,detection,0.0043,True
49d0fbf68eb1,budapest_QUALI,engine_temp,null_value,detection,0.0035,True
2ef2554eed81,budapest_QUALI,tyre_pressure,null_value,detection,0.0034,True
f078955350aa,budapest_QUALI,brake_temp,sensor_dropout,detection,0.0048,True
3798008c1923,budapest_QUALI,g_force_lateral,bit_flip_high,detection,0.0062,True
31fdaab54df8,budapest_QUALI,throttle_raw,schema_drift,detection,0.0045,True
33791f2f7467,budapest_QUALI,ecu_canbus,duplicate_timestamp,detection,0.0036,True
02dd3612f021,budapest_QUALI,rpm_v2,schema_drift,detection,0.0055,True
e2342c29c164,budapest_QUALI,engine_temp,string_in_numeric,detection,0.0028,True
453af3fe15b4,budapest_QUALI,g_force_lateral,bit_flip_low,detection,0.0067,True
807737e79c93,budapest_QUALI,throttle,bit_flip_high,detection,0.0058,True
bfa48b7fff46,budapest_QUALI,g_force_lateral,null_value,detection,0.0032,True
2150a2281669,budapest_QUALI,tyre_pressure,string_in_numeric,detection,0.0029,True
4522b5abf49b,budapest_QUALI,tyre_pressure,duplicate_timestamp,detection,0.0033,True
b6c29c2101d3,budapest_QUALI,heart_rate,null_value,detection,0.0029,True
1f145f2653d8,budapest_QUALI,rpm,bit_flip_high,detection,0.0083,True
f58253929070,budapest_QUALI,heart_rate,duplicate_timestamp,detection,0.0046,True
967c261ba719,budapest_QUALI,speed,duplicate_timestamp,detection,0.0038,True
9d575f50f47d,budapest_QUALI,engine_temp,duplicate_timestamp,detection,0.0039,True
a1bd515f6c87,budapest_QUALI,g_force_lateral,duplicate_timestamp,detection,0.0036,True
190952b12af1,budapest_QUALI,rpm,duplicate_timestamp,detection,0.0055,True
48281df60935,budapest_QUALI,throttle_new,schema_drift,detection,0.0062,True
e9acb2e6c038,budapest_QUALI,heart_rate,duplicate_timestamp,detection,0.0045,True
2293336703c9,budapest_QUALI,engine_temp,bit_flip_low,detection,0.0076,True
56a6d0170b1c,budapest_QUALI,ecu_canbus,null_value,detection,0.0035,True
59c87602ae3c,budapest_QUALI,throttle,bit_flip_high,detection,0.0073,True
d0d2223736e1,budapest_QUALI,engine_temp_alt,schema_drift,detection,0.0042,True
9d473e3caff6,budapest_QUALI,heart_rate,string_in_numeric,detection,0.002,True
00a25af19c89,budapest_QUALI,rpm_canbus,schema_drift,detection,0.0047,True
f40087d52756,budapest_QUALI,g_force_lateral,bit_flip_high,detection,0.0078,True
df6fd4193160,budapest_QUALI,aero_load,null_value,detection,0.0033,True
b1ab0ce2ab1d,budapest_QUALI,heart_rate,bit_flip_high,detection,0.0063,True
984579807aa8,budapest_QUALI,engine_temp,bit_flip_low,detection,0.0055,True
414696d31bc6,budapest_QUALI,ecu_canbus,sensor_dropout,detection,0.003,True
9ae6d6d45a7c,budapest_QUALI,aero_load,sensor_dropout,detection,0.0038,True
08ff316585b5,budapest_QUALI,tyre_pressure,null_value,detection,0.0038,True
810471fc4487,budapest_QUALI,speed,string_in_numeric,detection,0.0021,True
e9d62f9d9ec5,budapest_QUALI,tyre_pressure,duplicate_timestamp,detection,0.0037,True
b43b29d2b2cc,budapest_QUALI,rpm_new,schema_drift,detection,0.0044,True
29b4261cdf13,budapest_QUALI,speed,bit_flip_high,detection,0.0063,True
e4b8762c6646,budapest_QUALI,speed,duplicate_timestamp,detection,0.0042,True
b85b967093c8,budapest_QUALI,speed,sensor_dropout,detection,0.0034,True
09b4e7706f17,budapest_QUALI,rpm,string_in_numeric,detection,0.0018,True
802733d5cfaa,budapest_QUALI,g_force_lateral,null_value,detection,0.0036,True
f2733e6c4662,budapest_QUALI,aero_load,string_in_numeric,detection,0.0025,True
d10eff1ec946,budapest_QUALI,throttle,duplicate_timestamp,detection,0.0036,True
2fd761b9e04e,budapest_QUALI,aero_load,bit_flip_low,detection,0.0075,True
792f1c35654e,budapest_QUALI,brake_temp,string_in_numeric,detection,0.0019,True
c0b3aaea2c29,budapest_QUALI,engine_temp,null_value,detection,0.0046,True
6831e4faf414,budapest_QUALI,rpm_raw,schema_drift,detection,0.0054,True
4ef143b0dc31,budapest_QUALI,engine_temp,bit_flip_high,detection,0.0065,True
1cd20b31d68e,budapest_QUALI,tyre_pressure,duplicate_timestamp,detection,0.0038,True
62973097006b,budapest_QUALI,throttle,null_value,detection,0.0031,True
24b8a619d571,budapest_QUALI,aero_load_new,schema_drift,detection,0.0062,True
e53d47373474,budapest_QUALI,throttle,bit_flip_low,detection,0.0076,True
fbad8e0c2864,budapest_QUALI,aero_load,bit_flip_high,detection,0.0058,True
b5f7089b7b1b,budapest_QUALI,g_force_lateral_canbus,schema_drift,detection,0.0051,True
1c56b0bb68ec,budapest_QUALI,brake_temp,bit_flip_low,detection,0.0056,True
4ddad97506c4,budapest_QUALI,heart_rate,string_in_numeric,detection,0.0042,True
432bb8e85e6b,budapest_QUALI,speed,sensor_dropout,detection,0.0042,True
3838bce0a6da,budapest_QUALI,throttle,null_value,detection,0.0033,True
b163e5a7653f,budapest_QUALI,aero_load,sensor_dropout,detection,0.0035,True
4fed30c91ae4,budapest_QUALI,ecu_canbus_canbus,schema_drift,detection,0.0051,True
d23faa6f2bde,budapest_QUALI,brake_temp,bit_flip_high,detection,0.0057,True
560545e8f184,budapest_QUALI,engine_temp,null_value,detection,0.0032,True
0f1a9e0016c4,budapest_QUALI,tyre_pressure,null_value,detection,0.0052,True
87ce033af496,budapest_QUALI,engine_temp,sensor_dropout,detection,0.0034,True
fb2ba53dae0d,budapest_QUALI,rpm,duplicate_timestamp,detection,0.0035,True
b01c6629d4ac,budapest_QUALI,throttle,bit_flip_low,detection,0.0162,True
1d02ae996427,budapest_QUALI,heart_rate_new,schema_drift,detection,0.0056,True
8809a6de2fdd,budapest_QUALI,rpm,string_in_numeric,detection,0.0026,True
568a1865aad4,budapest_QUALI,engine_temp,sensor_dropout,detection,0.0037,True
f12001f118bb,budapest_QUALI,throttle,sensor_dropout,detection,0.0035,True
85b43cb589fd,budapest_QUALI,heart_rate,bit_flip_high,detection,0.0061,True
ab927215fad9,budapest_QUALI,rpm,bit_flip_high,detection,0.0063,True
943f0ce0bcc6,budapest_QUALI,aero_load_v2,schema_drift,detection,0.0045,True
487a207fcc0e,budapest_QUALI,brake_temp,bit_flip_low,detection,0.0066,True
f78598ac80c7,budapest_QUALI,g_force_lateral,sensor_dropout,detection,0.0036,True
31599ee758ae,budapest_QUALI,g_force_lateral,duplicate_timestamp,detection,0.0039,True
d8319dc8b39f,budapest_QUALI,ecu_canbus,duplicate_timestamp,detection,0.0047,True
95716e263799,budapest_QUALI,aero_load_canbus,schema_drift,detection,0.0049,True
9da4c1e03adc,budapest_QUALI,brake_temp_raw,schema_drift,detection,0.0039,True
0b78caed3c74,budapest_QUALI,speed,bit_flip_high,detection,0.006,True
48dae3f9bdcc,budapest_QUALI,aero_load,sensor_dropout,detection,0.0044,True
a2287f223a35,budapest_QUALI,tyre_pressure,bit_flip_high,detection,0.0078,True
697e9c469016,budapest_QUALI,ecu_canbus,string_in_numeric,detection,0.0024,True
a5eabf9dfd57,budapest_QUALI,heart_rate,string_in_numeric,detection,0.0019,True
c83c3f69db0e,budapest_QUALI,ecu_canbus,string_in_numeric,detection,0.0019,True
609bf57f7a38,budapest_QUALI,rpm,bit_flip_low,detection,0.0082,True
e28e5bbd1e46,budapest_QUALI,tyre_pressure,bit_flip_low,detection,0.0049,True
64f00b6cacba,budapest_QUALI,brake_temp,bit_flip_high,detection,0.0057,True
634cb5423a46,budapest_QUALI,tyre_pressure,sensor_dropout,detection,0.0074,True
55010a48bfb0,budapest_QUALI,g_force_lateral,bit_flip_low,detection,0.0075,True
15393d18efa7,budapest_QUALI,aero_load,null_value,detection,0.0039,True
27e36543abf2,budapest_QUALI,heart_rate,sensor_dropout,detection,0.003,True
cb7fe563332e,budapest_QUALI,brake_temp_raw,schema_drift,detection,0.0042,True
28100d5b04b4,budapest_QUALI,brake_temp,null_value,detection,0.0028,True
3ad82b25f2f1,budapest_QUALI,rpm_canbus,schema_drift,detection,0.0045,True
8325f3634fc1,budapest_QUALI,g_force_lateral,sensor_dropout,detection,0.0055,True
75e37319dc02,budapest_QUALI,tyre_pressure,string_in_numeric,detection,0.0023,True
b2f7d6e194a0,budapest_QUALI,tyre_pressure,bit_flip_high,detection,0.0079,True
da6117ced63b,budapest_QUALI,g_force_lateral,bit_flip_high,detection,0.0056,True
d96c3ba1829a,budapest_QUALI,heart_rate_raw,schema_drift,detection,0.0044,True
5721f9e63cd8,budapest_QUALI,ecu_canbus_alt,schema_drift,detection,0.0049,True
313fbcd98918,budapest_QUALI,brake_temp,null_value,detection,0.0036,True
e0c08ccbd45f,budapest_QUALI,engine_temp,bit_flip_low,detection,0.0064,True
918ab3ccc699,budapest_QUALI,rpm_v2,schema_drift,detection,0.0044,True
1b62b8909192,budapest_QUALI,ecu_canbus,bit_flip_high,detection,0.0174,True
7870d504dae4,budapest_QUALI,aero_load,string_in_numeric,detection,0.0023,True
5eeee1c03333,budapest_QUALI,tyre_pressure,null_value,detection,0.004,True
6ff7101b6793,budapest_QUALI,throttle,string_in_numeric,detection,0.0017,True
5ae30ab76494,budapest_QUALI,g_force_lateral_new,schema_drift,detection,0.0044,True
4c44e7221a7a,budapest_QUALI,throttle,string_in_numeric,detection,0.0025,True
08d026487476,budapest_QUALI,engine_temp,bit_flip_low,detection,0.008,True
645dc4d7a7de,budapest_QUALI,aero_load,duplicate_timestamp,detection,0.0048,True
8fd906741b4a,budapest_QUALI,heart_rate,duplicate_timestamp,detection,0.0047,True
0f8c8585cb10,budapest_QUALI,engine_temp,null_value,detection,0.0036,True
b2c4fb85b5ee,budapest_QUALI,aero_load,bit_flip_high,detection,0.0059,True
11f2be1574d9,budapest_QUALI,heart_rate,bit_flip_high,detection,0.0072,True
9514b9aedf3f,budapest_QUALI,engine_temp,sensor_dropout,detection,0.0036,True
e2334fe7aabe,budapest_QUALI,aero_load,string_in_numeric,detection,0.0023,True
b0df4a46cd38,budapest_QUALI,heart_rate_canbus,schema_drift,detection,0.0046,True
90ed36da2afb,budapest_QUALI,g_force_lateral,bit_flip_high,detection,0.0063,True
7bb97844f18d,budapest_QUALI,heart_rate_raw,schema_drift,detection,0.0094,True
eb99f706e5b0,budapest_QUALI,g_force_lateral,bit_flip_low,detection,0.007,True
a89aabbee381,budapest_QUALI,ecu_canbus,duplicate_timestamp,detection,0.0038,True
cf4e2e715e74,budapest_QUALI,tyre_pressure_raw,schema_drift,detection,0.0041,True
6abd31819ad4,budapest_QUALI,tyre_pressure_v2,schema_drift,detection,0.0051,True
721ee85e14c7,budapest_QUALI,heart_rate,bit_flip_high,detection,0.0087,True
e5b4cc85889b,budapest_QUALI,tyre_pressure,bit_flip_high,detection,0.0055,True
d71df8a72196,budapest_QUALI,speed,string_in_numeric,detection,0.0023,True
a2ba6113fda6,budapest_QUALI,throttle,null_value,detection,0.0032,True
24e082b00f0c,budapest_QUALI,aero_load,null_value,detection,0.0035,True
627a18b90b9b,budapest_QUALI,heart_rate,string_in_numeric,detection,0.0043,True
1811b586abf0,budapest_QUALI,aero_load_raw,schema_drift,detection,0.0045,True
e13b48a0da80,budapest_QUALI,tyre_pressure_canbus,schema_drift,detection,0.0046,True
517d908055e9,budapest_QUALI,rpm,bit_flip_low,detection,0.0068,True
82826c715b7e,budapest_QUALI,brake_temp_v2,schema_drift,detection,0.0036,True
0745c118b223,budapest_QUALI,ecu_canbus,bit_flip_low,detection,0.0064,True
a7eba1077310,budapest_QUALI,throttle,null_value,detection,0.0052,True
b1123c5b6403,budapest_QUALI,brake_temp,sensor_dropout,detection,0.0037,True
f6bf44b62326,budapest_QUALI,engine_temp,null_value,detection,0.0033,True
0f36ded5966b,budapest_QUALI,brake_temp,duplicate_timestamp,detection,0.0042,True
42a80f458107,budapest_QUALI,aero_load,sensor_dropout,detection,0.0038,True
28c9412937ba,budapest_QUALI,ecu_canbus_v2,schema_drift,detection,0.0043,True
c9bc13ead347,budapest_QUALI,ecu_canbus,null_value,detection,0.005,True
f00c63da12d4,budapest_QUALI,aero_load,null_value,detection,0.0042,True
774b9f49c82f,budapest_QUALI,g_force_lateral,sensor_dropout,detection,0.0035,True
5ef88a473d86,budapest_QUALI,engine_temp,bit_flip_high,detection,0.007,True
a9ecee1cc2e4,budapest_QUALI,aero_load,duplicate_timestamp,detection,0.004,True
02cd8c0a8c95,budapest_QUALI,throttle,bit_flip_high,detection,0.0061,True
6e47e58fa1b8,budapest_QUALI,rpm,duplicate_timestamp,detection,0.0045,True
ff36bd9160f5,budapest_QUALI,speed,sensor_dropout,detection,0.0044,True
b97701c3af1c,budapest_QUALI,throttle,string_in_numeric,detection,0.002,True
60d098a8fe09,budapest_QUALI,ecu_canbus,sensor_dropout,detection,0.0031,True
ff4fb8be40ac,budapest_QUALI,speed,duplicate_timestamp,detection,0.0038,True
8fb96723aede,budapest_QUALI,speed_v2,schema_drift,detection,0.0048,True
194f6667cdf0,budapest_QUALI,g_force_lateral,null_value,detection,0.0045,True
cb787000b5e0,budapest_QUALI,speed,bit_flip_high,detection,0.0083,True
89a19a0843bd,budapest_QUALI,ecu_canbus,null_value,detection,0.0033,True
621eee2a55d6,budapest_QUALI,tyre_pressure_v2,schema_drift,detection,0.0062,True
c09e741f129f,budapest_QUALI,heart_rate,duplicate_timestamp,detection,0.0044,True
08e71737944c,budapest_QUALI,speed,bit_flip_low,detection,0.0191,True
58157d0c5461,budapest_QUALI,brake_temp,sensor_dropout,detection,0.0047,True
137946e86199,budapest_QUALI,ecu_canbus,bit_flip_high,detection,0.004,True
b40952485a0c,budapest_QUALI,g_force_lateral,null_value,detection,0.003,True
c2d9af9432c6,budapest_QUALI,brake_temp,duplicate_timestamp,detection,0.0036,True
4c3ff9abc6b4,budapest_QUALI,heart_rate,sensor_dropout,detection,0.0074,True
dab6f12fb8f5,budapest_QUALI,ecu_canbus,sensor_dropout,detection,0.0031,True
0cfd8ba184b9,budapest_QUALI,heart_rate,string_in_numeric,detection,0.0054,True
f271a996b5a3,budapest_QUALI,brake_temp,string_in_numeric,detection,0.003,True
43baa1a0ddac,budapest_QUALI,speed,bit_flip_low,detection,0.0095,True
43ac0943f4ad,budapest_QUALI,rpm,null_value,detection,0.0039,True
fc3905bd86a8,budapest_QUALI,rpm,null_value,detection,0.0076,True
e0360aa11649,budapest_QUALI,rpm,bit_flip_low,detection,0.0092,True
9eada10889f9,budapest_QUALI,tyre_pressure,sensor_dropout,detection,0.0033,True
a104236ab12f,budapest_QUALI,rpm,duplicate_timestamp,detection,0.004,True
da177759b6f0,budapest_QUALI,heart_rate,null_value,detection,0.0037,True
d7154ddc67dd,budapest_QUALI,engine_temp,bit_flip_low,detection,0.0067,True
0c495413b13a,budapest_QUALI,brake_temp,string_in_numeric,detection,0.0023,True
c034c80c4091,budapest_QUALI,aero_load,string_in_numeric,detection,0.0025,True
92b79b286073,budapest_QUALI,ecu_canbus,null_value,detection,0.0037,True
3a6ba20a30ec,budapest_QUALI,brake_temp,null_value,detection,0.0038,True
b0f1c9aadba3,budapest_QUALI,heart_rate,duplicate_timestamp,detection,0.0035,True
13d5e341ff12,budapest_QUALI,speed,null_value,detection,0.0032,True
a83768b40fa9,budapest_QUALI,throttle,duplicate_timestamp,detection,0.004,True
2aebaa690bad,budapest_QUALI,rpm_canbus,schema_drift,detection,0.0046,True
48dd948b8ef7,budapest_QUALI,throttle,bit_flip_low,detection,0.0064,True
075766f8719e,budapest_QUALI,brake_temp,null_value,detection,0.0044,True
e96c6404bd83,budapest_QUALI,ecu_canbus,duplicate_timestamp,detection,0.006,True
e7c904dac0f1,budapest_QUALI,throttle,null_value,detection,0.004,True
8b45152cdbe7,budapest_QUALI,g_force_lateral,duplicate_timestamp,detection,0.0061,True
d49c4c7552e0,budapest_QUALI,aero_load,string_in_numeric,detection,0.0023,True
1b02a45ae840,budapest_QUALI,g_force_lateral,string_in_numeric,detection,0.0029,True
0bdee81ca76c,budapest_QUALI,aero_load,bit_flip_high,detection,0.0066,True
f4ed36153b4f,budapest_QUALI,speed,string_in_numeric,detection,0.0021,True
aacf4a4197d7,budapest_QUALI,rpm_alt,schema_drift,detection,0.006,True
7f92f253a491,budapest_QUALI,brake_temp_alt,schema_drift,detection,0.0043,True
1414933aea7a,budapest_QUALI,aero_load,string_in_numeric,detection,0.0017,True
41f9949b758b,budapest_QUALI,rpm,null_value,detection,0.0032,True
e5fba18e5fe1,budapest_RACE,speed,duplicate_timestamp,detection,0.0068,True
d5cd9835f0ba,budapest_RACE,brake_temp,sensor_dropout,detection,0.0042,True
8a84e6ab5251,budapest_RACE,ecu_canbus,sensor_dropout,detection,0.0033,True
051f7216775c,budapest_RACE,ecu_canbus,bit_flip_high,detection,0.0078,True
740511b66ba2,budapest_RACE,engine_temp,bit_flip_high,detection,0.0054,True
290f31aee057,budapest_RACE,ecu_canbus,duplicate_timestamp,detection,0.0039,True
44baa4460f93,budapest_RACE,throttle,bit_flip_high,detection,0.0062,True
5b69b3fba662,budapest_RACE,brake_temp_alt,schema_drift,detection,0.0046,True
076b9048f8fa,budapest_RACE,engine_temp,bit_flip_low,detection,0.0056,True
231c91e30eea,budapest_RACE,tyre_pressure,bit_flip_low,detection,0.0054,True
c27df92523ed,budapest_RACE,throttle,bit_flip_high,detection,0.0079,True
36400e49627e,budapest_RACE,engine_temp,sensor_dropout,detection,0.0034,True
e7675d55f475,budapest_RACE,throttle,string_in_numeric,detection,0.0019,True
4128ef09ee4b,budapest_RACE,ecu_canbus,null_value,detection,0.0078,True
ec994255f0af,budapest_RACE,tyre_pressure,null_value,detection,0.0032,True
ecab00aca364,budapest_RACE,brake_temp,bit_flip_high,detection,0.0063,True
45fe72aa7ce7,budapest_RACE,throttle,bit_flip_low,detection,0.0074,True
a54bf3d29ecb,budapest_RACE,engine_temp,bit_flip_low,detection,0.0065,True
1e044d81ac06,budapest_RACE,heart_rate_v2,schema_drift,detection,0.005,True
d893d9e3d035,budapest_RACE,throttle,string_in_numeric,detection,0.0022,True
0e331a4c0437,budapest_RACE,engine_temp,sensor_dropout,detection,0.0048,True
4f2fa93406f7,budapest_RACE,heart_rate,bit_flip_low,detection,0.0071,True
25900bafd317,budapest_RACE,aero_load,duplicate_timestamp,detection,0.0038,True
d0e202f15b8e,budapest_RACE,tyre_pressure,sensor_dropout,detection,0.004,True
9c95b5c26c3f,budapest_RACE,throttle,bit_flip_high,detection,0.007,True
dddabfa0150c,budapest_RACE,engine_temp,bit_flip_high,detection,0.0054,True
966255ef5f50,budapest_RACE,ecu_canbus,duplicate_timestamp,detection,0.0034,True
14544de2c01e,budapest_RACE,ecu_canbus_canbus,schema_drift,detection,0.0129,True
5f031ec693cf,budapest_RACE,heart_rate,null_value,detection,0.0054,True
c46c75180f3f,budapest_RACE,g_force_lateral,duplicate_timestamp,detection,0.0036,True
c04519fb758a,budapest_RACE,engine_temp,string_in_numeric,detection,0.002,True
fb9ea6909579,budapest_RACE,tyre_pressure,sensor_dropout,detection,0.0037,True
7adf12a4106a,budapest_RACE,heart_rate,bit_flip_low,detection,0.0064,True
106162175cdd,budapest_RACE,g_force_lateral_canbus,schema_drift,detection,0.0043,True
03fc7859bee5,budapest_RACE,throttle,string_in_numeric,detection,0.002,True
ba6eff467a1e,budapest_RACE,brake_temp,null_value,detection,0.0034,True
97a25a991e95,budapest_RACE,speed_v2,schema_drift,detection,0.0048,True
7c2f00fd40e8,budapest_RACE,tyre_pressure,string_in_numeric,detection,0.0021,True
628277e42398,budapest_RACE,speed,bit_flip_low,detection,0.0071,True
cbac5db48ff9,budapest_RACE,rpm,duplicate_timestamp,detection,0.0059,True
51582ff4f339,budapest_RACE,throttle,bit_flip_high,detection,0.0164,True
7e534480f481,budapest_RACE,rpm,bit_flip_high,detection,0.0065,True
2e0199e0cab2,budapest_RACE,brake_temp,null_value,detection,0.0036,True
209adcecb0c1,budapest_RACE,g_force_lateral_alt,schema_drift,detection,0.0043,True
99e544f01f99,budapest_RACE,ecu_canbus,string_in_numeric,detection,0.002,True
654bee14f9b3,budapest_RACE,heart_rate,string_in_numeric,detection,0.0017,True
665fe2816997,budapest_RACE,speed,sensor_dropout,detection,0.0041,True
f70de911edf3,budapest_RACE,engine_temp,duplicate_timestamp,detection,0.0038,True
9804df8e728c,budapest_RACE,heart_rate,string_in_numeric,detection,0.0023,True
d7f6aa779c00,budapest_RACE,engine_temp_canbus,schema_drift,detection,0.0042,True
ff7706cc6adb,budapest_RACE,aero_load,bit_flip_low,detection,0.0068,True
6a8b8f0c509e,budapest_RACE,tyre_pressure,bit_flip_high,detection,0.005,True
5ccca19fb24e,budapest_RACE,rpm,duplicate_timestamp,detection,0.0041,True
a5df04506d9f,budapest_RACE,throttle,string_in_numeric,detection,0.0019,True
a04fbdc68c59,budapest_RACE,engine_temp,bit_flip_high,detection,0.0057,True
65ceed691f24,budapest_RACE,engine_temp,sensor_dropout,detection,0.0029,True
410c72181857,budapest_RACE,heart_rate_canbus,schema_drift,detection,0.0048,True
8c28955f907a,budapest_RACE,speed_alt,schema_drift,detection,0.0149,True
7e431410c0d8,budapest_RACE,engine_temp,sensor_dropout,detection,0.0044,True
c7d884b8acd5,budapest_RACE,aero_load,null_value,detection,0.0036,True
fd10f5cddc2c,budapest_RACE,engine_temp,string_in_numeric,detection,0.0028,True
2fa88a31effd,budapest_RACE,ecu_canbus,duplicate_timestamp,detection,0.0038,True
76a60a373625,budapest_RACE,tyre_pressure,duplicate_timestamp,detection,0.0037,True
b6f90d56df44,budapest_RACE,aero_load,null_value,detection,0.0036,True
2ce7cd9bfc44,budapest_RACE,speed_raw,schema_drift,detection,0.0048,True
0fe70b0fc758,budapest_RACE,aero_load,string_in_numeric,detection,0.0022,True
84b2333174bb,budapest_RACE,speed_new,schema_drift,detection,0.0053,True
5ce036b9279f,budapest_RACE,brake_temp,null_value,detection,0.0039,True
e4859f7fb255,budapest_RACE,aero_load,null_value,detection,0.0029,True
318fb94f6a17,budapest_RACE,g_force_lateral,bit_flip_low,detection,0.006,True
7b59bd69c577,budapest_RACE,engine_temp,string_in_numeric,detection,0.0022,True
bfdf7540c261,budapest_RACE,engine_temp,duplicate_timestamp,detection,0.0053,True
20d61875fb11,budapest_RACE,speed,bit_flip_low,detection,0.0071,True
e5eae236e646,budapest_RACE,ecu_canbus,bit_flip_low,detection,0.0058,True
d1df250327dd,budapest_RACE,tyre_pressure,string_in_numeric,detection,0.0022,True
6bc1f3a6030b,budapest_RACE,engine_temp,string_in_numeric,detection,0.0019,True
5ecc84d7af49,budapest_RACE,heart_rate,string_in_numeric,detection,0.0037,True
11b900785fa3,budapest_RACE,rpm,string_in_numeric,detection,0.0024,True
81c3f9822981,budapest_RACE,brake_temp,bit_flip_high,detection,0.0066,True
52a27f2f2675,budapest_RACE,tyre_pressure_new,schema_drift,detection,0.0047,True
3a8f176ca91e,budapest_RACE,rpm,duplicate_timestamp,detection,0.0043,True
5e6d8821c097,budapest_RACE,rpm,sensor_dropout,detection,0.0039,True
164f71a6acc0,budapest_RACE,speed,string_in_numeric,detection,0.0025,True
b8a3561f5d35,budapest_RACE,rpm,duplicate_timestamp,detection,0.004,True
cb98731a7ee2,budapest_RACE,rpm,bit_flip_high,detection,0.0078,True
7346b25ed2c6,budapest_RACE,engine_temp,duplicate_timestamp,detection,0.0044,True
52921584b9dc,budapest_RACE,brake_temp,string_in_numeric,detection,0.0026,True
7e608ded02a3,budapest_RACE,brake_temp,string_in_numeric,detection,0.0024,True
ee81969fdc89,budapest_RACE,brake_temp,duplicate_timestamp,detection,0.0046,True
2bd2dc6aa8c4,budapest_RACE,throttle,bit_flip_high,detection,0.0308,True
cb3aac781080,budapest_RACE,g_force_lateral,bit_flip_low,detection,0.0053,True
b1fb3f8c6b3c,budapest_RACE,tyre_pressure,bit_flip_high,detection,0.0064,True
a58bd2dba89f,budapest_RACE,speed_canbus,schema_drift,detection,0.0045,True
a99ac7330dde,budapest_RACE,aero_load,duplicate_timestamp,detection,0.0066,True
4284ec3b9dc2,budapest_RACE,speed,null_value,detection,0.0044,True
b5f796353113,budapest_RACE,rpm,sensor_dropout,detection,0.0036,True
608640202832,budapest_RACE,rpm,bit_flip_low,detection,0.0071,True
28c6bcc62f5c,budapest_RACE,tyre_pressure,sensor_dropout,detection,0.0056,True
d126ec8af713,budapest_RACE,g_force_lateral,null_value,detection,0.0041,True
0872c67cd0fc,budapest_RACE,g_force_lateral,sensor_dropout,detection,0.0033,True
f2cdc86b7c5b,budapest_RACE,rpm,sensor_dropout,detection,0.0032,True
867132133129,budapest_RACE,engine_temp,bit_flip_low,detection,0.0061,True
cf62af7b2dd2,budapest_RACE,aero_load,null_value,detection,0.0046,True
3d06d77a9c89,budapest_RACE,aero_load,bit_flip_high,detection,0.0085,True
83ac048bb406,budapest_RACE,brake_temp,sensor_dropout,detection,0.0032,True
2172cd69fe28,budapest_RACE,ecu_canbus,sensor_dropout,detection,0.0052,True
69c67f9f59b0,budapest_RACE,rpm,bit_flip_low,detection,0.0074,True
12112cbf10c1,budapest_RACE,engine_temp_alt,schema_drift,detection,0.0042,True
4bc543250af6,budapest_RACE,tyre_pressure,string_in_numeric,detection,0.0023,True
67b1d8b93357,budapest_RACE,brake_temp,string_in_numeric,detection,0.0021,True
1014a20bb036,budapest_RACE,ecu_canbus,null_value,detection,0.0035,True
3c532460d485,budapest_RACE,speed,sensor_dropout,detection,0.0034,True
727071c9a920,budapest_RACE,heart_rate,duplicate_timestamp,detection,0.0038,True
949bc6a18a40,budapest_RACE,aero_load_alt,schema_drift,detection,0.0048,True
ae74d9f26693,budapest_RACE,speed,duplicate_timestamp,detection,0.0038,True
eafc3590260f,budapest_RACE,rpm,null_value,detection,0.0049,True
84b23ecb6ce2,budapest_RACE,aero_load,string_in_numeric,detection,0.002,True
89b74ba30ddd,budapest_RACE,rpm,bit_flip_high,detection,0.007,True
a64c5855c00d,budapest_RACE,brake_temp,null_value,detection,0.0032,True
97f4d43465fa,budapest_RACE,engine_temp_alt,schema_drift,detection,0.0041,True
5a7aac04c5fa,budapest_RACE,rpm,sensor_dropout,detection,0.0038,True
d84610ca5616,budapest_RACE,brake_temp,sensor_dropout,detection,0.0039,True
d40bc4d1925f,budapest_RACE,tyre_pressure,sensor_dropout,detection,0.0035,True
04e643c33a68,budapest_RACE,heart_rate,duplicate_timestamp,detection,0.0052,True
1f4299417612,budapest_RACE,g_force_lateral,bit_flip_high,detection,0.0066,True
d40a8b511117,budapest_RACE,heart_rate,bit_flip_high,detection,0.0055,True
dbb4647d3d2a,budapest_RACE,heart_rate,null_value,detection,0.005,True
7de650b8a1a5,budapest_RACE,throttle,bit_flip_high,detection,0.007,True
5b8f397bca58,budapest_RACE,g_force_lateral_v2,schema_drift,detection,0.0055,True
f6b3fa33e6c9,budapest_RACE,engine_temp,bit_flip_high,detection,0.0075,True
5796d5d5a1e6,budapest_RACE,ecu_canbus,sensor_dropout,detection,0.0039,True
652d2e54bc3d,budapest_RACE,speed,string_in_numeric,detection,0.0019,True
eaca5c6f96bd,budapest_RACE,rpm_v2,schema_drift,detection,0.0052,True
8f60b9b194f4,budapest_RACE,brake_temp,string_in_numeric,detection,0.0022,True
55ad6d7b020a,budapest_RACE,brake_temp,sensor_dropout,detection,0.0037,True
df811a4f386a,budapest_RACE,tyre_pressure,null_value,detection,0.0035,True
db2a912a04ad,budapest_RACE,brake_temp_new,schema_drift,detection,0.0055,True
ef8f02b8f922,budapest_RACE,tyre_pressure,sensor_dropout,detection,0.003,True
6af3865fcb0f,budapest_RACE,engine_temp,sensor_dropout,detection,0.0031,True
57942851e984,budapest_RACE,speed,null_value,detection,0.0033,True
5d0bbb55db64,budapest_RACE,rpm,duplicate_timestamp,detection,0.0036,True
e19bd346b274,budapest_RACE,rpm,sensor_dropout,detection,0.0036,True
6cf7bb639d8e,budapest_RACE,heart_rate,bit_flip_low,detection,0.0067,True
6901aaa5a064,budapest_RACE,heart_rate_alt,schema_drift,detection,0.008,True
ab79c0c83eee,budapest_RACE,aero_load,bit_flip_low,detection,0.007,True
fb15e87ac70c,budapest_RACE,ecu_canbus,bit_flip_high,detection,0.0063,True
c8855eeb07be,budapest_RACE,aero_load,bit_flip_low,detection,0.0062,True
74a1712e3007,budapest_RACE,speed,null_value,detection,0.0036,True
656c1add3415,budapest_RACE,ecu_canbus,string_in_numeric,detection,0.0023,True
f1385a5ae175,budapest_RACE,rpm,bit_flip_high,detection,0.0066,True
c75fe809b04e,budapest_RACE,brake_temp,duplicate_timestamp,detection,0.0034,True
28bfa770ab04,budapest_RACE,engine_temp,bit_flip_high,detection,0.0054,True
64e60397da95,budapest_RACE,g_force_lateral,duplicate_timestamp,detection,0.0045,True
d358630146a7,budapest_RACE,aero_load,bit_flip_low,detection,0.007,True
2f06e0511778,budapest_RACE,tyre_pressure,string_in_numeric,detection,0.0021,True
c7f0601c9239,budapest_RACE,throttle,duplicate_timestamp,detection,0.0042,True
e4cc9e1d7286,budapest_RACE,tyre_pressure,bit_flip_high,detection,0.0055,True
15e7438bd13d,budapest_RACE,ecu_canbus,bit_flip_low,detection,0.0053,True
aa4bf7cd5e30,budapest_RACE,throttle,bit_flip_low,detection,0.0054,True
704d76592cca,budapest_RACE,tyre_pressure,duplicate_timestamp,detection,0.0112,True
23c17bcc94cf,budapest_RACE,throttle,bit_flip_low,detection,0.0071,True
f24f9664162c,budapest_RACE,tyre_pressure,sensor_dropout,detection,0.0058,True
8af42f6bafac,budapest_RACE,engine_temp,bit_flip_high,detection,0.006,True
a4289e3ac8d3,budapest_RACE,rpm,duplicate_timestamp,detection,0.0043,True
41039a4beed7,budapest_RACE,g_force_lateral_raw,schema_drift,detection,0.0047,True
9cbb0f74290e,budapest_RACE,rpm_raw,schema_drift,detection,0.0047,True
94cd2227746e,budapest_RACE,brake_temp,bit_flip_high,detection,0.0066,True
3947587370a1,budapest_RACE,g_force_lateral_v2,schema_drift,detection,0.0083,True
dd0417ef632a,budapest_RACE,aero_load,bit_flip_high,detection,0.007,True
56056ca9de77,budapest_RACE,throttle,bit_flip_low,detection,0.0076,True
c005096859ad,budapest_RACE,engine_temp,bit_flip_low,detection,0.0158,True
14916a480581,budapest_RACE,heart_rate,string_in_numeric,detection,0.0024,True
e9ed54c512ef,budapest_RACE,g_force_lateral,null_value,detection,0.0044,True
aebc9b748aa1,budapest_RACE,throttle,null_value,detection,0.0036,True
a3609515443b,budapest_RACE,brake_temp,string_in_numeric,detection,0.0021,True
513e5cd353ff,budapest_RACE,tyre_pressure,null_value,detection,0.0044,True
55f0ead13770,budapest_RACE,g_force_lateral,sensor_dropout,detection,0.0046,True
5cbf88b2fe16,budapest_RACE,g_force_lateral_v2,schema_drift,detection,0.0046,True
83b13a44935c,budapest_RACE,ecu_canbus,null_value,detection,0.0035,True
42d96f27aae5,budapest_RACE,throttle,bit_flip_low,detection,0.0068,True
cebe72d6cac6,budapest_RACE,speed,duplicate_timestamp,detection,0.0094,True
47012bcfe636,budapest_RACE,heart_rate_alt,schema_drift,detection,0.0056,True
5100b32cf3d0,budapest_RACE,rpm,bit_flip_low,detection,0.0069,True
4957613e47e4,budapest_RACE,aero_load_raw,schema_drift,detection,0.004,True
3287efb0e4cf,budapest_RACE,tyre_pressure,bit_flip_low,detection,0.0071,True
3304f587f097,budapest_RACE,speed,bit_flip_low,detection,0.0082,True
12e0581b6232,budapest_RACE,rpm,bit_flip_high,detection,0.0071,True
900fed2393c7,budapest_RACE,aero_load,null_value,detection,0.0034,True
db027a259c1c,budapest_RACE,heart_rate_v2,schema_drift,detection,0.0046,True
b148ca0e2647,budapest_RACE,aero_load,sensor_dropout,detection,0.0034,True
59dc562a0403,budapest_RACE,tyre_pressure,bit_flip_high,detection,0.006,True
ebef6dd34eb8,budapest_RACE,engine_temp,bit_flip_high,detection,0.0054,True
367541c38567,budapest_RACE,brake_temp,duplicate_timestamp,detection,0.0039,True
caa2eb469d2b,budapest_RACE,g_force_lateral,bit_flip_high,detection,0.007,True
f0f7da4ee006,budapest_RACE,tyre_pressure,sensor_dropout,detection,0.0036,True
c73cfedf45b0,budapest_RACE,aero_load,duplicate_timestamp,detection,0.0037,True
cacad7631165,budapest_RACE,heart_rate,duplicate_timestamp,detection,0.0033,True
16b168092e19,budapest_RACE,rpm,string_in_numeric,detection,0.0019,True
6bde2beede16,budapest_RACE,brake_temp,bit_flip_high,detection,0.0067,True
ea8ca60add67,budapest_RACE,rpm,bit_flip_high,detection,0.007,True
55eb81cb5490,budapest_RACE,tyre_pressure_raw,schema_drift,detection,0.0047,True
f1dd974c06d7,budapest_RACE,g_force_lateral,sensor_dropout,detection,0.0035,True
e6f4cef0668a,budapest_RACE,throttle_alt,schema_drift,detection,0.004,True
6e90da4a94b0,budapest_RACE,brake_temp_v2,schema_drift,detection,0.0041,True
d3d3b5f62660,budapest_RACE,engine_temp,duplicate_timestamp,detection,0.0038,True
6f57be4a30f6,budapest_RACE,heart_rate,bit_flip_low,detection,0.0075,True
1acac081262c,budapest_RACE,rpm,duplicate_timestamp,detection,0.004,True
6778a3ff5515,budapest_RACE,aero_load,null_value,detection,0.004,True
6c6e06960257,budapest_RACE,ecu_canbus,sensor_dropout,detection,0.0075,True
57b16c6ababd,budapest_RACE,rpm,sensor_dropout,detection,0.0034,True
001805408cc1,budapest_RACE,speed,sensor_dropout,detection,0.0032,True
7b7525a958ff,budapest_RACE,rpm,null_value,detection,0.0032,True
dd36ec1b5d24,budapest_RACE,brake_temp,sensor_dropout,detection,0.005,True
2792d38441a5,budapest_RACE,rpm,bit_flip_high,detection,0.0084,True
fa8ac64cf9a9,budapest_RACE,engine_temp,duplicate_timestamp,detection,0.0037,True
a281117101bc,budapest_RACE,g_force_lateral,string_in_numeric,detection,0.0025,True
eafd20e27f12,budapest_RACE,aero_load,sensor_dropout,detection,0.0033,True
c95823033743,budapest_RACE,rpm,bit_flip_high,detection,0.0064,True
7418f139149b,budapest_RACE,engine_temp,bit_flip_low,detection,0.0054,True
b8e0c0c2a43a,budapest_RACE,ecu_canbus,string_in_numeric,detection,0.0019,True
02ee1487fec3,budapest_RACE,speed,duplicate_timestamp,detection,0.0036,True
e62bf6e2cbb8,budapest_RACE,brake_temp,bit_flip_low,detection,0.0059,True
6a79af90c49f,budapest_RACE,tyre_pressure,duplicate_timestamp,detection,0.0043,True
aff72619ada3,budapest_RACE,aero_load,string_in_numeric,detection,0.0024,True
c3467b57986f,budapest_RACE,heart_rate,null_value,detection,0.0056,True
0415258a316a,budapest_RACE,throttle,bit_flip_high,detection,0.0072,True
dc72ab55a248,budapest_RACE,tyre_pressure_canbus,schema_drift,detection,0.0047,True
9937f2a0ba8e,budapest_RACE,speed,null_value,detection,0.0038,True
cf8e96362b2d,budapest_RACE,rpm,bit_flip_low,detection,0.0084,True
b6f16490a17a,budapest_RACE,engine_temp,bit_flip_high,detection,0.0061,True
52e5f56f73df,budapest_RACE,heart_rate,bit_flip_low,detection,0.0062,True
a4f2fce2f7cb,budapest_RACE,rpm,duplicate_timestamp,detection,0.0039,True
31e631c5ec92,budapest_RACE,brake_temp,string_in_numeric,detection,0.0021,True
eee4c4d928a7,budapest_RACE,g_force_lateral_canbus,schema_drift,detection,0.0044,True
6c8bc9421d25,budapest_RACE,engine_temp_new,schema_drift,detection,0.0292,True
3e59a8ad8b53,budapest_RACE,tyre_pressure,duplicate_timestamp,detection,0.0116,True
28e5fe4d84e0,budapest_RACE,engine_temp,duplicate_timestamp,detection,0.0043,True
3a53e54d85a2,budapest_RACE,ecu_canbus,bit_flip_low,detection,0.0064,True
36983d48503e,budapest_RACE,g_force_lateral,sensor_dropout,detection,0.0038,True
12b3d76509d4,budapest_RACE,brake_temp,bit_flip_low,detection,0.0055,True
31b1aacb8c79,budapest_RACE,engine_temp,string_in_numeric,detection,0.0018,True
d2abb7190b47,budapest_RACE,tyre_pressure,bit_flip_high,detection,0.0052,True
b8066ee52273,budapest_RACE,g_force_lateral,null_value,detection,0.0035,True
32a58d402489,budapest_RACE,ecu_canbus,duplicate_timestamp,detection,0.0038,True
b8082a9f50e0,budapest_RACE,engine_temp,string_in_numeric,detection,0.0024,True
ef387932d84d,budapest_RACE,tyre_pressure_new,schema_drift,detection,0.0065,True
b3ff1104a8e7,budapest_RACE,throttle,string_in_numeric,detection,0.0023,True
4cc7fe8601a7,budapest_RACE,aero_load,duplicate_timestamp,detection,0.0051,True
56350b520f6a,,,dlq_repair,repair,0.0332,False
cd1ac03c96a1,,,dlq_repair,repair,0.0326,True
a535b54d683d,,,dlq_repair,repair,0.0159,False
638ae511d078,,,dlq_repair,repair,0.0149,False
dc235898ef5d,,,dlq_repair,repair,0.0241,True
13e729a8da3d,,,dlq_repair,repair,0.0182,False
5822f5e7fe9b,,,dlq_repair,repair,0.0265,True
45c18b513067,,,dlq_repair,repair,0.0135,False
0109595a0c87,,,dlq_repair,repair,0.0134,False
4d63dc29d5a5,,,dlq_repair,repair,0.0144,False
b2330f97e8c7,,,dlq_repair,repair,0.0516,False
9a92d0605d37,,,dlq_repair,repair,0.0163,False
9a7dd3fcbd60,,,dlq_repair,repair,0.0148,False
c3dab160c6c4,,,dlq_repair,repair,0.0135,False
1c2adcc8bfa3,,,dlq_repair,repair,0.0193,True
acd23908da19,,,dlq_repair,repair,0.0127,False
17cdd5ef7acf,,,dlq_repair,repair,0.0152,False
53d1a63e296c,,,dlq_repair,repair,0.015,False
3164d57ff5fd,,,dlq_repair,repair,0.0132,False
64f67ca5fb17,,,dlq_repair,repair,0.0133,False
dfee8f4cf42e,,,dlq_repair,repair,0.0155,False
cddadb043641,,,dlq_repair,repair,0.0239,False
e17947d68dd8,,,dlq_repair,repair,0.0272,True
557668aeeec7,,,dlq_repair,repair,0.0229,False
2325d8158bc9,,,dlq_repair,repair,0.0129,False
f926eaaa1bb9,,,dlq_repair,repair,0.0132,False
831a10d8c8fa,,,dlq_repair,repair,0.03,False
2e23b886cf2d,,,dlq_repair,repair,0.0132,False
2923f463e6f8,,,dlq_repair,repair,0.0126,False
6d2f1d64bb8a,,,dlq_repair,repair,0.0124,False
2895290f5b7c,,,dlq_repair,repair,0.0143,False
2140943d1b5e,,,dlq_repair,repair,0.0275,True
2bf9dbf37ce0,,,dlq_repair,repair,0.012,False
fd760a1caf75,,,dlq_repair,repair,0.0234,True
cd4232f3865d,,,dlq_repair,repair,0.0218,True
d3d63c16ff71,,,dlq_repair,repair,0.0192,True
daebcc502617,,,dlq_repair,repair,0.0268,True
410076ce9a57,,,dlq_repair,repair,0.0134,False
901a105e2d97,,,dlq_repair,repair,0.02,False
fab17c63134f,,,dlq_repair,repair,0.0231,True
75f5613a7b5a,,,dlq_repair,repair,0.0206,True
b1d38d89e6d9,,,dlq_repair,repair,0.0123,False
762b96308aad,,,dlq_repair,repair,0.0213,True
b419047eedc2,,,dlq_repair,repair,0.0285,False
e531898a5d7a,,,dlq_repair,repair,0.0155,False
5d05a9cca333,,,dlq_repair,repair,0.0233,True
1f8d38cc5299,,,dlq_repair,repair,0.022,True
a4b68e80725d,,,dlq_repair,repair,0.0137,False
755b878d5adb,,,dlq_repair,repair,0.012,False
bdb4a47434c1,,,dlq_repair,repair,0.0258,True
00dc657077cb,,,dlq_repair,repair,0.0147,False
b1f9e0bb0670,,,dlq_repair,repair,0.0142,False
7cfb17e83d8d,,,dlq_repair,repair,0.0255,True
97aed6e1c1ff,,,dlq_repair,repair,0.0139,False
88a2f2b1ee1a,,,dlq_repair,repair,0.014,False
0ebf648e5731,,,dlq_repair,repair,0.0302,False
342decbe41ca,,,dlq_repair,repair,0.0163,False
739201002f09,,,dlq_repair,repair,0.0262,False
982c84968690,,,dlq_repair,repair,0.0131,False
69fe60d2e4d7,,,dlq_repair,repair,0.0119,False
56b0e6c744e2,,,dlq_repair,repair,0.0223,False
112b094014e3,,,dlq_repair,repair,0.0237,True
9cd5ae629a3d,,,dlq_repair,repair,0.0238,True
3ae13a084e7a,,,dlq_repair,repair,0.0154,False
a13c168ac270,,,dlq_repair,repair,0.0233,True
7c66d73ac00d,,,dlq_repair,repair,0.0144,False
6ac6e83d612c,,,dlq_repair,repair,0.0203,False
9ac997431f2f,,,dlq_repair,repair,0.0152,False
cf3adbdba72d,,,dlq_repair,repair,0.0129,False
f2aa0903e4e4,,,dlq_repair,repair,0.0111,False
fea7e678bb33,,,dlq_repair,repair,0.021,True
e06e1db2bfda,,,dlq_repair,repair,0.0169,False
ceea457d021d,,,dlq_repair,repair,0.0153,False
a363ba255393,,,dlq_repair,repair,0.0316,False
8c52756bbb5c,,,dlq_repair,repair,0.0142,False
a49395f98795,,,dlq_repair,repair,0.0262,True
b5777c42c797,,,dlq_repair,repair,0.02,False
c0764830e26c,,,dlq_repair,repair,0.0123,False
8b3054bdbb30,,,dlq_repair,repair,0.0153,False
1f7e90a38fe5,,,dlq_repair,repair,0.0206,False
4c561fd3815f,,,dlq_repair,repair,0.0186,True
0459dcb4abf7,,,dlq_repair,repair,0.0208,True
6c31a38763f8,,,dlq_repair,repair,0.0125,False
3645797e2c20,,,dlq_repair,repair,0.018,True
b1cb5963acaa,,,dlq_repair,repair,0.0125,False
ceefe52dbe63,,,dlq_repair,repair,0.0186,True
980a1abea487,,,dlq_repair,repair,0.0181,True
b0c538309066,,,dlq_repair,repair,0.0158,False
930d3820a146,,,dlq_repair,repair,0.0306,False
bc835a1ad2d5,,,dlq_repair,repair,0.0238,True
553db0181abd,,,dlq_repair,repair,0.0224,True
6ed04d9e6991,,,dlq_repair,repair,0.0145,False
7b8b4d444197,,,dlq_repair,repair,0.0156,False
f94c68d4c742,,,dlq_repair,repair,0.034,True
65d6e539828f,,,dlq_repair,repair,0.0284,False
dabace3d5589,,,dlq_repair,repair,0.0199,False
c5d37889c3a1,,,dlq_repair,repair,0.0221,True
416f81aa16bc,,,dlq_repair,repair,0.0241,True
b290b6d703f8,,,dlq_repair,repair,0.0161,False
2175a403aa84,,,dlq_repair,repair,0.0137,False
7cd6ec37e156,,,dlq_repair,repair,0.012,False
9355e3fb84fb,,,dlq_repair,repair,0.0232,False
dba16b8f0990,,,dlq_repair,repair,0.0168,False
7152249c91b7,,,dlq_repair,repair,0.0136,False
58ecbc4ef14d,,,dlq_repair,repair,0.0133,False
901354d61e63,,,dlq_repair,repair,0.019,True
da4ae3c8a2b6,,,dlq_repair,repair,0.0217,True
fa2838a92bc1,,,dlq_repair,repair,0.0189,True
1fa8511f9161,,,dlq_repair,repair,0.0147,False
45078363d63e,,,dlq_repair,repair,0.019,True
39f5124f42ec,,,dlq_repair,repair,0.0125,False
47104f6ddcc9,,,dlq_repair,repair,0.0288,False
5077ebc6fa4c,,,dlq_repair,repair,0.0291,False
23bd1bd370f4,,,dlq_repair,repair,0.0261,True
f2759b56ed20,,,dlq_repair,repair,0.0203,True
3581b2b2c495,,,dlq_repair,repair,0.0249,True
a6528ebb8902,,,dlq_repair,repair,0.0204,False
3213e2835499,,,dlq_repair,repair,0.0152,False
8e8ce368111b,,,dlq_repair,repair,0.0152,False
ed45525908c6,,,dlq_repair,repair,0.0155,False
dc22ec6ef260,,,dlq_repair,repair,0.0453,True
4e3ac772b5db,,,dlq_repair,repair,0.0129,False
724cf6261a64,,,dlq_repair,repair,0.0149,False
6dc7018e5dfb,,,dlq_repair,repair,0.0141,False
e83e4f013519,,,dlq_repair,repair,0.0115,False
a2df7513b792,,,dlq_repair,repair,0.0261,False
c86d4b05da36,,,dlq_repair,repair,0.0185,True
f09b5f6c21d1,,,dlq_repair,repair,0.0177,True
4ed08d39c218,,,dlq_repair,repair,0.0151,False
cfe37b76c4b8,,,dlq_repair,repair,0.03,False
f66a6e2f1bf2,,,dlq_repair,repair,0.0149,False
df0f21dc7834,,,dlq_repair,repair,0.0234,False
bc1677615c1d,,,dlq_repair,repair,0.0153,False
a70f622e4106,,,dlq_repair,repair,0.0334,False
f2d2a5077d00,,,dlq_repair,repair,0.012,False
b2833e97d2ed,,,dlq_repair,repair,0.0144,False
c10a031cf55e,,,dlq_repair,repair,0.0124,False
dcdb2d1a62ae,,,dlq_repair,repair,0.0115,False
24de79892d65,,,dlq_repair,repair,0.0136,False
6d25e71ee97f,,,dlq_repair,repair,0.0129,False
5708dfde9a05,,,dlq_repair,repair,0.0111,False
f4247984961a,,,dlq_repair,repair,0.0197,True
676a7c561570,,,dlq_repair,repair,0.0164,False
66e454f169fd,,,dlq_repair,repair,0.0117,False
c95c163d2ea8,,,dlq_repair,repair,0.0156,False
f09d1ed0210c,,,dlq_repair,repair,0.0208,True
bf3a55db8ce8,,,dlq_repair,repair,0.0145,False
6e29b86d62f2,,,dlq_repair,repair,0.02,False
9103c8141b60,,,dlq_repair,repair,0.0138,False
0ca8d47ed6b0,,,dlq_repair,repair,0.012,False
327c99b07f16,,,dlq_repair,repair,0.0204,True
646cea22021a,,,dlq_repair,repair,0.0168,False
7cbdc27b4dd4,,,dlq_repair,repair,0.0229,False
17b20ddca1a6,,,dlq_repair,repair,0.0117,False
6d141638f7b1,,,dlq_repair,repair,0.0253,True
009de840030f,,,dlq_repair,repair,0.018,True
cc5e1f862c6c,,,dlq_repair,repair,0.0192,False
a193f5c64edc,,,dlq_repair,repair,0.0275,False
59a3909c1f42,,,dlq_repair,repair,0.0164,False
5c3b694bbf50,,,dlq_repair,repair,0.0227,False
7cf9d73974f8,,,dlq_repair,repair,0.0124,False
3f108623daa1,,,dlq_repair,repair,0.022,False
8c03c2e456ea,,,dlq_repair,repair,0.0374,True
3959d78a469a,,,dlq_repair,repair,0.0123,False
c1371351af9b,,,dlq_repair,repair,0.0114,False
a1d0d88af9b0,,,dlq_repair,repair,0.0128,False
26f375767d96,,,dlq_repair,repair,0.0215,True
2b7ef467856e,,,dlq_repair,repair,0.0177,True
3e5da4f4d1e5,,,dlq_repair,repair,0.0138,False
890a47ef50c5,,,dlq_repair,repair,0.022,True
75fc8bbcb275,,,dlq_repair,repair,0.0156,False
312e4776fb5d,,,dlq_repair,repair,0.0205,True
7d084ed5a123,,,dlq_repair,repair,0.0262,False
da5a452265a6,,,dlq_repair,repair,0.0137,False
c21a914add15,,,dlq_repair,repair,0.0118,False
bc2f8609e02d,,,dlq_repair,repair,0.0225,False
3d09e42a2c51,,,dlq_repair,repair,0.0121,False
a88f1abc8503,,,dlq_repair,repair,0.0209,True
7ff953b3fcb8,,,dlq_repair,repair,0.0134,False
2342342f3a95,,,dlq_repair,repair,0.012,False
03985e2aaf23,,,dlq_repair,repair,0.0145,False
024d6b47412c,,,dlq_repair,repair,0.0142,False
8cff963d0256,,,dlq_repair,repair,0.0306,False
0e1d1215a83a,,,dlq_repair,repair,0.0141,False
c1d9d3521c8a,,,dlq_repair,repair,0.0191,True
92cd5198029a,,,dlq_repair,repair,0.0221,True
eff9d5f44390,,,dlq_repair,repair,0.0213,True
a193a91768c4,,,dlq_repair,repair,0.0214,True
8b5a4a88df83,,,dlq_repair,repair,0.0225,False
40459f304de6,,,dlq_repair,repair,0.0154,False
8b6c46f347a0,,,dlq_repair,repair,0.0147,False
70d7806dfd98,,,dlq_repair,repair,0.02,True
893e64d432ea,,,dlq_repair,repair,0.0127,False
ca20f901afd5,,,dlq_repair,repair,0.0152,False
72a65b669087,,,dlq_repair,repair,0.0139,False
af4b490b9eec,,,dlq_repair,repair,0.0184,True
70e604a24deb,,,dlq_repair,repair,0.016,False
f81043846cb2,,,dlq_repair,repair,0.0186,True
35b46b4f1634,,,dlq_repair,repair,0.0123,False
81acfa2ebaf3,,,dlq_repair,repair,0.0238,True
