packet_id,session,sensor,chaos_type,event_type,latency_ms,detected_or_recovered
046105514602,spielberg_FP1,aero_load,sensor_dropout,detection,0.008,True
57434adb0bc5,spielberg_FP1,g_force_lateral,duplicate_timestamp,detection,0.0089,True
9603c2cd68d3,spielberg_FP1,brake_temp,null_value,detection,0.0079,True
bc5aefffafba,spielberg_FP1,engine_temp,bit_flip_low,detection,0.0121,True
51385df38082,spielberg_FP1,heart_rate,null_value,detection,0.0077,True
f12ab1efe723,spielberg_FP1,rpm_v2,schema_drift,detection,0.0103,True
2a42edfb9a39,spielberg_FP1,heart_rate,bit_flip_low,detection,0.0123,True
10040d8285f6,spielberg_FP1,speed,null_value,detection,0.007,True
e31ffc4a5803,spielberg_FP1,speed,bit_flip_high,detection,0.0123,True
8cf519f9cb73,spielberg_FP1,g_force_lateral,duplicate_timestamp,detection,0.0082,True
7774eb8a172c,spielberg_FP1,rpm,bit_flip_low,detection,0.0118,True
05783fffac1a,spielberg_FP1,heart_rate,bit_flip_high,detection,0.0122,True
58c9d03c5f4f,spielberg_FP1,throttle,sensor_dropout,detection,0.0076,True
d24dc070bd02,spielberg_FP1,heart_rate,string_in_numeric,detection,0.0044,True
58d88f80efba,spielberg_FP1,speed,bit_flip_low,detection,0.0125,True
349c3a76c729,spielberg_FP1,ecu_canbus,bit_flip_high,detection,0.0113,True
23b00205fcb5,spielberg_FP1,tyre_pressure,bit_flip_low,detection,0.0113,True
9c8634e8ed50,spielberg_FP1,speed,sensor_dropout,detection,0.0073,True
de8bc77ae6bb,spielberg_FP1,engine_temp,null_value,detection,0.0072,True
66efc30ad694,spielberg_FP1,speed,duplicate_timestamp,detection,0.0076,True
d77e717eab32,spielberg_FP1,rpm,sensor_dropout,detection,0.007,True
341bdc82cd0c,spielberg_FP1,rpm,duplicate_timestamp,detection,0.0078,True
1f9434722eaa,spielberg_FP1,throttle,string_in_numeric,detection,0.0043,True
9dd2de22de93,spielberg_FP1,aero_load,null_value,detection,0.0068,True
d49f0453fd97,spielberg_FP1,rpm,bit_flip_low,detection,0.012,True
6fcebc83490a,spielberg_FP1,rpm_v2,schema_drift,detection,0.0093,True
e49516573863,spielberg_FP1,rpm,string_in_numeric,detection,0.0042,True
a0ebda38ee30,spielberg_FP1,tyre_pressure_alt,schema_drift,detection,0.0089,True
309b2af43d74,spielberg_FP1,g_force_lateral,null_value,detection,0.0073,True
25b8a6f011a9,spielberg_FP1,rpm,sensor_dropout,detection,0.0068,True
2ee351bf0bc3,spielberg_FP1,throttle,bit_flip_low,detection,0.0117,True
88e22927de80,spielberg_FP1,ecu_canbus,null_value,detection,0.007,True
b331a47ca3ba,spielberg_FP1,ecu_canbus,null_value,detection,0.0072,True
bc371eb66b48,spielberg_FP1,throttle,duplicate_timestamp,detection,0.0078,True
4ccd3f9b26ac,spielberg_FP1,g_force_lateral,sensor_dropout,detection,0.0071,True
d63c517aaa35,spielberg_FP1,rpm,duplicate_timestamp,detection,0.0077,True
2174efa2f427,spielberg_FP1,ecu_canbus,string_in_numeric,detection,0.0042,True
f3d0f21b4704,spielberg_FP1,engine_temp,string_in_numeric,detection,0.0042,True
3eb587bed2d2,spielberg_FP1,ecu_canbus,duplicate_timestamp,detection,0.0077,True
a8a410ffdb4f,spielberg_FP1,ecu_canbus,bit_flip_low,detection,0.0111,True
509edf9790e1,spielberg_FP1,rpm,duplicate_timestamp,detection,0.0076,True
7b917c97e0f3,spielberg_FP1,tyre_pressure,duplicate_timestamp,detection,0.0078,True
70905dddcf18,spielberg_FP1,heart_rate,string_in_numeric,detection,0.0043,True
4d790c504de6,spielberg_FP1,ecu_canbus,string_in_numeric,detection,0.0055,True
c53cccebf6fc,spielberg_FP1,speed,string_in_numeric,detection,0.004,True
ca3d8f5da2e0,spielberg_FP1,brake_temp,string_in_numeric,detection,0.0039,True
355547447e8d,spielberg_FP1,tyre_pressure,bit_flip_high,detection,0.0119,True
835487d06109,spielberg_FP1,throttle,sensor_dropout,detection,0.007,True
3ed954c312b7,spielberg_FP1,brake_temp_v2,schema_drift,detection,0.0089,True
870f71e8b2c1,spielberg_FP1,heart_rate,bit_flip_low,detection,0.0113,True
6bf700e09dd0,spielberg_FP1,g_force_lateral,bit_flip_low,detection,0.0103,True
cafe01a2d923,spielberg_FP1,ecu_canbus,string_in_numeric,detection,0.0041,True
58cf5b88a33a,spielberg_FP1,throttle,null_value,detection,0.0072,True
74d2c5c9147d,spielberg_FP1,brake_temp,string_in_numeric,detection,0.004,True
19776db92d6e,spielberg_FP1,rpm,string_in_numeric,detection,0.004,True
283217a80e2d,spielberg_FP1,tyre_pressure,null_value,detection,0.0085,True
f894c0e7056e,spielberg_FP1,rpm,string_in_numeric,detection,0.004,True
ccbdbf0ba4ba,spielberg_FP1,throttle_alt,schema_drift,detection,0.009,True
9394d83de275,spielberg_FP1,brake_temp,duplicate_timestamp,detection,0.0076,True
b48ea56d252a,spielberg_FP1,speed,sensor_dropout,detection,0.0068,True
8e1fa83d7619,spielberg_FP1,throttle,bit_flip_high,detection,0.012,True
7a2c478f10b8,spielberg_FP1,throttle,null_value,detection,0.0072,True
a50268bf1b4f,spielberg_FP1,aero_load,null_value,detection,0.007,True
aac7ce34c84f,spielberg_FP1,ecu_canbus,string_in_numeric,detection,0.004,True
65a46f40873a,spielberg_FP1,ecu_canbus,bit_flip_low,detection,0.0107,True
b8464d007ae6,spielberg_FP1,heart_rate,bit_flip_high,detection,0.0112,True
fb6665a0e5b6,spielberg_FP1,speed,duplicate_timestamp,detection,0.0075,True
541e59ef5e74,spielberg_FP1,brake_temp_raw,schema_drift,detection,0.0087,True
1d291b715b3e,spielberg_FP1,g_force_lateral,null_value,detection,0.0071,True
1bcd44fa7d72,spielberg_FP1,aero_load,sensor_dropout,detection,0.0073,True
b2c5ef3154f9,spielberg_FP1,g_force_lateral_canbus,schema_drift,detection,0.0091,True
29b4bf856350,spielberg_FP1,heart_rate,sensor_dropout,detection,0.0069,True
a7417693bdad,spielberg_FP1,tyre_pressure_raw,schema_drift,detection,0.009,True
9605384896cc,spielberg_FP1,g_force_lateral_alt,schema_drift,detection,0.0087,True
5f8611f5b778,spielberg_FP1,throttle_new,schema_drift,detection,0.0094,True
3cbba7b10b5f,spielberg_FP1,ecu_canbus,duplicate_timestamp,detection,0.0076,True
e1e77b46bb7d,spielberg_FP1,brake_temp,sensor_dropout,detection,0.0072,True
0f5d2020f654,spielberg_FP1,tyre_pressure_v2,schema_drift,detection,0.0089,True
f82c9efee348,spielberg_FP1,brake_temp,null_value,detection,0.007,True
043fa04cc803,spielberg_FP1,brake_temp,null_value,detection,0.0069,True
def27950feb4,spielberg_FP1,heart_rate,bit_flip_high,detection,0.0114,True
a25d7fb5284c,spielberg_FP1,g_force_lateral,null_value,detection,0.0068,True
14af8c34a862,spielberg_FP1,speed,bit_flip_low,detection,0.0117,True
18018947c1bd,spielberg_FP1,g_force_lateral,bit_flip_high,detection,0.0108,True
f42cd7f78c11,spielberg_FP1,g_force_lateral,null_value,detection,0.007,True
d5ba5903645c,spielberg_FP1,speed,sensor_dropout,detection,0.0066,True
a053ba10cabc,spielberg_FP1,g_force_lateral,sensor_dropout,detection,0.0072,True
be0c2d19dbcc,spielberg_FP1,speed,bit_flip_low,detection,0.0113,True
d2db96a451da,spielberg_FP1,g_force_lateral,bit_flip_low,detection,0.0119,True
01e0c20a8ff8,spielberg_FP1,heart_rate,sensor_dropout,detection,0.007,True
61477a023f4a,spielberg_FP1,g_force_lateral,duplicate_timestamp,detection,0.0077,True
94f20f84cdff,spielberg_FP1,brake_temp,sensor_dropout,detection,0.0068,True
0e12d4965ffb,spielberg_FP1,aero_load_new,schema_drift,detection,0.0092,True
2864fba01500,spielberg_FP1,speed,null_value,detection,0.0067,True
cfbabece4fcc,spielberg_FP2,tyre_pressure,sensor_dropout,detection,0.007,True
a6dbfcc0a631,spielberg_FP2,ecu_canbus_v2,schema_drift,detection,0.0086,True
4c821fa1631d,spielberg_FP2,throttle,bit_flip_low,detection,0.011,True
e99396f13908,spielberg_FP2,aero_load,null_value,detection,0.0072,True
1ad5c5824012,spielberg_FP2,engine_temp,string_in_numeric,detection,0.0041,True
87cac2706dc1,spielberg_FP2,rpm,bit_flip_high,detection,0.012,True
d90bbf4b97ea,spielberg_FP2,tyre_pressure,sensor_dropout,detection,0.0073,True
4b1dc0e8b3b9,spielberg_FP2,rpm,null_value,detection,0.0067,True
c46043ce9b4a,spielberg_FP2,throttle,bit_flip_high,detection,0.0116,True
436687a36ed4,spielberg_FP2,heart_rate,bit_flip_low,detection,0.0112,True
067e2970955a,spielberg_FP2,heart_rate_canbus,schema_drift,detection,0.0095,True
705589e54309,spielberg_FP2,brake_temp,duplicate_timestamp,detection,0.0076,True
172c3a493a1d,spielberg_FP2,rpm,duplicate_timestamp,detection,0.0074,True
97046816add0,spielberg_FP2,tyre_pressure_canbus,schema_drift,detection,0.009,True
edb82e3496aa,spielberg_FP2,ecu_canbus,null_value,detection,0.0069,True
b166f7d2286b,spielberg_FP2,g_force_lateral,string_in_numeric,detection,0.0041,True
8ef8a056b86e,spielberg_FP2,g_force_lateral,duplicate_timestamp,detection,0.0078,True
e9189b8f0220,spielberg_FP2,tyre_pressure,null_value,detection,0.0073,True
e20fb1cf66e0,spielberg_FP2,throttle,null_value,detection,0.0068,True
803bc2ca3fdf,spielberg_FP2,tyre_pressure,duplicate_timestamp,detection,0.0078,True
be8a1b417d57,spielberg_FP2,g_force_lateral,bit_flip_low,detection,0.0109,True
efb8fa41f23e,spielberg_FP2,brake_temp,null_value,detection,0.0086,True
dadd6db675e4,spielberg_FP2,brake_temp,bit_flip_low,detection,0.0112,True
956bb6a43877,spielberg_FP2,engine_temp,string_in_numeric,detection,0.0053,True
f235b4e5612e,spielberg_FP2,speed,string_in_numeric,detection,0.0039,True
09414436ca67,spielberg_FP2,throttle,bit_flip_low,detection,0.0112,True
9adcbb421038,spielberg_FP2,g_force_lateral,sensor_dropout,detection,0.007,True
1cd50d82ae4d,spielberg_FP2,engine_temp,bit_flip_high,detection,0.0109,True
918f1428c363,spielberg_FP2,brake_temp,bit_flip_low,detection,0.0113,True
0597c4701e6f,spielberg_FP2,speed,duplicate_timestamp,detection,0.0082,True
61d539b779f9,spielberg_FP2,heart_rate,null_value,detection,0.0071,True
c07153ff0346,spielberg_FP2,engine_temp,bit_flip_high,detection,0.0165,True
de1cd29d8d19,spielberg_FP2,ecu_canbus,bit_flip_high,detection,0.0115,True
5df5d3d30ff5,spielberg_FP2,aero_load,string_in_numeric,detection,0.0041,True
e52ea4ba99ad,spielberg_FP2,speed,bit_flip_high,detection,0.0118,True
947fcd25bcdd,spielberg_FP2,engine_temp,string_in_numeric,detection,0.0042,True
9e540f44a126,spielberg_FP2,tyre_pressure,bit_flip_high,detection,0.0111,True
6f07c9dd2fef,spielberg_FP2,aero_load,sensor_dropout,detection,0.007,True
981f995e4e6d,spielberg_FP2,engine_temp,string_in_numeric,detection,0.0041,True
5c9560c38ccf,spielberg_FP2,g_force_lateral_canbus,schema_drift,detection,0.0089,True
623b5b3459e7,spielberg_FP2,rpm,sensor_dropout,detection,0.0072,True
85262104f6af,spielberg_FP2,brake_temp,sensor_dropout,detection,0.0069,True
f4b74c024ba8,spielberg_FP2,throttle,sensor_dropout,detection,0.0079,True
07eef7354bc0,spielberg_FP2,tyre_pressure,null_value,detection,0.0069,True
9a45d9579ae1,spielberg_FP2,heart_rate_canbus,schema_drift,detection,0.0096,True
d1b88f6bc426,spielberg_FP2,aero_load,bit_flip_low,detection,0.0115,True
aa00b3539a72,spielberg_FP2,heart_rate,duplicate_timestamp,detection,0.0077,True
282e0d4c8d11,spielberg_FP2,throttle,sensor_dropout,detection,0.0069,True
78863dc34843,spielberg_FP2,g_force_lateral,duplicate_timestamp,detection,0.0136,True
90a1a3f0350d,spielberg_FP2,g_force_lateral,string_in_numeric,detection,0.0043,True
8f9adcb70953,spielberg_FP2,engine_temp_alt,schema_drift,detection,0.0086,True
12a351b83e52,spielberg_FP2,ecu_canbus,sensor_dropout,detection,0.0069,True
7d145e4feb2e,spielberg_FP2,brake_temp,sensor_dropout,detection,0.0073,True
afb7cff54e09,spielberg_FP2,ecu_canbus,sensor_dropout,detection,0.0069,True
4eeefd3c1cc8,spielberg_FP2,speed,duplicate_timestamp,detection,0.0138,True
7ea97fe73c13,spielberg_FP2,aero_load,sensor_dropout,detection,0.007,True
3068fd691cce,spielberg_FP2,aero_load_raw,schema_drift,detection,0.0097,True
484c86fcbff3,spielberg_FP2,engine_temp_canbus,schema_drift,detection,0.0089,True
b17af8cff485,spielberg_FP2,speed,bit_flip_low,detection,0.0118,True
5e06d82d9642,spielberg_FP2,throttle_canbus,schema_drift,detection,0.0096,True
2e2ee0b6fceb,spielberg_FP2,brake_temp_new,schema_drift,detection,0.0092,True
5a000d2ea761,spielberg_FP2,engine_temp,bit_flip_high,detection,0.0113,True
03666392ba52,spielberg_FP2,aero_load,null_value,detection,0.0068,True
5aa0d7ad4cff,spielberg_FP2,speed,duplicate_timestamp,detection,0.0074,True
e1e70c8d99cd,spielberg_FP2,tyre_pressure,sensor_dropout,detection,0.0069,True
2fb558d54111,spielberg_FP2,speed,bit_flip_high,detection,0.0115,True
e9e071096829,spielberg_FP2,rpm,bit_flip_high,detection,0.0111,True
d396a0ba6a93,spielberg_FP2,g_force_lateral_canbus,schema_drift,detection,0.0087,True
dfdc45e17f99,spielberg_FP2,g_force_lateral,sensor_dropout,detection,0.0072,True
62444dfbaa67,spielberg_FP2,brake_temp,sensor_dropout,detection,0.0075,True
63d819d24f63,spielberg_FP2,speed,bit_flip_high,detection,0.0116,True
ba19ca3e21e2,spielberg_FP2,brake_temp,bit_flip_low,detection,0.011,True
33a19242be09,spielberg_FP2,rpm_alt,schema_drift,detection,0.0094,True
0accebfd86c2,spielberg_FP2,heart_rate,null_value,detection,0.0071,True
8c9554a19388,spielberg_FP2,tyre_pressure,string_in_numeric,detection,0.0044,True
7c3d6f24f505,spielberg_FP2,g_force_lateral,bit_flip_high,detection,0.0108,True
332a6d505e32,spielberg_FP2,engine_temp,null_value,detection,0.0069,True
e091af164b4e,spielberg_FP2,speed,bit_flip_low,detection,0.0116,True
3f9346b05cad,spielberg_FP2,tyre_pressure,null_value,detection,0.0067,True
cba85750312a,spielberg_FP2,tyre_pressure,null_value,detection,0.007,True
cd5d59513062,spielberg_FP2,tyre_pressure,null_value,detection,0.0066,True
e838d903a7d5,spielberg_FP2,rpm,string_in_numeric,detection,0.004,True
a5be7e754380,spielberg_FP2,tyre_pressure,sensor_dropout,detection,0.0071,True
a402d2096c3e,spielberg_FP2,ecu_canbus,duplicate_timestamp,detection,0.0099,True
2c309659a750,spielberg_FP2,tyre_pressure_new,schema_drift,detection,0.0089,True
9ecbba526aa6,spielberg_FP2,aero_load,null_value,detection,0.007,True
e69252a706a2,spielberg_FP2,rpm,null_value,detection,0.0069,True
0fdb22d4dd2f,spielberg_FP2,tyre_pressure,bit_flip_low,detection,0.011,True
30660c2bb291,spielberg_FP2,heart_rate,bit_flip_low,detection,0.0109,True
d5d19846a0e6,spielberg_FP2,tyre_pressure,sensor_dropout,detection,0.0082,True
9573e0ab3c20,spielberg_FP2,ecu_canbus,bit_flip_high,detection,0.0118,True
c587b34f79fd,spielberg_FP2,throttle,null_value,detection,0.0071,True
e0c0cffab81b,spielberg_FP2,tyre_pressure_v2,schema_drift,detection,0.009,True
f26e4921c07d,spielberg_FP2,speed,sensor_dropout,detection,0.007,True
96f95f390878,spielberg_FP2,speed,bit_flip_high,detection,0.0115,True
bb7e36272e52,spielberg_FP2,brake_temp,string_in_numeric,detection,0.005,True
7d94b0f912de,spielberg_FP2,g_force_lateral,string_in_numeric,detection,0.0044,True
ff125f185ab5,spielberg_FP2,heart_rate,bit_flip_high,detection,0.0113,True
fa75a487cdbf,spielberg_FP3,ecu_canbus,bit_flip_high,detection,0.0113,True
9f1ba540ddb3,spielberg_FP3,tyre_pressure,null_value,detection,0.0071,True
8c0c75df7fc8,spielberg_FP3,brake_temp,null_value,detection,0.0068,True
43b2389ece39,spielberg_FP3,ecu_canbus,string_in_numeric,detection,0.0042,True
b7520964e6c4,spielberg_FP3,g_force_lateral,sensor_dropout,detection,0.0069,True
04e983fe50cf,spielberg_FP3,rpm_v2,schema_drift,detection,0.0092,True
dace2df8221c,spielberg_FP3,speed_v2,schema_drift,detection,0.0091,True
681531c85f2c,spielberg_FP3,heart_rate,duplicate_timestamp,detection,0.0075,True
9052ffb0ca15,spielberg_FP3,aero_load,string_in_numeric,detection,0.0042,True
8e4e3ab90830,spielberg_FP3,heart_rate,string_in_numeric,detection,0.004,True
8e2cb17921b4,spielberg_FP3,throttle_alt,schema_drift,detection,0.0098,True
089b2a832b76,spielberg_FP3,tyre_pressure,null_value,detection,0.0071,True
4aa14c7f7dd5,spielberg_FP3,rpm_v2,schema_drift,detection,0.0094,True
b1e9e126ae83,spielberg_FP3,rpm,sensor_dropout,detection,0.007,True
5b62e73da707,spielberg_FP3,engine_temp,duplicate_timestamp,detection,0.0075,True
3c0ae40dd101,spielberg_FP3,ecu_canbus,sensor_dropout,detection,0.0068,True
4cd78996616c,spielberg_FP3,aero_load,duplicate_timestamp,detection,0.0076,True
ba43911962a3,spielberg_FP3,g_force_lateral,duplicate_timestamp,detection,0.0077,True
3e5b8ce6034b,spielberg_FP3,brake_temp,null_value,detection,0.0068,True
3b9f33674709,spielberg_FP3,heart_rate,null_value,detection,0.0069,True
6f036d5ffcd7,spielberg_FP3,heart_rate,null_value,detection,0.0076,True
c2fee12416d1,spielberg_FP3,speed,duplicate_timestamp,detection,0.0078,True
dc7f9d378cbf,spielberg_FP3,ecu_canbus,bit_flip_low,detection,0.0114,True
5bd20abf018f,spielberg_FP3,aero_load,null_value,detection,0.0071,True
6186803173e8,spielberg_FP3,aero_load,sensor_dropout,detection,0.0078,True
d7e0f9d6949c,spielberg_FP3,g_force_lateral,null_value,detection,0.0069,True
7af427d94c25,spielberg_FP3,ecu_canbus,bit_flip_low,detection,0.0116,True
137727db0e42,spielberg_FP3,engine_temp,sensor_dropout,detection,0.0084,True
eb88029e288b,spielberg_FP3,tyre_pressure,sensor_dropout,detection,0.0071,True
c68380f7d116,spielberg_FP3,speed,null_value,detection,0.0067,True
daf9877eb368,spielberg_FP3,tyre_pressure,null_value,detection,0.0071,True
c33c1ca9dab0,spielberg_FP3,tyre_pressure,duplicate_timestamp,detection,0.0077,True
892d3458cdd9,spielberg_FP3,speed_alt,schema_drift,detection,0.0089,True
668dbdccc2e7,spielberg_FP3,brake_temp,null_value,detection,0.0069,True
d446408afbfd,spielberg_FP3,aero_load,null_value,detection,0.0067,True
87e24e93be98,spielberg_FP3,tyre_pressure,sensor_dropout,detection,0.0071,True
ce2fb6c068f5,spielberg_FP3,engine_temp,string_in_numeric,detection,0.0056,True
c7a635b3f332,spielberg_FP3,tyre_pressure,string_in_numeric,detection,0.0042,True
b77ad87d0679,spielberg_FP3,tyre_pressure_v2,schema_drift,detection,0.0088,True
610f3d15c7d6,spielberg_FP3,tyre_pressure,null_value,detection,0.0069,True
3570efe00421,spielberg_FP3,throttle,duplicate_timestamp,detection,0.0077,True
c3f4e0222a4d,spielberg_FP3,aero_load,sensor_dropout,detection,0.0072,True
e4adbf759849,spielberg_FP3,throttle,string_in_numeric,detection,0.0043,True
50cfa589ac10,spielberg_FP3,engine_temp,bit_flip_high,detection,0.0115,True
7bc15073836e,spielberg_FP3,speed,string_in_numeric,detection,0.0042,True
3227ba1f1702,spielberg_FP3,g_force_lateral,bit_flip_high,detection,0.0109,True
0937d076f501,spielberg_FP3,tyre_pressure_canbus,schema_drift,detection,0.0089,True
faabb74ba061,spielberg_FP3,heart_rate,bit_flip_low,detection,0.0109,True
4b7e69ce9860,spielberg_FP3,speed,bit_flip_low,detection,0.0112,True
c46c33e12045,spielberg_FP3,throttle_alt,schema_drift,detection,0.0091,True
aca4dba9b68d,spielberg_FP3,ecu_canbus,bit_flip_high,detection,0.0111,True
f63b33fc0ee6,spielberg_FP3,aero_load,sensor_dropout,detection,0.0069,True
de82dd6d45c8,spielberg_FP3,aero_load,duplicate_timestamp,detection,0.0076,True
d11c0ad1a1d6,spielberg_FP3,ecu_canbus,sensor_dropout,detection,0.0069,True
670ee03fbc8b,spielberg_FP3,brake_temp_canbus,schema_drift,detection,0.0089,True
81d7c1d83a2d,spielberg_FP3,engine_temp,sensor_dropout,detection,0.0082,True
1aaa14bbac6c,spielberg_FP3,throttle_alt,schema_drift,detection,0.0092,True
8c2adfc004ce,spielberg_FP3,brake_temp,duplicate_timestamp,detection,0.0077,True
656bbb4a9648,spielberg_FP3,engine_temp,duplicate_timestamp,detection,0.0079,True
bfa5ae321ded,spielberg_FP3,rpm,bit_flip_low,detection,0.012,True
08e99ce7159c,spielberg_FP3,brake_temp,bit_flip_high,detection,0.0109,True
ddf73059ffa0,spielberg_FP3,ecu_canbus,bit_flip_high,detection,0.0114,True
103ce9d86c22,spielberg_FP3,heart_rate,bit_flip_high,detection,0.0107,True
7930573543b8,spielberg_FP3,speed,bit_flip_low,detection,0.0115,True
f028bc56caea,spielberg_FP3,aero_load,bit_flip_low,detection,0.0108,True
cd69f619ef0f,spielberg_FP3,rpm,duplicate_timestamp,detection,0.0079,True
503adb970123,spielberg_FP3,heart_rate_canbus,schema_drift,detection,0.0094,True
5c89e8a0da1b,spielberg_FP3,throttle,string_in_numeric,detection,0.0041,True
ecd64d1da348,spielberg_FP3,rpm,sensor_dropout,detection,0.0069,True
f4a934fdee19,spielberg_FP3,ecu_canbus,null_value,detection,0.0072,True
bd8bc5bb07e1,spielberg_FP3,aero_load,duplicate_timestamp,detection,0.0079,True
ed754fd7e5be,spielberg_FP3,ecu_canbus,null_value,detection,0.0068,True
c827b5d1f3b6,spielberg_FP3,brake_temp,null_value,detection,0.0068,True
b16fa5e6ca9e,spielberg_FP3,heart_rate,bit_flip_low,detection,0.011,True
f204de62f918,spielberg_FP3,aero_load,sensor_dropout,detection,0.0069,True
5f8a6fdbddc6,spielberg_FP3,g_force_lateral,duplicate_timestamp,detection,0.0079,True
7e332e04c2ca,spielberg_FP3,engine_temp,string_in_numeric,detection,0.0043,True
eb9d202fb63c,spielberg_FP3,aero_load,bit_flip_low,detection,0.0112,True
863ea4e1c395,spielberg_FP3,tyre_pressure,null_value,detection,0.0073,True
916709db9504,spielberg_FP3,speed,sensor_dropout,detection,0.0069,True
714576ea6f1c,spielberg_FP3,speed,string_in_numeric,detection,0.0045,True
dc7a6addef98,spielberg_FP3,tyre_pressure,duplicate_timestamp,detection,0.0081,True
ac526556560b,spielberg_FP3,brake_temp,sensor_dropout,detection,0.0146,True
190fb3d7809c,spielberg_FP3,aero_load,sensor_dropout,detection,0.0068,True
526ffbc2ca35,spielberg_FP3,ecu_canbus_v2,schema_drift,detection,0.0087,True
0706a2dcd02a,spielberg_FP3,engine_temp,null_value,detection,0.009,True
fb733ee4fa97,spielberg_FP3,ecu_canbus_v2,schema_drift,detection,0.0086,True
9f1d7f4c8b67,spielberg_FP3,tyre_pressure,bit_flip_low,detection,0.0114,True
80b3db2672e2,spielberg_FP3,throttle_raw,schema_drift,detection,0.009,True
aed0ee18769c,spielberg_FP3,g_force_lateral_canbus,schema_drift,detection,0.0092,True
0aa7a3da0478,spielberg_FP3,ecu_canbus,bit_flip_low,detection,0.0088,False
74b8e38d0a94,spielberg_FP3,heart_rate,string_in_numeric,detection,0.0041,True
b7446764f169,spielberg_FP3,throttle_canbus,schema_drift,detection,0.0095,True
06d36adbc49f,spielberg_FP3,tyre_pressure,bit_flip_low,detection,0.0113,True
47e1785bd4e5,spielberg_FP3,ecu_canbus,bit_flip_low,detection,0.0112,True
1bdbc02d7a43,spielberg_FP3,tyre_pressure,duplicate_timestamp,detection,0.0077,True
f6e09239d52f,spielberg_FP3,throttle,string_in_numeric,detection,0.0044,True
0fdf46f3a3c6,spielberg_FP3,ecu_canbus,duplicate_timestamp,detection,0.0077,True
1069e5fadd9a,spielberg_FP3,brake_temp_raw,schema_drift,detection,0.0087,True
79876b93605c,spielberg_FP3,engine_temp,bit_flip_low,detection,0.0134,True
544d0468694d,spielberg_FP3,heart_rate_canbus,schema_drift,detection,0.0093,True
7fafa9e276e8,spielberg_FP3,speed,null_value,detection,0.0072,True
9cbd4a1ee9a6,spielberg_FP3,ecu_canbus,sensor_dropout,detection,0.0083,True
8dcb78d4f5e8,spielberg_FP3,throttle,sensor_dropout,detection,0.0069,True
0b860bec7cc0,spielberg_FP3,g_force_lateral_raw,schema_drift,detection,0.0088,True
e1c4cfcfb7de,spielberg_FP3,speed,null_value,detection,0.007,True
d193dee59bc3,spielberg_FP3,throttle,null_value,detection,0.0069,True
f84bb9801dd6,spielberg_QUALI,ecu_canbus,null_value,detection,0.0071,True
32a7722fd529,spielberg_QUALI,engine_temp,null_value,detection,0.0071,True
f216973e72b2,spielberg_QUALI,tyre_pressure,null_value,detection,0.0069,True
f3ecae78f9a7,spielberg_QUALI,throttle_raw,schema_drift,detection,0.0092,True
1a2d3c3faccf,spielberg_QUALI,aero_load_alt,schema_drift,detection,0.0089,True
ac6dbb8d93aa,spielberg_QUALI,heart_rate,bit_flip_high,detection,0.0112,True
23ef4bf56214,spielberg_QUALI,throttle,sensor_dropout,detection,0.0074,True
4f9e12985ee3,spielberg_QUALI,rpm,duplicate_timestamp,detection,0.0075,True
f2e53a318e99,spielberg_QUALI,brake_temp,string_in_numeric,detection,0.0041,True
bd7a5457f5cd,spielberg_QUALI,g_force_lateral,bit_flip_low,detection,0.0106,True
9427582b3f06,spielberg_QUALI,engine_temp,string_in_numeric,detection,0.0041,True
45ad1a1f0045,spielberg_QUALI,aero_load,sensor_dropout,detection,0.0073,True
ed24e7d9a243,spielberg_QUALI,speed,bit_flip_low,detection,0.0115,True
4dfebf6601e4,spielberg_QUALI,g_force_lateral,string_in_numeric,detection,0.0041,True
ee6513f6fa81,spielberg_QUALI,ecu_canbus,duplicate_timestamp,detection,0.0075,True
bea7091b5f1b,spielberg_QUALI,speed,bit_flip_high,detection,0.0118,True
4dea066111e4,spielberg_QUALI,rpm,null_value,detection,0.0071,True
91b8057d147f,spielberg_QUALI,speed,duplicate_timestamp,detection,0.0082,True
5bfdc459b63b,spielberg_QUALI,tyre_pressure,sensor_dropout,detection,0.0071,True
ef84cb97baa8,spielberg_QUALI,heart_rate,bit_flip_low,detection,0.0127,True
4261fbdc3a4e,spielberg_QUALI,g_force_lateral,bit_flip_high,detection,0.0111,True
56e8f65b5293,spielberg_QUALI,speed,sensor_dropout,detection,0.0073,True
e97c17cc8096,spielberg_QUALI,tyre_pressure_new,schema_drift,detection,0.0098,True
45c90ef5e7a4,spielberg_QUALI,heart_rate,string_in_numeric,detection,0.0043,True
7d9ff8bc950c,spielberg_QUALI,brake_temp,duplicate_timestamp,detection,0.0076,True
fae2ffd4fcb2,spielberg_QUALI,engine_temp,string_in_numeric,detection,0.0041,True
ed690c59f7fa,spielberg_QUALI,tyre_pressure,bit_flip_low,detection,0.0128,True
8a77a07b64e9,spielberg_QUALI,rpm,null_value,detection,0.0068,True
edffe962469b,spielberg_QUALI,tyre_pressure,duplicate_timestamp,detection,0.0076,True
691e5adadd92,spielberg_QUALI,heart_rate,bit_flip_high,detection,0.0114,True
d4e172c8f165,spielberg_QUALI,throttle,string_in_numeric,detection,0.0042,True
c85caad576f9,spielberg_QUALI,ecu_canbus,duplicate_timestamp,detection,0.0077,True
d6d0ce0cc9db,spielberg_QUALI,rpm,bit_flip_low,detection,0.0121,True
eab3f355b65b,spielberg_QUALI,engine_temp_raw,schema_drift,detection,0.0084,True
28c90a4f2383,spielberg_QUALI,engine_temp,duplicate_timestamp,detection,0.0075,True
87301bdd294e,spielberg_QUALI,throttle,duplicate_timestamp,detection,0.0077,True
b8ed291e56a2,spielberg_QUALI,heart_rate,duplicate_timestamp,detection,0.0081,True
47a3b20c85f1,spielberg_QUALI,engine_temp,string_in_numeric,detection,0.0042,True
d5234f154a51,spielberg_QUALI,engine_temp,null_value,detection,0.007,True
3f20944ee134,spielberg_QUALI,tyre_pressure,bit_flip_low,detection,0.0109,True
88c25b661f79,spielberg_QUALI,brake_temp_raw,schema_drift,detection,0.0092,True
d371fbdc72e3,spielberg_QUALI,rpm_alt,schema_drift,detection,0.0093,True
914b5757b17b,spielberg_QUALI,throttle,duplicate_timestamp,detection,0.0076,True
f707e848cec9,spielberg_QUALI,g_force_lateral,duplicate_timestamp,detection,0.0079,True
06cb1b8dbb3e,spielberg_QUALI,heart_rate,string_in_numeric,detection,0.0043,True
4fd5650b563a,spielberg_QUALI,g_force_lateral,duplicate_timestamp,detection,0.0078,True
64ea4a88d5bd,spielberg_QUALI,brake_temp,null_value,detection,0.0069,True
b1d9bf0eb0a0,spielberg_QUALI,heart_rate_v2,schema_drift,detection,0.009,True
e2443fd09ad8,spielberg_QUALI,aero_load,duplicate_timestamp,detection,0.0075,True
8595cfb86b6c,spielberg_QUALI,g_force_lateral,string_in_numeric,detection,0.0041,True
e0926e4d49d0,spielberg_QUALI,throttle,sensor_dropout,detection,0.0072,True
a5acda3c9355,spielberg_QUALI,g_force_lateral_v2,schema_drift,detection,0.0088,True
8a1a5aaa284d,spielberg_QUALI,engine_temp,string_in_numeric,detection,0.0042,True
f2a5d783c0f7,spielberg_QUALI,aero_load,bit_flip_low,detection,0.0124,True
71733c283376,spielberg_QUALI,ecu_canbus,string_in_numeric,detection,0.0041,True
06dc0553bbfe,spielberg_QUALI,heart_rate,null_value,detection,0.0071,True
f2d5988c323a,spielberg_QUALI,aero_load,null_value,detection,0.0078,True
88e6c7687be5,spielberg_QUALI,ecu_canbus,duplicate_timestamp,detection,0.008,True
ef175a7a78a6,spielberg_QUALI,rpm,duplicate_timestamp,detection,0.0074,True
05ccbb9b8bcf,spielberg_QUALI,tyre_pressure,null_value,detection,0.007,True
09d31219aaf0,spielberg_QUALI,g_force_lateral,bit_flip_low,detection,0.0118,True
b56fd1ac5c49,spielberg_QUALI,tyre_pressure,string_in_numeric,detection,0.0043,True
63431c4c9764,spielberg_QUALI,rpm_raw,schema_drift,detection,0.0095,True
80af8fe13188,spielberg_QUALI,g_force_lateral,null_value,detection,0.007,True
5d7de29fc3e6,spielberg_QUALI,rpm,string_in_numeric,detection,0.0042,True
88719ece3b3f,spielberg_QUALI,engine_temp,duplicate_timestamp,detection,0.0081,True
b2d5cf5b538e,spielberg_QUALI,engine_temp,duplicate_timestamp,detection,0.0092,True
fca0fd6416dd,spielberg_QUALI,speed_new,schema_drift,detection,0.0091,True
425c120c8c3f,spielberg_QUALI,throttle,string_in_numeric,detection,0.0042,True
1b5567bd2e47,spielberg_QUALI,throttle_alt,schema_drift,detection,0.0112,True
4964db6e5a2f,spielberg_QUALI,speed,bit_flip_high,detection,0.0119,True
158473795282,spielberg_QUALI,brake_temp,null_value,detection,0.007,True
6017fc65d962,spielberg_QUALI,throttle,string_in_numeric,detection,0.004,True
722f2d5eef97,spielberg_QUALI,rpm,string_in_numeric,detection,0.004,True
2f09b29977d3,spielberg_QUALI,engine_temp_canbus,schema_drift,detection,0.0088,True
bc21fff2c279,spielberg_QUALI,tyre_pressure,duplicate_timestamp,detection,0.009,True
53ff5231abcb,spielberg_QUALI,aero_load,null_value,detection,0.0067,True
ff3acecc227d,spielberg_QUALI,heart_rate,bit_flip_high,detection,0.0112,True
31b50ca3497c,spielberg_QUALI,engine_temp,string_in_numeric,detection,0.0045,True
38ce2336e3cf,spielberg_QUALI,heart_rate,sensor_dropout,detection,0.0069,True
b03cb751a822,spielberg_QUALI,speed,bit_flip_low,detection,0.0122,True
aa4b27cbd2a9,spielberg_QUALI,engine_temp,bit_flip_high,detection,0.0109,True
2887c8f886f7,spielberg_QUALI,heart_rate,string_in_numeric,detection,0.0042,True
a465f7c77f5c,spielberg_QUALI,rpm,sensor_dropout,detection,0.0068,True
52bafedb00e6,spielberg_QUALI,rpm,string_in_numeric,detection,0.004,True
06f15d6af80b,spielberg_QUALI,aero_load,null_value,detection,0.007,True
b7f74c0aaa05,spielberg_QUALI,speed,bit_flip_high,detection,0.0115,True
cd1c8fc871fd,spielberg_QUALI,speed,bit_flip_low,detection,0.0116,True
6ddef5e8dd35,spielberg_QUALI,brake_temp,bit_flip_low,detection,0.0106,True
260c67c2ec6b,spielberg_QUALI,heart_rate,string_in_numeric,detection,0.0043,True
b966c36edd0b,spielberg_QUALI,speed,duplicate_timestamp,detection,0.0074,True
1ce95139647c,spielberg_QUALI,aero_load,sensor_dropout,detection,0.0085,True
99569c4f4d0e,spielberg_QUALI,heart_rate_canbus,schema_drift,detection,0.0094,True
00e502d2bce9,spielberg_QUALI,ecu_canbus,duplicate_timestamp,detection,0.0077,True
412276c4e4f0,spielberg_QUALI,rpm,sensor_dropout,detection,0.0067,True
5231196accc5,spielberg_QUALI,rpm,null_value,detection,0.0069,True
b77cefc9ee6f,spielberg_QUALI,ecu_canbus,string_in_numeric,detection,0.0041,True
366cbfae1401,spielberg_QUALI,speed,null_value,detection,0.0069,True
f6c8ba33655b,spielberg_RACE,ecu_canbus,duplicate_timestamp,detection,0.0078,True
531598309908,spielberg_RACE,engine_temp,duplicate_timestamp,detection,0.0081,True
6a547aec31cb,spielberg_RACE,brake_temp,string_in_numeric,detection,0.0042,True
fc564122e9fb,spielberg_RACE,engine_temp,bit_flip_high,detection,0.0113,True
9f29ca84c897,spielberg_RACE,speed_canbus,schema_drift,detection,0.0092,True
1f11cdf2afce,spielberg_RACE,heart_rate,null_value,detection,0.0068,True
330f2da4e643,spielberg_RACE,throttle,bit_flip_high,detection,0.0115,True
f6775f871ad6,spielberg_RACE,engine_temp,null_value,detection,0.0069,True
6094337fbb98,spielberg_RACE,brake_temp,string_in_numeric,detection,0.0041,True
0bb593d0ef9b,spielberg_RACE,aero_load,string_in_numeric,detection,0.0044,True
41c272a4796c,spielberg_RACE,brake_temp,string_in_numeric,detection,0.0041,True
4102ae25a862,spielberg_RACE,g_force_lateral,null_value,detection,0.0071,True
c168dd270a41,spielberg_RACE,heart_rate_v2,schema_drift,detection,0.0091,True
d4018b01181c,spielberg_RACE,throttle,null_value,detection,0.0069,True
fc4a687d21fe,spielberg_RACE,throttle,sensor_dropout,detection,0.0066,True
35ba5b993b92,spielberg_RACE,heart_rate,sensor_dropout,detection,0.0072,True
7fa10d09a2e4,spielberg_RACE,heart_rate,bit_flip_low,detection,0.0113,True
0900fc73b67d,spielberg_RACE,aero_load,bit_flip_low,detection,0.0108,True
fe73f89085d2,spielberg_RACE,rpm,duplicate_timestamp,detection,0.0075,True
58c05f269ef0,spielberg_RACE,heart_rate,duplicate_timestamp,detection,0.0076,True
e07175d77c81,spielberg_RACE,speed,string_in_numeric,detection,0.0045,True
26a75ed31178,spielberg_RACE,ecu_canbus,string_in_numeric,detection,0.0042,True
ad6eb6622676,spielberg_RACE,throttle,bit_flip_high,detection,0.0116,True
5e782eb3c993,spielberg_RACE,aero_load,sensor_dropout,detection,0.0071,True
05ce37b1dc5e,spielberg_RACE,aero_load,bit_flip_high,detection,0.0114,True
df5626b74a96,spielberg_RACE,heart_rate,null_value,detection,0.0069,True
8bc7ad3683cd,spielberg_RACE,ecu_canbus_alt,schema_drift,detection,0.0091,True
5b21ee97eaa8,spielberg_RACE,g_force_lateral,sensor_dropout,detection,0.0076,True
8eda54aec8ca,spielberg_RACE,ecu_canbus,bit_flip_low,detection,0.0118,True
3ef1c7db3d7e,spielberg_RACE,engine_temp,bit_flip_low,detection,0.0114,True
656e743b029b,spielberg_RACE,throttle,sensor_dropout,detection,0.007,True
dfaea20105b9,spielberg_RACE,ecu_canbus,null_value,detection,0.0069,True
6bb497c46ca5,spielberg_RACE,speed,bit_flip_high,detection,0.012,True
e2d1d551886f,spielberg_RACE,throttle_new,schema_drift,detection,0.009,True
42147c683940,spielberg_RACE,tyre_pressure,string_in_numeric,detection,0.0042,True
079d509716c4,spielberg_RACE,rpm,sensor_dropout,detection,0.0068,True
d229fc662c64,spielberg_RACE,aero_load,bit_flip_high,detection,0.0134,True
6b7cd286b379,spielberg_RACE,g_force_lateral,duplicate_timestamp,detection,0.0075,True
ff75a6997cc8,spielberg_RACE,rpm,bit_flip_low,detection,0.0118,True
9fe6370bd12c,spielberg_RACE,rpm,sensor_dropout,detection,0.0068,True
bf872de930e2,spielberg_RACE,engine_temp,bit_flip_low,detection,0.0114,True
f25c6861e6fa,spielberg_RACE,brake_temp,duplicate_timestamp,detection,0.0075,True
614ca0399610,spielberg_RACE,heart_rate,bit_flip_low,detection,0.0115,True
70aae3132ed2,spielberg_RACE,rpm,bit_flip_low,detection,0.0118,True
b754c9a8cbf8,spielberg_RACE,speed,null_value,detection,0.0068,True
f57d50fcb2f7,spielberg_RACE,tyre_pressure,string_in_numeric,detection,0.0042,True
f412dd2e907c,spielberg_RACE,throttle,string_in_numeric,detection,0.0042,True
1e1b7b5ef16b,spielberg_RACE,aero_load,sensor_dropout,detection,0.007,True
ce7353bc9387,spielberg_RACE,speed,sensor_dropout,detection,0.0067,True
5cb8ce5c52f6,spielberg_RACE,aero_load,string_in_numeric,detection,0.004,True
01cc27c18b66,spielberg_RACE,ecu_canbus,bit_flip_high,detection,0.0126,True
e8aa6d2fc995,spielberg_RACE,aero_load_alt,schema_drift,detection,0.0091,True
c5605ee4d08c,spielberg_RACE,tyre_pressure,null_value,detection,0.0071,True
2afca1e80832,spielberg_RACE,rpm,bit_flip_high,detection,0.0117,True
5ce53182d845,spielberg_RACE,g_force_lateral,duplicate_timestamp,detection,0.0078,True
d4bab80f1401,spielberg_RACE,throttle,sensor_dropout,detection,0.0075,True
feeda0473220,spielberg_RACE,ecu_canbus,duplicate_timestamp,detection,0.0076,True
8515caa2d0c0,spielberg_RACE,g_force_lateral,string_in_numeric,detection,0.0041,True
b1c8181e5055,spielberg_RACE,aero_load,bit_flip_high,detection,0.0118,True
dfae4eefce28,spielberg_RACE,heart_rate,bit_flip_high,detection,0.011,True
cc6bf516a426,spielberg_RACE,ecu_canbus,duplicate_timestamp,detection,0.0077,True
2c22e55500ac,spielberg_RACE,speed,sensor_dropout,detection,0.0071,True
28ddd7e14721,spielberg_RACE,aero_load,bit_flip_high,detection,0.0118,True
dd6d742cfa43,spielberg_RACE,rpm_v2,schema_drift,detection,0.0091,True
0a6f381487be,spielberg_RACE,heart_rate_v2,schema_drift,detection,0.0088,True
f95a7bee51b8,spielberg_RACE,throttle,bit_flip_high,detection,0.0113,True
164ea2a048bc,spielberg_RACE,throttle_v2,schema_drift,detection,0.0091,True
acf9146f5449,spielberg_RACE,brake_temp,sensor_dropout,detection,0.007,True
0457d91e238e,spielberg_RACE,g_force_lateral,null_value,detection,0.0069,True
c1dfa8c3c2d4,spielberg_RACE,g_force_lateral,string_in_numeric,detection,0.0042,True
3087059f4d90,spielberg_RACE,engine_temp,bit_flip_high,detection,0.0116,True
b11479712bce,spielberg_RACE,ecu_canbus_alt,schema_drift,detection,0.009,True
8ca78cf9ecf9,spielberg_RACE,speed,bit_flip_low,detection,0.0115,True
2fdaa5f86298,spielberg_RACE,throttle,null_value,detection,0.0071,True
e74f5c24087a,spielberg_RACE,brake_temp,sensor_dropout,detection,0.0075,True
7d91cb0cbe8e,spielberg_RACE,brake_temp,null_value,detection,0.0071,True
37c9c6536d0f,spielberg_RACE,g_force_lateral,string_in_numeric,detection,0.0041,True
23a4ab96b278,spielberg_RACE,heart_rate,bit_flip_high,detection,0.0114,True
f9ece5448d7b,spielberg_RACE,throttle,string_in_numeric,detection,0.0041,True
6a4b90c1d5ab,spielberg_RACE,heart_rate,null_value,detection,0.0069,True
504c0bfe3b3f,spielberg_RACE,tyre_pressure,string_in_numeric,detection,0.004,True
4769349077e1,spielberg_RACE,rpm,string_in_numeric,detection,0.0041,True
79ee8e0d4166,spielberg_RACE,g_force_lateral,string_in_numeric,detection,0.004,True
64e4a76fd931,spielberg_RACE,ecu_canbus,bit_flip_high,detection,0.0126,True
f71486fecec9,spielberg_RACE,ecu_canbus,string_in_numeric,detection,0.0044,True
dde700008c01,spielberg_RACE,rpm,null_value,detection,0.0068,True
a64a4c3f04ed,spielberg_RACE,brake_temp_new,schema_drift,detection,0.0088,True
744a0db0b095,spielberg_RACE,ecu_canbus,string_in_numeric,detection,0.0042,True
b54ce6c1f364,spielberg_RACE,engine_temp,sensor_dropout,detection,0.007,True
0817dbd01cdd,spielberg_RACE,heart_rate,null_value,detection,0.0073,True
60cf4e2a0b2b,spielberg_RACE,g_force_lateral,sensor_dropout,detection,0.0069,True
d494cc26d7b6,spielberg_RACE,rpm,bit_flip_high,detection,0.0114,True
0b6b30c78d8e,spielberg_RACE,brake_temp,string_in_numeric,detection,0.0045,True
45aad751000a,spielberg_RACE,rpm,duplicate_timestamp,detection,0.0076,True
586d558e737e,spielberg_RACE,ecu_canbus,duplicate_timestamp,detection,0.0077,True
0e7ffcaeb969,spielberg_RACE,heart_rate,bit_flip_high,detection,0.0119,True
6793ba18f5c1,silverstone_FP1,ecu_canbus,duplicate_timestamp,detection,0.0092,True
d976692a48c0,silverstone_FP1,ecu_canbus,string_in_numeric,detection,0.0041,True
b3a61ffd42b6,silverstone_FP1,rpm,bit_flip_low,detection,0.0127,True
10df2afac662,silverstone_FP1,ecu_canbus,bit_flip_low,detection,0.0113,True
a3f1f7290afb,silverstone_FP1,brake_temp,string_in_numeric,detection,0.0042,True
8d5497eee150,silverstone_FP1,tyre_pressure,sensor_dropout,detection,0.007,True
9ab8d11b39ed,silverstone_FP1,aero_load,string_in_numeric,detection,0.0043,True
43d361bac864,silverstone_FP1,throttle,bit_flip_high,detection,0.0117,True
2e20e4b71e05,silverstone_FP1,throttle,duplicate_timestamp,detection,0.0077,True
05dbb6baa01d,silverstone_FP1,speed,sensor_dropout,detection,0.0072,True
a94117af5f73,silverstone_FP1,brake_temp,sensor_dropout,detection,0.0071,True
6c6d0290b6be,silverstone_FP1,brake_temp,bit_flip_low,detection,0.0114,True
4d7eed070f32,silverstone_FP1,rpm,null_value,detection,0.0071,True
399763517f5e,silverstone_FP1,tyre_pressure,sensor_dropout,detection,0.0072,True
68e3bcab08ac,silverstone_FP1,tyre_pressure,string_in_numeric,detection,0.0042,True
0062f1ad5290,silverstone_FP1,g_force_lateral,sensor_dropout,detection,0.007,True
62005a713f75,silverstone_FP1,speed,bit_flip_high,detection,0.0117,True
e1b2b92487a9,silverstone_FP1,rpm,string_in_numeric,detection,0.0042,True
0bb56b60e67f,silverstone_FP1,brake_temp,bit_flip_high,detection,0.0112,True
d2fb10e1f13f,silverstone_FP1,speed,bit_flip_low,detection,0.0139,True
25190017e2aa,silverstone_FP1,engine_temp,bit_flip_low,detection,0.0111,True
9d323c8e2fb6,silverstone_FP1,aero_load,sensor_dropout,detection,0.0081,True
4a8b40b13c9f,silverstone_FP1,speed,duplicate_timestamp,detection,0.0081,True
c75a2c1d6467,silverstone_FP1,throttle,bit_flip_low,detection,0.0117,True
d877ca58b3b9,silverstone_FP1,rpm,duplicate_timestamp,detection,0.0076,True
6b9740676ec1,silverstone_FP1,speed,null_value,detection,0.0069,True
a2ec21ff1ec2,silverstone_FP1,heart_rate,sensor_dropout,detection,0.007,True
5fcb3983a83a,silverstone_FP1,aero_load,duplicate_timestamp,detection,0.0121,True
f00bdec693ab,silverstone_FP1,rpm_v2,schema_drift,detection,0.0094,True
e6a32367b467,silverstone_FP1,tyre_pressure,string_in_numeric,detection,0.0046,True
5bc649cc5610,silverstone_FP1,tyre_pressure,bit_flip_high,detection,0.0121,True
c635bcdb0f1b,silverstone_FP1,heart_rate,sensor_dropout,detection,0.0073,True
d588a74f4a4b,silverstone_FP1,engine_temp_raw,schema_drift,detection,0.0085,True
4bfbc20ddd50,silverstone_FP1,tyre_pressure,sensor_dropout,detection,0.0069,True
649d97578fc3,silverstone_FP1,rpm,bit_flip_low,detection,0.0115,True
8e61ac64259e,silverstone_FP1,aero_load,sensor_dropout,detection,0.0072,True
f758eaeca0b3,silverstone_FP1,aero_load,null_value,detection,0.0068,True
79acf718ccd7,silverstone_FP1,engine_temp_canbus,schema_drift,detection,0.0089,True
2e7f7a442170,silverstone_FP1,ecu_canbus,bit_flip_low,detection,0.0111,True
259deca2a837,silverstone_FP1,speed,bit_flip_low,detection,0.0115,True
96cbf1565b67,silverstone_FP1,brake_temp_raw,schema_drift,detection,0.0088,True
26e6a676e101,silverstone_FP1,heart_rate,sensor_dropout,detection,0.007,True
f13e6d148b1e,silverstone_FP1,g_force_lateral,sensor_dropout,detection,0.0071,True
90b0a006a7d9,silverstone_FP1,aero_load,sensor_dropout,detection,0.007,True
f11fb7b6e598,silverstone_FP1,speed_canbus,schema_drift,detection,0.012,True
58f2f9913723,silverstone_FP1,brake_temp,null_value,detection,0.007,True
92a3e9781c5e,silverstone_FP1,brake_temp,bit_flip_low,detection,0.0115,True
1768892db118,silverstone_FP1,ecu_canbus_raw,schema_drift,detection,0.0088,True
bfda6a9fd8cf,silverstone_FP1,g_force_lateral,bit_flip_high,detection,0.0118,True
18b10f319c6c,silverstone_FP1,throttle,string_in_numeric,detection,0.0042,True
6b9f7bc7eafe,silverstone_FP1,ecu_canbus,bit_flip_low,detection,0.0086,True
384610b19536,silverstone_FP1,ecu_canbus,sensor_dropout,detection,0.0073,True
ea556047a61e,silverstone_FP1,brake_temp_raw,schema_drift,detection,0.0088,True
167c8c597943,silverstone_FP1,speed,duplicate_timestamp,detection,0.0077,True
5be26deab222,silverstone_FP1,rpm,bit_flip_low,detection,0.0121,True
96ab7154d01f,silverstone_FP1,rpm,bit_flip_low,detection,0.0117,True
3d0de71d945d,silverstone_FP1,rpm,duplicate_timestamp,detection,0.0074,True
b6036b15d12e,silverstone_FP1,speed_canbus,schema_drift,detection,0.0092,True
9e0b25cb15b8,silverstone_FP1,speed,bit_flip_high,detection,0.0114,True
b987487b2641,silverstone_FP1,heart_rate,bit_flip_low,detection,0.0111,True
387c5ec431d5,silverstone_FP1,throttle,duplicate_timestamp,detection,0.0076,True
b9dd8bd0e556,silverstone_FP1,rpm_v2,schema_drift,detection,0.0092,True
f2eac6fc7547,silverstone_FP1,rpm,null_value,detection,0.0072,True
361f619a8c1c,silverstone_FP1,g_force_lateral,null_value,detection,0.0072,True
72177170c475,silverstone_FP1,tyre_pressure,bit_flip_low,detection,0.0111,True
ee852679c80a,silverstone_FP1,g_force_lateral,null_value,detection,0.0071,True
1b7af937a4b8,silverstone_FP1,heart_rate,string_in_numeric,detection,0.0043,True
dfcf45d5c05e,silverstone_FP1,brake_temp,duplicate_timestamp,detection,0.0079,True
dd5e60756ffc,silverstone_FP1,aero_load_v2,schema_drift,detection,0.0089,True
54238f93182b,silverstone_FP1,heart_rate,sensor_dropout,detection,0.0071,True
2c7fd512e9ce,silverstone_FP1,heart_rate_new,schema_drift,detection,0.0092,True
3bd603b5f92a,silverstone_FP1,ecu_canbus_alt,schema_drift,detection,0.009,True
46d7aa51e989,silverstone_FP1,ecu_canbus,bit_flip_low,detection,0.009,True
ce1624ff0458,silverstone_FP1,brake_temp,bit_flip_high,detection,0.0111,True
73a26aee8e49,silverstone_FP1,engine_temp,duplicate_timestamp,detection,0.0074,True
0a74c5a3c545,silverstone_FP1,heart_rate,sensor_dropout,detection,0.0073,True
506c67eaa867,silverstone_FP1,engine_temp_alt,schema_drift,detection,0.0088,True
42d421816a25,silverstone_FP1,rpm_raw,schema_drift,detection,0.0094,True
90a602d19d3d,silverstone_FP1,tyre_pressure,bit_flip_low,detection,0.0114,True
068d78c7ebcc,silverstone_FP1,heart_rate,bit_flip_high,detection,0.0116,True
ae7f41d26fbf,silverstone_FP1,brake_temp,string_in_numeric,detection,0.0042,True
e2f04916cb91,silverstone_FP1,heart_rate,duplicate_timestamp,detection,0.0076,True
778c0446ad98,silverstone_FP1,tyre_pressure,null_value,detection,0.0071,True
4d2f1d73abb1,silverstone_FP1,aero_load,null_value,detection,0.0087,True
9db18e67560e,silverstone_FP1,throttle,bit_flip_low,detection,0.012,True
1b7da1d08877,silverstone_FP1,engine_temp,bit_flip_high,detection,0.0106,True
13a2863e6e32,silverstone_FP1,engine_temp,duplicate_timestamp,detection,0.0075,True
cf05394f315d,silverstone_FP1,aero_load,bit_flip_low,detection,0.0111,True
ff8bb5993899,silverstone_FP1,throttle,bit_flip_low,detection,0.0118,True
56d287232528,silverstone_FP1,rpm,bit_flip_low,detection,0.0116,True
2839e59b8671,silverstone_FP1,rpm_alt,schema_drift,detection,0.0101,True
8d7dd38874a0,silverstone_FP1,ecu_canbus,null_value,detection,0.007,True
da389ffc49cf,silverstone_FP1,g_force_lateral_alt,schema_drift,detection,0.0088,True
2330bc5582f0,silverstone_FP1,speed_v2,schema_drift,detection,0.0089,True
253fd934c5ab,silverstone_FP1,throttle,bit_flip_high,detection,0.0124,True
d3750d43067f,silverstone_FP1,brake_temp,sensor_dropout,detection,0.007,True
19740a9263c4,silverstone_FP1,heart_rate,bit_flip_high,detection,0.0119,True
f42c36a315b1,silverstone_FP1,rpm,bit_flip_high,detection,0.0116,True
ea0071e5b976,silverstone_FP1,brake_temp,bit_flip_low,detection,0.011,True
8752ca689e6d,silverstone_FP1,aero_load,sensor_dropout,detection,0.0069,True
7901efe4b358,silverstone_FP1,heart_rate,string_in_numeric,detection,0.0047,True
ee2a80ca9a4e,silverstone_FP1,g_force_lateral,bit_flip_low,detection,0.0115,True
91aee0f97566,silverstone_FP2,rpm,sensor_dropout,detection,0.0073,True
d1f54560b8aa,silverstone_FP2,tyre_pressure,duplicate_timestamp,detection,0.0081,True
95113b9ca437,silverstone_FP2,engine_temp,duplicate_timestamp,detection,0.0076,True
6a83bb1c039b,silverstone_FP2,brake_temp,bit_flip_high,detection,0.0112,True
16f42cf67037,silverstone_FP2,heart_rate,bit_flip_low,detection,0.0112,True
bb365cef21fd,silverstone_FP2,tyre_pressure,sensor_dropout,detection,0.0068,True
4ce3f0ef3a70,silverstone_FP2,speed,bit_flip_low,detection,0.0113,True
f76334a29933,silverstone_FP2,ecu_canbus,null_value,detection,0.0074,True
8967ea481e69,silverstone_FP2,g_force_lateral,string_in_numeric,detection,0.0042,True
717ff3272d32,silverstone_FP2,heart_rate,duplicate_timestamp,detection,0.0074,True
601b0b50f3eb,silverstone_FP2,speed_v2,schema_drift,detection,0.0091,True
c31b8bde8984,silverstone_FP2,brake_temp,duplicate_timestamp,detection,0.0078,True
bf09961fd788,silverstone_FP2,engine_temp,string_in_numeric,detection,0.0043,True
2d4517b80587,silverstone_FP2,ecu_canbus,duplicate_timestamp,detection,0.0081,True
1534c682f127,silverstone_FP2,speed,bit_flip_high,detection,0.0117,True
4c9559622c61,silverstone_FP2,tyre_pressure,string_in_numeric,detection,0.0042,True
ce3f01577a63,silverstone_FP2,heart_rate,string_in_numeric,detection,0.0043,True
508ff8ce5678,silverstone_FP2,speed,sensor_dropout,detection,0.0071,True
eca6ea44b771,silverstone_FP2,heart_rate,null_value,detection,0.007,True
be16f288f1c7,silverstone_FP2,aero_load,null_value,detection,0.0069,True
39f6e252c081,silverstone_FP2,throttle,bit_flip_high,detection,0.0116,True
ef85907b2a17,silverstone_FP2,rpm,sensor_dropout,detection,0.0086,True
d2b0add51421,silverstone_FP2,brake_temp,string_in_numeric,detection,0.0043,True
57ca83d0b4fa,silverstone_FP2,speed,null_value,detection,0.0068,True
e7f6cd56b2c8,silverstone_FP2,speed_canbus,schema_drift,detection,0.0093,True
ba63da6b0e56,silverstone_FP2,rpm_new,schema_drift,detection,0.0096,True
af6798a937c9,silverstone_FP2,g_force_lateral,bit_flip_low,detection,0.0108,True
5c18ad4d878d,silverstone_FP2,heart_rate,sensor_dropout,detection,0.0071,True
f8d6e35b4760,silverstone_FP2,heart_rate_new,schema_drift,detection,0.0089,True
a1c773aef927,silverstone_FP2,heart_rate,sensor_dropout,detection,0.007,True
4f0744ba5cc1,silverstone_FP2,tyre_pressure,duplicate_timestamp,detection,0.008,True
673277fc0bf2,silverstone_FP2,engine_temp,null_value,detection,0.0069,True
7a00052c91eb,silverstone_FP2,aero_load,duplicate_timestamp,detection,0.0075,True
1c82ac396e05,silverstone_FP2,throttle,null_value,detection,0.0071,True
4b4cdd91dbd8,silverstone_FP2,g_force_lateral,sensor_dropout,detection,0.007,True
e33b1d8042ff,silverstone_FP2,engine_temp,sensor_dropout,detection,0.0087,True
00af2779d475,silverstone_FP2,brake_temp,duplicate_timestamp,detection,0.0083,True
829c37f7504b,silverstone_FP2,g_force_lateral,bit_flip_low,detection,0.0111,True
c7e7fa1b594c,silverstone_FP2,tyre_pressure,duplicate_timestamp,detection,0.0079,True
4af7be8fae34,silverstone_FP2,speed_raw,schema_drift,detection,0.01,True
5f76fdf7cb71,silverstone_FP2,rpm,string_in_numeric,detection,0.0043,True
b3cb3e2c05d8,silverstone_FP2,throttle,string_in_numeric,detection,0.0042,True
948d70155ec7,silverstone_FP2,tyre_pressure,duplicate_timestamp,detection,0.0079,True
6db864be7005,silverstone_FP2,brake_temp,bit_flip_low,detection,0.0108,True
18539571f16d,silverstone_FP2,speed,sensor_dropout,detection,0.0072,True
40bd341e089a,silverstone_FP2,tyre_pressure,string_in_numeric,detection,0.0041,True
17c2b4381dde,silverstone_FP2,speed,string_in_numeric,detection,0.004,True
abc08e3c952c,silverstone_FP2,rpm,bit_flip_high,detection,0.012,True
af153aa2c546,silverstone_FP2,brake_temp,bit_flip_low,detection,0.0111,True
4d7bab27861e,silverstone_FP2,speed,bit_flip_low,detection,0.0112,True
ae7442b7b434,silverstone_FP2,throttle,bit_flip_high,detection,0.0108,True
921b87a4758a,silverstone_FP2,tyre_pressure,string_in_numeric,detection,0.0042,True
f6a2a080e8d1,silverstone_FP2,brake_temp,null_value,detection,0.0069,True
37acbaa72d4a,silverstone_FP2,brake_temp,string_in_numeric,detection,0.0041,True
d0ac44e6fd3f,silverstone_FP2,rpm,bit_flip_high,detection,0.0118,True
b4e85020f97c,silverstone_FP2,brake_temp,duplicate_timestamp,detection,0.0076,True
4fc7c0011ca7,silverstone_FP2,ecu_canbus,string_in_numeric,detection,0.0044,True
71bd0ffe22d8,silverstone_FP2,heart_rate,duplicate_timestamp,detection,0.0082,True
012f596751f5,silverstone_FP2,ecu_canbus,null_value,detection,0.0068,True
1bb8851f38a9,silverstone_FP2,ecu_canbus_raw,schema_drift,detection,0.0094,True
3f2253644442,silverstone_FP2,engine_temp,sensor_dropout,detection,0.0072,True
de4afe9af767,silverstone_FP2,tyre_pressure,sensor_dropout,detection,0.0073,True
f154d4e4906d,silverstone_FP2,ecu_canbus,bit_flip_high,detection,0.0117,True
63f7850cf19b,silverstone_FP2,engine_temp,null_value,detection,0.0122,True
858ca068a55e,silverstone_FP2,heart_rate,duplicate_timestamp,detection,0.0075,True
2c90dcc8465f,silverstone_FP2,ecu_canbus,bit_flip_low,detection,0.011,True
37424746db91,silverstone_FP2,g_force_lateral_v2,schema_drift,detection,0.0087,True
4601d65b9150,silverstone_FP2,engine_temp_v2,schema_drift,detection,0.0089,True
61ed340efd1c,silverstone_FP2,tyre_pressure,bit_flip_low,detection,0.0112,True
15ad0929b448,silverstone_FP2,ecu_canbus_alt,schema_drift,detection,0.0088,True
a2e4c10f8081,silverstone_FP2,brake_temp,null_value,detection,0.0068,True
e3de7830f222,silverstone_FP2,tyre_pressure,string_in_numeric,detection,0.004,True
227b53bc70da,silverstone_FP2,brake_temp,sensor_dropout,detection,0.0068,True
f39d29b184fd,silverstone_FP2,speed,duplicate_timestamp,detection,0.0074,True
2f99a654457d,silverstone_FP2,rpm,sensor_dropout,detection,0.0068,True
7baa4fe73ce6,silverstone_FP2,aero_load,bit_flip_low,detection,0.0114,True
751295e92641,silverstone_FP2,brake_temp,bit_flip_low,detection,0.0108,True
170f04ed1da3,silverstone_FP2,engine_temp,string_in_numeric,detection,0.0042,True
a6da7ca0515a,silverstone_FP2,aero_load_new,schema_drift,detection,0.0095,True
cc7872486217,silverstone_FP2,speed,sensor_dropout,detection,0.007,True
75426ca2ee4a,silverstone_FP2,brake_temp,string_in_numeric,detection,0.0042,True
01ea21638f73,silverstone_FP2,throttle_canbus,schema_drift,detection,0.0099,True
7c7dedd9bd24,silverstone_FP2,brake_temp,duplicate_timestamp,detection,0.0077,True
a8dde17d70f9,silverstone_FP2,engine_temp,bit_flip_low,detection,0.011,True
6300946e104c,silverstone_FP2,aero_load,bit_flip_high,detection,0.0171,True
eafbb55dee9b,silverstone_FP2,tyre_pressure,string_in_numeric,detection,0.0047,True
1fdd1461d776,silverstone_FP2,throttle,null_value,detection,0.0071,True
18ea8624ea9b,silverstone_FP2,heart_rate,bit_flip_high,detection,0.0112,True
b652c2273010,silverstone_FP2,throttle,null_value,detection,0.0073,True
36d61991ebb4,silverstone_FP2,heart_rate,string_in_numeric,detection,0.0042,True
529c0cf43a27,silverstone_FP2,speed,null_value,detection,0.0085,True
4dd0e739e63f,silverstone_FP2,throttle,duplicate_timestamp,detection,0.0076,True
f4371c7bf1e2,silverstone_FP2,speed,bit_flip_low,detection,0.0114,True
41d24ff764d0,silverstone_FP2,rpm,sensor_dropout,detection,0.007,True
1c7593b657b7,silverstone_FP2,g_force_lateral,null_value,detection,0.0069,True
46fe210e612d,silverstone_FP2,aero_load,null_value,detection,0.0067,True
74570881aa51,silverstone_FP2,speed,bit_flip_low,detection,0.012,True
efa6fa7f6026,silverstone_FP2,engine_temp,sensor_dropout,detection,0.0071,True
ac5cd0ad7b12,silverstone_FP2,rpm,sensor_dropout,detection,0.0068,True
5b826f670031,silverstone_FP2,rpm,sensor_dropout,detection,0.0068,True
860efc7e20c7,silverstone_FP2,tyre_pressure,sensor_dropout,detection,0.007,True
2c7716ef4530,silverstone_FP2,aero_load,bit_flip_high,detection,0.0132,True
15aeaf744d98,silverstone_FP2,rpm,null_value,detection,0.0066,True
908620d6cf73,silverstone_FP2,brake_temp_alt,schema_drift,detection,0.0085,True
63aa9abed20d,silverstone_FP2,aero_load,null_value,detection,0.0068,True
f8c9b5f503a3,silverstone_FP2,heart_rate,bit_flip_high,detection,0.0117,True
30c1a20658b5,silverstone_FP2,aero_load,null_value,detection,0.0067,True
bc820f619cbb,silverstone_FP2,ecu_canbus_new,schema_drift,detection,0.0087,True
de5b4c3caefd,silverstone_FP2,aero_load,duplicate_timestamp,detection,0.0074,True
349087f1fa5c,silverstone_FP3,rpm,duplicate_timestamp,detection,0.0077,True
1606bb2f904f,silverstone_FP3,brake_temp_raw,schema_drift,detection,0.0086,True
1674744dc16f,silverstone_FP3,throttle,string_in_numeric,detection,0.0041,True
73bcf350e8fb,silverstone_FP3,heart_rate,null_value,detection,0.0065,True
60baf442d018,silverstone_FP3,heart_rate,duplicate_timestamp,detection,0.0078,True
cb9eb7349407,silverstone_FP3,g_force_lateral,bit_flip_high,detection,0.011,True
e0ff99864e92,silverstone_FP3,g_force_lateral,bit_flip_low,detection,0.0104,True
4137ee5c7967,silverstone_FP3,speed,sensor_dropout,detection,0.0069,True
869d46c368f0,silverstone_FP3,engine_temp_alt,schema_drift,detection,0.0085,True
72b42b9d3c7f,silverstone_FP3,heart_rate,null_value,detection,0.013,True
eddc45b5eb34,silverstone_FP3,heart_rate,null_value,detection,0.007,True
e76037becdb4,silverstone_FP3,g_force_lateral_raw,schema_drift,detection,0.0087,True
0538ce1d948f,silverstone_FP3,ecu_canbus,duplicate_timestamp,detection,0.0094,True
35233c19a273,silverstone_FP3,engine_temp,bit_flip_low,detection,0.011,True
3b705a9a16d2,silverstone_FP3,ecu_canbus,null_value,detection,0.0081,True
67ad1da69b58,silverstone_FP3,engine_temp,null_value,detection,0.0071,True
643e3e960bad,silverstone_FP3,heart_rate,sensor_dropout,detection,0.007,True
87ab0a937d02,silverstone_FP3,brake_temp,duplicate_timestamp,detection,0.0076,True
4ba9c4f80f93,silverstone_FP3,ecu_canbus,sensor_dropout,detection,0.0068,True
9c649d5e35de,silverstone_FP3,tyre_pressure,bit_flip_high,detection,0.0114,True
caad338c97cd,silverstone_FP3,brake_temp,bit_flip_low,detection,0.0108,True
35bade6624a9,silverstone_FP3,aero_load,string_in_numeric,detection,0.0042,True
643e6a785c24,silverstone_FP3,g_force_lateral_canbus,schema_drift,detection,0.0088,True
0a783e337564,silverstone_FP3,tyre_pressure,bit_flip_high,detection,0.0114,True
53663fd9c012,silverstone_FP3,tyre_pressure,bit_flip_low,detection,0.0107,True
069e5642113e,silverstone_FP3,g_force_lateral_canbus,schema_drift,detection,0.009,True
efddb83ba2fb,silverstone_FP3,rpm,sensor_dropout,detection,0.0068,True
3c73a981c017,silverstone_FP3,brake_temp,null_value,detection,0.0074,True
6c7cd0ce7b56,silverstone_FP3,tyre_pressure,bit_flip_low,detection,0.0111,True
d62bc7f97bcd,silverstone_FP3,tyre_pressure,sensor_dropout,detection,0.0068,True
552d03094dd7,silverstone_FP3,heart_rate,duplicate_timestamp,detection,0.0076,True
7df08b9e0fdb,silverstone_FP3,tyre_pressure,null_value,detection,0.0077,True
3854b0cdb381,silverstone_FP3,speed,bit_flip_high,detection,0.0119,True
55bf807601c8,silverstone_FP3,speed,bit_flip_low,detection,0.0109,True
b0014ac971ce,silverstone_FP3,ecu_canbus_canbus,schema_drift,detection,0.0091,True
23f325d8d55c,silverstone_FP3,speed,sensor_dropout,detection,0.007,True
83767186c595,silverstone_FP3,tyre_pressure,null_value,detection,0.0156,True
305577ef927d,silverstone_FP3,ecu_canbus,bit_flip_low,detection,0.0096,False
8442f2001616,silverstone_FP3,g_force_lateral,bit_flip_low,detection,0.0133,True
6131fae4a491,silverstone_FP3,heart_rate,bit_flip_low,detection,0.0115,True
952e790e5d45,silverstone_FP3,ecu_canbus_v2,schema_drift,detection,0.009,True
d2d1d41fda7d,silverstone_FP3,g_force_lateral_v2,schema_drift,detection,0.0098,True
93e8aac6bec0,silverstone_FP3,throttle,bit_flip_low,detection,0.0116,True
c3b304bf65dd,silverstone_FP3,heart_rate,null_value,detection,0.0086,True
103bafd9ffb9,silverstone_FP3,rpm,sensor_dropout,detection,0.0088,True
b4f2d0ab359d,silverstone_FP3,ecu_canbus,null_value,detection,0.0069,True
c9711963fd1c,silverstone_FP3,speed,bit_flip_low,detection,0.0112,True
c81b68fb5ad7,silverstone_FP3,tyre_pressure,duplicate_timestamp,detection,0.008,True
2f56e7c58d22,silverstone_FP3,speed,sensor_dropout,detection,0.0069,True
30f83c0ac871,silverstone_FP3,brake_temp,string_in_numeric,detection,0.0042,True
bbd9d2cddeda,silverstone_FP3,ecu_canbus,bit_flip_high,detection,0.0115,True
eb5fd468c11d,silverstone_FP3,tyre_pressure,string_in_numeric,detection,0.0042,True
a1e241a9d3f1,silverstone_FP3,aero_load,bit_flip_low,detection,0.0112,True
34545b68aeec,silverstone_FP3,aero_load_canbus,schema_drift,detection,0.0109,True
9ea0c966e554,silverstone_FP3,heart_rate_raw,schema_drift,detection,0.0091,True
c83ec3cb0588,silverstone_FP3,throttle,string_in_numeric,detection,0.004,True
1c987331f3b1,silverstone_FP3,aero_load,null_value,detection,0.0068,True
1612393437ca,silverstone_FP3,brake_temp,bit_flip_high,detection,0.0111,True
572921e8f4a0,silverstone_FP3,speed,duplicate_timestamp,detection,0.0074,True
da43baed907c,silverstone_FP3,speed,duplicate_timestamp,detection,0.0075,True
f213aafb0376,silverstone_FP3,throttle,string_in_numeric,detection,0.0044,True
7efcbc5baa14,silverstone_FP3,aero_load,null_value,detection,0.0084,True
4d027ec1ea49,silverstone_FP3,ecu_canbus,bit_flip_high,detection,0.0112,True
7838a7ddbde0,silverstone_FP3,brake_temp_new,schema_drift,detection,0.0089,True
cbe53c39a11c,silverstone_FP3,aero_load_raw,schema_drift,detection,0.0112,True
551a07e3c37c,silverstone_FP3,tyre_pressure_raw,schema_drift,detection,0.0094,True
0ad3eacc8f4a,silverstone_FP3,g_force_lateral,bit_flip_low,detection,0.0115,True
7fde04f4e1b6,silverstone_FP3,tyre_pressure_raw,schema_drift,detection,0.0092,True
94545c790f15,silverstone_FP3,throttle,bit_flip_low,detection,0.0116,True
48dde240e51f,silverstone_FP3,aero_load,null_value,detection,0.007,True
65b87c47b854,silverstone_FP3,g_force_lateral,string_in_numeric,detection,0.0043,True
c8a6cb5b1f19,silverstone_FP3,brake_temp,bit_flip_low,detection,0.0116,True
be95b4fda1a7,silverstone_FP3,throttle_raw,schema_drift,detection,0.009,True
332e5903b3bb,silverstone_FP3,heart_rate_canbus,schema_drift,detection,0.0093,True
16387c23b669,silverstone_FP3,ecu_canbus_alt,schema_drift,detection,0.0087,True
fe540c5c69df,silverstone_FP3,rpm,null_value,detection,0.0072,True
80b9eeff5ef1,silverstone_FP3,aero_load,bit_flip_high,detection,0.0118,True
8630a376ea82,silverstone_FP3,speed,sensor_dropout,detection,0.007,True
ac4425aebf0e,silverstone_FP3,aero_load,sensor_dropout,detection,0.007,True
89873f650a32,silverstone_QUALI,tyre_pressure,sensor_dropout,detection,0.0073,True
4e5069af99d7,silverstone_QUALI,engine_temp,sensor_dropout,detection,0.007,True
00690b252b01,silverstone_QUALI,tyre_pressure,string_in_numeric,detection,0.0041,True
81c41702b90c,silverstone_QUALI,brake_temp_canbus,schema_drift,detection,0.0109,True
4f35aae501f1,silverstone_QUALI,g_force_lateral,bit_flip_high,detection,0.0131,True
4069a2937f76,silverstone_QUALI,engine_temp,duplicate_timestamp,detection,0.0076,True
17271461bc6a,silverstone_QUALI,g_force_lateral,duplicate_timestamp,detection,0.0076,True
e3151676fcb6,silverstone_QUALI,ecu_canbus,sensor_dropout,detection,0.0084,True
60c26e192a7d,silverstone_QUALI,heart_rate,sensor_dropout,detection,0.0068,True
2eec451a4260,silverstone_QUALI,engine_temp_v2,schema_drift,detection,0.0089,True
72bb5d556d66,silverstone_QUALI,brake_temp,bit_flip_low,detection,0.0112,True
2fcadb536719,silverstone_QUALI,rpm_canbus,schema_drift,detection,0.0096,True
89bc58568d30,silverstone_QUALI,throttle,bit_flip_high,detection,0.0117,True
3ecda880c53c,silverstone_QUALI,ecu_canbus,bit_flip_low,detection,0.0086,True
587f91b25d22,silverstone_QUALI,heart_rate,null_value,detection,0.0067,True
9ba3106e10dd,silverstone_QUALI,aero_load,sensor_dropout,detection,0.0068,True
3d8a402f4ad8,silverstone_QUALI,g_force_lateral_new,schema_drift,detection,0.009,True
c735d899d410,silverstone_QUALI,speed,bit_flip_low,detection,0.0117,True
5d1ecfde1576,silverstone_QUALI,engine_temp,sensor_dropout,detection,0.0068,True
a763e3d391b0,silverstone_QUALI,throttle,string_in_numeric,detection,0.0042,True
c10015d52994,silverstone_QUALI,tyre_pressure,sensor_dropout,detection,0.007,True
a2bcdf07b1d4,silverstone_QUALI,aero_load,null_value,detection,0.0073,True
fa8285474b2c,silverstone_QUALI,ecu_canbus,bit_flip_high,detection,0.0114,True
f81ef5e0c3f0,silverstone_QUALI,g_force_lateral,duplicate_timestamp,detection,0.0077,True
16bb551b5313,silverstone_QUALI,throttle,bit_flip_low,detection,0.0111,True
fef0bd8dced0,silverstone_QUALI,tyre_pressure,string_in_numeric,detection,0.0043,True
f6f04a0d0f6b,silverstone_QUALI,ecu_canbus,null_value,detection,0.0073,True
38f2cee2e398,silverstone_QUALI,brake_temp,string_in_numeric,detection,0.005,True
aedb3b1cd23e,silverstone_QUALI,rpm,sensor_dropout,detection,0.0071,True
26292ab046c9,silverstone_QUALI,tyre_pressure,string_in_numeric,detection,0.0043,True
376c9d561cc5,silverstone_QUALI,throttle,sensor_dropout,detection,0.0071,True
eb5af92e895b,silverstone_QUALI,rpm_v2,schema_drift,detection,0.0092,True
9abb77e2a53b,silverstone_QUALI,engine_temp,sensor_dropout,detection,0.0074,True
041010225093,silverstone_QUALI,brake_temp,null_value,detection,0.0072,True
13c92bea1f0a,silverstone_QUALI,brake_temp_raw,schema_drift,detection,0.0086,True
66484c68911a,silverstone_QUALI,speed,string_in_numeric,detection,0.0043,True
8f089df73a1f,silverstone_QUALI,brake_temp,string_in_numeric,detection,0.0041,True
3920aeb15855,silverstone_QUALI,engine_temp,sensor_dropout,detection,0.007,True
cadfe4cb8722,silverstone_QUALI,speed,duplicate_timestamp,detection,0.0076,True
c044bb898815,silverstone_QUALI,throttle,duplicate_timestamp,detection,0.0075,True
5e2bd700dc06,silverstone_QUALI,heart_rate_raw,schema_drift,detection,0.0087,True
98ff3444a46f,silverstone_QUALI,aero_load,bit_flip_low,detection,0.0117,True
d8f50022b4c7,silverstone_QUALI,tyre_pressure,sensor_dropout,detection,0.0074,True
6e4feaaf06de,silverstone_QUALI,speed_v2,schema_drift,detection,0.009,True
78094ca0777e,silverstone_QUALI,rpm,sensor_dropout,detection,0.0068,True
5bc92aa9bff1,silverstone_QUALI,ecu_canbus,string_in_numeric,detection,0.004,True
127a2b01f24e,silverstone_QUALI,g_force_lateral,duplicate_timestamp,detection,0.008,True
3dd7bf2ac89e,silverstone_QUALI,rpm,duplicate_timestamp,detection,0.0075,True
178ae00ab205,silverstone_QUALI,heart_rate,bit_flip_high,detection,0.0125,True
8f9d3c5ac2d0,silverstone_QUALI,engine_temp,null_value,detection,0.0072,True
b888f9e2891f,silverstone_QUALI,rpm_canbus,schema_drift,detection,0.0101,True
591d8b9d921a,silverstone_QUALI,ecu_canbus,string_in_numeric,detection,0.0041,True
fa816a3cb916,silverstone_QUALI,ecu_canbus_raw,schema_drift,detection,0.0087,True
88c9cc80517a,silverstone_QUALI,g_force_lateral,duplicate_timestamp,detection,0.0076,True
8d4ed5598d67,silverstone_QUALI,rpm_canbus,schema_drift,detection,0.0093,True
97c4db56e799,silverstone_QUALI,throttle,bit_flip_low,detection,0.0125,True
7bc8a51f40de,silverstone_QUALI,g_force_lateral,duplicate_timestamp,detection,0.0076,True
3f26dc3c84f2,silverstone_QUALI,ecu_canbus,bit_flip_low,detection,0.0112,True
c850890edc32,silverstone_QUALI,aero_load,sensor_dropout,detection,0.0071,True
af4add7cb3d8,silverstone_QUALI,aero_load,duplicate_timestamp,detection,0.0078,True
036d897c5757,silverstone_QUALI,throttle,duplicate_timestamp,detection,0.0074,True
291bca870300,silverstone_QUALI,rpm_new,schema_drift,detection,0.0092,True
06a78fb7e4e3,silverstone_QUALI,brake_temp,bit_flip_low,detection,0.0111,True
57f39f7ee0c0,silverstone_QUALI,speed_new,schema_drift,detection,0.0117,True
e55b064f17e6,silverstone_QUALI,throttle,null_value,detection,0.0068,True
fc1bcaa1bf3d,silverstone_QUALI,speed_canbus,schema_drift,detection,0.0092,True
7e02adafcd7c,silverstone_QUALI,engine_temp,duplicate_timestamp,detection,0.0074,True
a3eb131a8c8b,silverstone_QUALI,throttle,bit_flip_low,detection,0.0111,True
9830adb29e7b,silverstone_QUALI,tyre_pressure,duplicate_timestamp,detection,0.0079,True
1a101e5ba257,silverstone_QUALI,ecu_canbus,sensor_dropout,detection,0.0071,True
26d6228d44af,silverstone_QUALI,heart_rate_canbus,schema_drift,detection,0.0096,True
0c4fe3d5f649,silverstone_QUALI,brake_temp,bit_flip_high,detection,0.011,True
499ae3262417,silverstone_QUALI,g_force_lateral,bit_flip_high,detection,0.0105,True
24625cfde312,silverstone_QUALI,engine_temp_canbus,schema_drift,detection,0.0093,True
59c349614a71,silverstone_QUALI,g_force_lateral,string_in_numeric,detection,0.0042,True
4d664a75e8ad,silverstone_QUALI,rpm,duplicate_timestamp,detection,0.0078,True
4dc23b75892c,silverstone_QUALI,throttle,bit_flip_low,detection,0.0114,True
73df8caaab76,silverstone_QUALI,brake_temp,sensor_dropout,detection,0.007,True
701d7bf82697,silverstone_QUALI,throttle,null_value,detection,0.0068,True
1c6760658a57,silverstone_QUALI,ecu_canbus,bit_flip_high,detection,0.0131,True
7ddca57469f8,silverstone_QUALI,aero_load,bit_flip_high,detection,0.0108,True
dcc2c5b92a5b,silverstone_QUALI,heart_rate,string_in_numeric,detection,0.004,True
a7a0abfdf873,silverstone_QUALI,aero_load,duplicate_timestamp,detection,0.0075,True
cb72119ba6b0,silverstone_QUALI,ecu_canbus,null_value,detection,0.0069,True
1558b8943c64,silverstone_QUALI,speed,sensor_dropout,detection,0.0069,True
39300a9d180d,silverstone_QUALI,throttle,bit_flip_low,detection,0.0114,True
e984eb64381b,silverstone_QUALI,ecu_canbus,null_value,detection,0.0068,True
f2f8e2a67d37,silverstone_QUALI,ecu_canbus,sensor_dropout,detection,0.007,True
4a5df0c26112,silverstone_QUALI,tyre_pressure,bit_flip_high,detection,0.0119,True
57978823aad6,silverstone_QUALI,g_force_lateral_v2,schema_drift,detection,0.0087,True
0ab7e1f550d4,silverstone_QUALI,engine_temp,bit_flip_high,detection,0.0111,True
093d6504ad60,silverstone_QUALI,speed,null_value,detection,0.0068,True
7e06f3cb6aad,silverstone_QUALI,tyre_pressure,duplicate_timestamp,detection,0.0078,True
089912769d0c,silverstone_QUALI,rpm,null_value,detection,0.0068,True
f228e88cb930,silverstone_QUALI,engine_temp,bit_flip_low,detection,0.0109,True
67273735a3d1,silverstone_QUALI,speed_alt,schema_drift,detection,0.0096,True
1e825bf0062e,silverstone_QUALI,speed,bit_flip_low,detection,0.0117,True
a7488cd3fbe6,silverstone_QUALI,heart_rate,bit_flip_low,detection,0.0114,True
1c9c95fadb09,silverstone_QUALI,brake_temp,sensor_dropout,detection,0.0069,True
9d007a14bd7b,silverstone_QUALI,speed,null_value,detection,0.0068,True
40fb1e4af840,silverstone_QUALI,speed,duplicate_timestamp,detection,0.0081,True
c93429beb752,silverstone_QUALI,ecu_canbus,string_in_numeric,detection,0.0047,True
afdf752b0662,silverstone_QUALI,g_force_lateral,duplicate_timestamp,detection,0.0074,True
02d4c0eb5dc6,silverstone_QUALI,g_force_lateral,sensor_dropout,detection,0.0071,True
3b456cce6321,silverstone_QUALI,throttle_alt,schema_drift,detection,0.0094,True
3b88bdeed20c,silverstone_QUALI,brake_temp,sensor_dropout,detection,0.0071,True
af2c7261da8d,silverstone_QUALI,heart_rate,string_in_numeric,detection,0.004,True
6d5adc813054,silverstone_QUALI,speed,bit_flip_low,detection,0.0117,True
9b0eec975030,silverstone_QUALI,engine_temp,bit_flip_low,detection,0.0108,True
6838eff5646f,silverstone_QUALI,heart_rate,bit_flip_low,detection,0.0111,True
0f7685280d74,silverstone_QUALI,g_force_lateral_new,schema_drift,detection,0.0089,True
6a207553af15,silverstone_RACE,tyre_pressure,duplicate_timestamp,detection,0.0078,True
a6855f2e94a0,silverstone_RACE,speed,null_value,detection,0.0074,True
76b33239a1dd,silverstone_RACE,tyre_pressure_new,schema_drift,detection,0.0088,True
7561f2685352,silverstone_RACE,g_force_lateral,bit_flip_low,detection,0.0106,True
c7cc422df077,silverstone_RACE,ecu_canbus,bit_flip_high,detection,0.0116,True
e719b760c83d,silverstone_RACE,ecu_canbus,bit_flip_high,detection,0.0113,True
a96bc4d97eaa,silverstone_RACE,throttle,sensor_dropout,detection,0.0071,True
8a864bab32cb,silverstone_RACE,tyre_pressure_alt,schema_drift,detection,0.0086,True
a6684e7d8342,silverstone_RACE,brake_temp,bit_flip_low,detection,0.011,True
7b36d8726372,silverstone_RACE,tyre_pressure,string_in_numeric,detection,0.0043,True
e7bcd5f8f7e6,silverstone_RACE,heart_rate,null_value,detection,0.0083,True
91f6fd6c9ac6,silverstone_RACE,g_force_lateral,sensor_dropout,detection,0.0073,True
86d75031c098,silverstone_RACE,tyre_pressure_canbus,schema_drift,detection,0.009,True
2558aaa22905,silverstone_RACE,speed,string_in_numeric,detection,0.0042,True
083cbc862c17,silverstone_RACE,engine_temp,duplicate_timestamp,detection,0.0077,True
f3ffe559a123,silverstone_RACE,brake_temp,sensor_dropout,detection,0.0073,True
743eec07228a,silverstone_RACE,g_force_lateral,null_value,detection,0.0071,True
5814ef2bf7d4,silverstone_RACE,brake_temp_new,schema_drift,detection,0.0087,True
93167a1710a0,silverstone_RACE,engine_temp,duplicate_timestamp,detection,0.0078,True
26f66a94ee72,silverstone_RACE,ecu_canbus,bit_flip_high,detection,0.0114,True
58bb2abe1fc7,silverstone_RACE,heart_rate,string_in_numeric,detection,0.0042,True
31e8b8c7e5a1,silverstone_RACE,rpm,string_in_numeric,detection,0.004,True
5c2eb0a9f22d,silverstone_RACE,heart_rate_new,schema_drift,detection,0.0113,True
6041942a312d,silverstone_RACE,tyre_pressure,null_value,detection,0.007,True
fbb7001baa36,silverstone_RACE,rpm,bit_flip_low,detection,0.0121,True
95cfd2537dbe,silverstone_RACE,heart_rate_new,schema_drift,detection,0.009,True
00c841ee013d,silverstone_RACE,ecu_canbus,sensor_dropout,detection,0.0071,True
701c4597bdba,silverstone_RACE,speed,string_in_numeric,detection,0.0042,True
2f4e3f69b44f,silverstone_RACE,heart_rate_raw,schema_drift,detection,0.0091,True
d0ce47a22eea,silverstone_RACE,ecu_canbus,bit_flip_low,detection,0.0086,True
c4f088a2645b,silverstone_RACE,heart_rate,null_value,detection,0.007,True
a1024cfa0d38,silverstone_RACE,heart_rate,sensor_dropout,detection,0.0069,True
8ff20f2244af,silverstone_RACE,throttle_raw,schema_drift,detection,0.0091,True
4384c74daad4,silverstone_RACE,brake_temp,null_value,detection,0.0067,True
81df040a3f58,silverstone_RACE,heart_rate,duplicate_timestamp,detection,0.0077,True
0773cf139b5d,silverstone_RACE,g_force_lateral,bit_flip_high,detection,0.011,True
d6125d4aea61,silverstone_RACE,speed,null_value,detection,0.0078,True
e9398ae51ee1,silverstone_RACE,tyre_pressure,null_value,detection,0.0073,True
f1adf984dca4,silverstone_RACE,speed,null_value,detection,0.0069,True
e2189522fd6b,silverstone_RACE,brake_temp,sensor_dropout,detection,0.0067,True
4d4c3782e2f3,silverstone_RACE,engine_temp_alt,schema_drift,detection,0.0091,True
8f0f791e6e6c,silverstone_RACE,tyre_pressure,bit_flip_low,detection,0.0128,True
2714b9bd9c45,silverstone_RACE,engine_temp,null_value,detection,0.0069,True
6db7141b3ba4,silverstone_RACE,aero_load,null_value,detection,0.007,True
263933f6a4fa,silverstone_RACE,ecu_canbus,duplicate_timestamp,detection,0.0075,True
5c613231318e,silverstone_RACE,throttle,sensor_dropout,detection,0.0073,True
fe9bc91d056e,silverstone_RACE,engine_temp,duplicate_timestamp,detection,0.0078,True
29210c013193,silverstone_RACE,heart_rate,bit_flip_high,detection,0.0114,True
b29a9ee11395,silverstone_RACE,speed,string_in_numeric,detection,0.0041,True
e4f9f90e7c80,silverstone_RACE,g_force_lateral,bit_flip_high,detection,0.0109,True
03a529f12019,silverstone_RACE,brake_temp,bit_flip_low,detection,0.0114,True
f7add9c6081b,silverstone_RACE,ecu_canbus,duplicate_timestamp,detection,0.0075,True
f6543df82dac,silverstone_RACE,tyre_pressure_canbus,schema_drift,detection,0.009,True
a9b8d8f327ba,silverstone_RACE,heart_rate,null_value,detection,0.0071,True
5b24d7f41a08,silverstone_RACE,rpm_v2,schema_drift,detection,0.0091,True
c412cb6620fa,silverstone_RACE,ecu_canbus,bit_flip_high,detection,0.0111,True
826362e2267a,silverstone_RACE,heart_rate,duplicate_timestamp,detection,0.0077,True
670d542a65fd,silverstone_RACE,tyre_pressure_raw,schema_drift,detection,0.0102,True
5a527f383922,silverstone_RACE,aero_load,sensor_dropout,detection,0.007,True
f5e927ecf4cf,silverstone_RACE,throttle,duplicate_timestamp,detection,0.0075,True
b1cbf7e6ddd4,silverstone_RACE,rpm,sensor_dropout,detection,0.0072,True
717b03fddf4b,silverstone_RACE,rpm,string_in_numeric,detection,0.0041,True
fc8ac225dfe6,silverstone_RACE,g_force_lateral,bit_flip_low,detection,0.0108,True
2d1cb06be1b2,silverstone_RACE,engine_temp_new,schema_drift,detection,0.009,True
aec6ab7f8957,silverstone_RACE,tyre_pressure,string_in_numeric,detection,0.0047,True
a38739bbf1ad,silverstone_RACE,ecu_canbus,string_in_numeric,detection,0.0041,True
91632cee2545,silverstone_RACE,heart_rate,sensor_dropout,detection,0.0071,True
6e38b3c5ad8f,silverstone_RACE,brake_temp_v2,schema_drift,detection,0.0132,True
a6a11ba34cda,silverstone_RACE,aero_load,bit_flip_high,detection,0.0118,True
29f0273d84dc,silverstone_RACE,throttle,duplicate_timestamp,detection,0.0093,True
baeac445465a,silverstone_RACE,ecu_canbus,bit_flip_low,detection,0.0088,True
8d65f57292b9,silverstone_RACE,brake_temp_raw,schema_drift,detection,0.0095,True
56cbd9b37381,silverstone_RACE,engine_temp,null_value,detection,0.007,True
5626ee151cfb,silverstone_RACE,engine_temp,null_value,detection,0.0067,True
5c5b72107bdf,silverstone_RACE,throttle,bit_flip_low,detection,0.0116,True
b1dee6cc18da,silverstone_RACE,engine_temp,string_in_numeric,detection,0.004,True
565350c14c99,silverstone_RACE,ecu_canbus,sensor_dropout,detection,0.0071,True
cb6fdf5ebb34,silverstone_RACE,engine_temp,duplicate_timestamp,detection,0.0076,True
c1023fe06063,silverstone_RACE,speed_alt,schema_drift,detection,0.0101,True
d89a32143bfa,silverstone_RACE,throttle,null_value,detection,0.007,True
8ae29847f53e,silverstone_RACE,ecu_canbus,duplicate_timestamp,detection,0.0076,True
c52d29dc5f51,silverstone_RACE,aero_load,bit_flip_high,detection,0.0115,True
422d03a3f4b7,silverstone_RACE,aero_load,bit_flip_low,detection,0.011,True
88677ca1632d,silverstone_RACE,rpm,string_in_numeric,detection,0.0041,True
dd048070dd13,silverstone_RACE,speed,bit_flip_high,detection,0.0126,True
087932e1b9ab,silverstone_RACE,tyre_pressure,string_in_numeric,detection,0.0045,True
17ffa69221fc,silverstone_RACE,heart_rate_v2,schema_drift,detection,0.0089,True
674b6b9aa497,silverstone_RACE,engine_temp,bit_flip_high,detection,0.0115,True
78ec2573b6f7,silverstone_RACE,engine_temp,bit_flip_low,detection,0.0109,True
31a88ad2e13f,silverstone_RACE,speed,string_in_numeric,detection,0.0042,True
a8460d5fceef,silverstone_RACE,rpm,bit_flip_low,detection,0.0119,True
a8dacdb8c6bb,silverstone_RACE,heart_rate,duplicate_timestamp,detection,0.0171,True
30bb390564be,silverstone_RACE,rpm,null_value,detection,0.0076,True
1dc4fc64829c,silverstone_RACE,aero_load,bit_flip_high,detection,0.0115,True
869fda77e128,silverstone_RACE,engine_temp_raw,schema_drift,detection,0.009,True
311b2c569125,silverstone_RACE,rpm,duplicate_timestamp,detection,0.0075,True
b696454df39a,silverstone_RACE,aero_load,sensor_dropout,detection,0.0068,True
bce47334095a,silverstone_RACE,throttle_alt,schema_drift,detection,0.0089,True
f9bdaf48b00e,silverstone_RACE,speed,duplicate_timestamp,detection,0.0076,True
f1c8163f0b5b,budapest_FP1,engine_temp_new,schema_drift,detection,0.009,True
3341f101403d,budapest_FP1,brake_temp_canbus,schema_drift,detection,0.009,True
109c2bf5bfcf,budapest_FP1,tyre_pressure,bit_flip_low,detection,0.0128,True
aa15ea6c7b4e,budapest_FP1,rpm,sensor_dropout,detection,0.0073,True
55d8e2314028,budapest_FP1,heart_rate,string_in_numeric,detection,0.0043,True
6b10368d811b,budapest_FP1,g_force_lateral,sensor_dropout,detection,0.0072,True
c13064446149,budapest_FP1,tyre_pressure,duplicate_timestamp,detection,0.0078,True
dbef7f56cd60,budapest_FP1,heart_rate_raw,schema_drift,detection,0.0089,True
e3668ab6db9e,budapest_FP1,rpm,string_in_numeric,detection,0.0041,True
41f15bc8b841,budapest_FP1,tyre_pressure,bit_flip_low,detection,0.011,True
9e5f318d20dc,budapest_FP1,tyre_pressure,sensor_dropout,detection,0.0071,True
d96cb96fe140,budapest_FP1,throttle,bit_flip_high,detection,0.0089,False
020bba933125,budapest_FP1,aero_load,sensor_dropout,detection,0.0076,True
3250e0cded2a,budapest_FP1,brake_temp_new,schema_drift,detection,0.0089,True
90a961296664,budapest_FP1,throttle,bit_flip_low,detection,0.0114,True
6e9a2b8b7a6d,budapest_FP1,ecu_canbus,null_value,detection,0.0073,True
7a0d06eca8b4,budapest_FP1,heart_rate,null_value,detection,0.0071,True
dc9295b213db,budapest_FP1,speed,null_value,detection,0.0078,True
b099a58dcd74,budapest_FP1,ecu_canbus,duplicate_timestamp,detection,0.0077,True
8809947df009,budapest_FP1,g_force_lateral,duplicate_timestamp,detection,0.0078,True
5f0593cc978b,budapest_FP1,heart_rate_alt,schema_drift,detection,0.0088,True
eb8863b417e4,budapest_FP1,engine_temp,bit_flip_low,detection,0.0113,True
e068f365a9bb,budapest_FP1,ecu_canbus,duplicate_timestamp,detection,0.0079,True
0d5e086bdd2b,budapest_FP1,throttle_raw,schema_drift,detection,0.009,True
b68deb5c0c0d,budapest_FP1,g_force_lateral,null_value,detection,0.0069,True
af42d94492e9,budapest_FP1,brake_temp,bit_flip_high,detection,0.0111,True
0109909fb34f,budapest_FP1,heart_rate,bit_flip_low,detection,0.0114,True
17f614ae5d99,budapest_FP1,g_force_lateral_new,schema_drift,detection,0.0087,True
4133cad92d19,budapest_FP1,ecu_canbus,duplicate_timestamp,detection,0.0079,True
7c01b73488cf,budapest_FP1,ecu_canbus,bit_flip_low,detection,0.0158,True
c975a1bbf79e,budapest_FP1,speed,bit_flip_low,detection,0.0139,True
24589962cf21,budapest_FP1,ecu_canbus,sensor_dropout,detection,0.007,True
46d78fe4b0f6,budapest_FP1,aero_load,string_in_numeric,detection,0.004,True
b0815658c76d,budapest_FP1,g_force_lateral,bit_flip_low,detection,0.011,True
aae850787e65,budapest_FP1,ecu_canbus,null_value,detection,0.007,True
8ea9cc299817,budapest_FP1,brake_temp,null_value,detection,0.0069,True
8e21ffa35b17,budapest_FP1,throttle,null_value,detection,0.007,True
97f1c2cfd63a,budapest_FP1,tyre_pressure,duplicate_timestamp,detection,0.0083,True
ae201dea4c57,budapest_FP1,g_force_lateral,bit_flip_high,detection,0.0112,True
ab6651d1ad0f,budapest_FP1,speed,string_in_numeric,detection,0.0041,True
4905b2baaba1,budapest_FP1,g_force_lateral,sensor_dropout,detection,0.007,True
d6a777b2ac51,budapest_FP1,g_force_lateral,bit_flip_high,detection,0.011,True
f6673d96d7c4,budapest_FP1,aero_load_new,schema_drift,detection,0.0089,True
11ca416d8480,budapest_FP1,throttle_alt,schema_drift,detection,0.0093,True
b2b0bf1206d6,budapest_FP1,g_force_lateral,bit_flip_low,detection,0.0109,True
526c14f91f2b,budapest_FP1,heart_rate,null_value,detection,0.0071,True
ac192c5c2ec5,budapest_FP1,ecu_canbus,null_value,detection,0.0069,True
81e40c70b7a3,budapest_FP1,heart_rate,string_in_numeric,detection,0.0041,True
1fbbedd68e84,budapest_FP1,throttle,string_in_numeric,detection,0.004,True
46ec6b09372a,budapest_FP1,tyre_pressure,sensor_dropout,detection,0.0082,True
42615a4afd29,budapest_FP1,brake_temp_new,schema_drift,detection,0.0087,True
98b905fc372b,budapest_FP1,tyre_pressure,string_in_numeric,detection,0.0041,True
4845262d792a,budapest_FP1,speed_v2,schema_drift,detection,0.0088,True
dae4faa52c30,budapest_FP1,heart_rate,bit_flip_high,detection,0.0142,True
70b1945f9ac6,budapest_FP1,rpm,null_value,detection,0.0109,True
22938bbca8b0,budapest_FP1,ecu_canbus,string_in_numeric,detection,0.0042,True
9ba304f86745,budapest_FP1,g_force_lateral,string_in_numeric,detection,0.004,True
bb85c380b4e8,budapest_FP1,throttle,bit_flip_high,detection,0.0117,True
c0ca0ac46681,budapest_FP1,aero_load,bit_flip_high,detection,0.0108,True
5f5f897b7db9,budapest_FP1,heart_rate,sensor_dropout,detection,0.0071,True
2ee08c70fc90,budapest_FP1,ecu_canbus,duplicate_timestamp,detection,0.0079,True
ef98200c68dd,budapest_FP1,aero_load_v2,schema_drift,detection,0.0095,True
959d9f49bbba,budapest_FP1,speed,duplicate_timestamp,detection,0.0077,True
1051588b506a,budapest_FP1,ecu_canbus,string_in_numeric,detection,0.0044,True
8925106978dc,budapest_FP1,engine_temp_new,schema_drift,detection,0.0086,True
5b3eea6484d5,budapest_FP1,ecu_canbus,duplicate_timestamp,detection,0.0077,True
2a6534f7aa07,budapest_FP1,rpm,bit_flip_low,detection,0.0119,True
c240a723140f,budapest_FP1,tyre_pressure,sensor_dropout,detection,0.007,True
3acff1bf2487,budapest_FP1,engine_temp,bit_flip_low,detection,0.014,True
7cd178165ad4,budapest_FP1,heart_rate,sensor_dropout,detection,0.007,True
ab657f9adfbe,budapest_FP1,aero_load,null_value,detection,0.0069,True
4a64f2c050e1,budapest_FP1,tyre_pressure,sensor_dropout,detection,0.007,True
a05d4c26fe80,budapest_FP1,g_force_lateral,bit_flip_low,detection,0.0111,True
f69bffb12eff,budapest_FP1,speed,bit_flip_low,detection,0.0112,True
011587ecf05a,budapest_FP1,rpm,string_in_numeric,detection,0.0041,True
e98717af814e,budapest_FP1,heart_rate,sensor_dropout,detection,0.0077,True
8694d19e6d2d,budapest_FP1,tyre_pressure,duplicate_timestamp,detection,0.0092,True
7a29b2ae69a5,budapest_FP1,g_force_lateral,bit_flip_high,detection,0.0111,True
f5de8c95651f,budapest_FP1,brake_temp,bit_flip_high,detection,0.0112,True
88333cc3ed10,budapest_FP1,throttle,duplicate_timestamp,detection,0.0079,True
a0a9a4f9f372,budapest_FP1,brake_temp,bit_flip_low,detection,0.0108,True
c8aebf04224f,budapest_FP1,aero_load_v2,schema_drift,detection,0.0158,True
68dc5da05c7e,budapest_FP1,ecu_canbus_new,schema_drift,detection,0.0088,True
092c8366a39d,budapest_FP1,g_force_lateral,string_in_numeric,detection,0.0041,True
970ef90acc4f,budapest_FP1,speed_new,schema_drift,detection,0.0092,True
924960d4a669,budapest_FP1,brake_temp_alt,schema_drift,detection,0.0086,True
ff7ff7b152df,budapest_FP1,speed,sensor_dropout,detection,0.0069,True
53fe63fb22c3,budapest_FP1,throttle,bit_flip_low,detection,0.0117,True
1a10eac29e07,budapest_FP1,engine_temp,bit_flip_high,detection,0.0109,True
42083b304614,budapest_FP1,brake_temp,null_value,detection,0.0068,True
0e3622046d04,budapest_FP1,g_force_lateral,duplicate_timestamp,detection,0.008,True
8691f95ee32d,budapest_FP1,rpm,sensor_dropout,detection,0.0068,True
353ed207bf77,budapest_FP1,brake_temp_v2,schema_drift,detection,0.0093,True
0eeff1afd712,budapest_FP1,ecu_canbus,bit_flip_high,detection,0.0115,True
6df0a0cb65a7,budapest_FP1,aero_load_alt,schema_drift,detection,0.0092,True
36856a60c423,budapest_FP1,tyre_pressure,bit_flip_low,detection,0.0108,True
a0d4b6b73220,budapest_FP1,engine_temp,bit_flip_low,detection,0.0109,True
55662f54c653,budapest_FP1,throttle,null_value,detection,0.007,True
1b2af9ff113f,budapest_FP1,g_force_lateral,bit_flip_high,detection,0.0105,True
47853ebd05d1,budapest_FP1,g_force_lateral_raw,schema_drift,detection,0.0089,True
da46e792ec17,budapest_FP1,rpm_alt,schema_drift,detection,0.0093,True
b1577a2013b6,budapest_FP1,throttle,sensor_dropout,detection,0.0072,True
022a7e39e76f,budapest_FP1,brake_temp_v2,schema_drift,detection,0.0088,True
722a34af276c,budapest_FP1,ecu_canbus,null_value,detection,0.007,True
7f354da432c0,budapest_FP1,rpm,bit_flip_high,detection,0.0116,True
be8367fc2301,budapest_FP1,throttle,bit_flip_high,detection,0.0114,True
9cde819942e2,budapest_FP1,ecu_canbus_alt,schema_drift,detection,0.0089,True
43065a2ef850,budapest_FP1,brake_temp_raw,schema_drift,detection,0.0086,True
bdbb896c9dbd,budapest_FP1,g_force_lateral_v2,schema_drift,detection,0.0088,True
c592d4c25b4d,budapest_FP1,heart_rate,null_value,detection,0.0086,True
3ad5158b2a09,budapest_FP1,speed_alt,schema_drift,detection,0.0094,True
e51678308710,budapest_FP1,brake_temp,bit_flip_high,detection,0.0112,True
be2f45734615,budapest_FP1,g_force_lateral_alt,schema_drift,detection,0.0088,True
9692e8e57881,budapest_FP1,aero_load,sensor_dropout,detection,0.0068,True
5b40bad94d78,budapest_FP2,throttle_raw,schema_drift,detection,0.0097,True
590a4b4e019e,budapest_FP2,ecu_canbus,null_value,detection,0.007,True
950fdf9ae309,budapest_FP2,engine_temp,string_in_numeric,detection,0.0041,True
17f5da518c20,budapest_FP2,tyre_pressure,bit_flip_low,detection,0.0109,True
a529899e570e,budapest_FP2,g_force_lateral,sensor_dropout,detection,0.0069,True
9eb6df2df6e7,budapest_FP2,engine_temp,bit_flip_high,detection,0.0115,True
ffb183f92610,budapest_FP2,brake_temp,bit_flip_low,detection,0.0111,True
3f0816a4f0c0,budapest_FP2,brake_temp,bit_flip_low,detection,0.011,True
3c1f11b38c1a,budapest_FP2,engine_temp_raw,schema_drift,detection,0.0106,True
0716ab550258,budapest_FP2,ecu_canbus,string_in_numeric,detection,0.0041,True
db11ec82b6c7,budapest_FP2,throttle,bit_flip_high,detection,0.0113,True
16f76c3538b0,budapest_FP2,engine_temp,string_in_numeric,detection,0.004,True
00a29a20d7df,budapest_FP2,aero_load,bit_flip_low,detection,0.0114,True
5a76f36f6ba8,budapest_FP2,heart_rate,string_in_numeric,detection,0.0041,True
3d247b3f763f,budapest_FP2,rpm_new,schema_drift,detection,0.0097,True
3b0983277976,budapest_FP2,heart_rate,bit_flip_high,detection,0.0112,True
a7db0861f337,budapest_FP2,aero_load,bit_flip_high,detection,0.0121,True
b8b89c9840ef,budapest_FP2,aero_load,bit_flip_low,detection,0.0113,True
e55a3660d5f0,budapest_FP2,engine_temp,sensor_dropout,detection,0.0073,True
56b32df4eb40,budapest_FP2,throttle_v2,schema_drift,detection,0.0091,True
81a4d7b94dbd,budapest_FP2,heart_rate,duplicate_timestamp,detection,0.0083,True
6a970dfd02c8,budapest_FP2,engine_temp,string_in_numeric,detection,0.004,True
69da4cbe294b,budapest_FP2,g_force_lateral,null_value,detection,0.0071,True
6f9f5c1a9021,budapest_FP2,rpm,bit_flip_high,detection,0.0115,True
8dbff95e027e,budapest_FP2,g_force_lateral_new,schema_drift,detection,0.0089,True
e7e2b64371a1,budapest_FP2,rpm,bit_flip_high,detection,0.0118,True
ff818c791f1a,budapest_FP2,aero_load,bit_flip_high,detection,0.0113,True
bfcae7614d0d,budapest_FP2,heart_rate,null_value,detection,0.0072,True
5e3b27a31aea,budapest_FP2,aero_load,duplicate_timestamp,detection,0.0078,True
f9985dc49f2b,budapest_FP2,g_force_lateral_canbus,schema_drift,detection,0.0087,True
25f9e29a79f8,budapest_FP2,heart_rate,null_value,detection,0.0072,True
b44eb8ccb903,budapest_FP2,brake_temp,string_in_numeric,detection,0.0043,True
e753add45af9,budapest_FP2,rpm,null_value,detection,0.0069,True
a47f7849efc3,budapest_FP2,g_force_lateral_canbus,schema_drift,detection,0.0094,True
84d15049b0b3,budapest_FP2,aero_load_v2,schema_drift,detection,0.0086,True
f5795bcc99f1,budapest_FP2,throttle_alt,schema_drift,detection,0.009,True
434f915c68ae,budapest_FP2,engine_temp,duplicate_timestamp,detection,0.0076,True
48fc56075b6f,budapest_FP2,aero_load,string_in_numeric,detection,0.0043,True
e5da17cf1c55,budapest_FP2,brake_temp,duplicate_timestamp,detection,0.0083,True
062613e5534b,budapest_FP2,g_force_lateral_v2,schema_drift,detection,0.0089,True
b2b3fa940c73,budapest_FP2,ecu_canbus,null_value,detection,0.0068,True
e4c6dd4ed798,budapest_FP2,aero_load,null_value,detection,0.007,True
6a9e04599f11,budapest_FP2,rpm,string_in_numeric,detection,0.0043,True
9374abf58bcd,budapest_FP2,aero_load_new,schema_drift,detection,0.0091,True
7984bc2f7779,budapest_FP2,brake_temp,sensor_dropout,detection,0.0071,True
1f1704531e30,budapest_FP2,g_force_lateral,bit_flip_high,detection,0.0111,True
5de4c9c0c193,budapest_FP2,throttle,string_in_numeric,detection,0.004,True
ee0e2eae6327,budapest_FP2,throttle,string_in_numeric,detection,0.0039,True
ea2b2f96c0dd,budapest_FP2,engine_temp,string_in_numeric,detection,0.0042,True
2b3eb2f48401,budapest_FP2,speed_alt,schema_drift,detection,0.0088,True
b415d487c9a1,budapest_FP2,aero_load_alt,schema_drift,detection,0.0089,True
b2ad3f53e0f1,budapest_FP2,brake_temp_alt,schema_drift,detection,0.0089,True
36f9144a5975,budapest_FP2,throttle,null_value,detection,0.007,True
1c9599fbc204,budapest_FP2,brake_temp,duplicate_timestamp,detection,0.0079,True
b701a43cc76e,budapest_FP2,ecu_canbus,null_value,detection,0.0076,True
e4e6f6676b59,budapest_FP2,g_force_lateral,bit_flip_low,detection,0.0109,True
858e536bb469,budapest_FP2,heart_rate_raw,schema_drift,detection,0.0089,True
fe1b10d71ace,budapest_FP2,speed,string_in_numeric,detection,0.0042,True
8307a46c31e4,budapest_FP2,brake_temp,string_in_numeric,detection,0.0041,True
5c49ead440e4,budapest_FP2,engine_temp,sensor_dropout,detection,0.0074,True
872e034a9d03,budapest_FP2,rpm,string_in_numeric,detection,0.0041,True
ca48c3c529b9,budapest_FP2,throttle,string_in_numeric,detection,0.004,True
05b427b43c05,budapest_FP2,tyre_pressure,sensor_dropout,detection,0.0071,True
e7e8d5035101,budapest_FP2,ecu_canbus,duplicate_timestamp,detection,0.0076,True
0516851ea002,budapest_FP2,aero_load,bit_flip_high,detection,0.0116,True
5f4d6b8979d0,budapest_FP2,rpm,duplicate_timestamp,detection,0.0074,True
47dbb4a63442,budapest_FP2,heart_rate,sensor_dropout,detection,0.007,True
5a5ba0741c57,budapest_FP2,brake_temp,null_value,detection,0.0071,True
2048428356f9,budapest_FP2,throttle,sensor_dropout,detection,0.007,True
c58d8f30d061,budapest_FP2,brake_temp_canbus,schema_drift,detection,0.009,True
6cadc87d164b,budapest_FP2,ecu_canbus,bit_flip_high,detection,0.0118,True
71a8e7227678,budapest_FP2,aero_load,sensor_dropout,detection,0.0084,True
a1bd232d34d8,budapest_FP2,rpm,bit_flip_high,detection,0.0117,True
595de339ad23,budapest_FP2,brake_temp,bit_flip_low,detection,0.0108,True
7befdd8cddd6,budapest_FP2,rpm,bit_flip_high,detection,0.0124,True
d8e5d71ef6d9,budapest_FP2,throttle,sensor_dropout,detection,0.0074,True
9607846f18f9,budapest_FP2,rpm,string_in_numeric,detection,0.0042,True
c32d1d9e0273,budapest_FP2,speed,bit_flip_high,detection,0.0114,True
75433cd967af,budapest_FP2,g_force_lateral_alt,schema_drift,detection,0.0085,True
81e1af2f7f7c,budapest_FP2,g_force_lateral,sensor_dropout,detection,0.007,True
0ae3dbd3ab40,budapest_FP2,rpm,bit_flip_high,detection,0.0117,True
2e59701846a0,budapest_FP2,aero_load,sensor_dropout,detection,0.0068,True
5eb94d11ead4,budapest_FP2,ecu_canbus,string_in_numeric,detection,0.0042,True
b0176b1fe569,budapest_FP2,heart_rate,null_value,detection,0.0071,True
58416b976623,budapest_FP2,speed,string_in_numeric,detection,0.0041,True
77491dc3ccde,budapest_FP2,brake_temp,null_value,detection,0.0068,True
c1769084013d,budapest_FP2,aero_load,null_value,detection,0.0071,True
7fddde54543f,budapest_FP2,speed,bit_flip_low,detection,0.0115,True
8647766b3b14,budapest_FP2,tyre_pressure,sensor_dropout,detection,0.0086,True
0b76c032aa88,budapest_FP3,speed,bit_flip_low,detection,0.0184,True
4227d6ce78cc,budapest_FP3,heart_rate,sensor_dropout,detection,0.0072,True
a0e249d559fa,budapest_FP3,throttle,sensor_dropout,detection,0.0073,True
4d1107d3dea5,budapest_FP3,brake_temp,null_value,detection,0.007,True
420f3749b9f9,budapest_FP3,speed,null_value,detection,0.0069,True
c67a99f57e0d,budapest_FP3,g_force_lateral,string_in_numeric,detection,0.0045,True
709c68b8042a,budapest_FP3,engine_temp,null_value,detection,0.0068,True
482578050d88,budapest_FP3,ecu_canbus,null_value,detection,0.0068,True
7dd84e3bc093,budapest_FP3,brake_temp,string_in_numeric,detection,0.0045,True
13cecaf39988,budapest_FP3,g_force_lateral,duplicate_timestamp,detection,0.008,True
762ceee187c6,budapest_FP3,aero_load,string_in_numeric,detection,0.0043,True
ff32039a7a94,budapest_FP3,ecu_canbus,duplicate_timestamp,detection,0.0082,True
9d78910b99b8,budapest_FP3,g_force_lateral,bit_flip_high,detection,0.0112,True
874eb735b2ec,budapest_FP3,speed,duplicate_timestamp,detection,0.0077,True
bde39c48fb6c,budapest_FP3,speed,duplicate_timestamp,detection,0.0136,True
fad503b8497e,budapest_FP3,throttle,null_value,detection,0.0067,True
439b277414ed,budapest_FP3,g_force_lateral,sensor_dropout,detection,0.0069,True
63c1f7845732,budapest_FP3,rpm,bit_flip_low,detection,0.0123,True
d5e9b7ad64f3,budapest_FP3,engine_temp,bit_flip_low,detection,0.0115,True
7b94910ce8a8,budapest_FP3,tyre_pressure,bit_flip_high,detection,0.011,True
9ecd8a9f3f0b,budapest_FP3,aero_load,sensor_dropout,detection,0.0068,True
0126815f447e,budapest_FP3,g_force_lateral,string_in_numeric,detection,0.0045,True
47ca74ac1e61,budapest_FP3,throttle,duplicate_timestamp,detection,0.0078,True
0c618a9baafc,budapest_FP3,rpm,null_value,detection,0.0069,True
df3ed33e9fbb,budapest_FP3,rpm,bit_flip_low,detection,0.0115,True
5782454b8560,budapest_FP3,brake_temp,bit_flip_high,detection,0.0106,True
9f199453621c,budapest_FP3,brake_temp_raw,schema_drift,detection,0.0085,True
3e4e58101a78,budapest_FP3,tyre_pressure,duplicate_timestamp,detection,0.0077,True
21f3bb839fc9,budapest_FP3,brake_temp,bit_flip_low,detection,0.0112,True
e835fd2ec8ec,budapest_FP3,rpm_new,schema_drift,detection,0.0089,True
2b6363827bfe,budapest_FP3,throttle,bit_flip_low,detection,0.0126,True
f46cbe5fa844,budapest_FP3,rpm,duplicate_timestamp,detection,0.0074,True
75b53c8b6e96,budapest_FP3,speed,sensor_dropout,detection,0.0073,True
73cd1705a916,budapest_FP3,speed,string_in_numeric,detection,0.004,True
c7188898711f,budapest_FP3,brake_temp,sensor_dropout,detection,0.007,True
6ac357baa755,budapest_FP3,engine_temp,bit_flip_high,detection,0.0113,True
0787b9d116a3,budapest_FP3,ecu_canbus,null_value,detection,0.0071,True
db9ef7ee0e3d,budapest_FP3,ecu_canbus_canbus,schema_drift,detection,0.0091,True
6566a8735a18,budapest_FP3,g_force_lateral,bit_flip_low,detection,0.011,True
8e0080dbc787,budapest_FP3,tyre_pressure,bit_flip_low,detection,0.0114,True
9a257e4707af,budapest_FP3,heart_rate,string_in_numeric,detection,0.0041,True
22cef3082029,budapest_FP3,tyre_pressure,null_value,detection,0.007,True
0b79756f01fa,budapest_FP3,heart_rate,string_in_numeric,detection,0.0046,True
d8d244bb26ae,budapest_FP3,ecu_canbus,duplicate_timestamp,detection,0.0079,True
85c25db9f6c1,budapest_FP3,tyre_pressure,bit_flip_high,detection,0.0137,True
61498bf98558,budapest_FP3,throttle,bit_flip_low,detection,0.0125,True
657680f9644d,budapest_FP3,brake_temp,bit_flip_high,detection,0.0112,True
219197226a89,budapest_FP3,throttle,bit_flip_high,detection,0.0138,True
4b04edebd96b,budapest_FP3,throttle_raw,schema_drift,detection,0.0092,True
5bc6cdbe68b6,budapest_FP3,speed,string_in_numeric,detection,0.0042,True
6eb489e48639,budapest_FP3,ecu_canbus,bit_flip_low,detection,0.0086,True
f45f988ca186,budapest_FP3,heart_rate,bit_flip_low,detection,0.0113,True
fecb4dcec746,budapest_FP3,speed,sensor_dropout,detection,0.0069,True
5d1087c83504,budapest_FP3,g_force_lateral,sensor_dropout,detection,0.007,True
a666114b94e8,budapest_FP3,speed,null_value,detection,0.0068,True
53ee0827bf26,budapest_FP3,rpm,bit_flip_low,detection,0.0119,True
525c78065473,budapest_FP3,brake_temp,bit_flip_high,detection,0.0113,True
c3008789435c,budapest_FP3,ecu_canbus,null_value,detection,0.0066,True
270eb737b5ed,budapest_FP3,aero_load,string_in_numeric,detection,0.005,True
240bdec963a8,budapest_FP3,brake_temp,bit_flip_high,detection,0.0111,True
bdd6f2d81196,budapest_FP3,speed,null_value,detection,0.0069,True
1cf4d1188266,budapest_FP3,engine_temp,duplicate_timestamp,detection,0.0074,True
b071fb61494b,budapest_FP3,rpm,bit_flip_high,detection,0.012,True
d4cc2de86766,budapest_FP3,heart_rate,null_value,detection,0.0067,True
4a5648d03339,budapest_FP3,ecu_canbus,bit_flip_low,detection,0.0111,True
7aa5a54ef96a,budapest_FP3,throttle,bit_flip_low,detection,0.011,True
6287a0470e79,budapest_FP3,speed,sensor_dropout,detection,0.007,True
96764abca240,budapest_FP3,ecu_canbus,string_in_numeric,detection,0.0044,True
49b773fd3291,budapest_FP3,throttle,bit_flip_low,detection,0.0112,True
94d6d6ff64c4,budapest_FP3,brake_temp,null_value,detection,0.0071,True
44a3b87dadaf,budapest_FP3,g_force_lateral,duplicate_timestamp,detection,0.0081,True
666c69f28a83,budapest_FP3,aero_load,sensor_dropout,detection,0.0067,True
6d0c6fbc2fef,budapest_FP3,speed,null_value,detection,0.0067,True
40e3e36a58a1,budapest_FP3,aero_load,bit_flip_high,detection,0.0113,True
4cccb9aa7398,budapest_FP3,g_force_lateral,null_value,detection,0.0069,True
ba9dcaeda420,budapest_FP3,brake_temp,bit_flip_low,detection,0.0107,True
1e566203ab86,budapest_FP3,ecu_canbus,null_value,detection,0.0073,True
3428e65c6dca,budapest_FP3,g_force_lateral,bit_flip_low,detection,0.0108,True
dd64344d6524,budapest_FP3,speed,duplicate_timestamp,detection,0.0136,True
bda77a4a87c0,budapest_FP3,brake_temp,duplicate_timestamp,detection,0.0102,True
05f1a5f2ccff,budapest_FP3,rpm,string_in_numeric,detection,0.0042,True
3d4b6de6607f,budapest_FP3,speed,sensor_dropout,detection,0.0068,True
e51e27c3f648,budapest_FP3,g_force_lateral,string_in_numeric,detection,0.0043,True
aadf28c7d267,budapest_FP3,aero_load,bit_flip_low,detection,0.0114,True
2395755a1b92,budapest_FP3,speed,bit_flip_low,detection,0.0114,True
d976557537af,budapest_FP3,throttle,bit_flip_low,detection,0.0112,True
af200a55b5a9,budapest_FP3,throttle,null_value,detection,0.009,True
63ee16a3f66e,budapest_FP3,engine_temp_alt,schema_drift,detection,0.0089,True
163378428a56,budapest_FP3,engine_temp,string_in_numeric,detection,0.0042,True
301b880b9a7a,budapest_FP3,speed_alt,schema_drift,detection,0.009,True
68247869597c,budapest_FP3,engine_temp,string_in_numeric,detection,0.0042,True
8a806d5bd7ac,budapest_FP3,ecu_canbus,bit_flip_low,detection,0.0092,True
52be5b4400b7,budapest_FP3,heart_rate,null_value,detection,0.0068,True
5a8972cd5dae,budapest_FP3,aero_load,bit_flip_low,detection,0.0111,True
98cf009d5c81,budapest_FP3,tyre_pressure,string_in_numeric,detection,0.0041,True
e8378d025849,budapest_FP3,heart_rate,null_value,detection,0.0069,True
e665a4d2a871,budapest_FP3,aero_load,bit_flip_low,detection,0.0111,True
c5b1661de1c9,budapest_FP3,ecu_canbus,duplicate_timestamp,detection,0.0076,True
0cf6464689a5,budapest_FP3,heart_rate,sensor_dropout,detection,0.0072,True
e78836903a7d,budapest_FP3,g_force_lateral,bit_flip_high,detection,0.0123,True
b9cf810ad965,budapest_FP3,throttle,null_value,detection,0.0068,True
1fba4a3f9818,budapest_FP3,aero_load,duplicate_timestamp,detection,0.0075,True
716652373f77,budapest_FP3,g_force_lateral,sensor_dropout,detection,0.0071,True
8f7dc29530b5,budapest_FP3,g_force_lateral,duplicate_timestamp,detection,0.0082,True
a98adc313f74,budapest_FP3,g_force_lateral_raw,schema_drift,detection,0.0087,True
315402525f16,budapest_FP3,speed,duplicate_timestamp,detection,0.0081,True
bf6ae8821636,budapest_FP3,g_force_lateral,bit_flip_high,detection,0.0112,True
1992fdbaf49e,budapest_FP3,g_force_lateral,string_in_numeric,detection,0.0042,True
7ac3376c55a3,budapest_FP3,speed,null_value,detection,0.007,True
9c8e18c81892,budapest_QUALI,heart_rate,bit_flip_low,detection,0.0141,True
041fddfc460a,budapest_QUALI,rpm,string_in_numeric,detection,0.004,True
cded26964a9d,budapest_QUALI,g_force_lateral,bit_flip_low,detection,0.0111,True
3e405669e076,budapest_QUALI,rpm,string_in_numeric,detection,0.0042,True
1961a8f0b26c,budapest_QUALI,tyre_pressure,bit_flip_high,detection,0.0134,True
582a5174e5bc,budapest_QUALI,g_force_lateral,null_value,detection,0.0069,True
e53abd0a0112,budapest_QUALI,aero_load_new,schema_drift,detection,0.009,True
939001a875a9,budapest_QUALI,tyre_pressure,string_in_numeric,detection,0.0042,True
db4efbe598ab,budapest_QUALI,speed,bit_flip_low,detection,0.0118,True
94e6dd557684,budapest_QUALI,engine_temp,sensor_dropout,detection,0.0067,True
1b3f01bcf0e4,budapest_QUALI,g_force_lateral,bit_flip_high,detection,0.011,True
3ae31da467ff,budapest_QUALI,heart_rate,sensor_dropout,detection,0.007,True
67d6aac85e82,budapest_QUALI,g_force_lateral,null_value,detection,0.0074,True
9870514a8942,budapest_QUALI,engine_temp,bit_flip_high,detection,0.0112,True
e31ca9aa14bd,budapest_QUALI,engine_temp_canbus,schema_drift,detection,0.0091,True
1cde6f6e9ea0,budapest_QUALI,ecu_canbus_alt,schema_drift,detection,0.0087,True
cf378d80d88a,budapest_QUALI,tyre_pressure,bit_flip_low,detection,0.0107,True
597435f86ad4,budapest_QUALI,ecu_canbus,null_value,detection,0.0071,True
2f115de4d714,budapest_QUALI,g_force_lateral_canbus,schema_drift,detection,0.0089,True
c8dc04313ebf,budapest_QUALI,tyre_pressure,bit_flip_high,detection,0.0108,True
a534364db09d,budapest_QUALI,throttle,sensor_dropout,detection,0.0068,True
00514b575186,budapest_QUALI,aero_load,bit_flip_low,detection,0.0111,True
50a90379ad27,budapest_QUALI,ecu_canbus,bit_flip_low,detection,0.0109,True
cc8b5ec9e185,budapest_QUALI,brake_temp,bit_flip_low,detection,0.0109,True
a5db888bf400,budapest_QUALI,g_force_lateral_raw,schema_drift,detection,0.0111,True
905c727be8a9,budapest_QUALI,ecu_canbus,null_value,detection,0.0071,True
596cbb18e60f,budapest_QUALI,tyre_pressure,bit_flip_high,detection,0.011,True
ec9bb0a849d2,budapest_QUALI,aero_load,bit_flip_low,detection,0.0113,True
35ab21f160a3,budapest_QUALI,tyre_pressure_alt,schema_drift,detection,0.0088,True
dfa9ebe00987,budapest_QUALI,tyre_pressure,string_in_numeric,detection,0.0043,True
497d35948f35,budapest_QUALI,heart_rate,bit_flip_low,detection,0.0114,True
70cd67dfdbfe,budapest_QUALI,rpm,bit_flip_low,detection,0.0118,True
b7d9352238b4,budapest_QUALI,engine_temp,duplicate_timestamp,detection,0.008,True
4aa5d6a2ea7b,budapest_QUALI,rpm,bit_flip_high,detection,0.0116,True
7ae887aa0a2f,budapest_QUALI,tyre_pressure,sensor_dropout,detection,0.007,True
cc6326898d7d,budapest_QUALI,speed,bit_flip_low,detection,0.0117,True
47cfac8485bc,budapest_QUALI,ecu_canbus,sensor_dropout,detection,0.0073,True
499cf707c0e7,budapest_QUALI,throttle,bit_flip_high,detection,0.0117,True
e641f7de4a6a,budapest_QUALI,brake_temp,bit_flip_low,detection,0.011,True
2a80de9b1560,budapest_QUALI,tyre_pressure,bit_flip_low,detection,0.0108,True
c2918df0f316,budapest_QUALI,rpm,sensor_dropout,detection,0.0067,True
d9158c4848a8,budapest_QUALI,ecu_canbus,null_value,detection,0.0071,True
a59e0fec6aba,budapest_QUALI,engine_temp_alt,schema_drift,detection,0.0086,True
f62efcb56023,budapest_QUALI,aero_load,bit_flip_low,detection,0.011,True
42cc2e2516c7,budapest_QUALI,heart_rate,duplicate_timestamp,detection,0.0074,True
b19c9779426d,budapest_QUALI,engine_temp,duplicate_timestamp,detection,0.0083,True
7185a64db73d,budapest_QUALI,aero_load_raw,schema_drift,detection,0.0093,True
4aa6900b56da,budapest_QUALI,g_force_lateral,bit_flip_low,detection,0.0108,True
c7329b26c296,budapest_QUALI,tyre_pressure,null_value,detection,0.0076,True
ecb7e1e3f53f,budapest_QUALI,heart_rate,sensor_dropout,detection,0.0151,True
26b6628ec26d,budapest_QUALI,speed,duplicate_timestamp,detection,0.0074,True
70be2d1ffa92,budapest_QUALI,aero_load,null_value,detection,0.0074,True
245bfc3f0575,budapest_QUALI,brake_temp,string_in_numeric,detection,0.0042,True
20a1de537483,budapest_QUALI,g_force_lateral,null_value,detection,0.0072,True
c49abac31cfd,budapest_QUALI,ecu_canbus,duplicate_timestamp,detection,0.0077,True
9ff93db4b999,budapest_QUALI,brake_temp,null_value,detection,0.0068,True
7be47aafabc6,budapest_QUALI,rpm,bit_flip_low,detection,0.0114,True
bdc0fe4aca66,budapest_QUALI,speed,null_value,detection,0.007,True
63559aeca40f,budapest_QUALI,heart_rate,bit_flip_low,detection,0.0112,True
27739045b09a,budapest_QUALI,aero_load,sensor_dropout,detection,0.0071,True
72e2f42526ee,budapest_QUALI,aero_load,duplicate_timestamp,detection,0.0079,True
f866f91603f0,budapest_QUALI,g_force_lateral,sensor_dropout,detection,0.007,True
f5bb07fcbd53,budapest_QUALI,engine_temp,bit_flip_low,detection,0.0106,True
b5914df54ba1,budapest_QUALI,brake_temp,duplicate_timestamp,detection,0.0076,True
d38e449cc407,budapest_QUALI,ecu_canbus,string_in_numeric,detection,0.0042,True
2e98412f570e,budapest_QUALI,g_force_lateral,duplicate_timestamp,detection,0.0078,True
01d03592986c,budapest_QUALI,aero_load,bit_flip_high,detection,0.0111,True
003ec86dd55d,budapest_QUALI,aero_load,string_in_numeric,detection,0.0046,True
ced18314a1c4,budapest_QUALI,brake_temp_v2,schema_drift,detection,0.0086,True
91e86183c34c,budapest_QUALI,aero_load,bit_flip_low,detection,0.011,True
2142bd3c26ec,budapest_QUALI,ecu_canbus,sensor_dropout,detection,0.0076,True
24a90cc5d541,budapest_QUALI,brake_temp,bit_flip_high,detection,0.011,True
5dc30faf9721,budapest_QUALI,heart_rate_v2,schema_drift,detection,0.0089,True
37c4d4530f0c,budapest_QUALI,tyre_pressure,duplicate_timestamp,detection,0.0079,True
acc0f2c01cc7,budapest_QUALI,speed,bit_flip_high,detection,0.0124,True
a1a68f06d9d6,budapest_QUALI,g_force_lateral,string_in_numeric,detection,0.0041,True
36b2c5f5a4ce,budapest_QUALI,throttle,sensor_dropout,detection,0.0075,True
1e93c4c36f24,budapest_QUALI,g_force_lateral,null_value,detection,0.0074,True
eb783448375b,budapest_QUALI,rpm,bit_flip_high,detection,0.0115,True
140232776d83,budapest_QUALI,heart_rate,string_in_numeric,detection,0.0052,True
e7d0a562c353,budapest_QUALI,brake_temp_canbus,schema_drift,detection,0.0095,True
0c9c5f4ffbd2,budapest_QUALI,ecu_canbus_canbus,schema_drift,detection,0.009,True
1e7c430e836b,budapest_QUALI,heart_rate,sensor_dropout,detection,0.0091,True
c5c6b4bfc77f,budapest_QUALI,aero_load,bit_flip_high,detection,0.0191,True
d5ce298a6976,budapest_QUALI,speed,duplicate_timestamp,detection,0.0075,True
9181c4338e89,budapest_QUALI,tyre_pressure,bit_flip_low,detection,0.0107,True
432bafdb9296,budapest_QUALI,engine_temp,null_value,detection,0.0072,True
7f5c2313c61e,budapest_QUALI,engine_temp,string_in_numeric,detection,0.0042,True
d684430c3f22,budapest_QUALI,rpm,duplicate_timestamp,detection,0.0076,True
ed81315be8f4,budapest_QUALI,aero_load,bit_flip_high,detection,0.0113,True
18fb104c522b,budapest_QUALI,ecu_canbus,sensor_dropout,detection,0.007,True
31620abc3861,budapest_QUALI,engine_temp,bit_flip_low,detection,0.0106,True
106ed989293b,budapest_QUALI,engine_temp,sensor_dropout,detection,0.0069,True
73115b2e7da7,budapest_QUALI,tyre_pressure,null_value,detection,0.007,True
98c24e7b2d63,budapest_QUALI,throttle,duplicate_timestamp,detection,0.0082,True
3ce4aa2acc71,budapest_QUALI,engine_temp,sensor_dropout,detection,0.0069,True
cef6cffa7b0a,budapest_QUALI,speed,string_in_numeric,detection,0.0042,True
d81fd2b666e6,budapest_QUALI,engine_temp,null_value,detection,0.0084,True
37b8681df607,budapest_QUALI,aero_load,duplicate_timestamp,detection,0.0077,True
c008486f61ad,budapest_QUALI,g_force_lateral,duplicate_timestamp,detection,0.008,True
59b8b17edfd8,budapest_QUALI,rpm,null_value,detection,0.0069,True
fc692c821418,budapest_QUALI,engine_temp_v2,schema_drift,detection,0.0089,True
9f93aa4125e8,budapest_QUALI,throttle,bit_flip_low,detection,0.0121,True
3e0a1aa96d2c,budapest_QUALI,heart_rate,null_value,detection,0.0085,True
8c1a9c239f88,budapest_QUALI,heart_rate,null_value,detection,0.007,True
0796e7df3954,budapest_QUALI,g_force_lateral,bit_flip_low,detection,0.0109,True
7dc53ad6389e,budapest_QUALI,throttle_raw,schema_drift,detection,0.0091,True
60eb3ce282e8,budapest_QUALI,brake_temp,bit_flip_high,detection,0.0108,True
79fe37191f35,budapest_QUALI,aero_load,bit_flip_high,detection,0.0107,True
5cda8912054f,budapest_RACE,g_force_lateral,bit_flip_low,detection,0.011,True
b6975ee1acf1,budapest_RACE,aero_load,null_value,detection,0.0071,True
fb9878ace422,budapest_RACE,g_force_lateral,sensor_dropout,detection,0.007,True
dc0dc6ca41cf,budapest_RACE,throttle,bit_flip_high,detection,0.0118,True
16c302d269bc,budapest_RACE,aero_load_raw,schema_drift,detection,0.0093,True
b1ae8e423cc9,budapest_RACE,ecu_canbus_canbus,schema_drift,detection,0.0092,True
5d86c2453b6e,budapest_RACE,g_force_lateral,bit_flip_low,detection,0.0137,True
1b17c29c9766,budapest_RACE,rpm,null_value,detection,0.007,True
798e2005faee,budapest_RACE,rpm,bit_flip_low,detection,0.0125,True
a9d8a5260b2a,budapest_RACE,ecu_canbus_raw,schema_drift,detection,0.0091,True
ca2bb278ade4,budapest_RACE,throttle,sensor_dropout,detection,0.0083,True
3b52ea9f86e8,budapest_RACE,g_force_lateral,bit_flip_low,detection,0.0108,True
ecbe865256a9,budapest_RACE,ecu_canbus_raw,schema_drift,detection,0.0093,True
a2f0465fdbc9,budapest_RACE,rpm_canbus,schema_drift,detection,0.0097,True
6a0de5407588,budapest_RACE,heart_rate,sensor_dropout,detection,0.0068,True
dcb0e43c8968,budapest_RACE,brake_temp,bit_flip_high,detection,0.0174,True
ce9eb277e605,budapest_RACE,heart_rate,bit_flip_high,detection,0.012,True
ad9655428185,budapest_RACE,speed,string_in_numeric,detection,0.0043,True
cfc26e3bf014,budapest_RACE,g_force_lateral,bit_flip_high,detection,0.0109,True
bc59d83ef503,budapest_RACE,throttle_raw,schema_drift,detection,0.0099,True
ddcc51cc3665,budapest_RACE,throttle_alt,schema_drift,detection,0.009,True
96e8eee027b2,budapest_RACE,speed,duplicate_timestamp,detection,0.0077,True
c8a509a0bfc3,budapest_RACE,rpm,string_in_numeric,detection,0.004,True
8fc9346f19ce,budapest_RACE,brake_temp_raw,schema_drift,detection,0.0086,True
b0f5d8139448,budapest_RACE,engine_temp,duplicate_timestamp,detection,0.0075,True
235f64ae0a77,budapest_RACE,ecu_canbus,null_value,detection,0.0077,True
63048f9cae0e,budapest_RACE,brake_temp,string_in_numeric,detection,0.0042,True
9e7dec9646b2,budapest_RACE,speed,duplicate_timestamp,detection,0.0076,True
89d2d31fe03b,budapest_RACE,brake_temp,duplicate_timestamp,detection,0.0079,True
c1ecdb96e402,budapest_RACE,heart_rate_new,schema_drift,detection,0.0095,True
577fae7c6ee4,budapest_RACE,brake_temp,sensor_dropout,detection,0.007,True
8785d606f3b4,budapest_RACE,rpm,bit_flip_low,detection,0.0125,True
82f19f30934c,budapest_RACE,rpm_new,schema_drift,detection,0.0094,True
5f4d29b51961,budapest_RACE,brake_temp,string_in_numeric,detection,0.0043,True
3f041acdbc5e,budapest_RACE,throttle,duplicate_timestamp,detection,0.0075,True
84fcbf75ab0c,budapest_RACE,heart_rate,bit_flip_high,detection,0.0116,True
e06a40a8a158,budapest_RACE,speed_v2,schema_drift,detection,0.0091,True
857cc0f4ebc4,budapest_RACE,g_force_lateral,sensor_dropout,detection,0.007,True
45fedd97537b,budapest_RACE,speed_new,schema_drift,detection,0.0091,True
b0c8954a5742,budapest_RACE,aero_load,duplicate_timestamp,detection,0.0075,True
49df8d8ee11b,budapest_RACE,tyre_pressure,duplicate_timestamp,detection,0.0076,True
9de4388ea812,budapest_RACE,tyre_pressure,sensor_dropout,detection,0.0072,True
a2500180acbc,budapest_RACE,heart_rate,bit_flip_low,detection,0.0115,True
27b825e036e1,budapest_RACE,ecu_canbus,null_value,detection,0.0072,True
5d472d11a875,budapest_RACE,g_force_lateral,bit_flip_low,detection,0.011,True
f08d1da4a193,budapest_RACE,throttle,duplicate_timestamp,detection,0.0076,True
eb285ab410f8,budapest_RACE,rpm,duplicate_timestamp,detection,0.0078,True
e6c9081c680b,budapest_RACE,heart_rate,bit_flip_low,detection,0.0115,True
b887c283c8ae,budapest_RACE,rpm,duplicate_timestamp,detection,0.0077,True
b499a27b3ec7,budapest_RACE,aero_load,string_in_numeric,detection,0.0042,True
0f1666e26028,budapest_RACE,throttle,string_in_numeric,detection,0.004,True
1d27cc71b7e7,budapest_RACE,engine_temp,duplicate_timestamp,detection,0.0076,True
8a2b64486fad,budapest_RACE,aero_load_canbus,schema_drift,detection,0.012,True
80a2a1d55d71,budapest_RACE,ecu_canbus,duplicate_timestamp,detection,0.0096,True
f0eb579a2e87,budapest_RACE,tyre_pressure,bit_flip_high,detection,0.0114,True
d6f6197e39a3,budapest_RACE,throttle,bit_flip_low,detection,0.0138,True
544aae675579,budapest_RACE,speed,sensor_dropout,detection,0.0069,True
d4a6e16a40c1,budapest_RACE,speed,bit_flip_low,detection,0.0117,True
be5684cfeae3,budapest_RACE,ecu_canbus,string_in_numeric,detection,0.0042,True
884b2fda86f8,budapest_RACE,rpm,string_in_numeric,detection,0.004,True
bf094e680602,budapest_RACE,throttle,null_value,detection,0.0093,True
c8575a2aab4c,budapest_RACE,rpm,null_value,detection,0.0071,True
49fa761d7d61,budapest_RACE,speed,bit_flip_high,detection,0.0115,True
0ea3347344dc,budapest_RACE,g_force_lateral,bit_flip_high,detection,0.0106,True
1eaca61aa9ba,budapest_RACE,speed,sensor_dropout,detection,0.007,True
12a284e43e52,budapest_RACE,rpm,bit_flip_high,detection,0.012,True
9e167cc7bec0,budapest_RACE,brake_temp,sensor_dropout,detection,0.0075,True
8d6df8cee66b,budapest_RACE,brake_temp,bit_flip_high,detection,0.0113,True
6b35cdc62694,budapest_RACE,brake_temp,string_in_numeric,detection,0.0051,True
3f8d965638d7,budapest_RACE,heart_rate,duplicate_timestamp,detection,0.0075,True
be62fc4cb70b,budapest_RACE,speed,null_value,detection,0.0067,True
e4484a6ac77e,budapest_RACE,heart_rate,duplicate_timestamp,detection,0.0076,True
921875161b16,budapest_RACE,throttle,null_value,detection,0.0075,True
76ce55bbb2a2,budapest_RACE,brake_temp,bit_flip_low,detection,0.0118,True
e07dd1b0282e,budapest_RACE,engine_temp_new,schema_drift,detection,0.0091,True
3bd1413221ee,budapest_RACE,engine_temp,sensor_dropout,detection,0.0069,True
f8b6fffc8e0d,budapest_RACE,heart_rate,string_in_numeric,detection,0.0041,True
dffef1e35267,budapest_RACE,engine_temp,null_value,detection,0.0068,True
7f81b952c1f5,budapest_RACE,rpm,string_in_numeric,detection,0.0042,True
dff640e822c3,budapest_RACE,g_force_lateral,sensor_dropout,detection,0.0074,True
7819d106e602,budapest_RACE,rpm,sensor_dropout,detection,0.0068,True
2d251593645f,budapest_RACE,tyre_pressure,sensor_dropout,detection,0.0069,True
59bc4ec13b2e,budapest_RACE,g_force_lateral,null_value,detection,0.0071,True
568d4491aba2,budapest_RACE,throttle,sensor_dropout,detection,0.0069,True
6c290c294fa0,budapest_RACE,aero_load,bit_flip_high,detection,0.0113,True
9603c2cd68d3,,,dlq_repair,repair,0.0238,False
bc5aefffafba,,,dlq_repair,repair,0.0255,True
349c3a76c729,,,dlq_repair,repair,0.0246,True
de8bc77ae6bb,,,dlq_repair,repair,0.0151,False
88e22927de80,,,dlq_repair,repair,0.0149,False
b331a47ca3ba,,,dlq_repair,repair,0.0144,False
2174efa2f427,,,dlq_repair,repair,0.0132,False
f3d0f21b4704,,,dlq_repair,repair,0.0135,False
3eb587bed2d2,,,dlq_repair,repair,0.0352,True
a8a410ffdb4f,,,dlq_repair,repair,0.0211,True
4d790c504de6,,,dlq_repair,repair,0.0133,False
ca3d8f5da2e0,,,dlq_repair,repair,0.0182,False
cafe01a2d923,,,dlq_repair,repair,0.0139,False
74d2c5c9147d,,,dlq_repair,repair,0.0113,False
9394d83de275,,,dlq_repair,repair,0.0328,False
aac7ce34c84f,,,dlq_repair,repair,0.0135,False
3cbba7b10b5f,,,dlq_repair,repair,0.0288,True
e1e77b46bb7d,,,dlq_repair,repair,0.0149,False
f82c9efee348,,,dlq_repair,repair,0.0145,False
043fa04cc803,,,dlq_repair,repair,0.0144,False
94f20f84cdff,,,dlq_repair,repair,0.014,False
1ad5c5824012,,,dlq_repair,repair,0.0145,False
705589e54309,,,dlq_repair,repair,0.032,False
edb82e3496aa,,,dlq_repair,repair,0.0145,False
efb8fa41f23e,,,dlq_repair,repair,0.0145,False
dadd6db675e4,,,dlq_repair,repair,0.0233,False
956bb6a43877,,,dlq_repair,repair,0.0137,False
1cd50d82ae4d,,,dlq_repair,repair,0.0213,True
918f1428c363,,,dlq_repair,repair,0.0221,False
c07153ff0346,,,dlq_repair,repair,0.02,True
de1cd29d8d19,,,dlq_repair,repair,0.0202,True
947fcd25bcdd,,,dlq_repair,repair,0.0134,False
981f995e4e6d,,,dlq_repair,repair,0.0129,False
85262104f6af,,,dlq_repair,repair,0.0163,False
12a351b83e52,,,dlq_repair,repair,0.0142,False
7d145e4feb2e,,,dlq_repair,repair,0.0143,False
afb7cff54e09,,,dlq_repair,repair,0.0137,False
5a000d2ea761,,,dlq_repair,repair,0.0209,True
62444dfbaa67,,,dlq_repair,repair,0.0148,False
ba19ca3e21e2,,,dlq_repair,repair,0.0277,False
332a6d505e32,,,dlq_repair,repair,0.0147,False
a402d2096c3e,,,dlq_repair,repair,0.0293,True
9573e0ab3c20,,,dlq_repair,repair,0.0211,True
bb7e36272e52,,,dlq_repair,repair,0.0118,False
fa75a487cdbf,,,dlq_repair,repair,0.0222,True
8c0c75df7fc8,,,dlq_repair,repair,0.0145,False
43b2389ece39,,,dlq_repair,repair,0.0132,False
5b62e73da707,,,dlq_repair,repair,0.0297,True
3c0ae40dd101,,,dlq_repair,repair,0.015,False
3e5b8ce6034b,,,dlq_repair,repair,0.0144,False
dc7f9d378cbf,,,dlq_repair,repair,0.0214,True
7af427d94c25,,,dlq_repair,repair,0.0203,True
137727db0e42,,,dlq_repair,repair,0.0148,False
668dbdccc2e7,,,dlq_repair,repair,0.0139,False
ce2fb6c068f5,,,dlq_repair,repair,0.0128,False
50cfa589ac10,,,dlq_repair,repair,0.0204,True
aca4dba9b68d,,,dlq_repair,repair,0.0243,True
d11c0ad1a1d6,,,dlq_repair,repair,0.0138,False
81d7c1d83a2d,,,dlq_repair,repair,0.0137,False
8c2adfc004ce,,,dlq_repair,repair,0.0317,False
656bbb4a9648,,,dlq_repair,repair,0.0287,True
08e99ce7159c,,,dlq_repair,repair,0.0222,False
ddf73059ffa0,,,dlq_repair,repair,0.0206,True
f4a934fdee19,,,dlq_repair,repair,0.0145,False
ed754fd7e5be,,,dlq_repair,repair,0.0141,False
c827b5d1f3b6,,,dlq_repair,repair,0.0172,False
7e332e04c2ca,,,dlq_repair,repair,0.0127,False
ac526556560b,,,dlq_repair,repair,0.0142,False
0706a2dcd02a,,,dlq_repair,repair,0.0137,False
47e1785bd4e5,,,dlq_repair,repair,0.0203,True
0fdf46f3a3c6,,,dlq_repair,repair,0.0293,True
79876b93605c,,,dlq_repair,repair,0.0256,True
9cbd4a1ee9a6,,,dlq_repair,repair,0.0145,False
f84bb9801dd6,,,dlq_repair,repair,0.0154,False
32a7722fd529,,,dlq_repair,repair,0.0142,False
f2e53a318e99,,,dlq_repair,repair,0.0115,False
9427582b3f06,,,dlq_repair,repair,0.0162,False
ee6513f6fa81,,,dlq_repair,repair,0.0288,True
7d9ff8bc950c,,,dlq_repair,repair,0.0307,False
fae2ffd4fcb2,,,dlq_repair,repair,0.0135,False
c85caad576f9,,,dlq_repair,repair,0.0281,True
28c90a4f2383,,,dlq_repair,repair,0.0278,True
47a3b20c85f1,,,dlq_repair,repair,0.0128,False
d5234f154a51,,,dlq_repair,repair,0.0144,False
64ea4a88d5bd,,,dlq_repair,repair,0.0194,False
8a1a5aaa284d,,,dlq_repair,repair,0.0157,False
71733c283376,,,dlq_repair,repair,0.0126,False
88e6c7687be5,,,dlq_repair,repair,0.0284,True
88719ece3b3f,,,dlq_repair,repair,0.0281,True
b2d5cf5b538e,,,dlq_repair,repair,0.0272,True
158473795282,,,dlq_repair,repair,0.0139,False
31b50ca3497c,,,dlq_repair,repair,0.0127,False
aa4b27cbd2a9,,,dlq_repair,repair,0.0209,True
6ddef5e8dd35,,,dlq_repair,repair,0.0222,False
00e502d2bce9,,,dlq_repair,repair,0.0288,True
b77cefc9ee6f,,,dlq_repair,repair,0.013,False
f6c8ba33655b,,,dlq_repair,repair,0.0297,True
531598309908,,,dlq_repair,repair,0.0275,True
6a547aec31cb,,,dlq_repair,repair,0.0114,False
fc564122e9fb,,,dlq_repair,repair,0.0235,True
f6775f871ad6,,,dlq_repair,repair,0.0144,False
6094337fbb98,,,dlq_repair,repair,0.011,False
41c272a4796c,,,dlq_repair,repair,0.0109,False
26a75ed31178,,,dlq_repair,repair,0.0133,False
8eda54aec8ca,,,dlq_repair,repair,0.0204,True
3ef1c7db3d7e,,,dlq_repair,repair,0.0203,True
dfaea20105b9,,,dlq_repair,repair,0.0146,False
bf872de930e2,,,dlq_repair,repair,0.025,True
f25c6861e6fa,,,dlq_repair,repair,0.0315,False
01cc27c18b66,,,dlq_repair,repair,0.0199,True
feeda0473220,,,dlq_repair,repair,0.0275,True
cc6bf516a426,,,dlq_repair,repair,0.0265,True
acf9146f5449,,,dlq_repair,repair,0.0143,False
3087059f4d90,,,dlq_repair,repair,0.0205,True
e74f5c24087a,,,dlq_repair,repair,0.0144,False
7d91cb0cbe8e,,,dlq_repair,repair,0.0139,False
64e4a76fd931,,,dlq_repair,repair,0.0199,True
f71486fecec9,,,dlq_repair,repair,0.0133,False
744a0db0b095,,,dlq_repair,repair,0.0127,False
b54ce6c1f364,,,dlq_repair,repair,0.0168,False
0b6b30c78d8e,,,dlq_repair,repair,0.0113,False
586d558e737e,,,dlq_repair,repair,0.0294,True
6793ba18f5c1,,,dlq_repair,repair,0.0297,True
d976692a48c0,,,dlq_repair,repair,0.0134,False
10df2afac662,,,dlq_repair,repair,0.0207,True
a3f1f7290afb,,,dlq_repair,repair,0.0117,False
a94117af5f73,,,dlq_repair,repair,0.0152,False
6c6d0290b6be,,,dlq_repair,repair,0.0283,False
0bb56b60e67f,,,dlq_repair,repair,0.0216,False
25190017e2aa,,,dlq_repair,repair,0.0202,True
2e7f7a442170,,,dlq_repair,repair,0.0204,True
58f2f9913723,,,dlq_repair,repair,0.0153,False
92a3e9781c5e,,,dlq_repair,repair,0.0217,False
384610b19536,,,dlq_repair,repair,0.0151,False
dfcf45d5c05e,,,dlq_repair,repair,0.0319,False
ce1624ff0458,,,dlq_repair,repair,0.0218,False
73a26aee8e49,,,dlq_repair,repair,0.0287,True
ae7f41d26fbf,,,dlq_repair,repair,0.0119,False
1b7da1d08877,,,dlq_repair,repair,0.0213,True
13a2863e6e32,,,dlq_repair,repair,0.0287,True
8d7dd38874a0,,,dlq_repair,repair,0.0144,False
d3750d43067f,,,dlq_repair,repair,0.0143,False
ea0071e5b976,,,dlq_repair,repair,0.0215,False
95113b9ca437,,,dlq_repair,repair,0.0301,True
6a83bb1c039b,,,dlq_repair,repair,0.0217,False
f76334a29933,,,dlq_repair,repair,0.0147,False
c31b8bde8984,,,dlq_repair,repair,0.03,False
bf09961fd788,,,dlq_repair,repair,0.0127,False
2d4517b80587,,,dlq_repair,repair,0.0276,True
d2b0add51421,,,dlq_repair,repair,0.0115,False
673277fc0bf2,,,dlq_repair,repair,0.015,False
e33b1d8042ff,,,dlq_repair,repair,0.0143,False
00af2779d475,,,dlq_repair,repair,0.0308,False
6db864be7005,,,dlq_repair,repair,0.021,False
af153aa2c546,,,dlq_repair,repair,0.0203,False
f6a2a080e8d1,,,dlq_repair,repair,0.0139,False
37acbaa72d4a,,,dlq_repair,repair,0.011,False
b4e85020f97c,,,dlq_repair,repair,0.0304,False
4fc7c0011ca7,,,dlq_repair,repair,0.0126,False
012f596751f5,,,dlq_repair,repair,0.0137,False
3f2253644442,,,dlq_repair,repair,0.0139,False
f154d4e4906d,,,dlq_repair,repair,0.0197,True
63f7850cf19b,,,dlq_repair,repair,0.0143,False
2c90dcc8465f,,,dlq_repair,repair,0.0194,True
a2e4c10f8081,,,dlq_repair,repair,0.0146,False
227b53bc70da,,,dlq_repair,repair,0.0142,False
751295e92641,,,dlq_repair,repair,0.0217,False
170f04ed1da3,,,dlq_repair,repair,0.0133,False
75426ca2ee4a,,,dlq_repair,repair,0.0114,False
7c7dedd9bd24,,,dlq_repair,repair,0.0316,False
a8dde17d70f9,,,dlq_repair,repair,0.0205,True
efa6fa7f6026,,,dlq_repair,repair,0.0148,False
0538ce1d948f,,,dlq_repair,repair,0.0299,True
35233c19a273,,,dlq_repair,repair,0.0211,True
3b705a9a16d2,,,dlq_repair,repair,0.0143,False
67ad1da69b58,,,dlq_repair,repair,0.0136,False
87ab0a937d02,,,dlq_repair,repair,0.0307,False
4ba9c4f80f93,,,dlq_repair,repair,0.0143,False
caad338c97cd,,,dlq_repair,repair,0.0215,False
3c73a981c017,,,dlq_repair,repair,0.0148,False
b4f2d0ab359d,,,dlq_repair,repair,0.0134,False
30f83c0ac871,,,dlq_repair,repair,0.0114,False
bbd9d2cddeda,,,dlq_repair,repair,0.0206,True
1612393437ca,,,dlq_repair,repair,0.0213,False
4d027ec1ea49,,,dlq_repair,repair,0.0196,True
c8a6cb5b1f19,,,dlq_repair,repair,0.0213,False
4e5069af99d7,,,dlq_repair,repair,0.0158,False
4069a2937f76,,,dlq_repair,repair,0.0284,True
e3151676fcb6,,,dlq_repair,repair,0.0141,False
72bb5d556d66,,,dlq_repair,repair,0.022,False
5d1ecfde1576,,,dlq_repair,repair,0.0144,False
fa8285474b2c,,,dlq_repair,repair,0.0201,True
f6f04a0d0f6b,,,dlq_repair,repair,0.0142,False
38f2cee2e398,,,dlq_repair,repair,0.0115,False
9abb77e2a53b,,,dlq_repair,repair,0.0153,False
041010225093,,,dlq_repair,repair,0.014,False
8f089df73a1f,,,dlq_repair,repair,0.011,False
3920aeb15855,,,dlq_repair,repair,0.0146,False
5bc92aa9bff1,,,dlq_repair,repair,0.0128,False
8f9d3c5ac2d0,,,dlq_repair,repair,0.0137,False
