_label,actual_device,api_name,averages_bert_latency,averages_gemma_confidence,averages_gemma_latency,averages_levenshtein_latency,averages_regex_latency,chaos_level,chaos_metadata_drift_type,chaos_metadata_level,chaos_metadata_mutated_len,chaos_metadata_original_len,chaos_metadata_strategy,chaos_metadata_temperature,chaos_strategy,concurrency,detection_rate,device_cloud,device_device,device_hardware,drift_detected,drift_type_count,drift_types_extra_keys,drift_types_merged_fields,drift_types_missing_keys,drift_types_nested_corruption,drift_types_renamed_keys,drift_types_split_fields,drift_types_type_mismatch,drift_types_value_contradiction,elapsed_seconds,fallback_used,frequency_profile,p95_latency_ms,packet_count,packet_profile,packet_size,reconciled_ok,reconciliation_winner,recovery_score,repair_rate,resilience_P,resilience_P2,run_number,throughput_bytes_per_sec,throughput_pps,timing_us,total_runtime_sec
NO_BERT,AMD_Radeon_RX_7900_XT,finnhub,0,1.0,0,0,0,high,renamed_keys,high,156,154,json,0.6876848076044675,json,1,1.0,local,ROCM,AMD_Radeon_RX_7900_XT,True,1,0,0,0,0,1,0,0,0,0.036952,False,100hz,36.952,1,short,30000,True,canonical,0.5,1.0,0.49884174063650144,0.5467796059753193,1,100000000,27.062134661182075,36952,0.036952
NO_BERT,AMD_Radeon_RX_7900_XT,finnhub,0,1.0,0,0,0,high,nested_corruption,high,163,154,json,0.5328019189516849,json,1,1.0,local,ROCM,AMD_Radeon_RX_7900_XT,True,1,0,0,0,1,0,0,0,0,0.021619,False,100hz,21.619,1,short,30000,True,canonical,0.5,1.0,0.6044058467089135,0.6331502382163837,2,100000000,46.255608492529724,21619,0.021619
NO_BERT,AMD_Radeon_RX_7900_XT,finnhub,0,1.0,0,0,0,high,missing_keys,high,138,154,json,0.4892561766817114,json,1,1.0,local,ROCM,AMD_Radeon_RX_7900_XT,True,1,0,0,1,0,0,0,0,0,0.018903,False,100hz,18.903,1,short,30000,True,canonical,0.5,1.0,0.6409591070200498,0.6630574511982226,3,100000000,52.90165582182723,18903,0.018903
NO_BERT,AMD_Radeon_RX_7900_XT,finnhub,0,1.0,0,0,0,high,type_mismatch,high,151,154,json,0.884950500644058,json,1,1.0,local,ROCM,AMD_Radeon_RX_7900_XT,True,1,0,0,0,0,0,0,1,0,0.021045,False,100hz,21.045,1,short,30000,True,canonical,0.5,1.0,0.6113447374673319,0.6388275124732714,4,100000000,47.51722499406034,21045,0.021045
NO_BERT,AMD_Radeon_RX_7900_XT,openmeteo,0,1.0,0,0,0,high,missing_keys,high,43,155,json,0.6127667734269532,json,1,1.0,local,ROCM,AMD_Radeon_RX_7900_XT,True,1,0,0,1,0,0,0,0,0,0.019498,False,100hz,19.498,1,short,30000,True,canonical,0.5,1.0,0.6320802133552159,0.6557929018360856,1,100000000,51.287311519130164,19498,0.019498
NO_BERT,AMD_Radeon_RX_7900_XT,openmeteo,0,1.0,0,0,0,high,merged_fields,high,151,155,json,0.4785892041248345,json,1,1.0,local,ROCM,AMD_Radeon_RX_7900_XT,True,1,0,1,0,0,0,0,0,0,0.019301,False,100hz,19.301,1,short,30000,True,canonical,0.5,1.0,0.6349593285322004,0.6581485415263458,2,100000000,51.81078700585462,19301,0.019301
NO_BERT,AMD_Radeon_RX_7900_XT,openmeteo,0,1.0,0,0,0,high,renamed_keys,high,159,155,json,0.7730822034516046,json,1,1.0,local,ROCM,AMD_Radeon_RX_7900_XT,True,2,1,0,1,0,0,0,0,0,0.01975,False,100hz,19.75,1,short,30000,True,canonical,0.5,1.0,0.6284810126582279,0.6528481012658227,3,100000000,50.63291139240506,19750,0.01975
NO_BERT,AMD_Radeon_RX_7900_XT,openmeteo,0,1.0,0,0,0,high,missing_keys,high,140,155,json,0.3468175466967588,json,1,1.0,local,ROCM,AMD_Radeon_RX_7900_XT,True,1,0,0,1,0,0,0,0,0,0.019539,False,100hz,19.539,1,short,30000,True,canonical,0.5,1.0,0.6314883054404012,0.6553086135421465,4,100000000,51.179691898254774,19539,0.019539
NO_BERT,AMD_Radeon_RX_7900_XT,spacex,0,1.0,0,0,0,high,renamed_keys,high,171,169,json,0.5217759168965628,json,1,1.0,local,ROCM,AMD_Radeon_RX_7900_XT,True,1,0,0,0,0,1,0,0,0,0.018687,False,100hz,18.687,1,short,30000,True,canonical,0.5,1.0,0.644322256113876,0.6658091186386257,1,100000000,53.513137475250176,18687,0.018687
NO_BERT,AMD_Radeon_RX_7900_XT,spacex,0,1.0,0,0,0,high,merged_fields,high,163,169,json,0.8822665532146121,json,1,1.0,local,ROCM,AMD_Radeon_RX_7900_XT,True,1,0,1,0,0,0,0,0,0,0.019512,False,100hz,19.512,1,short,30000,True,canonical,0.5,1.0,0.6318778187781877,0.6556273062730626,2,100000000,51.250512505125045,19512,0.019512
NO_BERT,AMD_Radeon_RX_7900_XT,spacex,0,1.0,0,0,0,high,type_mismatch,high,144,169,json,0.2648406457645486,json,1,1.0,local,ROCM,AMD_Radeon_RX_7900_XT,True,1,0,0,0,0,0,0,1,0,0.018392,False,100hz,18.392,1,short,30000,True,canonical,0.5,1.0,0.649043062200957,0.6696715963462374,3,100000000,54.371465854719446,18392,0.018392
NO_BERT,AMD_Radeon_RX_7900_XT,spacex,0,1.0,0,0,0,high,merged_fields,high,163,169,json,0.2681011625268632,json,1,1.0,local,ROCM,AMD_Radeon_RX_7900_XT,True,1,0,1,0,0,0,0,0,0,0.018952,False,100hz,18.952,1,short,30000,True,canonical,0.5,1.0,0.6402068383284086,0.6624419586323343,4,100000000,52.764879696074296,18952,0.018952
NO_BERT,AMD_Radeon_RX_7900_XT,openf1,0,1.0,0,0,0,high,value_contradiction,high,144,144,json,0.8544660295317483,json,1,1.0,local,ROCM,AMD_Radeon_RX_7900_XT,True,1,0,0,0,0,0,0,0,1,0.019433,False,100hz,19.433,1,short,30000,True,canonical,0.5,1.0,0.6330237225338342,0.656564863891319,1,100000000,51.45885864251531,19433,0.019433
NO_BERT,AMD_Radeon_RX_7900_XT,openf1,0,1.0,0,0,0,high,missing_keys,high,116,144,json,0.21728609809999508,json,1,1.0,local,ROCM,AMD_Radeon_RX_7900_XT,True,1,0,0,1,0,0,0,0,0,0.020638,False,100hz,20.638,1,short,30000,True,canonical,0.5,1.0,0.6164986917336951,0.6430443841457505,2,100000000,48.45430758794457,20638,0.020638
NO_BERT,AMD_Radeon_RX_7900_XT,openf1,0,1.0,0,0,0,high,nested_corruption,high,153,144,json,0.4181812446149482,json,1,1.0,local,ROCM,AMD_Radeon_RX_7900_XT,True,1,0,0,0,1,0,0,0,0,0.01991,False,100hz,19.91,1,short,30000,True,canonical,0.5,1.0,0.626243093922652,0.6510170768458061,3,100000000,50.22601707684581,19910,0.01991
NO_BERT,AMD_Radeon_RX_7900_XT,openf1,0,1.0,0,0,0,high,value_contradiction,high,144,144,json,0.7510819228034278,json,1,1.0,local,ROCM,AMD_Radeon_RX_7900_XT,True,1,0,0,0,0,0,0,0,1,0.021194,False,100hz,21.194,1,short,30000,True,canonical,0.5,1.0,0.6095074077569123,0.6373242427102009,4,100000000,47.18316504671133,21194,0.021194
NO_BERT,AMD_Radeon_RX_7900_XT,finnhub,0,1.0,0,0,0,medium,missing_keys,medium,132,154,json,0.15565972690268792,json,1,1.0,local,ROCM,AMD_Radeon_RX_7900_XT,True,1,0,0,1,0,0,0,0,0,0.019986,False,100hz,19.986,1,short,30000,True,canonical,0.5,1.0,0.6251926348443911,0.650157610327229,1,100000000,50.035024517162014,19986,0.019986
NO_BERT,AMD_Radeon_RX_7900_XT,finnhub,0,1.0,0,0,0,medium,nested_corruption,medium,194,154,json,0.8290016608720049,json,1,1.0,local,ROCM,AMD_Radeon_RX_7900_XT,True,2,0,0,1,0,0,1,0,0,0.019343,False,100hz,19.343,1,short,30000,True,canonical,0.5,1.0,0.6343405883265264,0.6576422995398852,2,100000000,51.698288786641164,19343,0.019343
NO_BERT,AMD_Radeon_RX_7900_XT,finnhub,0,1.0,0,0,0,medium,type_mismatch,medium,63,154,json,0.18776665390945999,json,1,1.0,local,ROCM,AMD_Radeon_RX_7900_XT,True,1,0,0,0,1,0,0,0,0,0.019157,False,100hz,19.157,1,short,30000,True,canonical,0.5,1.0,0.637101320666075,0.6599010805449705,3,100000000,52.20024012110456,19157,0.019157
NO_BERT,AMD_Radeon_RX_7900_XT,finnhub,0,1.0,0,0,0,medium,extra_keys,medium,182,154,json,0.8996112913910245,json,1,1.0,local,ROCM,AMD_Radeon_RX_7900_XT,True,1,1,0,0,0,0,0,0,0,0.020909,False,100hz,20.909,1,short,30000,True,canonical,0.5,1.0,0.6130446219331389,0.6402183270362045,4,100000000,47.826294896934336,20909,0.020909
NO_BERT,AMD_Radeon_RX_7900_XT,openmeteo,0,1.0,0,0,0,medium,split_fields,medium,184,155,json,0.1433061248275429,json,1,1.0,local,ROCM,AMD_Radeon_RX_7900_XT,True,2,0,0,1,0,0,1,0,0,0.01938,False,100hz,19.38,1,short,30000,True,canonical,0.5,1.0,0.633797729618163,0.6571981424148606,1,100000000,51.59958720330237,19380,0.01938
NO_BERT,AMD_Radeon_RX_7900_XT,openmeteo,0,1.0,0,0,0,medium,nested_corruption,medium,164,155,json,0.6114248168400865,json,1,1.0,local,ROCM,AMD_Radeon_RX_7900_XT,True,1,0,0,0,1,0,0,0,0,0.020778,False,100hz,20.778,1,short,30000,True,canonical,0.5,1.0,0.6147030513042642,0.6415752237943979,2,100000000,48.1278275098662,20778,0.020778
NO_BERT,AMD_Radeon_RX_7900_XT,openmeteo,0,1.0,0,0,0,medium,nested_corruption,medium,186,155,json,0.32094090159698563,json,1,1.0,local,ROCM,AMD_Radeon_RX_7900_XT,True,2,0,0,1,0,0,1,0,0,0.019519,False,100hz,19.519,1,short,30000,True,canonical,0.5,1.0,0.631776730365285,0.6555445975715969,3,100000000,51.232132793688194,19519,0.019519
NO_BERT,AMD_Radeon_RX_7900_XT,openmeteo,0,1.0,0,0,0,medium,nested_corruption,medium,164,155,json,0.8751595506267876,json,1,1.0,local,ROCM,AMD_Radeon_RX_7900_XT,True,1,0,0,0,1,0,0,0,0,0.019719,False,100hz,19.719,1,short,30000,True,canonical,0.5,1.0,0.6289188092702469,0.6532062984938384,4,100000000,50.712510776408536,19719,0.019719
NO_BERT,AMD_Radeon_RX_7900_XT,spacex,0,1.0,0,0,0,medium,renamed_keys,medium,171,169,json,0.24749657438358588,json,1,1.0,local,ROCM,AMD_Radeon_RX_7900_XT,True,2,1,0,1,0,0,0,0,0,0.019428,False,100hz,19.428,1,short,30000,True,canonical,0.5,1.0,0.6330965616635783,0.6566244595429278,1,100000000,51.472102120650604,19428,0.019428
NO_BERT,AMD_Radeon_RX_7900_XT,spacex,0,1.0,0,0,0,medium,value_contradiction,medium,170,169,json,0.5540589582115426,json,1,1.0,local,ROCM,AMD_Radeon_RX_7900_XT,True,1,0,0,0,0,0,0,0,1,0.020237,False,100hz,20.237,1,short,30000,True,canonical,0.5,1.0,0.6217794139447546,0.6473649750457083,2,100000000,49.414438899046296,20237,0.020237
NO_BERT,AMD_Radeon_RX_7900_XT,spacex,0,1.0,0,0,0,medium,merged_fields,medium,165,169,json,0.1572433368000743,json,1,1.0,local,ROCM,AMD_Radeon_RX_7900_XT,True,1,0,1,0,0,0,0,0,0,0.020188,False,100hz,20.188,1,short,30000,True,canonical,0.5,1.0,0.6224390727164653,0.6479046958589261,3,100000000,49.53437685753913,20188,0.020188
NO_BERT,AMD_Radeon_RX_7900_XT,spacex,0,1.0,0,0,0,medium,renamed_keys,medium,171,169,json,0.6116772602937687,json,1,1.0,local,ROCM,AMD_Radeon_RX_7900_XT,True,1,0,0,0,0,1,0,0,0,0.020592,False,100hz,20.592,1,short,30000,True,canonical,0.5,1.0,0.617094017094017,0.6435314685314686,4,100000000,48.562548562548564,20592,0.020592
NO_BERT,AMD_Radeon_RX_7900_XT,openf1,0,1.0,0,0,0,medium,missing_keys,medium,117,144,json,0.24856483459600032,json,1,1.0,local,ROCM,AMD_Radeon_RX_7900_XT,True,1,0,0,1,0,0,0,0,0,0.018818,False,100hz,18.818,1,short,30000,True,canonical,0.5,1.0,0.6422733552981188,0.6641327452439154,1,100000000,53.14061005420342,18818,0.018818
NO_BERT,AMD_Radeon_RX_7900_XT,openf1,0,1.0,0,0,0,medium,renamed_keys,medium,146,144,json,0.3827032277095078,json,1,1.0,local,ROCM,AMD_Radeon_RX_7900_XT,True,1,0,0,0,0,1,0,0,0,0.019467,False,100hz,19.467,1,short,30000,True,canonical,0.5,1.0,0.632529408743001,0.6561604253351826,2,100000000,51.368983407818355,19467,0.019467
NO_BERT,AMD_Radeon_RX_7900_XT,openf1,0,1.0,0,0,0,medium,renamed_keys,medium,146,144,json,0.5056340173775082,json,1,1.0,local,ROCM,AMD_Radeon_RX_7900_XT,True,1,0,0,0,0,1,0,0,0,0.019401,False,100hz,19.401,1,short,30000,True,canonical,0.5,1.0,0.6334905417246534,0.6569468068656255,3,100000000,51.54373485902788,19401,0.019401
NO_BERT,AMD_Radeon_RX_7900_XT,openf1,0,1.0,0,0,0,medium,type_mismatch,medium,80,144,json,0.5640282212911351,json,1,1.0,local,ROCM,AMD_Radeon_RX_7900_XT,True,1,0,0,0,1,0,0,0,0,0.020341,False,100hz,20.341,1,short,30000,True,canonical,0.5,1.0,0.6203898530062435,0.6462280615505629,4,100000000,49.16179145568064,20341,0.020341
NO_BERT,AMD_Radeon_RX_7900_XT,finnhub,0,1.0,0,0,0,low,extra_keys,low,182,154,json,0.2628846902524325,json,1,1.0,local,ROCM,AMD_Radeon_RX_7900_XT,True,1,1,0,0,0,0,0,0,0,0.019214,False,100hz,19.214,1,short,30000,True,canonical,0.5,1.0,0.6362496096596233,0.6592042260851463,1,100000000,52.04538357447695,19214,0.019214
NO_BERT,AMD_Radeon_RX_7900_XT,finnhub,0,1.0,0,0,0,low,merged_fields,low,152,154,json,0.6341817610862668,json,1,1.0,local,ROCM,AMD_Radeon_RX_7900_XT,True,1,0,1,0,0,0,0,0,0,0.019209,False,100hz,19.209,1,short,30000,True,canonical,0.5,1.0,0.6363241189025978,0.6592651881930345,2,100000000,52.05893070956323,19209,0.019209
NO_BERT,AMD_Radeon_RX_7900_XT,finnhub,0,1.0,0,0,0,low,nested_corruption,low,194,154,json,0.5139097341215132,json,1,1.0,local,ROCM,AMD_Radeon_RX_7900_XT,True,2,0,0,1,0,0,1,0,0,0.020436,False,100hz,20.436,1,short,30000,True,canonical,0.5,1.0,0.6191329027206889,0.6451996476805637,3,100000000,48.93325504012527,20436,0.020436
NO_BERT,AMD_Radeon_RX_7900_XT,finnhub,0,1.0,0,0,0,low,extra_keys,low,178,154,json,0.3254507463238302,json,1,1.0,local,ROCM,AMD_Radeon_RX_7900_XT,True,1,1,0,0,0,0,0,0,0,0.020707,False,100hz,20.707,1,short,30000,True,canonical,0.5,1.0,0.6156106630608007,0.6423178152315641,4,100000000,48.29284782923649,20707,0.020707
NO_BERT,AMD_Radeon_RX_7900_XT,openmeteo,0,1.0,0,0,0,low,extra_keys,low,182,155,json,0.4252761139542697,json,1,1.0,local,ROCM,AMD_Radeon_RX_7900_XT,True,1,1,0,0,0,0,0,0,0,0.019138,False,100hz,19.138,1,short,30000,True,canonical,0.5,1.0,0.6373863517608945,0.6601342878043682,1,100000000,52.252063956526285,19138,0.019138
NO_BERT,AMD_Radeon_RX_7900_XT,openmeteo,0,1.0,0,0,0,low,renamed_keys,low,159,155,json,0.7846049115570274,json,1,1.0,local,ROCM,AMD_Radeon_RX_7900_XT,True,2,1,0,1,0,0,0,0,0,0.020093,False,100hz,20.093,1,short,30000,True,canonical,0.5,1.0,0.6237271686657044,0.6489585925446674,2,100000000,49.76857612103718,20093,0.020093
NO_BERT,AMD_Radeon_RX_7900_XT,openmeteo,0,1.0,0,0,0,low,nested_corruption,low,164,155,json,0.1445264321994972,json,1,1.0,local,ROCM,AMD_Radeon_RX_7900_XT,True,1,0,0,0,1,0,0,0,0,0.020463,False,100hz,20.463,1,short,30000,True,canonical,0.5,1.0,0.618777794067341,0.6449091042369154,3,100000000,48.86868983042565,20463,0.020463
NO_BERT,AMD_Radeon_RX_7900_XT,openmeteo,0,1.0,0,0,0,low,renamed_keys,low,157,155,json,0.3480483319335582,json,1,1.0,local,ROCM,AMD_Radeon_RX_7900_XT,True,1,0,0,0,0,1,0,0,0,0.020524,False,100hz,20.524,1,short,30000,True,canonical,0.5,1.0,0.6179789514714481,0.6442555057493666,4,100000000,48.723445722081465,20524,0.020524
NO_BERT,AMD_Radeon_RX_7900_XT,spacex,0,1.0,0,0,0,low,type_mismatch,low,144,169,json,0.1723158787600191,json,1,1.0,local,ROCM,AMD_Radeon_RX_7900_XT,True,1,0,0,0,0,0,0,1,0,0.019017,False,100hz,19.017,1,short,30000,True,canonical,0.5,1.0,0.6392149129726035,0.6616303833412209,1,100000000,52.58452963138245,19017,0.019017
NO_BERT,AMD_Radeon_RX_7900_XT,spacex,0,1.0,0,0,0,low,merged_fields,low,163,169,json,0.3711862591740003,json,1,1.0,local,ROCM,AMD_Radeon_RX_7900_XT,True,1,0,1,0,0,0,0,0,0,0.019434,False,100hz,19.434,1,short,30000,True,canonical,0.5,1.0,0.6330091592055161,0.6565529484408769,2,100000000,51.456210764639295,19434,0.019434
NO_BERT,AMD_Radeon_RX_7900_XT,spacex,0,1.0,0,0,0,low,type_mismatch,low,93,169,json,0.24698428242760828,json,1,1.0,local,ROCM,AMD_Radeon_RX_7900_XT,True,1,0,0,0,1,0,0,0,0,0.020078,False,100hz,20.078,1,short,30000,True,canonical,0.5,1.0,0.6239316665006475,0.6491259089550753,3,100000000,49.80575754557227,20078,0.020078
NO_BERT,AMD_Radeon_RX_7900_XT,spacex,0,1.0,0,0,0,low,type_mismatch,low,144,169,json,0.34814500434508433,json,1,1.0,local,ROCM,AMD_Radeon_RX_7900_XT,True,1,0,0,0,0,0,0,1,0,0.019766,False,100hz,19.766,1,short,30000,True,canonical,0.5,1.0,0.6282555904077709,0.6526636648790852,4,100000000,50.59192552868562,19766,0.019766
NO_BERT,AMD_Radeon_RX_7900_XT,openf1,0,1.0,0,0,0,low,missing_keys,low,117,144,json,0.1276571601455596,json,1,1.0,local,ROCM,AMD_Radeon_RX_7900_XT,True,1,0,0,1,0,0,0,0,0,0.020125,False,100hz,20.125,1,short,30000,True,canonical,0.5,1.0,0.6232919254658384,0.6486024844720497,1,100000000,49.68944099378882,20125,0.020125
NO_BERT,AMD_Radeon_RX_7900_XT,openf1,0,1.0,0,0,0,low,type_mismatch,low,132,144,json,0.4446536745839146,json,1,1.0,local,ROCM,AMD_Radeon_RX_7900_XT,True,1,0,0,0,0,0,0,1,0,0.019741,False,100hz,19.741,1,short,30000,True,canonical,0.5,1.0,0.6286079732536345,0.6529519781166101,2,100000000,50.65599513702446,19741,0.019741
NO_BERT,AMD_Radeon_RX_7900_XT,openf1,0,1.0,0,0,0,low,missing_keys,low,55,144,json,0.3397713234518095,json,1,1.0,local,ROCM,AMD_Radeon_RX_7900_XT,True,1,0,0,1,0,0,0,0,0,0.019079,False,100hz,19.079,1,short,30000,True,canonical,0.5,1.0,0.6382750668274018,0.6608614183133288,3,100000000,52.41364851407307,19079,0.019079
NO_BERT,AMD_Radeon_RX_7900_XT,openf1,0,1.0,0,0,0,low,type_mismatch,low,132,144,json,0.4404355216485447,json,1,1.0,local,ROCM,AMD_Radeon_RX_7900_XT,True,1,0,0,0,0,0,0,1,0,0.020134,False,100hz,20.134,1,short,30000,True,canonical,0.5,1.0,0.6231697625906427,0.6485025330287075,4,100000000,49.66722956193504,20134,0.020134
NO_BERT,AMD_Radeon_RX_7900_XT,finnhub,0,1.0,0,0,0,high,extra_keys,high,178,154,schema,0.2625354956350274,schema,1,1.0,local,ROCM,AMD_Radeon_RX_7900_XT,True,1,1,0,0,0,0,0,0,0,0.019483,False,100hz,19.483,1,short,30000,True,canonical,0.5,1.0,0.632297387465996,0.6559705897449059,1,100000000,51.32679772109018,19483,0.019483
NO_BERT,AMD_Radeon_RX_7900_XT,finnhub,0,1.0,0,0,0,high,missing_keys,high,138,154,schema,0.8215618264148865,schema,1,1.0,local,ROCM,AMD_Radeon_RX_7900_XT,True,1,0,0,1,0,0,0,0,0,0.01987,False,100hz,19.87,1,short,30000,True,canonical,0.5,1.0,0.6267991947659788,0.6514720684448918,2,100000000,50.32712632108707,19870,0.01987
NO_BERT,AMD_Radeon_RX_7900_XT,finnhub,0,1.0,0,0,0,high,split_fields,high,154,154,schema,0.18477229395143713,schema,1,0.0,local,ROCM,AMD_Radeon_RX_7900_XT,False,0,0,0,0,0,0,0,0,0,0.019537,False,100hz,19.537,1,short,30000,True,canonical,0.5,0.0,0.3815171213594718,0.35533219020320417,3,100000000,51.184931156267595,19537,0.019537
NO_BERT,AMD_Radeon_RX_7900_XT,finnhub,0,1.0,0,0,0,high,renamed_keys,high,156,154,schema,0.22703297465665068,schema,1,1.0,local,ROCM,AMD_Radeon_RX_7900_XT,True,1,0,0,0,0,1,0,0,0,0.019855,False,100hz,19.855,1,short,30000,True,canonical,0.5,1.0,0.6270083102493075,0.6516431629312516,4,100000000,50.365147318055904,19855,0.019855
NO_BERT,AMD_Radeon_RX_7900_XT,openmeteo,0,1.0,0,0,0,high,merged_fields,high,155,155,schema,0.19249465794871964,schema,1,0.0,local,ROCM,AMD_Radeon_RX_7900_XT,False,0,0,0,0,0,0,0,0,0,0.020571,False,100hz,20.571,1,short,30000,True,canonical,0.5,0.0,0.36736668125030386,0.3437545573866122,1,100000000,48.61212386369161,20571,0.020571
NO_BERT,AMD_Radeon_RX_7900_XT,openmeteo,0,1.0,0,0,0,high,missing_keys,high,127,155,schema,0.8782317682514543,schema,1,1.0,local,ROCM,AMD_Radeon_RX_7900_XT,True,1,0,0,1,0,0,0,0,0,0.019449,False,100hz,19.449,1,short,30000,True,canonical,0.5,1.0,0.632790888991722,0.6563743637204997,2,100000000,51.41652527122217,19449,0.019449
NO_BERT,AMD_Radeon_RX_7900_XT,openmeteo,0,1.0,0,0,0,high,renamed_keys,high,157,155,schema,0.17824407461037675,schema,1,1.0,local,ROCM,AMD_Radeon_RX_7900_XT,True,1,0,0,0,0,1,0,0,0,0.021331,False,100hz,21.331,1,short,30000,True,canonical,0.5,1.0,0.6078407013267075,0.6359605738127608,3,100000000,46.88012751394684,21331,0.021331
NO_BERT,AMD_Radeon_RX_7900_XT,openmeteo,0,1.0,0,0,0,high,extra_keys,high,183,155,schema,0.6062992096559998,schema,1,1.0,local,ROCM,AMD_Radeon_RX_7900_XT,True,1,1,0,0,0,0,0,0,0,0.024036,False,100hz,24.036,1,short,30000,True,canonical,0.5,1.0,0.5788234315193876,0.6122191712431353,4,100000000,41.60426027625229,24036,0.024036
NO_BERT,AMD_Radeon_RX_7900_XT,spacex,0,1.0,0,0,0,high,split_fields,high,169,169,schema,0.26176972331256493,schema,1,0.0,local,ROCM,AMD_Radeon_RX_7900_XT,False,0,0,0,0,0,0,0,0,0,0.018973,False,100hz,18.973,1,short,30000,True,canonical,0.5,0.0,0.38988562694355133,0.36217914931745115,1,100000000,52.706477626100245,18973,0.018973
NO_BERT,AMD_Radeon_RX_7900_XT,spacex,0,1.0,0,0,0,high,missing_keys,high,132,169,schema,0.1962862449228438,schema,1,1.0,local,ROCM,AMD_Radeon_RX_7900_XT,True,1,0,0,1,0,0,0,0,0,0.01983,False,100hz,19.83,1,short,30000,True,canonical,0.5,1.0,0.6273575390821987,0.651928895612708,2,100000000,50.42864346949067,19830,0.01983
NO_BERT,AMD_Radeon_RX_7900_XT,spacex,0,1.0,0,0,0,high,missing_keys,high,132,169,schema,0.618891395744575,schema,1,1.0,local,ROCM,AMD_Radeon_RX_7900_XT,True,1,0,0,1,0,0,0,0,0,0.019291,False,100hz,19.291,1,short,30000,True,canonical,0.5,1.0,0.6351070447358872,0.6582694002384532,3,100000000,51.83764449743404,19291,0.019291
NO_BERT,AMD_Radeon_RX_7900_XT,spacex,0,1.0,0,0,0,high,split_fields,high,169,169,schema,0.23143114096450237,schema,1,0.0,local,ROCM,AMD_Radeon_RX_7900_XT,False,0,0,0,0,0,0,0,0,0,0.01995,False,100hz,19.95,1,short,30000,True,canonical,0.5,0.0,0.3756892230576441,0.3505639097744361,4,100000000,50.12531328320802,19950,0.01995
NO_BERT,AMD_Radeon_RX_7900_XT,openf1,0,1.0,0,0,0,high,extra_keys,high,172,144,schema,0.25353466095225785,schema,1,1.0,local,ROCM,AMD_Radeon_RX_7900_XT,True,1,1,0,0,0,0,0,0,0,0.021498,False,100hz,21.498,1,short,30000,True,canonical,0.5,1.0,0.6058377523490557,0.6343217973765001,1,100000000,46.51595497255559,21498,0.021498
NO_BERT,AMD_Radeon_RX_7900_XT,openf1,0,1.0,0,0,0,high,nested_corruption,high,157,144,schema,0.35138720339569607,schema,1,1.0,local,ROCM,AMD_Radeon_RX_7900_XT,True,2,0,0,1,0,0,1,0,0,0.019534,False,100hz,19.534,1,short,30000,True,canonical,0.5,1.0,0.6315603563018327,0.6553675642469541,2,100000000,51.19279205487867,19534,0.019534
NO_BERT,AMD_Radeon_RX_7900_XT,openf1,0,1.0,0,0,0,high,nested_corruption,high,153,144,schema,0.6901022409324512,schema,1,1.0,local,ROCM,AMD_Radeon_RX_7900_XT,True,1,0,0,0,1,0,0,0,0,0.021627,False,100hz,21.627,1,short,30000,True,canonical,0.5,1.0,0.6043117399546862,0.633073241781107,3,100000000,46.23849817357932,21627,0.021627
NO_BERT,AMD_Radeon_RX_7900_XT,openf1,0,1.0,0,0,0,high,value_contradiction,high,144,144,schema,0.6445608414250218,schema,1,0.0,local,ROCM,AMD_Radeon_RX_7900_XT,False,0,0,0,0,0,0,0,0,0,0.020248,False,100hz,20.248,1,short,30000,True,canonical,0.5,0.0,0.3716317661003556,0.3472441722639273,4,100000000,49.387593836428294,20248,0.020248
NO_BERT,AMD_Radeon_RX_7900_XT,finnhub,0,1.0,0,0,0,medium,nested_corruption,medium,163,154,schema,0.5953474227471308,schema,1,1.0,local,ROCM,AMD_Radeon_RX_7900_XT,True,1,0,0,0,1,0,0,0,0,0.021138,False,100hz,21.138,1,short,30000,True,canonical,0.5,1.0,0.610194909641404,0.6378867442520579,1,100000000,47.3081653893462,21138,0.021138
NO_BERT,AMD_Radeon_RX_7900_XT,finnhub,0,1.0,0,0,0,medium,type_mismatch,medium,148,154,schema,0.5384275324739735,schema,1,1.0,local,ROCM,AMD_Radeon_RX_7900_XT,True,1,0,0,0,0,0,0,1,0,0.020469,False,100hz,20.469,1,short,30000,True,canonical,0.5,1.0,0.6186990082563877,0.6448446431188627,2,100000000,48.854365137525036,20469,0.020469
NO_BERT,AMD_Radeon_RX_7900_XT,finnhub,0,1.0,0,0,0,medium,merged_fields,medium,154,154,schema,0.6343998098919154,schema,1,0.0,local,ROCM,AMD_Radeon_RX_7900_XT,False,0,0,0,0,0,0,0,0,0,0.018897,False,100hz,18.897,1,short,30000,True,canonical,0.5,0.0,0.39105148965444253,0.36313303698999844,3,100000000,52.91845266444409,18897,0.018897
NO_BERT,AMD_Radeon_RX_7900_XT,finnhub,0,1.0,0,0,0,medium,value_contradiction,medium,162,154,schema,0.3362727860423217,schema,1,1.0,local,ROCM,AMD_Radeon_RX_7900_XT,True,1,0,0,0,0,0,0,0,1,0.019859,False,100hz,19.859,1,short,30000,True,canonical,0.5,1.0,0.6269525152323883,0.6515975124628631,4,100000000,50.35500276952515,19859,0.019859
NO_BERT,AMD_Radeon_RX_7900_XT,openmeteo,0,1.0,0,0,0,medium,extra_keys,medium,179,155,schema,0.2579905233583559,schema,1,1.0,local,ROCM,AMD_Radeon_RX_7900_XT,True,1,1,0,0,0,0,0,0,0,0.021841,False,100hz,21.841,1,short,30000,True,canonical,0.5,1.0,0.6018199716130214,0.6310345222288356,1,100000000,45.78544938418571,21841,0.021841
NO_BERT,AMD_Radeon_RX_7900_XT,openmeteo,0,1.0,0,0,0,medium,missing_keys,medium,140,155,schema,0.6794497657423939,schema,1,1.0,local,ROCM,AMD_Radeon_RX_7900_XT,True,1,0,0,1,0,0,0,0,0,0.020627,False,100hz,20.627,1,short,30000,True,canonical,0.5,1.0,0.6166408105880641,0.6431606632084161,2,100000000,48.48014737964804,20627,0.020627
NO_BERT,AMD_Radeon_RX_7900_XT,openmeteo,0,1.0,0,0,0,medium,type_mismatch,medium,153,155,schema,0.6104616825544402,schema,1,1.0,local,ROCM,AMD_Radeon_RX_7900_XT,True,1,0,0,0,0,0,0,1,0,0.019639,False,100hz,19.639,1,short,30000,True,canonical,0.5,1.0,0.630054992616732,0.6541359030500534,3,100000000,50.91908956667855,19639,0.019639
NO_BERT,AMD_Radeon_RX_7900_XT,openmeteo,0,1.0,0,0,0,medium,missing_keys,medium,127,155,schema,0.5811782931626291,schema,1,1.0,local,ROCM,AMD_Radeon_RX_7900_XT,True,1,0,0,1,0,0,0,0,0,0.020829,False,100hz,20.829,1,short,30000,True,canonical,0.5,1.0,0.6140549234240722,0.6410449373469681,4,100000000,48.00998607710404,20829,0.020829
NO_BERT,AMD_Radeon_RX_7900_XT,spacex,0,1.0,0,0,0,medium,type_mismatch,medium,144,169,schema,0.4368078590307438,schema,1,1.0,local,ROCM,AMD_Radeon_RX_7900_XT,True,1,0,0,0,0,0,0,1,0,0.019812,False,100hz,19.812,1,short,30000,True,canonical,0.5,1.0,0.6276095295780335,0.6521350696547548,1,100000000,50.47445992327882,19812,0.019812
NO_BERT,AMD_Radeon_RX_7900_XT,spacex,0,1.0,0,0,0,medium,renamed_keys,medium,171,169,schema,0.6528129066778229,schema,1,1.0,local,ROCM,AMD_Radeon_RX_7900_XT,True,1,0,0,0,0,1,0,0,0,0.020408,False,100hz,20.408,1,short,30000,True,canonical,0.5,1.0,0.6195021560172482,0.6455017640141121,2,100000000,49.00039200313603,20408,0.020408
NO_BERT,AMD_Radeon_RX_7900_XT,spacex,0,1.0,0,0,0,medium,type_mismatch,medium,93,169,schema,0.46500563513148696,schema,1,1.0,local,ROCM,AMD_Radeon_RX_7900_XT,True,1,0,0,0,1,0,0,0,0,0.019045,False,100hz,19.045,1,short,30000,True,canonical,0.5,1.0,0.6387897085849303,0.6612824888422159,3,100000000,52.507219742714625,19045,0.019045
NO_BERT,AMD_Radeon_RX_7900_XT,spacex,0,1.0,0,0,0,medium,extra_keys,medium,193,169,schema,0.2843143380581328,schema,1,1.0,local,ROCM,AMD_Radeon_RX_7900_XT,True,1,1,0,0,0,0,0,0,0,0.022966,False,100hz,22.966,1,short,30000,True,canonical,0.5,1.0,0.5894844552817209,0.6209418270486806,4,100000000,43.54262823304015,22966,0.022966
NO_BERT,AMD_Radeon_RX_7900_XT,openf1,0,1.0,0,0,0,medium,nested_corruption,medium,153,144,schema,0.4538109779619778,schema,1,1.0,local,ROCM,AMD_Radeon_RX_7900_XT,True,1,0,0,0,1,0,0,0,0,0.021117,False,100hz,21.117,1,short,30000,True,canonical,0.5,1.0,0.6104536629256049,0.6380984514845859,1,100000000,47.35521144101909,21117,0.021117
NO_BERT,AMD_Radeon_RX_7900_XT,openf1,0,1.0,0,0,0,medium,split_fields,medium,169,144,schema,0.44993230578262,schema,1,1.0,local,ROCM,AMD_Radeon_RX_7900_XT,True,2,0,0,1,0,0,1,0,0,0.020383,False,100hz,20.383,1,short,30000,True,canonical,0.5,1.0,0.6198327037236913,0.6457722121375656,2,100000000,49.0604915861257,20383,0.020383
NO_BERT,AMD_Radeon_RX_7900_XT,openf1,0,1.0,0,0,0,medium,renamed_keys,medium,146,144,schema,0.4668539303327319,schema,1,1.0,local,ROCM,AMD_Radeon_RX_7900_XT,True,1,0,0,0,0,1,0,0,0,0.020101,False,100hz,20.101,1,short,30000,True,canonical,0.5,1.0,0.6236182279488582,0.648869459230884,3,100000000,49.74876871797423,20101,0.020101
NO_BERT,AMD_Radeon_RX_7900_XT,openf1,0,1.0,0,0,0,medium,extra_keys,medium,172,144,schema,0.12120917000738124,schema,1,1.0,local,ROCM,AMD_Radeon_RX_7900_XT,True,1,1,0,0,0,0,0,0,0,0.021006,False,100hz,21.006,1,short,30000,True,canonical,0.5,1.0,0.6118299533466629,0.6392245072836332,4,100000000,47.60544606302961,21006,0.021006
NO_BERT,AMD_Radeon_RX_7900_XT,finnhub,0,1.0,0,0,0,low,split_fields,low,154,154,schema,0.2961899937885731,schema,1,0.0,local,ROCM,AMD_Radeon_RX_7900_XT,False,0,0,0,0,0,0,0,0,0,0.020883,False,100hz,20.883,1,short,30000,True,canonical,0.5,0.0,0.36337212086386056,0.340486280706795,1,100000000,47.88584015706556,20883,0.020883
NO_BERT,AMD_Radeon_RX_7900_XT,finnhub,0,1.0,0,0,0,low,extra_keys,low,181,154,schema,0.4528009285637751,schema,1,1.0,local,ROCM,AMD_Radeon_RX_7900_XT,True,1,1,0,0,0,0,0,0,0,0.020202,False,100hz,20.202,1,short,30000,True,canonical,0.5,1.0,0.6222502722502722,0.6477502227502228,2,100000000,49.5000495000495,20202,0.020202
NO_BERT,AMD_Radeon_RX_7900_XT,finnhub,0,1.0,0,0,0,low,extra_keys,low,181,154,schema,0.22822256852474052,schema,1,1.0,local,ROCM,AMD_Radeon_RX_7900_XT,True,1,1,0,0,0,0,0,0,0,0.020325,False,100hz,20.325,1,short,30000,True,canonical,0.5,1.0,0.6206027060270602,0.6464022140221403,3,100000000,49.20049200492005,20325,0.020325
NO_BERT,AMD_Radeon_RX_7900_XT,finnhub,0,1.0,0,0,0,low,nested_corruption,low,163,154,schema,0.4095471228899926,schema,1,1.0,local,ROCM,AMD_Radeon_RX_7900_XT,True,1,0,0,0,1,0,0,0,0,0.02065,False,100hz,20.65,1,short,30000,True,canonical,0.5,1.0,0.6163438256658595,0.6429176755447942,4,100000000,48.42615012106537,20650,0.02065
NO_BERT,AMD_Radeon_RX_7900_XT,openmeteo,0,1.0,0,0,0,low,missing_keys,low,43,155,schema,0.286872077614546,schema,1,1.0,local,ROCM,AMD_Radeon_RX_7900_XT,True,1,0,0,1,0,0,0,0,0,0.02126,False,100hz,21.26,1,short,30000,True,canonical,0.5,1.0,0.6087017873941674,0.636665098777046,1,100000000,47.03668861712135,21260,0.02126
NO_BERT,AMD_Radeon_RX_7900_XT,openmeteo,0,1.0,0,0,0,low,value_contradiction,low,168,155,schema,0.5684482782402495,schema,1,1.0,local,ROCM,AMD_Radeon_RX_7900_XT,True,1,0,0,0,0,0,0,0,1,0.020495,False,100hz,20.495,1,short,30000,True,canonical,0.5,1.0,0.6183581361307636,0.6445657477433521,2,100000000,48.79238838741156,20495,0.020495
NO_BERT,AMD_Radeon_RX_7900_XT,openmeteo,0,1.0,0,0,0,low,extra_keys,low,183,155,schema,0.27887256337792843,schema,1,1.0,local,ROCM,AMD_Radeon_RX_7900_XT,True,1,1,0,0,0,0,0,0,0,0.020056,False,100hz,20.056,1,short,30000,True,canonical,0.5,1.0,0.6242321499800558,0.6493717590745911,3,100000000,49.8603909054647,20056,0.020056
NO_BERT,AMD_Radeon_RX_7900_XT,openmeteo,0,1.0,0,0,0,low,missing_keys,low,127,155,schema,0.5283308995518736,schema,1,1.0,local,ROCM,AMD_Radeon_RX_7900_XT,True,1,0,0,1,0,0,0,0,0,0.019305,False,100hz,19.305,1,short,30000,True,canonical,0.5,1.0,0.6349002849002849,0.6581002331002331,4,100000000,51.800051800051804,19305,0.019305
NO_BERT,AMD_Radeon_RX_7900_XT,spacex,0,1.0,0,0,0,low,merged_fields,low,169,169,schema,0.7811971697031985,schema,1,0.0,local,ROCM,AMD_Radeon_RX_7900_XT,False,0,0,0,0,0,0,0,0,0,0.020026,False,100hz,20.026,1,short,30000,True,canonical,0.5,0.0,0.3746429641466094,0.34970787975631684,1,100000000,49.93508439029262,20026,0.020026
NO_BERT,AMD_Radeon_RX_7900_XT,spacex,0,1.0,0,0,0,low,missing_keys,low,138,169,schema,0.28940516160918306,schema,1,1.0,local,ROCM,AMD_Radeon_RX_7900_XT,True,1,0,0,1,0,0,0,0,0,0.023911,False,100hz,23.911,1,short,30000,True,canonical,0.5,1.0,0.5800196562251683,0.613197900547865,2,100000000,41.82175567730333,23911,0.023911
NO_BERT,AMD_Radeon_RX_7900_XT,spacex,0,1.0,0,0,0,low,merged_fields,low,169,169,schema,0.8899008858265954,schema,1,0.0,local,ROCM,AMD_Radeon_RX_7900_XT,False,0,0,0,0,0,0,0,0,0,0.020037,False,100hz,20.037,1,short,30000,True,canonical,0.5,0.0,0.3744921894495184,0.34958451864051504,3,100000000,49.90767080900335,20037,0.020037
NO_BERT,AMD_Radeon_RX_7900_XT,spacex,0,1.0,0,0,0,low,merged_fields,low,169,169,schema,0.6568762382362708,schema,1,0.0,local,ROCM,AMD_Radeon_RX_7900_XT,False,0,0,0,0,0,0,0,0,0,0.019679,False,100hz,19.679,1,short,30000,True,canonical,0.5,0.0,0.3794857462269424,0.3536701560038619,4,100000000,50.81559022308044,19679,0.019679
NO_BERT,AMD_Radeon_RX_7900_XT,openf1,0,1.0,0,0,0,low,extra_keys,low,172,144,schema,0.20681348855583803,schema,1,1.0,local,ROCM,AMD_Radeon_RX_7900_XT,True,1,1,0,0,0,0,0,0,0,0.020396,False,100hz,20.396,1,short,30000,True,canonical,0.5,1.0,0.6196607177878015,0.6456314963718376,1,100000000,49.02922141596391,20396,0.020396
NO_BERT,AMD_Radeon_RX_7900_XT,openf1,0,1.0,0,0,0,low,nested_corruption,low,153,144,schema,0.5039876629062043,schema,1,1.0,local,ROCM,AMD_Radeon_RX_7900_XT,True,1,0,0,0,1,0,0,0,0,0.020147,False,100hz,20.147,1,short,30000,True,canonical,0.5,1.0,0.6229934977912344,0.6483583163746464,2,100000000,49.635181416588075,20147,0.020147
NO_BERT,AMD_Radeon_RX_7900_XT,openf1,0,1.0,0,0,0,low,extra_keys,low,171,144,schema,0.6816348800969819,schema,1,1.0,local,ROCM,AMD_Radeon_RX_7900_XT,True,1,1,0,0,0,0,0,0,0,0.02053,False,100hz,20.53,1,short,30000,True,canonical,0.5,1.0,0.6179006332196785,0.6441914271797369,3,100000000,48.70920603994155,20530,0.02053
NO_BERT,AMD_Radeon_RX_7900_XT,openf1,0,1.0,0,0,0,low,nested_corruption,low,153,144,schema,0.24623376278826425,schema,1,1.0,local,ROCM,AMD_Radeon_RX_7900_XT,True,1,0,0,0,1,0,0,0,0,0.019781,False,100hz,19.781,1,short,30000,True,canonical,0.5,1.0,0.6280445882412415,0.652491026742834,4,100000000,50.55356149840756,19781,0.019781
NO_BERT,AMD_Radeon_RX_7900_XT,finnhub,0,1.0,0,0,0,high,nested_corruption,high,163,154,gemma,0.5342349974166275,gemma,1,1.0,local,ROCM,AMD_Radeon_RX_7900_XT,True,1,0,0,0,1,0,0,0,0,14.140792,False,100hz,14140.792,1,short,30000,True,canonical,0.5,1.0,0.3503889456828161,0.4253182282859404,1,2124,0.07071739687564883,14140792,14.140792
NO_BERT,AMD_Radeon_RX_7900_XT,finnhub,0,1.0,0,0,0,high,merged_fields,high,152,154,gemma,0.2843741833177339,gemma,1,1.0,local,ROCM,AMD_Radeon_RX_7900_XT,True,1,0,1,0,0,0,0,0,0,14.234168,False,100hz,14234.168,1,short,30000,True,canonical,0.5,1.0,0.3503863942030191,0.4253161407115611,2,2111,0.07025349145801849,14234168,14.234168
NO_BERT,AMD_Radeon_RX_7900_XT,finnhub,0,1.0,0,0,0,high,value_contradiction,high,154,154,gemma,0.8714297494689073,gemma,1,0.0,local,ROCM,AMD_Radeon_RX_7900_XT,False,0,0,0,0,0,0,0,0,0,14.1042,False,100hz,14104.2,1,short,30000,True,canonical,0.5,0.0,0.10038995476524724,0.12531905389883866,3,2130,0.0709008664085875,14104200,14.1042
NO_BERT,AMD_Radeon_RX_7900_XT,finnhub,0,1.0,0,0,0,high,missing_keys,high,38,154,gemma,0.8067095283161325,gemma,1,1.0,local,ROCM,AMD_Radeon_RX_7900_XT,True,1,0,0,1,0,0,0,0,0,14.240061,False,100hz,14240.061,1,short,30000,True,canonical,0.5,1.0,0.3503862343005412,0.42531600988226104,4,2110,0.07022441828023068,14240061,14.240061
NO_BERT,AMD_Radeon_RX_7900_XT,openmeteo,0,1.0,0,0,0,high,missing_keys,high,43,155,gemma,0.6970441859782512,gemma,1,1.0,local,ROCM,AMD_Radeon_RX_7900_XT,True,1,0,0,1,0,0,0,0,0,14.231216,False,100hz,14231.216,1,short,30000,True,canonical,0.5,1.0,0.35038647435328085,0.4253162062890479,1,2112,0.07026806423288073,14231216,14.231216
NO_BERT,AMD_Radeon_RX_7900_XT,openmeteo,0,1.0,0,0,0,high,missing_keys,high,140,155,gemma,0.47098572494871727,gemma,1,1.0,local,ROCM,AMD_Radeon_RX_7900_XT,True,1,0,0,1,0,0,0,0,0,14.291515,False,100hz,14291.515,1,short,30000,True,canonical,0.5,1.0,0.35038484373420176,0.42531487214616504,2,2102,0.0699715880366777,14291515,14.291515
NO_BERT,AMD_Radeon_RX_7900_XT,spacex,0,1.0,0,0,0,high,missing_keys,high,138,169,gemma,0.30076409281781114,gemma,1,1.0,local,ROCM,AMD_Radeon_RX_7900_XT,True,1,0,0,1,0,0,0,0,0,14.142126,False,100hz,14142.126,1,short,30000,True,canonical,0.5,1.0,0.35038890899430536,0.42531819826806805,2,2138,0.07071072623734226,14142126,14.142126
NO_BERT,AMD_Radeon_RX_7900_XT,spacex,0,1.0,0,0,0,high,nested_corruption,high,178,169,gemma,0.7817969994600702,gemma,1,1.0,local,ROCM,AMD_Radeon_RX_7900_XT,True,1,0,0,0,1,0,0,0,0,14.331085,False,100hz,14331.085,1,short,30000,True,canonical,0.5,1.0,0.3503837811303191,0.4253140027429884,3,2096,0.06977838733075688,14331085,14.331085
NO_BERT,AMD_Radeon_RX_7900_XT,spacex,0,1.0,0,0,0,high,value_contradiction,high,177,169,gemma,0.3873658804514818,gemma,1,1.0,local,ROCM,AMD_Radeon_RX_7900_XT,True,1,0,0,0,0,0,0,0,1,14.441525,False,100hz,14441.525,1,short,30000,True,canonical,0.5,1.0,0.3503808462056466,0.4253116014409835,4,2080,0.0692447646630117,14441525,14.441525
NO_BERT,AMD_Radeon_RX_7900_XT,openf1,0,1.0,0,0,0,high,value_contradiction,high,152,144,gemma,0.7935290757371676,gemma,1,1.0,local,ROCM,AMD_Radeon_RX_7900_XT,True,1,0,0,0,0,0,0,0,1,14.360888,False,100hz,14360.888,1,short,30000,True,canonical,0.5,1.0,0.3503829846733712,0.42531335109639457,1,2092,0.06963357697657693,14360888,14.360888
NO_BERT,AMD_Radeon_RX_7900_XT,openf1,0,1.0,0,0,0,high,merged_fields,high,138,144,gemma,0.8466230499219125,gemma,1,1.0,local,ROCM,AMD_Radeon_RX_7900_XT,True,1,0,1,0,0,0,0,0,0,14.275365,False,100hz,14275.365,1,short,30000,True,canonical,0.5,1.0,0.3503852791154552,0.4253152283671906,2,2105,0.07005074826458027,14275365,14.275365
NO_BERT,AMD_Radeon_RX_7900_XT,openf1,0,1.0,0,0,0,high,type_mismatch,high,80,144,gemma,0.6546544042656253,gemma,1,1.0,local,ROCM,AMD_Radeon_RX_7900_XT,True,1,0,0,0,1,0,0,0,0,14.321459,False,100hz,14321.459,1,short,30000,True,canonical,0.5,1.0,0.35038403908428606,0.425314213796234,3,2098,0.06982528805200643,14321459,14.321459
NO_BERT,AMD_Radeon_RX_7900_XT,openf1,0,1.0,0,0,0,high,split_fields,high,238,144,gemma,0.4868286177303337,gemma,1,1.0,local,ROCM,AMD_Radeon_RX_7900_XT,True,1,1,0,0,0,0,0,0,0,15.21678,False,100hz,15216.78,1,short,30000,True,canonical,0.5,1.0,0.3503614430911139,0.4252957261654568,4,1974,0.06571692565707069,15216780,15.21678
NO_BERT,AMD_Radeon_RX_7900_XT,finnhub,0,1.0,0,0,0,medium,type_mismatch,medium,63,154,gemma,0.3039226849149216,gemma,1,1.0,local,ROCM,AMD_Radeon_RX_7900_XT,True,1,0,0,0,1,0,0,0,0,14.683372,False,100hz,14683.372,1,short,30000,True,canonical,0.5,1.0,0.3503745733609419,0.4253064691134979,1,2047,0.06810424744397948,14683372,14.683372
NO_BERT,AMD_Radeon_RX_7900_XT,finnhub,0,1.0,0,0,0,medium,extra_keys,medium,182,154,gemma,0.8729525575415938,gemma,1,1.0,local,ROCM,AMD_Radeon_RX_7900_XT,True,1,1,0,0,0,0,0,0,0,14.360419,False,100hz,14360.419,1,short,30000,True,canonical,0.5,1.0,0.3503829971813497,0.42531336133019515,2,2092,0.06963585115448233,14360419,14.360419
NO_BERT,AMD_Radeon_RX_7900_XT,finnhub,0,1.0,0,0,0,medium,value_contradiction,medium,167,154,gemma,0.6732972488713818,gemma,1,1.0,local,ROCM,AMD_Radeon_RX_7900_XT,True,1,0,0,0,0,0,0,0,1,14.282842,False,100hz,14282.842,1,short,30000,True,canonical,0.5,1.0,0.35038507742366687,0.4253150633466365,3,2103,0.07001407703032772,14282842,14.282842
NO_BERT,AMD_Radeon_RX_7900_XT,finnhub,0,1.0,0,0,0,medium,extra_keys,medium,181,154,gemma,0.5292953297511668,gemma,1,1.0,local,ROCM,AMD_Radeon_RX_7900_XT,True,1,1,0,0,0,0,0,0,0,14.104885,False,100hz,14104.885,1,short,30000,True,canonical,0.5,1.0,0.3503899358271974,0.42531903840407065,4,2130,0.07089742312681033,14104885,14.104885
NO_BERT,AMD_Radeon_RX_7900_XT,openmeteo,0,1.0,0,0,0,medium,split_fields,medium,272,155,gemma,0.5678237385445918,gemma,1,1.0,local,ROCM,AMD_Radeon_RX_7900_XT,True,1,1,0,0,0,0,0,0,0,14.339948,False,100hz,14339.948,1,short,30000,True,canonical,0.5,1.0,0.3503835439291691,0.4253138086693201,4,2105,0.06973525984891996,14339948,14.339948
NO_BERT,AMD_Radeon_RX_7900_XT,spacex,0,1.0,0,0,0,medium,nested_corruption,medium,178,169,gemma,0.7450638989341742,gemma,1,1.0,local,ROCM,AMD_Radeon_RX_7900_XT,True,1,0,0,0,1,0,0,0,0,14.10382,False,100hz,14103.82,1,short,30000,True,canonical,0.5,1.0,0.35038996527182004,0.4253190624951254,1,2130,0.07090277669454091,14103820,14.10382
NO_BERT,AMD_Radeon_RX_7900_XT,spacex,0,1.0,0,0,0,medium,value_contradiction,medium,169,169,gemma,0.39964706191366195,gemma,1,0.0,local,ROCM,AMD_Radeon_RX_7900_XT,False,0,0,0,0,0,0,0,0,0,14.34763,False,100hz,14347.63,1,short,30000,True,canonical,0.5,0.0,0.10038333857229383,0.1253136406500586,2,2094,0.06969792223524024,14347630,14.34763
NO_BERT,AMD_Radeon_RX_7900_XT,spacex,0,1.0,0,0,0,medium,missing_keys,medium,68,169,gemma,0.7464396408785445,gemma,1,1.0,local,ROCM,AMD_Radeon_RX_7900_XT,True,1,0,0,1,0,0,0,0,0,14.302668,False,100hz,14302.668,1,short,30000,True,canonical,0.5,1.0,0.35038454363899096,0.4253146266137199,3,2101,0.06991702527108928,14302668,14.302668
NO_BERT,AMD_Radeon_RX_7900_XT,spacex,0,1.0,0,0,0,medium,merged_fields,medium,165,169,gemma,0.6593443909331301,gemma,1,1.0,local,ROCM,AMD_Radeon_RX_7900_XT,True,1,0,1,0,0,0,0,0,0,14.587531,False,100hz,14587.531,1,short,30000,True,canonical,0.5,1.0,0.3503770343315809,0.42530848263492976,4,2059,0.06855169665106453,14587531,14.587531
NO_BERT,AMD_Radeon_RX_7900_XT,openf1,0,1.0,0,0,0,medium,missing_keys,medium,117,144,gemma,0.4392919955838578,gemma,1,1.0,local,ROCM,AMD_Radeon_RX_7900_XT,True,1,0,0,1,0,0,0,0,0,14.389799,False,100hz,14389.799,1,short,30000,True,canonical,0.5,1.0,0.35038221520675866,0.4253127215328025,1,2088,0.06949367395611294,14389799,14.389799
NO_BERT,AMD_Radeon_RX_7900_XT,openf1,0,1.0,0,0,0,medium,nested_corruption,medium,153,144,gemma,0.24826740423062726,gemma,1,1.0,local,ROCM,AMD_Radeon_RX_7900_XT,True,1,0,0,0,1,0,0,0,0,14.201935,False,100hz,14201.935,1,short,30000,True,canonical,0.5,1.0,0.35038727117114676,0.42531685823093823,2,2116,0.07041294020849975,14201935,14.201935
NO_BERT,AMD_Radeon_RX_7900_XT,openf1,0,1.0,0,0,0,medium,extra_keys,medium,171,144,gemma,0.43588552549410786,gemma,1,1.0,local,ROCM,AMD_Radeon_RX_7900_XT,True,1,1,0,0,0,0,0,0,0,14.353825,False,100hz,14353.825,1,short,30000,True,canonical,0.5,1.0,0.35038317312632694,0.4253135052851766,3,2093,0.06966784115035539,14353825,14.353825
NO_BERT,AMD_Radeon_RX_7900_XT,openf1,0,1.0,0,0,0,medium,missing_keys,medium,55,144,gemma,0.5523651419333805,gemma,1,1.0,local,ROCM,AMD_Radeon_RX_7900_XT,True,1,0,0,1,0,0,0,0,0,14.295478,False,100hz,14295.478,1,short,30000,True,canonical,0.5,1.0,0.3503847370476174,0.4253147848571415,4,2102,0.06995219047589735,14295478,14.295478
NO_BERT,AMD_Radeon_RX_7900_XT,finnhub,0,1.0,0,0,0,low,nested_corruption,low,194,154,gemma,0.12550824049244796,gemma,1,1.0,local,ROCM,AMD_Radeon_RX_7900_XT,True,2,0,0,1,0,0,1,0,0,14.23765,False,100hz,14237.65,1,short,30000,True,canonical,0.5,1.0,0.3503862997053587,0.42531606339529343,1,2111,0.07023631006521441,14237650,14.23765
NO_BERT,AMD_Radeon_RX_7900_XT,finnhub,0,1.0,0,0,0,low,missing_keys,low,38,154,gemma,0.6438476861562816,gemma,1,1.0,local,ROCM,AMD_Radeon_RX_7900_XT,True,1,0,0,1,0,0,0,0,0,14.105778,False,100hz,14105.778,1,short,30000,True,canonical,0.5,1.0,0.35038991114137774,0.4253190182065817,2,2130,0.07089293479593965,14105778,14.105778
NO_BERT,AMD_Radeon_RX_7900_XT,finnhub,0,1.0,0,0,0,low,nested_corruption,low,194,154,gemma,0.6497032891052587,gemma,1,1.0,local,ROCM,AMD_Radeon_RX_7900_XT,True,2,0,0,1,0,0,1,0,0,14.199808,False,100hz,14199.808,1,short,30000,True,canonical,0.5,1.0,0.3503873291807889,0.42531690569337277,3,2117,0.07042348741616787,14199808,14.199808
NO_BERT,AMD_Radeon_RX_7900_XT,finnhub,0,1.0,0,0,0,low,extra_keys,low,182,154,gemma,0.569626030138557,gemma,1,1.0,local,ROCM,AMD_Radeon_RX_7900_XT,True,1,1,0,0,0,0,0,0,0,14.129634,False,100hz,14129.634,1,short,30000,True,canonical,0.5,1.0,0.35038925282848804,0.4253184795869447,4,2126,0.07077324154326999,14129634,14.129634
NO_BERT,AMD_Radeon_RX_7900_XT,openmeteo,0,1.0,0,0,0,low,missing_keys,low,140,155,gemma,0.41811041752980094,gemma,1,1.0,local,ROCM,AMD_Radeon_RX_7900_XT,True,1,0,0,1,0,0,0,0,0,14.142881,False,100hz,14142.881,1,short,30000,True,canonical,0.5,1.0,0.3503888882328855,0.42531818128145177,1,2125,0.07070695143372839,14142881,14.142881
NO_BERT,AMD_Radeon_RX_7900_XT,openmeteo,0,1.0,0,0,0,low,type_mismatch,low,143,155,gemma,0.7882137638183654,gemma,1,1.0,local,ROCM,AMD_Radeon_RX_7900_XT,True,1,0,0,0,0,0,0,1,0,14.127399,False,100hz,14127.399,1,short,30000,True,canonical,0.5,1.0,0.3503893144095385,0.4253185299714406,2,2127,0.07078443809791173,14127399,14.127399
NO_BERT,AMD_Radeon_RX_7900_XT,openmeteo,0,1.0,0,0,0,low,nested_corruption,low,164,155,gemma,0.5309296115789651,gemma,1,1.0,local,ROCM,AMD_Radeon_RX_7900_XT,True,1,0,0,0,1,0,0,0,0,14.719654,False,100hz,14719.654,1,short,30000,True,canonical,0.5,1.0,0.3503736500871556,0.42530571370767273,3,2041,0.06793637948283295,14719654,14.719654
NO_BERT,AMD_Radeon_RX_7900_XT,spacex,0,1.0,0,0,0,low,value_contradiction,low,177,169,gemma,0.32786104126759386,gemma,1,1.0,local,ROCM,AMD_Radeon_RX_7900_XT,True,1,0,0,0,0,0,0,0,1,14.375502,False,100hz,14375.502,1,short,30000,True,canonical,0.5,1.0,0.35038259533475774,0.42531303254661995,1,2100,0.06956278813776381,14375502,14.375502
NO_BERT,AMD_Radeon_RX_7900_XT,spacex,0,1.0,0,0,0,low,extra_keys,low,196,169,gemma,0.8141030868357534,gemma,1,1.0,local,ROCM,AMD_Radeon_RX_7900_XT,True,1,1,0,0,0,0,0,0,0,14.157009,False,100hz,14157.009,1,short,30000,True,canonical,0.5,1.0,0.35038850014152,0.42531786375215275,2,2122,0.07063638936727383,14157009,14.157009
NO_BERT,AMD_Radeon_RX_7900_XT,spacex,0,1.0,0,0,0,low,extra_keys,low,196,169,gemma,0.7500633786594647,gemma,1,1.0,local,ROCM,AMD_Radeon_RX_7900_XT,True,1,1,0,0,0,0,0,0,0,14.375741,False,100hz,14375.741,1,short,30000,True,canonical,0.5,1.0,0.3503825889740223,0.42531302734238186,3,2090,0.06956163164041422,14375741,14.375741
NO_BERT,AMD_Radeon_RX_7900_XT,spacex,0,1.0,0,0,0,low,value_contradiction,low,177,169,gemma,0.5955630104584532,gemma,1,1.0,local,ROCM,AMD_Radeon_RX_7900_XT,True,1,0,0,0,0,0,0,0,1,14.316274,False,100hz,14316.274,1,short,30000,True,canonical,0.5,1.0,0.3503841781737343,0.4253143275966917,4,2099,0.069850577042602,14316274,14.316274
NO_BERT,AMD_Radeon_RX_7900_XT,openf1,0,1.0,0,0,0,low,value_contradiction,low,152,144,gemma,0.24645539809471978,gemma,1,1.0,local,ROCM,AMD_Radeon_RX_7900_XT,True,1,0,0,0,0,0,0,0,1,14.131132,False,100hz,14131.132,1,short,30000,True,canonical,0.5,1.0,0.35038921156493336,0.42531844582585454,1,2126,0.07076573907879426,14131132,14.131132
NO_BERT,AMD_Radeon_RX_7900_XT,openf1,0,1.0,0,0,0,low,merged_fields,low,140,144,gemma,0.4192199494477832,gemma,1,1.0,local,ROCM,AMD_Radeon_RX_7900_XT,True,1,0,1,0,0,0,0,0,0,14.158224,False,100hz,14158.224,1,short,30000,True,canonical,0.5,1.0,0.3503884668020509,0.42531783647440524,2,2122,0.0706303276456143,14158224,14.158224
NO_BERT,AMD_Radeon_RX_7900_XT,openf1,0,1.0,0,0,0,low,missing_keys,low,55,144,gemma,0.7789020830439478,gemma,1,1.0,local,ROCM,AMD_Radeon_RX_7900_XT,True,1,0,0,1,0,0,0,0,0,14.154872,False,100hz,14154.872,1,short,30000,True,canonical,0.5,1.0,0.350388558794456,0.4253179117409186,3,2123,0.07064705353746753,14154872,14.154872
NO_BERT,AMD_Radeon_RX_7900_XT,openf1,0,1.0,0,0,0,low,extra_keys,low,172,144,gemma,0.7040332874977479,gemma,1,1.0,local,ROCM,AMD_Radeon_RX_7900_XT,True,1,1,0,0,0,0,0,0,0,14.172355,False,100hz,14172.355,1,short,30000,True,canonical,0.5,1.0,0.35038807946879685,0.4253175195653792,4,2122,0.07055990341760421,14172355,14.172355
NO_BERT,AMD_Radeon_RX_7900_XT,finnhub,0,1.0,0,0,0,high,merged_fields,high,152,154,json,0.8792214552079017,json,1,1.0,local,ROCM,AMD_Radeon_RX_7900_XT,True,1,0,1,0,0,0,0,0,0,0.022883,False,1000hz,22.883,1,short,30000,True,canonical,0.5,1.0,0.4526963247825897,0.50366101472709,1,1000000000,43.70056373727221,22883,0.022883
NO_BERT,AMD_Radeon_RX_7900_XT,finnhub,0,1.0,0,0,0,high,extra_keys,high,182,154,json,0.6267922777443116,json,1,1.0,local,ROCM,AMD_Radeon_RX_7900_XT,True,1,1,0,0,0,0,0,0,0,0.019752,False,1000hz,19.752,1,short,30000,True,canonical,0.5,1.0,0.46897529364115026,0.5161300121506682,2,1000000000,50.62778452814905,19752,0.019752
NO_BERT,AMD_Radeon_RX_7900_XT,finnhub,0,1.0,0,0,0,high,split_fields,high,275,154,json,0.6721842131185629,json,1,1.0,local,ROCM,AMD_Radeon_RX_7900_XT,True,1,1,0,0,0,0,0,0,0,0.020531,False,1000hz,20.531,1,short,30000,True,canonical,0.5,1.0,0.4644610588865618,0.5126723004237494,3,1000000000,48.706833568749694,20531,0.020531
NO_BERT,AMD_Radeon_RX_7900_XT,finnhub,0,1.0,0,0,0,high,extra_keys,high,182,154,json,0.54910179971439,json,1,1.0,local,ROCM,AMD_Radeon_RX_7900_XT,True,1,1,0,0,0,0,0,0,0,0.020402,False,1000hz,20.402,1,short,30000,True,canonical,0.5,1.0,0.46518478580531314,0.5132266444466229,4,1000000000,49.01480247034605,20402,0.020402
NO_BERT,AMD_Radeon_RX_7900_XT,openmeteo,0,1.0,0,0,0,high,renamed_keys,high,157,155,json,0.4213154453972987,json,1,1.0,local,ROCM,AMD_Radeon_RX_7900_XT,True,1,0,0,0,0,1,0,0,0,0.021684,False,1000hz,21.684,1,short,30000,True,canonical,0.5,1.0,0.45837483859066597,0.508010514665191,1,1000000000,46.11695259177274,21684,0.021684
NO_BERT,AMD_Radeon_RX_7900_XT,openmeteo,0,1.0,0,0,0,high,value_contradiction,high,155,155,json,0.8229035546881985,json,1,0.0,local,ROCM,AMD_Radeon_RX_7900_XT,False,0,0,0,0,0,0,0,0,0,0.020515,False,1000hz,20.515,1,short,30000,True,canonical,0.5,0.0,0.21455032902754084,0.21274067755301,2,1000000000,48.744820862783335,20515,0.020515
NO_BERT,AMD_Radeon_RX_7900_XT,openmeteo,0,1.0,0,0,0,high,renamed_keys,high,157,155,json,0.539279283815885,json,1,1.0,local,ROCM,AMD_Radeon_RX_7900_XT,True,1,0,0,0,0,1,0,0,0,0.020525,False,1000hz,20.525,1,short,30000,True,canonical,0.5,1.0,0.4644945188794153,0.5126979293544458,3,1000000000,48.721071863580995,20525,0.020525
NO_BERT,AMD_Radeon_RX_7900_XT,openmeteo,0,1.0,0,0,0,high,nested_corruption,high,186,155,json,0.3161351195897788,json,1,1.0,local,ROCM,AMD_Radeon_RX_7900_XT,True,2,0,0,1,0,0,1,0,0,0.020444,False,1000hz,20.444,1,short,30000,True,canonical,0.5,1.0,0.46494815104676196,0.5130453922911368,4,1000000000,48.91410682840931,20444,0.020444
NO_BERT,AMD_Radeon_RX_7900_XT,spacex,0,1.0,0,0,0,high,renamed_keys,high,171,169,json,0.5645212627429913,json,1,1.0,local,ROCM,AMD_Radeon_RX_7900_XT,True,2,1,0,1,0,0,0,0,0,0.019612,False,1000hz,19.612,1,short,30000,True,canonical,0.5,1.0,0.4698245971853967,0.5167805425249847,1,1000000000,50.98919029165817,19612,0.019612
NO_BERT,AMD_Radeon_RX_7900_XT,spacex,0,1.0,0,0,0,high,merged_fields,high,163,169,json,0.6040167599282241,json,1,1.0,local,ROCM,AMD_Radeon_RX_7900_XT,True,1,0,1,0,0,0,0,0,0,0.01974,False,1000hz,19.74,1,short,30000,True,canonical,0.5,1.0,0.469047619047619,0.5161854103343465,2,1000000000,50.65856129685917,19740,0.01974
NO_BERT,AMD_Radeon_RX_7900_XT,spacex,0,1.0,0,0,0,high,merged_fields,high,165,169,json,0.7922978522138867,json,1,1.0,local,ROCM,AMD_Radeon_RX_7900_XT,True,1,0,1,0,0,0,0,0,0,0.019873,False,1000hz,19.873,1,short,30000,True,canonical,0.5,1.0,0.46825089317163987,0.5155751522165752,3,1000000000,50.31952900920848,19873,0.019873
NO_BERT,AMD_Radeon_RX_7900_XT,spacex,0,1.0,0,0,0,high,nested_corruption,high,182,169,json,0.7600666235715682,json,1,1.0,local,ROCM,AMD_Radeon_RX_7900_XT,True,2,0,0,1,0,0,1,0,0,0.020067,False,1000hz,20.067,1,short,30000,True,canonical,0.5,1.0,0.4671076892410425,0.5146995066527134,4,1000000000,49.83305925150744,20067,0.020067
NO_BERT,AMD_Radeon_RX_7900_XT,openf1,0,1.0,0,0,0,high,nested_corruption,high,157,144,json,0.5223156789198741,json,1,1.0,local,ROCM,AMD_Radeon_RX_7900_XT,True,2,0,0,1,0,0,1,0,0,0.020199,False,1000hz,20.199,1,short,30000,True,canonical,0.5,1.0,0.46634239318778165,0.514113322441705,1,1000000000,49.50740135650279,20199,0.020199
NO_BERT,AMD_Radeon_RX_7900_XT,openf1,0,1.0,0,0,0,high,nested_corruption,high,153,144,json,0.5486710071226465,json,1,1.0,local,ROCM,AMD_Radeon_RX_7900_XT,True,1,0,0,0,1,0,0,0,0,0.020664,False,1000hz,20.664,1,short,30000,True,canonical,0.5,1.0,0.46372435152922964,0.5121080139372822,2,1000000000,48.39334107626791,20664,0.020664
NO_BERT,AMD_Radeon_RX_7900_XT,openf1,0,1.0,0,0,0,high,split_fields,high,173,144,json,0.559512515974239,json,1,1.0,local,ROCM,AMD_Radeon_RX_7900_XT,True,2,0,0,1,0,0,1,0,0,0.019968,False,1000hz,19.968,1,short,30000,True,canonical,0.5,1.0,0.4676883012820513,0.5151442307692308,3,1000000000,50.080128205128204,19968,0.019968
NO_BERT,AMD_Radeon_RX_7900_XT,openf1,0,1.0,0,0,0,high,renamed_keys,high,146,144,json,0.850258042267894,json,1,1.0,local,ROCM,AMD_Radeon_RX_7900_XT,True,1,0,0,0,0,1,0,0,0,0.021478,False,1000hz,21.478,1,short,30000,True,canonical,0.5,1.0,0.4594142843840209,0.5088066859111648,4,1000000000,46.55926995064717,21478,0.021478
NO_BERT,AMD_Radeon_RX_7900_XT,finnhub,0,1.0,0,0,0,medium,split_fields,medium,183,154,json,0.5939959707161045,json,1,1.0,local,ROCM,AMD_Radeon_RX_7900_XT,True,2,0,0,1,0,0,1,0,0,0.020034,False,1000hz,20.034,1,short,30000,True,canonical,0.5,1.0,0.4673005889987022,0.5148472596585804,1,1000000000,49.91514425476689,20034,0.020034
NO_BERT,AMD_Radeon_RX_7900_XT,finnhub,0,1.0,0,0,0,medium,missing_keys,medium,38,154,json,0.3370016486258458,json,1,1.0,local,ROCM,AMD_Radeon_RX_7900_XT,True,1,0,0,1,0,0,0,0,0,0.020668,False,1000hz,20.668,1,short,30000,True,canonical,0.5,1.0,0.46370234178440095,0.5120911554093285,2,1000000000,48.38397522740468,20668,0.020668
NO_BERT,AMD_Radeon_RX_7900_XT,finnhub,0,1.0,0,0,0,medium,extra_keys,medium,182,154,json,0.7882848311109085,json,1,1.0,local,ROCM,AMD_Radeon_RX_7900_XT,True,1,1,0,0,0,0,0,0,0,0.020503,False,1000hz,20.503,1,short,30000,True,canonical,0.5,1.0,0.46461737306735607,0.5127920304345706,3,1000000000,48.77335024142808,20503,0.020503
NO_BERT,AMD_Radeon_RX_7900_XT,finnhub,0,1.0,0,0,0,medium,extra_keys,medium,178,154,json,0.4333875412215946,json,1,1.0,local,ROCM,AMD_Radeon_RX_7900_XT,True,1,1,0,0,0,0,0,0,0,0.021494,False,1000hz,21.494,1,short,30000,True,canonical,0.5,1.0,0.4593328370708105,0.5087443007350888,4,1000000000,46.52461151949382,21494,0.021494
NO_BERT,AMD_Radeon_RX_7900_XT,openmeteo,0,1.0,0,0,0,medium,type_mismatch,medium,143,155,json,0.21764377806687094,json,1,1.0,local,ROCM,AMD_Radeon_RX_7900_XT,True,1,0,0,0,0,0,0,1,0,0.01969,False,1000hz,19.69,1,short,30000,True,canonical,0.5,1.0,0.4693499238191976,0.5164169629253428,1,1000000000,50.787201625190455,19690,0.01969
NO_BERT,AMD_Radeon_RX_7900_XT,openmeteo,0,1.0,0,0,0,medium,missing_keys,medium,140,155,json,0.5301073360465801,json,1,1.0,local,ROCM,AMD_Radeon_RX_7900_XT,True,1,0,0,1,0,0,0,0,0,0.020241,False,1000hz,20.241,1,short,30000,True,canonical,0.5,1.0,0.46610098315300624,0.5139284126278346,2,1000000000,49.40467368213033,20241,0.020241
NO_BERT,AMD_Radeon_RX_7900_XT,openmeteo,0,1.0,0,0,0,medium,split_fields,medium,187,155,json,0.8183202816533562,json,1,1.0,local,ROCM,AMD_Radeon_RX_7900_XT,True,2,0,0,1,0,0,1,0,0,0.020072,False,1000hz,20.072,1,short,30000,True,canonical,0.5,1.0,0.4670785173375847,0.5146771622160223,3,1000000000,49.82064567556796,20072,0.020072
NO_BERT,AMD_Radeon_RX_7900_XT,openmeteo,0,1.0,0,0,0,medium,value_contradiction,medium,169,155,json,0.3485504331680745,json,1,1.0,local,ROCM,AMD_Radeon_RX_7900_XT,True,1,0,0,0,0,0,0,0,1,0.020556,False,1000hz,20.556,1,short,30000,True,canonical,0.5,1.0,0.4643218525004865,0.5125656742556918,4,1000000000,48.647596808717644,20556,0.020556
NO_BERT,AMD_Radeon_RX_7900_XT,spacex,0,1.0,0,0,0,medium,merged_fields,medium,165,169,json,0.13973253964521312,json,1,1.0,local,ROCM,AMD_Radeon_RX_7900_XT,True,1,0,1,0,0,0,0,0,0,0.023263,False,1000hz,23.263,1,short,30000,True,canonical,0.5,1.0,0.4510187851953746,0.5023760907879465,1,967741935,42.98671710441474,23263,0.023263
NO_BERT,AMD_Radeon_RX_7900_XT,spacex,0,1.0,0,0,0,medium,merged_fields,medium,165,169,json,0.7045030540974409,json,1,1.0,local,ROCM,AMD_Radeon_RX_7900_XT,True,1,0,1,0,0,0,0,0,0,0.020864,False,1000hz,20.864,1,short,30000,True,canonical,0.5,1.0,0.46263420245398773,0.5112730061349693,2,1000000000,47.92944785276074,20864,0.020864
NO_BERT,AMD_Radeon_RX_7900_XT,spacex,0,1.0,0,0,0,medium,extra_keys,medium,196,169,json,0.5273932068345902,json,1,1.0,local,ROCM,AMD_Radeon_RX_7900_XT,True,1,1,0,0,0,0,0,0,0,0.020797,False,1000hz,20.797,1,short,30000,True,canonical,0.5,1.0,0.46299706688464687,0.5115509448478146,3,652173913,48.08385824878589,20797,0.020797
NO_BERT,AMD_Radeon_RX_7900_XT,spacex,0,1.0,0,0,0,medium,nested_corruption,medium,178,169,json,0.28961343538238116,json,1,1.0,local,ROCM,AMD_Radeon_RX_7900_XT,True,1,0,0,0,1,0,0,0,0,0.019691,False,1000hz,19.691,1,short,30000,True,canonical,0.5,1.0,0.46934386267838096,0.5164123203493982,4,1000000000,50.78462241633233,19691,0.019691
NO_BERT,AMD_Radeon_RX_7900_XT,openf1,0,1.0,0,0,0,medium,renamed_keys,medium,146,144,json,0.25293199597452753,json,1,1.0,local,ROCM,AMD_Radeon_RX_7900_XT,True,1,0,0,0,0,1,0,0,0,0.019976,False,1000hz,19.976,1,short,30000,True,canonical,0.5,1.0,0.46764116940328393,0.5151081297557069,1,1000000000,50.0600720865038,19976,0.019976
NO_BERT,AMD_Radeon_RX_7900_XT,openf1,0,1.0,0,0,0,medium,value_contradiction,medium,144,144,json,0.3309696801131118,json,1,0.0,local,ROCM,AMD_Radeon_RX_7900_XT,False,0,0,0,0,0,0,0,0,0,0.020516,False,1000hz,20.516,1,short,30000,True,canonical,0.5,0.0,0.21454474556443753,0.21273640085786705,2,1000000000,48.74244492103724,20516,0.020516
NO_BERT,AMD_Radeon_RX_7900_XT,openf1,0,1.0,0,0,0,medium,merged_fields,medium,138,144,json,0.698621964610441,json,1,1.0,local,ROCM,AMD_Radeon_RX_7900_XT,True,1,0,1,0,0,0,0,0,0,0.02079,False,1000hz,20.79,1,short,30000,True,canonical,0.5,1.0,0.4630351130351131,0.5115800865800866,3,1000000000,48.1000481000481,20790,0.02079
NO_BERT,AMD_Radeon_RX_7900_XT,openf1,0,1.0,0,0,0,medium,extra_keys,medium,172,144,json,0.540714084013043,json,1,1.0,local,ROCM,AMD_Radeon_RX_7900_XT,True,1,1,0,0,0,0,0,0,0,0.019741,False,1000hz,19.741,1,short,30000,True,canonical,0.5,1.0,0.4690415885720075,0.5161807912466441,4,1000000000,50.65599513702446,19741,0.019741
NO_BERT,AMD_Radeon_RX_7900_XT,finnhub,0,1.0,0,0,0,low,missing_keys,low,132,154,json,0.6748796629174618,json,1,1.0,local,ROCM,AMD_Radeon_RX_7900_XT,True,1,0,0,1,0,0,0,0,0,0.020989,False,1000hz,20.989,1,short,30000,True,canonical,0.5,1.0,0.4619634094049264,0.5107592072037733,1,1000000000,47.64400400209634,20989,0.020989
NO_BERT,AMD_Radeon_RX_7900_XT,finnhub,0,1.0,0,0,0,low,merged_fields,low,150,154,json,0.6652983576522729,json,1,1.0,local,ROCM,AMD_Radeon_RX_7900_XT,True,1,0,1,0,0,0,0,0,0,0.019926,False,1000hz,19.926,1,short,30000,True,canonical,0.5,1.0,0.4679363645488307,0.5153342366757001,2,1000000000,50.185687042055605,19926,0.019926
NO_BERT,AMD_Radeon_RX_7900_XT,finnhub,0,1.0,0,0,0,low,renamed_keys,low,155,154,json,0.6505185773839657,json,1,1.0,local,ROCM,AMD_Radeon_RX_7900_XT,True,2,1,0,1,0,0,0,0,0,0.020289,False,1000hz,20.289,1,short,30000,True,canonical,0.5,1.0,0.46582630982305684,0.5137180245453201,3,1000000000,49.28779141406673,20289,0.020289
NO_BERT,AMD_Radeon_RX_7900_XT,finnhub,0,1.0,0,0,0,low,split_fields,low,183,154,json,0.17741392897656133,json,1,1.0,local,ROCM,AMD_Radeon_RX_7900_XT,True,2,0,0,1,0,0,1,0,0,0.021899,False,1000hz,21.899,1,short,30000,True,canonical,0.5,1.0,0.45731083611123796,0.5071955340426504,4,1000000000,45.664185579250194,21899,0.021899
NO_BERT,AMD_Radeon_RX_7900_XT,openmeteo,0,1.0,0,0,0,low,type_mismatch,low,68,155,json,0.32027541785283314,json,1,1.0,local,ROCM,AMD_Radeon_RX_7900_XT,True,1,0,0,0,1,0,0,0,0,0.020295,False,1000hz,20.295,1,short,30000,True,canonical,0.5,1.0,0.4657920670115792,0.5136917960088692,1,1000000000,49.27322000492732,20295,0.020295
NO_BERT,AMD_Radeon_RX_7900_XT,openmeteo,0,1.0,0,0,0,low,merged_fields,low,153,155,json,0.26658974825976023,json,1,1.0,local,ROCM,AMD_Radeon_RX_7900_XT,True,1,0,1,0,0,0,0,0,0,0.09227,False,1000hz,92.27,1,short,30000,True,canonical,0.5,1.0,0.3754687330660019,0.4445079657526823,2,1000000000,10.837758751490192,92270,0.09227
NO_BERT,AMD_Radeon_RX_7900_XT,openmeteo,0,1.0,0,0,0,low,split_fields,low,211,179,json,0.8901949937897292,json,1,1.0,local,ROCM,AMD_Radeon_RX_7900_XT,True,2,0,0,1,0,0,1,0,0,0.021262,False,1000hz,21.262,1,short,30000,True,canonical,0.5,1.0,0.4605258207130092,0.5096580754397516,3,1000000000,47.032264133195376,21262,0.021262
NO_BERT,AMD_Radeon_RX_7900_XT,openmeteo,0,1.0,0,0,0,low,extra_keys,low,206,179,json,0.4887479330344119,json,1,1.0,local,ROCM,AMD_Radeon_RX_7900_XT,True,1,1,0,0,0,0,0,0,0,0.021457,False,1000hz,21.457,1,short,30000,True,canonical,0.5,1.0,0.45952136831803136,0.5088887076478538,4,1000000000,46.60483758214102,21457,0.021457
NO_BERT,AMD_Radeon_RX_7900_XT,spacex,0,1.0,0,0,0,low,split_fields,low,194,169,json,0.6336762686674338,json,1,1.0,local,ROCM,AMD_Radeon_RX_7900_XT,True,2,0,0,1,0,0,1,0,0,0.020571,False,1000hz,20.571,1,short,30000,True,canonical,0.5,1.0,0.46423849107967524,0.5125018229546449,1,1000000000,48.61212386369161,20571,0.020571
NO_BERT,AMD_Radeon_RX_7900_XT,spacex,0,1.0,0,0,0,low,merged_fields,low,165,169,json,0.6628428214123188,json,1,1.0,local,ROCM,AMD_Radeon_RX_7900_XT,True,1,0,1,0,0,0,0,0,0,0.020606,False,1000hz,20.606,1,short,30000,True,canonical,0.5,1.0,0.4640444530719208,0.5123531980976415,2,909090909,48.529554498689706,20606,0.020606
NO_BERT,AMD_Radeon_RX_7900_XT,spacex,0,1.0,0,0,0,low,missing_keys,low,138,169,json,0.6739672271247578,json,1,1.0,local,ROCM,AMD_Radeon_RX_7900_XT,True,1,0,0,1,0,0,0,0,0,0.020365,False,1000hz,20.365,1,short,30000,True,canonical,0.5,1.0,0.465394058433587,0.5133869383746624,3,1000000000,49.10385465259023,20365,0.020365
NO_BERT,AMD_Radeon_RX_7900_XT,spacex,0,1.0,0,0,0,low,renamed_keys,low,171,169,json,0.4337874703731116,json,1,1.0,local,ROCM,AMD_Radeon_RX_7900_XT,True,1,0,0,0,0,1,0,0,0,0.02159,False,1000hz,21.59,1,short,30000,True,canonical,0.5,1.0,0.4588466882816119,0.5083719314497452,4,1000000000,46.317739694302915,21590,0.02159
NO_BERT,AMD_Radeon_RX_7900_XT,openf1,0,1.0,0,0,0,low,missing_keys,low,117,144,json,0.4449642818986217,json,1,1.0,local,ROCM,AMD_Radeon_RX_7900_XT,True,1,0,0,1,0,0,0,0,0,0.020327,False,1000hz,20.327,1,short,30000,True,canonical,0.5,1.0,0.4656097800954395,0.5135521719879963,1,1000000000,49.19565110444236,20327,0.020327
NO_BERT,AMD_Radeon_RX_7900_XT,openf1,0,1.0,0,0,0,low,nested_corruption,low,153,144,json,0.8951166877245624,json,1,1.0,local,ROCM,AMD_Radeon_RX_7900_XT,True,1,0,0,0,1,0,0,0,0,0.020873,False,1000hz,20.873,1,short,30000,True,canonical,0.5,1.0,0.4625856369472524,0.5112358070234274,2,1000000000,47.90878167968189,20873,0.020873
NO_BERT,AMD_Radeon_RX_7900_XT,openf1,0,1.0,0,0,0,low,extra_keys,low,168,144,json,0.3696868883275175,json,1,1.0,local,ROCM,AMD_Radeon_RX_7900_XT,True,1,1,0,0,0,0,0,0,0,0.02154,False,1000hz,21.54,1,short,30000,True,canonical,0.5,1.0,0.45909935004642527,0.5085654596100279,3,1000000000,46.425255338904364,21540,0.02154
NO_BERT,AMD_Radeon_RX_7900_XT,openf1,0,1.0,0,0,0,low,split_fields,low,169,144,json,0.5886328482085228,json,1,1.0,local,ROCM,AMD_Radeon_RX_7900_XT,True,2,0,0,1,0,0,1,0,0,0.022499,False,1000hz,22.499,1,short,30000,True,canonical,0.5,1.0,0.4544490866260723,0.5050035557135872,4,1000000000,44.446419840881816,22499,0.022499
NO_BERT,AMD_Radeon_RX_7900_XT,finnhub,0,1.0,0,0,0,high,value_contradiction,high,154,154,schema,0.6377717033502559,schema,1,0.0,local,ROCM,AMD_Radeon_RX_7900_XT,False,0,0,0,0,0,0,0,0,0,0.019929,False,1000hz,19.929,1,short,30000,True,canonical,0.5,0.0,0.217918611069296,0.21532063826584374,1,1000000000,50.17813236991319,19929,0.019929
NO_BERT,AMD_Radeon_RX_7900_XT,finnhub,0,1.0,0,0,0,high,nested_corruption,high,194,154,schema,0.1997404636101277,schema,1,1.0,local,ROCM,AMD_Radeon_RX_7900_XT,True,2,0,0,1,0,0,1,0,0,0.020488,False,1000hz,20.488,1,short,30000,True,canonical,0.5,1.0,0.4647012885591566,0.5128563061304178,2,1000000000,48.809058961343226,20488,0.020488
NO_BERT,AMD_Radeon_RX_7900_XT,finnhub,0,1.0,0,0,0,high,split_fields,high,154,154,schema,0.48843603516750034,schema,1,0.0,local,ROCM,AMD_Radeon_RX_7900_XT,False,0,0,0,0,0,0,0,0,0,0.212764,False,1000hz,212.764,1,short,30000,True,canonical,0.5,0.0,0.11104510161493486,0.13346007783271607,3,1000000000,4.700043240397812,212764,0.212764
NO_BERT,AMD_Radeon_RX_7900_XT,finnhub,0,1.0,0,0,0,high,merged_fields,high,154,154,schema,0.7320617121560014,schema,1,0.0,local,ROCM,AMD_Radeon_RX_7900_XT,False,0,0,0,0,0,0,0,0,0,0.020754,False,1000hz,20.754,1,short,30000,True,canonical,0.5,0.0,0.21323118435000482,0.21173026886383348,4,1000000000,48.18348270212971,20754,0.020754
NO_BERT,AMD_Radeon_RX_7900_XT,openmeteo,0,1.0,0,0,0,high,type_mismatch,high,177,179,schema,0.15656632643748375,schema,1,1.0,local,ROCM,AMD_Radeon_RX_7900_XT,True,1,0,0,0,0,0,0,1,0,0.02181,False,1000hz,21.81,1,short,30000,True,canonical,0.5,1.0,0.4577487391104998,0.5075309491059147,1,1000000000,45.850527281063734,21810,0.02181
NO_BERT,AMD_Radeon_RX_7900_XT,openmeteo,0,1.0,0,0,0,high,renamed_keys,high,157,155,schema,0.12619576454310152,schema,1,1.0,local,ROCM,AMD_Radeon_RX_7900_XT,True,1,0,0,0,0,1,0,0,0,0.021593,False,1000hz,21.593,1,short,30000,True,canonical,0.5,1.0,0.4588315657852082,0.5083603482610105,2,1000000000,46.31130458945028,21593,0.021593
NO_BERT,AMD_Radeon_RX_7900_XT,openmeteo,0,1.0,0,0,0,high,value_contradiction,high,155,155,schema,0.7835942790458724,schema,1,0.0,local,ROCM,AMD_Radeon_RX_7900_XT,False,0,0,0,0,0,0,0,0,0,0.02083,False,1000hz,20.83,1,short,30000,True,canonical,0.5,0.0,0.21281805088814212,0.21141382621219396,3,1000000000,48.00768122899664,20830,0.02083
NO_BERT,AMD_Radeon_RX_7900_XT,openmeteo,0,1.0,0,0,0,high,missing_keys,high,127,155,schema,0.5546491704795348,schema,1,1.0,local,ROCM,AMD_Radeon_RX_7900_XT,True,1,0,0,1,0,0,0,0,0,0.021055,False,1000hz,21.055,1,short,30000,True,canonical,0.5,1.0,0.461612443600095,0.5104903823319876,4,1000000000,47.494656851104246,21055,0.021055
NO_BERT,AMD_Radeon_RX_7900_XT,spacex,0,1.0,0,0,0,high,type_mismatch,high,154,169,schema,0.2819872082294166,schema,1,1.0,local,ROCM,AMD_Radeon_RX_7900_XT,True,1,0,0,0,0,0,0,1,0,0.020274,False,1000hz,20.274,1,short,30000,True,canonical,0.5,1.0,0.46591200552431683,0.5137836638058597,1,1000000000,49.32425766992207,20274,0.020274
NO_BERT,AMD_Radeon_RX_7900_XT,spacex,0,1.0,0,0,0,high,value_contradiction,high,177,169,schema,0.8837229944224293,schema,1,1.0,local,ROCM,AMD_Radeon_RX_7900_XT,True,1,0,0,0,0,0,0,0,1,0.021494,False,1000hz,21.494,1,short,30000,True,canonical,0.5,1.0,0.4593328370708105,0.5087443007350888,2,1000000000,46.52461151949382,21494,0.021494
NO_BERT,AMD_Radeon_RX_7900_XT,spacex,0,1.0,0,0,0,high,missing_keys,high,138,169,schema,0.6382496801768055,schema,1,1.0,local,ROCM,AMD_Radeon_RX_7900_XT,True,1,0,0,1,0,0,0,0,0,0.0204,False,1000hz,20.4,1,short,30000,True,canonical,0.5,1.0,0.46519607843137256,0.513235294117647,3,1000000000,49.01960784313725,20400,0.0204
NO_BERT,AMD_Radeon_RX_7900_XT,spacex,0,1.0,0,0,0,high,merged_fields,high,169,169,schema,0.15915002515667487,schema,1,0.0,local,ROCM,AMD_Radeon_RX_7900_XT,False,0,0,0,0,0,0,0,0,0,0.020195,False,1000hz,20.195,1,short,30000,True,canonical,0.5,0.0,0.2163654369893538,0.21413097301312206,4,1000000000,49.51720722951225,20195,0.020195
NO_BERT,AMD_Radeon_RX_7900_XT,openf1,0,1.0,0,0,0,high,split_fields,high,169,144,schema,0.12430319344108787,schema,1,1.0,local,ROCM,AMD_Radeon_RX_7900_XT,True,2,0,0,1,0,0,1,0,0,0.022075,False,1000hz,22.075,1,short,30000,True,canonical,0.5,1.0,0.4564552661381654,0.5065402038505096,1,1000000000,45.300113250283125,22075,0.022075
NO_BERT,AMD_Radeon_RX_7900_XT,openf1,0,1.0,0,0,0,high,split_fields,high,169,144,schema,0.5637375174476694,schema,1,1.0,local,ROCM,AMD_Radeon_RX_7900_XT,True,2,0,0,1,0,0,1,0,0,0.020845,False,1000hz,20.845,1,short,30000,True,canonical,0.5,1.0,0.46273686735428166,0.5113516430798752,2,1000000000,47.973135044375155,20845,0.020845
NO_BERT,AMD_Radeon_RX_7900_XT,openf1,0,1.0,0,0,0,high,nested_corruption,high,153,144,schema,0.8659903051813637,schema,1,1.0,local,ROCM,AMD_Radeon_RX_7900_XT,True,1,0,0,0,1,0,0,0,0,0.021384,False,1000hz,21.384,1,short,30000,True,canonical,0.5,1.0,0.4598952487841377,0.5091750841750842,3,1000000000,46.76393565282454,21384,0.021384
NO_BERT,AMD_Radeon_RX_7900_XT,openf1,0,1.0,0,0,0,high,nested_corruption,high,157,144,schema,0.28857148969390006,schema,1,1.0,local,ROCM,AMD_Radeon_RX_7900_XT,True,2,0,0,1,0,0,1,0,0,0.020665,False,1000hz,20.665,1,short,30000,True,canonical,0.5,1.0,0.4637188482942172,0.512103798693443,4,1000000000,48.39099927413501,20665,0.020665
NO_BERT,AMD_Radeon_RX_7900_XT,finnhub,0,1.0,0,0,0,medium,extra_keys,medium,178,154,schema,0.6170478329387673,schema,1,1.0,local,ROCM,AMD_Radeon_RX_7900_XT,True,1,1,0,0,0,0,0,0,0,0.021404,False,1000hz,21.404,1,short,30000,True,canonical,0.5,1.0,0.4597925621379182,0.5090964305737246,1,1000000000,46.72023920762474,21404,0.021404
NO_BERT,AMD_Radeon_RX_7900_XT,finnhub,0,1.0,0,0,0,medium,extra_keys,medium,178,154,schema,0.30100828478701824,schema,1,1.0,local,ROCM,AMD_Radeon_RX_7900_XT,True,1,1,0,0,0,0,0,0,0,0.021557,False,1000hz,21.557,1,short,30000,True,canonical,0.5,1.0,0.4590133135408453,0.5084995593078814,2,1000000000,46.38864405993413,21557,0.021557
NO_BERT,AMD_Radeon_RX_7900_XT,finnhub,0,1.0,0,0,0,medium,split_fields,medium,154,154,schema,0.21009805821245442,schema,1,0.0,local,ROCM,AMD_Radeon_RX_7900_XT,False,0,0,0,0,0,0,0,0,0,0.020712,False,1000hz,20.712,1,short,30000,True,canonical,0.5,0.0,0.21346079567400542,0.21190614136732328,3,1000000000,48.281189648512935,20712,0.020712
NO_BERT,AMD_Radeon_RX_7900_XT,finnhub,0,1.0,0,0,0,medium,type_mismatch,medium,63,154,schema,0.3138032121313078,schema,1,1.0,local,ROCM,AMD_Radeon_RX_7900_XT,True,1,0,0,0,1,0,0,0,0,0.020191,False,1000hz,20.191,1,short,30000,True,canonical,0.5,1.0,0.46638848992125204,0.5141486305779803,4,1000000000,49.52701698776683,20191,0.020191
NO_BERT,AMD_Radeon_RX_7900_XT,openmeteo,0,1.0,0,0,0,medium,merged_fields,medium,155,155,schema,0.11390797982116513,schema,1,0.0,local,ROCM,AMD_Radeon_RX_7900_XT,False,0,0,0,0,0,0,0,0,0,0.021573,False,1000hz,21.573,1,short,30000,True,canonical,0.5,0.0,0.20893246187363834,0.20843763037129745,1,937500000,46.354239095165255,21573,0.021573
NO_BERT,AMD_Radeon_RX_7900_XT,openmeteo,0,1.0,0,0,0,medium,value_contradiction,medium,155,155,schema,0.6264942469214765,schema,1,0.0,local,ROCM,AMD_Radeon_RX_7900_XT,False,0,0,0,0,0,0,0,0,0,0.020933,False,1000hz,20.933,1,short,30000,True,canonical,0.5,0.0,0.21226293412315483,0.21098863039220367,2,1000000000,47.77146132900205,20933,0.020933
NO_BERT,AMD_Radeon_RX_7900_XT,openmeteo,0,1.0,0,0,0,medium,type_mismatch,medium,68,155,schema,0.7231053330605678,schema,1,1.0,local,ROCM,AMD_Radeon_RX_7900_XT,True,1,0,0,0,1,0,0,0,0,0.021274,False,1000hz,21.274,1,short,30000,True,canonical,0.5,1.0,0.46046347654413844,0.50961032245934,3,1000000000,47.00573469963335,21274,0.021274
NO_BERT,AMD_Radeon_RX_7900_XT,openmeteo,0,1.0,0,0,0,medium,missing_keys,medium,43,155,schema,0.49908183204305845,schema,1,1.0,local,ROCM,AMD_Radeon_RX_7900_XT,True,1,0,0,1,0,0,0,0,0,0.021355,False,1000hz,21.355,1,short,30000,True,canonical,0.5,1.0,0.4600444860688364,0.5092893935846406,4,1000000000,46.827440880355894,21355,0.021355
NO_BERT,AMD_Radeon_RX_7900_XT,spacex,0,1.0,0,0,0,medium,nested_corruption,medium,182,169,schema,0.4805240200446511,schema,1,1.0,local,ROCM,AMD_Radeon_RX_7900_XT,True,2,0,0,1,0,0,1,0,0,0.020413,False,1000hz,20.413,1,short,30000,True,canonical,0.5,1.0,0.46512271591632787,0.513179101552932,1,1000000000,48.988389751628866,20413,0.020413
NO_BERT,AMD_Radeon_RX_7900_XT,spacex,0,1.0,0,0,0,medium,nested_corruption,medium,182,169,schema,0.839768132925346,schema,1,1.0,local,ROCM,AMD_Radeon_RX_7900_XT,True,2,0,0,1,0,0,1,0,0,0.020234,False,1000hz,20.234,1,short,30000,True,canonical,0.5,1.0,0.4661411485618266,0.5139591776218246,2,1000000000,49.42176534545814,20234,0.020234
NO_BERT,AMD_Radeon_RX_7900_XT,spacex,0,1.0,0,0,0,medium,renamed_keys,medium,171,169,schema,0.38195072991241663,schema,1,1.0,local,ROCM,AMD_Radeon_RX_7900_XT,True,1,0,0,0,0,1,0,0,0,0.021619,False,1000hz,21.619,1,short,30000,True,canonical,0.5,1.0,0.45870067995744485,0.5082600952865535,3,1000000000,46.255608492529724,21619,0.021619
NO_BERT,AMD_Radeon_RX_7900_XT,spacex,0,1.0,0,0,0,medium,renamed_keys,medium,171,169,schema,0.24663282078707838,schema,1,1.0,local,ROCM,AMD_Radeon_RX_7900_XT,True,1,0,0,0,0,1,0,0,0,0.02075,False,1000hz,20.75,1,short,30000,True,canonical,0.5,1.0,0.4632530120481928,0.5117469879518072,4,1000000000,48.192771084337345,20750,0.02075
NO_BERT,AMD_Radeon_RX_7900_XT,openf1,0,1.0,0,0,0,medium,extra_keys,medium,168,144,schema,0.3099065479057266,schema,1,1.0,local,ROCM,AMD_Radeon_RX_7900_XT,True,1,1,0,0,0,0,0,0,0,0.020878,False,1000hz,20.878,1,short,30000,True,canonical,0.5,1.0,0.4625586742025098,0.5112151547083054,1,1000000000,47.89730817128077,20878,0.020878
NO_BERT,AMD_Radeon_RX_7900_XT,openf1,0,1.0,0,0,0,medium,merged_fields,medium,144,144,schema,0.5964757609157941,schema,1,0.0,local,ROCM,AMD_Radeon_RX_7900_XT,False,0,0,0,0,0,0,0,0,0,0.020855,False,1000hz,20.855,1,short,30000,True,canonical,0.5,0.0,0.21268280987772717,0.2113102373531527,2,1000000000,47.95013186286263,20855,0.020855
NO_BERT,AMD_Radeon_RX_7900_XT,openf1,0,1.0,0,0,0,medium,missing_keys,medium,55,144,schema,0.3732387736886862,schema,1,1.0,local,ROCM,AMD_Radeon_RX_7900_XT,True,1,0,0,1,0,0,0,0,0,0.021549,False,1000hz,21.549,1,short,30000,True,canonical,0.5,1.0,0.45905378439834793,0.5085305582625644,3,1000000000,46.405865701424666,21549,0.021549
NO_BERT,AMD_Radeon_RX_7900_XT,openf1,0,1.0,0,0,0,medium,nested_corruption,medium,153,144,schema,0.1455777384487604,schema,1,1.0,local,ROCM,AMD_Radeon_RX_7900_XT,True,1,0,0,0,1,0,0,0,0,0.021614,False,1000hz,21.614,1,short,30000,True,canonical,0.5,1.0,0.45872582585361343,0.5082793559729805,4,1000000000,46.26630887387804,21614,0.021614
NO_BERT,AMD_Radeon_RX_7900_XT,finnhub,0,1.0,0,0,0,low,split_fields,low,154,154,schema,0.2055901305911827,schema,1,0.0,local,ROCM,AMD_Radeon_RX_7900_XT,False,0,0,0,0,0,0,0,0,0,0.020982,False,1000hz,20.982,1,short,30000,True,canonical,0.5,0.0,0.21200076255838338,0.21078781812982555,1,1000000000,47.6598989610142,20982,0.020982
NO_BERT,AMD_Radeon_RX_7900_XT,finnhub,0,1.0,0,0,0,low,value_contradiction,low,162,154,schema,0.7688348383226763,schema,1,1.0,local,ROCM,AMD_Radeon_RX_7900_XT,True,1,0,0,0,0,0,0,0,1,0.020859,False,1000hz,20.859,1,short,30000,True,canonical,0.5,1.0,0.4626612013998754,0.5112936861786279,2,1000000000,47.94093676590441,20859,0.020859
NO_BERT,AMD_Radeon_RX_7900_XT,finnhub,0,1.0,0,0,0,low,missing_keys,low,132,154,schema,0.43563491153469414,schema,1,1.0,local,ROCM,AMD_Radeon_RX_7900_XT,True,1,0,0,1,0,0,0,0,0,0.024984,False,1000hz,24.984,1,short,30000,True,canonical,0.5,1.0,0.44406019852705736,0.49704610951008643,3,1000000000,40.025616394492474,24984,0.024984
NO_BERT,AMD_Radeon_RX_7900_XT,finnhub,0,1.0,0,0,0,low,extra_keys,low,181,154,schema,0.12364237825877239,schema,1,1.0,local,ROCM,AMD_Radeon_RX_7900_XT,True,1,1,0,0,0,0,0,0,0,0.021417,False,1000hz,21.417,1,short,30000,True,canonical,0.5,1.0,0.45972591866274454,0.5090453845076341,4,1000000000,46.69188028201896,21417,0.021417
NO_BERT,AMD_Radeon_RX_7900_XT,openmeteo,0,1.0,0,0,0,low,renamed_keys,low,157,155,schema,0.3909870981209188,schema,1,1.0,local,ROCM,AMD_Radeon_RX_7900_XT,True,1,0,0,0,0,1,0,0,0,0.02166,False,1000hz,21.66,1,short,30000,True,canonical,0.5,1.0,0.45849492151431215,0.5081024930747922,1,1000000000,46.16805170821792,21660,0.02166
NO_BERT,AMD_Radeon_RX_7900_XT,openmeteo,0,1.0,0,0,0,low,missing_keys,low,43,155,schema,0.7872767900801382,schema,1,1.0,local,ROCM,AMD_Radeon_RX_7900_XT,True,1,0,0,1,0,0,0,0,0,0.060075,False,1000hz,60.075,1,short,30000,True,canonical,0.5,1.0,0.38911776945484805,0.4549625468164794,2,1000000000,16.645859342488556,60075,0.060075
NO_BERT,AMD_Radeon_RX_7900_XT,openmeteo,0,1.0,0,0,0,low,split_fields,low,155,155,schema,0.6240396435460618,schema,1,0.0,local,ROCM,AMD_Radeon_RX_7900_XT,False,0,0,0,0,0,0,0,0,0,0.021278,False,1000hz,21.278,1,short,30000,True,canonical,0.5,0.0,0.21044271078108845,0.20959441676849327,3,1000000000,46.99689820471849,21278,0.021278
NO_BERT,AMD_Radeon_RX_7900_XT,openmeteo,0,1.0,0,0,0,low,extra_keys,low,179,155,schema,0.3445230441289563,schema,1,1.0,local,ROCM,AMD_Radeon_RX_7900_XT,True,1,1,0,0,0,0,0,0,0,0.020542,False,1000hz,20.542,1,short,30000,True,canonical,0.5,1.0,0.46439976633239216,0.5126253529354493,4,1000000000,48.680751630805176,20542,0.020542
NO_BERT,AMD_Radeon_RX_7900_XT,spacex,0,1.0,0,0,0,low,renamed_keys,low,171,169,schema,0.4518404198611309,schema,1,1.0,local,ROCM,AMD_Radeon_RX_7900_XT,True,1,0,0,0,0,1,0,0,0,0.021341,False,1000hz,21.341,1,short,30000,True,canonical,0.5,1.0,0.46011667681926804,0.5093446886275245,1,1000000000,46.858160348624715,21341,0.021341
NO_BERT,AMD_Radeon_RX_7900_XT,spacex,0,1.0,0,0,0,low,split_fields,low,169,169,schema,0.6676750619967131,schema,1,0.0,local,ROCM,AMD_Radeon_RX_7900_XT,False,0,0,0,0,0,0,0,0,0,0.020512,False,1000hz,20.512,1,short,30000,True,canonical,0.5,0.0,0.21456708268330732,0.2127535101404056,2,1000000000,48.75195007800312,20512,0.020512
NO_BERT,AMD_Radeon_RX_7900_XT,spacex,0,1.0,0,0,0,low,renamed_keys,low,171,169,schema,0.7145427913575587,schema,1,1.0,local,ROCM,AMD_Radeon_RX_7900_XT,True,1,0,0,0,0,1,0,0,0,0.0216,False,1000hz,21.6,1,short,30000,True,canonical,0.5,1.0,0.45879629629629626,0.5083333333333333,3,1000000000,46.29629629629629,21600,0.0216
NO_BERT,AMD_Radeon_RX_7900_XT,spacex,0,1.0,0,0,0,low,extra_keys,low,193,169,schema,0.6417484893602664,schema,1,1.0,local,ROCM,AMD_Radeon_RX_7900_XT,True,1,1,0,0,0,0,0,0,0,0.020578,False,1000hz,20.578,1,short,30000,True,canonical,0.5,1.0,0.46419963067353487,0.5124720575371756,4,1000000000,48.595587520653126,20578,0.020578
NO_BERT,AMD_Radeon_RX_7900_XT,openf1,0,1.0,0,0,0,low,missing_keys,low,117,144,schema,0.7959929511400676,schema,1,1.0,local,ROCM,AMD_Radeon_RX_7900_XT,True,1,0,0,1,0,0,0,0,0,0.022354,False,1000hz,22.354,1,short,30000,True,canonical,0.5,1.0,0.4551265992663506,0.5055225015657152,1,1000000000,44.734723092064065,22354,0.022354
NO_BERT,AMD_Radeon_RX_7900_XT,openf1,0,1.0,0,0,0,low,merged_fields,low,144,144,schema,0.7122053827464548,schema,1,0.0,local,ROCM,AMD_Radeon_RX_7900_XT,False,0,0,0,0,0,0,0,0,0,0.021609,False,1000hz,21.609,1,short,30000,True,canonical,0.5,0.0,0.2087509833865519,0.20829862557267803,2,1000000000,46.277014207043365,21609,0.021609
NO_BERT,AMD_Radeon_RX_7900_XT,openf1,0,1.0,0,0,0,low,nested_corruption,low,153,144,schema,0.5657987824736579,schema,1,1.0,local,ROCM,AMD_Radeon_RX_7900_XT,True,1,0,0,0,1,0,0,0,0,0.021376,False,1000hz,21.376,1,short,30000,True,canonical,0.5,1.0,0.45993637724550895,0.5092065868263473,3,1000000000,46.7814371257485,21376,0.021376
NO_BERT,AMD_Radeon_RX_7900_XT,openf1,0,1.0,0,0,0,low,nested_corruption,low,157,144,schema,0.22113660424761836,schema,1,1.0,local,ROCM,AMD_Radeon_RX_7900_XT,True,2,0,0,1,0,0,1,0,0,0.025367,False,1000hz,25.367,1,short,30000,True,canonical,0.5,1.0,0.4426400441518509,0.49595833169077935,4,1000000000,39.42129538376631,25367,0.025367
NO_BERT,AMD_Radeon_RX_7900_XT,finnhub,0,1.0,0,0,0,high,value_contradiction,high,154,154,gemma,0.6566432940023009,gemma,1,0.0,local,ROCM,AMD_Radeon_RX_7900_XT,False,0,0,0,0,0,0,0,0,0,14.305161,False,1000hz,14305.161,1,short,30000,True,canonical,0.5,0.0,0.10016427637549832,0.12512582871314765,1,2100,0.06990484063758527,14305161,14.305161
NO_BERT,AMD_Radeon_RX_7900_XT,finnhub,0,1.0,0,0,0,high,missing_keys,high,38,154,gemma,0.7620924585949151,gemma,1,1.0,local,ROCM,AMD_Radeon_RX_7900_XT,True,1,0,0,1,0,0,0,0,0,14.45881,False,1000hz,14458.81,1,short,30000,True,canonical,0.5,1.0,0.35016253066469516,0.42512449157295795,2,2078,0.06916198497663363,14458810,14.45881
NO_BERT,AMD_Radeon_RX_7900_XT,finnhub,0,1.0,0,0,0,high,nested_corruption,high,194,154,gemma,0.6626487805271217,gemma,1,1.0,local,ROCM,AMD_Radeon_RX_7900_XT,True,2,0,0,1,0,0,1,0,0,14.53033,False,1000hz,14530.33,1,short,30000,True,canonical,0.5,1.0,0.3501617306695719,0.4251238788107358,3,2068,0.06882156151993796,14530330,14.53033
NO_BERT,AMD_Radeon_RX_7900_XT,finnhub,0,1.0,0,0,0,high,missing_keys,high,38,154,gemma,0.25053691842023873,gemma,1,1.0,local,ROCM,AMD_Radeon_RX_7900_XT,True,1,0,0,1,0,0,0,0,0,14.220446,False,1000hz,14220.446,1,short,30000,True,canonical,0.5,1.0,0.350165255013802,0.425126578308444,4,2113,0.07032128246891835,14220446,14.220446
NO_BERT,AMD_Radeon_RX_7900_XT,openmeteo,0,1.0,0,0,0,high,split_fields,high,187,155,gemma,0.7662024601317967,gemma,1,1.0,local,ROCM,AMD_Radeon_RX_7900_XT,True,2,0,0,1,0,0,1,0,0,14.213691,False,1000hz,14213.691,1,short,30000,True,canonical,0.5,1.0,0.35016533355058865,0.42512663846428067,1,2114,0.07035470237815075,14213691,14.213691
NO_BERT,AMD_Radeon_RX_7900_XT,openmeteo,0,1.0,0,0,0,high,missing_keys,high,140,155,gemma,0.368542268717857,gemma,1,1.0,local,ROCM,AMD_Radeon_RX_7900_XT,True,1,0,0,1,0,0,0,0,0,14.140868,False,1000hz,14140.868,1,short,30000,True,canonical,0.5,1.0,0.35016618498949287,0.42512729063024984,2,2125,0.07071701680547475,14140868,14.140868
NO_BERT,AMD_Radeon_RX_7900_XT,spacex,0,1.0,0,0,0,high,extra_keys,high,196,169,gemma,0.7345396777687832,gemma,1,1.0,local,ROCM,AMD_Radeon_RX_7900_XT,True,1,1,0,0,0,0,0,0,0,14.293169,False,1000hz,14293.169,1,short,30000,True,canonical,0.5,1.0,0.350164414203736,0.42512593428371276,1,2110,0.06996349095151677,14293169,14.293169
NO_BERT,AMD_Radeon_RX_7900_XT,spacex,0,1.0,0,0,0,high,split_fields,high,275,169,gemma,0.7264817348379884,gemma,1,1.0,local,ROCM,AMD_Radeon_RX_7900_XT,True,1,1,0,0,0,0,0,0,0,14.17339,False,1000hz,14173.39,1,short,30000,True,canonical,0.5,1.0,0.35016580366447264,0.425126998551511,2,2120,0.07055475083942515,14173390,14.17339
NO_BERT,AMD_Radeon_RX_7900_XT,spacex,0,1.0,0,0,0,high,nested_corruption,high,178,169,gemma,0.11127732541452762,gemma,1,1.0,local,ROCM,AMD_Radeon_RX_7900_XT,True,1,0,0,0,1,0,0,0,0,14.162449,False,1000hz,14162.449,1,short,30000,True,canonical,0.5,1.0,0.3501659317537525,0.4251270966624487,4,2132,0.07060925691594723,14162449,14.162449
NO_BERT,AMD_Radeon_RX_7900_XT,openf1,0,1.0,0,0,0,high,split_fields,high,177,144,gemma,0.463575543688421,gemma,1,1.0,local,ROCM,AMD_Radeon_RX_7900_XT,True,1,1,0,0,0,0,0,0,0,14.164169,False,1000hz,14164.169,1,short,30000,True,canonical,0.5,1.0,0.35016591160413296,0.4251270812286976,1,2121,0.07060068260975988,14164169,14.164169
NO_BERT,AMD_Radeon_RX_7900_XT,openf1,0,1.0,0,0,0,high,nested_corruption,high,157,144,gemma,0.7427932897196756,gemma,1,1.0,local,ROCM,AMD_Radeon_RX_7900_XT,True,2,0,0,1,0,0,1,0,0,14.493909,False,1000hz,14493.909,1,short,30000,True,canonical,0.5,1.0,0.35016213707427035,0.4251241900994411,3,2081,0.06899449968949026,14493909,14.493909
NO_BERT,AMD_Radeon_RX_7900_XT,openf1,0,1.0,0,0,0,high,split_fields,high,177,144,gemma,0.21039553635380648,gemma,1,1.0,local,ROCM,AMD_Radeon_RX_7900_XT,True,1,1,0,0,0,0,0,0,0,14.648647,False,1000hz,14648.647,1,short,30000,True,canonical,0.5,1.0,0.35016042437229866,0.42512287824261175,4,2051,0.06826569033986551,14648647,14.648647
NO_BERT,AMD_Radeon_RX_7900_XT,finnhub,0,1.0,0,0,0,medium,type_mismatch,medium,151,154,gemma,0.3715841089005506,gemma,1,1.0,local,ROCM,AMD_Radeon_RX_7900_XT,True,1,0,0,0,0,0,0,1,0,14.665223,False,1000hz,14665.223,1,short,30000,True,canonical,0.5,1.0,0.35016024304574167,0.42512273935418504,1,2049,0.06818853010281535,14665223,14.665223
NO_BERT,AMD_Radeon_RX_7900_XT,finnhub,0,1.0,0,0,0,medium,value_contradiction,medium,162,154,gemma,0.8591648024707323,gemma,1,1.0,local,ROCM,AMD_Radeon_RX_7900_XT,True,1,0,0,0,0,0,0,0,1,14.191714,False,1000hz,14191.714,1,short,30000,True,canonical,0.5,1.0,0.3501655895827664,0.42512683457403383,2,2118,0.07046365224101896,14191714,14.191714
NO_BERT,AMD_Radeon_RX_7900_XT,finnhub,0,1.0,0,0,0,medium,merged_fields,medium,150,154,gemma,0.6371564349179979,gemma,1,1.0,local,ROCM,AMD_Radeon_RX_7900_XT,True,1,0,1,0,0,0,0,0,0,14.386248,False,1000hz,14386.248,1,short,30000,True,canonical,0.5,1.0,0.3501633504441186,0.4251251194891121,3,2088,0.06951082728450114,14386248,14.386248
NO_BERT,AMD_Radeon_RX_7900_XT,finnhub,0,1.0,0,0,0,medium,type_mismatch,medium,148,154,gemma,0.6524133896256245,gemma,1,1.0,local,ROCM,AMD_Radeon_RX_7900_XT,True,1,0,0,0,0,0,0,1,0,14.289585,False,1000hz,14289.585,1,short,30000,True,canonical,0.5,1.0,0.35016445544079833,0.4251259658695476,4,2103,0.06998103863758115,14289585,14.289585
NO_BERT,AMD_Radeon_RX_7900_XT,openmeteo,0,1.0,0,0,0,medium,type_mismatch,medium,153,155,gemma,0.8033266603910885,gemma,1,1.0,local,ROCM,AMD_Radeon_RX_7900_XT,True,1,0,0,0,0,0,0,1,0,14.127688,False,1000hz,14127.688,1,short,30000,True,canonical,0.5,1.0,0.35016634002676167,0.42512740938220034,1,2127,0.07078299011133315,14127688,14.127688
NO_BERT,AMD_Radeon_RX_7900_XT,openmeteo,0,1.0,0,0,0,medium,extra_keys,medium,182,155,gemma,0.4289908831616792,gemma,1,1.0,local,ROCM,AMD_Radeon_RX_7900_XT,True,1,1,0,0,0,0,0,0,0,14.327481,False,1000hz,14327.481,1,short,30000,True,canonical,0.5,1.0,0.35016402045830664,0.4251256326914689,2,2097,0.06979593970496278,14327481,14.327481
NO_BERT,AMD_Radeon_RX_7900_XT,openmeteo,0,1.0,0,0,0,medium,missing_keys,medium,43,155,gemma,0.14307030738207713,gemma,1,1.0,local,ROCM,AMD_Radeon_RX_7900_XT,True,1,0,0,1,0,0,0,0,0,14.347786,False,1000hz,14347.786,1,short,30000,True,canonical,0.5,1.0,0.3501637883364026,0.4251254548959679,4,2103,0.06969716442662303,14347786,14.347786
NO_BERT,AMD_Radeon_RX_7900_XT,spacex,0,1.0,0,0,0,medium,split_fields,medium,205,169,gemma,0.7045689156127047,gemma,1,1.0,local,ROCM,AMD_Radeon_RX_7900_XT,True,1,1,0,0,0,0,0,0,0,14.309181,False,1000hz,14309.181,1,short,30000,True,canonical,0.5,1.0,0.350164230223938,0.42512579336301637,1,2100,0.06988520167576327,14309181,14.309181
NO_BERT,AMD_Radeon_RX_7900_XT,spacex,0,1.0,0,0,0,medium,missing_keys,medium,138,169,gemma,0.48879794766373263,gemma,1,1.0,local,ROCM,AMD_Radeon_RX_7900_XT,True,1,0,0,1,0,0,0,0,0,15.04967,False,1000hz,15049.67,1,short,30000,True,canonical,0.5,1.0,0.3501561496032804,0.42511960395144877,2,1996,0.06644663969376072,15049670,15.04967
NO_BERT,AMD_Radeon_RX_7900_XT,spacex,0,1.0,0,0,0,medium,split_fields,medium,211,169,gemma,0.8286719832786734,gemma,1,1.0,local,ROCM,AMD_Radeon_RX_7900_XT,True,1,1,0,0,0,0,0,0,0,14.171755,False,1000hz,14171.755,1,short,30000,True,canonical,0.5,1.0,0.35016582279329556,0.42512701320337526,4,2132,0.07056289076405851,14171755,14.171755
NO_BERT,AMD_Radeon_RX_7900_XT,openf1,0,1.0,0,0,0,medium,value_contradiction,medium,152,144,gemma,0.176464242676036,gemma,1,1.0,local,ROCM,AMD_Radeon_RX_7900_XT,True,1,0,0,0,0,0,0,0,1,14.250401,False,1000hz,14250.401,1,short,30000,True,canonical,0.5,1.0,0.35016490764014296,0.4251263122350031,1,2108,0.07017346389059508,14250401,14.250401
NO_BERT,AMD_Radeon_RX_7900_XT,openf1,0,1.0,0,0,0,medium,extra_keys,medium,168,144,gemma,0.5709792736131305,gemma,1,1.0,local,ROCM,AMD_Radeon_RX_7900_XT,True,1,1,0,0,0,0,0,0,0,14.155156,False,1000hz,14155.156,1,short,30000,True,canonical,0.5,1.0,0.35016601724488244,0.4251271621450162,2,2122,0.07064563612015297,14155156,14.155156
NO_BERT,AMD_Radeon_RX_7900_XT,openf1,0,1.0,0,0,0,medium,merged_fields,medium,138,144,gemma,0.6045858089896635,gemma,1,1.0,local,ROCM,AMD_Radeon_RX_7900_XT,True,1,0,1,0,0,0,0,0,0,14.383676,False,1000hz,14383.676,1,short,30000,True,canonical,0.5,1.0,0.35016337965343486,0.42512514186220546,3,2089,0.06952325678081181,14383676,14.383676
NO_BERT,AMD_Radeon_RX_7900_XT,openf1,0,1.0,0,0,0,medium,value_contradiction,medium,152,144,gemma,0.4108414485555729,gemma,1,1.0,local,ROCM,AMD_Radeon_RX_7900_XT,True,1,0,0,0,0,0,0,0,1,14.118617,False,1000hz,14118.617,1,short,30000,True,canonical,0.5,1.0,0.3501664468977379,0.4251274912408205,4,2128,0.0708284671225234,14118617,14.118617
NO_BERT,AMD_Radeon_RX_7900_XT,finnhub,0,1.0,0,0,0,low,merged_fields,low,150,154,gemma,0.4563666646825538,gemma,1,1.0,local,ROCM,AMD_Radeon_RX_7900_XT,True,1,0,1,0,0,0,0,0,0,14.189839,False,1000hz,14189.839,1,short,30000,True,canonical,0.5,1.0,0.35016561146324493,0.42512685133354927,1,2118,0.07047296308294972,14189839,14.189839
NO_BERT,AMD_Radeon_RX_7900_XT,finnhub,0,1.0,0,0,0,low,value_contradiction,low,154,154,gemma,0.5505552017631151,gemma,1,0.0,local,ROCM,AMD_Radeon_RX_7900_XT,False,0,0,0,0,0,0,0,0,0,14.138692,False,1000hz,14138.692,1,short,30000,True,canonical,0.5,0.0,0.10016621056601276,0.12512731022077572,2,2126,0.07072790043095924,14138692,14.138692
NO_BERT,AMD_Radeon_RX_7900_XT,finnhub,0,1.0,0,0,0,low,type_mismatch,low,148,154,gemma,0.10731855843055876,gemma,1,1.0,local,ROCM,AMD_Radeon_RX_7900_XT,True,1,0,0,0,0,0,0,1,0,14.141851,False,1000hz,14141.851,1,short,30000,True,canonical,0.5,1.0,0.350166173437975,0.4251272817822787,3,2125,0.07071210126595168,14141851,14.141851
NO_BERT,AMD_Radeon_RX_7900_XT,finnhub,0,1.0,0,0,0,low,merged_fields,low,150,154,gemma,0.10885369327142139,gemma,1,1.0,local,ROCM,AMD_Radeon_RX_7900_XT,True,1,0,1,0,0,0,0,0,0,14.076606,False,1000hz,14076.606,1,short,30000,True,canonical,0.5,1.0,0.35016694365104767,0.4251278717327174,4,2134,0.07103985150966079,14076606,14.076606
NO_BERT,AMD_Radeon_RX_7900_XT,openmeteo,0,1.0,0,0,0,low,extra_keys,low,182,155,gemma,0.22362987237598997,gemma,1,1.0,local,ROCM,AMD_Radeon_RX_7900_XT,True,1,1,0,0,0,0,0,0,0,14.391254,False,1000hz,14391.254,1,short,30000,True,canonical,0.5,1.0,0.3501632936226405,0.4251250759662778,1,2088,0.06948664793213989,14391254,14.391254
NO_BERT,AMD_Radeon_RX_7900_XT,openmeteo,0,1.0,0,0,0,low,missing_keys,low,140,155,gemma,0.48273868544784615,gemma,1,1.0,local,ROCM,AMD_Radeon_RX_7900_XT,True,1,0,0,1,0,0,0,0,0,14.180409,False,1000hz,14180.409,1,short,30000,True,canonical,0.5,1.0,0.35016572159519516,0.42512693568993676,2,2119,0.07051982774262718,14180409,14.180409
NO_BERT,AMD_Radeon_RX_7900_XT,openmeteo,0,1.0,0,0,0,low,value_contradiction,low,163,155,gemma,0.49334472317789047,gemma,1,1.0,local,ROCM,AMD_Radeon_RX_7900_XT,True,1,0,0,0,0,0,0,0,1,14.203909,False,1000hz,14203.909,1,short,30000,True,canonical,0.5,1.0,0.35016544741310296,0.42512672567812143,3,2115,0.07040315451190232,14203909,14.203909
NO_BERT,AMD_Radeon_RX_7900_XT,openmeteo,0,1.0,0,0,0,low,type_mismatch,low,143,155,gemma,0.2131096622603546,gemma,1,1.0,local,ROCM,AMD_Radeon_RX_7900_XT,True,1,0,0,0,0,0,0,1,0,14.554727,False,1000hz,14554.727,1,short,30000,True,canonical,0.5,1.0,0.3501614595725499,0.4251236711619531,4,2065,0.06870620108504956,14554727,14.554727
NO_BERT,AMD_Radeon_RX_7900_XT,spacex,0,1.0,0,0,0,low,split_fields,low,275,169,gemma,0.5436269773893952,gemma,1,1.0,local,ROCM,AMD_Radeon_RX_7900_XT,True,1,1,0,0,0,0,0,0,0,14.291343,False,1000hz,14291.343,1,short,30000,True,canonical,0.5,1.0,0.35016443521088253,0.425125950374293,1,2102,0.06997243016279156,14291343,14.291343
NO_BERT,AMD_Radeon_RX_7900_XT,spacex,0,1.0,0,0,0,low,split_fields,low,211,169,gemma,0.797632010808757,gemma,1,1.0,local,ROCM,AMD_Radeon_RX_7900_XT,True,1,1,0,0,0,0,0,0,0,14.145859,False,1000hz,14145.859,1,short,30000,True,canonical,0.5,1.0,0.3501661263554232,0.42512724571904753,2,2124,0.0706920661375177,14145859,14.145859
NO_BERT,AMD_Radeon_RX_7900_XT,spacex,0,1.0,0,0,0,low,nested_corruption,low,178,169,gemma,0.22329269312277653,gemma,1,1.0,local,ROCM,AMD_Radeon_RX_7900_XT,True,1,0,0,0,1,0,0,0,0,14.112319,False,1000hz,14112.319,1,short,30000,True,canonical,0.5,1.0,0.3501665211791201,0.4251275481371984,3,2129,0.07086007622134959,14112319,14.112319
NO_BERT,AMD_Radeon_RX_7900_XT,spacex,0,1.0,0,0,0,low,extra_keys,low,197,169,gemma,0.3202899346825488,gemma,1,1.0,local,ROCM,AMD_Radeon_RX_7900_XT,True,1,1,0,0,0,0,0,0,0,14.778676,False,1000hz,14778.676,1,short,30000,True,canonical,0.5,1.0,0.35015901289127666,0.4251217971082118,4,2033,0.06766506011769931,14778676,14.778676
NO_BERT,AMD_Radeon_RX_7900_XT,openf1,0,1.0,0,0,0,low,value_contradiction,low,152,144,gemma,0.5196568091082708,gemma,1,1.0,local,ROCM,AMD_Radeon_RX_7900_XT,True,1,0,0,0,0,0,0,0,1,14.536396,False,1000hz,14536.396,1,short,30000,True,canonical,0.5,1.0,0.3501616631797868,0.42512382711643243,1,2078,0.06879284246246456,14536396,14.536396
NO_BERT,AMD_Radeon_RX_7900_XT,openf1,0,1.0,0,0,0,low,split_fields,low,169,144,gemma,0.7400643038914387,gemma,1,1.0,local,ROCM,AMD_Radeon_RX_7900_XT,True,2,0,0,1,0,0,1,0,0,14.699124,False,1000hz,14699.124,1,short,30000,True,canonical,0.5,1.0,0.35015987347273214,0.4251224562769863,2,2044,0.06803126499239003,14699124,14.699124
NO_BERT,AMD_Radeon_RX_7900_XT,finnhub,0,1.0,0,0,0,high,merged_fields,high,152,154,json,0.6655946742559267,json,1,1.0,local,ROCM,AMD_Radeon_RX_7900_XT,True,1,0,1,0,0,0,0,0,0,0.075715,False,1mhz,75.715,1,short,30000,True,canonical,0.5,1.0,0.3764194677408703,0.4448150960839992,1,333333333,13.207422571485173,75715,0.075715
NO_BERT,AMD_Radeon_RX_7900_XT,finnhub,0,1.0,0,0,0,high,missing_keys,high,138,154,json,0.8518170249757666,json,1,1.0,local,ROCM,AMD_Radeon_RX_7900_XT,True,1,0,0,1,0,0,0,0,0,0.022076,False,1mhz,22.076,1,short,30000,True,canonical,0.5,1.0,0.4406119768073926,0.49296068128284104,2,1200000000,45.298061242978804,22076,0.022076
NO_BERT,AMD_Radeon_RX_7900_XT,finnhub,0,1.0,0,0,0,high,nested_corruption,high,163,154,json,0.6370554630979325,json,1,1.0,local,ROCM,AMD_Radeon_RX_7900_XT,True,1,0,0,0,1,0,0,0,0,0.021736,False,1mhz,21.736,1,short,30000,True,canonical,0.5,1.0,0.4420293522267207,0.4940237394184762,3,1666666666,46.00662495399338,21736,0.021736
NO_BERT,AMD_Radeon_RX_7900_XT,finnhub,0,1.0,0,0,0,high,renamed_keys,high,156,154,json,0.7038821729318194,json,1,1.0,local,ROCM,AMD_Radeon_RX_7900_XT,True,1,0,0,0,0,1,0,0,0,0.021059,False,1mhz,21.059,1,short,30000,True,canonical,0.5,1.0,0.44498789116292325,0.49624269908352725,4,1071428571,47.48563559523244,21059,0.021059
NO_BERT,AMD_Radeon_RX_7900_XT,openmeteo,0,1.0,0,0,0,high,extra_keys,high,182,155,json,0.5758008963456385,json,1,1.0,local,ROCM,AMD_Radeon_RX_7900_XT,True,1,1,0,0,0,0,0,0,0,0.021302,False,1mhz,21.302,1,short,30000,True,canonical,0.5,1.0,0.44390432823209086,0.49543000657215286,1,1304347826,46.943948924983566,21302,0.021302
NO_BERT,AMD_Radeon_RX_7900_XT,openmeteo,0,1.0,0,0,0,high,extra_keys,high,179,155,json,0.802978430064792,json,1,1.0,local,ROCM,AMD_Radeon_RX_7900_XT,True,1,1,0,0,0,0,0,0,0,0.021065,False,1mhz,21.065,1,short,30000,True,canonical,0.5,1.0,0.44496083550913834,0.49622240683598384,2,1250000000,47.472110135295516,21065,0.021065
NO_BERT,AMD_Radeon_RX_7900_XT,openmeteo,0,1.0,0,0,0,high,nested_corruption,high,164,155,json,0.7062538665080856,json,1,1.0,local,ROCM,AMD_Radeon_RX_7900_XT,True,1,0,0,0,1,0,0,0,0,0.021272,False,1mhz,21.272,1,short,30000,True,canonical,0.5,1.0,0.4440367619405792,0.4955293343362166,3,1875000000,47.01015419330576,21272,0.021272
NO_BERT,AMD_Radeon_RX_7900_XT,openmeteo,0,1.0,0,0,0,high,type_mismatch,high,68,155,json,0.5496015376674309,json,1,1.0,local,ROCM,AMD_Radeon_RX_7900_XT,True,1,0,0,0,1,0,0,0,0,0.020692,False,1mhz,20.692,1,short,30000,True,canonical,0.5,1.0,0.44667262710226174,0.4975062826213029,4,2142857142,48.327856176300024,20692,0.020692
NO_BERT,AMD_Radeon_RX_7900_XT,spacex,0,1.0,0,0,0,high,missing_keys,high,132,169,json,0.1624308646862258,json,1,1.0,local,ROCM,AMD_Radeon_RX_7900_XT,True,1,0,0,1,0,0,0,0,0,0.023834,False,1mhz,23.834,1,short,30000,True,canonical,0.5,1.0,0.433928421582613,0.4879478895695225,1,2142857142,41.956868339347146,23834,0.023834
NO_BERT,AMD_Radeon_RX_7900_XT,spacex,0,1.0,0,0,0,high,extra_keys,high,196,169,json,0.8386073703985724,json,1,1.0,local,ROCM,AMD_Radeon_RX_7900_XT,True,1,1,0,0,0,0,0,0,0,0.02125,False,1mhz,21.25,1,short,30000,True,canonical,0.5,1.0,0.4441341176470588,0.4956023529411765,2,2000000000,47.05882352941176,21250,0.02125
NO_BERT,AMD_Radeon_RX_7900_XT,spacex,0,1.0,0,0,0,high,missing_keys,high,132,169,json,0.3276089883510254,json,1,1.0,local,ROCM,AMD_Radeon_RX_7900_XT,True,1,0,0,1,0,0,0,0,0,0.022574,False,1mhz,22.574,1,short,30000,True,canonical,0.5,1.0,0.43861300611322757,0.49146141578807473,3,2000000000,44.298750775228136,22574,0.022574
NO_BERT,AMD_Radeon_RX_7900_XT,spacex,0,1.0,0,0,0,high,extra_keys,high,196,169,json,0.21168061207061095,json,1,1.0,local,ROCM,AMD_Radeon_RX_7900_XT,True,1,1,0,0,0,0,0,0,0,0.020777,False,1mhz,20.777,1,short,30000,True,canonical,0.5,1.0,0.44627713336862873,0.49720965490686814,4,2000000000,48.13014390913029,20777,0.020777
NO_BERT,AMD_Radeon_RX_7900_XT,openf1,0,1.0,0,0,0,high,extra_keys,high,168,144,json,0.12242450654168069,json,1,1.0,local,ROCM,AMD_Radeon_RX_7900_XT,True,1,1,0,0,0,0,0,0,0,0.021885,False,1mhz,21.885,1,short,30000,True,canonical,0.5,1.0,0.4414027872972356,0.49355380397532556,1,1875000000,45.69339730408956,21885,0.021885
NO_BERT,AMD_Radeon_RX_7900_XT,openf1,0,1.0,0,0,0,high,type_mismatch,high,129,144,json,0.6642562807045691,json,1,1.0,local,ROCM,AMD_Radeon_RX_7900_XT,True,1,0,0,0,0,0,0,1,0,0.020522,False,1mhz,20.522,1,short,30000,True,canonical,0.5,1.0,0.4474734431341975,0.49810690965792803,2,1764705882,48.72819413312543,20522,0.020522
NO_BERT,AMD_Radeon_RX_7900_XT,openf1,0,1.0,0,0,0,high,nested_corruption,high,153,144,json,0.7667825693245323,json,1,1.0,local,ROCM,AMD_Radeon_RX_7900_XT,True,1,0,0,0,1,0,0,0,0,0.020945,False,1mhz,20.945,1,short,30000,True,canonical,0.5,1.0,0.44550489376939606,0.4966304607304846,3,1666666666,47.744091668656004,20945,0.020945
NO_BERT,AMD_Radeon_RX_7900_XT,openf1,0,1.0,0,0,0,high,nested_corruption,high,157,144,json,0.8254204712114177,json,1,1.0,local,ROCM,AMD_Radeon_RX_7900_XT,True,2,0,0,1,0,0,1,0,0,0.021185,False,1mhz,21.185,1,short,30000,True,canonical,0.5,1.0,0.4444229407599717,0.49581897569034694,4,1578947368,47.203209818267645,21185,0.021185
NO_BERT,AMD_Radeon_RX_7900_XT,finnhub,0,1.0,0,0,0,medium,missing_keys,medium,138,154,json,0.6545225588006176,json,1,1.0,local,ROCM,AMD_Radeon_RX_7900_XT,True,1,0,0,1,0,0,0,0,0,0.022385,False,1mhz,22.385,1,short,30000,True,canonical,0.5,1.0,0.43936117936117935,0.49202255974983244,1,2000000000,44.67277194549922,22385,0.022385
NO_BERT,AMD_Radeon_RX_7900_XT,finnhub,0,1.0,0,0,0,medium,missing_keys,medium,38,154,json,0.36861257715079054,json,1,1.0,local,ROCM,AMD_Radeon_RX_7900_XT,True,1,0,0,1,0,0,0,0,0,0.020716,False,1mhz,20.716,1,short,30000,True,canonical,0.5,1.0,0.44656062946514774,0.49742228229387914,2,2000000000,48.27186715582159,20716,0.020716
NO_BERT,AMD_Radeon_RX_7900_XT,finnhub,0,1.0,0,0,0,medium,nested_corruption,medium,163,154,json,0.8172716570531053,json,1,1.0,local,ROCM,AMD_Radeon_RX_7900_XT,True,1,0,0,0,1,0,0,0,0,0.021514,False,1mhz,21.514,1,short,30000,True,canonical,0.5,1.0,0.4429789904248397,0.4947359858696663,3,1764705882,46.48136097424933,21514,0.021514
NO_BERT,AMD_Radeon_RX_7900_XT,finnhub,0,1.0,0,0,0,medium,type_mismatch,medium,148,154,json,0.4236472927595728,json,1,1.0,local,ROCM,AMD_Radeon_RX_7900_XT,True,1,0,0,0,0,0,0,1,0,0.020877,False,1mhz,20.877,1,short,30000,True,canonical,0.5,1.0,0.44581596972745124,0.4968637735306797,4,2000000000,47.899602433299805,20877,0.020877
NO_BERT,AMD_Radeon_RX_7900_XT,openmeteo,0,1.0,0,0,0,medium,type_mismatch,medium,143,155,json,0.2128522972908524,json,1,1.0,local,ROCM,AMD_Radeon_RX_7900_XT,True,1,0,0,0,0,0,0,1,0,0.021643,False,1mhz,21.643,1,short,30000,True,canonical,0.5,1.0,0.4424248024765513,0.49432033451924406,1,2142857142,46.20431548306612,21643,0.021643
NO_BERT,AMD_Radeon_RX_7900_XT,openmeteo,0,1.0,0,0,0,medium,missing_keys,medium,127,155,json,0.898953156166216,json,1,1.0,local,ROCM,AMD_Radeon_RX_7900_XT,True,1,0,0,1,0,0,0,0,0,0.020944,False,1mhz,20.944,1,short,30000,True,canonical,0.5,1.0,0.4455094537815126,0.4966338808250573,2,1875000000,47.74637127578304,20944,0.020944
NO_BERT,AMD_Radeon_RX_7900_XT,openmeteo,0,1.0,0,0,0,medium,nested_corruption,medium,164,155,json,0.7050162593357272,json,1,1.0,local,ROCM,AMD_Radeon_RX_7900_XT,True,1,0,0,0,1,0,0,0,0,0.020947,False,1mhz,20.947,1,short,30000,True,canonical,0.5,1.0,0.44549577505132,0.4966236215209815,3,1875000000,47.739533107366206,20947,0.020947
NO_BERT,AMD_Radeon_RX_7900_XT,openmeteo,0,1.0,0,0,0,medium,extra_keys,medium,179,155,json,0.12358442426897663,json,1,1.0,local,ROCM,AMD_Radeon_RX_7900_XT,True,1,1,0,0,0,0,0,0,0,0.022336,False,1mhz,22.336,1,short,30000,True,canonical,0.5,1.0,0.43955721704871065,0.4921695916905444,4,1764705882,44.77077363896848,22336,0.022336
NO_BERT,AMD_Radeon_RX_7900_XT,spacex,0,1.0,0,0,0,medium,nested_corruption,medium,178,169,json,0.8715555356418551,json,1,1.0,local,ROCM,AMD_Radeon_RX_7900_XT,True,1,0,0,0,1,0,0,0,0,0.020521,False,1mhz,20.521,1,short,30000,True,canonical,0.5,1.0,0.44747819307051306,0.49811047219921056,1,1875000000,48.73056868573656,20521,0.020521
NO_BERT,AMD_Radeon_RX_7900_XT,spacex,0,1.0,0,0,0,medium,renamed_keys,medium,171,169,json,0.7448779994593555,json,1,1.0,local,ROCM,AMD_Radeon_RX_7900_XT,True,1,0,0,0,0,1,0,0,0,0.021292,False,1mhz,21.292,1,short,30000,True,canonical,0.5,1.0,0.44394843133571293,0.4954630847266579,2,1764705882,46.965996618448244,21292,0.021292
NO_BERT,AMD_Radeon_RX_7900_XT,spacex,0,1.0,0,0,0,medium,nested_corruption,medium,182,169,json,0.7039928047131425,json,1,1.0,local,ROCM,AMD_Radeon_RX_7900_XT,True,2,0,0,1,0,0,1,0,0,0.020944,False,1mhz,20.944,1,short,30000,True,canonical,0.5,1.0,0.4455094537815126,0.4966338808250573,3,1578947368,47.74637127578304,20944,0.020944
NO_BERT,AMD_Radeon_RX_7900_XT,spacex,0,1.0,0,0,0,medium,extra_keys,medium,196,169,json,0.21192861750645903,json,1,1.0,local,ROCM,AMD_Radeon_RX_7900_XT,True,1,1,0,0,0,0,0,0,0,0.021812,False,1mhz,21.812,1,short,30000,True,canonical,0.5,1.0,0.4417086924628644,0.49378323858426554,4,2000000000,45.84632312488538,21812,0.021812
NO_BERT,AMD_Radeon_RX_7900_XT,openf1,0,1.0,0,0,0,medium,split_fields,medium,173,144,json,0.3463699268871355,json,1,1.0,local,ROCM,AMD_Radeon_RX_7900_XT,True,2,0,0,1,0,0,1,0,0,0.021408,False,1mhz,21.408,1,short,30000,True,canonical,0.5,1.0,0.44343936846038867,0.4950812780269058,1,1578947368,46.71150971599402,21408,0.021408
NO_BERT,AMD_Radeon_RX_7900_XT,openf1,0,1.0,0,0,0,medium,renamed_keys,medium,148,144,json,0.7275090498594305,json,1,1.0,local,ROCM,AMD_Radeon_RX_7900_XT,True,2,1,0,1,0,0,0,0,0,0.02178,False,1mhz,21.78,1,short,30000,True,canonical,0.5,1.0,0.44184343434343437,0.4938842975206611,2,1764705882,45.91368227731864,21780,0.02178
NO_BERT,AMD_Radeon_RX_7900_XT,openf1,0,1.0,0,0,0,medium,missing_keys,medium,117,144,json,0.16276471632519965,json,1,1.0,local,ROCM,AMD_Radeon_RX_7900_XT,True,1,0,0,1,0,0,0,0,0,0.02109,False,1mhz,21.09,1,short,30000,True,canonical,0.5,1.0,0.44484826932195354,0.49613798008534854,3,1666666666,47.415836889521096,21090,0.02109
NO_BERT,AMD_Radeon_RX_7900_XT,openf1,0,1.0,0,0,0,medium,nested_corruption,medium,157,144,json,0.5259675571323207,json,1,1.0,local,ROCM,AMD_Radeon_RX_7900_XT,True,2,0,0,1,0,0,1,0,0,0.021259,False,1mhz,21.259,1,short,30000,True,canonical,0.5,1.0,0.4440942659579472,0.4955724634272543,4,1578947368,47.03890117126864,21259,0.021259
NO_BERT,AMD_Radeon_RX_7900_XT,finnhub,0,1.0,0,0,0,low,missing_keys,low,138,154,json,0.21774161563041947,json,1,1.0,local,ROCM,AMD_Radeon_RX_7900_XT,True,1,0,0,1,0,0,0,0,0,0.021478,False,1mhz,21.478,1,short,30000,True,canonical,0.5,1.0,0.44313483564577716,0.4948528727069559,1,140845070,46.55926995064717,21478,0.021478
NO_BERT,AMD_Radeon_RX_7900_XT,finnhub,0,1.0,0,0,0,low,merged_fields,low,150,154,json,0.6225199459187643,json,1,1.0,local,ROCM,AMD_Radeon_RX_7900_XT,True,1,0,1,0,0,0,0,0,0,0.020744,False,1mhz,20.744,1,short,30000,True,canonical,0.5,1.0,0.44643029309679905,0.49732452757423834,2,1363636363,48.206710374084075,20744,0.020744
NO_BERT,AMD_Radeon_RX_7900_XT,finnhub,0,1.0,0,0,0,low,missing_keys,low,132,154,json,0.7540453468311884,json,1,1.0,local,ROCM,AMD_Radeon_RX_7900_XT,True,1,0,0,1,0,0,0,0,0,0.021244,False,1mhz,21.244,1,short,30000,True,canonical,0.5,1.0,0.4441607041988326,0.49562229335341745,3,1764705882,47.072114479382414,21244,0.021244
NO_BERT,AMD_Radeon_RX_7900_XT,finnhub,0,1.0,0,0,0,low,value_contradiction,low,154,154,json,0.619661701649176,json,1,1.0,local,ROCM,AMD_Radeon_RX_7900_XT,True,1,0,0,0,0,0,0,0,1,0.021542,False,1mhz,21.542,1,short,30000,True,canonical,0.5,1.0,0.44285813759168136,0.4946453439792034,4,1500000000,46.42094513044286,21542,0.021542
NO_BERT,AMD_Radeon_RX_7900_XT,openmeteo,0,1.0,0,0,0,low,value_contradiction,low,155,155,json,0.8315069307833957,json,1,0.0,local,ROCM,AMD_Radeon_RX_7900_XT,False,0,0,0,0,0,0,0,0,0,0.021118,False,1mhz,21.118,1,short,30000,True,canonical,0.5,0.0,0.19472251160147744,0.19604365943744673,1,1764705882,47.35296903115825,21118,0.021118
NO_BERT,AMD_Radeon_RX_7900_XT,openmeteo,0,1.0,0,0,0,low,nested_corruption,low,164,155,json,0.33146715196038545,json,1,1.0,local,ROCM,AMD_Radeon_RX_7900_XT,True,1,0,0,0,1,0,0,0,0,0.021541,False,1mhz,21.541,1,short,30000,True,canonical,0.5,1.0,0.44286244835430116,0.49464857713198085,2,1764705882,46.423100134626985,21541,0.021541
NO_BERT,AMD_Radeon_RX_7900_XT,openmeteo,0,1.0,0,0,0,low,value_contradiction,low,156,155,json,0.5812113863710372,json,1,1.0,local,ROCM,AMD_Radeon_RX_7900_XT,True,1,0,0,0,0,0,0,0,1,0.022526,False,1mhz,22.526,1,short,30000,True,canonical,0.5,1.0,0.43880182899760284,0.49160303649116577,3,1500000000,44.39314569830418,22526,0.022526
NO_BERT,AMD_Radeon_RX_7900_XT,openmeteo,0,1.0,0,0,0,low,renamed_keys,low,157,155,json,0.6930517395598567,json,1,1.0,local,ROCM,AMD_Radeon_RX_7900_XT,True,1,0,0,0,0,1,0,0,0,0.023699,False,1mhz,23.699,1,short,30000,True,canonical,0.5,1.0,0.43440651504282884,0.48830646862736826,4,1666666666,42.19587324359677,23699,0.023699
NO_BERT,AMD_Radeon_RX_7900_XT,spacex,0,1.0,0,0,0,low,value_contradiction,low,169,169,json,0.2377026271239002,json,1,0.0,local,ROCM,AMD_Radeon_RX_7900_XT,False,0,0,0,0,0,0,0,0,0,0.023799,False,1mhz,23.799,1,short,30000,True,canonical,0.5,0.0,0.18405185091810583,0.1880404638850372,1,1764705882,42.01857220891634,23799,0.023799
NO_BERT,AMD_Radeon_RX_7900_XT,spacex,0,1.0,0,0,0,low,missing_keys,low,132,169,json,0.24100585361925608,json,1,1.0,local,ROCM,AMD_Radeon_RX_7900_XT,True,1,0,0,1,0,0,0,0,0,0.021855,False,1mhz,21.855,1,short,30000,True,canonical,0.5,1.0,0.4415282544040266,0.4936479066575154,2,1875000000,45.75611988103409,21855,0.021855
NO_BERT,AMD_Radeon_RX_7900_XT,spacex,0,1.0,0,0,0,low,merged_fields,low,163,169,json,0.3457440289459147,json,1,1.0,local,ROCM,AMD_Radeon_RX_7900_XT,True,1,0,1,0,0,0,0,0,0,0.021706,False,1mhz,21.706,1,short,30000,True,canonical,0.5,1.0,0.44215654657698333,0.49411913756565,3,1578947368,46.070211001566385,21706,0.021706
NO_BERT,AMD_Radeon_RX_7900_XT,spacex,0,1.0,0,0,0,low,value_contradiction,low,168,169,json,0.31541585723198484,json,1,1.0,local,ROCM,AMD_Radeon_RX_7900_XT,True,1,0,0,0,0,0,0,0,1,0.022506,False,1mhz,22.506,1,short,30000,True,canonical,0.5,1.0,0.43888074291300094,0.4916622234070914,4,1363636363,44.43259575224384,22506,0.022506
NO_BERT,AMD_Radeon_RX_7900_XT,openf1,0,1.0,0,0,0,low,renamed_keys,low,145,144,json,0.7521997715486963,json,1,1.0,local,ROCM,AMD_Radeon_RX_7900_XT,True,2,1,0,1,0,0,0,0,0,0.021604,False,1mhz,21.604,1,short,30000,True,canonical,0.5,1.0,0.44259164969450104,0.49444547306054437,1,1764705882,46.2877244954638,21604,0.021604
NO_BERT,AMD_Radeon_RX_7900_XT,openf1,0,1.0,0,0,0,low,value_contradiction,low,144,144,json,0.7347825926248758,json,1,1.0,local,ROCM,AMD_Radeon_RX_7900_XT,True,1,0,0,0,0,0,0,0,1,0.022646,False,1mhz,22.646,1,short,30000,True,canonical,0.5,1.0,0.43833127263092825,0.4912501103947717,2,1428571428,44.157908681444844,22646,0.022646
NO_BERT,AMD_Radeon_RX_7900_XT,openf1,0,1.0,0,0,0,low,nested_corruption,low,153,144,json,0.5699210102550779,json,1,1.0,local,ROCM,AMD_Radeon_RX_7900_XT,True,1,0,0,0,1,0,0,0,0,0.02213,False,1mhz,22.13,1,short,30000,True,canonical,0.5,1.0,0.4403908721192951,0.49279484862178036,3,1578947368,45.187528242205154,22130,0.02213
NO_BERT,AMD_Radeon_RX_7900_XT,openf1,0,1.0,0,0,0,low,renamed_keys,low,146,144,json,0.49514978173662194,json,1,1.0,local,ROCM,AMD_Radeon_RX_7900_XT,True,1,0,0,0,0,1,0,0,0,0.021173,False,1mhz,21.173,1,short,30000,True,canonical,0.5,1.0,0.4444764558635999,0.4958591130213007,4,1666666666,47.22996268832947,21173,0.021173
NO_BERT,AMD_Radeon_RX_7900_XT,finnhub,0,1.0,0,0,0,high,merged_fields,high,154,154,schema,0.15612789456360376,schema,1,0.0,local,ROCM,AMD_Radeon_RX_7900_XT,False,0,0,0,0,0,0,0,0,0,0.021342,False,1mhz,21.342,1,short,30000,True,canonical,0.5,0.0,0.1937283291162965,0.19529800393590102,1,2000000000,46.8559647643145,21342,0.021342
NO_BERT,AMD_Radeon_RX_7900_XT,finnhub,0,1.0,0,0,0,high,type_mismatch,high,151,154,schema,0.3947683326875151,schema,1,1.0,local,ROCM,AMD_Radeon_RX_7900_XT,True,1,0,0,0,0,0,0,1,0,0.021499,False,1mhz,21.499,1,short,30000,True,canonical,0.5,1.0,0.4430438625052328,0.4947846411460998,2,2142857142,46.51379133913205,21499,0.021499
NO_BERT,AMD_Radeon_RX_7900_XT,finnhub,0,1.0,0,0,0,high,type_mismatch,high,148,154,schema,0.7931567329794422,schema,1,1.0,local,ROCM,AMD_Radeon_RX_7900_XT,True,1,0,0,0,0,0,0,1,0,0.021174,False,1mhz,21.174,1,short,30000,True,canonical,0.5,1.0,0.4444719939548503,0.49585576650609237,3,2142857142,47.227732124303394,21174,0.021174
NO_BERT,AMD_Radeon_RX_7900_XT,finnhub,0,1.0,0,0,0,high,extra_keys,high,181,154,schema,0.7955061229306132,schema,1,1.0,local,ROCM,AMD_Radeon_RX_7900_XT,True,1,1,0,0,0,0,0,0,0,0.021711,False,1mhz,21.711,1,short,30000,True,canonical,0.5,1.0,0.4421353231081019,0.4941032195661186,4,2142857142,46.059601123854264,21711,0.021711
NO_BERT,AMD_Radeon_RX_7900_XT,openmeteo,0,1.0,0,0,0,high,type_mismatch,high,68,155,schema,0.5476662901458711,schema,1,1.0,local,ROCM,AMD_Radeon_RX_7900_XT,True,1,0,0,0,1,0,0,0,0,0.023066,False,1mhz,23.066,1,short,30000,True,canonical,0.5,1.0,0.43672288216422445,0.49004378739269916,1,2142857142,43.353854157634615,23066,0.023066
NO_BERT,AMD_Radeon_RX_7900_XT,openmeteo,0,1.0,0,0,0,high,value_contradiction,high,169,155,schema,0.7604354497228117,schema,1,1.0,local,ROCM,AMD_Radeon_RX_7900_XT,True,1,0,0,0,0,0,0,0,1,0.022544,False,1mhz,22.544,1,short,30000,True,canonical,0.5,1.0,0.4387309261887864,0.4915498580553584,2,2142857142,44.357700496806245,22544,0.022544
NO_BERT,AMD_Radeon_RX_7900_XT,openmeteo,0,1.0,0,0,0,high,split_fields,high,155,155,schema,0.8543481846993455,schema,1,0.0,local,ROCM,AMD_Radeon_RX_7900_XT,False,0,0,0,0,0,0,0,0,0,0.020941,False,1mhz,20.941,1,short,30000,True,canonical,0.5,0.0,0.195523136430925,0.19664414306862138,3,1875000000,47.75321140346688,20941,0.020941
NO_BERT,AMD_Radeon_RX_7900_XT,openmeteo,0,1.0,0,0,0,high,merged_fields,high,155,155,schema,0.5463021855942187,schema,1,0.0,local,ROCM,AMD_Radeon_RX_7900_XT,False,0,0,0,0,0,0,0,0,0,0.021995,False,1mhz,21.995,1,short,30000,True,canonical,0.5,0.0,0.19094566947033417,0.1932109570356899,4,2307692307,45.464878381450326,21995,0.021995
NO_BERT,AMD_Radeon_RX_7900_XT,spacex,0,1.0,0,0,0,high,merged_fields,high,169,169,schema,0.5078276443645898,schema,1,0.0,local,ROCM,AMD_Radeon_RX_7900_XT,False,0,0,0,0,0,0,0,0,0,0.021836,False,1mhz,21.836,1,short,30000,True,canonical,0.5,0.0,0.19160789521890456,0.19370763876167796,1,2142857142,45.79593332112108,21836,0.021836
NO_BERT,AMD_Radeon_RX_7900_XT,spacex,0,1.0,0,0,0,high,merged_fields,high,169,169,schema,0.8388402047730042,schema,1,0.0,local,ROCM,AMD_Radeon_RX_7900_XT,False,0,0,0,0,0,0,0,0,0,0.021394,False,1mhz,21.394,1,short,30000,True,canonical,0.5,0.0,0.1935005141628494,0.1951271384500327,2,2142857142,46.742077217911564,21394,0.021394
NO_BERT,AMD_Radeon_RX_7900_XT,spacex,0,1.0,0,0,0,high,extra_keys,high,197,169,schema,0.44903005657987005,schema,1,1.0,local,ROCM,AMD_Radeon_RX_7900_XT,True,1,1,0,0,0,0,0,0,0,0.020707,False,1mhz,20.707,1,short,30000,True,canonical,0.5,1.0,0.4466025981552132,0.4974537595982035,3,2142857142,48.29284782923649,20707,0.020707
NO_BERT,AMD_Radeon_RX_7900_XT,spacex,0,1.0,0,0,0,high,extra_keys,high,193,169,schema,0.5608367941233005,schema,1,1.0,local,ROCM,AMD_Radeon_RX_7900_XT,True,1,1,0,0,0,0,0,0,0,0.021431,False,1mhz,21.431,1,short,30000,True,canonical,0.5,1.0,0.44333908823666646,0.495006065979189,4,2307692307,46.661378377117266,21431,0.021431
NO_BERT,AMD_Radeon_RX_7900_XT,openf1,0,1.0,0,0,0,high,nested_corruption,high,153,144,schema,0.49747758461355873,schema,1,1.0,local,ROCM,AMD_Radeon_RX_7900_XT,True,1,0,0,0,1,0,0,0,0,0.021616,False,1mhz,21.616,1,short,30000,True,canonical,0.5,1.0,0.4425402479644708,0.49440692079940785,1,1875000000,46.2620281273131,21616,0.021616
NO_BERT,AMD_Radeon_RX_7900_XT,openf1,0,1.0,0,0,0,high,value_contradiction,high,152,144,schema,0.6811876087551151,schema,1,1.0,local,ROCM,AMD_Radeon_RX_7900_XT,True,1,0,0,0,0,0,0,0,1,0.021169,False,1mhz,21.169,1,short,30000,True,canonical,0.5,1.0,0.44449430771411025,0.49587250224384716,2,1875000000,47.23888705182106,21169,0.021169
NO_BERT,AMD_Radeon_RX_7900_XT,openf1,0,1.0,0,0,0,high,missing_keys,high,55,144,schema,0.5969168815713165,schema,1,1.0,local,ROCM,AMD_Radeon_RX_7900_XT,True,1,0,0,1,0,0,0,0,0,0.022127,False,1mhz,22.127,1,short,30000,True,canonical,0.5,1.0,0.4404031274009129,0.4928040403127401,3,2142857142,45.19365481086455,22127,0.022127
NO_BERT,AMD_Radeon_RX_7900_XT,openf1,0,1.0,0,0,0,high,type_mismatch,high,129,144,schema,0.46313648503499016,schema,1,1.0,local,ROCM,AMD_Radeon_RX_7900_XT,True,1,0,0,0,0,0,0,1,0,0.020807,False,1mhz,20.807,1,short,30000,True,canonical,0.5,1.0,0.44613831883500743,0.49710554140433505,4,2142857142,48.06074878646609,20807,0.020807
NO_BERT,AMD_Radeon_RX_7900_XT,finnhub,0,1.0,0,0,0,medium,nested_corruption,medium,163,154,schema,0.10083981555267477,schema,1,1.0,local,ROCM,AMD_Radeon_RX_7900_XT,True,1,0,0,0,1,0,0,0,0,0.02207,False,1mhz,22.07,1,short,30000,True,canonical,0.5,1.0,0.4406366107838695,0.49297915722700497,1,1764705882,45.310376076121436,22070,0.02207
NO_BERT,AMD_Radeon_RX_7900_XT,finnhub,0,1.0,0,0,0,medium,merged_fields,medium,154,154,schema,0.7953328106923127,schema,1,0.0,local,ROCM,AMD_Radeon_RX_7900_XT,False,0,0,0,0,0,0,0,0,0,0.021149,False,1mhz,21.149,1,short,30000,True,canonical,0.5,0.0,0.1945836682585465,0.19593952432739137,2,2307692307,47.28355950635964,21149,0.021149
NO_BERT,AMD_Radeon_RX_7900_XT,finnhub,0,1.0,0,0,0,medium,nested_corruption,medium,194,154,schema,0.7421660855611232,schema,1,1.0,local,ROCM,AMD_Radeon_RX_7900_XT,True,2,0,0,1,0,0,1,0,0,0.021263,False,1mhz,21.263,1,short,30000,True,canonical,0.5,1.0,0.44407656492498704,0.4955591873206979,3,1666666666,47.03005220335795,21263,0.021263
NO_BERT,AMD_Radeon_RX_7900_XT,finnhub,0,1.0,0,0,0,medium,extra_keys,medium,181,154,schema,0.6530960927257583,schema,1,1.0,local,ROCM,AMD_Radeon_RX_7900_XT,True,1,1,0,0,0,0,0,0,0,0.021092,False,1mhz,21.092,1,short,30000,True,canonical,0.5,1.0,0.4448392755547127,0.49613123459131425,4,2142857142,47.41134079271762,21092,0.021092
NO_BERT,AMD_Radeon_RX_7900_XT,openmeteo,0,1.0,0,0,0,medium,type_mismatch,medium,68,155,schema,0.3362105588381118,schema,1,1.0,local,ROCM,AMD_Radeon_RX_7900_XT,True,1,0,0,0,1,0,0,0,0,0.021904,False,1mhz,21.904,1,short,30000,True,canonical,0.5,1.0,0.4413235025566107,0.4934943389335281,1,2142857142,45.653761869978084,21904,0.021904
NO_BERT,AMD_Radeon_RX_7900_XT,openmeteo,0,1.0,0,0,0,medium,merged_fields,medium,155,155,schema,0.2934001139331229,schema,1,0.0,local,ROCM,AMD_Radeon_RX_7900_XT,False,0,0,0,0,0,0,0,0,0,0.021554,False,1mhz,21.554,1,short,30000,True,canonical,0.5,0.0,0.19280643963997404,0.19460656954625594,2,2142857142,46.39510067736847,21554,0.021554
NO_BERT,AMD_Radeon_RX_7900_XT,openmeteo,0,1.0,0,0,0,medium,type_mismatch,medium,143,155,schema,0.42681179960643256,schema,1,1.0,local,ROCM,AMD_Radeon_RX_7900_XT,True,1,0,0,0,0,0,0,1,0,0.022194,False,1mhz,22.194,1,short,30000,True,canonical,0.5,1.0,0.44013021537352437,0.49259935117599346,3,2307692307,45.05722267279445,22194,0.022194
NO_BERT,AMD_Radeon_RX_7900_XT,openmeteo,0,1.0,0,0,0,medium,merged_fields,medium,155,155,schema,0.5963537109273215,schema,1,0.0,local,ROCM,AMD_Radeon_RX_7900_XT,False,0,0,0,0,0,0,0,0,0,0.021571,False,1mhz,21.571,1,short,30000,True,canonical,0.5,0.0,0.19273329933707292,0.19455171294793933,4,2307692307,46.35853692457466,21571,0.021571
NO_BERT,AMD_Radeon_RX_7900_XT,spacex,0,1.0,0,0,0,medium,merged_fields,medium,169,169,schema,0.8556115493041893,schema,1,0.0,local,ROCM,AMD_Radeon_RX_7900_XT,False,0,0,0,0,0,0,0,0,0,0.021801,False,1mhz,21.801,1,short,30000,True,canonical,0.5,0.0,0.1917549653685611,0.19381794413100317,1,2142857142,45.86945552956286,21801,0.021801
NO_BERT,AMD_Radeon_RX_7900_XT,spacex,0,1.0,0,0,0,medium,split_fields,medium,169,169,schema,0.22664729593928082,schema,1,0.0,local,ROCM,AMD_Radeon_RX_7900_XT,False,0,0,0,0,0,0,0,0,0,0.021309,False,1mhz,21.309,1,short,30000,True,canonical,0.5,0.0,0.1938734806889108,0.19540687033647752,2,1428571428,46.928527852081274,21309,0.021309
NO_BERT,AMD_Radeon_RX_7900_XT,spacex,0,1.0,0,0,0,medium,merged_fields,medium,169,169,schema,0.73412445179959,schema,1,0.0,local,ROCM,AMD_Radeon_RX_7900_XT,False,0,0,0,0,0,0,0,0,0,0.020666,False,1mhz,20.666,1,short,30000,True,canonical,0.5,0.0,0.19679425142746543,0.19759750314526275,3,2142857142,48.38865769863544,20666,0.020666
NO_BERT,AMD_Radeon_RX_7900_XT,spacex,0,1.0,0,0,0,medium,merged_fields,medium,169,169,schema,0.3605578045463501,schema,1,0.0,local,ROCM,AMD_Radeon_RX_7900_XT,False,0,0,0,0,0,0,0,0,0,0.021567,False,1mhz,21.567,1,short,30000,True,canonical,0.5,0.0,0.192750498446701,0.19456461260258728,4,1363636363,46.367134974729915,21567,0.021567
NO_BERT,AMD_Radeon_RX_7900_XT,openf1,0,1.0,0,0,0,medium,nested_corruption,medium,153,144,schema,0.7058569528821885,schema,1,1.0,local,ROCM,AMD_Radeon_RX_7900_XT,True,1,0,0,0,1,0,0,0,0,0.020836,False,1mhz,20.836,1,short,30000,True,canonical,0.5,1.0,0.446004511422538,0.49700518333653293,1,1875000000,47.99385678633135,20836,0.020836
NO_BERT,AMD_Radeon_RX_7900_XT,openf1,0,1.0,0,0,0,medium,merged_fields,medium,144,144,schema,0.7439637298023032,schema,1,0.0,local,ROCM,AMD_Radeon_RX_7900_XT,False,0,0,0,0,0,0,0,0,0,0.022149,False,1mhz,22.149,1,short,30000,True,canonical,0.5,0.0,0.19031333243035803,0.1927366924014628,2,2000000000,45.148765181272296,22149,0.022149
NO_BERT,AMD_Radeon_RX_7900_XT,openf1,0,1.0,0,0,0,medium,value_contradiction,medium,144,144,schema,0.5476999818682494,schema,1,0.0,local,ROCM,AMD_Radeon_RX_7900_XT,False,0,0,0,0,0,0,0,0,0,0.021465,False,1mhz,21.465,1,short,30000,True,canonical,0.5,0.0,0.19319124155602144,0.19489517819706498,3,2000000000,46.587467971115764,21465,0.021465
NO_BERT,AMD_Radeon_RX_7900_XT,openf1,0,1.0,0,0,0,medium,value_contradiction,medium,144,144,schema,0.6693195213236656,schema,1,0.0,local,ROCM,AMD_Radeon_RX_7900_XT,False,0,0,0,0,0,0,0,0,0,0.022123,False,1mhz,22.123,1,short,30000,True,canonical,0.5,0.0,0.19041947294670705,0.19281629977851103,4,2142857142,45.201826153776615,22123,0.022123
NO_BERT,AMD_Radeon_RX_7900_XT,finnhub,0,1.0,0,0,0,low,split_fields,low,154,154,schema,0.5836002673019524,schema,1,0.0,local,ROCM,AMD_Radeon_RX_7900_XT,False,0,0,0,0,0,0,0,0,0,0.021905,False,1mhz,21.905,1,short,30000,True,canonical,0.5,0.0,0.19131933348550562,0.1934912120520429,1,1875000000,45.65167769915544,21905,0.021905
NO_BERT,AMD_Radeon_RX_7900_XT,finnhub,0,1.0,0,0,0,low,extra_keys,low,181,154,schema,0.7281950055370692,schema,1,1.0,local,ROCM,AMD_Radeon_RX_7900_XT,True,1,1,0,0,0,0,0,0,0,0.021704,False,1mhz,21.704,1,short,30000,True,canonical,0.5,1.0,0.44216503870254337,0.49412550681901957,2,2307692307,46.074456321415404,21704,0.021704
NO_BERT,AMD_Radeon_RX_7900_XT,finnhub,0,1.0,0,0,0,low,renamed_keys,low,156,154,schema,0.5298102814315719,schema,1,1.0,local,ROCM,AMD_Radeon_RX_7900_XT,True,1,0,0,0,0,1,0,0,0,0.022349,False,1mhz,22.349,1,short,30000,True,canonical,0.5,1.0,0.4395051232717348,0.49213052038122507,3,2000000000,44.74473130788849,22349,0.022349
NO_BERT,AMD_Radeon_RX_7900_XT,finnhub,0,1.0,0,0,0,low,value_contradiction,low,166,154,schema,0.11002219667792597,schema,1,1.0,local,ROCM,AMD_Radeon_RX_7900_XT,True,1,0,0,0,0,0,0,0,1,0.021364,False,1mhz,21.364,1,short,30000,True,canonical,0.5,1.0,0.44363181052237405,0.49522561318105224,4,2000000000,46.80771391125257,21364,0.021364
NO_BERT,AMD_Radeon_RX_7900_XT,openmeteo,0,1.0,0,0,0,low,merged_fields,low,155,155,schema,0.7240293375896466,schema,1,0.0,local,ROCM,AMD_Radeon_RX_7900_XT,False,0,0,0,0,0,0,0,0,0,0.022696,False,1mhz,22.696,1,short,30000,True,canonical,0.5,0.0,0.18813667606626716,0.19110415932322874,1,2142857142,44.06062742333451,22696,0.022696
NO_BERT,AMD_Radeon_RX_7900_XT,openmeteo,0,1.0,0,0,0,low,value_contradiction,low,163,155,schema,0.6131772307428718,schema,1,1.0,local,ROCM,AMD_Radeon_RX_7900_XT,True,1,0,0,0,0,0,0,0,1,0.03466,False,1mhz,34.66,1,short,30000,True,canonical,0.5,1.0,0.4077135025966532,0.4682862088863243,2,157894736,28.851702250432773,34660,0.03466
NO_BERT,AMD_Radeon_RX_7900_XT,openmeteo,0,1.0,0,0,0,low,value_contradiction,low,155,155,schema,0.1491987486264459,schema,1,0.0,local,ROCM,AMD_Radeon_RX_7900_XT,False,0,0,0,0,0,0,0,0,0,0.021615,False,1mhz,21.615,1,short,30000,True,canonical,0.5,0.0,0.19254452926208654,0.19441013185287992,3,2142857142,46.26416840157298,21615,0.021615
NO_BERT,AMD_Radeon_RX_7900_XT,openmeteo,0,1.0,0,0,0,low,missing_keys,low,43,155,schema,0.19570779184216072,schema,1,1.0,local,ROCM,AMD_Radeon_RX_7900_XT,True,1,0,0,1,0,0,0,0,0,0.022147,False,1mhz,22.147,1,short,30000,True,canonical,0.5,1.0,0.4403214882376845,0.4927428094098523,4,2142857142,45.15284237142728,22147,0.022147
NO_BERT,AMD_Radeon_RX_7900_XT,spacex,0,1.0,0,0,0,low,renamed_keys,low,171,169,schema,0.1317306717302775,schema,1,1.0,local,ROCM,AMD_Radeon_RX_7900_XT,True,1,0,0,0,0,1,0,0,0,0.021965,False,1mhz,21.965,1,short,30000,True,canonical,0.5,1.0,0.4410698839062145,0.4933041201912133,1,2000000000,45.52697473252903,21965,0.021965
NO_BERT,AMD_Radeon_RX_7900_XT,spacex,0,1.0,0,0,0,low,nested_corruption,low,178,169,schema,0.8328586143520645,schema,1,1.0,local,ROCM,AMD_Radeon_RX_7900_XT,True,1,0,0,0,1,0,0,0,0,0.022145,False,1mhz,22.145,1,short,30000,True,canonical,0.5,1.0,0.4403296455181756,0.4927489275231429,2,1304347826,45.15692029803567,22145,0.022145
NO_BERT,AMD_Radeon_RX_7900_XT,spacex,0,1.0,0,0,0,low,nested_corruption,low,178,169,schema,0.7879242788525377,schema,1,1.0,local,ROCM,AMD_Radeon_RX_7900_XT,True,1,0,0,0,1,0,0,0,0,0.021517,False,1mhz,21.517,1,short,30000,True,canonical,0.5,1.0,0.4429660268624809,0.4947262629548729,3,2000000000,46.47488032718316,21517,0.021517
NO_BERT,AMD_Radeon_RX_7900_XT,spacex,0,1.0,0,0,0,low,type_mismatch,low,93,169,schema,0.2637770748618704,schema,1,1.0,local,ROCM,AMD_Radeon_RX_7900_XT,True,1,0,0,0,1,0,0,0,0,0.021132,False,1mhz,21.132,1,short,30000,True,canonical,0.5,1.0,0.4446597577134204,0.49599659284497444,4,2142857142,47.3215975771342,21132,0.021132
NO_BERT,AMD_Radeon_RX_7900_XT,openf1,0,1.0,0,0,0,low,type_mismatch,low,80,144,schema,0.5515231542830694,schema,1,1.0,local,ROCM,AMD_Radeon_RX_7900_XT,True,1,0,0,0,1,0,0,0,0,0.022141,False,1mhz,22.141,1,short,30000,True,canonical,0.5,1.0,0.4403459645002484,0.49276116706562484,1,2000000000,45.165078361410956,22141,0.022141
NO_BERT,AMD_Radeon_RX_7900_XT,openf1,0,1.0,0,0,0,low,type_mismatch,low,129,144,schema,0.884859608899263,schema,1,1.0,local,ROCM,AMD_Radeon_RX_7900_XT,True,1,0,0,0,0,0,0,1,0,0.02235,False,1mhz,22.35,1,short,30000,True,canonical,0.5,1.0,0.4395011185682327,0.4921275167785235,2,2000000000,44.742729306487696,22350,0.02235
NO_BERT,AMD_Radeon_RX_7900_XT,openf1,0,1.0,0,0,0,low,extra_keys,low,172,144,schema,0.4021402778441482,schema,1,1.0,local,ROCM,AMD_Radeon_RX_7900_XT,True,1,1,0,0,0,0,0,0,0,0.02295,False,1mhz,22.95,1,short,30000,True,canonical,0.5,1.0,0.437161220043573,0.4903725490196078,3,2142857142,43.57298474945534,22950,0.02295
NO_BERT,AMD_Radeon_RX_7900_XT,openf1,0,1.0,0,0,0,low,value_contradiction,low,144,144,schema,0.8303729088593371,schema,1,0.0,local,ROCM,AMD_Radeon_RX_7900_XT,False,0,0,0,0,0,0,0,0,0,0.021837,False,1mhz,21.837,1,short,30000,True,canonical,0.5,0.0,0.1916037001419609,0.19370449237532628,4,1875000000,45.79383614965426,21837,0.021837
NO_BERT,AMD_Radeon_RX_7900_XT,finnhub,0,1.0,0,0,0,high,extra_keys,high,178,154,gemma,0.150586312258704,gemma,1,1.0,local,ROCM,AMD_Radeon_RX_7900_XT,True,1,1,0,0,0,0,0,0,0,16.272654,False,1mhz,16272.654,1,short,30000,True,canonical,0.5,1.0,0.3501229270898281,0.42509219762185074,1,1849,0.06145279067569433,16272654,16.272654
NO_BERT,AMD_Radeon_RX_7900_XT,openmeteo,0,1.0,0,0,0,high,missing_keys,high,127,155,gemma,0.2267379899258044,gemma,1,1.0,local,ROCM,AMD_Radeon_RX_7900_XT,True,1,0,0,1,0,0,0,0,0,15.522969,False,1mhz,15522.969,1,short,30000,True,canonical,0.5,1.0,0.3501288638790685,0.4250966503250763,1,1943,0.064420665917712,15522969,15.522969
NO_BERT,AMD_Radeon_RX_7900_XT,openmeteo,0,1.0,0,0,0,high,extra_keys,high,184,156,gemma,0.68332566894447,gemma,1,1.0,local,ROCM,AMD_Radeon_RX_7900_XT,True,1,1,0,0,0,0,0,0,0,15.294314,False,1mhz,15294.314,1,short,30000,True,canonical,0.5,1.0,0.3501307904362367,0.42509809527906905,2,1964,0.06538377595752251,15294314,15.294314
NO_BERT,AMD_Radeon_RX_7900_XT,openmeteo,0,1.0,0,0,0,high,missing_keys,high,141,156,gemma,0.22725259767918599,gemma,1,1.0,local,ROCM,AMD_Radeon_RX_7900_XT,True,1,0,0,1,0,0,0,0,0,15.531363,False,1mhz,15531.363,1,short,30000,True,canonical,0.5,1.0,0.3501287942339639,0.42509659808994227,3,1934,0.06438584945828643,15531363,15.531363
NO_BERT,AMD_Radeon_RX_7900_XT,openmeteo,0,1.0,0,0,0,high,merged_fields,high,152,156,gemma,0.3049351686908073,gemma,1,1.0,local,ROCM,AMD_Radeon_RX_7900_XT,True,1,0,1,0,0,0,0,0,0,15.042004,False,1mhz,15042.004,1,short,30000,True,canonical,0.5,1.0,0.35013298427523354,0.425099740699444,4,1997,0.06648050352865216,15042004,15.042004
NO_BERT,AMD_Radeon_RX_7900_XT,spacex,0,1.0,0,0,0,high,type_mismatch,high,154,169,gemma,0.31480338387007734,gemma,1,1.0,local,ROCM,AMD_Radeon_RX_7900_XT,True,1,0,0,0,0,0,0,1,0,15.714791,False,1mhz,15714.791,1,short,30000,True,canonical,0.5,1.0,0.3501272909070187,0.42509547056655095,1,1912,0.06363431750380899,15714791,15.714791
NO_BERT,AMD_Radeon_RX_7900_XT,spacex,0,1.0,0,0,0,high,missing_keys,high,138,169,gemma,0.7870770334371774,gemma,1,1.0,local,ROCM,AMD_Radeon_RX_7900_XT,True,1,0,0,1,0,0,0,0,0,13.892156,False,1mhz,13892.156,1,short,30000,True,canonical,0.5,1.0,0.35014399132863183,0.42510799619583883,2,2163,0.0719830672791178,13892156,13.892156
NO_BERT,AMD_Radeon_RX_7900_XT,spacex,0,1.0,0,0,0,high,merged_fields,high,165,169,gemma,0.7768381430116774,gemma,1,1.0,local,ROCM,AMD_Radeon_RX_7900_XT,True,1,0,1,0,0,0,0,0,0,14.086014,False,1mhz,14086.014,1,short,30000,True,canonical,0.5,1.0,0.3501420096558189,0.4251065099040793,3,2133,0.07099240423870089,14086014,14.086014
NO_BERT,AMD_Radeon_RX_7900_XT,spacex,0,1.0,0,0,0,high,type_mismatch,high,144,169,gemma,0.37011735569828363,gemma,1,1.0,local,ROCM,AMD_Radeon_RX_7900_XT,True,1,0,0,0,0,0,0,1,0,14.192262,False,1mhz,14192.262,1,short,30000,True,canonical,0.5,1.0,0.3501409465242398,0.42510571253546475,4,2117,0.07046093145687418,14192262,14.192262
NO_BERT,AMD_Radeon_RX_7900_XT,openf1,0,1.0,0,0,0,high,split_fields,high,177,144,gemma,0.18769346789426244,gemma,1,1.0,local,ROCM,AMD_Radeon_RX_7900_XT,True,1,1,0,0,0,0,0,0,0,14.22374,False,1mhz,14223.74,1,short,30000,True,canonical,0.5,1.0,0.3501406346010261,0.42510547858720704,2,2119,0.07030499713858662,14223740,14.22374
NO_BERT,AMD_Radeon_RX_7900_XT,openf1,0,1.0,0,0,0,high,missing_keys,high,55,144,gemma,0.22941913677581127,gemma,1,1.0,local,ROCM,AMD_Radeon_RX_7900_XT,True,1,0,0,1,0,0,0,0,0,14.119611,False,1mhz,14119.611,1,short,30000,True,canonical,0.5,1.0,0.35014167175002203,0.42510625646839706,3,2128,0.07082348090184637,14119611,14.119611
NO_BERT,AMD_Radeon_RX_7900_XT,finnhub,0,1.0,0,0,0,medium,merged_fields,medium,152,154,gemma,0.18917587972141883,gemma,1,1.0,local,ROCM,AMD_Radeon_RX_7900_XT,True,1,0,1,0,0,0,0,0,0,14.067511,False,1mhz,14067.511,1,short,30000,True,canonical,0.5,1.0,0.3501421964411473,0.4251066499965772,1,2148,0.07108578056203405,14067511,14.067511
NO_BERT,AMD_Radeon_RX_7900_XT,finnhub,0,1.0,0,0,0,medium,extra_keys,medium,178,154,gemma,0.8655751718345286,gemma,1,1.0,local,ROCM,AMD_Radeon_RX_7900_XT,True,1,1,0,0,0,0,0,0,0,14.15291,False,1mhz,14152.91,1,short,30000,True,canonical,0.5,1.0,0.3501413384243947,0.4251060064679278,2,2123,0.07065684724908164,14152910,14.15291
NO_BERT,AMD_Radeon_RX_7900_XT,finnhub,0,1.0,0,0,0,medium,merged_fields,medium,150,154,gemma,0.5198175526587682,gemma,1,1.0,local,ROCM,AMD_Radeon_RX_7900_XT,True,1,0,1,0,0,0,0,0,0,14.177433,False,1mhz,14177.433,1,short,30000,True,canonical,0.5,1.0,0.3501410939483897,0.4251058231063409,4,2131,0.07053463063447381,14177433,14.177433
NO_BERT,AMD_Radeon_RX_7900_XT,openmeteo,0,1.0,0,0,0,medium,type_mismatch,medium,68,156,gemma,0.2017254019818494,gemma,1,1.0,local,ROCM,AMD_Radeon_RX_7900_XT,True,1,0,0,0,1,0,0,0,0,14.08556,False,1mhz,14085.56,1,short,30000,True,canonical,0.5,1.0,0.350142014233016,0.4251065133370629,1,2134,0.07099469243679343,14085560,14.08556
NO_BERT,AMD_Radeon_RX_7900_XT,openmeteo,0,1.0,0,0,0,medium,extra_keys,medium,183,156,gemma,0.4902328104374617,gemma,1,1.0,local,ROCM,AMD_Radeon_RX_7900_XT,True,1,1,0,0,0,0,0,0,0,14.070146,False,1mhz,14070.146,1,short,30000,True,canonical,0.5,1.0,0.35014216981117324,0.4251066300235975,2,2135,0.07107246790473959,14070146,14.070146
NO_BERT,AMD_Radeon_RX_7900_XT,openmeteo,0,1.0,0,0,0,medium,split_fields,medium,274,156,gemma,0.6220512505276575,gemma,1,1.0,local,ROCM,AMD_Radeon_RX_7900_XT,True,1,1,0,0,0,0,0,0,0,14.143247,False,1mhz,14143.247,1,short,30000,True,canonical,0.5,1.0,0.35014143499014055,0.42510607889404745,3,2125,0.07070512167396921,14143247,14.143247
NO_BERT,AMD_Radeon_RX_7900_XT,openmeteo,0,1.0,0,0,0,medium,extra_keys,medium,184,156,gemma,0.3264236761826992,gemma,1,1.0,local,ROCM,AMD_Radeon_RX_7900_XT,True,1,1,0,0,0,0,0,0,0,14.184137,False,1mhz,14184.137,1,short,30000,True,canonical,0.5,1.0,0.35014102726165147,0.4251057730900371,4,2118,0.07050129309946739,14184137,14.184137
NO_BERT,AMD_Radeon_RX_7900_XT,spacex,0,1.0,0,0,0,medium,nested_corruption,medium,182,169,gemma,0.44731043881564536,gemma,1,1.0,local,ROCM,AMD_Radeon_RX_7900_XT,True,2,0,0,1,0,0,1,0,0,14.356117,False,1mhz,14356.117,1,short,30000,True,canonical,0.5,1.0,0.35013933781676476,0.42510450597470056,1,2093,0.06965671845666903,14356117,14.356117
NO_BERT,AMD_Radeon_RX_7900_XT,spacex,0,1.0,0,0,0,medium,value_contradiction,medium,177,169,gemma,0.8300957055230633,gemma,1,1.0,local,ROCM,AMD_Radeon_RX_7900_XT,True,1,0,0,0,0,0,0,0,1,14.093942,False,1mhz,14093.942,1,short,30000,True,canonical,0.5,1.0,0.35014192977379927,0.42510644999106706,2,2132,0.07095247021734587,14093942,14.093942
NO_BERT,AMD_Radeon_RX_7900_XT,spacex,0,1.0,0,0,0,medium,extra_keys,medium,193,169,gemma,0.7799622456403503,gemma,1,1.0,local,ROCM,AMD_Radeon_RX_7900_XT,True,1,1,0,0,0,0,0,0,0,14.330817,False,1mhz,14330.817,1,short,30000,True,canonical,0.5,1.0,0.35013958380739907,0.42510469047228777,3,2097,0.06977969225341445,14330817,14.330817
NO_BERT,AMD_Radeon_RX_7900_XT,spacex,0,1.0,0,0,0,medium,nested_corruption,medium,178,169,gemma,0.4895862343543421,gemma,1,1.0,local,ROCM,AMD_Radeon_RX_7900_XT,True,1,0,0,0,1,0,0,0,0,14.178197,False,1mhz,14178.197,1,short,30000,True,canonical,0.5,1.0,0.35014108634546415,0.4251058174040042,4,2119,0.07053082983682622,14178197,14.178197
NO_BERT,AMD_Radeon_RX_7900_XT,openf1,0,1.0,0,0,0,medium,nested_corruption,medium,157,144,gemma,0.2379991407941324,gemma,1,1.0,local,ROCM,AMD_Radeon_RX_7900_XT,True,2,0,0,1,0,0,1,0,0,14.293084,False,1mhz,14293.084,1,short,30000,True,canonical,0.5,1.0,0.35013995230140676,0.42510496684970156,1,2103,0.0699639070196467,14293084,14.293084
NO_BERT,AMD_Radeon_RX_7900_XT,openf1,0,1.0,0,0,0,medium,merged_fields,medium,140,144,gemma,0.2866614381441598,gemma,1,1.0,local,ROCM,AMD_Radeon_RX_7900_XT,True,1,0,1,0,0,0,0,0,0,14.767788,False,1mhz,14767.788,1,short,30000,True,canonical,0.5,1.0,0.35013545359670656,0.4251015927368405,2,2035,0.06771494823733927,14767788,14.767788
NO_BERT,AMD_Radeon_RX_7900_XT,openf1,0,1.0,0,0,0,medium,split_fields,medium,169,144,gemma,0.16852252762029069,gemma,1,1.0,local,ROCM,AMD_Radeon_RX_7900_XT,True,2,0,0,1,0,0,1,0,0,14.713712,False,1mhz,14713.712,1,short,30000,True,canonical,0.5,1.0,0.35013595141729026,0.4251019661116107,4,2052,0.06796381497748495,14713712,14.713712
NO_BERT,AMD_Radeon_RX_7900_XT,finnhub,0,1.0,0,0,0,low,split_fields,low,186,154,gemma,0.718464673787767,gemma,1,1.0,local,ROCM,AMD_Radeon_RX_7900_XT,True,2,0,0,1,0,0,1,0,0,14.192711,False,1mhz,14192.711,1,short,30000,True,canonical,0.5,1.0,0.35014094206526153,0.4251057091911475,1,2117,0.07045870235785116,14192711,14.192711
NO_BERT,AMD_Radeon_RX_7900_XT,finnhub,0,1.0,0,0,0,low,type_mismatch,low,63,154,gemma,0.4752842487403094,gemma,1,1.0,local,ROCM,AMD_Radeon_RX_7900_XT,True,1,0,0,0,1,0,0,0,0,14.065149,False,1mhz,14065.149,1,short,30000,True,canonical,0.5,1.0,0.3501422203205952,0.4251066679066109,2,2136,0.07109771819694195,14065149,14.065149
NO_BERT,AMD_Radeon_RX_7900_XT,finnhub,0,1.0,0,0,0,low,merged_fields,low,152,154,gemma,0.28813640500198395,gemma,1,1.0,local,ROCM,AMD_Radeon_RX_7900_XT,True,1,0,1,0,0,0,0,0,0,14.45071,False,1mhz,14450.71,1,short,30000,True,canonical,0.5,1.0,0.3501384257244108,0.4251038218883363,3,2080,0.06920075207377353,14450710,14.45071
NO_BERT,AMD_Radeon_RX_7900_XT,finnhub,0,1.0,0,0,0,low,merged_fields,low,150,154,gemma,0.5754375299165851,gemma,1,1.0,local,ROCM,AMD_Radeon_RX_7900_XT,True,1,0,1,0,0,0,0,0,0,15.679758,False,1mhz,15679.758,1,short,30000,True,canonical,0.5,1.0,0.3501275753107924,0.42509568387471286,4,1916,0.06377649450967292,15679758,15.679758
NO_BERT,AMD_Radeon_RX_7900_XT,openmeteo,0,1.0,0,0,0,low,missing_keys,low,43,156,gemma,0.13705121610714183,gemma,1,1.0,local,ROCM,AMD_Radeon_RX_7900_XT,True,1,0,0,1,0,0,0,0,0,14.768033,False,1mhz,14768.033,1,short,30000,True,canonical,0.5,1.0,0.3501354513495467,0.4251015910514285,1,2035,0.06771382485399376,14768033,14.768033
NO_BERT,AMD_Radeon_RX_7900_XT,openmeteo,0,1.0,0,0,0,low,nested_corruption,low,165,156,gemma,0.3713321626323396,gemma,1,1.0,local,ROCM,AMD_Radeon_RX_7900_XT,True,1,0,0,0,1,0,0,0,0,13.983879,False,1mhz,13983.879,1,short,30000,True,canonical,0.5,1.0,0.3501430468613179,0.42510728782764784,2,2149,0.07151091624863173,13983879,13.983879
NO_BERT,AMD_Radeon_RX_7900_XT,spacex,0,1.0,0,0,0,low,extra_keys,low,193,169,gemma,0.17615397295141735,gemma,1,1.0,local,ROCM,AMD_Radeon_RX_7900_XT,True,1,1,0,0,0,0,0,0,0,14.648216,False,1mhz,14648.216,1,short,30000,True,canonical,0.5,1.0,0.3501365592915889,0.4251024220287303,1,2114,0.06826769894709363,14648216,14.648216
NO_BERT,AMD_Radeon_RX_7900_XT,spacex,0,1.0,0,0,0,low,missing_keys,low,132,169,gemma,0.299201131014155,gemma,1,1.0,local,ROCM,AMD_Radeon_RX_7900_XT,True,1,0,0,1,0,0,0,0,0,14.248871,False,1mhz,14248.871,1,short,30000,True,canonical,0.5,1.0,0.35014038656115287,0.42510529255265206,2,2109,0.0701809989015972,14248871,14.248871
NO_BERT,AMD_Radeon_RX_7900_XT,spacex,0,1.0,0,0,0,low,merged_fields,low,163,169,gemma,0.7204865263798298,gemma,1,1.0,local,ROCM,AMD_Radeon_RX_7900_XT,True,1,0,1,0,0,0,0,0,0,14.122458,False,1mhz,14122.458,1,short,30000,True,canonical,0.5,1.0,0.3501416431898753,0.4251062350477516,3,2128,0.07080920332706955,14122458,14.122458
NO_BERT,AMD_Radeon_RX_7900_XT,spacex,0,1.0,0,0,0,low,extra_keys,low,196,169,gemma,0.7491070864065542,gemma,1,1.0,local,ROCM,AMD_Radeon_RX_7900_XT,True,1,1,0,0,0,0,0,0,0,14.373062,False,1mhz,14373.062,1,short,30000,True,canonical,0.5,1.0,0.350139173545623,0.4251043827682647,4,2091,0.0695745972570076,14373062,14.373062
NO_BERT,AMD_Radeon_RX_7900_XT,openf1,0,1.0,0,0,0,low,type_mismatch,low,129,144,gemma,0.721791537678837,gemma,1,1.0,local,ROCM,AMD_Radeon_RX_7900_XT,True,1,0,0,0,0,0,0,1,0,14.339764,False,1mhz,14339.764,1,short,30000,True,canonical,0.5,1.0,0.35013949671696126,0.42510462515282676,1,2095,0.06973615465359123,14339764,14.339764
NO_BERT,AMD_Radeon_RX_7900_XT,openf1,0,1.0,0,0,0,low,nested_corruption,low,157,144,gemma,0.36150873387651083,gemma,1,1.0,local,ROCM,AMD_Radeon_RX_7900_XT,True,2,0,0,1,0,0,1,0,0,14.713365,False,1mhz,14713.365,1,short,30000,True,canonical,0.5,1.0,0.3501359546235685,0.4251019685163795,2,2042,0.06796541783609664,14713365,14.713365
NO_BERT,AMD_Radeon_RX_7900_XT,openf1,0,1.0,0,0,0,low,value_contradiction,low,152,144,gemma,0.2748628091845219,gemma,1,1.0,local,ROCM,AMD_Radeon_RX_7900_XT,True,1,0,0,0,0,0,0,0,1,13.717696,False,1mhz,13717.696,1,short,30000,True,canonical,0.5,1.0,0.3501458225929485,0.4251093696784066,3,2190,0.07289853922991149,13717696,13.717696
NO_BERT,AMD_Radeon_RX_7900_XT,openf1,0,1.0,0,0,0,low,split_fields,low,238,144,gemma,0.846884560875311,gemma,1,1.0,local,ROCM,AMD_Radeon_RX_7900_XT,True,1,1,0,0,0,0,0,0,0,13.956197,False,1mhz,13956.197,1,short,30000,True,canonical,0.5,1.0,0.3501433305935708,0.42510750063215647,4,2153,0.07165275755279178,13956197,13.956197
NO_GEMMA,AMD_Radeon_RX_7900_XT,finnhub,0,1.0,0,0,0,high,nested_corruption,high,163,154,json,0.664961470438157,json,1,1.0,local,ROCM,AMD_Radeon_RX_7900_XT,True,1,0,0,0,1,0,0,0,0,3.701659,False,100hz,3701.659,1,short,30000,True,canonical,0.9946279118426278,1.0,0.45041140264532575,0.5498726490962207,1,100000000,0.2701491412364024,3701659,3.701659
NO_GEMMA,AMD_Radeon_RX_7900_XT,finnhub,0,1.0,0,0,0,high,merged_fields,high,150,154,json,0.4903490508283981,json,1,1.0,local,ROCM,AMD_Radeon_RX_7900_XT,True,1,0,1,0,0,0,0,0,0,0.050745,False,100hz,50.745,1,short,30000,True,canonical,0.9946279118426278,1.0,0.5573106449362663,0.637335665516081,2,100000000,19.706375012316485,50745,0.050745
NO_GEMMA,AMD_Radeon_RX_7900_XT,finnhub,0,1.0,0,0,0,high,type_mismatch,high,63,154,json,0.48591790569782645,json,1,1.0,local,ROCM,AMD_Radeon_RX_7900_XT,True,1,0,0,0,1,0,0,0,0,0.054613,False,100hz,54.613,1,short,30000,True,canonical,0.9946279118426278,1.0,0.5496342048576764,0.6310549418154168,3,100000000,18.31065863439108,54613,0.054613
NO_GEMMA,AMD_Radeon_RX_7900_XT,finnhub,0,1.0,0,0,0,high,extra_keys,high,181,154,json,0.807502112321209,json,1,1.0,local,ROCM,AMD_Radeon_RX_7900_XT,True,1,1,0,0,0,0,0,0,0,0.049978,False,100hz,49.978,1,short,30000,True,canonical,0.9946279118426278,1.0,0.5589740036738998,0.6386965953923269,4,100000000,20.00880387370443,49978,0.049978
NO_GEMMA,AMD_Radeon_RX_7900_XT,openmeteo,0,1.0,0,0,0,high,nested_corruption,high,165,156,json,0.7701338119827246,json,1,1.0,local,ROCM,AMD_Radeon_RX_7900_XT,True,1,0,0,0,1,0,0,0,0,0.052575,False,100hz,52.575,1,short,30000,True,canonical,0.9946279118426278,1.0,0.5535380407612978,0.6342489893729252,1,100000000,19.020446980504044,52575,0.052575
NO_GEMMA,AMD_Radeon_RX_7900_XT,openmeteo,0,1.0,0,0,0,high,merged_fields,high,152,156,json,0.6307927674365765,json,1,1.0,local,ROCM,AMD_Radeon_RX_7900_XT,True,1,0,1,0,0,0,0,0,0,0.051352,False,100hz,51.352,1,short,30000,True,canonical,0.9946279118426278,1.0,0.5560294926349222,0.6362874499967996,2,100000000,19.473438230253933,51352,0.051352
NO_GEMMA,AMD_Radeon_RX_7900_XT,openmeteo,0,1.0,0,0,0,high,split_fields,high,188,156,json,0.21970305999561468,json,1,1.0,local,ROCM,AMD_Radeon_RX_7900_XT,True,2,0,0,1,0,0,1,0,0,0.052931,False,100hz,52.931,1,short,30000,True,canonical,0.9946279118426278,1.0,0.5528344448498692,0.6336733199908473,3,100000000,18.892520451153388,52931,0.052931
NO_GEMMA,AMD_Radeon_RX_7900_XT,openmeteo,0,1.0,0,0,0,high,merged_fields,high,152,156,json,0.4168576524199007,json,1,1.0,local,ROCM,AMD_Radeon_RX_7900_XT,True,1,0,1,0,0,0,0,0,0,0.04971,False,100hz,49.71,1,short,30000,True,canonical,0.9946279118426278,1.0,0.5595673043560532,0.6391820232231795,4,100000000,20.116676725005032,49710,0.04971
NO_GEMMA,AMD_Radeon_RX_7900_XT,spacex,0,1.0,0,0,0,high,nested_corruption,high,178,169,json,0.8899733053567829,json,1,1.0,local,ROCM,AMD_Radeon_RX_7900_XT,True,1,0,0,0,1,0,0,0,0,0.057127,False,100hz,57.127,1,short,30000,True,canonical,0.9946279118426278,1.0,0.5452022991574345,0.6274288371515824,1,100000000,17.50485759798344,57127,0.057127
NO_GEMMA,AMD_Radeon_RX_7900_XT,spacex,0,1.0,0,0,0,high,extra_keys,high,193,169,json,0.29579290240145834,json,1,1.0,local,ROCM,AMD_Radeon_RX_7900_XT,True,1,1,0,0,0,0,0,0,0,0.052787,False,100hz,52.787,1,short,30000,True,canonical,0.9946279118426278,1.0,0.5531179024473327,0.6339052398433175,2,100000000,18.944058196146777,52787,0.052787
NO_GEMMA,AMD_Radeon_RX_7900_XT,spacex,0,1.0,0,0,0,high,extra_keys,high,197,169,json,0.38537334579743565,json,1,1.0,local,ROCM,AMD_Radeon_RX_7900_XT,True,1,1,0,0,0,0,0,0,0,0.052478,False,100hz,52.478,1,short,30000,True,canonical,0.9946279118426278,1.0,0.5537314057611853,0.6344071971001057,3,100000000,19.05560425321087,52478,0.052478
NO_GEMMA,AMD_Radeon_RX_7900_XT,spacex,0,1.0,0,0,0,high,missing_keys,high,132,169,json,0.5227632135079355,json,1,1.0,local,ROCM,AMD_Radeon_RX_7900_XT,True,1,0,0,1,0,0,0,0,0,0.051353,False,100hz,51.353,1,short,30000,True,canonical,0.9946279118426278,1.0,0.556027406994156,0.6362857435634454,4,100000000,19.4730590228419,51353,0.051353
NO_GEMMA,AMD_Radeon_RX_7900_XT,openf1,0,1.0,0,0,0,high,type_mismatch,high,132,144,json,0.8665265029198342,json,1,1.0,local,ROCM,AMD_Radeon_RX_7900_XT,True,1,0,0,0,0,0,0,1,0,0.049322,False,100hz,49.322,1,short,30000,True,canonical,0.9946279118426278,1.0,0.5604376865005558,0.6398941540686818,1,100000000,20.274928024005515,49322,0.049322
NO_GEMMA,AMD_Radeon_RX_7900_XT,openf1,0,1.0,0,0,0,high,type_mismatch,high,132,144,json,0.2839676088496197,json,1,1.0,local,ROCM,AMD_Radeon_RX_7900_XT,True,1,0,0,0,0,0,0,1,0,0.049364,False,100hz,49.364,1,short,30000,True,canonical,0.9946279118426278,1.0,0.5603428094976075,0.6398165274299059,2,100000000,20.257677659833078,49364,0.049364
NO_GEMMA,AMD_Radeon_RX_7900_XT,openf1,0,1.0,0,0,0,high,split_fields,high,169,144,json,0.5036457129175879,json,1,1.0,local,ROCM,AMD_Radeon_RX_7900_XT,True,2,0,0,1,0,0,1,0,0,0.051016,False,100hz,51.016,1,short,30000,True,canonical,0.9946279118426278,1.0,0.5567348970933178,0.6368645990991232,3,100000000,19.601693586325858,51016,0.051016
NO_GEMMA,AMD_Radeon_RX_7900_XT,openf1,0,1.0,0,0,0,high,missing_keys,high,55,144,json,0.19891319459344434,json,1,1.0,local,ROCM,AMD_Radeon_RX_7900_XT,True,1,0,0,1,0,0,0,0,0,0.054914,False,100hz,54.914,1,short,30000,True,canonical,0.9946279118426278,1.0,0.5490821908836584,0.6306032940184929,4,100000000,18.210292457296866,54914,0.054914
NO_GEMMA,AMD_Radeon_RX_7900_XT,finnhub,0,1.0,0,0,0,medium,missing_keys,medium,132,154,json,0.7325474471484908,json,1,1.0,local,ROCM,AMD_Radeon_RX_7900_XT,True,1,0,0,1,0,0,0,0,0,0.049491,False,100hz,49.491,1,short,30000,True,canonical,0.9946279118426278,1.0,0.5600568991736012,0.6395826008011734,1,100000000,20.205693964559213,49491,0.049491
NO_GEMMA,AMD_Radeon_RX_7900_XT,finnhub,0,1.0,0,0,0,medium,renamed_keys,medium,156,154,json,0.23328495202590427,json,1,1.0,local,ROCM,AMD_Radeon_RX_7900_XT,True,1,0,0,0,0,1,0,0,0,0.050861,False,100hz,50.861,1,short,30000,True,canonical,0.9946279118426278,1.0,0.5570634483168946,0.6371334137365952,2,100000000,19.66143017243074,50861,0.050861
NO_GEMMA,AMD_Radeon_RX_7900_XT,finnhub,0,1.0,0,0,0,medium,type_mismatch,medium,151,154,json,0.8894139880964559,json,1,1.0,local,ROCM,AMD_Radeon_RX_7900_XT,True,1,0,0,0,0,0,0,1,0,0.050868,False,100hz,50.868,1,short,30000,True,canonical,0.9946279118426278,1.0,0.55704856734926,0.6371212383994397,3,100000000,19.65872454195172,50868,0.050868
NO_GEMMA,AMD_Radeon_RX_7900_XT,finnhub,0,1.0,0,0,0,medium,merged_fields,medium,150,154,json,0.36391275027258263,json,1,1.0,local,ROCM,AMD_Radeon_RX_7900_XT,True,1,0,1,0,0,0,0,0,0,0.053962,False,100hz,53.962,1,short,30000,True,canonical,0.9946279118426278,1.0,0.5508491582181975,0.6320489945649339,4,100000000,18.531559245394906,53962,0.053962
NO_GEMMA,AMD_Radeon_RX_7900_XT,openmeteo,0,1.0,0,0,0,medium,split_fields,medium,185,156,json,0.6234194772744349,json,1,1.0,local,ROCM,AMD_Radeon_RX_7900_XT,True,2,0,0,1,0,0,1,0,0,0.062305,False,100hz,62.305,1,short,30000,True,canonical,0.9946279118426278,1.0,0.5372010016767673,0.6208823210310366,1,100000000,16.05007623786213,62305,0.062305
NO_GEMMA,AMD_Radeon_RX_7900_XT,openmeteo,0,1.0,0,0,0,medium,split_fields,medium,274,156,json,0.6366610314519794,json,1,1.0,local,ROCM,AMD_Radeon_RX_7900_XT,True,1,1,0,0,0,0,0,0,0,0.050323,False,100hz,50.323,1,short,30000,True,canonical,0.9946279118426278,1.0,0.5582195433803889,0.638079309697636,2,100000000,19.87162927488425,50323,0.050323
NO_GEMMA,AMD_Radeon_RX_7900_XT,openmeteo,0,1.0,0,0,0,medium,value_contradiction,medium,156,156,json,0.8451987794231124,json,1,0.0,local,ROCM,AMD_Radeon_RX_7900_XT,False,0,0,0,0,0,0,0,0,0,0.053209,False,100hz,53.209,1,short,30000,True,canonical,0.9946279118426278,0.0,0.3022915542905688,0.33322913680596505,3,100000000,18.793813076735137,53209,0.053209
NO_GEMMA,AMD_Radeon_RX_7900_XT,openmeteo,0,1.0,0,0,0,medium,extra_keys,medium,183,156,json,0.6767451058549941,json,1,1.0,local,ROCM,AMD_Radeon_RX_7900_XT,True,1,1,0,0,0,0,0,0,0,0.049329,False,100hz,49.329,1,short,30000,True,canonical,0.9946279118426278,1.0,0.5604218624471811,0.6398812071159207,4,100000000,20.27205092339192,49329,0.049329
NO_GEMMA,AMD_Radeon_RX_7900_XT,spacex,0,1.0,0,0,0,medium,split_fields,medium,194,169,json,0.6546180285998704,json,1,1.0,local,ROCM,AMD_Radeon_RX_7900_XT,True,2,0,0,1,0,0,1,0,0,0.050873,False,100hz,50.873,1,short,30000,True,canonical,0.9946279118426278,1.0,0.5570379405939103,0.6371125437814263,1,100000000,19.656792404615413,50873,0.050873
NO_GEMMA,AMD_Radeon_RX_7900_XT,spacex,0,1.0,0,0,0,medium,type_mismatch,medium,93,169,json,0.5610998905826532,json,1,1.0,local,ROCM,AMD_Radeon_RX_7900_XT,True,1,0,0,0,1,0,0,0,0,0.05129,False,100hz,51.29,1,short,30000,True,canonical,0.9946279118426278,1.0,0.5561589611948075,0.6363933788185239,2,100000000,19.496977968414896,51290,0.05129
NO_GEMMA,AMD_Radeon_RX_7900_XT,spacex,0,1.0,0,0,0,medium,missing_keys,medium,132,169,json,0.8957366003521754,json,1,1.0,local,ROCM,AMD_Radeon_RX_7900_XT,True,1,0,0,1,0,0,0,0,0,0.054586,False,100hz,54.586,1,short,30000,True,canonical,0.9946279118426278,1.0,0.5496840185975952,0.631095698511714,3,100000000,18.319715678012678,54586,0.054586
NO_GEMMA,AMD_Radeon_RX_7900_XT,spacex,0,1.0,0,0,0,medium,nested_corruption,medium,178,169,json,0.27921131626844775,json,1,1.0,local,ROCM,AMD_Radeon_RX_7900_XT,True,1,0,0,0,1,0,0,0,0,0.052235,False,100hz,52.235,1,short,30000,True,canonical,0.9946279118426278,1.0,0.5542189680294808,0.6348061116832566,4,100000000,19.14425193835551,52235,0.052235
NO_GEMMA,AMD_Radeon_RX_7900_XT,openf1,0,1.0,0,0,0,medium,extra_keys,medium,171,144,json,0.25499561564897144,json,1,1.0,local,ROCM,AMD_Radeon_RX_7900_XT,True,1,1,0,0,0,0,0,0,0,0.052716,False,100hz,52.716,1,short,30000,True,canonical,0.9946279118426278,1.0,0.553258232797238,0.634020055584149,1,100000000,18.969572805220427,52716,0.052716
NO_GEMMA,AMD_Radeon_RX_7900_XT,openf1,0,1.0,0,0,0,medium,merged_fields,medium,138,144,json,0.5015153375434446,json,1,1.0,local,ROCM,AMD_Radeon_RX_7900_XT,True,1,0,1,0,0,0,0,0,0,0.051364,False,100hz,51.364,1,short,30000,True,canonical,0.9946279118426278,1.0,0.5560044703056021,0.6362669771819013,2,100000000,19.4688887158321,51364,0.051364
NO_GEMMA,AMD_Radeon_RX_7900_XT,openf1,0,1.0,0,0,0,medium,merged_fields,medium,138,144,json,0.6368869985814761,json,1,1.0,local,ROCM,AMD_Radeon_RX_7900_XT,True,1,0,1,0,0,0,0,0,0,0.055956,False,100hz,55.956,1,short,30000,True,canonical,0.9946279118426278,1.0,0.5472170971301239,0.6290773082201466,3,100000000,17.8711845021088,55956,0.055956
NO_GEMMA,AMD_Radeon_RX_7900_XT,openf1,0,1.0,0,0,0,medium,nested_corruption,medium,153,144,json,0.4880775925534434,json,1,1.0,local,ROCM,AMD_Radeon_RX_7900_XT,True,1,0,0,0,1,0,0,0,0,0.050743,False,100hz,50.743,1,short,30000,True,canonical,0.9946279118426278,1.0,0.5573149168580118,0.6373391607247821,4,100000000,19.707151725361133,50743,0.050743
NO_GEMMA,AMD_Radeon_RX_7900_XT,finnhub,0,1.0,0,0,0,low,renamed_keys,low,158,154,json,0.21586983804053939,json,1,1.0,local,ROCM,AMD_Radeon_RX_7900_XT,True,2,1,0,1,0,0,0,0,0,0.050637,False,100hz,50.637,1,short,30000,True,canonical,0.9946279118426278,1.0,0.5575418116080144,0.6375248018838752,1,100000000,19.74840531627071,50637,0.050637
NO_GEMMA,AMD_Radeon_RX_7900_XT,finnhub,0,1.0,0,0,0,low,value_contradiction,low,154,154,json,0.6936505275048073,json,1,1.0,local,ROCM,AMD_Radeon_RX_7900_XT,True,1,0,0,0,0,0,0,0,1,0.053633,False,100hz,53.633,1,short,30000,True,canonical,0.9946279118426278,1.0,0.5514743862765673,0.6325605447945093,2,100000000,18.6452370741894,53633,0.053633
NO_GEMMA,AMD_Radeon_RX_7900_XT,finnhub,0,1.0,0,0,0,low,renamed_keys,low,155,154,json,0.7394692406257448,json,1,1.0,local,ROCM,AMD_Radeon_RX_7900_XT,True,2,1,0,1,0,0,0,0,0,0.048994,False,100hz,48.994,1,short,30000,True,canonical,0.9946279118426278,1.0,0.561184226284107,0.6405049593461326,3,100000000,20.410662530105725,48994,0.048994
NO_GEMMA,AMD_Radeon_RX_7900_XT,finnhub,0,1.0,0,0,0,low,split_fields,low,186,154,json,0.531882013292023,json,1,1.0,local,ROCM,AMD_Radeon_RX_7900_XT,True,2,0,0,1,0,0,1,0,0,0.049611,False,100hz,49.611,1,short,30000,True,canonical,0.9946279118426278,1.0,0.5597880926988957,0.6393626682309599,4,100000000,20.15682006006732,49611,0.049611
NO_GEMMA,AMD_Radeon_RX_7900_XT,openmeteo,0,1.0,0,0,0,low,split_fields,low,188,156,json,0.5224601407747266,json,1,1.0,local,ROCM,AMD_Radeon_RX_7900_XT,True,2,0,0,1,0,0,1,0,0,0.050449,False,100hz,50.449,1,short,30000,True,canonical,0.9946279118426278,1.0,0.5579465738648882,0.6378559710031354,1,100000000,19.82199845388412,50449,0.050449
NO_GEMMA,AMD_Radeon_RX_7900_XT,openmeteo,0,1.0,0,0,0,low,split_fields,low,185,156,json,0.44722993219601714,json,1,1.0,local,ROCM,AMD_Radeon_RX_7900_XT,True,2,0,0,1,0,0,1,0,0,0.05053,False,100hz,50.53,1,short,30000,True,canonical,0.9946279118426278,1.0,0.5577718123309242,0.6377129842935285,2,100000000,19.790223629527013,50530,0.05053
NO_GEMMA,AMD_Radeon_RX_7900_XT,openmeteo,0,1.0,0,0,0,low,missing_keys,low,141,156,json,0.23854018665197405,json,1,1.0,local,ROCM,AMD_Radeon_RX_7900_XT,True,1,0,0,1,0,0,0,0,0,0.051173,False,100hz,51.173,1,short,30000,True,canonical,0.9946279118426278,1.0,0.5564041355117847,0.6365939759869599,3,100000000,19.541555116956207,51173,0.051173
NO_GEMMA,AMD_Radeon_RX_7900_XT,openmeteo,0,1.0,0,0,0,low,type_mismatch,low,154,156,json,0.12502122888304293,json,1,1.0,local,ROCM,AMD_Radeon_RX_7900_XT,True,1,0,0,0,0,0,0,1,0,0.054217,False,100hz,54.217,1,short,30000,True,canonical,0.9946279118426278,1.0,0.5503697788382675,0.631656775072264,4,100000000,18.444399358134902,54217,0.054217
NO_GEMMA,AMD_Radeon_RX_7900_XT,spacex,0,1.0,0,0,0,low,value_contradiction,low,168,169,json,0.7484010078770605,json,1,1.0,local,ROCM,AMD_Radeon_RX_7900_XT,True,1,0,0,0,0,0,0,0,1,0.052477,False,100hz,52.477,1,short,30000,True,canonical,0.9946279118426278,1.0,0.5537334029375368,0.6344088311534843,1,100000000,19.05596737618385,52477,0.052477
NO_GEMMA,AMD_Radeon_RX_7900_XT,spacex,0,1.0,0,0,0,low,split_fields,low,275,169,json,0.5010279661758644,json,1,1.0,local,ROCM,AMD_Radeon_RX_7900_XT,True,1,1,0,0,0,0,0,0,0,0.057457,False,100hz,57.457,1,short,30000,True,canonical,0.9946279118426278,1.0,0.5446493410054193,0.6269764168453882,2,100000000,17.404319752162486,57457,0.057457
NO_GEMMA,AMD_Radeon_RX_7900_XT,spacex,0,1.0,0,0,0,low,value_contradiction,low,169,169,json,0.8385299348645805,json,1,0.0,local,ROCM,AMD_Radeon_RX_7900_XT,False,0,0,0,0,0,0,0,0,0,0.051367,False,100hz,51.367,1,short,30000,True,canonical,0.9946279118426278,0.0,0.3059982165500039,0.3362618604727756,3,100000000,19.467751669359703,51367,0.051367
NO_GEMMA,AMD_Radeon_RX_7900_XT,spacex,0,1.0,0,0,0,low,extra_keys,low,196,169,json,0.1890876483024666,json,1,1.0,local,ROCM,AMD_Radeon_RX_7900_XT,True,1,1,0,0,0,0,0,0,0,0.053545,False,100hz,53.545,1,short,30000,True,canonical,0.9946279118426278,1.0,0.5516429229231992,0.6326984384144808,4,100000000,18.675880100849753,53545,0.053545
NO_GEMMA,AMD_Radeon_RX_7900_XT,openf1,0,1.0,0,0,0,low,extra_keys,low,171,144,json,0.6659135659952458,json,1,1.0,local,ROCM,AMD_Radeon_RX_7900_XT,True,1,1,0,0,0,0,0,0,0,0.05191,False,100hz,51.91,1,short,30000,True,canonical,0.9946279118426278,1.0,0.5548781926555608,0.6353454772864131,1,100000000,19.264110961279137,51910,0.05191
NO_GEMMA,AMD_Radeon_RX_7900_XT,openf1,0,1.0,0,0,0,low,type_mismatch,low,132,144,json,0.8348547957569522,json,1,1.0,local,ROCM,AMD_Radeon_RX_7900_XT,True,1,0,0,0,0,0,0,1,0,0.053323,False,100hz,53.323,1,short,30000,True,canonical,0.9946279118426278,1.0,0.5520705667092416,0.633048328784879,2,100000000,18.75363351649382,53323,0.053323
NO_GEMMA,AMD_Radeon_RX_7900_XT,openf1,0,1.0,0,0,0,low,missing_keys,low,116,144,json,0.20169580398023312,json,1,1.0,local,ROCM,AMD_Radeon_RX_7900_XT,True,1,0,0,1,0,0,0,0,0,0.051811,False,100hz,51.811,1,short,30000,True,canonical,0.9946279118426278,1.0,0.5550806459650591,0.6355111209032753,3,100000000,19.300920653915192,51811,0.051811
NO_GEMMA,AMD_Radeon_RX_7900_XT,openf1,0,1.0,0,0,0,low,split_fields,low,169,144,json,0.8621803159293505,json,1,1.0,local,ROCM,AMD_Radeon_RX_7900_XT,True,2,0,0,1,0,0,1,0,0,0.052895,False,100hz,52.895,1,short,30000,True,canonical,0.9946279118426278,1.0,0.552905164559659,0.6337311815715844,4,100000000,18.90537858020607,52895,0.052895
NO_GEMMA,AMD_Radeon_RX_7900_XT,finnhub,0,1.0,0,0,0,high,extra_keys,high,178,154,schema,0.6168958324695984,schema,1,1.0,local,ROCM,AMD_Radeon_RX_7900_XT,True,1,1,0,0,0,0,0,0,0,0.051936,False,100hz,51.936,1,short,30000,True,canonical,0.9946279118426278,1.0,0.5548251510684639,0.6353020796242429,1,100000000,19.254467036352434,51936,0.051936
NO_GEMMA,AMD_Radeon_RX_7900_XT,finnhub,0,1.0,0,0,0,high,merged_fields,high,154,154,schema,0.41540696258829113,schema,1,0.0,local,ROCM,AMD_Radeon_RX_7900_XT,False,0,0,0,0,0,0,0,0,0,0.054537,False,100hz,54.537,1,short,30000,True,canonical,0.9946279118426278,0.0,0.29977454729142194,0.3311697674430267,2,100000000,18.336175440526613,54537,0.054537
NO_GEMMA,AMD_Radeon_RX_7900_XT,finnhub,0,1.0,0,0,0,high,merged_fields,high,154,154,schema,0.35001037911209754,schema,1,0.0,local,ROCM,AMD_Radeon_RX_7900_XT,False,0,0,0,0,0,0,0,0,0,0.05325,False,100hz,53.25,1,short,30000,True,canonical,0.9946279118426278,0.0,0.3022119673450514,0.33316402021417807,3,100000000,18.779342723004696,53250,0.05325
NO_GEMMA,AMD_Radeon_RX_7900_XT,finnhub,0,1.0,0,0,0,high,missing_keys,high,38,154,schema,0.25213485603568153,schema,1,1.0,local,ROCM,AMD_Radeon_RX_7900_XT,True,1,0,0,1,0,0,0,0,0,0.053418,False,100hz,53.418,1,short,30000,True,canonical,0.9946279118426278,1.0,0.5518871309102157,0.6328982449493125,4,100000000,18.720281553034557,53418,0.053418
NO_GEMMA,AMD_Radeon_RX_7900_XT,openmeteo,0,1.0,0,0,0,high,type_mismatch,high,154,156,schema,0.31281424869182556,schema,1,1.0,local,ROCM,AMD_Radeon_RX_7900_XT,True,1,0,0,0,0,0,0,1,0,0.053036,False,100hz,53.036,1,short,30000,True,canonical,0.9946279118426278,1.0,0.5526287274020877,0.6335050057153895,1,100000000,18.855117278829475,53036,0.053036
NO_GEMMA,AMD_Radeon_RX_7900_XT,openmeteo,0,1.0,0,0,0,high,merged_fields,high,156,156,schema,0.3104782920804513,schema,1,0.0,local,ROCM,AMD_Radeon_RX_7900_XT,False,0,0,0,0,0,0,0,0,0,0.051468,False,100hz,51.468,1,short,30000,True,canonical,0.9946279118426278,0.0,0.3057880988836418,0.3360899460184793,2,100000000,19.42954845729385,51468,0.051468
NO_GEMMA,AMD_Radeon_RX_7900_XT,openmeteo,0,1.0,0,0,0,high,missing_keys,high,128,156,schema,0.24971710367984637,schema,1,1.0,local,ROCM,AMD_Radeon_RX_7900_XT,True,1,0,0,1,0,0,0,0,0,0.051801,False,100hz,51.801,1,short,30000,True,canonical,0.9946279118426278,1.0,0.5551011388249646,0.6355278877886524,3,100000000,19.304646628443468,51801,0.051801
NO_GEMMA,AMD_Radeon_RX_7900_XT,openmeteo,0,1.0,0,0,0,high,nested_corruption,high,187,156,schema,0.13273837788095239,schema,1,1.0,local,ROCM,AMD_Radeon_RX_7900_XT,True,2,0,0,1,0,0,1,0,0,0.051616,False,100hz,51.616,1,short,30000,True,canonical,0.9946279118426278,1.0,0.5554816890021275,0.635839247024513,4,100000000,19.373837569745813,51616,0.051616
NO_GEMMA,AMD_Radeon_RX_7900_XT,spacex,0,1.0,0,0,0,high,nested_corruption,high,182,169,schema,0.6798072671915614,schema,1,1.0,local,ROCM,AMD_Radeon_RX_7900_XT,True,2,0,0,1,0,0,1,0,0,0.052382,False,100hz,52.382,1,short,30000,True,canonical,0.9946279118426278,1.0,0.5539234824105247,0.6345643507222927,1,100000000,19.090527280363485,52382,0.052382
NO_GEMMA,AMD_Radeon_RX_7900_XT,spacex,0,1.0,0,0,0,high,missing_keys,high,132,169,schema,0.7610847808698513,schema,1,1.0,local,ROCM,AMD_Radeon_RX_7900_XT,True,1,0,0,1,0,0,0,0,0,0.052314,False,100hz,52.314,1,short,30000,True,canonical,0.9946279118426278,1.0,0.5540599632225991,0.6346760168412625,2,100000000,19.115341973467906,52314,0.052314
NO_GEMMA,AMD_Radeon_RX_7900_XT,spacex,0,1.0,0,0,0,high,merged_fields,high,169,169,schema,0.14464704369574932,schema,1,0.0,local,ROCM,AMD_Radeon_RX_7900_XT,False,0,0,0,0,0,0,0,0,0,0.052885,False,100hz,52.885,1,short,30000,True,canonical,0.9946279118426278,0.0,0.30292482601038995,0.3337472682130915,3,100000000,18.908953389429893,52885,0.052885
NO_GEMMA,AMD_Radeon_RX_7900_XT,spacex,0,1.0,0,0,0,high,merged_fields,high,169,169,schema,0.8213966230142518,schema,1,0.0,local,ROCM,AMD_Radeon_RX_7900_XT,False,0,0,0,0,0,0,0,0,0,0.051904,False,100hz,51.904,1,short,30000,True,canonical,0.9946279118426278,0.0,0.30489044056827896,0.3353554983059097,4,100000000,19.266337854500616,51904,0.051904
NO_GEMMA,AMD_Radeon_RX_7900_XT,openf1,0,1.0,0,0,0,high,type_mismatch,high,132,144,schema,0.15013454186312736,schema,1,1.0,local,ROCM,AMD_Radeon_RX_7900_XT,True,1,0,0,0,0,0,0,1,0,0.051891,False,100hz,51.891,1,short,30000,True,canonical,0.9946279118426278,1.0,0.5549169874291333,0.6353772184647906,1,100000000,19.271164556474147,51891,0.051891
NO_GEMMA,AMD_Radeon_RX_7900_XT,openf1,0,1.0,0,0,0,high,nested_corruption,high,157,144,schema,0.5677679250986574,schema,1,1.0,local,ROCM,AMD_Radeon_RX_7900_XT,True,2,0,0,1,0,0,1,0,0,0.050441,False,100hz,50.441,1,short,30000,True,canonical,0.9946279118426278,1.0,0.5579638647182014,0.6378701180649371,2,100000000,19.82514224539561,50441,0.050441
NO_GEMMA,AMD_Radeon_RX_7900_XT,openf1,0,1.0,0,0,0,high,extra_keys,high,172,144,schema,0.6421498199067692,schema,1,1.0,local,ROCM,AMD_Radeon_RX_7900_XT,True,1,1,0,0,0,0,0,0,0,0.053663,False,100hz,53.663,1,short,30000,True,canonical,0.9946279118426278,1.0,0.5514170569413225,0.6325136389747635,3,100000000,18.634813558690343,53663,0.053663
NO_GEMMA,AMD_Radeon_RX_7900_XT,openf1,0,1.0,0,0,0,high,nested_corruption,high,153,144,schema,0.4666559882433017,schema,1,1.0,local,ROCM,AMD_Radeon_RX_7900_XT,True,1,0,0,0,1,0,0,0,0,0.818498,False,100hz,818.498,1,short,30000,True,canonical,0.9946279118426278,1.0,0.45564520782881995,0.5541548533372614,4,100000000,1.221750083689881,818498,0.818498
NO_GEMMA,AMD_Radeon_RX_7900_XT,finnhub,0,1.0,0,0,0,medium,merged_fields,medium,154,154,schema,0.5260764366058676,schema,1,0.0,local,ROCM,AMD_Radeon_RX_7900_XT,False,0,0,0,0,0,0,0,0,0,0.051666,False,100hz,51.666,1,short,30000,True,canonical,0.9946279118426278,0.0,0.30537856885867387,0.335754875998051,1,100000000,19.35508845275423,51666,0.051666
NO_GEMMA,AMD_Radeon_RX_7900_XT,finnhub,0,1.0,0,0,0,medium,extra_keys,medium,178,154,schema,0.8123940521116215,schema,1,1.0,local,ROCM,AMD_Radeon_RX_7900_XT,True,1,1,0,0,0,0,0,0,0,0.052665,False,100hz,52.665,1,short,30000,True,canonical,0.9946279118426278,1.0,0.553359266978798,0.6341027199145162,2,100000000,18.98794265641318,52665,0.052665
NO_GEMMA,AMD_Radeon_RX_7900_XT,finnhub,0,1.0,0,0,0,medium,value_contradiction,medium,154,154,schema,0.6468872209982003,schema,1,0.0,local,ROCM,AMD_Radeon_RX_7900_XT,False,0,0,0,0,0,0,0,0,0,0.052607,False,100hz,52.607,1,short,30000,True,canonical,0.9946279118426278,0.0,0.3034744066694741,0.3341969251159785,3,100000000,19.008877145627007,52607,0.052607
NO_GEMMA,AMD_Radeon_RX_7900_XT,finnhub,0,1.0,0,0,0,medium,split_fields,medium,154,154,schema,0.4979152632305961,schema,1,0.0,local,ROCM,AMD_Radeon_RX_7900_XT,False,0,0,0,0,0,0,0,0,0,0.050632,False,100hz,50.632,1,short,30000,True,canonical,0.9946279118426278,0.0,0.3075525376537207,0.337533577739453,4,100000000,19.750355506399114,50632,0.050632
NO_GEMMA,AMD_Radeon_RX_7900_XT,openmeteo,0,1.0,0,0,0,medium,value_contradiction,medium,170,156,schema,0.6039493169008582,schema,1,1.0,local,ROCM,AMD_Radeon_RX_7900_XT,True,1,0,0,0,0,0,0,0,1,0.083623,False,100hz,83.623,1,short,30000,True,canonical,0.9946279118426278,1.0,0.5146969610562072,0.6024699241596692,1,100000000,11.958432488669384,83623,0.083623
NO_GEMMA,AMD_Radeon_RX_7900_XT,openmeteo,0,1.0,0,0,0,medium,type_mismatch,medium,144,156,schema,0.4060847008761034,schema,1,1.0,local,ROCM,AMD_Radeon_RX_7900_XT,True,1,0,0,0,0,0,0,1,0,0.05143,False,100hz,51.43,1,short,30000,True,canonical,0.9946279118426278,1.0,0.5558670562164743,0.6361545474726149,2,100000000,19.44390433599067,51430,0.05143
NO_GEMMA,AMD_Radeon_RX_7900_XT,openmeteo,0,1.0,0,0,0,medium,missing_keys,medium,128,156,schema,0.1533438155824589,schema,1,1.0,local,ROCM,AMD_Radeon_RX_7900_XT,True,1,0,0,1,0,0,0,0,0,0.05196,False,100hz,51.96,1,short,30000,True,canonical,0.9946279118426278,1.0,0.5547762367180252,0.6352620587920657,3,100000000,19.24557351809084,51960,0.05196
NO_GEMMA,AMD_Radeon_RX_7900_XT,openmeteo,0,1.0,0,0,0,medium,renamed_keys,medium,158,156,schema,0.6384184099860531,schema,1,1.0,local,ROCM,AMD_Radeon_RX_7900_XT,True,1,0,0,0,0,1,0,0,0,0.055803,False,100hz,55.803,1,short,30000,True,canonical,0.9946279118426278,1.0,0.5474865916332604,0.6292978037227127,4,100000000,17.92018350267907,55803,0.055803
NO_GEMMA,AMD_Radeon_RX_7900_XT,spacex,0,1.0,0,0,0,medium,split_fields,medium,169,169,schema,0.3273783068808953,schema,1,0.0,local,ROCM,AMD_Radeon_RX_7900_XT,False,0,0,0,0,0,0,0,0,0,0.050894,False,100hz,50.894,1,short,30000,True,canonical,0.9946279118426278,0.0,0.30699333102259085,0.3370760450412558,1,100000000,19.64868157346642,50894,0.050894
NO_GEMMA,AMD_Radeon_RX_7900_XT,spacex,0,1.0,0,0,0,medium,split_fields,medium,169,169,schema,0.4647797249290119,schema,1,0.0,local,ROCM,AMD_Radeon_RX_7900_XT,False,0,0,0,0,0,0,0,0,0,0.063314,False,100hz,63.314,1,short,30000,True,canonical,0.9946279118426278,0.0,0.2857942054218787,0.31973130591340043,2,100000000,15.794295100609661,63314,0.063314
NO_GEMMA,AMD_Radeon_RX_7900_XT,spacex,0,1.0,0,0,0,medium,type_mismatch,medium,93,169,schema,0.641434365785886,schema,1,1.0,local,ROCM,AMD_Radeon_RX_7900_XT,True,1,0,0,0,1,0,0,0,0,0.050972,False,100hz,50.972,1,short,30000,True,canonical,0.9946279118426278,1.0,0.5568279601445594,0.6369407415955938,3,100000000,19.618614141097073,50972,0.050972
NO_GEMMA,AMD_Radeon_RX_7900_XT,spacex,0,1.0,0,0,0,medium,split_fields,medium,169,169,schema,0.6788431644604342,schema,1,0.0,local,ROCM,AMD_Radeon_RX_7900_XT,False,0,0,0,0,0,0,0,0,0,0.050232,False,100hz,50.232,1,short,30000,True,canonical,0.9946279118426278,0.0,0.3084175396865698,0.3382413066754204,4,100000000,19.907628603280777,50232,0.050232
NO_GEMMA,AMD_Radeon_RX_7900_XT,openf1,0,1.0,0,0,0,medium,nested_corruption,medium,153,144,schema,0.5688173718961792,schema,1,1.0,local,ROCM,AMD_Radeon_RX_7900_XT,True,1,0,0,0,1,0,0,0,0,0.053215,False,100hz,53.215,1,short,30000,True,canonical,0.9946279118426278,1.0,0.5522798997602384,0.6332196012811492,1,100000000,18.791694071220522,53215,0.053215
NO_GEMMA,AMD_Radeon_RX_7900_XT,openf1,0,1.0,0,0,0,medium,renamed_keys,medium,146,144,schema,0.7381962196871727,schema,1,1.0,local,ROCM,AMD_Radeon_RX_7900_XT,True,1,0,0,0,0,1,0,0,0,0.049228,False,100hz,49.228,1,short,30000,True,canonical,0.9946279118426278,1.0,0.560650616901718,0.6400683698514509,2,100000000,20.313642642398634,49228,0.049228
NO_GEMMA,AMD_Radeon_RX_7900_XT,openf1,0,1.0,0,0,0,medium,value_contradiction,medium,144,144,schema,0.5700504666836056,schema,1,0.0,local,ROCM,AMD_Radeon_RX_7900_XT,False,0,0,0,0,0,0,0,0,0,0.05006,False,100hz,50.06,1,short,30000,True,canonical,0.9946279118426278,0.0,0.30879374057867337,0.33854910740532335,3,100000000,19.976028765481423,50060,0.05006
NO_GEMMA,AMD_Radeon_RX_7900_XT,openf1,0,1.0,0,0,0,medium,split_fields,medium,169,144,schema,0.3946671034983745,schema,1,1.0,local,ROCM,AMD_Radeon_RX_7900_XT,True,2,0,0,1,0,0,1,0,0,0.050146,False,100hz,50.146,1,short,30000,True,canonical,0.9946279118426278,1.0,0.5586053175418195,0.6383949431024429,4,100000000,19.941770031507996,50146,0.050146
NO_GEMMA,AMD_Radeon_RX_7900_XT,finnhub,0,1.0,0,0,0,low,renamed_keys,low,156,154,schema,0.11143214067636445,schema,1,1.0,local,ROCM,AMD_Radeon_RX_7900_XT,True,1,0,0,0,0,1,0,0,0,0.050716,False,100hz,50.716,1,short,30000,True,canonical,0.9946279118426278,1.0,0.5573726207784947,0.6373863730233591,1,100000000,19.717643347267135,50716,0.050716
NO_GEMMA,AMD_Radeon_RX_7900_XT,finnhub,0,1.0,0,0,0,low,missing_keys,low,132,154,schema,0.43138048270001683,schema,1,1.0,local,ROCM,AMD_Radeon_RX_7900_XT,True,1,0,0,1,0,0,0,0,0,0.051964,False,100hz,51.964,1,short,30000,True,canonical,0.9946279118426278,1.0,0.554768088719076,0.635255392247471,2,100000000,19.24409206373643,51964,0.051964
NO_GEMMA,AMD_Radeon_RX_7900_XT,finnhub,0,1.0,0,0,0,low,type_mismatch,low,151,154,schema,0.1805498772907722,schema,1,1.0,local,ROCM,AMD_Radeon_RX_7900_XT,True,1,0,0,0,0,0,0,1,0,0.0523,False,100hz,52.3,1,short,30000,True,canonical,0.9946279118426278,1.0,0.5540881062690991,0.6346990429702171,3,100000000,19.120458891013385,52300,0.0523
NO_GEMMA,AMD_Radeon_RX_7900_XT,finnhub,0,1.0,0,0,0,low,value_contradiction,low,162,154,schema,0.39992670361740523,schema,1,1.0,local,ROCM,AMD_Radeon_RX_7900_XT,True,1,0,0,0,0,0,0,0,1,0.050109,False,100hz,50.109,1,short,30000,True,canonical,0.9946279118426278,1.0,0.558686303995379,0.6384612047462642,4,100000000,19.956494841246084,50109,0.050109
NO_GEMMA,AMD_Radeon_RX_7900_XT,openmeteo,0,1.0,0,0,0,low,extra_keys,low,183,156,schema,0.564271680875414,schema,1,1.0,local,ROCM,AMD_Radeon_RX_7900_XT,True,1,1,0,0,0,0,0,0,0,0.056156,False,100hz,56.156,1,short,30000,True,canonical,0.9946279118426278,1.0,0.5468670311896666,0.6287908906324997,1,100000000,17.807536149298382,56156,0.056156
NO_GEMMA,AMD_Radeon_RX_7900_XT,openmeteo,0,1.0,0,0,0,low,renamed_keys,low,158,156,schema,0.6728163204084011,schema,1,1.0,local,ROCM,AMD_Radeon_RX_7900_XT,True,1,0,0,0,0,1,0,0,0,0.051046,False,100hz,51.046,1,short,30000,True,canonical,0.9946279118426278,1.0,0.5566715369976836,0.6368127590208771,2,100000000,19.59017356893782,51046,0.051046
NO_GEMMA,AMD_Radeon_RX_7900_XT,openmeteo,0,1.0,0,0,0,low,type_mismatch,low,144,156,schema,0.18894193151402341,schema,1,1.0,local,ROCM,AMD_Radeon_RX_7900_XT,True,1,0,0,0,0,0,0,1,0,0.05285,False,100hz,52.85,1,short,30000,True,canonical,0.9946279118426278,1.0,0.552993699681676,0.633803619398689,3,100000000,18.921475875118258,52850,0.05285
NO_GEMMA,AMD_Radeon_RX_7900_XT,openmeteo,0,1.0,0,0,0,low,missing_keys,low,141,156,schema,0.8649920806402563,schema,1,1.0,local,ROCM,AMD_Radeon_RX_7900_XT,True,1,0,0,1,0,0,0,0,0,0.050818,False,100hz,50.818,1,short,30000,True,canonical,0.9946279118426278,1.0,0.5571549499154578,0.6372082786808742,4,100000000,19.678066826714943,50818,0.050818
NO_GEMMA,AMD_Radeon_RX_7900_XT,spacex,0,1.0,0,0,0,low,renamed_keys,low,171,169,schema,0.7235734557766487,schema,1,1.0,local,ROCM,AMD_Radeon_RX_7900_XT,True,1,0,0,0,0,1,0,0,0,0.054027,False,100hz,54.027,1,short,30000,True,canonical,0.9946279118426278,1.0,0.5507265337446894,0.6319486654502454,1,100000000,18.50926388657523,54027,0.054027
NO_GEMMA,AMD_Radeon_RX_7900_XT,spacex,0,1.0,0,0,0,low,value_contradiction,low,177,169,schema,0.48068496041215536,schema,1,1.0,local,ROCM,AMD_Radeon_RX_7900_XT,True,1,0,0,0,0,0,0,0,1,0.051153,False,100hz,51.153,1,short,30000,True,canonical,0.9946279118426278,1.0,0.5564461578968425,0.6366283579383708,2,100000000,19.549195550603095,51153,0.051153
NO_GEMMA,AMD_Radeon_RX_7900_XT,spacex,0,1.0,0,0,0,low,missing_keys,low,68,169,schema,0.3369520510833862,schema,1,1.0,local,ROCM,AMD_Radeon_RX_7900_XT,True,1,0,0,1,0,0,0,0,0,0.052931,False,100hz,52.931,1,short,30000,True,canonical,0.9946279118426278,1.0,0.5528344448498692,0.6336733199908473,3,100000000,18.892520451153388,52931,0.052931
NO_GEMMA,AMD_Radeon_RX_7900_XT,spacex,0,1.0,0,0,0,low,missing_keys,low,132,169,schema,0.5312664859063975,schema,1,1.0,local,ROCM,AMD_Radeon_RX_7900_XT,True,1,0,0,1,0,0,0,0,0,0.051081,False,100hz,51.081,1,short,30000,True,canonical,0.9946279118426278,1.0,0.5565977109486238,0.6367523558898281,4,100000000,19.576750650926957,51081,0.051081
NO_GEMMA,AMD_Radeon_RX_7900_XT,openf1,0,1.0,0,0,0,low,extra_keys,low,171,144,schema,0.3611173767712694,schema,1,1.0,local,ROCM,AMD_Radeon_RX_7900_XT,True,1,1,0,0,0,0,0,0,0,0.050925,False,100hz,50.925,1,short,30000,True,canonical,0.9946279118426278,1.0,0.5569275460405922,0.6370222209650752,1,100000000,19.636720667648504,50925,0.050925
NO_GEMMA,AMD_Radeon_RX_7900_XT,openf1,0,1.0,0,0,0,low,type_mismatch,low,129,144,schema,0.7276340551422615,schema,1,1.0,local,ROCM,AMD_Radeon_RX_7900_XT,True,1,0,0,0,0,0,0,1,0,0.051061,False,100hz,51.061,1,short,30000,True,canonical,0.9946279118426278,1.0,0.5566398848694558,0.6367868618250543,2,100000000,19.584418636532774,51061,0.051061
NO_GEMMA,AMD_Radeon_RX_7900_XT,openf1,0,1.0,0,0,0,low,merged_fields,low,144,144,schema,0.5014042391441715,schema,1,0.0,local,ROCM,AMD_Radeon_RX_7900_XT,False,0,0,0,0,0,0,0,0,0,0.050441,False,100hz,50.441,1,short,30000,True,canonical,0.9946279118426278,0.0,0.3079638647182014,0.33787011806493716,3,100000000,19.82514224539561,50441,0.050441
NO_GEMMA,AMD_Radeon_RX_7900_XT,openf1,0,1.0,0,0,0,low,extra_keys,low,171,144,schema,0.7105592236779948,schema,1,1.0,local,ROCM,AMD_Radeon_RX_7900_XT,True,1,1,0,0,0,0,0,0,0,0.049803,False,100hz,49.803,1,short,30000,True,canonical,0.9946279118426278,1.0,0.5593606967190667,0.6390129806110997,4,100000000,20.079111700098387,49803,0.049803
NO_GEMMA,AMD_Radeon_RX_7900_XT,finnhub,0,1.0,0,0,0,high,type_mismatch,high,148,154,gemma,0.6862349870703703,gemma,1,1.0,local,ROCM,AMD_Radeon_RX_7900_XT,True,1,0,0,0,0,0,0,1,0,14.203528,False,100hz,14203.528,1,short,30000,True,canonical,0.9946279118426278,1.0,0.44931281010518365,0.5489738006542864,1,2120,0.07040504302874609,14203528,14.203528
NO_GEMMA,AMD_Radeon_RX_7900_XT,finnhub,0,1.0,0,0,0,high,missing_keys,high,138,154,gemma,0.6570404355493655,gemma,1,1.0,local,ROCM,AMD_Radeon_RX_7900_XT,True,1,0,0,1,0,0,0,0,0,14.851944,False,100hz,14851.944,1,short,30000,True,canonical,0.9946279118426278,1.0,0.44929590426039373,0.5489599685994582,2,2027,0.06733125306693857,14851944,14.851944
NO_GEMMA,AMD_Radeon_RX_7900_XT,finnhub,0,1.0,0,0,0,high,missing_keys,high,132,154,gemma,0.12209684512457707,gemma,1,1.0,local,ROCM,AMD_Radeon_RX_7900_XT,True,1,0,0,1,0,0,0,0,0,14.27661,False,100hz,14276.61,1,short,30000,True,canonical,0.9946279118426278,1.0,0.4493108278854935,0.5489721788381763,3,2109,0.07004463944872068,14276610,14.27661
NO_GEMMA,AMD_Radeon_RX_7900_XT,finnhub,0,1.0,0,0,0,high,value_contradiction,high,166,154,gemma,0.13085411821312773,gemma,1,1.0,local,ROCM,AMD_Radeon_RX_7900_XT,True,1,0,0,0,0,0,0,0,1,14.122983,False,100hz,14122.983,1,short,30000,True,canonical,0.9946279118426278,1.0,0.4493150185096014,0.5489756075306281,4,2133,0.07080657110470218,14122983,14.122983
NO_GEMMA,AMD_Radeon_RX_7900_XT,openmeteo,0,1.0,0,0,0,high,nested_corruption,high,165,156,gemma,0.832034175451652,gemma,1,1.0,local,ROCM,AMD_Radeon_RX_7900_XT,True,1,0,0,0,1,0,0,0,0,14.128823,False,100hz,14128.823,1,short,30000,True,canonical,0.9946279118426278,1.0,0.44931485754027906,0.5489754758284553,1,2131,0.07077730395518438,14128823,14.128823
NO_GEMMA,AMD_Radeon_RX_7900_XT,openmeteo,0,1.0,0,0,0,high,merged_fields,high,154,156,gemma,0.13497327902477735,gemma,1,1.0,local,ROCM,AMD_Radeon_RX_7900_XT,True,1,0,1,0,0,0,0,0,0,14.954062,False,100hz,14954.062,1,short,30000,True,canonical,0.9946279118426278,1.0,0.4492933754136527,0.5489578995430336,2,2014,0.0668714627503885,14954062,14.954062
NO_GEMMA,AMD_Radeon_RX_7900_XT,openmeteo,0,1.0,0,0,0,high,extra_keys,high,180,156,gemma,0.45611546160367045,gemma,1,1.0,local,ROCM,AMD_Radeon_RX_7900_XT,True,1,1,0,0,0,0,0,0,0,14.675232,False,100hz,14675.232,1,short,30000,True,canonical,0.9946279118426278,1.0,0.44930036349634694,0.548963617065238,3,2052,0.06814202324024587,14675232,14.675232
NO_GEMMA,AMD_Radeon_RX_7900_XT,openmeteo,0,1.0,0,0,0,high,type_mismatch,high,144,156,gemma,0.5204930309994558,gemma,1,1.0,local,ROCM,AMD_Radeon_RX_7900_XT,True,1,0,0,0,0,0,0,1,0,14.146549,False,100hz,14146.549,1,short,30000,True,canonical,0.9946279118426278,1.0,0.44931436976819455,0.5489750767422044,4,2129,0.07068861812163518,14146549,14.146549
NO_GEMMA,AMD_Radeon_RX_7900_XT,spacex,0,1.0,0,0,0,high,nested_corruption,high,178,169,gemma,0.1791934809595225,gemma,1,1.0,local,ROCM,AMD_Radeon_RX_7900_XT,True,1,0,0,0,1,0,0,0,0,14.227684,False,100hz,14227.684,1,short,30000,True,canonical,0.9946279118426278,1.0,0.44931215266345204,0.548973262747415,1,2116,0.07028550816844119,14227684,14.227684
NO_GEMMA,AMD_Radeon_RX_7900_XT,spacex,0,1.0,0,0,0,high,type_mismatch,high,154,169,gemma,0.12278041658825778,gemma,1,1.0,local,ROCM,AMD_Radeon_RX_7900_XT,True,1,0,0,0,0,0,0,1,0,14.281599,False,100hz,14281.599,1,short,30000,True,canonical,0.9946279118426278,1.0,0.44931069330743373,0.5489720687288546,2,2108,0.07002017071057659,14281599,14.281599
NO_GEMMA,AMD_Radeon_RX_7900_XT,spacex,0,1.0,0,0,0,high,type_mismatch,high,154,169,gemma,0.3569274809943338,gemma,1,1.0,local,ROCM,AMD_Radeon_RX_7900_XT,True,1,0,0,0,0,0,0,1,0,14.103331,False,100hz,14103.331,1,short,30000,True,canonical,0.9946279118426278,1.0,0.44931556116147875,0.5489760515185277,3,2135,0.07090523508240712,14103331,14.103331
NO_GEMMA,AMD_Radeon_RX_7900_XT,spacex,0,1.0,0,0,0,high,type_mismatch,high,93,169,gemma,0.33309874667617845,gemma,1,1.0,local,ROCM,AMD_Radeon_RX_7900_XT,True,1,0,0,0,1,0,0,0,0,14.165285,False,100hz,14165.285,1,short,30000,True,canonical,0.9946279118426278,1.0,0.4493138555306963,0.548974656002433,4,2126,0.0705951203946832,14165285,14.165285
NO_GEMMA,AMD_Radeon_RX_7900_XT,openf1,0,1.0,0,0,0,high,type_mismatch,high,132,144,gemma,0.36057214974724194,gemma,1,1.0,local,ROCM,AMD_Radeon_RX_7900_XT,True,1,0,0,0,0,0,0,1,0,13.981107,False,100hz,13981.107,1,short,30000,True,canonical,0.9946279118426278,1.0,0.44931897038851565,0.5489788408861033,1,2154,0.0715250945436581,13981107,13.981107
NO_GEMMA,AMD_Radeon_RX_7900_XT,openf1,0,1.0,0,0,0,high,nested_corruption,high,157,144,gemma,0.7935641181839849,gemma,1,1.0,local,ROCM,AMD_Radeon_RX_7900_XT,True,2,0,0,1,0,0,1,0,0,14.290616,False,100hz,14290.616,1,short,30000,True,canonical,0.9946279118426278,1.0,0.4493104503126366,0.5489718699149296,2,2108,0.06997598983836666,14290616,14.290616
NO_GEMMA,AMD_Radeon_RX_7900_XT,openf1,0,1.0,0,0,0,high,split_fields,high,238,144,gemma,0.14650679125652452,gemma,1,1.0,local,ROCM,AMD_Radeon_RX_7900_XT,True,1,1,0,0,0,0,0,0,0,14.246509,False,100hz,14246.509,1,short,30000,True,canonical,0.9946279118426278,1.0,0.44931164185860833,0.5489728448161793,3,2114,0.07019263456050882,14246509,14.246509
NO_GEMMA,AMD_Radeon_RX_7900_XT,openf1,0,1.0,0,0,0,high,type_mismatch,high,129,144,gemma,0.757775403943856,gemma,1,1.0,local,ROCM,AMD_Radeon_RX_7900_XT,True,1,0,0,0,0,0,0,1,0,14.286358,False,100hz,14286.358,1,short,30000,True,canonical,0.9946279118426278,1.0,0.44931056502120725,0.5489719637673964,4,2108,0.06999684594212185,14286358,14.286358
NO_GEMMA,AMD_Radeon_RX_7900_XT,finnhub,0,1.0,0,0,0,medium,type_mismatch,medium,151,154,gemma,0.654382220875463,gemma,1,1.0,local,ROCM,AMD_Radeon_RX_7900_XT,True,1,0,0,0,0,0,0,1,0,14.235051,False,100hz,14235.051,1,short,30000,True,canonical,0.9946279118426278,1.0,0.44931195260351803,0.5489730990620144,1,2116,0.07024913363499716,14235051,14.235051
NO_GEMMA,AMD_Radeon_RX_7900_XT,finnhub,0,1.0,0,0,0,medium,merged_fields,medium,150,154,gemma,0.7624813583124009,gemma,1,1.0,local,ROCM,AMD_Radeon_RX_7900_XT,True,1,0,1,0,0,0,0,0,0,14.223972,False,100hz,14223.972,1,short,30000,True,canonical,0.9946279118426278,1.0,0.4493122535458873,0.5489733452875893,3,2129,0.07030385042940186,14223972,14.223972
NO_GEMMA,AMD_Radeon_RX_7900_XT,finnhub,0,1.0,0,0,0,medium,nested_corruption,medium,194,154,gemma,0.1870031414181706,gemma,1,1.0,local,ROCM,AMD_Radeon_RX_7900_XT,True,2,0,0,1,0,0,1,0,0,14.123489,False,100hz,14123.489,1,short,30000,True,canonical,0.9946279118426278,1.0,0.44931500455733453,0.548975596115137,4,2132,0.07080403432891122,14123489,14.123489
NO_GEMMA,AMD_Radeon_RX_7900_XT,openmeteo,0,1.0,0,0,0,medium,nested_corruption,medium,165,156,gemma,0.5731856195755566,gemma,1,1.0,local,ROCM,AMD_Radeon_RX_7900_XT,True,1,0,0,0,1,0,0,0,0,14.38742,False,100hz,14387.42,1,short,30000,True,canonical,0.9946279118426278,1.0,0.449307860775634,0.5489697512028365,1,2093,0.06950516492880586,14387420,14.38742
NO_GEMMA,AMD_Radeon_RX_7900_XT,openmeteo,0,1.0,0,0,0,medium,nested_corruption,medium,165,156,gemma,0.6819496676259555,gemma,1,1.0,local,ROCM,AMD_Radeon_RX_7900_XT,True,1,0,0,0,1,0,0,0,0,14.017276,False,100hz,14017.276,1,short,30000,True,canonical,0.9946279118426278,1.0,0.4493179553231567,0.5489780103780824,2,2149,0.07134053720565964,14017276,14.017276
NO_GEMMA,AMD_Radeon_RX_7900_XT,openmeteo,0,1.0,0,0,0,medium,merged_fields,medium,152,156,gemma,0.17341538710550353,gemma,1,1.0,local,ROCM,AMD_Radeon_RX_7900_XT,True,1,0,1,0,0,0,0,0,0,14.617913,False,100hz,14617.913,1,short,30000,True,canonical,0.9946279118426278,1.0,0.4493018330686083,0.5489648194425429,3,2059,0.06840921819687941,14617913,14.617913
NO_GEMMA,AMD_Radeon_RX_7900_XT,openmeteo,0,1.0,0,0,0,medium,merged_fields,medium,152,156,gemma,0.5885273321855433,gemma,1,1.0,local,ROCM,AMD_Radeon_RX_7900_XT,True,1,0,1,0,0,0,0,0,0,14.041202,False,100hz,14041.202,1,short,30000,True,canonical,0.9946279118426278,1.0,0.4493172867254603,0.5489774633436035,4,2144,0.07121897398812438,14041202,14.041202
NO_GEMMA,AMD_Radeon_RX_7900_XT,spacex,0,1.0,0,0,0,medium,value_contradiction,medium,177,169,gemma,0.8988616499156604,gemma,1,1.0,local,ROCM,AMD_Radeon_RX_7900_XT,True,1,0,0,0,0,0,0,0,1,14.236042,False,100hz,14236.042,1,short,30000,True,canonical,0.9946279118426278,1.0,0.44931192570749573,0.5489730770561779,1,2115,0.07024424344912722,14236042,14.236042
NO_GEMMA,AMD_Radeon_RX_7900_XT,spacex,0,1.0,0,0,0,medium,split_fields,medium,205,169,gemma,0.6825128853158378,gemma,1,1.0,local,ROCM,AMD_Radeon_RX_7900_XT,True,1,1,0,0,0,0,0,0,0,14.005288,False,100hz,14005.288,1,short,30000,True,canonical,0.9946279118426278,1.0,0.4493182911796546,0.5489782851697625,2,2151,0.07140160202346428,14005288,14.005288
NO_GEMMA,AMD_Radeon_RX_7900_XT,spacex,0,1.0,0,0,0,medium,missing_keys,medium,132,169,gemma,0.7974248549772217,gemma,1,1.0,local,ROCM,AMD_Radeon_RX_7900_XT,True,1,0,0,1,0,0,0,0,0,14.148724,False,100hz,14148.724,1,short,30000,True,canonical,0.9946279118426278,1.0,0.4493143100021976,0.5489750278427522,3,2128,0.07067775157674996,14148724,14.148724
NO_GEMMA,AMD_Radeon_RX_7900_XT,spacex,0,1.0,0,0,0,medium,type_mismatch,medium,144,169,gemma,0.7373435114949215,gemma,1,1.0,local,ROCM,AMD_Radeon_RX_7900_XT,True,1,0,0,0,0,0,0,1,0,14.272034,False,100hz,14272.034,1,short,30000,True,canonical,0.9946279118426278,1.0,0.4493109514056228,0.5489722799001001,4,2110,0.07006709765405549,14272034,14.272034
NO_GEMMA,AMD_Radeon_RX_7900_XT,openf1,0,1.0,0,0,0,medium,missing_keys,medium,55,144,gemma,0.4492105478659155,gemma,1,1.0,local,ROCM,AMD_Radeon_RX_7900_XT,True,1,0,0,1,0,0,0,0,0,14.098924,False,100hz,14098.924,1,short,30000,True,canonical,0.9946279118426278,1.0,0.4493156830598975,0.5489761512535976,1,2136,0.07092739843125617,14098924,14.098924
NO_GEMMA,AMD_Radeon_RX_7900_XT,openf1,0,1.0,0,0,0,medium,missing_keys,medium,117,144,gemma,0.607206182878787,gemma,1,1.0,local,ROCM,AMD_Radeon_RX_7900_XT,True,1,0,0,1,0,0,0,0,0,14.093278,False,100hz,14093.278,1,short,30000,True,canonical,0.9946279118426278,1.0,0.44931583934067926,0.5489762791196917,2,2137,0.07095581311884999,14093278,14.093278
NO_GEMMA,AMD_Radeon_RX_7900_XT,openf1,0,1.0,0,0,0,medium,type_mismatch,medium,129,144,gemma,0.3667116629824906,gemma,1,1.0,local,ROCM,AMD_Radeon_RX_7900_XT,True,1,0,0,0,0,0,0,1,0,14.430182,False,100hz,14430.182,1,short,30000,True,canonical,0.9946279118426278,1.0,0.4493067279424344,0.5489688243393096,3,2087,0.06929919525616517,14430182,14.430182
NO_GEMMA,AMD_Radeon_RX_7900_XT,openf1,0,1.0,0,0,0,medium,type_mismatch,medium,132,144,gemma,0.8271597528441185,gemma,1,1.0,local,ROCM,AMD_Radeon_RX_7900_XT,True,1,0,0,0,0,0,0,1,0,14.779347,False,100hz,14779.347,1,short,30000,True,canonical,0.9946279118426278,1.0,0.449297723302763,0.5489614569068512,4,2037,0.06766198804317945,14779347,14.779347
NO_GEMMA,AMD_Radeon_RX_7900_XT,finnhub,0,1.0,0,0,0,low,missing_keys,low,38,154,gemma,0.7941145811346296,gemma,1,1.0,local,ROCM,AMD_Radeon_RX_7900_XT,True,1,0,0,1,0,0,0,0,0,14.220548,False,100hz,14220.548,1,short,30000,True,canonical,0.9946279118426278,1.0,0.449312346647933,0.5489734214619905,1,2118,0.07032077807409391,14220548,14.220548
NO_GEMMA,AMD_Radeon_RX_7900_XT,finnhub,0,1.0,0,0,0,low,extra_keys,low,178,154,gemma,0.5037716108979076,gemma,1,1.0,local,ROCM,AMD_Radeon_RX_7900_XT,True,1,1,0,0,0,0,0,0,0,14.185585,False,100hz,14185.585,1,short,30000,True,canonical,0.9946279118426278,1.0,0.44931329990009017,0.5489742013955735,3,2131,0.07049409664811145,14185585,14.185585
NO_GEMMA,AMD_Radeon_RX_7900_XT,finnhub,0,1.0,0,0,0,low,split_fields,low,275,154,gemma,0.7613967995798875,gemma,1,1.0,local,ROCM,AMD_Radeon_RX_7900_XT,True,1,1,0,0,0,0,0,0,0,14.253763,False,100hz,14253.763,1,short,30000,True,canonical,0.9946279118426278,1.0,0.44931144538589163,0.5489726840657746,4,2113,0.07015691224836558,14253763,14.253763
NO_GEMMA,AMD_Radeon_RX_7900_XT,openmeteo,0,1.0,0,0,0,low,split_fields,low,274,156,gemma,0.4472557886068409,gemma,1,1.0,local,ROCM,AMD_Radeon_RX_7900_XT,True,1,1,0,0,0,0,0,0,0,14.15966,False,100hz,14159.66,1,short,30000,True,canonical,0.9946279118426278,1.0,0.44931400977426833,0.5489747822017192,1,2127,0.07062316468050786,14159660,14.15966
NO_GEMMA,AMD_Radeon_RX_7900_XT,openmeteo,0,1.0,0,0,0,low,extra_keys,low,183,156,gemma,0.24814678382038968,gemma,1,1.0,local,ROCM,AMD_Radeon_RX_7900_XT,True,1,1,0,0,0,0,0,0,0,14.24418,False,100hz,14244.18,1,short,30000,True,canonical,0.9946279118426278,1.0,0.4493117049814102,0.548972896462108,2,2114,0.07020411143358199,14244180,14.24418
NO_GEMMA,AMD_Radeon_RX_7900_XT,openmeteo,0,1.0,0,0,0,low,missing_keys,low,43,156,gemma,0.258444319484711,gemma,1,1.0,local,ROCM,AMD_Radeon_RX_7900_XT,True,1,0,0,1,0,0,0,0,0,14.114958,False,100hz,14114.958,1,short,30000,True,canonical,0.9946279118426278,1.0,0.4493152399218814,0.5489757886861298,3,2134,0.07084682788287433,14114958,14.114958
NO_GEMMA,AMD_Radeon_RX_7900_XT,openmeteo,0,1.0,0,0,0,low,extra_keys,low,184,156,gemma,0.6691150052383094,gemma,1,1.0,local,ROCM,AMD_Radeon_RX_7900_XT,True,1,1,0,0,0,0,0,0,0,14.225927,False,100hz,14225.927,1,short,30000,True,canonical,0.9946279118426278,1.0,0.4493122004075468,0.5489733018107652,4,2117,0.07029418891296152,14225927,14.225927
NO_GEMMA,AMD_Radeon_RX_7900_XT,spacex,0,1.0,0,0,0,low,merged_fields,low,163,169,gemma,0.3165095420188708,gemma,1,1.0,local,ROCM,AMD_Radeon_RX_7900_XT,True,1,0,1,0,0,0,0,0,0,14.535202,False,100hz,14535.202,1,short,30000,True,canonical,0.9946279118426278,1.0,0.44930397408265516,0.5489665711813084,1,2072,0.06879849347810921,14535202,14.535202
NO_GEMMA,AMD_Radeon_RX_7900_XT,spacex,0,1.0,0,0,0,low,value_contradiction,low,169,169,gemma,0.8757971075956038,gemma,1,0.0,local,ROCM,AMD_Radeon_RX_7900_XT,False,0,0,0,0,0,0,0,0,0,14.838518,False,100hz,14838.518,1,short,30000,True,canonical,0.9946279118426278,0.0,0.19929623933035961,0.24896024274761208,3,2036,0.06739217487891985,14838518,14.838518
NO_GEMMA,AMD_Radeon_RX_7900_XT,spacex,0,1.0,0,0,0,low,missing_keys,low,68,169,gemma,0.1489376375261814,gemma,1,1.0,local,ROCM,AMD_Radeon_RX_7900_XT,True,1,0,0,1,0,0,0,0,0,14.156989,False,100hz,14156.989,1,short,30000,True,canonical,0.9946279118426278,1.0,0.4493140830588913,0.5489748421618652,4,2127,0.07063648915740488,14156989,14.156989
NO_GEMMA,AMD_Radeon_RX_7900_XT,openf1,0,1.0,0,0,0,low,split_fields,low,238,144,gemma,0.6812860800087815,gemma,1,1.0,local,ROCM,AMD_Radeon_RX_7900_XT,True,1,1,0,0,0,0,0,0,0,14.222136,False,100hz,14222.136,1,short,30000,True,canonical,0.9946279118426278,1.0,0.44931230346302214,0.5489733861288814,1,2117,0.07031292627211552,14222136,14.222136
NO_GEMMA,AMD_Radeon_RX_7900_XT,openf1,0,1.0,0,0,0,low,merged_fields,low,140,144,gemma,0.38649669075789284,gemma,1,1.0,local,ROCM,AMD_Radeon_RX_7900_XT,True,1,0,1,0,0,0,0,0,0,14.190634,False,100hz,14190.634,1,short,30000,True,canonical,0.9946279118426278,1.0,0.44931316195094595,0.5489740885280918,2,2122,0.07046901498551791,14190634,14.190634
NO_GEMMA,AMD_Radeon_RX_7900_XT,openf1,0,1.0,0,0,0,low,type_mismatch,low,129,144,gemma,0.8198188202298806,gemma,1,1.0,local,ROCM,AMD_Radeon_RX_7900_XT,True,1,0,0,0,0,0,0,1,0,14.508683,False,100hz,14508.683,1,short,30000,True,canonical,0.9946279118426278,1.0,0.44930466570779215,0.5489671370564205,3,2076,0.06892424350301127,14508683,14.508683
NO_GEMMA,AMD_Radeon_RX_7900_XT,openf1,0,1.0,0,0,0,low,merged_fields,low,138,144,gemma,0.7899962496325806,gemma,1,1.0,local,ROCM,AMD_Radeon_RX_7900_XT,True,1,0,1,0,0,0,0,0,0,15.143607,False,100hz,15143.607,1,short,30000,True,canonical,0.9946279118426278,1.0,0.44928877193095945,0.5489541330571938,4,1988,0.06603446589706138,15143607,15.143607
NO_GEMMA,AMD_Radeon_RX_7900_XT,finnhub,0,1.0,0,0,0,high,value_contradiction,high,154,154,json,0.5081080202943523,json,1,0.0,local,ROCM,AMD_Radeon_RX_7900_XT,False,0,0,0,0,0,0,0,0,0,0.054134,False,1000hz,54.134,1,short,30000,True,canonical,0.9946279118426278,0.0,0.24233637780207934,0.28190779999486837,1,1000000000,18.472678907895222,54134,0.054134
NO_GEMMA,AMD_Radeon_RX_7900_XT,finnhub,0,1.0,0,0,0,high,renamed_keys,high,156,154,json,0.634959562953581,json,1,1.0,local,ROCM,AMD_Radeon_RX_7900_XT,True,2,1,0,1,0,0,0,0,0,0.053004,False,1000hz,53.004,1,short,30000,True,canonical,0.9946279118426278,1.0,0.493261858875959,0.5826166791152868,2,1000000000,18.86650064146102,53004,0.053004
NO_GEMMA,AMD_Radeon_RX_7900_XT,finnhub,0,1.0,0,0,0,high,value_contradiction,high,167,154,json,0.2612116173842576,json,1,1.0,local,ROCM,AMD_Radeon_RX_7900_XT,True,1,0,0,0,0,0,0,0,1,0.051733,False,1000hz,51.733,1,short,30000,True,canonical,0.9946279118426278,1.0,0.49435113279088655,0.5834510165820398,3,1000000000,19.330021456323816,51733,0.051733
NO_GEMMA,AMD_Radeon_RX_7900_XT,finnhub,0,1.0,0,0,0,high,value_contradiction,high,167,154,json,0.8679454299614374,json,1,1.0,local,ROCM,AMD_Radeon_RX_7900_XT,True,1,0,0,0,0,0,0,0,1,0.054467,False,1000hz,54.467,1,short,30000,True,canonical,0.9946279118426278,1.0,0.4920709731556076,0.5817045113294858,4,1000000000,18.35974076046046,54467,0.054467
NO_GEMMA,AMD_Radeon_RX_7900_XT,openmeteo,0,1.0,0,0,0,high,value_contradiction,high,156,156,json,0.8677561592235962,json,1,0.0,local,ROCM,AMD_Radeon_RX_7900_XT,False,0,0,0,0,0,0,0,0,0,0.050086,False,1000hz,50.086,1,short,30000,True,canonical,0.9946279118426278,0.0,0.24584488117457914,0.2845951642801874,1,1000000000,19.96565906640578,50086,0.050086
NO_GEMMA,AMD_Radeon_RX_7900_XT,openmeteo,0,1.0,0,0,0,high,nested_corruption,high,187,156,json,0.7217350643143599,json,1,1.0,local,ROCM,AMD_Radeon_RX_7900_XT,True,2,0,0,1,0,0,1,0,0,0.052846,False,1000hz,52.846,1,short,30000,True,canonical,0.9946279118426278,1.0,0.49339441633893016,0.5827182124911795,2,1000000000,18.922908072512584,52846,0.052846
NO_GEMMA,AMD_Radeon_RX_7900_XT,openmeteo,0,1.0,0,0,0,high,extra_keys,high,183,156,json,0.4027995994029544,json,1,1.0,local,ROCM,AMD_Radeon_RX_7900_XT,True,1,1,0,0,0,0,0,0,0,0.051781,False,1000hz,51.781,1,short,30000,True,canonical,0.9946279118426278,1.0,0.49430902417150346,0.5834187631714486,3,1000000000,19.312102894884223,51781,0.051781
NO_GEMMA,AMD_Radeon_RX_7900_XT,openmeteo,0,1.0,0,0,0,high,type_mismatch,high,154,156,json,0.11365159458231285,json,1,1.0,local,ROCM,AMD_Radeon_RX_7900_XT,True,1,0,0,0,0,0,0,1,0,0.052012,False,1000hz,52.012,1,short,30000,True,canonical,0.9946279118426278,1.0,0.4941074634728861,0.5832643762533586,4,1000000000,19.22633238483427,52012,0.052012
NO_GEMMA,AMD_Radeon_RX_7900_XT,spacex,0,1.0,0,0,0,high,value_contradiction,high,168,169,json,0.8606227902982674,json,1,1.0,local,ROCM,AMD_Radeon_RX_7900_XT,True,1,0,0,0,0,0,0,0,1,0.122867,False,1000hz,122.867,1,short,30000,True,canonical,0.9946279118426278,1.0,0.4680519547874827,0.56330696534539,1,1000000000,8.13888188040727,122867,0.122867
NO_GEMMA,AMD_Radeon_RX_7900_XT,spacex,0,1.0,0,0,0,high,extra_keys,high,197,169,json,0.7174275493541974,json,1,1.0,local,ROCM,AMD_Radeon_RX_7900_XT,True,1,1,0,0,0,0,0,0,0,0.052224,False,1000hz,52.224,1,short,30000,True,canonical,0.9946279118426278,1.0,0.4939240505057805,0.5831238897253628,2,1000000000,19.14828431372549,52224,0.052224
NO_GEMMA,AMD_Radeon_RX_7900_XT,spacex,0,1.0,0,0,0,high,renamed_keys,high,171,169,json,0.8207274404383736,json,1,1.0,local,ROCM,AMD_Radeon_RX_7900_XT,True,1,0,0,0,0,1,0,0,0,0.0513,False,1000hz,51.3,1,short,30000,True,canonical,0.9946279118426278,1.0,0.49473454923012394,0.5837446972589025,3,1000000000,19.49317738791423,51300,0.0513
NO_GEMMA,AMD_Radeon_RX_7900_XT,spacex,0,1.0,0,0,0,high,missing_keys,high,138,169,json,0.7244306322582176,json,1,1.0,local,ROCM,AMD_Radeon_RX_7900_XT,True,1,0,0,1,0,0,0,0,0,0.051863,False,1000hz,51.863,1,short,30000,True,canonical,0.9946279118426278,1.0,0.49423726892734393,0.583363801707837,4,1000000000,19.281568748433372,51863,0.051863
NO_GEMMA,AMD_Radeon_RX_7900_XT,openf1,0,1.0,0,0,0,high,value_contradiction,high,144,144,json,0.6865706860271298,json,1,1.0,local,ROCM,AMD_Radeon_RX_7900_XT,True,1,0,0,0,0,0,0,0,1,0.058346,False,1000hz,58.346,1,short,30000,True,canonical,0.9946279118426278,1.0,0.489202550798238,0.5795074218642664,1,1000000000,17.139135502005278,58346,0.058346
NO_GEMMA,AMD_Radeon_RX_7900_XT,openf1,0,1.0,0,0,0,high,missing_keys,high,116,144,json,0.2504068163640419,json,1,1.0,local,ROCM,AMD_Radeon_RX_7900_XT,True,1,0,0,1,0,0,0,0,0,0.052564,False,1000hz,52.564,1,short,30000,True,canonical,0.9946279118426278,1.0,0.4936329866756559,0.5829009472171823,2,1000000000,19.024427364736322,52564,0.052564
NO_GEMMA,AMD_Radeon_RX_7900_XT,openf1,0,1.0,0,0,0,high,merged_fields,high,138,144,json,0.6801843897632363,json,1,1.0,local,ROCM,AMD_Radeon_RX_7900_XT,True,1,0,1,0,0,0,0,0,0,0.049232,False,1000hz,49.232,1,short,30000,True,canonical,0.9946279118426278,1.0,0.49665876403898385,0.5852185639210079,3,1000000000,20.311992200194997,49232,0.049232
NO_GEMMA,AMD_Radeon_RX_7900_XT,openf1,0,1.0,0,0,0,high,missing_keys,high,116,144,json,0.7570918889939701,json,1,1.0,local,ROCM,AMD_Radeon_RX_7900_XT,True,1,0,0,1,0,0,0,0,0,0.054514,False,1000hz,54.514,1,short,30000,True,canonical,0.9946279118426278,1.0,0.49203377475947097,0.5816760189409554,4,1000000000,18.343911655721467,54514,0.054514
NO_GEMMA,AMD_Radeon_RX_7900_XT,finnhub,0,1.0,0,0,0,medium,type_mismatch,medium,63,154,json,0.14890743641445825,json,1,1.0,local,ROCM,AMD_Radeon_RX_7900_XT,True,1,0,0,0,1,0,0,0,0,0.048565,False,1000hz,48.565,1,short,30000,True,canonical,0.9946279118426278,1.0,0.49731433970405525,0.5857207069836158,1,1000000000,20.590960568310514,48565,0.048565
NO_GEMMA,AMD_Radeon_RX_7900_XT,finnhub,0,1.0,0,0,0,medium,extra_keys,medium,181,154,json,0.1873014749737136,json,1,1.0,local,ROCM,AMD_Radeon_RX_7900_XT,True,1,1,0,0,0,0,0,0,0,0.051672,False,1000hz,51.672,1,short,30000,True,canonical,0.9946279118426278,1.0,0.4944047587116127,0.5834920917553621,2,1000000000,19.35284099705837,51672,0.051672
NO_GEMMA,AMD_Radeon_RX_7900_XT,finnhub,0,1.0,0,0,0,medium,value_contradiction,medium,155,154,json,0.5581440619090903,json,1,1.0,local,ROCM,AMD_Radeon_RX_7900_XT,True,1,0,0,0,0,0,0,0,1,0.052095,False,1000hz,52.095,1,short,30000,True,canonical,0.9946279118426278,1.0,0.49403547775195966,0.5832092382543511,3,1000000000,19.19570016316345,52095,0.052095
NO_GEMMA,AMD_Radeon_RX_7900_XT,finnhub,0,1.0,0,0,0,medium,nested_corruption,medium,163,154,json,0.8308789914668114,json,1,1.0,local,ROCM,AMD_Radeon_RX_7900_XT,True,1,0,0,0,1,0,0,0,0,0.05066,False,1000hz,50.66,1,short,30000,True,canonical,0.9946279118426278,1.0,0.49531326495834,0.5841879688805148,4,1000000000,19.739439399921043,50660,0.05066
NO_GEMMA,AMD_Radeon_RX_7900_XT,openmeteo,0,1.0,0,0,0,medium,renamed_keys,medium,158,156,json,0.26002602717932294,json,1,1.0,local,ROCM,AMD_Radeon_RX_7900_XT,True,1,0,0,0,0,1,0,0,0,0.049764,False,1000hz,49.764,1,short,30000,True,canonical,0.9946279118426278,1.0,0.4961484744190038,0.5848277037865551,1,1000000000,20.094847681054578,49764,0.049764
NO_GEMMA,AMD_Radeon_RX_7900_XT,openmeteo,0,1.0,0,0,0,medium,renamed_keys,medium,158,156,json,0.5268970760299915,json,1,1.0,local,ROCM,AMD_Radeon_RX_7900_XT,True,1,0,0,0,0,1,0,0,0,0.051129,False,1000hz,51.129,1,short,30000,True,canonical,0.9946279118426278,1.0,0.4948877564771527,0.5838620474906692,2,1000000000,19.558371961117956,51129,0.051129
NO_GEMMA,AMD_Radeon_RX_7900_XT,openmeteo,0,1.0,0,0,0,medium,type_mismatch,medium,68,156,json,0.4336467245315878,json,1,1.0,local,ROCM,AMD_Radeon_RX_7900_XT,True,1,0,0,0,1,0,0,0,0,0.05083,False,1000hz,50.83,1,short,30000,True,canonical,0.9946279118426278,1.0,0.49515812220720357,0.5840691361349634,3,1000000000,19.673421207948063,50830,0.05083
NO_GEMMA,AMD_Radeon_RX_7900_XT,openmeteo,0,1.0,0,0,0,medium,nested_corruption,medium,187,156,json,0.6882598985578973,json,1,1.0,local,ROCM,AMD_Radeon_RX_7900_XT,True,2,0,0,1,0,0,1,0,0,0.050746,False,1000hz,50.746,1,short,30000,True,canonical,0.9946279118426278,1.0,0.4952346510635951,0.5841277539824123,4,1000000000,19.705986678753007,50746,0.050746
NO_GEMMA,AMD_Radeon_RX_7900_XT,spacex,0,1.0,0,0,0,medium,type_mismatch,medium,93,169,json,0.6245110651268251,json,1,1.0,local,ROCM,AMD_Radeon_RX_7900_XT,True,1,0,0,0,1,0,0,0,0,0.054383,False,1000hz,54.383,1,short,30000,True,canonical,0.9946279118426278,1.0,0.49213761554065655,0.5817555565605871,1,1000000000,18.388099222183403,54383,0.054383
NO_GEMMA,AMD_Radeon_RX_7900_XT,spacex,0,1.0,0,0,0,medium,merged_fields,medium,165,169,json,0.5870609983802932,json,1,1.0,local,ROCM,AMD_Radeon_RX_7900_XT,True,1,0,1,0,0,0,0,0,0,0.051219,False,1000hz,51.219,1,short,30000,True,canonical,0.9946279118426278,1.0,0.49480699356358987,0.5838001865355998,2,967741935,19.524004763857164,51219,0.051219
NO_GEMMA,AMD_Radeon_RX_7900_XT,spacex,0,1.0,0,0,0,medium,split_fields,medium,194,169,json,0.7990504202124632,json,1,1.0,local,ROCM,AMD_Radeon_RX_7900_XT,True,2,0,0,1,0,0,1,0,0,0.051909,False,1000hz,51.909,1,short,30000,True,canonical,0.9946279118426278,1.0,0.49419711524336424,0.5833330456945759,3,1000000000,19.26448207439943,51909,0.051909
NO_GEMMA,AMD_Radeon_RX_7900_XT,spacex,0,1.0,0,0,0,medium,split_fields,medium,198,169,json,0.45065819351164016,json,1,1.0,local,ROCM,AMD_Radeon_RX_7900_XT,True,2,0,0,1,0,0,1,0,0,0.054848,False,1000hz,54.848,1,short,30000,True,canonical,0.9946279118426278,1.0,0.4917712649822945,0.5814749476222671,4,1000000000,18.23220536756126,54848,0.054848
NO_GEMMA,AMD_Radeon_RX_7900_XT,openf1,0,1.0,0,0,0,medium,value_contradiction,medium,144,144,json,0.2160676604697403,json,1,0.0,local,ROCM,AMD_Radeon_RX_7900_XT,False,0,0,0,0,0,0,0,0,0,0.052036,False,1000hz,52.036,1,short,30000,True,canonical,0.9946279118426278,0.0,0.24408662472381806,0.2832484146583278,1,1000000000,19.217464832039358,52036,0.052036
NO_GEMMA,AMD_Radeon_RX_7900_XT,openf1,0,1.0,0,0,0,medium,missing_keys,medium,117,144,json,0.3126580086543451,json,1,1.0,local,ROCM,AMD_Radeon_RX_7900_XT,True,1,0,0,1,0,0,0,0,0,0.054753,False,1000hz,54.753,1,short,30000,True,canonical,0.9946279118426278,1.0,0.49184560501568647,0.5815318889244397,2,1000000000,18.26383942432378,54753,0.054753
NO_GEMMA,AMD_Radeon_RX_7900_XT,openf1,0,1.0,0,0,0,medium,nested_corruption,medium,153,144,json,0.4697600164895285,json,1,1.0,local,ROCM,AMD_Radeon_RX_7900_XT,True,1,0,0,0,1,0,0,0,0,0.060346,False,1000hz,60.346,1,short,30000,True,canonical,0.9946279118426278,1.0,0.48786768292200056,0.5784849698739569,3,1000000000,16.571106618499986,60346,0.060346
NO_GEMMA,AMD_Radeon_RX_7900_XT,openf1,0,1.0,0,0,0,medium,renamed_keys,medium,146,144,json,0.5539317162246921,json,1,1.0,local,ROCM,AMD_Radeon_RX_7900_XT,True,1,0,0,0,0,1,0,0,0,0.052302,False,1000hz,52.302,1,short,30000,True,canonical,0.9946279118426278,1.0,0.49385694254595663,0.5830724878837956,4,1000000000,19.119727735077053,52302,0.052302
NO_GEMMA,AMD_Radeon_RX_7900_XT,finnhub,0,1.0,0,0,0,low,extra_keys,low,182,154,json,0.1775673991785861,json,1,1.0,local,ROCM,AMD_Radeon_RX_7900_XT,True,1,1,0,0,0,0,0,0,0,0.052251,False,1000hz,52.251,1,short,30000,True,canonical,0.9946279118426278,1.0,0.49390079815386934,0.5831060794132608,1,1000000000,19.13838969589099,52251,0.052251
NO_GEMMA,AMD_Radeon_RX_7900_XT,finnhub,0,1.0,0,0,0,low,nested_corruption,low,163,154,json,0.575433392241116,json,1,1.0,local,ROCM,AMD_Radeon_RX_7900_XT,True,1,0,0,0,1,0,0,0,0,0.050386,False,1000hz,50.386,1,short,30000,True,canonical,0.9946279118426278,1.0,0.4955655220343057,0.5843811870663608,2,1000000000,19.846782836502204,50386,0.050386
NO_GEMMA,AMD_Radeon_RX_7900_XT,finnhub,0,1.0,0,0,0,low,value_contradiction,low,155,154,json,0.46970771434947234,json,1,1.0,local,ROCM,AMD_Radeon_RX_7900_XT,True,1,0,0,0,0,0,0,0,1,0.052106,False,1000hz,52.106,1,short,30000,True,canonical,0.9946279118426278,1.0,0.49402595468649274,0.5832019439914404,3,1000000000,19.191647794879668,52106,0.052106
NO_GEMMA,AMD_Radeon_RX_7900_XT,finnhub,0,1.0,0,0,0,low,split_fields,low,186,154,json,0.5631605273505128,json,1,1.0,local,ROCM,AMD_Radeon_RX_7900_XT,True,2,0,0,1,0,0,1,0,0,0.05687,False,1000hz,56.87,1,short,30000,True,canonical,0.9946279118426278,1.0,0.4902478964181123,0.5803081121262978,4,1000000000,17.583963425356075,56870,0.05687
NO_GEMMA,AMD_Radeon_RX_7900_XT,openmeteo,0,1.0,0,0,0,low,missing_keys,low,128,156,json,0.6248126520632076,json,1,1.0,local,ROCM,AMD_Radeon_RX_7900_XT,True,1,0,0,1,0,0,0,0,0,0.054912,False,1000hz,54.912,1,short,30000,True,canonical,0.9946279118426278,1.0,0.4917213282892715,0.5814366982403771,1,1000000000,18.21095571095571,54912,0.054912
NO_GEMMA,AMD_Radeon_RX_7900_XT,openmeteo,0,1.0,0,0,0,low,nested_corruption,low,165,156,json,0.18471055514522636,json,1,1.0,local,ROCM,AMD_Radeon_RX_7900_XT,True,1,0,0,0,1,0,0,0,0,0.050761,False,1000hz,50.761,1,short,30000,True,canonical,0.9946279118426278,1.0,0.4952209666202148,0.5841172722810999,2,1000000000,19.700163511357143,50761,0.050761
NO_GEMMA,AMD_Radeon_RX_7900_XT,openmeteo,0,1.0,0,0,0,low,merged_fields,low,152,156,json,0.22224976286173634,json,1,1.0,local,ROCM,AMD_Radeon_RX_7900_XT,True,1,0,1,0,0,0,0,0,0,0.051718,False,1000hz,51.718,1,short,30000,True,canonical,0.9946279118426278,1.0,0.4943643077639392,0.583461108050761,3,1000000000,19.33562782783557,51718,0.051718
NO_GEMMA,AMD_Radeon_RX_7900_XT,openmeteo,0,1.0,0,0,0,low,value_contradiction,low,169,156,json,0.1489783111461101,json,1,1.0,local,ROCM,AMD_Radeon_RX_7900_XT,True,1,0,0,0,0,0,0,0,1,0.052589,False,1000hz,52.589,1,short,30000,True,canonical,0.9946279118426278,1.0,0.49361173346476245,0.5828846681620299,4,1000000000,19.015383445207174,52589,0.052589
NO_GEMMA,AMD_Radeon_RX_7900_XT,spacex,0,1.0,0,0,0,low,split_fields,low,194,169,json,0.6763811704562024,json,1,1.0,local,ROCM,AMD_Radeon_RX_7900_XT,True,2,0,0,1,0,0,1,0,0,0.057066,False,1000hz,57.066,1,short,30000,True,canonical,0.9946279118426278,1.0,0.49010596998987627,0.5801994025216916,1,1000000000,17.523569200574773,57066,0.057066
NO_GEMMA,AMD_Radeon_RX_7900_XT,spacex,0,1.0,0,0,0,low,merged_fields,low,163,169,json,0.6359818974377378,json,1,1.0,local,ROCM,AMD_Radeon_RX_7900_XT,True,1,0,1,0,0,0,0,0,0,0.051486,False,1000hz,51.486,1,short,30000,True,canonical,0.9946279118426278,1.0,0.4945690582648858,0.5836179382216988,2,1000000000,19.4227557005788,51486,0.051486
NO_GEMMA,AMD_Radeon_RX_7900_XT,spacex,0,1.0,0,0,0,low,type_mismatch,low,154,169,json,0.4998389424246529,json,1,1.0,local,ROCM,AMD_Radeon_RX_7900_XT,True,1,0,0,0,0,0,0,1,0,0.050992,False,1000hz,50.992,1,short,30000,True,canonical,0.9946279118426278,1.0,0.4950112428642896,0.5839566328084762,3,1000000000,19.61091935989959,50992,0.050992
NO_GEMMA,AMD_Radeon_RX_7900_XT,spacex,0,1.0,0,0,0,low,type_mismatch,low,93,169,json,0.7677227833452499,json,1,1.0,local,ROCM,AMD_Radeon_RX_7900_XT,True,1,0,0,0,1,0,0,0,0,0.050989,False,1000hz,50.989,1,short,30000,True,canonical,0.9946279118426278,1.0,0.4950139543703299,0.5839587097067199,4,1000000000,19.612073192257153,50989,0.050989
NO_GEMMA,AMD_Radeon_RX_7900_XT,openf1,0,1.0,0,0,0,low,renamed_keys,low,146,144,json,0.3188510882668732,json,1,1.0,local,ROCM,AMD_Radeon_RX_7900_XT,True,1,0,0,0,0,1,0,0,0,0.053037,False,1000hz,53.037,1,short,30000,True,canonical,0.9946279118426278,1.0,0.4932342725282254,0.5825955491468099,1,1000000000,18.854761770085034,53037,0.053037
NO_GEMMA,AMD_Radeon_RX_7900_XT,openf1,0,1.0,0,0,0,low,nested_corruption,low,153,144,json,0.8265974224903865,json,1,1.0,local,ROCM,AMD_Radeon_RX_7900_XT,True,1,0,0,0,1,0,0,0,0,0.055135,False,1000hz,55.135,1,short,30000,True,canonical,0.9946279118426278,1.0,0.49154823585542134,0.5813041168016836,2,1000000000,18.137299356125872,55135,0.055135
NO_GEMMA,AMD_Radeon_RX_7900_XT,openf1,0,1.0,0,0,0,low,missing_keys,low,117,144,json,0.11213387228266791,json,1,1.0,local,ROCM,AMD_Radeon_RX_7900_XT,True,1,0,0,1,0,0,0,0,0,0.05639,False,1000hz,56.39,1,short,30000,True,canonical,0.9946279118426278,1.0,0.49059963805215734,0.5805775312502472,3,1000000000,17.733640716439083,56390,0.05639
NO_GEMMA,AMD_Radeon_RX_7900_XT,openf1,0,1.0,0,0,0,low,merged_fields,low,140,144,json,0.7471449856495114,json,1,1.0,local,ROCM,AMD_Radeon_RX_7900_XT,True,1,0,1,0,0,0,0,0,0,0.052663,False,1000hz,52.663,1,short,30000,True,canonical,0.9946279118426278,1.0,0.49354894222269263,0.5828365727425722,4,1000000000,18.988663767730664,52663,0.052663
NO_GEMMA,AMD_Radeon_RX_7900_XT,finnhub,0,1.0,0,0,0,high,renamed_keys,high,156,154,schema,0.47372818187523413,schema,1,1.0,local,ROCM,AMD_Radeon_RX_7900_XT,True,1,0,0,0,0,1,0,0,0,0.055983,False,1000hz,55.983,1,short,30000,True,canonical,0.9946279118426278,1.0,0.4909026111093933,0.5808095957196194,1,1000000000,17.862565421645858,55983,0.055983
NO_GEMMA,AMD_Radeon_RX_7900_XT,finnhub,0,1.0,0,0,0,high,extra_keys,high,178,154,schema,0.6399564583697055,schema,1,1.0,local,ROCM,AMD_Radeon_RX_7900_XT,True,1,1,0,0,0,0,0,0,0,0.052081,False,1000hz,52.081,1,short,30000,True,canonical,0.9946279118426278,1.0,0.4940476038350873,0.5832185263180233,2,1000000000,19.200860198536894,52081,0.052081
NO_GEMMA,AMD_Radeon_RX_7900_XT,finnhub,0,1.0,0,0,0,high,renamed_keys,high,156,154,schema,0.3578132382381324,schema,1,1.0,local,ROCM,AMD_Radeon_RX_7900_XT,True,1,0,0,0,0,1,0,0,0,0.052749,False,1000hz,52.749,1,short,30000,True,canonical,0.9946279118426278,1.0,0.4934761899629823,0.5827808476074748,3,1000000000,18.957705359343308,52749,0.052749
NO_GEMMA,AMD_Radeon_RX_7900_XT,finnhub,0,1.0,0,0,0,high,split_fields,high,154,154,schema,0.684689790700921,schema,1,0.0,local,ROCM,AMD_Radeon_RX_7900_XT,False,0,0,0,0,0,0,0,0,0,0.050565,False,1000hz,50.565,1,short,30000,True,canonical,0.9946279118426278,0.0,0.24540041674012647,0.28425472343677677,4,1000000000,19.776525264511026,50565,0.050565
NO_GEMMA,AMD_Radeon_RX_7900_XT,openmeteo,0,1.0,0,0,0,high,nested_corruption,high,165,156,schema,0.20946823866509057,schema,1,1.0,local,ROCM,AMD_Radeon_RX_7900_XT,True,1,0,0,0,1,0,0,0,0,0.052482,False,1000hz,52.482,1,short,30000,True,canonical,0.9946279118426278,1.0,0.4937028393328181,0.582954451380115,1,1000000000,19.054151899698944,52482,0.052482
NO_GEMMA,AMD_Radeon_RX_7900_XT,openmeteo,0,1.0,0,0,0,high,split_fields,high,156,156,schema,0.8124400448505215,schema,1,0.0,local,ROCM,AMD_Radeon_RX_7900_XT,False,0,0,0,0,0,0,0,0,0,0.0521,False,1000hz,52.1,1,short,30000,True,canonical,0.9946279118426278,0.0,0.24403114858733554,0.28320592229846886,2,1000000000,19.193857965451055,52100,0.0521
NO_GEMMA,AMD_Radeon_RX_7900_XT,openmeteo,0,1.0,0,0,0,high,type_mismatch,high,154,156,schema,0.6041681848359662,schema,1,1.0,local,ROCM,AMD_Radeon_RX_7900_XT,True,1,0,0,0,0,0,0,1,0,0.052452,False,1000hz,52.452,1,short,30000,True,canonical,0.9946279118426278,1.0,0.49372844975203817,0.5829740678714325,3,1000000000,19.065049950430872,52452,0.052452
NO_GEMMA,AMD_Radeon_RX_7900_XT,openmeteo,0,1.0,0,0,0,high,renamed_keys,high,158,156,schema,0.45226356030906534,schema,1,1.0,local,ROCM,AMD_Radeon_RX_7900_XT,True,1,0,0,0,0,1,0,0,0,0.051085,False,1000hz,51.085,1,short,30000,True,canonical,0.9946279118426278,1.0,0.4949273441381253,0.5838923699543929,4,1000000000,19.57521777429774,51085,0.051085
NO_GEMMA,AMD_Radeon_RX_7900_XT,spacex,0,1.0,0,0,0,high,nested_corruption,high,182,169,schema,0.4700185091161072,schema,1,1.0,local,ROCM,AMD_Radeon_RX_7900_XT,True,2,0,0,1,0,0,1,0,0,0.051253,False,1000hz,51.253,1,short,30000,True,canonical,0.9946279118426278,1.0,0.49477655694562345,0.5837768733814127,1,1000000000,19.511053011531033,51253,0.051253
NO_GEMMA,AMD_Radeon_RX_7900_XT,spacex,0,1.0,0,0,0,high,nested_corruption,high,178,169,schema,0.23189277787033893,schema,1,1.0,local,ROCM,AMD_Radeon_RX_7900_XT,True,1,0,0,0,1,0,0,0,0,0.051362,False,1000hz,51.362,1,short,30000,True,canonical,0.9946279118426278,1.0,0.49467925239695126,0.583702342237749,2,1000000000,19.469646820606673,51362,0.051362
NO_GEMMA,AMD_Radeon_RX_7900_XT,spacex,0,1.0,0,0,0,high,nested_corruption,high,178,169,schema,0.3283430374664843,schema,1,1.0,local,ROCM,AMD_Radeon_RX_7900_XT,True,1,0,0,0,1,0,0,0,0,0.053007,False,1000hz,53.007,1,short,30000,True,canonical,0.9946279118426278,1.0,0.49325934960681483,0.5826147571218998,3,147058823,18.865432867357143,53007,0.053007
NO_GEMMA,AMD_Radeon_RX_7900_XT,spacex,0,1.0,0,0,0,high,nested_corruption,high,182,169,schema,0.18993833954581385,schema,1,1.0,local,ROCM,AMD_Radeon_RX_7900_XT,True,2,0,0,1,0,0,1,0,0,0.052113,False,1000hz,52.113,1,short,30000,True,canonical,0.9946279118426278,1.0,0.49401989664711254,0.5831973037910639,4,1000000000,19.18906990578167,52113,0.052113
NO_GEMMA,AMD_Radeon_RX_7900_XT,openf1,0,1.0,0,0,0,high,renamed_keys,high,146,144,schema,0.43194701086756904,schema,1,1.0,local,ROCM,AMD_Radeon_RX_7900_XT,True,1,0,0,0,0,1,0,0,0,0.052459,False,1000hz,52.459,1,short,30000,True,canonical,0.9946279118426278,1.0,0.49372247136755343,0.5829694886833166,1,1000000000,19.06250595703311,52459,0.052459
NO_GEMMA,AMD_Radeon_RX_7900_XT,openf1,0,1.0,0,0,0,high,renamed_keys,high,146,144,schema,0.7842828670234504,schema,1,1.0,local,ROCM,AMD_Radeon_RX_7900_XT,True,1,0,0,0,0,1,0,0,0,0.052373,False,1000hz,52.373,1,short,30000,True,canonical,0.9946279118426278,1.0,0.49379603088207263,0.5830258321412461,2,1000000000,19.093807878105128,52373,0.052373
NO_GEMMA,AMD_Radeon_RX_7900_XT,openf1,0,1.0,0,0,0,high,missing_keys,high,117,144,schema,0.8451085617082543,schema,1,1.0,local,ROCM,AMD_Radeon_RX_7900_XT,True,1,0,0,1,0,0,0,0,0,0.052322,False,1000hz,52.322,1,short,30000,True,canonical,0.9946279118426278,1.0,0.49383976760609294,0.5830593326107084,3,1000000000,19.11241925002867,52322,0.052322
NO_GEMMA,AMD_Radeon_RX_7900_XT,openf1,0,1.0,0,0,0,high,merged_fields,high,144,144,schema,0.27617875488751786,schema,1,0.0,local,ROCM,AMD_Radeon_RX_7900_XT,False,0,0,0,0,0,0,0,0,0,0.053892,False,1000hz,53.892,1,short,30000,True,canonical,0.9946279118426278,0.0,0.242531312347001,0.28205711156119134,4,1000000000,18.555629778074668,53892,0.053892
NO_GEMMA,AMD_Radeon_RX_7900_XT,finnhub,0,1.0,0,0,0,medium,split_fields,medium,154,154,schema,0.47323115586243847,schema,1,0.0,local,ROCM,AMD_Radeon_RX_7900_XT,False,0,0,0,0,0,0,0,0,0,0.051781,False,1000hz,51.781,1,short,30000,True,canonical,0.9946279118426278,0.0,0.24430902417150352,0.2834187631714486,1,1000000000,19.312102894884223,51781,0.051781
NO_GEMMA,AMD_Radeon_RX_7900_XT,finnhub,0,1.0,0,0,0,medium,value_contradiction,medium,162,154,schema,0.6807019249536381,schema,1,1.0,local,ROCM,AMD_Radeon_RX_7900_XT,True,1,0,0,0,0,0,0,0,1,0.051206,False,1000hz,51.206,1,short,30000,True,canonical,0.9946279118426278,1.0,0.49481864177562634,0.5838091085703511,2,1000000000,19.5289614498301,51206,0.051206
NO_GEMMA,AMD_Radeon_RX_7900_XT,finnhub,0,1.0,0,0,0,medium,extra_keys,medium,182,154,schema,0.7665257945601832,schema,1,1.0,local,ROCM,AMD_Radeon_RX_7900_XT,True,1,1,0,0,0,0,0,0,0,0.054142,False,1000hz,54.142,1,short,30000,True,canonical,0.9946279118426278,1.0,0.49232996344052143,0.5819028868668665,3,1000000000,18.469949392338663,54142,0.054142
NO_GEMMA,AMD_Radeon_RX_7900_XT,finnhub,0,1.0,0,0,0,medium,missing_keys,medium,138,154,schema,0.7406562166313687,schema,1,1.0,local,ROCM,AMD_Radeon_RX_7900_XT,True,1,0,0,1,0,0,0,0,0,0.057058,False,1000hz,57.058,1,short,30000,True,canonical,0.9946279118426278,1.0,0.49011174381827843,0.5802038250285527,4,1000000000,17.526026148831015,57058,0.057058
NO_GEMMA,AMD_Radeon_RX_7900_XT,openmeteo,0,1.0,0,0,0,medium,missing_keys,medium,43,156,schema,0.5989694844327584,schema,1,1.0,local,ROCM,AMD_Radeon_RX_7900_XT,True,1,0,0,1,0,0,0,0,0,0.051286,False,1000hz,51.286,1,short,30000,True,canonical,0.9946279118426278,1.0,0.49474705411520103,0.5837542754687488,1,1000000000,19.4984986156066,51286,0.051286
NO_GEMMA,AMD_Radeon_RX_7900_XT,openmeteo,0,1.0,0,0,0,medium,missing_keys,medium,43,156,schema,0.574565663900185,schema,1,1.0,local,ROCM,AMD_Radeon_RX_7900_XT,True,1,0,0,1,0,0,0,0,0,0.052818,False,1000hz,52.818,1,short,30000,True,canonical,0.9946279118426278,1.0,0.49341799025977473,0.582736269111401,2,1000000000,18.93293952819115,52818,0.052818
NO_GEMMA,AMD_Radeon_RX_7900_XT,openmeteo,0,1.0,0,0,0,medium,value_contradiction,medium,170,156,schema,0.5357155494139224,schema,1,1.0,local,ROCM,AMD_Radeon_RX_7900_XT,True,1,0,0,0,0,0,0,0,1,0.05257,False,1000hz,52.57,1,short,30000,True,canonical,0.9946279118426278,1.0,0.4936278840615064,0.5828970388318763,3,1000000000,19.022256039566294,52570,0.05257
NO_GEMMA,AMD_Radeon_RX_7900_XT,openmeteo,0,1.0,0,0,0,medium,renamed_keys,medium,158,156,schema,0.6508763454627415,schema,1,1.0,local,ROCM,AMD_Radeon_RX_7900_XT,True,1,0,0,0,0,1,0,0,0,0.054399,False,1000hz,54.399,1,short,30000,True,canonical,0.9946279118426278,1.0,0.492124905885502,0.5817458215055751,4,1000000000,18.382690858287834,54399,0.054399
NO_GEMMA,AMD_Radeon_RX_7900_XT,spacex,0,1.0,0,0,0,medium,value_contradiction,medium,169,169,schema,0.514280343528925,schema,1,0.0,local,ROCM,AMD_Radeon_RX_7900_XT,False,0,0,0,0,0,0,0,0,0,0.052309,False,1000hz,52.309,1,short,30000,True,canonical,0.9946279118426278,0.0,0.2438509298230745,0.2830678823939285,1,1000000000,19.11716912959529,52309,0.052309
NO_GEMMA,AMD_Radeon_RX_7900_XT,spacex,0,1.0,0,0,0,medium,type_mismatch,medium,93,169,schema,0.16143711109669204,schema,1,1.0,local,ROCM,AMD_Radeon_RX_7900_XT,True,1,0,0,0,1,0,0,0,0,0.053495,False,1000hz,53.495,1,short,30000,True,canonical,0.9946279118426278,1.0,0.4928549215591041,0.5823049824470576,2,1000000000,18.69333582577811,53495,0.053495
NO_GEMMA,AMD_Radeon_RX_7900_XT,spacex,0,1.0,0,0,0,medium,merged_fields,medium,169,169,schema,0.8663325943053699,schema,1,0.0,local,ROCM,AMD_Radeon_RX_7900_XT,False,0,0,0,0,0,0,0,0,0,0.051314,False,1000hz,51.314,1,short,30000,True,canonical,0.9946279118426278,0.0,0.2447220511684632,0.2837351242755028,3,1000000000,19.487859063803253,51314,0.051314
NO_GEMMA,AMD_Radeon_RX_7900_XT,spacex,0,1.0,0,0,0,medium,extra_keys,medium,196,169,schema,0.878000568808195,schema,1,1.0,local,ROCM,AMD_Radeon_RX_7900_XT,True,1,1,0,0,0,0,0,0,0,0.053115,False,1000hz,53.115,1,short,30000,True,canonical,0.9946279118426278,1.0,0.4931692046974345,0.5825457099572681,4,1000000000,18.827073331450624,53115,0.053115
NO_GEMMA,AMD_Radeon_RX_7900_XT,openf1,0,1.0,0,0,0,medium,type_mismatch,medium,129,144,schema,0.5290590046392446,schema,1,1.0,local,ROCM,AMD_Radeon_RX_7900_XT,True,1,0,0,0,0,0,0,1,0,0.051389,False,1000hz,51.389,1,short,30000,True,canonical,0.9946279118426278,1.0,0.4946552132233777,0.5836839292537352,1,1000000000,19.459417385043494,51389,0.051389
NO_GEMMA,AMD_Radeon_RX_7900_XT,openf1,0,1.0,0,0,0,medium,extra_keys,medium,171,144,schema,0.7491617672372034,schema,1,1.0,local,ROCM,AMD_Radeon_RX_7900_XT,True,1,1,0,0,0,0,0,0,0,0.0535,False,1000hz,53.5,1,short,30000,True,canonical,0.9946279118426278,1.0,0.49285081601338543,0.5823018377737411,2,1000000000,18.69158878504673,53500,0.0535
NO_GEMMA,AMD_Radeon_RX_7900_XT,openf1,0,1.0,0,0,0,medium,nested_corruption,medium,153,144,schema,0.37351823237739046,schema,1,1.0,local,ROCM,AMD_Radeon_RX_7900_XT,True,1,0,0,0,1,0,0,0,0,0.053877,False,1000hz,53.877,1,short,30000,True,canonical,0.9946279118426278,1.0,0.4925434527028055,0.5820664105571266,3,1000000000,18.560795886927632,53877,0.053877
NO_GEMMA,AMD_Radeon_RX_7900_XT,openf1,0,1.0,0,0,0,medium,split_fields,medium,169,144,schema,0.20845358416577017,schema,1,1.0,local,ROCM,AMD_Radeon_RX_7900_XT,True,2,0,0,1,0,0,1,0,0,0.052086,False,1000hz,52.086,1,short,30000,True,canonical,0.9946279118426278,1.0,0.49404327234279893,0.5832152085792491,4,1000000000,19.199017010329072,52086,0.052086
NO_GEMMA,AMD_Radeon_RX_7900_XT,finnhub,0,1.0,0,0,0,low,extra_keys,low,178,154,schema,0.12002477189103287,schema,1,1.0,local,ROCM,AMD_Radeon_RX_7900_XT,True,1,1,0,0,0,0,0,0,0,0.053023,False,1000hz,53.023,1,short,30000,True,canonical,0.9946279118426278,1.0,0.49324597163356143,0.5826045101636632,1,1000000000,18.859740112781246,53023,0.053023
NO_GEMMA,AMD_Radeon_RX_7900_XT,finnhub,0,1.0,0,0,0,low,extra_keys,low,181,154,schema,0.7780021692852117,schema,1,1.0,local,ROCM,AMD_Radeon_RX_7900_XT,True,1,1,0,0,0,0,0,0,0,0.055008,False,1000hz,55.008,1,short,30000,True,canonical,0.9946279118426278,1.0,0.49164664112361567,0.5813794910496621,2,1000000000,18.17917393833624,55008,0.055008
NO_GEMMA,AMD_Radeon_RX_7900_XT,finnhub,0,1.0,0,0,0,low,extra_keys,low,178,154,schema,0.7669326851429956,schema,1,1.0,local,ROCM,AMD_Radeon_RX_7900_XT,True,1,1,0,0,0,0,0,0,0,0.055074,False,1000hz,55.074,1,short,30000,True,canonical,0.9946279118426278,1.0,0.49159544473552275,0.5813402767949527,3,1000000000,18.157388241275374,55074,0.055074
NO_GEMMA,AMD_Radeon_RX_7900_XT,finnhub,0,1.0,0,0,0,low,merged_fields,low,154,154,schema,0.4509235638246083,schema,1,0.0,local,ROCM,AMD_Radeon_RX_7900_XT,False,0,0,0,0,0,0,0,0,0,0.057348,False,1000hz,57.348,1,short,30000,True,canonical,0.9946279118426278,0.0,0.23990347174566165,0.2800442974835697,4,1000000000,17.437399734951523,57348,0.057348
NO_GEMMA,AMD_Radeon_RX_7900_XT,openmeteo,0,1.0,0,0,0,low,type_mismatch,low,144,156,schema,0.15803117881739218,schema,1,1.0,local,ROCM,AMD_Radeon_RX_7900_XT,True,1,0,0,0,0,0,0,1,0,0.049966,False,1000hz,49.966,1,short,30000,True,canonical,0.9946279118426278,1.0,0.4959575641161139,0.5846814746183843,1,1000000000,20.013609254292916,49966,0.049966
NO_GEMMA,AMD_Radeon_RX_7900_XT,openmeteo,0,1.0,0,0,0,low,renamed_keys,low,158,156,schema,0.11002237637949551,schema,1,1.0,local,ROCM,AMD_Radeon_RX_7900_XT,True,1,0,0,0,0,1,0,0,0,0.05176,False,1000hz,51.76,1,short,30000,True,canonical,0.9946279118426278,1.0,0.49432743708259047,0.5834328666778131,2,1000000000,19.319938176197837,51760,0.05176
NO_GEMMA,AMD_Radeon_RX_7900_XT,openmeteo,0,1.0,0,0,0,low,merged_fields,low,156,156,schema,0.23466717063309198,schema,1,0.0,local,ROCM,AMD_Radeon_RX_7900_XT,False,0,0,0,0,0,0,0,0,0,0.052379,False,1000hz,52.379,1,short,30000,True,canonical,0.9946279118426278,0.0,0.243790890984574,0.28302189519848125,3,1000000000,19.091620687680177,52379,0.052379
NO_GEMMA,AMD_Radeon_RX_7900_XT,openmeteo,0,1.0,0,0,0,low,type_mismatch,low,154,156,schema,0.8517148102912476,schema,1,1.0,local,ROCM,AMD_Radeon_RX_7900_XT,True,1,0,0,0,0,0,0,1,0,0.05182,False,1000hz,51.82,1,short,30000,True,canonical,0.9946279118426278,1.0,0.4942748683584909,0.5833926012721197,4,1000000000,19.297568506368197,51820,0.05182
NO_GEMMA,AMD_Radeon_RX_7900_XT,spacex,0,1.0,0,0,0,low,missing_keys,low,132,169,schema,0.39220625861351277,schema,1,1.0,local,ROCM,AMD_Radeon_RX_7900_XT,True,1,0,0,1,0,0,0,0,0,0.050305,False,1000hz,50.305,1,short,30000,True,canonical,0.9946279118426278,1.0,0.49564062063509945,0.5844387093988838,1,1000000000,19.878739687903785,50305,0.050305
NO_GEMMA,AMD_Radeon_RX_7900_XT,spacex,0,1.0,0,0,0,low,merged_fields,low,169,169,schema,0.6364920068452925,schema,1,0.0,local,ROCM,AMD_Radeon_RX_7900_XT,False,0,0,0,0,0,0,0,0,0,0.053222,False,1000hz,53.222,1,short,30000,True,canonical,0.9946279118426278,0.0,0.24308025524816182,0.2824775784642081,2,1000000000,18.78922250197287,53222,0.053222
NO_GEMMA,AMD_Radeon_RX_7900_XT,spacex,0,1.0,0,0,0,low,split_fields,low,169,169,schema,0.5504112358698147,schema,1,0.0,local,ROCM,AMD_Radeon_RX_7900_XT,False,0,0,0,0,0,0,0,0,0,0.053915,False,1000hz,53.915,1,short,30000,True,canonical,0.9946279118426278,0.0,0.24251271025501353,0.28204286315030735,3,1000000000,18.54771399425021,53915,0.053915
NO_GEMMA,AMD_Radeon_RX_7900_XT,spacex,0,1.0,0,0,0,low,missing_keys,low,132,169,schema,0.8726669499457614,schema,1,1.0,local,ROCM,AMD_Radeon_RX_7900_XT,True,1,0,0,1,0,0,0,0,0,0.052582,False,1000hz,52.582,1,short,30000,True,canonical,0.9946279118426278,1.0,0.4936176823266861,0.5828892247371203,4,1000000000,19.017914875813016,52582,0.052582
NO_GEMMA,AMD_Radeon_RX_7900_XT,openf1,0,1.0,0,0,0,low,extra_keys,low,168,144,schema,0.15126980412361216,schema,1,1.0,local,ROCM,AMD_Radeon_RX_7900_XT,True,1,1,0,0,0,0,0,0,0,0.054873,False,1000hz,54.873,1,short,30000,True,canonical,0.9946279118426278,1.0,0.4917517445976729,0.5814599958383017,1,1000000000,18.223898820913746,54873,0.054873
NO_GEMMA,AMD_Radeon_RX_7900_XT,openf1,0,1.0,0,0,0,low,split_fields,low,169,144,schema,0.17827669885836867,schema,1,1.0,local,ROCM,AMD_Radeon_RX_7900_XT,True,2,0,0,1,0,0,1,0,0,0.053708,False,1000hz,53.708,1,short,30000,True,canonical,0.9946279118426278,1.0,0.4926807026485583,0.5821715381751501,2,1000000000,18.61920011916288,53708,0.053708
NO_GEMMA,AMD_Radeon_RX_7900_XT,openf1,0,1.0,0,0,0,low,split_fields,low,169,144,schema,0.5378873189183138,schema,1,1.0,local,ROCM,AMD_Radeon_RX_7900_XT,True,2,0,0,1,0,0,1,0,0,0.055537,False,1000hz,55.537,1,short,30000,True,canonical,0.9946279118426278,1.0,0.49123971528892096,0.5810678031762789,3,1000000000,18.006014008678896,55537,0.055537
NO_GEMMA,AMD_Radeon_RX_7900_XT,openf1,0,1.0,0,0,0,low,value_contradiction,low,144,144,schema,0.24645199168638587,schema,1,0.0,local,ROCM,AMD_Radeon_RX_7900_XT,False,0,0,0,0,0,0,0,0,0,0.052951,False,1000hz,52.951,1,short,30000,True,canonical,0.9946279118426278,0.0,0.24330623618054045,0.28265067024220025,4,1000000000,18.885384600857396,52951,0.052951
NO_GEMMA,AMD_Radeon_RX_7900_XT,finnhub,0,1.0,0,0,0,high,type_mismatch,high,148,154,gemma,0.15986271744707292,gemma,1,1.0,local,ROCM,AMD_Radeon_RX_7900_XT,True,1,0,0,0,0,0,0,1,0,15.396826,False,1000hz,15396.826,1,short,30000,True,canonical,0.9946279118426278,1.0,0.44907821122852565,0.548773885172572,1,1956,0.0649484510638751,15396826,15.396826
NO_GEMMA,AMD_Radeon_RX_7900_XT,finnhub,0,1.0,0,0,0,high,type_mismatch,high,63,154,gemma,0.751022452704376,gemma,1,1.0,local,ROCM,AMD_Radeon_RX_7900_XT,True,1,0,0,0,1,0,0,0,0,14.12275,False,1000hz,14122.75,1,short,30000,True,canonical,0.9946279118426278,1.0,0.4490919805558474,0.5487844318913716,2,2132,0.07080773928590395,14122750,14.12275
NO_GEMMA,AMD_Radeon_RX_7900_XT,finnhub,0,1.0,0,0,0,high,nested_corruption,high,163,154,gemma,0.2955247209567262,gemma,1,1.0,local,ROCM,AMD_Radeon_RX_7900_XT,True,1,0,0,0,1,0,0,0,0,15.995084,False,1000hz,15995.084,1,short,30000,True,canonical,0.9946279118426278,1.0,0.4490725025097389,0.5487695125369054,4,1892,0.06251920902697354,15995084,15.995084
NO_GEMMA,AMD_Radeon_RX_7900_XT,openmeteo,0,1.0,0,0,0,high,value_contradiction,high,156,156,gemma,0.7019435294302425,gemma,1,0.0,local,ROCM,AMD_Radeon_RX_7900_XT,False,0,0,0,0,0,0,0,0,0,13.761402,False,1000hz,13761.402,1,short,30000,True,canonical,0.9946279118426278,0.0,0.19909634985282695,0.24878777858693035,1,2189,0.07266701459633255,13761402,13.761402
NO_GEMMA,AMD_Radeon_RX_7900_XT,openmeteo,0,1.0,0,0,0,high,missing_keys,high,43,156,gemma,0.5556210306302276,gemma,1,1.0,local,ROCM,AMD_Radeon_RX_7900_XT,True,1,0,0,1,0,0,0,0,0,15.195107,False,1000hz,15195.107,1,short,30000,True,canonical,0.9946279118426278,1.0,0.4490802374163644,0.5487754371462356,2,1981,0.06581065865478933,15195107,15.195107
NO_GEMMA,AMD_Radeon_RX_7900_XT,openmeteo,0,1.0,0,0,0,high,nested_corruption,high,187,156,gemma,0.6269969482811206,gemma,1,1.0,local,ROCM,AMD_Radeon_RX_7900_XT,True,2,0,0,1,0,0,1,0,0,15.386238,False,1000hz,15386.238,1,short,30000,True,canonical,0.9946279118426278,1.0,0.44907831625968203,0.5487739656219683,3,1957,0.0649931451729786,15386238,15.386238
NO_GEMMA,AMD_Radeon_RX_7900_XT,openmeteo,0,1.0,0,0,0,high,extra_keys,high,184,156,gemma,0.8677754483544289,gemma,1,1.0,local,ROCM,AMD_Radeon_RX_7900_XT,True,1,1,0,0,0,0,0,0,0,14.186666,False,1000hz,14186.666,1,short,30000,True,canonical,0.9946279118426278,1.0,0.44909123087255043,0.5487838576658675,4,2123,0.07048872511695137,14186666,14.186666
NO_GEMMA,AMD_Radeon_RX_7900_XT,spacex,0,1.0,0,0,0,high,merged_fields,high,163,169,gemma,0.14515287631920692,gemma,1,1.0,local,ROCM,AMD_Radeon_RX_7900_XT,True,1,0,1,0,0,0,0,0,0,15.895589,False,1000hz,15895.589,1,short,30000,True,canonical,0.9946279118426278,1.0,0.4490734221245736,0.5487702169227363,1,1895,0.06291053448853012,15895589,15.895589
NO_GEMMA,AMD_Radeon_RX_7900_XT,spacex,0,1.0,0,0,0,high,missing_keys,high,132,169,gemma,0.7758348304967017,gemma,1,1.0,local,ROCM,AMD_Radeon_RX_7900_XT,True,1,0,0,1,0,0,0,0,0,14.814264,False,1000hz,14814.264,1,short,30000,True,canonical,0.9946279118426278,1.0,0.44908421326642234,0.5487784824781949,2,2033,0.06750250974331226,14814264,14.814264
NO_GEMMA,AMD_Radeon_RX_7900_XT,spacex,0,1.0,0,0,0,high,nested_corruption,high,182,169,gemma,0.30220258167945846,gemma,1,1.0,local,ROCM,AMD_Radeon_RX_7900_XT,True,2,0,0,1,0,0,1,0,0,15.454627,False,1000hz,15454.627,1,short,30000,True,canonical,0.9946279118426278,1.0,0.44907764038972525,0.5487734479343418,3,1948,0.06470554093605753,15454627,15.454627
NO_GEMMA,AMD_Radeon_RX_7900_XT,spacex,0,1.0,0,0,0,high,nested_corruption,high,178,169,gemma,0.4438883602466661,gemma,1,1.0,local,ROCM,AMD_Radeon_RX_7900_XT,True,1,0,0,0,1,0,0,0,0,13.752415,False,1000hz,13752.415,1,short,30000,True,canonical,0.9946279118426278,1.0,0.44909646144685467,0.5487878640632069,4,2190,0.07271450141666028,13752415,13.752415
NO_GEMMA,AMD_Radeon_RX_7900_XT,openf1,0,1.0,0,0,0,high,type_mismatch,high,80,144,gemma,0.1152963446453458,gemma,1,1.0,local,ROCM,AMD_Radeon_RX_7900_XT,True,1,0,0,0,1,0,0,0,0,14.085552,False,1000hz,14085.552,1,short,30000,True,canonical,0.9946279118426278,1.0,0.44909241999050875,0.5487847684796227,1,2138,0.07099473275878716,14085552,14.085552
NO_GEMMA,AMD_Radeon_RX_7900_XT,openf1,0,1.0,0,0,0,high,value_contradiction,high,152,144,gemma,0.2557385624868103,gemma,1,1.0,local,ROCM,AMD_Radeon_RX_7900_XT,True,1,0,0,0,0,0,0,0,1,14.462321,False,1000hz,14462.321,1,short,30000,True,canonical,0.9946279118426278,1.0,0.4490880735758498,0.5487814393109479,3,2094,0.06914519460603868,14462321,14.462321
NO_GEMMA,AMD_Radeon_RX_7900_XT,openf1,0,1.0,0,0,0,high,extra_keys,high,168,144,gemma,0.4462900580448118,gemma,1,1.0,local,ROCM,AMD_Radeon_RX_7900_XT,True,1,1,0,0,0,0,0,0,0,14.187965,False,1000hz,14187.965,1,short,30000,True,canonical,0.9946279118426278,1.0,0.44909121570635796,0.5487838460492095,4,2123,0.07048227141806454,14187965,14.187965
NO_GEMMA,AMD_Radeon_RX_7900_XT,finnhub,0,1.0,0,0,0,medium,split_fields,medium,275,154,gemma,0.7870469416927465,gemma,1,1.0,local,ROCM,AMD_Radeon_RX_7900_XT,True,1,1,0,0,0,0,0,0,0,14.352477,False,1000hz,14352.477,1,short,30000,True,canonical,0.9946279118426278,1.0,0.4490893171719327,0.5487823918526283,1,2098,0.06967438442855543,14352477,14.352477
NO_GEMMA,AMD_Radeon_RX_7900_XT,finnhub,0,1.0,0,0,0,medium,nested_corruption,medium,163,154,gemma,0.73566232270331,gemma,1,1.0,local,ROCM,AMD_Radeon_RX_7900_XT,True,1,0,0,0,1,0,0,0,0,14.18802,False,1000hz,14188.02,1,short,30000,True,canonical,0.9946279118426278,1.0,0.4490912150642788,0.548783845557404,2,2122,0.07048199819284157,14188020,14.18802
NO_GEMMA,AMD_Radeon_RX_7900_XT,finnhub,0,1.0,0,0,0,medium,type_mismatch,medium,151,154,gemma,0.47170007789142787,gemma,1,1.0,local,ROCM,AMD_Radeon_RX_7900_XT,True,1,0,0,0,0,0,0,1,0,14.276135,False,1000hz,14276.135,1,short,30000,True,canonical,0.9946279118426278,1.0,0.44909019274801554,0.5487830625066492,3,2111,0.07004696999573064,14276135,14.276135
NO_GEMMA,AMD_Radeon_RX_7900_XT,finnhub,0,1.0,0,0,0,medium,split_fields,medium,181,154,gemma,0.6488987119797323,gemma,1,1.0,local,ROCM,AMD_Radeon_RX_7900_XT,True,1,1,0,0,0,0,0,0,0,14.342436,False,1000hz,14342.436,1,short,30000,True,canonical,0.9946279118426278,1.0,0.44908943180107663,0.5487824796536748,4,2099,0.06972316278768823,14342436,14.342436
NO_GEMMA,AMD_Radeon_RX_7900_XT,openmeteo,0,1.0,0,0,0,medium,value_contradiction,medium,164,156,gemma,0.4784458657781966,gemma,1,1.0,local,ROCM,AMD_Radeon_RX_7900_XT,True,1,0,0,0,0,0,0,0,1,14.868175,False,1000hz,14868.175,1,short,30000,True,canonical,0.9946279118426278,1.0,0.4490836380814829,0.5487780419110072,2,2063,0.06725775019462711,14868175,14.868175
NO_GEMMA,AMD_Radeon_RX_7900_XT,openmeteo,0,1.0,0,0,0,medium,value_contradiction,medium,164,156,gemma,0.1742972919252165,gemma,1,1.0,local,ROCM,AMD_Radeon_RX_7900_XT,True,1,0,0,0,0,0,0,0,1,14.570575,False,1000hz,14570.575,1,short,30000,True,canonical,0.9946279118426278,1.0,0.44908686632609074,0.5487805146090047,3,2067,0.06863147130432395,14570575,14.570575
NO_GEMMA,AMD_Radeon_RX_7900_XT,openmeteo,0,1.0,0,0,0,medium,nested_corruption,medium,187,156,gemma,0.3224731781456215,gemma,1,1.0,local,ROCM,AMD_Radeon_RX_7900_XT,True,2,0,0,1,0,0,1,0,0,14.214649,False,1000hz,14214.649,1,short,30000,True,canonical,0.9946279118426278,1.0,0.4490909047764162,0.548783607890105,4,2119,0.07034996080451934,14214649,14.214649
NO_GEMMA,AMD_Radeon_RX_7900_XT,spacex,0,1.0,0,0,0,medium,merged_fields,medium,163,169,gemma,0.8486802313976124,gemma,1,1.0,local,ROCM,AMD_Radeon_RX_7900_XT,True,1,0,1,0,0,0,0,0,0,15.421017,False,1000hz,15421.017,1,short,30000,True,canonical,0.9946279118426278,1.0,0.44907797179913184,0.5487737017798446,1,1953,0.0648465662154448,15421017,15.421017
NO_GEMMA,AMD_Radeon_RX_7900_XT,spacex,0,1.0,0,0,0,medium,split_fields,medium,275,169,gemma,0.7762209385053764,gemma,1,1.0,local,ROCM,AMD_Radeon_RX_7900_XT,True,1,1,0,0,0,0,0,0,0,13.857886,False,1000hz,13857.886,1,short,30000,True,canonical,0.9946279118426278,1.0,0.4490951609030871,0.5487868679020232,2,2173,0.07216107853679847,13857886,13.857886
NO_GEMMA,AMD_Radeon_RX_7900_XT,spacex,0,1.0,0,0,0,medium,value_contradiction,medium,169,169,gemma,0.2594127597557262,gemma,1,0.0,local,ROCM,AMD_Radeon_RX_7900_XT,False,0,0,0,0,0,0,0,0,0,14.155173,False,1000hz,14155.173,1,short,30000,True,canonical,0.9946279118426278,0.0,0.1990915994140255,0.24878413995295476,3,2128,0.07064555127655452,14155173,14.155173
NO_GEMMA,AMD_Radeon_RX_7900_XT,spacex,0,1.0,0,0,0,medium,missing_keys,medium,68,169,gemma,0.8911336698420088,gemma,1,1.0,local,ROCM,AMD_Radeon_RX_7900_XT,True,1,0,0,1,0,0,0,0,0,14.32579,False,1000hz,14325.79,1,short,30000,True,canonical,0.9946279118426278,1.0,0.44908962218762105,0.5487826254816662,4,2102,0.069804178338507,14325790,14.32579
NO_GEMMA,AMD_Radeon_RX_7900_XT,openf1,0,1.0,0,0,0,medium,missing_keys,medium,55,144,gemma,0.613921098563349,gemma,1,1.0,local,ROCM,AMD_Radeon_RX_7900_XT,True,1,0,0,1,0,0,0,0,0,14.352927,False,1000hz,14352.927,1,short,30000,True,canonical,0.9946279118426278,1.0,0.44908931203843894,0.5487823879205905,1,2098,0.06967219996311554,14352927,14.352927
NO_GEMMA,AMD_Radeon_RX_7900_XT,openf1,0,1.0,0,0,0,medium,value_contradiction,medium,152,144,gemma,0.8104186559407098,gemma,1,1.0,local,ROCM,AMD_Radeon_RX_7900_XT,True,1,0,0,0,0,0,0,0,1,14.253898,False,1000hz,14253.898,1,short,30000,True,canonical,0.9946279118426278,1.0,0.44909044955082195,0.5487832592066711,2,2113,0.07015624778569343,14253898,14.253898
NO_GEMMA,AMD_Radeon_RX_7900_XT,openf1,0,1.0,0,0,0,medium,missing_keys,medium,55,144,gemma,0.6182113642333905,gemma,1,1.0,local,ROCM,AMD_Radeon_RX_7900_XT,True,1,0,0,1,0,0,0,0,0,14.482908,False,1000hz,14482.908,1,short,30000,True,canonical,0.9946279118426278,1.0,0.44908784259968904,0.5487812623930375,4,2090,0.06904690687809382,14482908,14.482908
NO_GEMMA,AMD_Radeon_RX_7900_XT,finnhub,0,1.0,0,0,0,low,type_mismatch,low,63,154,gemma,0.8910320325888312,gemma,1,1.0,local,ROCM,AMD_Radeon_RX_7900_XT,True,1,0,0,0,1,0,0,0,0,14.148094,False,1000hz,14148.094,1,short,30000,True,canonical,0.9946279118426278,1.0,0.44909168248066783,0.5487842035784681,1,2128,0.0706808987839634,14148094,14.148094
NO_GEMMA,AMD_Radeon_RX_7900_XT,finnhub,0,1.0,0,0,0,low,extra_keys,low,181,154,gemma,0.5521878407569543,gemma,1,1.0,local,ROCM,AMD_Radeon_RX_7900_XT,True,1,1,0,0,0,0,0,0,0,14.196582,False,1000hz,14196.582,1,short,30000,True,canonical,0.9946279118426278,1.0,0.4490911151707169,0.5487837690431865,2,2122,0.07043949029421308,14196582,14.196582
NO_GEMMA,AMD_Radeon_RX_7900_XT,finnhub,0,1.0,0,0,0,low,value_contradiction,low,154,154,gemma,0.607513387230144,gemma,1,0.0,local,ROCM,AMD_Radeon_RX_7900_XT,False,0,0,0,0,0,0,0,0,0,14.152874,False,1000hz,14152.874,1,short,30000,True,canonical,0.9946279118426278,0.0,0.19909162638191816,0.248784160609213,3,2128,0.07065702697558107,14152874,14.152874
NO_GEMMA,AMD_Radeon_RX_7900_XT,finnhub,0,1.0,0,0,0,low,nested_corruption,low,163,154,gemma,0.5229546201867689,gemma,1,1.0,local,ROCM,AMD_Radeon_RX_7900_XT,True,1,0,0,0,1,0,0,0,0,14.160066,False,1000hz,14160.066,1,short,30000,True,canonical,0.9946279118426278,1.0,0.44909154204696206,0.5487840960122253,4,2127,0.07062113976022429,14160066,14.160066
NO_GEMMA,AMD_Radeon_RX_7900_XT,openmeteo,0,1.0,0,0,0,low,value_contradiction,low,164,156,gemma,0.7461244494597746,gemma,1,1.0,local,ROCM,AMD_Radeon_RX_7900_XT,True,1,0,0,0,0,0,0,0,1,14.470221,False,1000hz,14470.221,1,short,30000,True,canonical,0.9946279118426278,1.0,0.4490879848639678,0.5487813713614211,1,2123,0.06910744486901754,14470221,14.470221
NO_GEMMA,AMD_Radeon_RX_7900_XT,openmeteo,0,1.0,0,0,0,low,split_fields,low,189,156,gemma,0.7065770523367665,gemma,1,1.0,local,ROCM,AMD_Radeon_RX_7900_XT,True,1,1,0,0,0,0,0,0,0,14.082604,False,1000hz,14082.604,1,short,30000,True,canonical,0.9946279118426278,1.0,0.4490924549156766,0.5487847952308152,2,2139,0.07100959453237483,14082604,14.082604
NO_GEMMA,AMD_Radeon_RX_7900_XT,openmeteo,0,1.0,0,0,0,low,split_fields,low,188,156,gemma,0.567879277192594,gemma,1,1.0,local,ROCM,AMD_Radeon_RX_7900_XT,True,2,0,0,1,0,0,1,0,0,14.040286,False,1000hz,14040.286,1,short,30000,True,canonical,0.9946279118426278,1.0,0.44909295787640335,0.5487851804773293,3,2146,0.0712236203735451,14040286,14.040286
NO_GEMMA,AMD_Radeon_RX_7900_XT,openmeteo,0,1.0,0,0,0,low,missing_keys,low,43,156,gemma,0.1432093390102195,gemma,1,1.0,local,ROCM,AMD_Radeon_RX_7900_XT,True,1,0,0,1,0,0,0,0,0,14.524904,False,1000hz,14524.904,1,short,30000,True,canonical,0.9946279118426278,1.0,0.4490873734550622,0.5487809030482168,4,2074,0.06884727086664394,14524904,14.524904
NO_GEMMA,AMD_Radeon_RX_7900_XT,spacex,0,1.0,0,0,0,low,extra_keys,low,197,169,gemma,0.35117344115693494,gemma,1,1.0,local,ROCM,AMD_Radeon_RX_7900_XT,True,1,1,0,0,0,0,0,0,0,15.501226,False,1000hz,15501.226,1,short,30000,True,canonical,0.9946279118426278,1.0,0.44907718328060825,0.5487730978082096,2,1953,0.06451102641816847,15501226,15.501226
NO_GEMMA,AMD_Radeon_RX_7900_XT,spacex,0,1.0,0,0,0,low,value_contradiction,low,177,169,gemma,0.5837971265535349,gemma,1,1.0,local,ROCM,AMD_Radeon_RX_7900_XT,True,1,0,0,0,0,0,0,0,1,15.182323,False,1000hz,15182.323,1,short,30000,True,canonical,0.9946279118426278,1.0,0.4490803676408452,0.5487755368926464,3,1983,0.06586607332751385,15182323,15.182323
NO_GEMMA,AMD_Radeon_RX_7900_XT,spacex,0,1.0,0,0,0,low,merged_fields,low,165,169,gemma,0.20815544182955759,gemma,1,1.0,local,ROCM,AMD_Radeon_RX_7900_XT,True,1,0,1,0,0,0,0,0,0,16.285844,False,1000hz,16285.844,1,short,30000,True,canonical,0.9946279118426278,1.0,0.4490698794648259,0.548767503396121,4,1848,0.061403019702264125,16285844,16.285844
NO_GEMMA,AMD_Radeon_RX_7900_XT,openf1,0,1.0,0,0,0,low,value_contradiction,low,144,144,gemma,0.7715391771811503,gemma,1,0.0,local,ROCM,AMD_Radeon_RX_7900_XT,False,0,0,0,0,0,0,0,0,0,14.190706,False,1000hz,14190.706,1,short,30000,True,canonical,0.9946279118426278,0.0,0.19909118371351855,0.24878382154405584,2,2130,0.07046865744382273,14190706,14.190706
NO_GEMMA,AMD_Radeon_RX_7900_XT,openf1,0,1.0,0,0,0,low,missing_keys,low,117,144,gemma,0.440670278778316,gemma,1,1.0,local,ROCM,AMD_Radeon_RX_7900_XT,True,1,0,0,1,0,0,0,0,0,14.376831,False,1000hz,14376.831,1,short,30000,True,canonical,0.9946279118426278,1.0,0.4490890398091813,0.5487821794045634,3,2095,0.06955635772584376,14376831,14.376831
NO_GEMMA,AMD_Radeon_RX_7900_XT,openf1,0,1.0,0,0,0,low,split_fields,low,238,144,gemma,0.5042813742265299,gemma,1,1.0,local,ROCM,AMD_Radeon_RX_7900_XT,True,1,1,0,0,0,0,0,0,0,14.017325,False,1000hz,14017.325,1,short,30000,True,canonical,0.9946279118426278,1.0,0.4490932320449082,0.5487853904787372,4,2149,0.07134028782239123,14017325,14.017325
NO_GEMMA,AMD_Radeon_RX_7900_XT,finnhub,0,1.0,0,0,0,high,renamed_keys,high,156,154,json,0.8227704993570801,json,1,1.0,local,ROCM,AMD_Radeon_RX_7900_XT,True,1,0,0,0,0,1,0,0,0,0.053204,False,1mhz,53.204,1,short,30000,True,canonical,0.9946279118426278,1.0,0.4865233193807803,0.5768559855540709,1,1666666666,18.7955792797534,53204,0.053204
NO_GEMMA,AMD_Radeon_RX_7900_XT,finnhub,0,1.0,0,0,0,high,nested_corruption,high,163,154,json,0.17764525438972775,json,1,1.0,local,ROCM,AMD_Radeon_RX_7900_XT,True,1,0,0,0,1,0,0,0,0,0.057954,False,1mhz,57.954,1,short,30000,True,canonical,0.9946279118426278,1.0,0.4834417503638322,0.5745447510220505,2,1764705882,17.25506436139007,57954,0.057954
NO_GEMMA,AMD_Radeon_RX_7900_XT,finnhub,0,1.0,0,0,0,high,merged_fields,high,150,154,json,0.8277947277918275,json,1,1.0,local,ROCM,AMD_Radeon_RX_7900_XT,True,1,0,1,0,0,0,0,0,0,0.054439,False,1mhz,54.439,1,short,30000,True,canonical,0.9946279118426278,1.0,0.485670379297198,0.5762162645015558,3,588235294,18.369183857161225,54439,0.054439
NO_GEMMA,AMD_Radeon_RX_7900_XT,finnhub,0,1.0,0,0,0,high,merged_fields,high,152,154,json,0.32474249016858026,json,1,1.0,local,ROCM,AMD_Radeon_RX_7900_XT,True,1,0,1,0,0,0,0,0,0,0.054238,False,1mhz,54.238,1,short,30000,True,canonical,0.9946279118426278,1.0,0.48580655143080664,0.5763183961545432,4,1071428571,18.437258010988604,54238,0.054238
NO_GEMMA,AMD_Radeon_RX_7900_XT,openmeteo,0,1.0,0,0,0,high,missing_keys,high,128,156,json,0.7826576439590293,json,1,1.0,local,ROCM,AMD_Radeon_RX_7900_XT,True,1,0,0,1,0,0,0,0,0,0.054168,False,1mhz,54.168,1,short,30000,True,canonical,0.9946279118426278,1.0,0.48585421181764676,0.5763541423381492,1,1578947368,18.461084034854526,54168,0.054168
NO_GEMMA,AMD_Radeon_RX_7900_XT,openmeteo,0,1.0,0,0,0,high,renamed_keys,high,158,156,json,0.8271043568900803,json,1,1.0,local,ROCM,AMD_Radeon_RX_7900_XT,True,1,0,0,0,0,1,0,0,0,0.0515,False,1mhz,51.5,1,short,30000,True,canonical,0.9946279118426278,1.0,0.4877673299413411,0.5777890167956083,2,1578947368,19.417475728155342,51500,0.0515
NO_GEMMA,AMD_Radeon_RX_7900_XT,openmeteo,0,1.0,0,0,0,high,renamed_keys,high,158,156,json,0.8954498343803119,json,1,1.0,local,ROCM,AMD_Radeon_RX_7900_XT,True,1,0,0,0,0,1,0,0,0,0.059121,False,1mhz,59.121,1,short,30000,True,canonical,0.9946279118426278,1.0,0.48276042954634724,0.5740337476364067,3,1666666666,16.914463557788263,59121,0.059121
NO_GEMMA,AMD_Radeon_RX_7900_XT,openmeteo,0,1.0,0,0,0,high,value_contradiction,high,156,156,json,0.5171155311539454,json,1,0.0,local,ROCM,AMD_Radeon_RX_7900_XT,False,0,0,0,0,0,0,0,0,0,0.055938,False,1mhz,55.938,1,short,30000,True,canonical,0.9946279118426278,0.0,0.23468570965230404,0.27547774380856,4,1875000000,17.876935178233044,55938,0.055938
NO_GEMMA,AMD_Radeon_RX_7900_XT,spacex,0,1.0,0,0,0,high,value_contradiction,high,169,169,json,0.23181148147476086,json,1,1.0,local,ROCM,AMD_Radeon_RX_7900_XT,True,1,0,0,0,0,0,0,0,1,0.052672,False,1mhz,52.672,1,short,30000,True,canonical,0.9946279118426278,1.0,0.48690306566135666,0.5771408023835003,1,1428571428,18.985419198055894,52672,0.052672
NO_GEMMA,AMD_Radeon_RX_7900_XT,spacex,0,1.0,0,0,0,high,nested_corruption,high,178,169,json,0.7886922333911537,json,1,1.0,local,ROCM,AMD_Radeon_RX_7900_XT,True,1,0,0,0,1,0,0,0,0,0.180305,False,1mhz,180.305,1,short,30000,True,canonical,0.9946279118426278,1.0,0.46001983932202106,0.5569778786566997,2,1578947368,5.546157899115388,180305,0.180305
NO_GEMMA,AMD_Radeon_RX_7900_XT,spacex,0,1.0,0,0,0,high,extra_keys,high,196,169,json,0.2718714271406751,json,1,1.0,local,ROCM,AMD_Radeon_RX_7900_XT,True,1,1,0,0,0,0,0,0,0,0.053397,False,1mhz,53.397,1,short,30000,True,canonical,0.9946279118426278,1.0,0.48638742479413005,0.5767540620665055,3,2000000000,18.72764387512407,53397,0.053397
NO_GEMMA,AMD_Radeon_RX_7900_XT,spacex,0,1.0,0,0,0,high,nested_corruption,high,178,169,json,0.7716653622793974,json,1,1.0,local,ROCM,AMD_Radeon_RX_7900_XT,True,1,0,0,0,1,0,0,0,0,0.056449,False,1mhz,56.449,1,short,30000,True,canonical,0.9946279118426278,1.0,0.4843619939967209,0.575234950998266,4,1666666666,17.715105670605325,56449,0.056449
NO_GEMMA,AMD_Radeon_RX_7900_XT,openf1,0,1.0,0,0,0,high,type_mismatch,high,129,144,json,0.5246398367493316,json,1,1.0,local,ROCM,AMD_Radeon_RX_7900_XT,True,1,0,0,0,0,0,0,1,0,0.053371,False,1mhz,53.371,1,short,30000,True,canonical,0.9946279118426278,1.0,0.48640567455341993,0.5767677497280962,1,1764705882,18.736767158194525,53371,0.053371
NO_GEMMA,AMD_Radeon_RX_7900_XT,openf1,0,1.0,0,0,0,high,renamed_keys,high,146,144,json,0.21227256835508632,json,1,1.0,local,ROCM,AMD_Radeon_RX_7900_XT,True,1,0,0,0,0,1,0,0,0,0.056927,False,1mhz,56.927,1,short,30000,True,canonical,0.9946279118426278,1.0,0.4840644444199247,0.5750117832375905,2,1500000000,17.566356913239765,56927,0.056927
NO_GEMMA,AMD_Radeon_RX_7900_XT,openf1,0,1.0,0,0,0,high,missing_keys,high,55,144,json,0.251076180883389,json,1,1.0,local,ROCM,AMD_Radeon_RX_7900_XT,True,1,0,0,1,0,0,0,0,0,0.060857,False,1mhz,60.857,1,short,30000,True,canonical,0.9946279118426278,1.0,0.48179526046636145,0.5733098527326633,3,1875000000,16.431963455313277,60857,0.060857
NO_GEMMA,AMD_Radeon_RX_7900_XT,openf1,0,1.0,0,0,0,high,value_contradiction,high,143,144,json,0.5440427751792777,json,1,1.0,local,ROCM,AMD_Radeon_RX_7900_XT,True,1,0,0,0,0,0,0,0,1,0.05503,False,1mhz,55.03,1,short,30000,True,canonical,0.9946279118426278,1.0,0.4852757550016348,0.5759202888819727,4,1304347826,18.17190623296384,55030,0.05503
NO_GEMMA,AMD_Radeon_RX_7900_XT,finnhub,0,1.0,0,0,0,medium,missing_keys,medium,38,154,json,0.17909250928132447,json,1,1.0,local,ROCM,AMD_Radeon_RX_7900_XT,True,1,0,0,1,0,0,0,0,0,0.051598,False,1mhz,51.598,1,short,30000,True,canonical,0.9946279118426278,1.0,0.4876935578714521,0.5777336863602073,1,1875000000,19.380596147137485,51598,0.051598
NO_GEMMA,AMD_Radeon_RX_7900_XT,finnhub,0,1.0,0,0,0,medium,missing_keys,medium,132,154,json,0.44390313180750096,json,1,1.0,local,ROCM,AMD_Radeon_RX_7900_XT,True,1,0,0,1,0,0,0,0,0,0.328763,False,1mhz,328.763,1,short,30000,True,canonical,0.9946279118426278,1.0,0.4550100565946398,0.5532204476941731,2,1875000000,3.041704814714551,328763,0.328763
NO_GEMMA,AMD_Radeon_RX_7900_XT,finnhub,0,1.0,0,0,0,medium,type_mismatch,medium,63,154,json,0.8327400155378485,json,1,1.0,local,ROCM,AMD_Radeon_RX_7900_XT,True,1,0,0,0,1,0,0,0,0,0.05624,False,1mhz,56.24,1,short,30000,True,canonical,0.9946279118426278,1.0,0.48449368336425813,0.5753337204926626,3,535714285,17.780938833570413,56240,0.05624
NO_GEMMA,AMD_Radeon_RX_7900_XT,finnhub,0,1.0,0,0,0,medium,merged_fields,medium,150,154,json,0.8074968477736868,json,1,1.0,local,ROCM,AMD_Radeon_RX_7900_XT,True,1,0,1,0,0,0,0,0,0,0.073498,False,1mhz,73.498,1,short,30000,True,canonical,0.9946279118426278,1.0,0.4761419692089838,0.5690697783089658,4,1250000000,13.605812403058588,73498,0.073498
NO_GEMMA,AMD_Radeon_RX_7900_XT,openmeteo,0,1.0,0,0,0,medium,type_mismatch,medium,144,156,json,0.35339694746943173,json,1,1.0,local,ROCM,AMD_Radeon_RX_7900_XT,True,1,0,0,0,0,0,0,1,0,0.057589,False,1mhz,57.589,1,short,30000,True,canonical,0.9946279118426278,1.0,0.483660514386793,0.5747088281403788,1,2000000000,17.364427234367675,57589,0.057589
NO_GEMMA,AMD_Radeon_RX_7900_XT,openmeteo,0,1.0,0,0,0,medium,extra_keys,medium,184,156,json,0.5756640466737692,json,1,1.0,local,ROCM,AMD_Radeon_RX_7900_XT,True,1,1,0,0,0,0,0,0,0,0.053798,False,1mhz,53.798,1,short,30000,True,canonical,0.9946279118426278,1.0,0.4861081913874482,0.5765446317767838,2,2000000000,18.588051600431243,53798,0.053798
NO_GEMMA,AMD_Radeon_RX_7900_XT,openmeteo,0,1.0,0,0,0,medium,merged_fields,medium,154,156,json,0.29017361224814886,json,1,1.0,local,ROCM,AMD_Radeon_RX_7900_XT,True,1,0,1,0,0,0,0,0,0,0.053279,False,1mhz,53.279,1,short,30000,True,canonical,0.9946279118426278,1.0,0.4864703936450135,0.5768162902600619,3,1153846153,18.7691210420616,53279,0.053279
NO_GEMMA,AMD_Radeon_RX_7900_XT,openmeteo,0,1.0,0,0,0,medium,nested_corruption,medium,187,156,json,0.21101309064334375,json,1,1.0,local,ROCM,AMD_Radeon_RX_7900_XT,True,2,0,0,1,0,0,1,0,0,0.055836,False,1mhz,55.836,1,short,30000,True,canonical,0.9946279118426278,1.0,0.4847510354812127,0.5755267394048864,4,1500000000,17.909592377677484,55836,0.055836
NO_GEMMA,AMD_Radeon_RX_7900_XT,spacex,0,1.0,0,0,0,medium,missing_keys,medium,138,169,json,0.5044806632404514,json,1,1.0,local,ROCM,AMD_Radeon_RX_7900_XT,True,1,0,0,1,0,0,0,0,0,0.053919,False,1mhz,53.919,1,short,30000,True,canonical,0.9946279118426278,1.0,0.48602474963794823,0.5764820489003998,1,2000000000,18.546338025556853,53919,0.053919
NO_GEMMA,AMD_Radeon_RX_7900_XT,spacex,0,1.0,0,0,0,medium,renamed_keys,medium,171,169,json,0.4314173378631668,json,1,1.0,local,ROCM,AMD_Radeon_RX_7900_XT,True,1,0,0,0,0,1,0,0,0,0.052362,False,1mhz,52.362,1,short,30000,True,canonical,0.9946279118426278,1.0,0.48712790466331946,0.577309435849966,2,1666666666,19.09781902906688,52362,0.052362
NO_GEMMA,AMD_Radeon_RX_7900_XT,spacex,0,1.0,0,0,0,medium,extra_keys,medium,196,169,json,0.29097862721335555,json,1,1.0,local,ROCM,AMD_Radeon_RX_7900_XT,True,1,1,0,0,0,0,0,0,0,0.053267,False,1mhz,53.267,1,short,30000,True,canonical,0.9946279118426278,1.0,0.4864788517473155,0.57682263399535,3,1875000000,18.773349353258116,53267,0.053267
NO_GEMMA,AMD_Radeon_RX_7900_XT,spacex,0,1.0,0,0,0,medium,split_fields,medium,194,169,json,0.10575283010452585,json,1,1.0,local,ROCM,AMD_Radeon_RX_7900_XT,True,2,0,0,1,0,0,1,0,0,0.052886,False,1mhz,52.886,1,short,30000,True,canonical,0.9946279118426278,1.0,0.48674939207241696,0.5770255443109198,4,1578947368,18.908595847672352,52886,0.052886
NO_GEMMA,AMD_Radeon_RX_7900_XT,openf1,0,1.0,0,0,0,medium,split_fields,medium,173,144,json,0.11634229458488443,json,1,1.0,local,ROCM,AMD_Radeon_RX_7900_XT,True,2,0,0,1,0,0,1,0,0,0.051996,False,1mhz,51.996,1,short,30000,True,canonical,0.9946279118426278,1.0,0.4873968109245683,0.5775111205870128,1,1428571428,19.23224863451035,51996,0.051996
NO_GEMMA,AMD_Radeon_RX_7900_XT,openf1,0,1.0,0,0,0,medium,renamed_keys,medium,148,144,json,0.5301002989376958,json,1,1.0,local,ROCM,AMD_Radeon_RX_7900_XT,True,2,1,0,1,0,0,0,0,0,0.052422,False,1mhz,52.422,1,short,30000,True,canonical,0.9946279118426278,1.0,0.4870841799039115,0.5772766414607141,2,1666666666,19.075960474609897,52422,0.052422
NO_GEMMA,AMD_Radeon_RX_7900_XT,openf1,0,1.0,0,0,0,medium,split_fields,medium,169,144,json,0.8787199226222167,json,1,1.0,local,ROCM,AMD_Radeon_RX_7900_XT,True,2,0,0,1,0,0,1,0,0,0.051025,False,1mhz,51.025,1,short,30000,True,canonical,0.9946279118426278,1.0,0.48812891406867254,0.5780602116696232,3,1500000000,19.598236158745713,51025,0.051025
NO_GEMMA,AMD_Radeon_RX_7900_XT,openf1,0,1.0,0,0,0,medium,missing_keys,medium,116,144,json,0.1679618322069704,json,1,1.0,local,ROCM,AMD_Radeon_RX_7900_XT,True,1,0,0,1,0,0,0,0,0,0.052066,False,1mhz,52.066,1,short,30000,True,canonical,0.9946279118426278,1.0,0.48734508838012625,0.5774723277090532,4,1071428571,19.206391887220068,52066,0.052066
NO_GEMMA,AMD_Radeon_RX_7900_XT,finnhub,0,1.0,0,0,0,low,missing_keys,low,38,154,json,0.6273399101409901,json,1,1.0,local,ROCM,AMD_Radeon_RX_7900_XT,True,1,0,0,1,0,0,0,0,0,0.058971,False,1mhz,58.971,1,short,30000,True,canonical,0.9946279118426278,1.0,0.48284649264645874,0.574098296574891,1,1875000000,16.957487578640347,58971,0.058971
NO_GEMMA,AMD_Radeon_RX_7900_XT,finnhub,0,1.0,0,0,0,low,merged_fields,low,152,154,json,0.38449477000201926,json,1,1.0,local,ROCM,AMD_Radeon_RX_7900_XT,True,1,0,1,0,0,0,0,0,0,0.051788,False,1mhz,51.788,1,short,30000,True,canonical,0.9946279118426278,1.0,0.4875513257839886,0.5776270096282247,2,1111111111,19.30949254653588,51788,0.051788
NO_GEMMA,AMD_Radeon_RX_7900_XT,finnhub,0,1.0,0,0,0,low,type_mismatch,low,63,154,json,0.5686971845079254,json,1,1.0,local,ROCM,AMD_Radeon_RX_7900_XT,True,1,0,0,0,1,0,0,0,0,0.052325,False,1mhz,52.325,1,short,30000,True,canonical,0.9946279118426278,1.0,0.4871549182500354,0.5773296965464191,3,2000000000,19.111323459149546,52325,0.052325
NO_GEMMA,AMD_Radeon_RX_7900_XT,finnhub,0,1.0,0,0,0,low,split_fields,low,275,154,json,0.5068878164088042,json,1,1.0,local,ROCM,AMD_Radeon_RX_7900_XT,True,1,1,0,0,0,0,0,0,0,0.053057,False,1mhz,53.057,1,short,30000,True,canonical,0.9946279118426278,1.0,0.4866274878663864,0.5769341138710928,4,1666666666,18.84765440940875,53057,0.053057
NO_GEMMA,AMD_Radeon_RX_7900_XT,openmeteo,0,1.0,0,0,0,low,extra_keys,low,183,156,json,0.11755030414435863,json,1,1.0,local,ROCM,AMD_Radeon_RX_7900_XT,True,1,1,0,0,0,0,0,0,0,0.053164,False,1mhz,53.164,1,short,30000,True,canonical,0.9946279118426278,1.0,0.4865516074983126,0.5768772021725297,1,2000000000,18.80972086374238,53164,0.053164
NO_GEMMA,AMD_Radeon_RX_7900_XT,openmeteo,0,1.0,0,0,0,low,renamed_keys,low,158,156,json,0.4911134529023524,json,1,1.0,local,ROCM,AMD_Radeon_RX_7900_XT,True,1,0,0,0,0,1,0,0,0,0.053794,False,1mhz,53.794,1,short,30000,True,canonical,0.9946279118426278,1.0,0.4861109562020386,0.5765467054395579,2,1764705882,18.58943376584749,53794,0.053794
NO_GEMMA,AMD_Radeon_RX_7900_XT,openmeteo,0,1.0,0,0,0,low,type_mismatch,low,68,156,json,0.4378586363610255,json,1,1.0,local,ROCM,AMD_Radeon_RX_7900_XT,True,1,0,0,0,1,0,0,0,0,0.052024,False,1mhz,52.024,1,short,30000,True,canonical,0.9946279118426278,1.0,0.4873761052041399,0.5774955909085271,3,2000000000,19.221897585729664,52024,0.052024
NO_GEMMA,AMD_Radeon_RX_7900_XT,openmeteo,0,1.0,0,0,0,low,value_contradiction,low,170,156,json,0.8349373372515129,json,1,1.0,local,ROCM,AMD_Radeon_RX_7900_XT,True,1,0,0,0,0,0,0,0,1,0.053592,False,1mhz,53.592,1,short,30000,True,canonical,0.9946279118426278,1.0,0.48625111603026616,0.5766518279382655,4,1764705882,18.659501418122108,53592,0.053592
NO_GEMMA,AMD_Radeon_RX_7900_XT,spacex,0,1.0,0,0,0,low,merged_fields,low,165,169,json,0.270695306815937,json,1,1.0,local,ROCM,AMD_Radeon_RX_7900_XT,True,1,0,1,0,0,0,0,0,0,0.052969,False,1mhz,52.969,1,short,30000,True,canonical,0.9946279118426278,1.0,0.4866901238928134,0.5769810920651331,1,1071428571,18.878966942928884,52969,0.052969
NO_GEMMA,AMD_Radeon_RX_7900_XT,spacex,0,1.0,0,0,0,low,missing_keys,low,138,169,json,0.8524427748803539,json,1,1.0,local,ROCM,AMD_Radeon_RX_7900_XT,True,1,0,0,1,0,0,0,0,0,0.056936,False,1mhz,56.936,1,short,30000,True,canonical,0.9946279118426278,1.0,0.48405888994194135,0.5750076172749747,2,2000000000,17.56358016017985,56936,0.056936
NO_GEMMA,AMD_Radeon_RX_7900_XT,spacex,0,1.0,0,0,0,low,type_mismatch,low,154,169,json,0.13970617472815328,json,1,1.0,local,ROCM,AMD_Radeon_RX_7900_XT,True,1,0,0,0,0,0,0,1,0,0.054027,False,1mhz,54.027,1,short,30000,True,canonical,0.9946279118426278,1.0,0.4859505883840363,0.5764264265696858,3,1875000000,18.50926388657523,54027,0.054027
NO_GEMMA,AMD_Radeon_RX_7900_XT,spacex,0,1.0,0,0,0,low,missing_keys,low,132,169,json,0.11499816474592493,json,1,1.0,local,ROCM,AMD_Radeon_RX_7900_XT,True,1,0,0,1,0,0,0,0,0,0.051748,False,1mhz,51.748,1,short,30000,True,canonical,0.9946279118426278,1.0,0.487581182584959,0.5776494027886696,4,2000000000,19.324418335008115,51748,0.051748
NO_GEMMA,AMD_Radeon_RX_7900_XT,openf1,0,1.0,0,0,0,low,extra_keys,low,171,144,json,0.6528457767138003,json,1,1.0,local,ROCM,AMD_Radeon_RX_7900_XT,True,1,1,0,0,0,0,0,0,0,0.052969,False,1mhz,52.969,1,short,30000,True,canonical,0.9946279118426278,1.0,0.4866901238928134,0.5769810920651331,1,1764705882,18.878966942928884,52969,0.052969
NO_GEMMA,AMD_Radeon_RX_7900_XT,openf1,0,1.0,0,0,0,low,type_mismatch,low,129,144,json,0.42327749753980315,json,1,1.0,local,ROCM,AMD_Radeon_RX_7900_XT,True,1,0,0,0,0,0,0,1,0,0.052464,False,1mhz,52.464,1,short,30000,True,canonical,0.9946279118426278,1.0,0.4870536320788031,0.5772537300192113,2,1764705882,19.060689234522723,52464,0.052464
NO_GEMMA,AMD_Radeon_RX_7900_XT,openf1,0,1.0,0,0,0,low,extra_keys,low,172,144,json,0.5316156812342995,json,1,1.0,local,ROCM,AMD_Radeon_RX_7900_XT,True,1,1,0,0,0,0,0,0,0,0.053013,False,1mhz,53.013,1,short,30000,True,canonical,0.9946279118426278,1.0,0.48665877988611556,0.5769575834725125,3,1875000000,18.863297681700715,53013,0.053013
NO_GEMMA,AMD_Radeon_RX_7900_XT,openf1,0,1.0,0,0,0,low,nested_corruption,low,153,144,json,0.27030502789215377,json,1,1.0,local,ROCM,AMD_Radeon_RX_7900_XT,True,1,0,0,0,1,0,0,0,0,0.051441,False,1mhz,51.441,1,short,30000,True,canonical,0.9946279118426278,1.0,0.4878118792912137,0.577822429643167,4,1578947368,19.439746505705564,51441,0.051441
NO_GEMMA,AMD_Radeon_RX_7900_XT,finnhub,0,1.0,0,0,0,high,value_contradiction,high,167,154,schema,0.3468937005914697,schema,1,1.0,local,ROCM,AMD_Radeon_RX_7900_XT,True,1,0,0,0,0,0,0,0,1,0.052788,False,1mhz,52.788,1,short,30000,True,canonical,0.9946279118426278,1.0,0.48681961131449814,0.5770782100588611,1,1875000000,18.943699325604303,52788,0.052788
NO_GEMMA,AMD_Radeon_RX_7900_XT,finnhub,0,1.0,0,0,0,high,extra_keys,high,181,154,schema,0.8488606255052246,schema,1,1.0,local,ROCM,AMD_Radeon_RX_7900_XT,True,1,1,0,0,0,0,0,0,0,0.051957,False,1mhz,51.957,1,short,30000,True,canonical,0.9946279118426278,1.0,0.48742568822529175,0.57753277910391,2,2000000000,19.246684758550337,51957,0.051957
NO_GEMMA,AMD_Radeon_RX_7900_XT,finnhub,0,1.0,0,0,0,high,renamed_keys,high,156,154,schema,0.20684724142718125,schema,1,1.0,local,ROCM,AMD_Radeon_RX_7900_XT,True,1,0,0,0,0,1,0,0,0,0.055964,False,1mhz,55.964,1,short,30000,True,canonical,0.9946279118426278,1.0,0.48466909605589603,0.5754652832998035,3,1875000000,17.86862983346437,55964,0.055964
NO_GEMMA,AMD_Radeon_RX_7900_XT,finnhub,0,1.0,0,0,0,high,type_mismatch,high,151,154,schema,0.15490143208360535,schema,1,1.0,local,ROCM,AMD_Radeon_RX_7900_XT,True,1,0,0,0,0,0,0,1,0,0.052907,False,1mhz,52.907,1,short,30000,True,canonical,0.9946279118426278,1.0,0.4867343789360875,0.5770142841772256,4,2000000000,18.90109059292721,52907,0.052907
NO_GEMMA,AMD_Radeon_RX_7900_XT,openmeteo,0,1.0,0,0,0,high,missing_keys,high,141,156,schema,0.23431080606630125,schema,1,1.0,local,ROCM,AMD_Radeon_RX_7900_XT,True,1,0,0,1,0,0,0,0,0,0.052384,False,1mhz,52.384,1,short,30000,True,canonical,0.9946279118426278,1.0,0.48711186062142725,0.5772974025177736,1,2307692307,19.089798411728772,52384,0.052384
NO_GEMMA,AMD_Radeon_RX_7900_XT,openmeteo,0,1.0,0,0,0,high,type_mismatch,high,154,156,schema,0.7135380580389122,schema,1,1.0,local,ROCM,AMD_Radeon_RX_7900_XT,True,1,0,0,0,0,0,0,1,0,0.05249,False,1mhz,52.49,1,short,30000,True,canonical,0.9946279118426278,1.0,0.48703474601874464,0.5772395651201159,2,2142857142,19.051247856734616,52490,0.05249
NO_GEMMA,AMD_Radeon_RX_7900_XT,openmeteo,0,1.0,0,0,0,high,split_fields,high,156,156,schema,0.5228580956669044,schema,1,0.0,local,ROCM,AMD_Radeon_RX_7900_XT,False,0,0,0,0,0,0,0,0,0,0.05597,False,1mhz,55.97,1,short,30000,True,canonical,0.9946279118426278,0.0,0.23466526434101082,0.27546240944180755,3,1666666666,17.866714311238162,55970,0.05597
NO_GEMMA,AMD_Radeon_RX_7900_XT,openmeteo,0,1.0,0,0,0,high,nested_corruption,high,187,156,schema,0.8046458288426757,schema,1,1.0,local,ROCM,AMD_Radeon_RX_7900_XT,True,2,0,0,1,0,0,1,0,0,0.053376,False,1mhz,53.376,1,short,30000,True,canonical,0.9946279118426278,1.0,0.4864021636035375,0.5767651164498656,4,1578947368,18.735011990407674,53376,0.053376
NO_GEMMA,AMD_Radeon_RX_7900_XT,spacex,0,1.0,0,0,0,high,missing_keys,high,138,169,schema,0.8276771773357401,schema,1,1.0,local,ROCM,AMD_Radeon_RX_7900_XT,True,1,0,0,1,0,0,0,0,0,0.052109,False,1mhz,52.109,1,short,30000,True,canonical,0.9946279118426278,1.0,0.487313384859458,0.5774485494742151,1,2142857142,19.190542900458652,52109,0.052109
NO_GEMMA,AMD_Radeon_RX_7900_XT,spacex,0,1.0,0,0,0,high,extra_keys,high,197,169,schema,0.685049984127444,schema,1,1.0,local,ROCM,AMD_Radeon_RX_7900_XT,True,1,1,0,0,0,0,0,0,0,0.053845,False,1mhz,53.845,1,short,30000,True,canonical,0.9946279118426278,1.0,0.4860757355860945,0.5765202893173289,2,2000000000,18.571826539140126,53845,0.053845
NO_GEMMA,AMD_Radeon_RX_7900_XT,spacex,0,1.0,0,0,0,high,renamed_keys,high,171,169,schema,0.3835161900357442,schema,1,1.0,local,ROCM,AMD_Radeon_RX_7900_XT,True,1,0,0,0,0,1,0,0,0,0.052846,False,1mhz,52.846,1,short,30000,True,canonical,0.9946279118426278,1.0,0.4867780215313761,0.5770470169418475,3,1764705882,18.922908072512584,52846,0.052846
NO_GEMMA,AMD_Radeon_RX_7900_XT,spacex,0,1.0,0,0,0,high,value_contradiction,high,169,169,schema,0.22492389091316928,schema,1,0.0,local,ROCM,AMD_Radeon_RX_7900_XT,False,0,0,0,0,0,0,0,0,0,0.052715,False,1mhz,52.715,1,short,30000,True,canonical,0.9946279118426278,0.0,0.23687208715843355,0.2771175679255626,4,2142857142,18.96993265673907,52715,0.052715
NO_GEMMA,AMD_Radeon_RX_7900_XT,openf1,0,1.0,0,0,0,high,split_fields,high,169,144,schema,0.6408555340284984,schema,1,1.0,local,ROCM,AMD_Radeon_RX_7900_XT,True,2,0,0,1,0,0,1,0,0,0.052189,False,1mhz,52.189,1,short,30000,True,canonical,0.9946279118426278,1.0,0.48725454057810996,0.5774044151600668,1,1666666666,19.16112590775834,52189,0.052189
NO_GEMMA,AMD_Radeon_RX_7900_XT,openf1,0,1.0,0,0,0,high,value_contradiction,high,144,144,schema,0.789271250868931,schema,1,0.0,local,ROCM,AMD_Radeon_RX_7900_XT,False,0,0,0,0,0,0,0,0,0,0.053105,False,1mhz,53.105,1,short,30000,True,canonical,0.9946279118426278,0.0,0.23659341025667172,0.27690855502496353,2,2142857142,18.830618585820545,53105,0.053105
NO_GEMMA,AMD_Radeon_RX_7900_XT,openf1,0,1.0,0,0,0,high,split_fields,high,169,144,schema,0.6716053787529348,schema,1,1.0,local,ROCM,AMD_Radeon_RX_7900_XT,True,2,0,0,1,0,0,1,0,0,0.052174,False,1mhz,52.174,1,short,30000,True,canonical,0.9946279118426278,1.0,0.48726556013522926,0.5774126800344869,3,1250000000,19.166634722275464,52174,0.052174
NO_GEMMA,AMD_Radeon_RX_7900_XT,openf1,0,1.0,0,0,0,high,missing_keys,high,117,144,schema,0.772593586936591,schema,1,1.0,local,ROCM,AMD_Radeon_RX_7900_XT,True,1,0,0,1,0,0,0,0,0,0.05477,False,1mhz,54.77,1,short,30000,True,canonical,0.9946279118426278,1.0,0.485448313790837,0.5760497112087855,4,1875000000,18.258170531312764,54770,0.05477
NO_GEMMA,AMD_Radeon_RX_7900_XT,finnhub,0,1.0,0,0,0,medium,renamed_keys,medium,156,154,schema,0.7887321069182905,schema,1,1.0,local,ROCM,AMD_Radeon_RX_7900_XT,True,1,0,0,0,0,1,0,0,0,0.052656,False,1mhz,52.656,1,short,30000,True,canonical,0.9946279118426278,1.0,0.48691460546181026,0.5771494574501738,1,2000000000,18.99118808872683,52656,0.052656
NO_GEMMA,AMD_Radeon_RX_7900_XT,finnhub,0,1.0,0,0,0,medium,value_contradiction,medium,162,154,schema,0.5859012500737724,schema,1,1.0,local,ROCM,AMD_Radeon_RX_7900_XT,True,1,0,0,0,0,0,0,0,1,0.053262,False,1mhz,53.262,1,short,30000,True,canonical,0.9946279118426278,1.0,0.4864823770814541,0.5768252780620425,2,2142857142,18.775111711914686,53262,0.053262
NO_GEMMA,AMD_Radeon_RX_7900_XT,finnhub,0,1.0,0,0,0,medium,extra_keys,medium,181,154,schema,0.1802524628195374,schema,1,1.0,local,ROCM,AMD_Radeon_RX_7900_XT,True,1,1,0,0,0,0,0,0,0,0.053385,False,1mhz,53.385,1,short,30000,True,canonical,0.9946279118426278,1.0,0.4863958455510674,0.5767603777920702,3,2142857142,18.731853516905495,53385,0.053385
NO_GEMMA,AMD_Radeon_RX_7900_XT,finnhub,0,1.0,0,0,0,medium,missing_keys,medium,38,154,schema,0.30653964023651437,schema,1,1.0,local,ROCM,AMD_Radeon_RX_7900_XT,True,1,0,0,1,0,0,0,0,0,0.054529,False,1mhz,54.529,1,short,30000,True,canonical,0.9946279118426278,1.0,0.48560973208702396,0.5761707779569892,4,2142857142,18.338865557776597,54529,0.054529
NO_GEMMA,AMD_Radeon_RX_7900_XT,openmeteo,0,1.0,0,0,0,medium,extra_keys,medium,184,156,schema,0.2843699570598036,schema,1,1.0,local,ROCM,AMD_Radeon_RX_7900_XT,True,1,1,0,0,0,0,0,0,0,0.051976,False,1mhz,51.976,1,short,30000,True,canonical,0.9946279118426278,1.0,0.4874116143833016,0.5775222234585791,1,2142857142,19.239649068800986,51976,0.051976
NO_GEMMA,AMD_Radeon_RX_7900_XT,openmeteo,0,1.0,0,0,0,medium,nested_corruption,medium,165,156,schema,0.41369640376621286,schema,1,1.0,local,ROCM,AMD_Radeon_RX_7900_XT,True,1,0,0,0,1,0,0,0,0,0.055367,False,1mhz,55.367,1,short,30000,True,canonical,0.9946279118426278,1.0,0.4850545039282994,0.5757543464292394,2,1875000000,18.06130005237777,55367,0.055367
NO_GEMMA,AMD_Radeon_RX_7900_XT,openmeteo,0,1.0,0,0,0,medium,renamed_keys,medium,158,156,schema,0.5104091927795392,schema,1,1.0,local,ROCM,AMD_Radeon_RX_7900_XT,True,1,0,0,0,0,1,0,0,0,0.051955,False,1mhz,51.955,1,short,30000,True,canonical,0.9946279118426278,1.0,0.48742717028114224,0.5775338906735816,3,1875000000,19.2474256568184,51955,0.051955
NO_GEMMA,AMD_Radeon_RX_7900_XT,openmeteo,0,1.0,0,0,0,medium,extra_keys,medium,184,156,schema,0.31499258820305265,schema,1,1.0,local,ROCM,AMD_Radeon_RX_7900_XT,True,1,1,0,0,0,0,0,0,0,0.054111,False,1mhz,54.111,1,short,30000,True,canonical,0.9946279118426278,1.0,0.48589311207597874,0.5763833182611504,4,2142857142,18.48053076084345,54111,0.054111
NO_GEMMA,AMD_Radeon_RX_7900_XT,spacex,0,1.0,0,0,0,medium,type_mismatch,medium,93,169,schema,0.17513056612365885,schema,1,1.0,local,ROCM,AMD_Radeon_RX_7900_XT,True,1,0,0,0,1,0,0,0,0,0.054745,False,1mhz,54.745,1,short,30000,True,canonical,0.9946279118426278,1.0,0.48546499236030566,0.5760622204485554,1,2000000000,18.266508356927574,54745,0.054745
NO_GEMMA,AMD_Radeon_RX_7900_XT,spacex,0,1.0,0,0,0,medium,nested_corruption,medium,178,169,schema,0.6924223823275801,schema,1,1.0,local,ROCM,AMD_Radeon_RX_7900_XT,True,1,0,0,0,1,0,0,0,0,0.053583,False,1mhz,53.583,1,short,30000,True,canonical,0.9946279118426278,1.0,0.48625738536574487,0.576656530057404,2,1875000000,18.662635537390592,53583,0.053583
NO_GEMMA,AMD_Radeon_RX_7900_XT,spacex,0,1.0,0,0,0,medium,merged_fields,medium,169,169,schema,0.523428187912351,schema,1,0.0,local,ROCM,AMD_Radeon_RX_7900_XT,False,0,0,0,0,0,0,0,0,0,0.053616,False,1mhz,53.616,1,short,30000,True,canonical,0.9946279118426278,0.0,0.23623440809219015,0.2766392966714895,3,2000000000,18.651148910772903,53616,0.053616
NO_GEMMA,AMD_Radeon_RX_7900_XT,spacex,0,1.0,0,0,0,medium,merged_fields,medium,169,169,schema,0.44569294495968503,schema,1,0.0,local,ROCM,AMD_Radeon_RX_7900_XT,False,0,0,0,0,0,0,0,0,0,0.052782,False,1mhz,52.782,1,short,30000,True,canonical,0.9946279118426278,0.0,0.23682391892265386,0.2770814408457314,4,2142857142,18.945852752832405,52782,0.052782
NO_GEMMA,AMD_Radeon_RX_7900_XT,openf1,0,1.0,0,0,0,medium,missing_keys,medium,55,144,schema,0.41866138033733125,schema,1,1.0,local,ROCM,AMD_Radeon_RX_7900_XT,True,1,0,0,1,0,0,0,0,0,0.052692,False,1mhz,52.692,1,short,30000,True,canonical,0.9946279118426278,1.0,0.4868886507660053,0.5771299909417547,1,2000000000,18.978213011462838,52692,0.052692
NO_GEMMA,AMD_Radeon_RX_7900_XT,openf1,0,1.0,0,0,0,medium,value_contradiction,medium,152,144,schema,0.20842003377114393,schema,1,1.0,local,ROCM,AMD_Radeon_RX_7900_XT,True,1,0,0,0,0,0,0,0,1,0.056407,False,1mhz,56.407,1,short,30000,True,canonical,0.9946279118426278,1.0,0.48438837953908953,0.5752547406496848,2,1875000000,17.728296133458613,56407,0.056407
NO_GEMMA,AMD_Radeon_RX_7900_XT,openf1,0,1.0,0,0,0,medium,split_fields,medium,169,144,schema,0.8249376241308822,schema,1,1.0,local,ROCM,AMD_Radeon_RX_7900_XT,True,2,0,0,1,0,0,1,0,0,0.052418,False,1mhz,52.418,1,short,30000,True,canonical,0.9946279118426278,1.0,0.4870870917736917,0.5772788254176374,3,1764705882,19.077416154756,52418,0.052418
NO_GEMMA,AMD_Radeon_RX_7900_XT,openf1,0,1.0,0,0,0,medium,nested_corruption,medium,153,144,schema,0.43624722795683657,schema,1,1.0,local,ROCM,AMD_Radeon_RX_7900_XT,True,1,0,0,0,1,0,0,0,0,0.057686,False,1mhz,57.686,1,short,30000,True,canonical,0.9946279118426278,1.0,0.48360210700188544,0.5746650215067514,4,1500000000,17.335228651665915,57686,0.057686
NO_GEMMA,AMD_Radeon_RX_7900_XT,finnhub,0,1.0,0,0,0,low,nested_corruption,low,163,154,schema,0.5607932761577347,schema,1,1.0,local,ROCM,AMD_Radeon_RX_7900_XT,True,1,0,0,0,1,0,0,0,0,0.054179,False,1mhz,54.179,1,short,30000,True,canonical,0.9946279118426278,1.0,0.485846714172361,0.5763485189636286,1,1875000000,18.45733586814079,54179,0.054179
NO_GEMMA,AMD_Radeon_RX_7900_XT,finnhub,0,1.0,0,0,0,low,type_mismatch,low,151,154,schema,0.10786831848003997,schema,1,1.0,local,ROCM,AMD_Radeon_RX_7900_XT,True,1,0,0,0,0,0,0,1,0,0.051961,False,1mhz,51.961,1,short,30000,True,canonical,0.9946279118426278,1.0,0.4874227244558603,0.5775305562212756,2,2142857142,19.24520313311907,51961,0.051961
NO_GEMMA,AMD_Radeon_RX_7900_XT,finnhub,0,1.0,0,0,0,low,nested_corruption,low,194,154,schema,0.6355502852059328,schema,1,1.0,local,ROCM,AMD_Radeon_RX_7900_XT,True,2,0,0,1,0,0,1,0,0,0.052243,False,1mhz,52.243,1,short,30000,True,canonical,0.9946279118426278,1.0,0.4872149225672125,0.577374700909186,3,1500000000,19.141320368279004,52243,0.052243
NO_GEMMA,AMD_Radeon_RX_7900_XT,finnhub,0,1.0,0,0,0,low,nested_corruption,low,163,154,schema,0.7308259995955895,schema,1,1.0,local,ROCM,AMD_Radeon_RX_7900_XT,True,1,0,0,0,1,0,0,0,0,0.052943,False,1mhz,52.943,1,short,30000,True,canonical,0.9946279118426278,1.0,0.4867086698399571,0.5769950018731667,4,1764705882,18.888238294014318,52943,0.052943
NO_GEMMA,AMD_Radeon_RX_7900_XT,openmeteo,0,1.0,0,0,0,low,split_fields,low,156,156,schema,0.4962573538526267,schema,1,0.0,local,ROCM,AMD_Radeon_RX_7900_XT,False,0,0,0,0,0,0,0,0,0,0.055784,False,1mhz,55.784,1,short,30000,True,canonical,0.9946279118426278,0.0,0.23478443078384179,0.2755517865079106,1,1764705882,17.92628710741431,55784,0.055784
NO_GEMMA,AMD_Radeon_RX_7900_XT,openmeteo,0,1.0,0,0,0,low,merged_fields,low,156,156,schema,0.8561514242429078,schema,1,0.0,local,ROCM,AMD_Radeon_RX_7900_XT,False,0,0,0,0,0,0,0,0,0,0.116006,False,1mhz,116.006,1,short,30000,True,canonical,0.9946279118426278,0.0,0.21616908701483695,0.26158992970453226,2,2142857142,8.620243780494112,116006,0.116006
NO_GEMMA,AMD_Radeon_RX_7900_XT,openmeteo,0,1.0,0,0,0,low,type_mismatch,low,144,156,schema,0.7632876408928925,schema,1,1.0,local,ROCM,AMD_Radeon_RX_7900_XT,True,1,0,0,0,0,0,0,1,0,0.064789,False,1mhz,64.789,1,short,30000,True,canonical,0.9946279118426278,1.0,0.4798004222333174,0.5718136866612079,3,2142857142,15.434718856596028,64789,0.064789
NO_GEMMA,AMD_Radeon_RX_7900_XT,openmeteo,0,1.0,0,0,0,low,missing_keys,low,141,156,schema,0.8555851484686509,schema,1,1.0,local,ROCM,AMD_Radeon_RX_7900_XT,True,1,0,0,1,0,0,0,0,0,0.059187,False,1mhz,59.187,1,short,30000,True,canonical,0.9946279118426278,1.0,0.4827226999788116,0.5740054497534492,4,2142857142,16.895602074779937,59187,0.059187
NO_GEMMA,AMD_Radeon_RX_7900_XT,spacex,0,1.0,0,0,0,low,renamed_keys,low,171,169,schema,0.15272867883846653,schema,1,1.0,local,ROCM,AMD_Radeon_RX_7900_XT,True,1,0,0,0,0,1,0,0,0,0.054996,False,1mhz,54.996,1,short,30000,True,canonical,0.9946279118426278,1.0,0.48529822765181896,0.5759371437908991,1,2000000000,18.183140592043056,54996,0.054996
NO_GEMMA,AMD_Radeon_RX_7900_XT,spacex,0,1.0,0,0,0,low,merged_fields,low,169,169,schema,0.8159377746365245,schema,1,0.0,local,ROCM,AMD_Radeon_RX_7900_XT,False,0,0,0,0,0,0,0,0,0,0.054052,False,1mhz,54.052,1,short,30000,True,canonical,0.9946279118426278,0.0,0.23593346366801493,0.27641358271163746,2,1764705882,18.500703026715016,54052,0.054052
NO_GEMMA,AMD_Radeon_RX_7900_XT,spacex,0,1.0,0,0,0,low,type_mismatch,low,93,169,schema,0.5366240410270624,schema,1,1.0,local,ROCM,AMD_Radeon_RX_7900_XT,True,1,0,0,0,1,0,0,0,0,0.053866,False,1mhz,53.866,1,short,30000,True,canonical,0.9946279118426278,1.0,0.4860612523644413,0.576509426629576,3,2000000000,18.564586195373707,53866,0.053866
NO_GEMMA,AMD_Radeon_RX_7900_XT,spacex,0,1.0,0,0,0,low,value_contradiction,low,169,169,schema,0.13144296138858166,schema,1,0.0,local,ROCM,AMD_Radeon_RX_7900_XT,False,0,0,0,0,0,0,0,0,0,0.052454,False,1mhz,52.454,1,short,30000,True,canonical,0.9946279118426278,0.0,0.23706090093336332,0.27725918179639875,4,2142857142,19.06432302588935,52454,0.052454
NO_GEMMA,AMD_Radeon_RX_7900_XT,openf1,0,1.0,0,0,0,low,split_fields,low,169,144,schema,0.7354827235590395,schema,1,1.0,local,ROCM,AMD_Radeon_RX_7900_XT,True,2,0,0,1,0,0,1,0,0,0.053036,False,1mhz,53.036,1,short,30000,True,canonical,0.9946279118426278,1.0,0.48664241621723214,0.5769453104140847,1,1500000000,18.855117278829475,53036,0.053036
NO_GEMMA,AMD_Radeon_RX_7900_XT,openf1,0,1.0,0,0,0,low,split_fields,low,169,144,schema,0.3224715326754929,schema,1,1.0,local,ROCM,AMD_Radeon_RX_7900_XT,True,2,0,0,1,0,0,1,0,0,0.052994,False,1mhz,52.994,1,short,30000,True,canonical,0.9946279118426278,1.0,0.48667230841298337,0.5769677301212788,2,1304347826,18.870060761595653,52994,0.052994
NO_GEMMA,AMD_Radeon_RX_7900_XT,openf1,0,1.0,0,0,0,low,nested_corruption,low,157,144,schema,0.26560927381405164,schema,1,1.0,local,ROCM,AMD_Radeon_RX_7900_XT,True,2,0,0,1,0,0,1,0,0,0.054107,False,1mhz,54.107,1,short,30000,True,canonical,0.9946279118426278,1.0,0.4858958449962817,0.5763853680026108,3,1428571428,18.48189698190622,54107,0.054107
NO_GEMMA,AMD_Radeon_RX_7900_XT,openf1,0,1.0,0,0,0,low,missing_keys,low,55,144,schema,0.1982016063748051,schema,1,1.0,local,ROCM,AMD_Radeon_RX_7900_XT,True,1,0,0,1,0,0,0,0,0,0.053102,False,1mhz,53.102,1,short,30000,True,canonical,0.9946279118426278,1.0,0.4865955383023887,0.5769101510991451,4,1875000000,18.831682422507626,53102,0.053102
NO_GEMMA,AMD_Radeon_RX_7900_XT,finnhub,0,1.0,0,0,0,high,split_fields,high,181,154,gemma,0.4941481716059183,gemma,1,1.0,local,ROCM,AMD_Radeon_RX_7900_XT,True,1,1,0,0,0,0,0,0,0,14.197973,False,1mhz,14197.973,1,short,30000,True,canonical,0.9946279118426278,1.0,0.44906647219836254,0.5487626479742568,1,2121,0.07043258921537603,14197973,14.197973
NO_GEMMA,AMD_Radeon_RX_7900_XT,finnhub,0,1.0,0,0,0,high,split_fields,high,275,154,gemma,0.6700392007136108,gemma,1,1.0,local,ROCM,AMD_Radeon_RX_7900_XT,True,1,1,0,0,0,0,0,0,0,14.297591,False,1mhz,14297.591,1,short,30000,True,canonical,0.9946279118426278,1.0,0.4490654905530582,0.5487619117218758,2,2106,0.06994185244213517,14297591,14.297591
NO_GEMMA,AMD_Radeon_RX_7900_XT,openmeteo,0,1.0,0,0,0,high,type_mismatch,high,144,156,gemma,0.5715067013681243,gemma,1,1.0,local,ROCM,AMD_Radeon_RX_7900_XT,True,1,0,0,0,0,0,0,1,0,15.633652,False,1mhz,15633.652,1,short,30000,True,canonical,0.9946279118426278,1.0,0.44905353391816993,0.5487529440215619,1,2000,0.06396458102048069,15633652,15.633652
NO_GEMMA,AMD_Radeon_RX_7900_XT,openmeteo,0,1.0,0,0,0,high,nested_corruption,high,165,156,gemma,0.3228117761476017,gemma,1,1.0,local,ROCM,AMD_Radeon_RX_7900_XT,True,1,0,0,0,1,0,0,0,0,16.014058,False,1mhz,16014.058,1,short,30000,True,canonical,0.9946279118426278,1.0,0.44905049449261053,0.5487506643954132,3,1887,0.062445134144012725,16014058,16.014058
NO_GEMMA,AMD_Radeon_RX_7900_XT,openmeteo,0,1.0,0,0,0,high,value_contradiction,high,156,156,gemma,0.6522352664268689,gemma,1,0.0,local,ROCM,AMD_Radeon_RX_7900_XT,False,0,0,0,0,0,0,0,0,0,15.60297,False,1mhz,15602.97,1,short,30000,True,canonical,0.9946279118426278,0.0,0.19905378552471956,0.248753132731191,4,1930,0.06409036228359088,15602970,15.60297
NO_GEMMA,AMD_Radeon_RX_7900_XT,spacex,0,1.0,0,0,0,high,missing_keys,high,132,169,gemma,0.11664802771364409,gemma,1,1.0,local,ROCM,AMD_Radeon_RX_7900_XT,True,1,0,0,1,0,0,0,0,0,14.196678,False,1mhz,14196.678,1,short,30000,True,canonical,0.9946279118426278,1.0,0.4490664850501247,0.5487626576133193,1,2121,0.07043901397214193,14196678,14.196678
NO_GEMMA,AMD_Radeon_RX_7900_XT,spacex,0,1.0,0,0,0,high,split_fields,high,205,169,gemma,0.24148490630513236,gemma,1,1.0,local,ROCM,AMD_Radeon_RX_7900_XT,True,1,1,0,0,0,0,0,0,0,14.451976,False,1mhz,14451.976,1,short,30000,True,canonical,0.9946279118426278,1.0,0.4490639959667767,0.5487607907541462,2,2084,0.06919469005484094,14451976,14.451976
NO_GEMMA,AMD_Radeon_RX_7900_XT,spacex,0,1.0,0,0,0,high,value_contradiction,high,177,169,gemma,0.3913221240239232,gemma,1,1.0,local,ROCM,AMD_Radeon_RX_7900_XT,True,1,0,0,0,0,0,0,0,1,14.339146,False,1mhz,14339.146,1,short,30000,True,canonical,0.9946279118426278,1.0,0.4490650850976281,0.5487616076227024,3,2100,0.06973916019824333,14339146,14.339146
NO_GEMMA,AMD_Radeon_RX_7900_XT,spacex,0,1.0,0,0,0,high,missing_keys,high,68,169,gemma,0.2912595734420343,gemma,1,1.0,local,ROCM,AMD_Radeon_RX_7900_XT,True,1,0,0,1,0,0,0,0,0,15.503563,False,1mhz,15503.563,1,short,30000,True,canonical,0.9946279118426278,1.0,0.44905460754809234,0.5487537492641309,4,1942,0.06450130205553395,15503563,15.503563
NO_GEMMA,AMD_Radeon_RX_7900_XT,openf1,0,1.0,0,0,0,high,nested_corruption,high,153,144,gemma,0.7429452177077799,gemma,1,1.0,local,ROCM,AMD_Radeon_RX_7900_XT,True,1,0,0,0,1,0,0,0,0,15.077039,False,1mhz,15077.039,1,short,30000,True,canonical,0.9946279118426278,1.0,0.44905825762392554,0.5487564868894327,2,2004,0.06632602064636167,15077039,15.077039
NO_GEMMA,AMD_Radeon_RX_7900_XT,openf1,0,1.0,0,0,0,high,value_contradiction,high,144,144,gemma,0.17316954338584445,gemma,1,0.0,local,ROCM,AMD_Radeon_RX_7900_XT,False,0,0,0,0,0,0,0,0,0,13.955816,False,1mhz,13955.816,1,short,30000,True,canonical,0.9946279118426278,0.0,0.1990689168750854,0.2487644815276286,3,2158,0.07165471370502448,13955816,13.955816
NO_GEMMA,AMD_Radeon_RX_7900_XT,openf1,0,1.0,0,0,0,high,value_contradiction,high,152,144,gemma,0.19509366126443528,gemma,1,1.0,local,ROCM,AMD_Radeon_RX_7900_XT,True,1,0,0,0,0,0,0,0,1,13.963975,False,1mhz,13963.975,1,short,30000,True,canonical,0.9946279118426278,1.0,0.449068833126279,0.5487644187144538,4,2157,0.0716128466285567,13963975,13.963975
NO_GEMMA,AMD_Radeon_RX_7900_XT,finnhub,0,1.0,0,0,0,medium,type_mismatch,medium,63,154,gemma,0.8484142172972517,gemma,1,1.0,local,ROCM,AMD_Radeon_RX_7900_XT,True,1,0,0,0,1,0,0,0,0,14.331241,False,1mhz,14331.241,1,short,30000,True,canonical,0.9946279118426278,1.0,0.44906516204623803,0.5487616653356023,1,2101,0.0697776277713842,14331241,14.331241
NO_GEMMA,AMD_Radeon_RX_7900_XT,finnhub,0,1.0,0,0,0,medium,type_mismatch,medium,63,154,gemma,0.44494555073782716,gemma,1,1.0,local,ROCM,AMD_Radeon_RX_7900_XT,True,1,0,0,0,1,0,0,0,0,14.315782,False,1mhz,14315.782,1,short,30000,True,canonical,0.9946279118426278,1.0,0.4490653127723554,0.5487617783830159,2,2104,0.06985297764383391,14315782,14.315782
NO_GEMMA,AMD_Radeon_RX_7900_XT,finnhub,0,1.0,0,0,0,medium,value_contradiction,medium,154,154,gemma,0.25728743771729445,gemma,1,0.0,local,ROCM,AMD_Radeon_RX_7900_XT,False,0,0,0,0,0,0,0,0,0,14.104799,False,1mhz,14104.799,1,short,30000,True,canonical,0.9946279118426278,0.0,0.1990674028935823,0.24876334601311909,3,2135,0.07089785540368211,14104799,14.104799
NO_GEMMA,AMD_Radeon_RX_7900_XT,finnhub,0,1.0,0,0,0,medium,split_fields,medium,181,154,gemma,0.33356958512256896,gemma,1,1.0,local,ROCM,AMD_Radeon_RX_7900_XT,True,1,1,0,0,0,0,0,0,0,14.372986,False,1mhz,14372.986,1,short,30000,True,canonical,0.9946279118426278,1.0,0.4490647566500562,0.5487613612808661,4,2096,0.06957496514642121,14372986,14.372986
NO_GEMMA,AMD_Radeon_RX_7900_XT,openmeteo,0,1.0,0,0,0,medium,extra_keys,medium,183,156,gemma,0.792320831792379,gemma,1,1.0,local,ROCM,AMD_Radeon_RX_7900_XT,True,1,1,0,0,0,0,0,0,0,14.238616,False,1mhz,14238.616,1,short,30000,True,canonical,0.9946279118426278,1.0,0.4490660700395183,0.5487623463475845,1,2115,0.07023154497600047,14238616,14.238616
NO_GEMMA,AMD_Radeon_RX_7900_XT,openmeteo,0,1.0,0,0,0,medium,split_fields,medium,274,156,gemma,0.16484799862271773,gemma,1,1.0,local,ROCM,AMD_Radeon_RX_7900_XT,True,1,1,0,0,0,0,0,0,0,14.296141,False,1mhz,14296.141,1,short,30000,True,canonical,0.9946279118426278,1.0,0.4490655047433818,0.5487619223648847,2,2107,0.06994894636251839,14296141,14.296141
NO_GEMMA,AMD_Radeon_RX_7900_XT,openmeteo,0,1.0,0,0,0,medium,value_contradiction,medium,170,156,gemma,0.6437488456364616,gemma,1,1.0,local,ROCM,AMD_Radeon_RX_7900_XT,True,1,0,0,0,0,0,0,0,1,14.232598,False,1mhz,14232.598,1,short,30000,True,canonical,0.9946279118426278,1.0,0.4490661294422222,0.548762390900726,3,2116,0.07026124113109919,14232598,14.232598
NO_GEMMA,AMD_Radeon_RX_7900_XT,openmeteo,0,1.0,0,0,0,medium,merged_fields,medium,152,156,gemma,0.7888950650334577,gemma,1,1.0,local,ROCM,AMD_Radeon_RX_7900_XT,True,1,0,1,0,0,0,0,0,0,14.325652,False,1mhz,14325.652,1,short,30000,True,canonical,0.9946279118426278,1.0,0.4490652165017573,0.5487617061782627,4,2102,0.06980485076700174,14325652,14.325652
NO_GEMMA,AMD_Radeon_RX_7900_XT,spacex,0,1.0,0,0,0,medium,merged_fields,medium,163,169,gemma,0.10801580643252073,gemma,1,1.0,local,ROCM,AMD_Radeon_RX_7900_XT,True,1,0,1,0,0,0,0,0,0,15.116816,False,1mhz,15116.816,1,short,30000,True,canonical,0.9946279118426278,1.0,0.44905790851445476,0.5487562250507849,2,2004,0.06615149645269215,15116816,15.116816
NO_GEMMA,AMD_Radeon_RX_7900_XT,spacex,0,1.0,0,0,0,medium,value_contradiction,medium,177,169,gemma,0.7997255910748232,gemma,1,1.0,local,ROCM,AMD_Radeon_RX_7900_XT,True,1,0,0,0,0,0,0,0,1,14.87754,False,1mhz,14877.54,1,short,30000,True,canonical,0.9946279118426278,1.0,0.44906003672052186,0.5487578212452322,3,2024,0.06721541330085484,14877540,14.87754
NO_GEMMA,AMD_Radeon_RX_7900_XT,openf1,0,1.0,0,0,0,medium,type_mismatch,medium,80,144,gemma,0.12747466478350394,gemma,1,1.0,local,ROCM,AMD_Radeon_RX_7900_XT,True,1,0,0,0,1,0,0,0,0,14.207089,False,1mhz,14207.089,1,short,30000,True,canonical,0.9946279118426278,1.0,0.4490663817961916,0.5487625801709337,1,2133,0.0703873960386959,14207089,14.207089
NO_GEMMA,AMD_Radeon_RX_7900_XT,openf1,0,1.0,0,0,0,medium,missing_keys,medium,55,144,gemma,0.6375349654319364,gemma,1,1.0,local,ROCM,AMD_Radeon_RX_7900_XT,True,1,0,0,1,0,0,0,0,0,14.284231,False,1mhz,14284.231,1,short,30000,True,canonical,0.9946279118426278,1.0,0.4490656214087791,0.5487620098661197,2,2108,0.07000726885472519,14284231,14.284231
NO_GEMMA,AMD_Radeon_RX_7900_XT,openf1,0,1.0,0,0,0,medium,value_contradiction,medium,144,144,gemma,0.20212395230372,gemma,1,0.0,local,ROCM,AMD_Radeon_RX_7900_XT,False,0,0,0,0,0,0,0,0,0,14.179694,False,1mhz,14179.694,1,short,30000,True,canonical,0.9946279118426278,0.0,0.19906665381900962,0.24876278419314685,3,2124,0.07052338364988694,14179694,14.179694
NO_GEMMA,AMD_Radeon_RX_7900_XT,openf1,0,1.0,0,0,0,medium,extra_keys,medium,171,144,gemma,0.1574891557646403,gemma,1,1.0,local,ROCM,AMD_Radeon_RX_7900_XT,True,1,1,0,0,0,0,0,0,0,14.336793,False,1mhz,14336.793,1,short,30000,True,canonical,0.9946279118426278,1.0,0.4490651079932591,0.5487616247948548,4,2101,0.06975060601070267,14336793,14.336793
NO_GEMMA,AMD_Radeon_RX_7900_XT,finnhub,0,1.0,0,0,0,low,extra_keys,low,181,154,gemma,0.7635745050816415,gemma,1,1.0,local,ROCM,AMD_Radeon_RX_7900_XT,True,1,1,0,0,0,0,0,0,0,14.362956,False,1mhz,14362.956,1,short,30000,True,canonical,0.9946279118426278,1.0,0.4490648538388273,0.5487614341742665,1,2097,0.06962355102946775,14362956,14.362956
NO_GEMMA,AMD_Radeon_RX_7900_XT,finnhub,0,1.0,0,0,0,low,merged_fields,low,150,154,gemma,0.643913573991371,gemma,1,1.0,local,ROCM,AMD_Radeon_RX_7900_XT,True,1,0,1,0,0,0,0,0,0,14.261135,False,1mhz,14261.135,1,short,30000,True,canonical,0.9946279118426278,1.0,0.4490658482029069,0.5487621799659672,2,2111,0.07012064607760883,14261135,14.261135
NO_GEMMA,AMD_Radeon_RX_7900_XT,finnhub,0,1.0,0,0,0,low,merged_fields,low,152,154,gemma,0.30913343106356006,gemma,1,1.0,local,ROCM,AMD_Radeon_RX_7900_XT,True,1,0,1,0,0,0,0,0,0,14.334673,False,1mhz,14334.673,1,short,30000,True,canonical,0.9946279118426278,1.0,0.4490651286281438,0.5487616402714051,3,2101,0.06976092164781157,14334673,14.334673
NO_GEMMA,AMD_Radeon_RX_7900_XT,finnhub,0,1.0,0,0,0,low,missing_keys,low,138,154,gemma,0.7562746899321887,gemma,1,1.0,local,ROCM,AMD_Radeon_RX_7900_XT,True,1,0,0,1,0,0,0,0,0,14.253107,False,1mhz,14253.107,1,short,30000,True,canonical,0.9946279118426278,1.0,0.4490659272070228,0.5487622392205352,4,2113,0.07016014122394507,14253107,14.253107
NO_GEMMA,AMD_Radeon_RX_7900_XT,openmeteo,0,1.0,0,0,0,low,split_fields,low,188,156,gemma,0.8654619390896908,gemma,1,1.0,local,ROCM,AMD_Radeon_RX_7900_XT,True,2,0,0,1,0,0,1,0,0,14.281557,False,1mhz,14281.557,1,short,30000,True,canonical,0.9946279118426278,1.0,0.44906564762891704,0.5487620295317147,1,2109,0.07002037662980304,14281557,14.281557
NO_GEMMA,AMD_Radeon_RX_7900_XT,openmeteo,0,1.0,0,0,0,low,extra_keys,low,184,156,gemma,0.4606456837714802,gemma,1,1.0,local,ROCM,AMD_Radeon_RX_7900_XT,True,1,1,0,0,0,0,0,0,0,14.378327,False,1mhz,14378.327,1,short,30000,True,canonical,0.9946279118426278,1.0,0.4490647049521196,0.5487613225064445,2,2095,0.06954912070089934,14378327,14.378327
NO_GEMMA,AMD_Radeon_RX_7900_XT,openmeteo,0,1.0,0,0,0,low,missing_keys,low,141,156,gemma,0.5373659426765406,gemma,1,1.0,local,ROCM,AMD_Radeon_RX_7900_XT,True,1,0,0,1,0,0,0,0,0,14.187436,False,1mhz,14187.436,1,short,30000,True,canonical,0.9946279118426278,1.0,0.44906657683715256,0.5487627264553109,4,2137,0.07048489945611032,14187436,14.187436
NO_GEMMA,AMD_Radeon_RX_7900_XT,spacex,0,1.0,0,0,0,low,split_fields,low,205,169,gemma,0.23854145747924527,gemma,1,1.0,local,ROCM,AMD_Radeon_RX_7900_XT,True,1,1,0,0,0,0,0,0,0,14.195301,False,1mhz,14195.301,1,short,30000,True,canonical,0.9946279118426278,1.0,0.4490664987182388,0.5487626678646611,1,2121,0.0704458468333993,14195301,14.195301
NO_GEMMA,AMD_Radeon_RX_7900_XT,spacex,0,1.0,0,0,0,low,extra_keys,low,197,169,gemma,0.8022475377657843,gemma,1,1.0,local,ROCM,AMD_Radeon_RX_7900_XT,True,1,1,0,0,0,0,0,0,0,14.11145,False,1mhz,14111.45,1,short,30000,True,canonical,0.9946279118426278,1.0,0.44906733605081905,0.5487632958797936,2,2134,0.07086443986975116,14111450,14.11145
NO_GEMMA,AMD_Radeon_RX_7900_XT,spacex,0,1.0,0,0,0,low,extra_keys,low,197,169,gemma,0.8279043631309142,gemma,1,1.0,local,ROCM,AMD_Radeon_RX_7900_XT,True,1,1,0,0,0,0,0,0,0,14.376833,False,1mhz,14376.833,1,short,30000,True,canonical,0.9946279118426278,1.0,0.44906471940934667,0.5487613333496358,3,2094,0.0695563480496713,14376833,14.376833
NO_GEMMA,AMD_Radeon_RX_7900_XT,spacex,0,1.0,0,0,0,low,nested_corruption,low,182,169,gemma,0.5850252936654069,gemma,1,1.0,local,ROCM,AMD_Radeon_RX_7900_XT,True,2,0,0,1,0,0,1,0,0,14.202803,False,1mhz,14202.803,1,short,30000,True,canonical,0.9946279118426278,1.0,0.4490664242854345,0.5487626120386625,4,2121,0.07040863694300344,14202803,14.202803
NO_GEMMA,AMD_Radeon_RX_7900_XT,openf1,0,1.0,0,0,0,low,extra_keys,low,172,144,gemma,0.608930736164306,gemma,1,1.0,local,ROCM,AMD_Radeon_RX_7900_XT,True,1,1,0,0,0,0,0,0,0,14.051655,False,1mhz,14051.655,1,short,30000,True,canonical,0.9946279118426278,1.0,0.44906793926527544,0.5487637483019442,1,2144,0.07116599432593528,14051655,14.051655
NO_GEMMA,AMD_Radeon_RX_7900_XT,openf1,0,1.0,0,0,0,low,nested_corruption,low,157,144,gemma,0.5331700650906729,gemma,1,1.0,local,ROCM,AMD_Radeon_RX_7900_XT,True,2,0,0,1,0,0,1,0,0,14.202871,False,1mhz,14202.871,1,short,30000,True,canonical,0.9946279118426278,1.0,0.44906642361111654,0.5487626115329115,2,2120,0.07040829984303877,14202871,14.202871
NO_GEMMA,AMD_Radeon_RX_7900_XT,openf1,0,1.0,0,0,0,low,split_fields,low,177,144,gemma,0.3087814233437105,gemma,1,1.0,local,ROCM,AMD_Radeon_RX_7900_XT,True,1,1,0,0,0,0,0,0,0,14.096977,False,1mhz,14096.977,1,short,30000,True,canonical,0.9946279118426278,1.0,0.44906748158564136,0.5487634050336386,3,2136,0.07093719454887384,14096977,14.096977
NO_GEMMA,AMD_Radeon_RX_7900_XT,openf1,0,1.0,0,0,0,low,split_fields,low,238,144,gemma,0.3985310820776816,gemma,1,1.0,local,ROCM,AMD_Radeon_RX_7900_XT,True,1,1,0,0,0,0,0,0,0,14.257384,False,1mhz,14257.384,1,short,30000,True,canonical,0.9946279118426278,1.0,0.4490658851056896,0.5487622076437461,4,2112,0.07013909424057035,14257384,14.257384
BASELINE,AMD_Radeon_RX_7900_XT,finnhub,0,1.0,0,0,0,low,,low,154,154,json,0.26028712852860625,json,1,0.0,local,ROCM,AMD_Radeon_RX_7900_XT,False,0,0,0,0,0,0,0,0,0,0.052374,False,100hz,52.374,1,short,30000,True,canonical,0.9946279118426278,0.0,0.303939520582143,0.33457747286270756,1,100000000,19.09344331156681,52374,0.052374
BASELINE,AMD_Radeon_RX_7900_XT,finnhub,0,1.0,0,0,0,low,,low,154,154,json,0.4326195545777759,json,1,0.0,local,ROCM,AMD_Radeon_RX_7900_XT,False,0,0,0,0,0,0,0,0,0,0.05295,False,100hz,52.95,1,short,30000,True,canonical,0.9946279118426278,0.0,0.30279715932792123,0.33364281365470794,2,100000000,18.885741265344667,52950,0.05295
BASELINE,AMD_Radeon_RX_7900_XT,finnhub,0,1.0,0,0,0,low,,low,154,154,json,0.6870806588897993,json,1,0.0,local,ROCM,AMD_Radeon_RX_7900_XT,False,0,0,0,0,0,0,0,0,0,0.052432,False,100hz,52.432,1,short,30000,True,canonical,0.9946279118426278,0.0,0.30382335472128724,0.3344824280674619,3,100000000,19.072322245956666,52432,0.052432
BASELINE,AMD_Radeon_RX_7900_XT,finnhub,0,1.0,0,0,0,low,,low,154,154,json,0.7787353704920607,json,1,0.0,local,ROCM,AMD_Radeon_RX_7900_XT,False,0,0,0,0,0,0,0,0,0,0.052932,False,100hz,52.932,1,short,30000,True,canonical,0.9946279118426278,0.0,0.30283248178664696,0.33367171384821076,4,100000000,18.892163530567522,52932,0.052932
BASELINE,AMD_Radeon_RX_7900_XT,openmeteo,0,1.0,0,0,0,low,,low,156,156,json,0.1544348018705759,json,1,0.0,local,ROCM,AMD_Radeon_RX_7900_XT,False,0,0,0,0,0,0,0,0,0,0.054013,False,100hz,54.013,1,short,30000,True,canonical,0.9946279118426278,0.0,0.3007529202316326,0.33197025439410816,1,100000000,18.514061429655825,54013,0.054013
BASELINE,AMD_Radeon_RX_7900_XT,openmeteo,0,1.0,0,0,0,low,,low,156,156,json,0.2627035221717384,json,1,0.0,local,ROCM,AMD_Radeon_RX_7900_XT,False,0,0,0,0,0,0,0,0,0,0.054201,False,100hz,54.201,1,short,30000,True,canonical,0.9946279118426278,0.0,0.30039972491202105,0.3316812764053351,2,100000000,18.449844098817366,54201,0.054201
BASELINE,AMD_Radeon_RX_7900_XT,openmeteo,0,1.0,0,0,0,low,,low,156,156,json,0.3065307263467041,json,1,0.0,local,ROCM,AMD_Radeon_RX_7900_XT,False,0,0,0,0,0,0,0,0,0,0.053057,False,100hz,53.057,1,short,30000,True,canonical,0.9946279118426278,0.0,0.30258768162027366,0.33347142280299635,3,100000000,18.84765440940875,53057,0.053057
BASELINE,AMD_Radeon_RX_7900_XT,openmeteo,0,1.0,0,0,0,low,,low,156,156,json,0.2838020027257744,json,1,0.0,local,ROCM,AMD_Radeon_RX_7900_XT,False,0,0,0,0,0,0,0,0,0,0.073994,False,100hz,73.994,1,short,30000,True,canonical,0.9946279118426278,0.0,0.273255933478075,0.309472719777561,4,100000000,13.514609292645348,73994,0.073994
BASELINE,AMD_Radeon_RX_7900_XT,spacex,0,1.0,0,0,0,low,,low,169,169,json,0.343867888856549,json,1,0.0,local,ROCM,AMD_Radeon_RX_7900_XT,False,0,0,0,0,0,0,0,0,0,0.068299,False,100hz,68.299,1,short,30000,True,canonical,0.9946279118426278,0.0,0.2794538477896884,0.31454374057797196,1,100000000,14.641502803847787,68299,0.068299
BASELINE,AMD_Radeon_RX_7900_XT,spacex,0,1.0,0,0,0,low,,low,169,169,json,0.32500086917456034,json,1,0.0,local,ROCM,AMD_Radeon_RX_7900_XT,False,0,0,0,0,0,0,0,0,0,0.053992,False,100hz,53.992,1,short,30000,True,canonical,0.9946279118426278,0.0,0.3007925256193775,0.3320026588022631,2,100000000,18.521262409245814,53992,0.053992
BASELINE,AMD_Radeon_RX_7900_XT,spacex,0,1.0,0,0,0,low,,low,169,169,json,0.3339856489903964,json,1,0.0,local,ROCM,AMD_Radeon_RX_7900_XT,False,0,0,0,0,0,0,0,0,0,0.053423,False,100hz,53.423,1,short,30000,True,canonical,0.9946279118426278,0.0,0.3018774944663112,0.3328903605861179,3,100000000,18.718529472324654,53423,0.053423
BASELINE,AMD_Radeon_RX_7900_XT,spacex,0,1.0,0,0,0,low,,low,169,169,json,0.4387279345074484,json,1,0.0,local,ROCM,AMD_Radeon_RX_7900_XT,False,0,0,0,0,0,0,0,0,0,0.056166,False,100hz,56.166,1,short,30000,True,canonical,0.9946279118426278,0.0,0.2968495933360148,0.3287766232976936,4,100000000,17.804365630452587,56166,0.056166
BASELINE,AMD_Radeon_RX_7900_XT,openf1,0,1.0,0,0,0,low,,low,144,144,json,0.47763419042715904,json,1,0.0,local,ROCM,AMD_Radeon_RX_7900_XT,False,0,0,0,0,0,0,0,0,0,0.053878,False,100hz,53.878,1,short,30000,True,canonical,0.9946279118426278,0.0,0.3010080650145035,0.3321790092164571,1,100000000,18.560451390177807,53878,0.053878
BASELINE,AMD_Radeon_RX_7900_XT,openf1,0,1.0,0,0,0,low,,low,144,144,json,0.7829901325815561,json,1,0.0,local,ROCM,AMD_Radeon_RX_7900_XT,False,0,0,0,0,0,0,0,0,0,0.053165,False,100hz,53.165,1,short,30000,True,canonical,0.9946279118426278,0.0,0.30237710122491607,0.3332991297522491,2,100000000,18.80936706479827,53165,0.053165
BASELINE,AMD_Radeon_RX_7900_XT,openf1,0,1.0,0,0,0,low,,low,144,144,json,0.3548281209450529,json,1,0.0,local,ROCM,AMD_Radeon_RX_7900_XT,False,0,0,0,0,0,0,0,0,0,0.053142,False,100hz,53.142,1,short,30000,True,canonical,0.9946279118426278,0.0,0.30242187531948717,0.3333357631023528,3,100000000,18.81750780926574,53142,0.053142
BASELINE,AMD_Radeon_RX_7900_XT,openf1,0,1.0,0,0,0,low,,low,144,144,json,0.11339201499277377,json,1,0.0,local,ROCM,AMD_Radeon_RX_7900_XT,False,0,0,0,0,0,0,0,0,0,0.054813,False,100hz,54.813,1,short,30000,True,canonical,0.9946279118426278,0.0,0.2992667423123345,0.33075429064195516,4,100000000,18.24384726251072,54813,0.054813
FAST_ONLY,AMD_Radeon_RX_7900_XT,finnhub,0,1.0,0,0,0,high,type_mismatch,high,151,154,json,0.186196223073266,json,1,1.0,local,ROCM,AMD_Radeon_RX_7900_XT,True,1,0,0,0,0,0,0,1,0,0.024619,False,100hz,24.619,1,short,30000,True,canonical,0.5,1.0,0.5734046874365328,0.6077856533571632,1,100000000,40.6190340793696,24619,0.024619
FAST_ONLY,AMD_Radeon_RX_7900_XT,finnhub,0,1.0,0,0,0,high,merged_fields,high,150,154,json,0.3840983322959487,json,1,1.0,local,ROCM,AMD_Radeon_RX_7900_XT,True,1,0,1,0,0,0,0,0,0,0.024174,False,100hz,24.174,1,short,30000,True,canonical,0.5,1.0,0.5775171672044345,0.6111504095309009,2,100000000,41.36675767353355,24174,0.024174
FAST_ONLY,AMD_Radeon_RX_7900_XT,finnhub,0,1.0,0,0,0,high,extra_keys,high,182,154,json,0.7612656382099932,json,1,1.0,local,ROCM,AMD_Radeon_RX_7900_XT,True,1,1,0,0,0,0,0,0,0,0.024745,False,100hz,24.745,1,short,30000,True,canonical,0.5,1.0,0.5722671246716509,0.606854920185896,3,100000000,40.4122044857547,24745,0.024745
FAST_ONLY,AMD_Radeon_RX_7900_XT,finnhub,0,1.0,0,0,0,high,value_contradiction,high,154,154,json,0.4037454840163013,json,1,0.0,local,ROCM,AMD_Radeon_RX_7900_XT,False,0,0,0,0,0,0,0,0,0,0.025496,False,100hz,25.496,1,short,30000,True,canonical,0.5,0.0,0.31572011295889546,0.3014982742390963,4,100000000,39.22183871979918,25496,0.025496
FAST_ONLY,AMD_Radeon_RX_7900_XT,openmeteo,0,1.0,0,0,0,high,renamed_keys,high,158,156,json,0.12973554563591475,json,1,1.0,local,ROCM,AMD_Radeon_RX_7900_XT,True,1,0,0,0,0,1,0,0,0,0.024429,False,100hz,24.429,1,short,30000,True,canonical,0.5,1.0,0.5751422489663924,0.6092072946088665,1,100000000,40.93495435752589,24429,0.024429
FAST_ONLY,AMD_Radeon_RX_7900_XT,openmeteo,0,1.0,0,0,0,high,merged_fields,high,154,156,json,0.39250060991339497,json,1,1.0,local,ROCM,AMD_Radeon_RX_7900_XT,True,1,0,1,0,0,0,0,0,0,0.023902,False,100hz,23.902,1,short,30000,True,canonical,0.5,1.0,0.58010626725797,0.6132687641201573,2,100000000,41.83750313781274,23902,0.023902
FAST_ONLY,AMD_Radeon_RX_7900_XT,openmeteo,0,1.0,0,0,0,high,missing_keys,high,141,156,json,0.16347954549474641,json,1,1.0,local,ROCM,AMD_Radeon_RX_7900_XT,True,1,0,0,1,0,0,0,0,0,0.024375,False,100hz,24.375,1,short,30000,True,canonical,0.5,1.0,0.5756410256410257,0.6096153846153847,3,100000000,41.02564102564102,24375,0.024375
FAST_ONLY,AMD_Radeon_RX_7900_XT,openmeteo,0,1.0,0,0,0,high,split_fields,high,188,156,json,0.5398176544448037,json,1,1.0,local,ROCM,AMD_Radeon_RX_7900_XT,True,2,0,0,1,0,0,1,0,0,0.02464,False,100hz,24.64,1,short,30000,True,canonical,0.5,1.0,0.5732142857142857,0.6076298701298701,4,100000000,40.58441558441559,24640,0.02464
FAST_ONLY,AMD_Radeon_RX_7900_XT,spacex,0,1.0,0,0,0,high,missing_keys,high,138,169,json,0.7019761558429439,json,1,1.0,local,ROCM,AMD_Radeon_RX_7900_XT,True,1,0,0,1,0,0,0,0,0,0.02443,False,100hz,24.43,1,short,30000,True,canonical,0.5,1.0,0.5751330331559557,0.6091997544003275,1,100000000,40.93327875562832,24430,0.02443
FAST_ONLY,AMD_Radeon_RX_7900_XT,spacex,0,1.0,0,0,0,high,value_contradiction,high,170,169,json,0.3137611793777523,json,1,1.0,local,ROCM,AMD_Radeon_RX_7900_XT,True,1,0,0,0,0,0,0,0,1,0.024977,False,100hz,24.977,1,short,30000,True,canonical,0.5,1.0,0.5702025863794691,0.6051657524922929,2,100000000,40.0368338871762,24977,0.024977
FAST_ONLY,AMD_Radeon_RX_7900_XT,spacex,0,1.0,0,0,0,high,extra_keys,high,197,169,json,0.24611835216595843,json,1,1.0,local,ROCM,AMD_Radeon_RX_7900_XT,True,1,1,0,0,0,0,0,0,0,0.024161,False,100hz,24.161,1,short,30000,True,canonical,0.5,1.0,0.5776395844542859,0.6112505690989611,3,100000000,41.3890153553247,24161,0.024161
FAST_ONLY,AMD_Radeon_RX_7900_XT,spacex,0,1.0,0,0,0,high,value_contradiction,high,170,169,json,0.12345325714916805,json,1,1.0,local,ROCM,AMD_Radeon_RX_7900_XT,True,1,0,0,0,0,0,0,0,1,0.024084,False,100hz,24.084,1,short,30000,True,canonical,0.5,1.0,0.5783673808337485,0.611846038863976,4,100000000,41.52134196977246,24084,0.024084
FAST_ONLY,AMD_Radeon_RX_7900_XT,openf1,0,1.0,0,0,0,high,renamed_keys,high,146,144,json,0.5988353760995704,json,1,1.0,local,ROCM,AMD_Radeon_RX_7900_XT,True,1,0,0,0,0,1,0,0,0,0.025433,False,100hz,25.433,1,short,30000,True,canonical,0.5,1.0,0.566254472535682,0.6019354775291943,1,100000000,39.31899500648763,25433,0.025433
FAST_ONLY,AMD_Radeon_RX_7900_XT,openf1,0,1.0,0,0,0,high,split_fields,high,169,144,json,0.44526781784236713,json,1,1.0,local,ROCM,AMD_Radeon_RX_7900_XT,True,2,0,0,1,0,0,1,0,0,0.023433,False,100hz,23.433,1,short,30000,True,canonical,0.5,1.0,0.5847117313190799,0.6170368710792472,2,100000000,42.67486023983272,23433,0.023433
FAST_ONLY,AMD_Radeon_RX_7900_XT,openf1,0,1.0,0,0,0,high,value_contradiction,high,143,144,json,0.21041715341142259,json,1,1.0,local,ROCM,AMD_Radeon_RX_7900_XT,True,1,0,0,0,0,0,0,0,1,0.025103,False,100hz,25.103,1,short,30000,True,canonical,0.5,1.0,0.5690973190455324,0.6042614428554355,3,100000000,39.8358761900968,25103,0.025103
FAST_ONLY,AMD_Radeon_RX_7900_XT,openf1,0,1.0,0,0,0,high,type_mismatch,high,80,144,json,0.5398458793079276,json,1,1.0,local,ROCM,AMD_Radeon_RX_7900_XT,True,1,0,0,0,1,0,0,0,0,0.024019,False,100hz,24.019,1,short,30000,True,canonical,0.5,1.0,0.5789853865689663,0.6123516799200633,4,100000000,41.63370664890295,24019,0.024019
FAST_ONLY,AMD_Radeon_RX_7900_XT,finnhub,0,1.0,0,0,0,medium,split_fields,medium,186,154,json,0.8840406586127098,json,1,1.0,local,ROCM,AMD_Radeon_RX_7900_XT,True,2,0,0,1,0,0,1,0,0,0.024603,False,100hz,24.603,1,short,30000,True,canonical,0.5,1.0,0.5735499735804576,0.6079045238385563,1,100000000,40.645449741901395,24603,0.024603
FAST_ONLY,AMD_Radeon_RX_7900_XT,finnhub,0,1.0,0,0,0,medium,type_mismatch,medium,63,154,json,0.815978169416873,json,1,1.0,local,ROCM,AMD_Radeon_RX_7900_XT,True,1,0,0,0,1,0,0,0,0,0.024956,False,100hz,24.956,1,short,30000,True,canonical,0.5,1.0,0.5703878826735054,0.6053173585510497,2,100000000,40.070524122455524,24956,0.024956
FAST_ONLY,AMD_Radeon_RX_7900_XT,finnhub,0,1.0,0,0,0,medium,merged_fields,medium,152,154,json,0.7216967080419509,json,1,1.0,local,ROCM,AMD_Radeon_RX_7900_XT,True,1,0,1,0,0,0,0,0,0,0.0253,False,100hz,25.3,1,short,30000,True,canonical,0.5,1.0,0.567391304347826,0.6028656126482214,3,100000000,39.52569169960474,25300,0.0253
FAST_ONLY,AMD_Radeon_RX_7900_XT,finnhub,0,1.0,0,0,0,medium,nested_corruption,medium,163,154,json,0.3718410825257922,json,1,1.0,local,ROCM,AMD_Radeon_RX_7900_XT,True,1,0,0,0,1,0,0,0,0,0.024334,False,100hz,24.334,1,short,30000,True,canonical,0.5,1.0,0.576021204898496,0.6099264403714966,4,100000000,41.094764526999256,24334,0.024334
FAST_ONLY,AMD_Radeon_RX_7900_XT,openmeteo,0,1.0,0,0,0,medium,renamed_keys,medium,160,156,json,0.13464820618727372,json,1,1.0,local,ROCM,AMD_Radeon_RX_7900_XT,True,2,1,0,1,0,0,0,0,0,0.025055,False,100hz,25.055,1,short,30000,True,canonical,0.5,1.0,0.5695170624625824,0.6046048692875674,1,100000000,39.91219317501496,25055,0.025055
FAST_ONLY,AMD_Radeon_RX_7900_XT,openmeteo,0,1.0,0,0,0,medium,merged_fields,medium,152,156,json,0.43955372422982786,json,1,1.0,local,ROCM,AMD_Radeon_RX_7900_XT,True,1,0,1,0,0,0,0,0,0,0.024186,False,100hz,24.186,1,short,30000,True,canonical,0.5,1.0,0.5774042834697759,0.6110580501116348,2,100000000,41.34623335814108,24186,0.024186
FAST_ONLY,AMD_Radeon_RX_7900_XT,openmeteo,0,1.0,0,0,0,medium,value_contradiction,medium,156,156,json,0.1962057306680124,json,1,1.0,local,ROCM,AMD_Radeon_RX_7900_XT,True,1,0,0,0,0,0,0,0,1,0.026067,False,100hz,26.067,1,short,30000,True,canonical,0.5,1.0,0.5609947443127326,0.5976320635285994,3,100000000,38.3626807841332,26067,0.026067
FAST_ONLY,AMD_Radeon_RX_7900_XT,openmeteo,0,1.0,0,0,0,medium,missing_keys,medium,141,156,json,0.7157344827456441,json,1,1.0,local,ROCM,AMD_Radeon_RX_7900_XT,True,1,0,0,1,0,0,0,0,0,0.02502,False,100hz,25.02,1,short,30000,True,canonical,0.5,1.0,0.56982414068745,0.6048561151079136,4,100000000,39.96802557953637,25020,0.02502
FAST_ONLY,AMD_Radeon_RX_7900_XT,spacex,0,1.0,0,0,0,medium,value_contradiction,medium,169,169,json,0.8849359132954991,json,1,0.0,local,ROCM,AMD_Radeon_RX_7900_XT,False,0,0,0,0,0,0,0,0,0,0.024456,False,100hz,24.456,1,short,30000,True,canonical,0.5,0.0,0.32489368662087015,0.30900392541707555,1,100000000,40.88976120379457,24456,0.024456
FAST_ONLY,AMD_Radeon_RX_7900_XT,spacex,0,1.0,0,0,0,medium,type_mismatch,medium,144,169,json,0.2533617372918273,json,1,1.0,local,ROCM,AMD_Radeon_RX_7900_XT,True,1,0,0,0,0,0,0,1,0,0.025335,False,100hz,25.335,1,short,30000,True,canonical,0.5,1.0,0.5670909808565227,0.602619893428064,2,100000000,39.47108742845865,25335,0.025335
FAST_ONLY,AMD_Radeon_RX_7900_XT,spacex,0,1.0,0,0,0,medium,value_contradiction,medium,169,169,json,0.7692250889754927,json,1,0.0,local,ROCM,AMD_Radeon_RX_7900_XT,False,0,0,0,0,0,0,0,0,0,0.023683,False,100hz,23.683,1,short,30000,True,canonical,0.5,0.0,0.33223409196470044,0.31500971160748215,3,100000000,42.22438035721826,23683,0.023683
FAST_ONLY,AMD_Radeon_RX_7900_XT,spacex,0,1.0,0,0,0,medium,nested_corruption,medium,182,169,json,0.5930120334166056,json,1,1.0,local,ROCM,AMD_Radeon_RX_7900_XT,True,2,0,0,1,0,0,1,0,0,0.026115,False,100hz,26.115,1,short,30000,True,canonical,0.5,1.0,0.5606069308826345,0.5973147616312464,4,100000000,38.292169251388096,26115,0.026115
FAST_ONLY,AMD_Radeon_RX_7900_XT,openf1,0,1.0,0,0,0,medium,nested_corruption,medium,153,144,json,0.7507025488902922,json,1,1.0,local,ROCM,AMD_Radeon_RX_7900_XT,True,1,0,0,0,1,0,0,0,0,0.024375,False,100hz,24.375,1,short,30000,True,canonical,0.5,1.0,0.5756410256410257,0.6096153846153847,1,100000000,41.02564102564102,24375,0.024375
FAST_ONLY,AMD_Radeon_RX_7900_XT,openf1,0,1.0,0,0,0,medium,type_mismatch,medium,132,144,json,0.2979011676507651,json,1,1.0,local,ROCM,AMD_Radeon_RX_7900_XT,True,1,0,0,0,0,0,0,1,0,0.025131,False,100hz,25.131,1,short,30000,True,canonical,0.5,1.0,0.5688532091838765,0.6040617166049899,2,100000000,39.79149257888663,25131,0.025131
FAST_ONLY,AMD_Radeon_RX_7900_XT,openf1,0,1.0,0,0,0,medium,extra_keys,medium,171,144,json,0.6868769430502969,json,1,1.0,local,ROCM,AMD_Radeon_RX_7900_XT,True,1,1,0,0,0,0,0,0,0,0.024702,False,100hz,24.702,1,short,30000,True,canonical,0.5,1.0,0.5726540361104364,0.607171484090357,3,100000000,40.482552020079346,24702,0.024702
FAST_ONLY,AMD_Radeon_RX_7900_XT,openf1,0,1.0,0,0,0,medium,type_mismatch,medium,132,144,json,0.6457462889807963,json,1,1.0,local,ROCM,AMD_Radeon_RX_7900_XT,True,1,0,0,0,0,0,0,1,0,0.025735,False,100hz,25.735,1,short,30000,True,canonical,0.5,1.0,0.5637167281911792,0.5998591412473285,4,100000000,38.857586943850784,25735,0.025735
FAST_ONLY,AMD_Radeon_RX_7900_XT,finnhub,0,1.0,0,0,0,low,value_contradiction,low,166,154,json,0.3317106990490968,json,1,1.0,local,ROCM,AMD_Radeon_RX_7900_XT,True,1,0,0,0,0,0,0,0,1,0.028317,False,100hz,28.317,1,short,30000,True,canonical,0.5,1.0,0.5442296147190734,0.5839151393156055,1,100000000,35.31447540346788,28317,0.028317
FAST_ONLY,AMD_Radeon_RX_7900_XT,finnhub,0,1.0,0,0,0,low,merged_fields,low,152,154,json,0.7222397639535454,json,1,1.0,local,ROCM,AMD_Radeon_RX_7900_XT,True,1,0,1,0,0,0,0,0,0,0.025399,False,100hz,25.399,1,short,30000,True,canonical,0.5,1.0,0.56654395842356,0.6021723296192764,2,100000000,39.37162880428363,25399,0.025399
FAST_ONLY,AMD_Radeon_RX_7900_XT,finnhub,0,1.0,0,0,0,low,value_contradiction,low,154,154,json,0.44518873041883944,json,1,0.0,local,ROCM,AMD_Radeon_RX_7900_XT,False,0,0,0,0,0,0,0,0,0,0.025107,False,100hz,25.107,1,short,30000,True,canonical,0.5,0.0,0.319062412872904,0.3042328832596487,3,100000000,39.82952961325527,25107,0.025107
FAST_ONLY,AMD_Radeon_RX_7900_XT,finnhub,0,1.0,0,0,0,low,missing_keys,low,132,154,json,0.47056105920329283,json,1,1.0,local,ROCM,AMD_Radeon_RX_7900_XT,True,1,0,0,1,0,0,0,0,0,0.025481,False,100hz,25.481,1,short,30000,True,canonical,0.5,1.0,0.5658471017620973,0.6016021741689886,4,100000000,39.24492759310859,25481,0.025481
FAST_ONLY,AMD_Radeon_RX_7900_XT,openmeteo,0,1.0,0,0,0,low,type_mismatch,low,154,156,json,0.7869242972138704,json,1,1.0,local,ROCM,AMD_Radeon_RX_7900_XT,True,1,0,0,0,0,0,0,1,0,0.024497,False,100hz,24.497,1,short,30000,True,canonical,0.5,1.0,0.574517287831163,0.6086959627709515,1,100000000,40.82132506021145,24497,0.024497
FAST_ONLY,AMD_Radeon_RX_7900_XT,openmeteo,0,1.0,0,0,0,low,value_contradiction,low,156,156,json,0.1036415806454957,json,1,0.0,local,ROCM,AMD_Radeon_RX_7900_XT,False,0,0,0,0,0,0,0,0,0,0.027334,False,100hz,27.334,1,short,30000,True,canonical,0.5,0.0,0.3012146045218409,0.2896301309724153,2,100000000,36.584473549425624,27334,0.027334
FAST_ONLY,AMD_Radeon_RX_7900_XT,openmeteo,0,1.0,0,0,0,low,missing_keys,low,141,156,json,0.8673020052709463,json,1,1.0,local,ROCM,AMD_Radeon_RX_7900_XT,True,1,0,0,1,0,0,0,0,0,0.025278,False,100hz,25.278,1,short,30000,True,canonical,0.5,1.0,0.5675805047867711,0.6030204130073582,3,100000000,39.56009177941293,25278,0.025278
FAST_ONLY,AMD_Radeon_RX_7900_XT,openmeteo,0,1.0,0,0,0,low,nested_corruption,low,165,156,json,0.6801009441076517,json,1,1.0,local,ROCM,AMD_Radeon_RX_7900_XT,True,1,0,0,0,1,0,0,0,0,0.02472,False,100hz,24.72,1,short,30000,True,canonical,0.5,1.0,0.5724919093851133,0.6070388349514563,4,100000000,40.45307443365696,24720,0.02472
FAST_ONLY,AMD_Radeon_RX_7900_XT,spacex,0,1.0,0,0,0,low,nested_corruption,low,182,169,json,0.1618423908626946,json,1,1.0,local,ROCM,AMD_Radeon_RX_7900_XT,True,2,0,0,1,0,0,1,0,0,0.024073,False,100hz,24.073,1,short,30000,True,canonical,0.5,1.0,0.5784717318157271,0.6119314169401404,1,100000000,41.54031487558676,24073,0.024073
FAST_ONLY,AMD_Radeon_RX_7900_XT,spacex,0,1.0,0,0,0,low,missing_keys,low,138,169,json,0.8887020456415133,json,1,1.0,local,ROCM,AMD_Radeon_RX_7900_XT,True,1,0,0,1,0,0,0,0,0,0.025428,False,100hz,25.428,1,short,30000,True,canonical,0.5,1.0,0.5662969954380997,0.6019702689948088,2,100000000,39.32672644329086,25428,0.025428
FAST_ONLY,AMD_Radeon_RX_7900_XT,spacex,0,1.0,0,0,0,low,split_fields,low,275,169,json,0.580047868367036,json,1,1.0,local,ROCM,AMD_Radeon_RX_7900_XT,True,1,1,0,0,0,0,0,0,0,0.025391,False,100hz,25.391,1,short,30000,True,canonical,0.5,1.0,0.5666121854200307,0.6022281517072978,3,100000000,39.38403371273286,25391,0.025391
FAST_ONLY,AMD_Radeon_RX_7900_XT,spacex,0,1.0,0,0,0,low,value_contradiction,low,169,169,json,0.5426068831792781,json,1,0.0,local,ROCM,AMD_Radeon_RX_7900_XT,False,0,0,0,0,0,0,0,0,0,0.024858,False,100hz,24.858,1,short,30000,True,canonical,0.5,0.0,0.32125673827339285,0.30602824040550325,4,100000000,40.22849786788961,24858,0.024858
FAST_ONLY,AMD_Radeon_RX_7900_XT,openf1,0,1.0,0,0,0,low,renamed_keys,low,146,144,json,0.5615695396918126,json,1,1.0,local,ROCM,AMD_Radeon_RX_7900_XT,True,2,1,0,1,0,0,0,0,0,0.024915,False,100hz,24.915,1,short,30000,True,canonical,0.5,1.0,0.5707505518763797,0.6056140878988562,1,100000000,40.13646397752358,24915,0.024915
FAST_ONLY,AMD_Radeon_RX_7900_XT,openf1,0,1.0,0,0,0,low,renamed_keys,low,146,144,json,0.44221768901016645,json,1,1.0,local,ROCM,AMD_Radeon_RX_7900_XT,True,1,0,0,0,0,1,0,0,0,0.02376,False,100hz,23.76,1,short,30000,True,canonical,0.5,1.0,0.5814814814814815,0.6143939393939394,2,100000000,42.08754208754209,23760,0.02376
FAST_ONLY,AMD_Radeon_RX_7900_XT,openf1,0,1.0,0,0,0,low,nested_corruption,low,157,144,json,0.3241672605290072,json,1,1.0,local,ROCM,AMD_Radeon_RX_7900_XT,True,2,0,0,1,0,0,1,0,0,0.025309,False,100hz,25.309,1,short,30000,True,canonical,0.5,1.0,0.5673139989726975,0.6028023627958434,3,100000000,39.51163617685408,25309,0.025309
FAST_ONLY,AMD_Radeon_RX_7900_XT,openf1,0,1.0,0,0,0,low,type_mismatch,low,132,144,json,0.8693685686084639,json,1,1.0,local,ROCM,AMD_Radeon_RX_7900_XT,True,1,0,0,0,0,0,0,1,0,0.023929,False,100hz,23.929,1,short,30000,True,canonical,0.5,1.0,0.579846629612604,0.6130563333194032,4,100000000,41.79029629320072,23929,0.023929
FAST_ONLY,AMD_Radeon_RX_7900_XT,finnhub,0,1.0,0,0,0,high,type_mismatch,high,63,154,schema,0.6210146344459564,schema,1,1.0,local,ROCM,AMD_Radeon_RX_7900_XT,True,1,0,0,0,1,0,0,0,0,0.025041,False,100hz,25.041,1,short,30000,True,canonical,0.5,1.0,0.5696397907431812,0.60470528333533,1,100000000,39.93450740785112,25041,0.025041
FAST_ONLY,AMD_Radeon_RX_7900_XT,finnhub,0,1.0,0,0,0,high,missing_keys,high,132,154,schema,0.4197405743917101,schema,1,1.0,local,ROCM,AMD_Radeon_RX_7900_XT,True,1,0,0,1,0,0,0,0,0,0.025951,False,100hz,25.951,1,short,30000,True,canonical,0.5,1.0,0.5619378829332202,0.5984037223999076,2,100000000,38.534160533312786,25951,0.025951
FAST_ONLY,AMD_Radeon_RX_7900_XT,finnhub,0,1.0,0,0,0,high,type_mismatch,high,151,154,schema,0.4635652170294601,schema,1,1.0,local,ROCM,AMD_Radeon_RX_7900_XT,True,1,0,0,0,0,0,0,1,0,0.024465,False,100hz,24.465,1,short,30000,True,canonical,0.5,1.0,0.5748109544246883,0.6089362354383813,3,100000000,40.874718986306966,24465,0.024465
FAST_ONLY,AMD_Radeon_RX_7900_XT,finnhub,0,1.0,0,0,0,high,merged_fields,high,154,154,schema,0.6087491601857276,schema,1,0.0,local,ROCM,AMD_Radeon_RX_7900_XT,False,0,0,0,0,0,0,0,0,0,0.024762,False,100hz,24.762,1,short,30000,True,canonical,0.5,0.0,0.3221145303287295,0.3067300702689605,4,100000000,40.384460059769005,24762,0.024762
FAST_ONLY,AMD_Radeon_RX_7900_XT,openmeteo,0,1.0,0,0,0,high,extra_keys,high,183,156,schema,0.7901721515599597,schema,1,1.0,local,ROCM,AMD_Radeon_RX_7900_XT,True,1,1,0,0,0,0,0,0,0,0.025179,False,100hz,25.179,1,short,30000,True,canonical,0.5,1.0,0.568435998252512,0.6037203622066007,1,100000000,39.715636045911275,25179,0.025179
FAST_ONLY,AMD_Radeon_RX_7900_XT,openmeteo,0,1.0,0,0,0,high,renamed_keys,high,158,156,schema,0.11224120673495933,schema,1,1.0,local,ROCM,AMD_Radeon_RX_7900_XT,True,1,0,0,0,0,1,0,0,0,0.025591,False,100hz,25.591,1,short,30000,True,canonical,0.5,1.0,0.5649193075690673,0.6008430698292367,2,100000000,39.07623773983041,25591,0.025591
FAST_ONLY,AMD_Radeon_RX_7900_XT,openmeteo,0,1.0,0,0,0,high,renamed_keys,high,158,156,schema,0.6680452499888738,schema,1,1.0,local,ROCM,AMD_Radeon_RX_7900_XT,True,1,0,0,0,0,1,0,0,0,0.025229,False,100hz,25.229,1,short,30000,True,canonical,0.5,1.0,0.5680030916802092,0.6033661659201712,3,100000000,39.63692576003805,25229,0.025229
FAST_ONLY,AMD_Radeon_RX_7900_XT,openmeteo,0,1.0,0,0,0,high,renamed_keys,high,158,156,schema,0.3819695299516328,schema,1,1.0,local,ROCM,AMD_Radeon_RX_7900_XT,True,1,0,0,0,0,1,0,0,0,0.024884,False,100hz,24.884,1,short,30000,True,canonical,0.5,1.0,0.5710255585918663,0.6058390933933452,4,100000000,40.18646519852114,24884,0.024884
FAST_ONLY,AMD_Radeon_RX_7900_XT,spacex,0,1.0,0,0,0,high,merged_fields,high,169,169,schema,0.7108363302663182,schema,1,0.0,local,ROCM,AMD_Radeon_RX_7900_XT,False,0,0,0,0,0,0,0,0,0,0.024745,False,100hz,24.745,1,short,30000,True,canonical,0.5,0.0,0.32226712467165086,0.30685492018589616,1,100000000,40.4122044857547,24745,0.024745
FAST_ONLY,AMD_Radeon_RX_7900_XT,spacex,0,1.0,0,0,0,high,missing_keys,high,138,169,schema,0.4387119330015409,schema,1,1.0,local,ROCM,AMD_Radeon_RX_7900_XT,True,1,0,0,1,0,0,0,0,0,0.024886,False,100hz,24.886,1,short,30000,True,canonical,0.5,1.0,0.5710077955476975,0.6058245599935707,2,100000000,40.183235554126824,24886,0.024886
FAST_ONLY,AMD_Radeon_RX_7900_XT,spacex,0,1.0,0,0,0,high,extra_keys,high,197,169,schema,0.3639489159633065,schema,1,1.0,local,ROCM,AMD_Radeon_RX_7900_XT,True,1,1,0,0,0,0,0,0,0,0.025056,False,100hz,25.056,1,short,30000,True,canonical,0.5,1.0,0.5695083014048532,0.6045977011494253,3,100000000,39.910600255427845,25056,0.025056
FAST_ONLY,AMD_Radeon_RX_7900_XT,spacex,0,1.0,0,0,0,high,nested_corruption,high,178,169,schema,0.3362801922403496,schema,1,1.0,local,ROCM,AMD_Radeon_RX_7900_XT,True,1,0,0,0,1,0,0,0,0,0.02738,False,100hz,27.38,1,short,30000,True,canonical,0.5,1.0,0.5508765522279035,0.5893535427319211,4,100000000,36.523009495982464,27380,0.02738
FAST_ONLY,AMD_Radeon_RX_7900_XT,openf1,0,1.0,0,0,0,high,value_contradiction,high,152,144,schema,0.22893497768769608,schema,1,1.0,local,ROCM,AMD_Radeon_RX_7900_XT,True,1,0,0,0,0,0,0,0,1,0.024292,False,100hz,24.292,1,short,30000,True,canonical,0.5,1.0,0.576411987485592,0.6102461715791206,1,100000000,41.165815906471266,24292,0.024292
FAST_ONLY,AMD_Radeon_RX_7900_XT,openf1,0,1.0,0,0,0,high,renamed_keys,high,146,144,schema,0.6978667416234817,schema,1,1.0,local,ROCM,AMD_Radeon_RX_7900_XT,True,1,0,0,0,0,1,0,0,0,0.025125,False,100hz,25.125,1,short,30000,True,canonical,0.5,1.0,0.5689054726368159,0.6041044776119402,2,100000000,39.80099502487562,25125,0.025125
FAST_ONLY,AMD_Radeon_RX_7900_XT,openf1,0,1.0,0,0,0,high,value_contradiction,high,152,144,schema,0.2361959583504084,schema,1,1.0,local,ROCM,AMD_Radeon_RX_7900_XT,True,1,0,0,0,0,0,0,0,1,0.024275,False,100hz,24.275,1,short,30000,True,canonical,0.5,1.0,0.5765705458290422,0.6103759011328527,3,100000000,41.19464469618949,24275,0.024275
FAST_ONLY,AMD_Radeon_RX_7900_XT,openf1,0,1.0,0,0,0,high,missing_keys,high,116,144,schema,0.8488692675272318,schema,1,1.0,local,ROCM,AMD_Radeon_RX_7900_XT,True,1,0,0,1,0,0,0,0,0,0.026465,False,100hz,26.465,1,short,30000,True,canonical,0.5,1.0,0.5578216512374835,0.5950358964670319,4,100000000,37.78575477045154,26465,0.026465
FAST_ONLY,AMD_Radeon_RX_7900_XT,finnhub,0,1.0,0,0,0,medium,split_fields,medium,154,154,schema,0.8995253430921698,schema,1,0.0,local,ROCM,AMD_Radeon_RX_7900_XT,False,0,0,0,0,0,0,0,0,0,0.024622,False,100hz,24.622,1,short,30000,True,canonical,0.5,0.0,0.3233774673056616,0.3077633823409958,1,100000000,40.61408496466574,24622,0.024622
FAST_ONLY,AMD_Radeon_RX_7900_XT,finnhub,0,1.0,0,0,0,medium,extra_keys,medium,182,154,schema,0.6443358143055085,schema,1,1.0,local,ROCM,AMD_Radeon_RX_7900_XT,True,1,1,0,0,0,0,0,0,0,0.024463,False,100hz,24.463,1,short,30000,True,canonical,0.5,1.0,0.5748293340963905,0.6089512733515922,2,100000000,40.87806074479827,24463,0.024463
FAST_ONLY,AMD_Radeon_RX_7900_XT,finnhub,0,1.0,0,0,0,medium,split_fields,medium,154,154,schema,0.858914959702681,schema,1,0.0,local,ROCM,AMD_Radeon_RX_7900_XT,False,0,0,0,0,0,0,0,0,0,0.024923,False,100hz,24.923,1,short,30000,True,canonical,0.5,0.0,0.320679693455844,0.3055561128275087,3,100000000,40.12358062833527,24923,0.024923
FAST_ONLY,AMD_Radeon_RX_7900_XT,finnhub,0,1.0,0,0,0,medium,extra_keys,medium,178,154,schema,0.3181042354371407,schema,1,1.0,local,ROCM,AMD_Radeon_RX_7900_XT,True,1,1,0,0,0,0,0,0,0,0.024735,False,100hz,24.735,1,short,30000,True,canonical,0.5,1.0,0.5723569840307258,0.6069284414796847,4,100000000,40.42854255104103,24735,0.024735
FAST_ONLY,AMD_Radeon_RX_7900_XT,openmeteo,0,1.0,0,0,0,medium,extra_keys,medium,184,156,schema,0.27791578134023565,schema,1,1.0,local,ROCM,AMD_Radeon_RX_7900_XT,True,1,1,0,0,0,0,0,0,0,0.024938,False,100hz,24.938,1,short,30000,True,canonical,0.5,1.0,0.5705469564520009,0.6054475098243645,1,100000000,40.09944662763654,24938,0.024938
FAST_ONLY,AMD_Radeon_RX_7900_XT,openmeteo,0,1.0,0,0,0,medium,nested_corruption,medium,165,156,schema,0.6883314633269817,schema,1,1.0,local,ROCM,AMD_Radeon_RX_7900_XT,True,1,0,0,0,1,0,0,0,0,0.025218,False,100hz,25.218,1,short,30000,True,canonical,0.5,1.0,0.5680981838369418,0.6034439685938615,2,100000000,39.65421524308034,25218,0.025218
FAST_ONLY,AMD_Radeon_RX_7900_XT,openmeteo,0,1.0,0,0,0,medium,nested_corruption,medium,187,156,schema,0.22542761763102012,schema,1,1.0,local,ROCM,AMD_Radeon_RX_7900_XT,True,2,0,0,1,0,0,1,0,0,0.025785,False,100hz,25.785,1,short,30000,True,canonical,0.5,1.0,0.5633023075431451,0.599520069808028,3,100000000,38.78223773511732,25785,0.025785
FAST_ONLY,AMD_Radeon_RX_7900_XT,openmeteo,0,1.0,0,0,0,medium,nested_corruption,medium,165,156,schema,0.2682966807248741,schema,1,1.0,local,ROCM,AMD_Radeon_RX_7900_XT,True,1,0,0,0,1,0,0,0,0,0.025003,False,100hz,25.003,1,short,30000,True,canonical,0.5,1.0,0.5699736031676199,0.604978402591689,4,100000000,39.99520057593089,25003,0.025003
FAST_ONLY,AMD_Radeon_RX_7900_XT,spacex,0,1.0,0,0,0,medium,value_contradiction,medium,177,169,schema,0.3007950500980428,schema,1,1.0,local,ROCM,AMD_Radeon_RX_7900_XT,True,1,0,0,0,0,0,0,0,1,0.024548,False,100hz,24.548,1,short,30000,True,canonical,0.5,1.0,0.574050839172234,0.6083143229591006,1,100000000,40.736516213133456,24548,0.024548
FAST_ONLY,AMD_Radeon_RX_7900_XT,spacex,0,1.0,0,0,0,medium,split_fields,medium,169,169,schema,0.7110773342047619,schema,1,0.0,local,ROCM,AMD_Radeon_RX_7900_XT,False,0,0,0,0,0,0,0,0,0,0.026292,False,100hz,26.292,1,short,30000,True,canonical,0.5,0.0,0.3091891069526852,0.29615472387037883,2,100000000,38.034383082306405,26292,0.026292
FAST_ONLY,AMD_Radeon_RX_7900_XT,spacex,0,1.0,0,0,0,medium,nested_corruption,medium,178,169,schema,0.4956982887988821,schema,1,1.0,local,ROCM,AMD_Radeon_RX_7900_XT,True,1,0,0,0,1,0,0,0,0,0.023855,False,100hz,23.855,1,short,30000,True,canonical,0.5,1.0,0.5805596311045902,0.6136396981764829,3,100000000,41.919932928107315,23855,0.023855
FAST_ONLY,AMD_Radeon_RX_7900_XT,spacex,0,1.0,0,0,0,medium,renamed_keys,medium,171,169,schema,0.28354588029115646,schema,1,1.0,local,ROCM,AMD_Radeon_RX_7900_XT,True,1,0,0,0,0,1,0,0,0,0.024926,False,100hz,24.926,1,short,30000,True,canonical,0.5,1.0,0.5706531332744924,0.6055343817700394,4,100000000,40.11875150445318,24926,0.024926
FAST_ONLY,AMD_Radeon_RX_7900_XT,openf1,0,1.0,0,0,0,medium,renamed_keys,medium,146,144,schema,0.7823203628727303,schema,1,1.0,local,ROCM,AMD_Radeon_RX_7900_XT,True,1,0,0,0,0,1,0,0,0,0.025192,False,100hz,25.192,1,short,30000,True,canonical,0.5,1.0,0.568323277230867,0.6036281359161638,1,100000000,39.69514131470308,25192,0.025192
FAST_ONLY,AMD_Radeon_RX_7900_XT,openf1,0,1.0,0,0,0,medium,nested_corruption,medium,153,144,schema,0.2990219157465377,schema,1,1.0,local,ROCM,AMD_Radeon_RX_7900_XT,True,1,0,0,0,1,0,0,0,0,0.026066,False,100hz,26.066,1,short,30000,True,canonical,0.5,1.0,0.5610028389472876,0.5976386864114172,2,100000000,38.36415253587048,26066,0.026066
FAST_ONLY,AMD_Radeon_RX_7900_XT,openf1,0,1.0,0,0,0,medium,renamed_keys,medium,146,144,schema,0.6606884051171904,schema,1,1.0,local,ROCM,AMD_Radeon_RX_7900_XT,True,1,0,0,0,0,1,0,0,0,0.026188,False,100hz,26.188,1,short,30000,True,canonical,0.5,1.0,0.5600198564227891,0.5968344279822819,3,100000000,38.1854284405071,26188,0.026188
FAST_ONLY,AMD_Radeon_RX_7900_XT,openf1,0,1.0,0,0,0,medium,type_mismatch,medium,132,144,schema,0.2775644223774736,schema,1,1.0,local,ROCM,AMD_Radeon_RX_7900_XT,True,1,0,0,0,0,0,0,1,0,0.024208,False,100hz,24.208,1,short,30000,True,canonical,0.5,1.0,0.5771976206212822,0.6108889623265037,4,100000000,41.30865829477859,24208,0.024208
FAST_ONLY,AMD_Radeon_RX_7900_XT,finnhub,0,1.0,0,0,0,low,merged_fields,low,154,154,schema,0.5473833837007557,schema,1,0.0,local,ROCM,AMD_Radeon_RX_7900_XT,False,0,0,0,0,0,0,0,0,0,0.02529,False,100hz,25.29,1,short,30000,True,canonical,0.5,0.0,0.3174772637406089,0.3029359430604982,1,100000000,39.541320680110715,25290,0.02529
FAST_ONLY,AMD_Radeon_RX_7900_XT,finnhub,0,1.0,0,0,0,low,extra_keys,low,178,154,schema,0.8565653760816835,schema,1,1.0,local,ROCM,AMD_Radeon_RX_7900_XT,True,1,1,0,0,0,0,0,0,0,0.024331,False,100hz,24.331,1,short,30000,True,canonical,0.5,1.0,0.5760490731987999,0.609949241708109,2,100000000,41.09983149069089,24331,0.024331
FAST_ONLY,AMD_Radeon_RX_7900_XT,finnhub,0,1.0,0,0,0,low,value_contradiction,low,162,154,schema,0.4776037088711512,schema,1,1.0,local,ROCM,AMD_Radeon_RX_7900_XT,True,1,0,0,0,0,0,0,0,1,0.040039,False,100hz,40.039,1,short,30000,True,canonical,0.5,1.0,0.4873660680836185,0.5373904193411424,3,100000000,24.975648742476086,40039,0.040039
FAST_ONLY,AMD_Radeon_RX_7900_XT,finnhub,0,1.0,0,0,0,low,type_mismatch,low,151,154,schema,0.604224126093525,schema,1,1.0,local,ROCM,AMD_Radeon_RX_7900_XT,True,1,0,0,0,0,0,0,1,0,0.025299,False,100hz,25.299,1,short,30000,True,canonical,0.5,1.0,0.5673998972291395,0.6028726431874778,4,100000000,39.52725404166173,25299,0.025299
FAST_ONLY,AMD_Radeon_RX_7900_XT,openmeteo,0,1.0,0,0,0,low,nested_corruption,low,165,156,schema,0.5519589733153486,schema,1,1.0,local,ROCM,AMD_Radeon_RX_7900_XT,True,1,0,0,0,1,0,0,0,0,0.025676,False,100hz,25.676,1,short,30000,True,canonical,0.5,1.0,0.5642078205327933,0.6002609440722854,1,100000000,38.946876460507866,25676,0.025676
FAST_ONLY,AMD_Radeon_RX_7900_XT,openmeteo,0,1.0,0,0,0,low,nested_corruption,low,165,156,schema,0.7141797875104067,schema,1,1.0,local,ROCM,AMD_Radeon_RX_7900_XT,True,1,0,0,0,1,0,0,0,0,0.02495,False,100hz,24.95,1,short,30000,True,canonical,0.5,1.0,0.570440881763527,0.6053607214428857,2,100000000,40.08016032064128,24950,0.02495
FAST_ONLY,AMD_Radeon_RX_7900_XT,openmeteo,0,1.0,0,0,0,low,missing_keys,low,43,156,schema,0.6183353709281794,schema,1,1.0,local,ROCM,AMD_Radeon_RX_7900_XT,True,1,0,0,1,0,0,0,0,0,0.025345,False,100hz,25.345,1,short,30000,True,canonical,0.5,1.0,0.5670053264943776,0.6025498125863089,3,100000000,39.45551390806865,25345,0.025345
FAST_ONLY,AMD_Radeon_RX_7900_XT,openmeteo,0,1.0,0,0,0,low,split_fields,low,156,156,schema,0.4538529520510852,schema,1,0.0,local,ROCM,AMD_Radeon_RX_7900_XT,False,0,0,0,0,0,0,0,0,0,0.024754,False,100hz,24.754,1,short,30000,True,canonical,0.5,0.0,0.3221863133230993,0.3067888018098085,4,100000000,40.39751151329078,24754,0.024754
FAST_ONLY,AMD_Radeon_RX_7900_XT,spacex,0,1.0,0,0,0,low,nested_corruption,low,178,169,schema,0.6976695733190286,schema,1,1.0,local,ROCM,AMD_Radeon_RX_7900_XT,True,1,0,0,0,1,0,0,0,0,0.027654,False,100hz,27.654,1,short,30000,True,canonical,0.5,1.0,0.5488862370723946,0.587725103059232,1,100000000,36.16113401316265,27654,0.027654
FAST_ONLY,AMD_Radeon_RX_7900_XT,spacex,0,1.0,0,0,0,low,split_fields,low,169,169,schema,0.5605129780152701,schema,1,0.0,local,ROCM,AMD_Radeon_RX_7900_XT,False,0,0,0,0,0,0,0,0,0,0.024831,False,100hz,24.831,1,short,30000,True,canonical,0.5,0.0,0.32149732189601704,0.3062250815512867,2,100000000,40.27224034473038,24831,0.024831
FAST_ONLY,AMD_Radeon_RX_7900_XT,spacex,0,1.0,0,0,0,low,merged_fields,low,169,169,schema,0.503273692958273,schema,1,0.0,local,ROCM,AMD_Radeon_RX_7900_XT,False,0,0,0,0,0,0,0,0,0,0.024707,False,100hz,24.707,1,short,30000,True,canonical,0.5,0.0,0.32260897721293563,0.3071346177196746,3,100000000,40.47435949326102,24707,0.024707
FAST_ONLY,AMD_Radeon_RX_7900_XT,spacex,0,1.0,0,0,0,low,missing_keys,low,138,169,schema,0.2987579395516936,schema,1,1.0,local,ROCM,AMD_Radeon_RX_7900_XT,True,1,0,0,1,0,0,0,0,0,0.024067,False,100hz,24.067,1,short,30000,True,canonical,0.5,1.0,0.5785286907383554,0.611978019695018,4,100000000,41.550671043337346,24067,0.024067
FAST_ONLY,AMD_Radeon_RX_7900_XT,openf1,0,1.0,0,0,0,low,type_mismatch,low,80,144,schema,0.6464530226250934,schema,1,1.0,local,ROCM,AMD_Radeon_RX_7900_XT,True,1,0,0,0,1,0,0,0,0,0.024995,False,100hz,24.995,1,short,30000,True,canonical,0.5,1.0,0.5700440088017604,0.6050360072014404,1,100000000,40.008001600320064,24995,0.024995
FAST_ONLY,AMD_Radeon_RX_7900_XT,openf1,0,1.0,0,0,0,low,extra_keys,low,168,144,schema,0.24242911097567277,schema,1,1.0,local,ROCM,AMD_Radeon_RX_7900_XT,True,1,1,0,0,0,0,0,0,0,0.025898,False,100hz,25.898,1,short,30000,True,canonical,0.5,1.0,0.5623716117074677,0.598758591397019,2,100000000,38.61302031044868,25898,0.025898
FAST_ONLY,AMD_Radeon_RX_7900_XT,openf1,0,1.0,0,0,0,low,type_mismatch,low,80,144,schema,0.822270802813747,schema,1,1.0,local,ROCM,AMD_Radeon_RX_7900_XT,True,1,0,0,0,1,0,0,0,0,0.025224,False,100hz,25.224,1,short,30000,True,canonical,0.5,1.0,0.568046305106248,0.6034015223596574,3,100000000,39.64478274659055,25224,0.025224
FAST_ONLY,AMD_Radeon_RX_7900_XT,openf1,0,1.0,0,0,0,low,renamed_keys,low,146,144,schema,0.6383787627924546,schema,1,1.0,local,ROCM,AMD_Radeon_RX_7900_XT,True,1,0,0,0,0,1,0,0,0,0.024771,False,100hz,24.771,1,short,30000,True,canonical,0.5,1.0,0.5720338298817166,0.6066640426304953,4,100000000,40.36978725122118,24771,0.024771
FAST_ONLY,AMD_Radeon_RX_7900_XT,finnhub,0,1.0,0,0,0,high,split_fields,high,275,154,gemma,0.11999994112797002,gemma,1,1.0,local,ROCM,AMD_Radeon_RX_7900_XT,True,1,1,0,0,0,0,0,0,0,14.362255,False,100hz,14362.255,1,short,30000,True,canonical,0.5,1.0,0.35038294822087485,0.4253133212716248,1,2093,0.0696269492499611,14362255,14.362255
FAST_ONLY,AMD_Radeon_RX_7900_XT,finnhub,0,1.0,0,0,0,high,type_mismatch,high,63,154,gemma,0.8399410162533301,gemma,1,1.0,local,ROCM,AMD_Radeon_RX_7900_XT,True,1,0,0,0,1,0,0,0,0,14.371578,False,100hz,14371.578,1,short,30000,True,canonical,0.5,1.0,0.35038269979817105,0.4253131180166854,2,2091,0.06958178148565175,14371578,14.371578
FAST_ONLY,AMD_Radeon_RX_7900_XT,finnhub,0,1.0,0,0,0,high,nested_corruption,high,194,154,gemma,0.6280454098327624,gemma,1,1.0,local,ROCM,AMD_Radeon_RX_7900_XT,True,2,0,0,1,0,0,1,0,0,14.416405,False,100hz,14416.405,1,short,30000,True,canonical,0.5,1.0,0.3503815098146868,0.4253121443938347,3,2085,0.06936542085214727,14416405,14.416405
FAST_ONLY,AMD_Radeon_RX_7900_XT,finnhub,0,1.0,0,0,0,high,value_contradiction,high,154,154,gemma,0.6101536926482903,gemma,1,0.0,local,ROCM,AMD_Radeon_RX_7900_XT,False,0,0,0,0,0,0,0,0,0,14.163111,False,100hz,14163.111,1,short,30000,True,canonical,0.5,0.0,0.10038833276107206,0.1253177268045135,4,2122,0.07060595655855553,14163111,14.163111
FAST_ONLY,AMD_Radeon_RX_7900_XT,openmeteo,0,1.0,0,0,0,high,nested_corruption,high,187,156,gemma,0.6228979015487689,gemma,1,1.0,local,ROCM,AMD_Radeon_RX_7900_XT,True,2,0,0,1,0,0,1,0,0,14.271689,False,100hz,14271.689,1,short,30000,True,canonical,0.5,1.0,0.35038537835290556,0.4253153095614682,1,2106,0.07006879143736947,14271689,14.271689
FAST_ONLY,AMD_Radeon_RX_7900_XT,openmeteo,0,1.0,0,0,0,high,extra_keys,high,180,156,gemma,0.19622298127163493,gemma,1,1.0,local,ROCM,AMD_Radeon_RX_7900_XT,True,1,1,0,0,0,0,0,0,0,14.019654,False,100hz,14019.654,1,short,30000,True,canonical,0.5,1.0,0.35039230640071434,0.4253209779642208,2,2144,0.07132843649351119,14019654,14.019654
FAST_ONLY,AMD_Radeon_RX_7900_XT,openmeteo,0,1.0,0,0,0,high,type_mismatch,high,154,156,gemma,0.38511439958740545,gemma,1,1.0,local,ROCM,AMD_Radeon_RX_7900_XT,True,1,0,0,0,0,0,0,1,0,14.104156,False,100hz,14104.156,1,short,30000,True,canonical,0.5,1.0,0.3503899559817688,0.42531905489417443,3,2131,0.07090108759432326,14104156,14.104156
FAST_ONLY,AMD_Radeon_RX_7900_XT,openmeteo,0,1.0,0,0,0,high,missing_keys,high,43,156,gemma,0.7887091664494297,gemma,1,1.0,local,ROCM,AMD_Radeon_RX_7900_XT,True,1,0,0,1,0,0,0,0,0,14.230652,False,100hz,14230.652,1,short,30000,True,canonical,0.5,1.0,0.3503864896703257,0.42531621882117554,4,2112,0.0702708491501303,14230652,14.230652
FAST_ONLY,AMD_Radeon_RX_7900_XT,spacex,0,1.0,0,0,0,high,missing_keys,high,132,169,gemma,0.8972128648524794,gemma,1,1.0,local,ROCM,AMD_Radeon_RX_7900_XT,True,1,0,0,1,0,0,0,0,0,14.022517,False,100hz,14022.517,1,short,30000,True,canonical,0.5,1.0,0.35039222630288136,0.4253209124296301,1,2143,0.07131387325114313,14022517,14.022517
FAST_ONLY,AMD_Radeon_RX_7900_XT,spacex,0,1.0,0,0,0,high,nested_corruption,high,178,169,gemma,0.6849956200774754,gemma,1,1.0,local,ROCM,AMD_Radeon_RX_7900_XT,True,1,0,0,0,1,0,0,0,0,14.202878,False,100hz,14202.878,1,short,30000,True,canonical,0.5,1.0,0.3503872454582797,0.4253168371931379,2,2116,0.07040826514175508,14202878,14.202878
FAST_ONLY,AMD_Radeon_RX_7900_XT,spacex,0,1.0,0,0,0,high,nested_corruption,high,182,169,gemma,0.11781937091161386,gemma,1,1.0,local,ROCM,AMD_Radeon_RX_7900_XT,True,2,0,0,1,0,0,1,0,0,14.100172,False,100hz,14100.172,1,short,30000,True,canonical,0.5,1.0,0.3503900661637319,0.42531914504305335,3,2132,0.07092112067852789,14100172,14.100172
FAST_ONLY,AMD_Radeon_RX_7900_XT,spacex,0,1.0,0,0,0,high,split_fields,high,211,169,gemma,0.8398967362872815,gemma,1,1.0,local,ROCM,AMD_Radeon_RX_7900_XT,True,1,1,0,0,0,0,0,0,0,14.235948,False,100hz,14235.948,1,short,30000,True,canonical,0.5,1.0,0.35038634588999623,0.42531610118272417,4,2112,0.07024470727204117,14235948,14.235948
FAST_ONLY,AMD_Radeon_RX_7900_XT,openf1,0,1.0,0,0,0,high,nested_corruption,high,153,144,gemma,0.31030875159002647,gemma,1,1.0,local,ROCM,AMD_Radeon_RX_7900_XT,True,1,0,0,0,1,0,0,0,0,14.000206,False,100hz,14000.206,1,short,30000,True,canonical,0.5,1.0,0.35039285136232995,0.4253214238419063,1,2147,0.07142752042362804,14000206,14.000206
FAST_ONLY,AMD_Radeon_RX_7900_XT,openf1,0,1.0,0,0,0,high,merged_fields,high,138,144,gemma,0.769646979533602,gemma,1,1.0,local,ROCM,AMD_Radeon_RX_7900_XT,True,1,0,1,0,0,0,0,0,0,14.231513,False,100hz,14231.513,1,short,30000,True,canonical,0.5,1.0,0.3503864662878782,0.42531619969008216,2,2112,0.07026659779603195,14231513,14.231513
FAST_ONLY,AMD_Radeon_RX_7900_XT,finnhub,0,1.0,0,0,0,medium,split_fields,medium,275,154,gemma,0.45395022790848893,gemma,1,1.0,local,ROCM,AMD_Radeon_RX_7900_XT,True,1,1,0,0,0,0,0,0,0,14.418262,False,100hz,14418.262,1,short,30000,True,canonical,0.5,1.0,0.35038146067813164,0.42531210419119864,1,2096,0.06935648693302979,14418262,14.418262
FAST_ONLY,AMD_Radeon_RX_7900_XT,finnhub,0,1.0,0,0,0,medium,split_fields,medium,275,154,gemma,0.5508610473478235,gemma,1,1.0,local,ROCM,AMD_Radeon_RX_7900_XT,True,1,1,0,0,0,0,0,0,0,14.371436,False,100hz,14371.436,1,short,30000,True,canonical,0.5,1.0,0.350382703579517,0.4253131211105139,2,2091,0.06958246900309753,14371436,14.371436
FAST_ONLY,AMD_Radeon_RX_7900_XT,finnhub,0,1.0,0,0,0,medium,split_fields,medium,275,154,gemma,0.3567533908163961,gemma,1,1.0,local,ROCM,AMD_Radeon_RX_7900_XT,True,1,1,0,0,0,0,0,0,0,15.006054,False,100hz,15006.054,1,short,30000,True,canonical,0.5,1.0,0.35036651873970326,0.4252998789688482,3,2003,0.06663977085514952,15006054,15.006054
FAST_ONLY,AMD_Radeon_RX_7900_XT,finnhub,0,1.0,0,0,0,medium,extra_keys,medium,182,154,gemma,0.5106690769792059,gemma,1,1.0,local,ROCM,AMD_Radeon_RX_7900_XT,True,1,1,0,0,0,0,0,0,0,14.879494,False,100hz,14879.494,1,short,30000,True,canonical,0.5,1.0,0.35036963622553297,0.4253024296390724,4,2020,0.0672065864605342,14879494,14.879494
FAST_ONLY,AMD_Radeon_RX_7900_XT,openmeteo,0,1.0,0,0,0,medium,value_contradiction,medium,156,156,gemma,0.397775780961243,gemma,1,0.0,local,ROCM,AMD_Radeon_RX_7900_XT,False,0,0,0,0,0,0,0,0,0,15.451028,False,100hz,15451.028,1,short,30000,True,canonical,0.5,0.0,0.10035596337020423,0.12529124275743983,1,1945,0.06472061276440635,15451028,15.451028
FAST_ONLY,AMD_Radeon_RX_7900_XT,openmeteo,0,1.0,0,0,0,medium,missing_keys,medium,141,156,gemma,0.5564032718654395,gemma,1,1.0,local,ROCM,AMD_Radeon_RX_7900_XT,True,1,0,0,1,0,0,0,0,0,13.705959,False,100hz,13705.959,1,short,30000,True,canonical,0.5,1.0,0.3504012853095504,0.42532832434417756,2,2193,0.0729609653727988,13705959,13.705959
FAST_ONLY,AMD_Radeon_RX_7900_XT,openmeteo,0,1.0,0,0,0,medium,value_contradiction,medium,156,156,gemma,0.7221696542781053,gemma,1,0.0,local,ROCM,AMD_Radeon_RX_7900_XT,False,0,0,0,0,0,0,0,0,0,14.177908,False,100hz,14177.908,1,short,30000,True,canonical,0.5,0.0,0.10038792747138718,0.12531739520386223,3,2120,0.07053226752494092,14177908,14.177908
FAST_ONLY,AMD_Radeon_RX_7900_XT,openmeteo,0,1.0,0,0,0,medium,merged_fields,medium,152,156,gemma,0.7778129400715557,gemma,1,1.0,local,ROCM,AMD_Radeon_RX_7900_XT,True,1,0,1,0,0,0,0,0,0,14.672417,False,100hz,14672.417,1,short,30000,True,canonical,0.5,1.0,0.3503748530320533,0.42530669793531634,4,2048,0.06815509673695888,14672417,14.672417
FAST_ONLY,AMD_Radeon_RX_7900_XT,spacex,0,1.0,0,0,0,medium,extra_keys,medium,196,169,gemma,0.7737706061607039,gemma,1,1.0,local,ROCM,AMD_Radeon_RX_7900_XT,True,1,1,0,0,0,0,0,0,0,16.199522,False,100hz,16199.522,1,short,30000,True,canonical,0.5,1.0,0.3503395161906629,0.42527778597417876,1,1855,0.06173021648416539,16199522,16.199522
FAST_ONLY,AMD_Radeon_RX_7900_XT,spacex,0,1.0,0,0,0,medium,missing_keys,medium,138,169,gemma,0.7701196086402494,gemma,1,1.0,local,ROCM,AMD_Radeon_RX_7900_XT,True,1,0,0,1,0,0,0,0,0,15.121464,False,100hz,15121.464,1,short,30000,True,canonical,0.5,1.0,0.3503637213962881,0.4252975902333266,2,1987,0.06613116296146987,15121464,15.121464
FAST_ONLY,AMD_Radeon_RX_7900_XT,spacex,0,1.0,0,0,0,medium,nested_corruption,medium,178,169,gemma,0.6609172647348549,gemma,1,1.0,local,ROCM,AMD_Radeon_RX_7900_XT,True,1,0,0,0,1,0,0,0,0,13.968241,False,100hz,13968.241,1,short,30000,True,canonical,0.5,1.0,0.35039375036556136,0.4253221593900048,3,2152,0.07159097555662162,13968241,13.968241
FAST_ONLY,AMD_Radeon_RX_7900_XT,spacex,0,1.0,0,0,0,medium,nested_corruption,medium,182,169,gemma,0.5733590256509724,gemma,1,1.0,local,ROCM,AMD_Radeon_RX_7900_XT,True,2,0,0,1,0,0,1,0,0,14.339364,False,100hz,14339.364,1,short,30000,True,canonical,0.5,1.0,0.35038355954978195,0.4253138214498216,4,2096,0.06973809996036087,14339364,14.339364
FAST_ONLY,AMD_Radeon_RX_7900_XT,openf1,0,1.0,0,0,0,medium,value_contradiction,medium,152,144,gemma,0.70761864604796,gemma,1,1.0,local,ROCM,AMD_Radeon_RX_7900_XT,True,1,0,0,0,0,0,0,0,1,14.446493,False,100hz,14446.493,1,short,30000,True,canonical,0.5,1.0,0.35038071523656295,0.4253114942844606,1,2080,0.06922095210235453,14446493,14.446493
FAST_ONLY,AMD_Radeon_RX_7900_XT,openf1,0,1.0,0,0,0,medium,type_mismatch,medium,129,144,gemma,0.23667466376584756,gemma,1,1.0,local,ROCM,AMD_Radeon_RX_7900_XT,True,1,0,0,0,0,0,0,1,0,14.218981,False,100hz,14218.981,1,short,30000,True,canonical,0.5,1.0,0.3503868069026887,0.42531647837492714,2,2114,0.07032852776158854,14218981,14.218981
FAST_ONLY,AMD_Radeon_RX_7900_XT,openf1,0,1.0,0,0,0,medium,split_fields,medium,169,144,gemma,0.5564888329186057,gemma,1,1.0,local,ROCM,AMD_Radeon_RX_7900_XT,True,2,0,0,1,0,0,1,0,0,14.355353,False,100hz,14355.353,1,short,30000,True,canonical,0.5,1.0,0.35038313234094626,0.42531347191531965,3,2094,0.06966042562659379,14355353,14.355353
FAST_ONLY,AMD_Radeon_RX_7900_XT,finnhub,0,1.0,0,0,0,low,extra_keys,low,181,154,gemma,0.6256394023948172,gemma,1,1.0,local,ROCM,AMD_Radeon_RX_7900_XT,True,1,1,0,0,0,0,0,0,0,14.934375,False,100hz,14934.375,1,short,30000,True,canonical,0.5,1.0,0.3503682778824022,0.42530131826741996,2,2026,0.06695961498221385,14934375,14.934375
FAST_ONLY,AMD_Radeon_RX_7900_XT,finnhub,0,1.0,0,0,0,low,type_mismatch,low,148,154,gemma,0.16401393092728667,gemma,1,1.0,local,ROCM,AMD_Radeon_RX_7900_XT,True,1,0,0,0,0,0,0,1,0,14.430079,False,100hz,14430.079,1,short,30000,True,canonical,0.5,1.0,0.3503811482944757,0.42531184860457105,3,2083,0.06929968990467758,14430079,14.430079
FAST_ONLY,AMD_Radeon_RX_7900_XT,finnhub,0,1.0,0,0,0,low,extra_keys,low,181,154,gemma,0.3187218557380181,gemma,1,1.0,local,ROCM,AMD_Radeon_RX_7900_XT,True,1,1,0,0,0,0,0,0,0,14.45311,False,100hz,14453.11,1,short,30000,True,canonical,0.5,1.0,0.3503805409354803,0.42531135167448386,4,2080,0.06918926099642222,14453110,14.45311
FAST_ONLY,AMD_Radeon_RX_7900_XT,openmeteo,0,1.0,0,0,0,low,merged_fields,low,152,156,gemma,0.7931594200520259,gemma,1,1.0,local,ROCM,AMD_Radeon_RX_7900_XT,True,1,0,1,0,0,0,0,0,0,14.435998,False,100hz,14435.998,1,short,30000,True,canonical,0.5,1.0,0.3503809920173167,0.4253117207414409,1,2082,0.06927127587576556,14435998,14.435998
FAST_ONLY,AMD_Radeon_RX_7900_XT,openmeteo,0,1.0,0,0,0,low,value_contradiction,low,164,156,gemma,0.13314395127398077,gemma,1,1.0,local,ROCM,AMD_Radeon_RX_7900_XT,True,1,0,0,0,0,0,0,0,1,13.884726,False,100hz,13884.726,1,short,30000,True,canonical,0.5,1.0,0.350396118727874,0.4253240971409879,2,2165,0.07202158688619423,13884726,13.884726
FAST_ONLY,AMD_Radeon_RX_7900_XT,openmeteo,0,1.0,0,0,0,low,extra_keys,low,184,156,gemma,0.463461948346804,gemma,1,1.0,local,ROCM,AMD_Radeon_RX_7900_XT,True,1,1,0,0,0,0,0,0,0,14.087458,False,100hz,14087.458,1,short,30000,True,canonical,0.5,1.0,0.3503904182003595,0.4253194330730214,3,2134,0.07098512733809038,14087458,14.087458
FAST_ONLY,AMD_Radeon_RX_7900_XT,openmeteo,0,1.0,0,0,0,low,value_contradiction,low,168,156,gemma,0.6380033262678817,gemma,1,1.0,local,ROCM,AMD_Radeon_RX_7900_XT,True,1,0,0,0,0,0,0,0,1,14.269621,False,100hz,14269.621,1,short,30000,True,canonical,0.5,1.0,0.35038543420319296,0.42531535525715786,4,2106,0.07007894603507689,14269621,14.269621
FAST_ONLY,AMD_Radeon_RX_7900_XT,spacex,0,1.0,0,0,0,low,split_fields,low,211,169,gemma,0.5797295293158722,gemma,1,1.0,local,ROCM,AMD_Radeon_RX_7900_XT,True,1,1,0,0,0,0,0,0,0,14.448992,False,100hz,14448.992,1,short,30000,True,canonical,0.5,1.0,0.35038064939062874,0.42531144041051444,1,2080,0.06920898011432217,14448992,14.448992
FAST_ONLY,AMD_Radeon_RX_7900_XT,spacex,0,1.0,0,0,0,low,type_mismatch,low,144,169,gemma,0.8478974975047064,gemma,1,1.0,local,ROCM,AMD_Radeon_RX_7900_XT,True,1,0,0,0,0,0,0,1,0,14.206169,False,100hz,14206.169,1,short,30000,True,canonical,0.5,1.0,0.35038715574902707,0.4253167637946585,2,2116,0.07039195436855637,14206169,14.206169
FAST_ONLY,AMD_Radeon_RX_7900_XT,spacex,0,1.0,0,0,0,low,type_mismatch,low,144,169,gemma,0.8418867417090912,gemma,1,1.0,local,ROCM,AMD_Radeon_RX_7900_XT,True,1,0,0,0,0,0,0,1,0,14.273562,False,100hz,14273.562,1,short,30000,True,canonical,0.5,1.0,0.35038532778293185,0.4253152681860351,3,2106,0.07005959689669615,14273562,14.273562
FAST_ONLY,AMD_Radeon_RX_7900_XT,spacex,0,1.0,0,0,0,low,split_fields,low,275,169,gemma,0.7178295795694497,gemma,1,1.0,local,ROCM,AMD_Radeon_RX_7900_XT,True,1,1,0,0,0,0,0,0,0,14.327407,False,100hz,14327.407,1,short,30000,True,canonical,0.5,1.0,0.35038387965107715,0.4253140833508813,4,2098,0.06979630019584145,14327407,14.327407
FAST_ONLY,AMD_Radeon_RX_7900_XT,openf1,0,1.0,0,0,0,low,extra_keys,low,168,144,gemma,0.5987135401994155,gemma,1,1.0,local,ROCM,AMD_Radeon_RX_7900_XT,True,1,1,0,0,0,0,0,0,0,14.828075,False,100hz,14828.075,1,short,30000,True,canonical,0.5,1.0,0.350370918005203,0.42530347836789334,2,2040,0.06743963730963055,14828075,14.828075
FAST_ONLY,AMD_Radeon_RX_7900_XT,openf1,0,1.0,0,0,0,low,missing_keys,low,55,144,gemma,0.5394304774362236,gemma,1,1.0,local,ROCM,AMD_Radeon_RX_7900_XT,True,1,0,0,1,0,0,0,0,0,14.72914,False,100hz,14729.14,1,short,30000,True,canonical,0.5,1.0,0.3503734094454938,0.42530551681904033,3,2040,0.0678926264534114,14729140,14.72914
FAST_ONLY,AMD_Radeon_RX_7900_XT,openf1,0,1.0,0,0,0,low,extra_keys,low,171,144,gemma,0.5957634942197727,gemma,1,1.0,local,ROCM,AMD_Radeon_RX_7900_XT,True,1,1,0,0,0,0,0,0,0,14.736308,False,100hz,14736.308,1,short,30000,True,canonical,0.5,1.0,0.35037322781255653,0.4253053682102736,4,2045,0.06785960228301417,14736308,14.736308
FAST_ONLY,AMD_Radeon_RX_7900_XT,finnhub,0,1.0,0,0,0,high,type_mismatch,high,151,154,json,0.19141608168493365,json,1,1.0,local,ROCM,AMD_Radeon_RX_7900_XT,True,1,0,0,0,0,0,0,1,0,0.103373,False,1000hz,103.373,1,short,30000,True,canonical,0.5,1.0,0.37273320886498407,0.44241267061998785,1,1000000000,9.673705899993228,103373,0.103373
FAST_ONLY,AMD_Radeon_RX_7900_XT,finnhub,0,1.0,0,0,0,high,merged_fields,high,152,154,json,0.1143521176819724,json,1,1.0,local,ROCM,AMD_Radeon_RX_7900_XT,True,1,0,1,0,0,0,0,0,0,0.0258,False,1000hz,25.8,1,short,30000,True,canonical,0.5,1.0,0.4410852713178295,0.4947674418604651,2,1000000000,38.75968992248062,25800,0.0258
FAST_ONLY,AMD_Radeon_RX_7900_XT,finnhub,0,1.0,0,0,0,high,nested_corruption,high,194,154,json,0.3567603278340379,json,1,1.0,local,ROCM,AMD_Radeon_RX_7900_XT,True,2,0,0,1,0,0,1,0,0,0.131919,False,1000hz,131.919,1,short,30000,True,canonical,0.5,1.0,0.36781396159764707,0.4386447365428786,3,1000000000,7.580409190488102,131919,0.131919
FAST_ONLY,AMD_Radeon_RX_7900_XT,finnhub,0,1.0,0,0,0,high,merged_fields,high,152,154,json,0.3330784573114274,json,1,1.0,local,ROCM,AMD_Radeon_RX_7900_XT,True,1,0,1,0,0,0,0,0,0,0.025395,False,1000hz,25.395,1,short,30000,True,canonical,0.5,1.0,0.442537901161646,0.49588009450679266,4,750000000,39.37783028155148,25395,0.025395
FAST_ONLY,AMD_Radeon_RX_7900_XT,openmeteo,0,1.0,0,0,0,high,split_fields,high,188,156,json,0.6037552319906867,json,1,1.0,local,ROCM,AMD_Radeon_RX_7900_XT,True,2,0,0,1,0,0,1,0,0,0.026161,False,1000hz,26.161,1,short,30000,True,canonical,0.5,1.0,0.43982837047513473,0.49380470930010323,1,1000000000,38.22483850005734,26161,0.026161
FAST_ONLY,AMD_Radeon_RX_7900_XT,openmeteo,0,1.0,0,0,0,high,renamed_keys,high,158,156,json,0.1608306102303681,json,1,1.0,local,ROCM,AMD_Radeon_RX_7900_XT,True,1,0,0,0,0,1,0,0,0,0.025777,False,1000hz,25.777,1,short,30000,True,canonical,0.5,1.0,0.4411665438181324,0.4948296931372929,2,1000000000,38.79427396516274,25777,0.025777
FAST_ONLY,AMD_Radeon_RX_7900_XT,openmeteo,0,1.0,0,0,0,high,merged_fields,high,152,156,json,0.44823367785294044,json,1,1.0,local,ROCM,AMD_Radeon_RX_7900_XT,True,1,0,1,0,0,0,0,0,0,0.024978,False,1000hz,24.978,1,short,30000,True,canonical,0.5,1.0,0.4440827928577148,0.4970634158059092,3,1000000000,40.03523100328289,24978,0.024978
FAST_ONLY,AMD_Radeon_RX_7900_XT,openmeteo,0,1.0,0,0,0,high,split_fields,high,188,156,json,0.602966151782377,json,1,1.0,local,ROCM,AMD_Radeon_RX_7900_XT,True,2,0,0,1,0,0,1,0,0,0.025887,False,1000hz,25.887,1,short,30000,True,canonical,0.5,1.0,0.4407791555607062,0.49453297021671105,4,1000000000,38.62942789817283,25887,0.025887
FAST_ONLY,AMD_Radeon_RX_7900_XT,spacex,0,1.0,0,0,0,high,extra_keys,high,196,169,json,0.44284769573374605,json,1,1.0,local,ROCM,AMD_Radeon_RX_7900_XT,True,1,1,0,0,0,0,0,0,0,0.025263,False,1000hz,25.263,1,short,30000,True,canonical,0.5,1.0,0.44302141471717527,0.4962504453152832,1,1000000000,39.583580730712896,25263,0.025263
FAST_ONLY,AMD_Radeon_RX_7900_XT,spacex,0,1.0,0,0,0,high,type_mismatch,high,93,169,json,0.5159818633540398,json,1,1.0,local,ROCM,AMD_Radeon_RX_7900_XT,True,1,0,0,0,1,0,0,0,0,0.025692,False,1000hz,25.692,1,short,30000,True,canonical,0.5,1.0,0.44146816129534483,0.4950607192900514,2,1000000000,38.922621827806324,25692,0.025692
FAST_ONLY,AMD_Radeon_RX_7900_XT,spacex,0,1.0,0,0,0,high,nested_corruption,high,178,169,json,0.10709085997773321,json,1,1.0,local,ROCM,AMD_Radeon_RX_7900_XT,True,1,0,0,0,1,0,0,0,0,0.025118,False,1000hz,25.118,1,short,30000,True,canonical,0.5,1.0,0.4435584043315551,0.4966617565092762,3,1000000000,39.8120869495979,25118,0.025118
FAST_ONLY,AMD_Radeon_RX_7900_XT,spacex,0,1.0,0,0,0,high,missing_keys,high,68,169,json,0.3381070085113985,json,1,1.0,local,ROCM,AMD_Radeon_RX_7900_XT,True,1,0,0,1,0,0,0,0,0,0.046128,False,1000hz,46.128,1,short,30000,True,canonical,0.5,1.0,0.4009451959764135,0.46402185223725284,4,1000000000,21.67880679847381,46128,0.046128
FAST_ONLY,AMD_Radeon_RX_7900_XT,openf1,0,1.0,0,0,0,high,split_fields,high,238,144,json,0.12576545551680357,json,1,1.0,local,ROCM,AMD_Radeon_RX_7900_XT,True,1,1,0,0,0,0,0,0,0,0.025326,False,1000hz,25.326,1,short,30000,True,canonical,0.5,1.0,0.44279001816315255,0.4960732054015636,1,1000000000,39.48511411197978,25326,0.025326
FAST_ONLY,AMD_Radeon_RX_7900_XT,openf1,0,1.0,0,0,0,high,value_contradiction,high,144,144,json,0.3181930913127049,json,1,1.0,local,ROCM,AMD_Radeon_RX_7900_XT,True,1,0,0,0,0,0,0,0,1,0.02592,False,1000hz,25.92,1,short,30000,True,canonical,0.5,1.0,0.44066358024691354,0.4944444444444444,2,1000000000,38.58024691358025,25920,0.02592
FAST_ONLY,AMD_Radeon_RX_7900_XT,openf1,0,1.0,0,0,0,high,renamed_keys,high,146,144,json,0.8291931585188134,json,1,1.0,local,ROCM,AMD_Radeon_RX_7900_XT,True,2,1,0,1,0,0,0,0,0,0.025656,False,1000hz,25.656,1,short,30000,True,canonical,0.5,1.0,0.44159650763953856,0.4951590271281572,3,1000000000,38.97723729342064,25656,0.025656
FAST_ONLY,AMD_Radeon_RX_7900_XT,openf1,0,1.0,0,0,0,high,split_fields,high,169,144,json,0.5534969742973014,json,1,1.0,local,ROCM,AMD_Radeon_RX_7900_XT,True,2,0,0,1,0,0,1,0,0,0.025789,False,1000hz,25.789,1,short,30000,True,canonical,0.5,1.0,0.44112412268796775,0.49479720035674124,4,1000000000,38.776222420411806,25789,0.025789
FAST_ONLY,AMD_Radeon_RX_7900_XT,finnhub,0,1.0,0,0,0,medium,value_contradiction,medium,154,154,json,0.8484124973748624,json,1,0.0,local,ROCM,AMD_Radeon_RX_7900_XT,False,0,0,0,0,0,0,0,0,0,0.053237,False,1000hz,53.237,1,short,30000,True,canonical,0.5,0.0,0.14414223190638092,0.1588110712474407,1,1000000000,18.783928470800383,53237,0.053237
FAST_ONLY,AMD_Radeon_RX_7900_XT,finnhub,0,1.0,0,0,0,medium,renamed_keys,medium,156,154,json,0.8154609858134343,json,1,1.0,local,ROCM,AMD_Radeon_RX_7900_XT,True,1,0,0,0,0,1,0,0,0,0.024824,False,1000hz,24.824,1,short,30000,True,canonical,0.5,1.0,0.44466645182081854,0.49751047373509505,2,1000000000,40.283596519497266,24824,0.024824
FAST_ONLY,AMD_Radeon_RX_7900_XT,finnhub,0,1.0,0,0,0,medium,split_fields,medium,275,154,json,0.8440470462613456,json,1,1.0,local,ROCM,AMD_Radeon_RX_7900_XT,True,1,1,0,0,0,0,0,0,0,0.024953,False,1000hz,24.953,1,short,30000,True,canonical,0.5,1.0,0.44417705285937564,0.4971356149561175,3,1000000000,40.075341642287505,24953,0.024953
FAST_ONLY,AMD_Radeon_RX_7900_XT,finnhub,0,1.0,0,0,0,medium,nested_corruption,medium,194,154,json,0.7588920168393748,json,1,1.0,local,ROCM,AMD_Radeon_RX_7900_XT,True,2,0,0,1,0,0,1,0,0,0.025561,False,1000hz,25.561,1,short,30000,True,canonical,0.5,1.0,0.44193693517468013,0.49541978013379756,4,1000000000,39.12210007433199,25561,0.025561
FAST_ONLY,AMD_Radeon_RX_7900_XT,openmeteo,0,1.0,0,0,0,medium,merged_fields,medium,154,156,json,0.8294541212547794,json,1,1.0,local,ROCM,AMD_Radeon_RX_7900_XT,True,1,0,1,0,0,0,0,0,0,0.026049,False,1000hz,26.049,1,short,30000,True,canonical,0.5,1.0,0.4402145955698875,0.4941005412875734,1,1000000000,38.38918960420746,26049,0.026049
FAST_ONLY,AMD_Radeon_RX_7900_XT,openmeteo,0,1.0,0,0,0,medium,renamed_keys,medium,158,156,json,0.17629534202817077,json,1,1.0,local,ROCM,AMD_Radeon_RX_7900_XT,True,2,1,0,1,0,0,0,0,0,0.025711,False,1000hz,25.711,1,short,30000,True,canonical,0.5,1.0,0.4414005678503365,0.4950089455874917,2,1000000000,38.89385865971763,25711,0.025711
FAST_ONLY,AMD_Radeon_RX_7900_XT,openmeteo,0,1.0,0,0,0,medium,split_fields,medium,188,156,json,0.7145451448801675,json,1,1.0,local,ROCM,AMD_Radeon_RX_7900_XT,True,2,0,0,1,0,0,1,0,0,0.025379,False,1000hz,25.379,1,short,30000,True,canonical,0.5,1.0,0.4425962409866425,0.49592478033019427,3,1000000000,39.40265573899681,25379,0.025379
FAST_ONLY,AMD_Radeon_RX_7900_XT,openmeteo,0,1.0,0,0,0,medium,nested_corruption,medium,165,156,json,0.20344461835667682,json,1,1.0,local,ROCM,AMD_Radeon_RX_7900_XT,True,1,0,0,0,1,0,0,0,0,0.025121,False,1000hz,25.121,1,short,30000,True,canonical,0.5,1.0,0.4435472314000239,0.4966531985191672,4,1000000000,39.80733251064846,25121,0.025121
FAST_ONLY,AMD_Radeon_RX_7900_XT,spacex,0,1.0,0,0,0,medium,type_mismatch,medium,93,169,json,0.430025062410316,json,1,1.0,local,ROCM,AMD_Radeon_RX_7900_XT,True,1,0,0,0,1,0,0,0,0,0.024863,False,1000hz,24.863,1,short,30000,True,canonical,0.5,1.0,0.44451795841209824,0.4973967341028838,1,1000000000,40.22040783493544,24863,0.024863
FAST_ONLY,AMD_Radeon_RX_7900_XT,spacex,0,1.0,0,0,0,medium,value_contradiction,medium,169,169,json,0.11046715293822738,json,1,0.0,local,ROCM,AMD_Radeon_RX_7900_XT,False,0,0,0,0,0,0,0,0,0,0.02685,False,1000hz,26.85,1,short,30000,True,canonical,0.5,0.0,0.18752327746741154,0.19203910614525138,2,1000000000,37.243947858473,26850,0.02685
FAST_ONLY,AMD_Radeon_RX_7900_XT,spacex,0,1.0,0,0,0,medium,missing_keys,medium,138,169,json,0.23930995898762256,json,1,1.0,local,ROCM,AMD_Radeon_RX_7900_XT,True,1,0,0,1,0,0,0,0,0,0.02563,False,1000hz,25.63,1,short,30000,True,canonical,0.5,1.0,0.44168942645337494,0.4952301989855638,3,1000000000,39.01677721420211,25630,0.02563
FAST_ONLY,AMD_Radeon_RX_7900_XT,spacex,0,1.0,0,0,0,medium,type_mismatch,medium,93,169,json,0.3441411144158842,json,1,1.0,local,ROCM,AMD_Radeon_RX_7900_XT,True,1,0,0,0,1,0,0,0,0,0.024526,False,1000hz,24.526,1,short,30000,True,canonical,0.5,1.0,0.4458166843349915,0.49839150289488704,4,1000000000,40.773057163826145,24526,0.024526
FAST_ONLY,AMD_Radeon_RX_7900_XT,openf1,0,1.0,0,0,0,medium,split_fields,medium,238,144,json,0.7408138298905624,json,1,1.0,local,ROCM,AMD_Radeon_RX_7900_XT,True,1,1,0,0,0,0,0,0,0,0.025221,False,1000hz,25.221,1,short,30000,True,canonical,0.5,1.0,0.4431763213195353,0.49636909718092065,1,1000000000,39.64949843384481,25221,0.025221
FAST_ONLY,AMD_Radeon_RX_7900_XT,openf1,0,1.0,0,0,0,medium,nested_corruption,medium,153,144,json,0.7231855582447543,json,1,1.0,local,ROCM,AMD_Radeon_RX_7900_XT,True,1,0,0,0,1,0,0,0,0,0.025243,False,1000hz,25.243,1,short,30000,True,canonical,0.5,1.0,0.44309511547755814,0.4963068969615339,2,1000000000,39.614942756407714,25243,0.025243
FAST_ONLY,AMD_Radeon_RX_7900_XT,openf1,0,1.0,0,0,0,medium,renamed_keys,medium,146,144,json,0.14790747391792866,json,1,1.0,local,ROCM,AMD_Radeon_RX_7900_XT,True,1,0,0,0,0,1,0,0,0,0.025693,False,1000hz,25.693,1,short,30000,True,canonical,0.5,1.0,0.4414646012532597,0.49505799244930526,3,1000000000,38.9211069162807,25693,0.025693
FAST_ONLY,AMD_Radeon_RX_7900_XT,openf1,0,1.0,0,0,0,medium,renamed_keys,medium,146,144,json,0.14203421746294237,json,1,1.0,local,ROCM,AMD_Radeon_RX_7900_XT,True,2,1,0,1,0,0,0,0,0,0.024747,False,1000hz,24.747,1,short,30000,True,canonical,0.5,1.0,0.4449610053743889,0.4977360892229361,4,1000000000,40.40893845718673,24747,0.024747
FAST_ONLY,AMD_Radeon_RX_7900_XT,finnhub,0,1.0,0,0,0,low,extra_keys,low,182,154,json,0.5225725041959425,json,1,1.0,local,ROCM,AMD_Radeon_RX_7900_XT,True,1,1,0,0,0,0,0,0,0,0.025492,False,1000hz,25.492,1,short,30000,True,canonical,0.5,1.0,0.44218578377530204,0.49561038757257175,1,1000000000,39.22799309587322,25492,0.025492
FAST_ONLY,AMD_Radeon_RX_7900_XT,finnhub,0,1.0,0,0,0,low,value_contradiction,low,153,154,json,0.7177388959142159,json,1,1.0,local,ROCM,AMD_Radeon_RX_7900_XT,True,1,0,0,0,0,0,0,0,1,0.026444,False,1000hz,26.444,1,short,30000,True,canonical,0.5,1.0,0.43886703978218117,0.49306837089698985,2,1000000000,37.815761609438816,26444,0.026444
FAST_ONLY,AMD_Radeon_RX_7900_XT,finnhub,0,1.0,0,0,0,low,split_fields,low,275,154,json,0.10505125120643469,json,1,1.0,local,ROCM,AMD_Radeon_RX_7900_XT,True,1,1,0,0,0,0,0,0,0,0.024903,False,1000hz,24.903,1,short,30000,True,canonical,0.5,1.0,0.4443661406256275,0.4972804481387784,3,1000000000,40.15580452154359,24903,0.024903
FAST_ONLY,AMD_Radeon_RX_7900_XT,finnhub,0,1.0,0,0,0,low,renamed_keys,low,156,154,json,0.46314035760683436,json,1,1.0,local,ROCM,AMD_Radeon_RX_7900_XT,True,1,0,0,0,0,1,0,0,0,0.02589,False,1000hz,25.89,1,short,30000,True,canonical,0.5,1.0,0.4407686365392044,0.4945249130938586,4,1000000000,38.62495171881035,25890,0.02589
FAST_ONLY,AMD_Radeon_RX_7900_XT,openmeteo,0,1.0,0,0,0,low,nested_corruption,low,165,156,json,0.4518384560394664,json,1,1.0,local,ROCM,AMD_Radeon_RX_7900_XT,True,1,0,0,0,1,0,0,0,0,0.025639,False,1000hz,25.639,1,short,30000,True,canonical,0.5,1.0,0.44165724092203285,0.49520554623815277,1,1000000000,39.00308124341823,25639,0.025639
FAST_ONLY,AMD_Radeon_RX_7900_XT,openmeteo,0,1.0,0,0,0,low,extra_keys,low,183,156,json,0.5237291835901723,json,1,1.0,local,ROCM,AMD_Radeon_RX_7900_XT,True,1,1,0,0,0,0,0,0,0,0.026125,False,1000hz,26.125,1,short,30000,True,canonical,0.5,1.0,0.4399521531100478,0.4938995215311005,2,1000000000,38.27751196172249,26125,0.026125
FAST_ONLY,AMD_Radeon_RX_7900_XT,openmeteo,0,1.0,0,0,0,low,extra_keys,low,180,156,json,0.199126933454298,json,1,1.0,local,ROCM,AMD_Radeon_RX_7900_XT,True,1,1,0,0,0,0,0,0,0,0.025821,False,1000hz,25.821,1,short,30000,True,canonical,0.5,1.0,0.44101119244026177,0.49471070059254096,3,1000000000,38.728166995856085,25821,0.025821
FAST_ONLY,AMD_Radeon_RX_7900_XT,openmeteo,0,1.0,0,0,0,low,renamed_keys,low,158,156,json,0.7689311019032091,json,1,1.0,local,ROCM,AMD_Radeon_RX_7900_XT,True,1,0,0,0,0,1,0,0,0,0.024864,False,1000hz,24.864,1,short,30000,True,canonical,0.5,1.0,0.444514157014157,0.4973938223938224,4,1000000000,40.21879021879022,24864,0.024864
FAST_ONLY,AMD_Radeon_RX_7900_XT,spacex,0,1.0,0,0,0,low,nested_corruption,low,178,169,json,0.3538824295792232,json,1,1.0,local,ROCM,AMD_Radeon_RX_7900_XT,True,1,0,0,0,1,0,0,0,0,0.025436,False,1000hz,25.436,1,short,30000,True,canonical,0.5,1.0,0.4423887403679824,0.49576584368611415,1,1000000000,39.31435760339676,25436,0.025436
FAST_ONLY,AMD_Radeon_RX_7900_XT,spacex,0,1.0,0,0,0,low,renamed_keys,low,171,169,json,0.5672257654051801,json,1,1.0,local,ROCM,AMD_Radeon_RX_7900_XT,True,1,0,0,0,0,1,0,0,0,0.025201,False,1000hz,25.201,1,short,30000,True,canonical,0.5,1.0,0.44325026784651406,0.4964257370739256,2,126582278,39.6809650410698,25201,0.025201
FAST_ONLY,AMD_Radeon_RX_7900_XT,spacex,0,1.0,0,0,0,low,missing_keys,low,132,169,json,0.31340090581763524,json,1,1.0,local,ROCM,AMD_Radeon_RX_7900_XT,True,1,0,0,1,0,0,0,0,0,0.025109,False,1000hz,25.109,1,short,30000,True,canonical,0.5,1.0,0.44359193914532635,0.49668744274961163,3,1000000000,39.82635708311761,25109,0.025109
FAST_ONLY,AMD_Radeon_RX_7900_XT,spacex,0,1.0,0,0,0,low,extra_keys,low,193,169,json,0.5156788710369978,json,1,1.0,local,ROCM,AMD_Radeon_RX_7900_XT,True,1,1,0,0,0,0,0,0,0,0.025861,False,1000hz,25.861,1,short,30000,True,canonical,0.5,1.0,0.4408704226441359,0.49460287691891264,4,1000000000,38.668264954951475,25861,0.025861
FAST_ONLY,AMD_Radeon_RX_7900_XT,openf1,0,1.0,0,0,0,low,type_mismatch,low,129,144,json,0.6332913912758114,json,1,1.0,local,ROCM,AMD_Radeon_RX_7900_XT,True,1,0,0,0,0,0,0,1,0,0.02631,False,1000hz,26.31,1,short,30000,True,canonical,0.5,1.0,0.4393196503230711,0.4934150513112885,1,1000000000,38.00836183960471,26310,0.02631
FAST_ONLY,AMD_Radeon_RX_7900_XT,openf1,0,1.0,0,0,0,low,type_mismatch,low,132,144,json,0.29140877630711853,json,1,1.0,local,ROCM,AMD_Radeon_RX_7900_XT,True,1,0,0,0,0,0,0,1,0,0.029927,False,1000hz,29.927,1,short,30000,True,canonical,0.5,1.0,0.4285244093961974,0.48514635613325763,2,1000000000,33.41464229625422,29927,0.029927
FAST_ONLY,AMD_Radeon_RX_7900_XT,openf1,0,1.0,0,0,0,low,renamed_keys,low,146,144,json,0.6602024697833178,json,1,1.0,local,ROCM,AMD_Radeon_RX_7900_XT,True,1,0,0,0,0,1,0,0,0,0.02459,False,1000hz,24.59,1,short,30000,True,canonical,0.5,1.0,0.44556730378202525,0.49820048800325334,3,1000000000,40.6669377795852,24590,0.02459
FAST_ONLY,AMD_Radeon_RX_7900_XT,openf1,0,1.0,0,0,0,low,missing_keys,low,117,144,json,0.5209031538362529,json,1,1.0,local,ROCM,AMD_Radeon_RX_7900_XT,True,1,0,0,1,0,0,0,0,0,0.025938,False,1000hz,25.938,1,short,30000,True,canonical,0.5,1.0,0.44060066311974705,0.4943962526023595,4,1000000000,38.553473667977485,25938,0.025938
FAST_ONLY,AMD_Radeon_RX_7900_XT,finnhub,0,1.0,0,0,0,high,merged_fields,high,154,154,schema,0.6212482889972246,schema,1,0.0,local,ROCM,AMD_Radeon_RX_7900_XT,False,0,0,0,0,0,0,0,0,0,0.025742,False,1000hz,25.742,1,short,30000,True,canonical,0.5,0.0,0.19129049801880196,0.19492463678035893,1,1000000000,38.84702043353275,25742,0.025742
FAST_ONLY,AMD_Radeon_RX_7900_XT,finnhub,0,1.0,0,0,0,high,extra_keys,high,182,154,schema,0.38919581134568004,schema,1,1.0,local,ROCM,AMD_Radeon_RX_7900_XT,True,1,1,0,0,0,0,0,0,0,0.024938,False,1000hz,24.938,1,short,30000,True,canonical,0.5,1.0,0.44423369957494585,0.49717900392974573,2,1000000000,40.09944662763654,24938,0.024938
FAST_ONLY,AMD_Radeon_RX_7900_XT,finnhub,0,1.0,0,0,0,high,split_fields,high,154,154,schema,0.7243872644841585,schema,1,0.0,local,ROCM,AMD_Radeon_RX_7900_XT,False,0,0,0,0,0,0,0,0,0,0.025035,False,1000hz,25.035,1,short,30000,True,canonical,0.5,0.0,0.19386858398242462,0.1968993409227082,3,1000000000,39.94407829039345,25035,0.025035
FAST_ONLY,AMD_Radeon_RX_7900_XT,finnhub,0,1.0,0,0,0,high,merged_fields,high,154,154,schema,0.35562776253786443,schema,1,0.0,local,ROCM,AMD_Radeon_RX_7900_XT,False,0,0,0,0,0,0,0,0,0,0.027269,False,1000hz,27.269,1,short,30000,True,canonical,0.5,0.0,0.1861784443873996,0.1910090212329018,4,1000000000,36.671678462723236,27269,0.027269
FAST_ONLY,AMD_Radeon_RX_7900_XT,openmeteo,0,1.0,0,0,0,high,nested_corruption,high,165,156,schema,0.6516760976207678,schema,1,1.0,local,ROCM,AMD_Radeon_RX_7900_XT,True,1,0,0,0,1,0,0,0,0,0.025539,False,1000hz,25.539,1,short,30000,True,canonical,0.5,1.0,0.4420161321899839,0.4954804416774345,1,1000000000,39.15580093190806,25539,0.025539
FAST_ONLY,AMD_Radeon_RX_7900_XT,openmeteo,0,1.0,0,0,0,high,merged_fields,high,156,156,schema,0.8158265242748252,schema,1,0.0,local,ROCM,AMD_Radeon_RX_7900_XT,False,0,0,0,0,0,0,0,0,0,0.027781,False,1000hz,27.781,1,short,30000,True,canonical,0.5,0.0,0.18459018753824558,0.18979248407184768,2,1000000000,35.995824484359815,27781,0.027781
FAST_ONLY,AMD_Radeon_RX_7900_XT,openmeteo,0,1.0,0,0,0,high,missing_keys,high,43,156,schema,0.3126917251818453,schema,1,1.0,local,ROCM,AMD_Radeon_RX_7900_XT,True,1,0,0,1,0,0,0,0,0,0.025918,False,1000hz,25.918,1,short,30000,True,canonical,0.5,1.0,0.4406705764333667,0.49444980322555754,3,1000000000,38.58322401419863,25918,0.025918
FAST_ONLY,AMD_Radeon_RX_7900_XT,openmeteo,0,1.0,0,0,0,high,split_fields,high,156,156,schema,0.6589369728810205,schema,1,0.0,local,ROCM,AMD_Radeon_RX_7900_XT,False,0,0,0,0,0,0,0,0,0,0.024851,False,1000hz,24.851,1,short,30000,True,canonical,0.5,0.0,0.19456359905034004,0.19743169288962215,4,1000000000,40.239829383123414,24851,0.024851
FAST_ONLY,AMD_Radeon_RX_7900_XT,spacex,0,1.0,0,0,0,high,value_contradiction,high,177,169,schema,0.5169223689206848,schema,1,1.0,local,ROCM,AMD_Radeon_RX_7900_XT,True,1,0,0,0,0,0,0,0,1,0.025482,False,1000hz,25.482,1,short,30000,True,canonical,0.5,1.0,0.44222196059963903,0.4956380974805745,1,1000000000,39.24338748920807,25482,0.025482
FAST_ONLY,AMD_Radeon_RX_7900_XT,spacex,0,1.0,0,0,0,high,extra_keys,high,197,169,schema,0.5452688283338525,schema,1,1.0,local,ROCM,AMD_Radeon_RX_7900_XT,True,1,1,0,0,0,0,0,0,0,0.025386,False,1000hz,25.386,1,short,30000,True,canonical,0.5,1.0,0.44257070826439776,0.49590522335145354,2,1000000000,39.39179075080753,25386,0.025386
FAST_ONLY,AMD_Radeon_RX_7900_XT,spacex,0,1.0,0,0,0,high,extra_keys,high,197,169,schema,0.5129004840459588,schema,1,1.0,local,ROCM,AMD_Radeon_RX_7900_XT,True,1,1,0,0,0,0,0,0,0,0.027836,False,1000hz,27.836,1,short,30000,True,canonical,0.5,1.0,0.4344230492886909,0.4896644632849547,3,1000000000,35.92470182497485,27836,0.027836
FAST_ONLY,AMD_Radeon_RX_7900_XT,spacex,0,1.0,0,0,0,high,value_contradiction,high,177,169,schema,0.414622719590532,schema,1,1.0,local,ROCM,AMD_Radeon_RX_7900_XT,True,1,0,0,0,0,0,0,0,1,0.026189,False,1000hz,26.189,1,short,30000,True,canonical,0.5,1.0,0.43973233036771164,0.4937311466646302,4,1000000000,38.18397036923899,26189,0.026189
FAST_ONLY,AMD_Radeon_RX_7900_XT,openf1,0,1.0,0,0,0,high,extra_keys,high,171,144,schema,0.7788603497982879,schema,1,1.0,local,ROCM,AMD_Radeon_RX_7900_XT,True,1,1,0,0,0,0,0,0,0,0.02558,False,1000hz,25.58,1,short,30000,True,canonical,0.5,1.0,0.4418686473807662,0.495367474589523,1,1000000000,39.09304143862393,25580,0.02558
FAST_ONLY,AMD_Radeon_RX_7900_XT,openf1,0,1.0,0,0,0,high,missing_keys,high,117,144,schema,0.5826287016017739,schema,1,1.0,local,ROCM,AMD_Radeon_RX_7900_XT,True,1,0,0,1,0,0,0,0,0,0.025447,False,1000hz,25.447,1,short,30000,True,canonical,0.5,1.0,0.44234880339529214,0.4957352536644791,2,1000000000,39.29736314693284,25447,0.025447
FAST_ONLY,AMD_Radeon_RX_7900_XT,openf1,0,1.0,0,0,0,high,type_mismatch,high,129,144,schema,0.298239943391685,schema,1,1.0,local,ROCM,AMD_Radeon_RX_7900_XT,True,1,0,0,0,0,0,0,1,0,0.026351,False,1000hz,26.351,1,short,30000,True,canonical,0.5,1.0,0.43918067625517065,0.4933086030890668,3,1000000000,37.94922393837046,26351,0.026351
FAST_ONLY,AMD_Radeon_RX_7900_XT,openf1,0,1.0,0,0,0,high,missing_keys,high,116,144,schema,0.7396969882811216,schema,1,1.0,local,ROCM,AMD_Radeon_RX_7900_XT,True,1,0,0,1,0,0,0,0,0,0.02554,False,1000hz,25.54,1,short,30000,True,canonical,0.5,1.0,0.44201252936570085,0.4954776820673453,4,1000000000,39.15426781519186,25540,0.02554
FAST_ONLY,AMD_Radeon_RX_7900_XT,finnhub,0,1.0,0,0,0,medium,missing_keys,medium,138,154,schema,0.2426764438223158,schema,1,1.0,local,ROCM,AMD_Radeon_RX_7900_XT,True,1,0,0,1,0,0,0,0,0,0.369241,False,1000hz,369.241,1,short,30000,True,canonical,0.5,1.0,0.35636440698622307,0.42987486492561766,1,1000000000,2.7082582920098255,369241,0.369241
FAST_ONLY,AMD_Radeon_RX_7900_XT,finnhub,0,1.0,0,0,0,medium,extra_keys,medium,178,154,schema,0.8753282090044713,schema,1,1.0,local,ROCM,AMD_Radeon_RX_7900_XT,True,1,1,0,0,0,0,0,0,0,0.025781,False,1000hz,25.781,1,short,30000,True,canonical,0.5,1.0,0.4411523990535665,0.49481885884954036,2,1000000000,38.78825491641131,25781,0.025781
FAST_ONLY,AMD_Radeon_RX_7900_XT,finnhub,0,1.0,0,0,0,medium,nested_corruption,medium,163,154,schema,0.10670719699330525,schema,1,1.0,local,ROCM,AMD_Radeon_RX_7900_XT,True,1,0,0,0,1,0,0,0,0,0.02463,False,1000hz,24.63,1,short,30000,True,canonical,0.5,1.0,0.4454120990661794,0.49808160779537153,3,1000000000,40.600893219650835,24630,0.02463
FAST_ONLY,AMD_Radeon_RX_7900_XT,finnhub,0,1.0,0,0,0,medium,extra_keys,medium,182,154,schema,0.47293177830114896,schema,1,1.0,local,ROCM,AMD_Radeon_RX_7900_XT,True,1,1,0,0,0,0,0,0,0,0.03527,False,1000hz,35.27,1,short,30000,True,canonical,0.5,1.0,0.4166288630564219,0.4760348738304508,4,1000000000,28.35270768358378,35270,0.03527
FAST_ONLY,AMD_Radeon_RX_7900_XT,openmeteo,0,1.0,0,0,0,medium,type_mismatch,medium,144,156,schema,0.7430914205653156,schema,1,1.0,local,ROCM,AMD_Radeon_RX_7900_XT,True,1,0,0,0,0,0,0,1,0,0.026893,False,1000hz,26.893,1,short,30000,True,canonical,0.5,1.0,0.43738333395307327,0.49193191536831143,1,1000000000,37.184397426839695,26893,0.026893
FAST_ONLY,AMD_Radeon_RX_7900_XT,openmeteo,0,1.0,0,0,0,medium,split_fields,medium,156,156,schema,0.5967982679076388,schema,1,0.0,local,ROCM,AMD_Radeon_RX_7900_XT,False,0,0,0,0,0,0,0,0,0,0.025513,False,1000hz,25.513,1,short,30000,True,canonical,0.5,0.0,0.19210990475443893,0.19555226747148513,2,1000000000,39.195704150825065,25513,0.025513
FAST_ONLY,AMD_Radeon_RX_7900_XT,openmeteo,0,1.0,0,0,0,medium,type_mismatch,medium,154,156,schema,0.2695586139967121,schema,1,1.0,local,ROCM,AMD_Radeon_RX_7900_XT,True,1,0,0,0,0,0,0,1,0,0.027401,False,1000hz,27.401,1,short,30000,True,canonical,0.5,1.0,0.43576329331046315,0.4906910331739717,3,1000000000,36.495018429984306,27401,0.027401
FAST_ONLY,AMD_Radeon_RX_7900_XT,openmeteo,0,1.0,0,0,0,medium,nested_corruption,medium,165,156,schema,0.336191814546865,schema,1,1.0,local,ROCM,AMD_Radeon_RX_7900_XT,True,1,0,0,0,1,0,0,0,0,0.026239,False,1000hz,26.239,1,short,30000,True,canonical,0.5,1.0,0.43956133999009106,0.4936001753115591,4,1000000000,38.11120850642174,26239,0.026239
FAST_ONLY,AMD_Radeon_RX_7900_XT,spacex,0,1.0,0,0,0,medium,missing_keys,medium,68,169,schema,0.8650596824682645,schema,1,1.0,local,ROCM,AMD_Radeon_RX_7900_XT,True,1,0,0,1,0,0,0,0,0,0.026143,False,1000hz,26.143,1,short,30000,True,canonical,0.5,1.0,0.4398902191791302,0.4938520827755039,1,1000000000,38.2511570975022,26143,0.026143
FAST_ONLY,AMD_Radeon_RX_7900_XT,spacex,0,1.0,0,0,0,medium,missing_keys,medium,68,169,schema,0.48016439267798317,schema,1,1.0,local,ROCM,AMD_Radeon_RX_7900_XT,True,1,0,0,1,0,0,0,0,0,0.024438,False,1000hz,24.438,1,short,30000,True,canonical,0.5,1.0,0.44616171536132254,0.4986557819788853,2,1000000000,40.919878877158524,24438,0.024438
FAST_ONLY,AMD_Radeon_RX_7900_XT,spacex,0,1.0,0,0,0,medium,value_contradiction,medium,177,169,schema,0.41940793362606,schema,1,1.0,local,ROCM,AMD_Radeon_RX_7900_XT,True,1,0,0,0,0,0,0,0,1,0.026144,False,1000hz,26.144,1,short,30000,True,canonical,0.5,1.0,0.43988678090575273,0.4938494492044063,3,1000000000,38.24969400244798,26144,0.026144
FAST_ONLY,AMD_Radeon_RX_7900_XT,spacex,0,1.0,0,0,0,medium,merged_fields,medium,169,169,schema,0.8079486263193721,schema,1,0.0,local,ROCM,AMD_Radeon_RX_7900_XT,False,0,0,0,0,0,0,0,0,0,0.025761,False,1000hz,25.761,1,short,30000,True,canonical,0.5,0.0,0.19122316680253099,0.1948730639338535,4,1000000000,38.818368852140836,25761,0.025761
FAST_ONLY,AMD_Radeon_RX_7900_XT,openf1,0,1.0,0,0,0,medium,nested_corruption,medium,157,144,schema,0.4059609223024495,schema,1,1.0,local,ROCM,AMD_Radeon_RX_7900_XT,True,2,0,0,1,0,0,1,0,0,0.026699,False,1000hz,26.699,1,short,30000,True,canonical,0.5,1.0,0.4380182778381213,0.4924182553653695,1,1000000000,37.45458631409416,26699,0.026699
FAST_ONLY,AMD_Radeon_RX_7900_XT,openf1,0,1.0,0,0,0,medium,type_mismatch,medium,80,144,schema,0.8856145255692414,schema,1,1.0,local,ROCM,AMD_Radeon_RX_7900_XT,True,1,0,0,0,1,0,0,0,0,0.025343,False,1000hz,25.343,1,short,30000,True,canonical,0.5,1.0,0.44272777492798804,0.4960255297320759,2,1000000000,39.45862762893106,25343,0.025343
FAST_ONLY,AMD_Radeon_RX_7900_XT,openf1,0,1.0,0,0,0,medium,value_contradiction,medium,144,144,schema,0.3768137886194387,schema,1,0.0,local,ROCM,AMD_Radeon_RX_7900_XT,False,0,0,0,0,0,0,0,0,0,0.029241,False,1000hz,29.241,1,short,30000,True,canonical,0.5,0.0,0.1803666085291201,0.18655740227762388,3,1000000000,34.198556820902155,29241,0.029241
FAST_ONLY,AMD_Radeon_RX_7900_XT,openf1,0,1.0,0,0,0,medium,value_contradiction,medium,152,144,schema,0.8063255043143683,schema,1,1.0,local,ROCM,AMD_Radeon_RX_7900_XT,True,1,0,0,0,0,0,0,0,1,0.025419,False,1000hz,25.419,1,short,30000,True,canonical,0.5,1.0,0.44245052913175187,0.4958131712498524,4,1000000000,39.34065069436248,25419,0.025419
FAST_ONLY,AMD_Radeon_RX_7900_XT,finnhub,0,1.0,0,0,0,low,value_contradiction,low,166,154,schema,0.531125024904482,schema,1,1.0,local,ROCM,AMD_Radeon_RX_7900_XT,True,1,0,0,0,0,0,0,0,1,0.025022,False,1000hz,25.022,1,short,30000,True,canonical,0.5,1.0,0.44391735272959804,0.49693669570777715,1,1000000000,39.96483094876509,25022,0.025022
FAST_ONLY,AMD_Radeon_RX_7900_XT,finnhub,0,1.0,0,0,0,low,merged_fields,low,154,154,schema,0.2375216928424699,schema,1,0.0,local,ROCM,AMD_Radeon_RX_7900_XT,False,0,0,0,0,0,0,0,0,0,0.024551,False,1000hz,24.551,1,short,30000,True,canonical,0.5,0.0,0.1957191153109853,0.19831676917437172,2,1000000000,40.731538430206506,24551,0.024551
FAST_ONLY,AMD_Radeon_RX_7900_XT,finnhub,0,1.0,0,0,0,low,split_fields,low,154,154,schema,0.8184007761264629,schema,1,0.0,local,ROCM,AMD_Radeon_RX_7900_XT,False,0,0,0,0,0,0,0,0,0,0.026187,False,1000hz,26.187,1,short,30000,True,canonical,0.5,0.0,0.189739183564364,0.1937363959216405,3,1000000000,38.18688662313362,26187,0.026187
FAST_ONLY,AMD_Radeon_RX_7900_XT,finnhub,0,1.0,0,0,0,low,extra_keys,low,182,154,schema,0.8162439246950067,schema,1,1.0,local,ROCM,AMD_Radeon_RX_7900_XT,True,1,1,0,0,0,0,0,0,0,0.025341,False,1000hz,25.341,1,short,30000,True,canonical,0.5,1.0,0.44273509332701944,0.4960311353143128,4,1000000000,39.461741841284876,25341,0.025341
FAST_ONLY,AMD_Radeon_RX_7900_XT,openmeteo,0,1.0,0,0,0,low,extra_keys,low,180,156,schema,0.6627995128739277,schema,1,1.0,local,ROCM,AMD_Radeon_RX_7900_XT,True,1,1,0,0,0,0,0,0,0,0.02563,False,1000hz,25.63,1,short,30000,True,canonical,0.5,1.0,0.44168942645337494,0.4952301989855638,1,1000000000,39.01677721420211,25630,0.02563
FAST_ONLY,AMD_Radeon_RX_7900_XT,openmeteo,0,1.0,0,0,0,low,merged_fields,low,156,156,schema,0.7255878254084231,schema,1,0.0,local,ROCM,AMD_Radeon_RX_7900_XT,False,0,0,0,0,0,0,0,0,0,0.026408,False,1000hz,26.408,1,short,30000,True,canonical,0.5,0.0,0.18898818539836415,0.19316116328385335,2,1000000000,37.8673129354741,26408,0.026408
FAST_ONLY,AMD_Radeon_RX_7900_XT,openmeteo,0,1.0,0,0,0,low,extra_keys,low,183,156,schema,0.24058612636599827,schema,1,1.0,local,ROCM,AMD_Radeon_RX_7900_XT,True,1,1,0,0,0,0,0,0,0,0.025507,False,1000hz,25.507,1,short,30000,True,canonical,0.5,1.0,0.4421315717254087,0.4955688634492492,3,1000000000,39.204924138471796,25507,0.025507
FAST_ONLY,AMD_Radeon_RX_7900_XT,openmeteo,0,1.0,0,0,0,low,merged_fields,low,156,156,schema,0.8812949529446219,schema,1,0.0,local,ROCM,AMD_Radeon_RX_7900_XT,False,0,0,0,0,0,0,0,0,0,0.025908,False,1000hz,25.908,1,short,30000,True,canonical,0.5,0.0,0.19070557356800988,0.19447660954145435,4,1000000000,38.5981164119191,25908,0.025908
FAST_ONLY,AMD_Radeon_RX_7900_XT,spacex,0,1.0,0,0,0,low,missing_keys,low,68,169,schema,0.602261088630584,schema,1,1.0,local,ROCM,AMD_Radeon_RX_7900_XT,True,1,0,0,1,0,0,0,0,0,0.028421,False,1000hz,28.421,1,short,30000,True,canonical,0.5,1.0,0.43268533830618205,0.48833345061750116,1,1000000000,35.18525034305619,28421,0.028421
FAST_ONLY,AMD_Radeon_RX_7900_XT,spacex,0,1.0,0,0,0,low,value_contradiction,low,177,169,schema,0.2035488926066667,schema,1,1.0,local,ROCM,AMD_Radeon_RX_7900_XT,True,1,0,0,0,0,0,0,0,1,0.025305,False,1000hz,25.305,1,short,30000,True,canonical,0.5,1.0,0.4428670223276033,0.49613218731475994,2,1000000000,39.517881841533296,25305,0.025305
FAST_ONLY,AMD_Radeon_RX_7900_XT,spacex,0,1.0,0,0,0,low,missing_keys,low,138,169,schema,0.2653562119184335,schema,1,1.0,local,ROCM,AMD_Radeon_RX_7900_XT,True,1,0,0,1,0,0,0,0,0,0.024225,False,1000hz,24.225,1,short,30000,True,canonical,0.5,1.0,0.4470072239422085,0.4993034055727554,3,1000000000,41.2796697626419,24225,0.024225
FAST_ONLY,AMD_Radeon_RX_7900_XT,spacex,0,1.0,0,0,0,low,type_mismatch,low,154,169,schema,0.5753338861799085,schema,1,1.0,local,ROCM,AMD_Radeon_RX_7900_XT,True,1,0,0,0,0,0,0,1,0,0.025425,False,1000hz,25.425,1,short,30000,True,canonical,0.5,1.0,0.44242871189773847,0.49579646017699114,4,1000000000,39.33136676499508,25425,0.025425
FAST_ONLY,AMD_Radeon_RX_7900_XT,openf1,0,1.0,0,0,0,low,extra_keys,low,171,144,schema,0.36926537466678244,schema,1,1.0,local,ROCM,AMD_Radeon_RX_7900_XT,True,1,1,0,0,0,0,0,0,0,0.024905,False,1000hz,24.905,1,short,30000,True,canonical,0.5,1.0,0.44435856253764305,0.4972746436458543,1,1000000000,40.15257980325236,24905,0.024905
FAST_ONLY,AMD_Radeon_RX_7900_XT,openf1,0,1.0,0,0,0,low,value_contradiction,low,152,144,schema,0.3562962060661109,schema,1,1.0,local,ROCM,AMD_Radeon_RX_7900_XT,True,1,0,0,0,0,0,0,0,1,0.028127,False,1000hz,28.127,1,short,30000,True,canonical,0.5,1.0,0.43354961424965344,0.48899544921250043,2,1000000000,35.55302734027803,28127,0.028127
FAST_ONLY,AMD_Radeon_RX_7900_XT,openf1,0,1.0,0,0,0,low,extra_keys,low,172,144,schema,0.2073910149800857,schema,1,1.0,local,ROCM,AMD_Radeon_RX_7900_XT,True,1,1,0,0,0,0,0,0,0,0.025248,False,1000hz,25.248,1,short,30000,True,canonical,0.5,1.0,0.44307667934093786,0.4962927756653992,3,1000000000,39.60709759188847,25248,0.025248
FAST_ONLY,AMD_Radeon_RX_7900_XT,openf1,0,1.0,0,0,0,low,renamed_keys,low,146,144,schema,0.8306501072169501,schema,1,1.0,local,ROCM,AMD_Radeon_RX_7900_XT,True,1,0,0,0,0,1,0,0,0,0.027564,False,1000hz,27.564,1,short,30000,True,canonical,0.5,1.0,0.43525613118560436,0.490302568567697,4,1000000000,36.279204759831664,27564,0.027564
FAST_ONLY,AMD_Radeon_RX_7900_XT,finnhub,0,1.0,0,0,0,high,merged_fields,high,150,154,gemma,0.7169655910391793,gemma,1,1.0,local,ROCM,AMD_Radeon_RX_7900_XT,True,1,0,1,0,0,0,0,0,0,13.623128,False,1000hz,13623.128,1,short,30000,True,canonical,0.5,1.0,0.3501725007648757,0.4251321282454367,1,2206,0.0734045807981838,13623128,13.623128
FAST_ONLY,AMD_Radeon_RX_7900_XT,finnhub,0,1.0,0,0,0,high,extra_keys,high,181,154,gemma,0.542667410115464,gemma,1,1.0,local,ROCM,AMD_Radeon_RX_7900_XT,True,1,1,0,0,0,0,0,0,0,14.097676,False,1000hz,14097.676,1,short,30000,True,canonical,0.5,1.0,0.3501666941416443,0.4251276806191318,2,2132,0.07093367729546345,14097676,14.097676
FAST_ONLY,AMD_Radeon_RX_7900_XT,finnhub,0,1.0,0,0,0,high,merged_fields,high,150,154,gemma,0.7436261604686955,gemma,1,1.0,local,ROCM,AMD_Radeon_RX_7900_XT,True,1,0,1,0,0,0,0,0,0,14.173912,False,1000hz,14173.912,1,short,30000,True,canonical,0.5,1.0,0.3501657975582182,0.42512699387437985,3,2121,0.0705521524332873,14173912,14.173912
FAST_ONLY,AMD_Radeon_RX_7900_XT,finnhub,0,1.0,0,0,0,high,type_mismatch,high,151,154,gemma,0.19110585042037825,gemma,1,1.0,local,ROCM,AMD_Radeon_RX_7900_XT,True,1,0,0,0,0,0,0,1,0,14.369175,False,1000hz,14369.175,1,short,30000,True,canonical,0.5,1.0,0.35016354453195814,0.4251252681521382,4,2092,0.06959341785453932,14369175,14.369175
FAST_ONLY,AMD_Radeon_RX_7900_XT,openmeteo,0,1.0,0,0,0,high,value_contradiction,high,164,156,gemma,0.8917575628819813,gemma,1,1.0,local,ROCM,AMD_Radeon_RX_7900_XT,True,1,0,0,0,0,0,0,0,1,14.379421,False,1000hz,14379.421,1,short,30000,True,canonical,0.5,1.0,0.35016342799894373,0.425125178892808,1,2090,0.06954382933777375,14379421,14.379421
FAST_ONLY,AMD_Radeon_RX_7900_XT,openmeteo,0,1.0,0,0,0,high,split_fields,high,188,156,gemma,0.6993419831803634,gemma,1,1.0,local,ROCM,AMD_Radeon_RX_7900_XT,True,2,0,0,1,0,0,1,0,0,13.70585,False,1000hz,13705.85,1,short,30000,True,canonical,0.5,1.0,0.3501714596322009,0.4251313307821113,2,2193,0.07296154561738236,13705850,13.70585
FAST_ONLY,AMD_Radeon_RX_7900_XT,openmeteo,0,1.0,0,0,0,high,nested_corruption,high,165,156,gemma,0.6079822632418755,gemma,1,1.0,local,ROCM,AMD_Radeon_RX_7900_XT,True,1,0,0,0,1,0,0,0,0,13.893244,False,1000hz,13893.244,1,short,30000,True,canonical,0.5,1.0,0.3501691469609257,0.4251295593743261,3,2163,0.07197743018117296,13893244,13.893244
FAST_ONLY,AMD_Radeon_RX_7900_XT,openmeteo,0,1.0,0,0,0,high,extra_keys,high,207,179,gemma,0.5309605848555365,gemma,1,1.0,local,ROCM,AMD_Radeon_RX_7900_XT,True,1,1,0,0,0,0,0,0,0,14.185558,False,1000hz,14185.558,1,short,30000,True,canonical,0.5,1.0,0.35016566144243316,0.4251268896154808,4,2118,0.07049423082264371,14185558,14.185558
FAST_ONLY,AMD_Radeon_RX_7900_XT,spacex,0,1.0,0,0,0,high,merged_fields,high,163,169,gemma,0.6429977801205607,gemma,1,1.0,local,ROCM,AMD_Radeon_RX_7900_XT,True,1,0,1,0,0,0,0,0,0,14.356492,False,1000hz,14356.492,1,short,30000,True,canonical,0.5,1.0,0.35016368901260836,0.4251253788181681,1,2093,0.0696548989822862,14356492,14.356492
FAST_ONLY,AMD_Radeon_RX_7900_XT,spacex,0,1.0,0,0,0,high,value_contradiction,high,169,169,gemma,0.19296561957899228,gemma,1,0.0,local,ROCM,AMD_Radeon_RX_7900_XT,False,0,0,0,0,0,0,0,0,0,14.31667,False,1000hz,14316.67,1,short,30000,True,canonical,0.5,0.0,0.10016414431568235,0.12512572756094817,2,2099,0.06984864497121188,14316670,14.31667
FAST_ONLY,AMD_Radeon_RX_7900_XT,spacex,0,1.0,0,0,0,high,value_contradiction,high,177,169,gemma,0.39312126974021566,gemma,1,1.0,local,ROCM,AMD_Radeon_RX_7900_XT,True,1,0,0,0,0,0,0,0,1,14.456258,False,1000hz,14456.258,1,short,30000,True,canonical,0.5,1.0,0.35016255935664686,0.425124513549772,3,2078,0.06917419431778266,14456258,14.456258
FAST_ONLY,AMD_Radeon_RX_7900_XT,spacex,0,1.0,0,0,0,high,missing_keys,high,68,169,gemma,0.13021699522826272,gemma,1,1.0,local,ROCM,AMD_Radeon_RX_7900_XT,True,1,0,0,1,0,0,0,0,0,14.192934,False,1000hz,14192.934,1,short,30000,True,canonical,0.5,1.0,0.3501655753489729,0.4251268236715537,4,2117,0.07045759530763689,14192934,14.192934
FAST_ONLY,AMD_Radeon_RX_7900_XT,openf1,0,1.0,0,0,0,high,missing_keys,high,55,144,gemma,0.5455481534841425,gemma,1,1.0,local,ROCM,AMD_Radeon_RX_7900_XT,True,1,0,0,1,0,0,0,0,0,14.20892,False,1000hz,14208.92,1,short,30000,True,canonical,0.5,1.0,0.3501653890654603,0.42512668098631,1,2115,0.07037832572778226,14208920,14.20892
FAST_ONLY,AMD_Radeon_RX_7900_XT,openf1,0,1.0,0,0,0,high,split_fields,high,169,144,gemma,0.44098215555520714,gemma,1,1.0,local,ROCM,AMD_Radeon_RX_7900_XT,True,2,0,0,1,0,0,1,0,0,14.245026,False,1000hz,14245.026,1,short,30000,True,canonical,0.5,1.0,0.35016496986386686,0.42512635989572783,2,2110,0.07019994207100781,14245026,14.245026
FAST_ONLY,AMD_Radeon_RX_7900_XT,openf1,0,1.0,0,0,0,high,missing_keys,high,116,144,gemma,0.4011796175178176,gemma,1,1.0,local,ROCM,AMD_Radeon_RX_7900_XT,True,1,0,0,1,0,0,0,0,0,14.295939,False,1000hz,14295.939,1,short,30000,True,canonical,0.5,1.0,0.3501643823466231,0.4251259098825198,3,2103,0.0699499347332134,14295939,14.295939
FAST_ONLY,AMD_Radeon_RX_7900_XT,openf1,0,1.0,0,0,0,high,type_mismatch,high,80,144,gemma,0.5711658272873058,gemma,1,1.0,local,ROCM,AMD_Radeon_RX_7900_XT,True,1,0,0,0,1,0,0,0,0,14.378221,False,1000hz,14378.221,1,short,30000,True,canonical,0.5,1.0,0.35016344163857266,0.42512518934018334,4,2090,0.0695496334351795,14378221,14.378221
FAST_ONLY,AMD_Radeon_RX_7900_XT,finnhub,0,1.0,0,0,0,medium,split_fields,medium,275,154,gemma,0.7615195106059253,gemma,1,1.0,local,ROCM,AMD_Radeon_RX_7900_XT,True,1,1,0,0,0,0,0,0,0,14.430039,False,1000hz,14430.039,1,short,30000,True,canonical,0.5,1.0,0.35016285472270725,0.42512473978760557,1,2082,0.06929988200309091,14430039,14.430039
FAST_ONLY,AMD_Radeon_RX_7900_XT,finnhub,0,1.0,0,0,0,medium,merged_fields,medium,150,154,gemma,0.18145390754339027,gemma,1,1.0,local,ROCM,AMD_Radeon_RX_7900_XT,True,1,0,1,0,0,0,0,0,0,14.216033,False,1000hz,14216.033,1,short,30000,True,canonical,0.5,1.0,0.35016530631294956,0.42512661760140824,2,2114,0.07034311189345158,14216033,14.216033
FAST_ONLY,AMD_Radeon_RX_7900_XT,finnhub,0,1.0,0,0,0,medium,type_mismatch,medium,148,154,gemma,0.45036029685484036,gemma,1,1.0,local,ROCM,AMD_Radeon_RX_7900_XT,True,1,0,0,0,0,0,0,1,0,14.125259,False,1000hz,14125.259,1,short,30000,True,canonical,0.5,1.0,0.35016636863083356,0.42512743129170233,3,2127,0.07079516205685149,14125259,14.125259
FAST_ONLY,AMD_Radeon_RX_7900_XT,finnhub,0,1.0,0,0,0,medium,nested_corruption,medium,163,154,gemma,0.8722209090127861,gemma,1,1.0,local,ROCM,AMD_Radeon_RX_7900_XT,True,1,0,0,0,1,0,0,0,0,14.127195,False,1000hz,14127.195,1,short,30000,True,canonical,0.5,1.0,0.35016634583156814,0.42512741382843516,4,2127,0.07078546024175358,14127195,14.127195
FAST_ONLY,AMD_Radeon_RX_7900_XT,openmeteo,0,1.0,0,0,0,medium,merged_fields,medium,152,156,gemma,0.7149734130460419,gemma,1,1.0,local,ROCM,AMD_Radeon_RX_7900_XT,True,1,0,1,0,0,0,0,0,0,14.304311,False,1000hz,14304.311,1,short,30000,True,canonical,0.5,1.0,0.3501642861372351,0.42512583619022265,1,2101,0.06990899456814104,14304311,14.304311
FAST_ONLY,AMD_Radeon_RX_7900_XT,openmeteo,0,1.0,0,0,0,medium,value_contradiction,medium,170,156,gemma,0.6788811578683877,gemma,1,1.0,local,ROCM,AMD_Radeon_RX_7900_XT,True,1,0,0,0,0,0,0,0,1,13.914052,False,1000hz,13914.052,1,short,30000,True,canonical,0.5,1.0,0.3501688940072957,0.42512936562260945,2,2160,0.07186979033857284,13914052,13.914052
FAST_ONLY,AMD_Radeon_RX_7900_XT,openmeteo,0,1.0,0,0,0,medium,split_fields,medium,189,156,gemma,0.7289341454805108,gemma,1,1.0,local,ROCM,AMD_Radeon_RX_7900_XT,True,1,1,0,0,0,0,0,0,0,13.988105,False,1000hz,13988.105,1,short,30000,True,canonical,0.5,1.0,0.3501679998827576,0.42512868076126104,3,2148,0.07148931181171432,13988105,13.988105
FAST_ONLY,AMD_Radeon_RX_7900_XT,spacex,0,1.0,0,0,0,medium,merged_fields,medium,165,169,gemma,0.7368306867060873,gemma,1,1.0,local,ROCM,AMD_Radeon_RX_7900_XT,True,1,0,1,0,0,0,0,0,0,14.19407,False,1000hz,14194.07,1,short,30000,True,canonical,0.5,1.0,0.3501655620974111,0.42512681352142123,1,2126,0.07045195634514977,14194070,14.19407
FAST_ONLY,AMD_Radeon_RX_7900_XT,spacex,0,1.0,0,0,0,medium,split_fields,medium,275,169,gemma,0.3649147630079067,gemma,1,1.0,local,ROCM,AMD_Radeon_RX_7900_XT,True,1,1,0,0,0,0,0,0,0,14.395691,False,1000hz,14395.691,1,short,30000,True,canonical,0.5,1.0,0.35016324329273246,0.42512503741571,2,2087,0.06946523095001136,14395691,14.395691
FAST_ONLY,AMD_Radeon_RX_7900_XT,spacex,0,1.0,0,0,0,medium,nested_corruption,medium,178,169,gemma,0.14876272794210924,gemma,1,1.0,local,ROCM,AMD_Radeon_RX_7900_XT,True,1,0,0,0,1,0,0,0,0,14.059875,False,1000hz,14059.875,1,short,30000,True,canonical,0.5,1.0,0.35016714231100915,0.42512802389779425,3,2138,0.07112438766347497,14059875,14.059875
FAST_ONLY,AMD_Radeon_RX_7900_XT,spacex,0,1.0,0,0,0,medium,missing_keys,medium,68,169,gemma,0.7581028785375777,gemma,1,1.0,local,ROCM,AMD_Radeon_RX_7900_XT,True,1,0,0,1,0,0,0,0,0,14.034305,False,1000hz,14034.305,1,short,30000,True,canonical,0.5,1.0,0.35016744683830087,0.42512825715274105,4,2141,0.0712539737450483,14034305,14.034305
FAST_ONLY,AMD_Radeon_RX_7900_XT,openf1,0,1.0,0,0,0,medium,missing_keys,medium,116,144,gemma,0.21806493150664494,gemma,1,1.0,local,ROCM,AMD_Radeon_RX_7900_XT,True,1,0,0,1,0,0,0,0,0,14.358495,False,1000hz,14358.495,1,short,30000,True,canonical,0.5,1.0,0.35016366617810574,0.42512536132791073,1,2093,0.06964518217264414,14358495,14.358495
FAST_ONLY,AMD_Radeon_RX_7900_XT,openf1,0,1.0,0,0,0,medium,extra_keys,medium,168,144,gemma,0.35527642923276237,gemma,1,1.0,local,ROCM,AMD_Radeon_RX_7900_XT,True,1,1,0,0,0,0,0,0,0,14.704323,False,1000hz,14704.323,1,short,30000,True,canonical,0.5,1.0,0.3501598169463497,0.4251224129801828,2,2043,0.06800721121264815,14704323,14.704323
FAST_ONLY,AMD_Radeon_RX_7900_XT,openf1,0,1.0,0,0,0,medium,extra_keys,medium,168,144,gemma,0.7430501753219427,gemma,1,1.0,local,ROCM,AMD_Radeon_RX_7900_XT,True,1,1,0,0,0,0,0,0,0,15.118181,False,1000hz,15118.181,1,short,30000,True,canonical,0.5,1.0,0.3501554419807515,0.42511906194270327,3,1987,0.06614552372405119,15118181,15.118181
FAST_ONLY,AMD_Radeon_RX_7900_XT,openf1,0,1.0,0,0,0,medium,value_contradiction,medium,152,144,gemma,0.71734992578068,gemma,1,1.0,local,ROCM,AMD_Radeon_RX_7900_XT,True,1,0,0,0,0,0,0,0,1,14.282092,False,1000hz,14282.092,1,short,30000,True,canonical,0.5,1.0,0.3501645417211988,0.42512603195666293,4,2104,0.07001775370162858,14282092,14.282092
FAST_ONLY,AMD_Radeon_RX_7900_XT,finnhub,0,1.0,0,0,0,low,type_mismatch,low,148,154,gemma,0.8753869108714286,gemma,1,1.0,local,ROCM,AMD_Radeon_RX_7900_XT,True,1,0,0,0,0,0,0,1,0,14.23432,False,1000hz,14234.32,1,short,30000,True,canonical,0.5,1.0,0.35016509394196565,0.42512645493427154,1,2111,0.07025274126196404,14234320,14.23432
FAST_ONLY,AMD_Radeon_RX_7900_XT,finnhub,0,1.0,0,0,0,low,extra_keys,low,181,154,gemma,0.5068280413930678,gemma,1,1.0,local,ROCM,AMD_Radeon_RX_7900_XT,True,1,1,0,0,0,0,0,0,0,14.256491,False,1000hz,14256.491,1,short,30000,True,canonical,0.5,1.0,0.35016483719591307,0.4251262582777206,3,2118,0.07014348762258539,14256491,14.256491
FAST_ONLY,AMD_Radeon_RX_7900_XT,finnhub,0,1.0,0,0,0,low,merged_fields,low,152,154,gemma,0.7469863480014419,gemma,1,1.0,local,ROCM,AMD_Radeon_RX_7900_XT,True,1,0,1,0,0,0,0,0,0,14.205703,False,1000hz,14205.703,1,short,30000,True,canonical,0.5,1.0,0.35016542651919447,0.42512670967427657,4,2115,0.07039426348699533,14205703,14.205703
FAST_ONLY,AMD_Radeon_RX_7900_XT,openmeteo,0,1.0,0,0,0,low,value_contradiction,low,156,156,gemma,0.8826181430353669,gemma,1,0.0,local,ROCM,AMD_Radeon_RX_7900_XT,False,0,0,0,0,0,0,0,0,0,14.14624,False,1000hz,14146.24,1,short,30000,True,canonical,0.5,0.0,0.10016612188115005,0.12512724229194472,1,2124,0.07069016219150813,14146240,14.14624
FAST_ONLY,AMD_Radeon_RX_7900_XT,openmeteo,0,1.0,0,0,0,low,missing_keys,low,128,156,gemma,0.3295079603483133,gemma,1,1.0,local,ROCM,AMD_Radeon_RX_7900_XT,True,1,0,0,1,0,0,0,0,0,14.08748,False,1000hz,14087.48,1,short,30000,True,canonical,0.5,1.0,0.35016681478873446,0.4251277730296689,2,2133,0.07098501648272083,14087480,14.08748
FAST_ONLY,AMD_Radeon_RX_7900_XT,openmeteo,0,1.0,0,0,0,low,nested_corruption,low,187,156,gemma,0.10557448025196772,gemma,1,1.0,local,ROCM,AMD_Radeon_RX_7900_XT,True,2,0,0,1,0,0,1,0,0,14.427843,False,1000hz,14427.843,1,short,30000,True,canonical,0.5,1.0,0.350162879510125,0.42512475877371275,3,2083,0.06931042984041343,14427843,14.427843
FAST_ONLY,AMD_Radeon_RX_7900_XT,openmeteo,0,1.0,0,0,0,low,extra_keys,low,184,156,gemma,0.6653266426859415,gemma,1,1.0,local,ROCM,AMD_Radeon_RX_7900_XT,True,1,1,0,0,0,0,0,0,0,14.054347,False,1000hz,14054.347,1,short,30000,True,canonical,0.5,1.0,0.3501672080531383,0.4251280742534676,4,2138,0.07115236303757122,14054347,14.054347
FAST_ONLY,AMD_Radeon_RX_7900_XT,spacex,0,1.0,0,0,0,low,nested_corruption,low,178,169,gemma,0.29896712687484794,gemma,1,1.0,local,ROCM,AMD_Radeon_RX_7900_XT,True,1,0,0,0,1,0,0,0,0,13.990375,False,1000hz,13990.375,1,short,30000,True,canonical,0.5,1.0,0.3501679726240362,0.42512865988224047,1,2148,0.07147771235581606,13990375,13.990375
FAST_ONLY,AMD_Radeon_RX_7900_XT,spacex,0,1.0,0,0,0,low,nested_corruption,low,178,169,gemma,0.2834169473715136,gemma,1,1.0,local,ROCM,AMD_Radeon_RX_7900_XT,True,1,0,0,0,1,0,0,0,0,14.045074,False,1000hz,14045.074,1,short,30000,True,canonical,0.5,1.0,0.3501673184491587,0.4251281588121216,2,2139,0.07119934006755678,14045074,14.045074
FAST_ONLY,AMD_Radeon_RX_7900_XT,spacex,0,1.0,0,0,0,low,missing_keys,low,68,169,gemma,0.4356477862077025,gemma,1,1.0,local,ROCM,AMD_Radeon_RX_7900_XT,True,1,0,0,1,0,0,0,0,0,14.11966,False,1000hz,14119.66,1,short,30000,True,canonical,0.5,1.0,0.3501664346025329,0.4251274818232167,3,2128,0.07082323512039242,14119660,14.11966
FAST_ONLY,AMD_Radeon_RX_7900_XT,spacex,0,1.0,0,0,0,low,split_fields,low,275,169,gemma,0.20782155619709972,gemma,1,1.0,local,ROCM,AMD_Radeon_RX_7900_XT,True,1,1,0,0,0,0,0,0,0,14.246358,False,1000hz,14246.358,1,short,30000,True,canonical,0.5,1.0,0.35016495443958384,0.42512634808138333,4,2109,0.07019337854629232,14246358,14.246358
FAST_ONLY,AMD_Radeon_RX_7900_XT,openf1,0,1.0,0,0,0,low,value_contradiction,low,152,144,gemma,0.11522257189137788,gemma,1,1.0,local,ROCM,AMD_Radeon_RX_7900_XT,True,1,0,0,0,0,0,0,0,1,14.170069,False,1000hz,14170.069,1,short,30000,True,canonical,0.5,1.0,0.3501658425234203,0.42512702831581134,1,2121,0.07057128656183678,14170069,14.170069
FAST_ONLY,AMD_Radeon_RX_7900_XT,openf1,0,1.0,0,0,0,low,extra_keys,low,168,144,gemma,0.31592383239036426,gemma,1,1.0,local,ROCM,AMD_Radeon_RX_7900_XT,True,1,1,0,0,0,0,0,0,0,15.009355,False,1000hz,15009.355,1,short,30000,True,canonical,0.5,1.0,0.35015656901978803,0.42511992520664615,2,2002,0.06662511480340094,15009355,15.009355
FAST_ONLY,AMD_Radeon_RX_7900_XT,openf1,0,1.0,0,0,0,low,value_contradiction,low,152,144,gemma,0.7136902466831683,gemma,1,1.0,local,ROCM,AMD_Radeon_RX_7900_XT,True,1,0,0,0,0,0,0,0,1,14.744233,False,1000hz,14744.233,1,short,30000,True,canonical,0.5,1.0,0.35015938435047794,0.4251220816301533,3,2038,0.0678231278629414,14744233,14.744233
FAST_ONLY,AMD_Radeon_RX_7900_XT,openf1,0,1.0,0,0,0,low,merged_fields,low,138,144,gemma,0.4608735948670918,gemma,1,1.0,local,ROCM,AMD_Radeon_RX_7900_XT,True,1,0,1,0,0,0,0,0,0,14.241077,False,1000hz,14241.077,1,short,30000,True,canonical,0.5,1.0,0.3501650156094234,0.42512639493487747,4,2110,0.07021940826525971,14241077,14.241077
FAST_ONLY,AMD_Radeon_RX_7900_XT,finnhub,0,1.0,0,0,0,high,missing_keys,high,132,154,json,0.10228031472680775,json,1,1.0,local,ROCM,AMD_Radeon_RX_7900_XT,True,1,0,0,1,0,0,0,0,0,0.023475,False,1mhz,23.475,1,short,30000,True,canonical,0.5,1.0,0.43521192758253463,0.4889105431309904,1,1875000000,42.598509052183175,23475,0.023475
FAST_ONLY,AMD_Radeon_RX_7900_XT,finnhub,0,1.0,0,0,0,high,renamed_keys,high,156,154,json,0.8846253562773517,json,1,1.0,local,ROCM,AMD_Radeon_RX_7900_XT,True,1,0,0,0,0,1,0,0,0,0.024301,False,1mhz,24.301,1,short,30000,True,canonical,0.5,1.0,0.4323155425702646,0.48673820007407104,2,1764705882,41.150569935393605,24301,0.024301
FAST_ONLY,AMD_Radeon_RX_7900_XT,finnhub,0,1.0,0,0,0,high,renamed_keys,high,156,154,json,0.7839005214712345,json,1,1.0,local,ROCM,AMD_Radeon_RX_7900_XT,True,1,0,0,0,0,1,0,0,0,0.024004,False,1mhz,24.004,1,short,30000,True,canonical,0.5,1.0,0.43333402766205636,0.487502082986169,3,1764705882,41.659723379436755,24004,0.024004
FAST_ONLY,AMD_Radeon_RX_7900_XT,finnhub,0,1.0,0,0,0,high,merged_fields,high,150,154,json,0.699910735553903,json,1,1.0,local,ROCM,AMD_Radeon_RX_7900_XT,True,1,0,1,0,0,0,0,0,0,0.026659,False,1mhz,26.659,1,short,30000,True,canonical,0.5,1.0,0.42503469747552425,0.4812774297610563,4,1200000000,37.51078435050077,26659,0.026659
FAST_ONLY,AMD_Radeon_RX_7900_XT,openmeteo,0,1.0,0,0,0,high,value_contradiction,high,178,179,json,0.5518127507909939,json,1,1.0,local,ROCM,AMD_Radeon_RX_7900_XT,True,1,0,0,0,0,0,0,0,1,0.024394,False,1mhz,24.394,1,short,30000,True,canonical,0.5,1.0,0.43200172173485285,0.4865028285644011,1,1304347826,40.993686972206284,24394,0.024394
FAST_ONLY,AMD_Radeon_RX_7900_XT,openmeteo,0,1.0,0,0,0,high,value_contradiction,high,193,179,json,0.24926355300180214,json,1,1.0,local,ROCM,AMD_Radeon_RX_7900_XT,True,1,0,0,0,0,0,0,0,1,0.024783,False,1mhz,24.783,1,short,30000,True,canonical,0.5,1.0,0.43071460275188644,0.48553746519791796,2,1428571428,40.3502400839285,24783,0.024783
FAST_ONLY,AMD_Radeon_RX_7900_XT,openmeteo,0,1.0,0,0,0,high,extra_keys,high,180,156,json,0.21891794464463327,json,1,1.0,local,ROCM,AMD_Radeon_RX_7900_XT,True,1,1,0,0,0,0,0,0,0,0.023814,False,1mhz,23.814,1,short,30000,True,canonical,0.5,1.0,0.43399890820525744,0.4880007558578987,3,2142857142,41.99210548416898,23814,0.023814
FAST_ONLY,AMD_Radeon_RX_7900_XT,openmeteo,0,1.0,0,0,0,high,type_mismatch,high,68,156,json,0.18296819722915567,json,1,1.0,local,ROCM,AMD_Radeon_RX_7900_XT,True,1,0,0,0,1,0,0,0,0,0.023699,False,1mhz,23.699,1,short,30000,True,canonical,0.5,1.0,0.43440651504282884,0.48830646862736826,4,1875000000,42.19587324359677,23699,0.023699
FAST_ONLY,AMD_Radeon_RX_7900_XT,spacex,0,1.0,0,0,0,high,nested_corruption,high,178,169,json,0.8974311097555397,json,1,1.0,local,ROCM,AMD_Radeon_RX_7900_XT,True,1,0,0,0,1,0,0,0,0,0.023325,False,1mhz,23.325,1,short,30000,True,canonical,0.5,1.0,0.43575991425509114,0.4893215434083601,1,1764705882,42.87245444801715,23325,0.023325
FAST_ONLY,AMD_Radeon_RX_7900_XT,spacex,0,1.0,0,0,0,high,type_mismatch,high,144,169,json,0.29272074757492894,json,1,1.0,local,ROCM,AMD_Radeon_RX_7900_XT,True,1,0,0,0,0,0,0,1,0,0.0254,False,1mhz,25.4,1,short,30000,True,canonical,0.5,1.0,0.42875393700787406,0.48406692913385824,2,1875000000,39.37007874015748,25400,0.0254
FAST_ONLY,AMD_Radeon_RX_7900_XT,spacex,0,1.0,0,0,0,high,renamed_keys,high,171,169,json,0.5525119617574931,json,1,1.0,local,ROCM,AMD_Radeon_RX_7900_XT,True,1,0,0,0,0,1,0,0,0,0.02403,False,1mhz,24.03,1,short,30000,True,canonical,0.5,1.0,0.4332438618393674,0.4874344569288389,3,1875000000,41.614648356221394,24030,0.02403
FAST_ONLY,AMD_Radeon_RX_7900_XT,spacex,0,1.0,0,0,0,high,renamed_keys,high,171,169,json,0.8869280192638668,json,1,1.0,local,ROCM,AMD_Radeon_RX_7900_XT,True,1,0,0,0,0,1,0,0,0,0.02236,False,1mhz,22.36,1,short,30000,True,canonical,0.5,1.0,0.43946109123434707,0.4920974955277281,4,1578947368,44.72271914132379,22360,0.02236
FAST_ONLY,AMD_Radeon_RX_7900_XT,openf1,0,1.0,0,0,0,high,missing_keys,high,116,144,json,0.5891909208009841,json,1,1.0,local,ROCM,AMD_Radeon_RX_7900_XT,True,1,0,0,1,0,0,0,0,0,0.025447,False,1mhz,25.447,1,short,30000,True,canonical,0.5,1.0,0.4286084803709671,0.48395783392934333,1,1875000000,39.29736314693284,25447,0.025447
FAST_ONLY,AMD_Radeon_RX_7900_XT,openf1,0,1.0,0,0,0,high,extra_keys,high,172,144,json,0.2995606285240383,json,1,1.0,local,ROCM,AMD_Radeon_RX_7900_XT,True,1,1,0,0,0,0,0,0,0,0.023179,False,1mhz,23.179,1,short,30000,True,canonical,0.5,1.0,0.43630009922774926,0.4897266922645498,2,2000000000,43.14249967643125,23179,0.023179
FAST_ONLY,AMD_Radeon_RX_7900_XT,openf1,0,1.0,0,0,0,high,split_fields,high,173,144,json,0.6373155292587531,json,1,1.0,local,ROCM,AMD_Radeon_RX_7900_XT,True,2,0,0,1,0,0,1,0,0,0.024579,False,1mhz,24.579,1,short,30000,True,canonical,0.5,1.0,0.43138451523658405,0.4860399121201025,3,1500000000,40.68513771919118,24579,0.024579
FAST_ONLY,AMD_Radeon_RX_7900_XT,openf1,0,1.0,0,0,0,high,split_fields,high,238,144,json,0.6975851534947581,json,1,1.0,local,ROCM,AMD_Radeon_RX_7900_XT,True,1,1,0,0,0,0,0,0,0,0.023423,False,1mhz,23.423,1,short,30000,True,canonical,0.5,1.0,0.43540110148144995,0.4890524271015668,4,1666666666,42.693079451820864,23423,0.023423
FAST_ONLY,AMD_Radeon_RX_7900_XT,finnhub,0,1.0,0,0,0,medium,renamed_keys,medium,156,154,json,0.44548039268455364,json,1,1.0,local,ROCM,AMD_Radeon_RX_7900_XT,True,1,0,0,0,0,1,0,0,0,0.023851,False,1mhz,23.851,1,short,30000,True,canonical,0.5,1.0,0.433868600897237,0.4879030229340489,1,833333333,41.926963230053246,23851,0.023851
FAST_ONLY,AMD_Radeon_RX_7900_XT,finnhub,0,1.0,0,0,0,medium,missing_keys,medium,132,154,json,0.20270033624528783,json,1,1.0,local,ROCM,AMD_Radeon_RX_7900_XT,True,1,0,0,1,0,0,0,0,0,0.023729,False,1mhz,23.729,1,short,30000,True,canonical,0.5,1.0,0.43429980193012774,0.4882264317923216,2,2000000000,42.14252602300982,23729,0.023729
FAST_ONLY,AMD_Radeon_RX_7900_XT,finnhub,0,1.0,0,0,0,medium,renamed_keys,medium,156,154,json,0.21355479327940322,json,1,1.0,local,ROCM,AMD_Radeon_RX_7900_XT,True,1,0,0,0,0,1,0,0,0,0.024261,False,1mhz,24.261,1,short,30000,True,canonical,0.5,1.0,0.43245125922262073,0.48683999010758006,3,1764705882,41.21841638844236,24261,0.024261
FAST_ONLY,AMD_Radeon_RX_7900_XT,finnhub,0,1.0,0,0,0,medium,split_fields,medium,183,154,json,0.8327430507932755,json,1,1.0,local,ROCM,AMD_Radeon_RX_7900_XT,True,2,0,0,1,0,0,1,0,0,0.023916,False,1mhz,23.916,1,short,30000,True,canonical,0.5,1.0,0.4336406589730724,0.48773206221776216,4,1666666666,41.81301220939957,23916,0.023916
FAST_ONLY,AMD_Radeon_RX_7900_XT,openmeteo,0,1.0,0,0,0,medium,value_contradiction,medium,170,156,json,0.8784230270775563,json,1,1.0,local,ROCM,AMD_Radeon_RX_7900_XT,True,1,0,0,0,0,0,0,0,1,0.023733,False,1mhz,23.733,1,short,30000,True,canonical,0.5,1.0,0.43428559389879073,0.48821577550246487,1,1764705882,42.13542325032655,23733,0.023733
FAST_ONLY,AMD_Radeon_RX_7900_XT,openmeteo,0,1.0,0,0,0,medium,type_mismatch,medium,154,156,json,0.10265288003242211,json,1,1.0,local,ROCM,AMD_Radeon_RX_7900_XT,True,1,0,0,0,0,0,0,1,0,0.024059,False,1mhz,24.059,1,short,30000,True,canonical,0.5,1.0,0.433143522174654,0.4873592002992643,2,2000000000,41.56448730204913,24059,0.024059
FAST_ONLY,AMD_Radeon_RX_7900_XT,openmeteo,0,1.0,0,0,0,medium,extra_keys,medium,184,156,json,0.46120836857158876,json,1,1.0,local,ROCM,AMD_Radeon_RX_7900_XT,True,1,1,0,0,0,0,0,0,0,0.023823,False,1mhz,23.823,1,short,30000,True,canonical,0.5,1.0,0.4339671745791882,0.4879769550434454,3,2142857142,41.976241447340804,23823,0.023823
FAST_ONLY,AMD_Radeon_RX_7900_XT,openmeteo,0,1.0,0,0,0,medium,split_fields,medium,274,156,json,0.741093128019728,json,1,1.0,local,ROCM,AMD_Radeon_RX_7900_XT,True,1,1,0,0,0,0,0,0,0,0.024264,False,1mhz,24.264,1,short,30000,True,canonical,0.5,1.0,0.4324410649521926,0.48683234421364985,4,1666666666,41.21332014507089,24264,0.024264
FAST_ONLY,AMD_Radeon_RX_7900_XT,spacex,0,1.0,0,0,0,medium,missing_keys,medium,68,169,json,0.6380000068560138,json,1,1.0,local,ROCM,AMD_Radeon_RX_7900_XT,True,1,0,0,1,0,0,0,0,0,0.023484,False,1mhz,23.484,1,short,30000,True,canonical,0.5,1.0,0.4351792709930165,0.4888860500766479,1,2142857142,42.582183614375744,23484,0.023484
FAST_ONLY,AMD_Radeon_RX_7900_XT,spacex,0,1.0,0,0,0,medium,split_fields,medium,194,169,json,0.5919914645924022,json,1,1.0,local,ROCM,AMD_Radeon_RX_7900_XT,True,2,0,0,1,0,0,1,0,0,0.023173,False,1mhz,23.173,1,short,30000,True,canonical,0.5,1.0,0.4363224442238813,0.48974345143054415,2,1666666666,43.153670219652184,23173,0.023173
FAST_ONLY,AMD_Radeon_RX_7900_XT,spacex,0,1.0,0,0,0,medium,value_contradiction,medium,169,169,json,0.6131049601960126,json,1,1.0,local,ROCM,AMD_Radeon_RX_7900_XT,True,1,0,0,0,0,0,0,0,1,0.023397,False,1mhz,23.397,1,short,30000,True,canonical,0.5,1.0,0.435496003761166,0.4891236055904603,3,1666666666,42.74052228918237,23397,0.023397
FAST_ONLY,AMD_Radeon_RX_7900_XT,spacex,0,1.0,0,0,0,medium,extra_keys,medium,196,169,json,0.5998717184838843,json,1,1.0,local,ROCM,AMD_Radeon_RX_7900_XT,True,1,1,0,0,0,0,0,0,0,0.022996,False,1mhz,22.996,1,short,30000,True,canonical,0.5,1.0,0.43698686728126634,0.4902417811793355,4,2142857142,43.48582362149939,22996,0.022996
FAST_ONLY,AMD_Radeon_RX_7900_XT,openf1,0,1.0,0,0,0,medium,nested_corruption,medium,153,144,json,0.2831923209017041,json,1,1.0,local,ROCM,AMD_Radeon_RX_7900_XT,True,1,0,0,0,1,0,0,0,0,0.02397,False,1mhz,23.97,1,short,30000,True,canonical,0.5,1.0,0.4334522319566124,0.48759073842302875,1,1666666666,41.71881518564872,23970,0.02397
FAST_ONLY,AMD_Radeon_RX_7900_XT,openf1,0,1.0,0,0,0,medium,nested_corruption,medium,157,144,json,0.3429574639888274,json,1,1.0,local,ROCM,AMD_Radeon_RX_7900_XT,True,2,0,0,1,0,0,1,0,0,0.024591,False,1mhz,24.591,1,short,30000,True,canonical,0.5,1.0,0.4313448009434346,0.48601012565572765,2,1578947368,40.665284047009074,24591,0.024591
FAST_ONLY,AMD_Radeon_RX_7900_XT,openf1,0,1.0,0,0,0,medium,value_contradiction,medium,144,144,json,0.23689153014238942,json,1,0.0,local,ROCM,AMD_Radeon_RX_7900_XT,False,0,0,0,0,0,0,0,0,0,0.024789,False,1mhz,24.789,1,short,30000,True,canonical,0.5,0.0,0.1806950663600791,0.18552281253781916,3,1875000000,40.340473597160035,24789,0.024789
FAST_ONLY,AMD_Radeon_RX_7900_XT,openf1,0,1.0,0,0,0,medium,renamed_keys,medium,146,144,json,0.6040476506944958,json,1,1.0,local,ROCM,AMD_Radeon_RX_7900_XT,True,1,0,0,0,0,1,0,0,0,0.023885,False,1mhz,23.885,1,short,30000,True,canonical,0.5,1.0,0.43374921498848645,0.48781348126439183,4,1666666666,41.86728072011723,23885,0.023885
FAST_ONLY,AMD_Radeon_RX_7900_XT,finnhub,0,1.0,0,0,0,low,merged_fields,low,150,154,json,0.33729019149719597,json,1,1.0,local,ROCM,AMD_Radeon_RX_7900_XT,True,1,0,1,0,0,0,0,0,0,0.023488,False,1mhz,23.488,1,short,30000,True,canonical,0.5,1.0,0.4351647649863761,0.4888751702997275,1,1304347826,42.57493188010899,23488,0.023488
FAST_ONLY,AMD_Radeon_RX_7900_XT,finnhub,0,1.0,0,0,0,low,renamed_keys,low,156,154,json,0.25876856319440744,json,1,1.0,local,ROCM,AMD_Radeon_RX_7900_XT,True,1,0,0,0,0,1,0,0,0,0.024444,False,1mhz,24.444,1,short,30000,True,canonical,0.5,1.0,0.4318339878906889,0.48637702503681884,2,1764705882,40.90983472426771,24444,0.024444
FAST_ONLY,AMD_Radeon_RX_7900_XT,finnhub,0,1.0,0,0,0,low,extra_keys,low,178,154,json,0.37561192926792664,json,1,1.0,local,ROCM,AMD_Radeon_RX_7900_XT,True,1,1,0,0,0,0,0,0,0,0.027604,False,1mhz,27.604,1,short,30000,True,canonical,0.5,1.0,0.42246594696420814,0.47935081872192437,3,2000000000,36.22663382118534,27604,0.027604
FAST_ONLY,AMD_Radeon_RX_7900_XT,finnhub,0,1.0,0,0,0,low,extra_keys,low,181,154,json,0.15057088914959246,json,1,1.0,local,ROCM,AMD_Radeon_RX_7900_XT,True,1,1,0,0,0,0,0,0,0,0.024748,False,1mhz,24.748,1,short,30000,True,canonical,0.5,1.0,0.430828753838694,0.48562308065298204,4,1875000000,40.40730564085987,24748,0.024748
FAST_ONLY,AMD_Radeon_RX_7900_XT,openmeteo,0,1.0,0,0,0,low,renamed_keys,low,158,156,json,0.6127843101304141,json,1,1.0,local,ROCM,AMD_Radeon_RX_7900_XT,True,1,0,0,0,0,1,0,0,0,0.025136,False,1mhz,25.136,1,short,30000,True,canonical,0.5,1.0,0.4295810789306175,0.48468730108211333,1,1764705882,39.78357733927435,25136,0.025136
FAST_ONLY,AMD_Radeon_RX_7900_XT,openmeteo,0,1.0,0,0,0,low,renamed_keys,low,160,156,json,0.6718705550495939,json,1,1.0,local,ROCM,AMD_Radeon_RX_7900_XT,True,2,1,0,1,0,0,0,0,0,0.02437,False,1mhz,24.37,1,short,30000,True,canonical,0.5,1.0,0.4320824784571194,0.4865633976200246,2,1764705882,41.03405826836274,24370,0.02437
FAST_ONLY,AMD_Radeon_RX_7900_XT,openmeteo,0,1.0,0,0,0,low,missing_keys,low,141,156,json,0.2218473452294365,json,1,1.0,local,ROCM,AMD_Radeon_RX_7900_XT,True,1,0,0,1,0,0,0,0,0,0.025471,False,1mhz,25.471,1,short,30000,True,canonical,0.5,1.0,0.42853441168387585,0.48390228102547994,3,2000000000,39.260335283263316,25471,0.025471
FAST_ONLY,AMD_Radeon_RX_7900_XT,openmeteo,0,1.0,0,0,0,low,merged_fields,low,152,156,json,0.8311143117080804,json,1,1.0,local,ROCM,AMD_Radeon_RX_7900_XT,True,1,0,1,0,0,0,0,0,0,0.024684,False,1mhz,24.684,1,short,30000,True,canonical,0.5,1.0,0.4310383244206774,0.4857802625182304,4,1363636363,40.512072597634095,24684,0.024684
FAST_ONLY,AMD_Radeon_RX_7900_XT,spacex,0,1.0,0,0,0,low,type_mismatch,low,144,169,json,0.5502472685065419,json,1,1.0,local,ROCM,AMD_Radeon_RX_7900_XT,True,1,0,0,0,0,0,0,1,0,0.027339,False,1mhz,27.339,1,short,30000,True,canonical,0.5,1.0,0.42316836753356013,0.47987764731701965,1,1000000000,36.577782654815465,27339,0.027339
FAST_ONLY,AMD_Radeon_RX_7900_XT,spacex,0,1.0,0,0,0,low,renamed_keys,low,171,169,json,0.4112115330103284,json,1,1.0,local,ROCM,AMD_Radeon_RX_7900_XT,True,1,0,0,0,0,1,0,0,0,0.023527,False,1mhz,23.527,1,short,30000,True,canonical,0.5,1.0,0.4350235899179665,0.488769286351851,2,1666666666,42.5043566965614,23527,0.023527
FAST_ONLY,AMD_Radeon_RX_7900_XT,spacex,0,1.0,0,0,0,low,renamed_keys,low,171,169,json,0.1541942401715983,json,1,1.0,local,ROCM,AMD_Radeon_RX_7900_XT,True,2,1,0,1,0,0,0,0,0,0.02499,False,1mhz,24.99,1,short,30000,True,canonical,0.5,1.0,0.430046018407363,0.4850360144057623,3,1578947368,40.016006402561025,24990,0.02499
FAST_ONLY,AMD_Radeon_RX_7900_XT,spacex,0,1.0,0,0,0,low,merged_fields,low,163,169,json,0.33564751204381454,json,1,1.0,local,ROCM,AMD_Radeon_RX_7900_XT,True,1,0,1,0,0,0,0,0,0,0.023696,False,1mhz,23.696,1,short,30000,True,canonical,0.5,1.0,0.43441720121539507,0.4883144834571235,4,1071428571,42.20121539500338,23696,0.023696
FAST_ONLY,AMD_Radeon_RX_7900_XT,openf1,0,1.0,0,0,0,low,renamed_keys,low,146,144,json,0.39094667399252303,json,1,1.0,local,ROCM,AMD_Radeon_RX_7900_XT,True,1,0,0,0,0,1,0,0,0,0.026474,False,1mhz,26.474,1,short,30000,True,canonical,0.5,1.0,0.4255590390571882,0.48167069577698873,1,1578947368,37.77290926947193,26474,0.026474
FAST_ONLY,AMD_Radeon_RX_7900_XT,openf1,0,1.0,0,0,0,low,split_fields,low,173,144,json,0.49692529418933173,json,1,1.0,local,ROCM,AMD_Radeon_RX_7900_XT,True,2,0,0,1,0,0,1,0,0,0.024279,False,1mhz,24.279,1,short,30000,True,canonical,0.5,1.0,0.43239013138926646,0.48679414308661806,2,1500000000,41.18785781951481,24279,0.024279
FAST_ONLY,AMD_Radeon_RX_7900_XT,openf1,0,1.0,0,0,0,low,value_contradiction,low,145,144,json,0.4322818745734661,json,1,1.0,local,ROCM,AMD_Radeon_RX_7900_XT,True,1,0,0,0,0,0,0,0,1,0.024883,False,1mhz,24.883,1,short,30000,True,canonical,0.5,1.0,0.4303902262588916,0.48529417674717673,3,1250000000,40.188080215408114,24883,0.024883
FAST_ONLY,AMD_Radeon_RX_7900_XT,openf1,0,1.0,0,0,0,low,merged_fields,low,138,144,json,0.7011177685531899,json,1,1.0,local,ROCM,AMD_Radeon_RX_7900_XT,True,1,0,1,0,0,0,0,0,0,0.025409,False,1mhz,25.409,1,short,30000,True,canonical,0.5,1.0,0.4287260419536385,0.4840460073202409,4,1500000000,39.356133653429886,25409,0.025409
FAST_ONLY,AMD_Radeon_RX_7900_XT,finnhub,0,1.0,0,0,0,high,split_fields,high,154,154,schema,0.20038713500752428,schema,1,0.0,local,ROCM,AMD_Radeon_RX_7900_XT,False,0,0,0,0,0,0,0,0,0,0.079504,False,1mhz,79.504,1,short,30000,True,canonical,0.5,0.0,0.1251603692895955,0.14387074864157778,1,1666666666,12.57798349768565,79504,0.079504
FAST_ONLY,AMD_Radeon_RX_7900_XT,finnhub,0,1.0,0,0,0,high,extra_keys,high,178,154,schema,0.43911954860352,schema,1,1.0,local,ROCM,AMD_Radeon_RX_7900_XT,True,1,1,0,0,0,0,0,0,0,0.025564,False,1mhz,25.564,1,short,30000,True,canonical,0.5,1.0,0.4282487091222031,0.4836879987482397,2,2142857142,39.117508997027066,25564,0.025564
FAST_ONLY,AMD_Radeon_RX_7900_XT,finnhub,0,1.0,0,0,0,high,extra_keys,high,181,154,schema,0.4147588078333925,schema,1,1.0,local,ROCM,AMD_Radeon_RX_7900_XT,True,1,1,0,0,0,0,0,0,0,0.023693,False,1mhz,23.693,1,short,30000,True,canonical,0.5,1.0,0.43442789009412064,0.4883225003165492,3,2142857142,42.20655889925295,23693,0.023693
FAST_ONLY,AMD_Radeon_RX_7900_XT,finnhub,0,1.0,0,0,0,high,split_fields,high,154,154,schema,0.40956705447072117,schema,1,0.0,local,ROCM,AMD_Radeon_RX_7900_XT,False,0,0,0,0,0,0,0,0,0,0.024359,False,1mhz,24.359,1,short,30000,True,canonical,0.5,0.0,0.18211954513732093,0.18659119832505439,4,1875000000,41.05258836569646,24359,0.024359
FAST_ONLY,AMD_Radeon_RX_7900_XT,openmeteo,0,1.0,0,0,0,high,extra_keys,high,180,156,schema,0.7771569494624974,schema,1,1.0,local,ROCM,AMD_Radeon_RX_7900_XT,True,1,1,0,0,0,0,0,0,0,0.024908,False,1mhz,24.908,1,short,30000,True,canonical,0.5,1.0,0.43030953910390235,0.48523365986831535,1,2142857142,40.14774369680424,24908,0.024908
FAST_ONLY,AMD_Radeon_RX_7900_XT,openmeteo,0,1.0,0,0,0,high,nested_corruption,high,165,156,schema,0.44681646916130113,schema,1,1.0,local,ROCM,AMD_Radeon_RX_7900_XT,True,1,0,0,0,1,0,0,0,0,0.02462,False,1mhz,24.62,1,short,30000,True,canonical,0.5,1.0,0.43124898456539396,0.4859382615759545,2,1666666666,40.61738424045492,24620,0.02462
FAST_ONLY,AMD_Radeon_RX_7900_XT,openmeteo,0,1.0,0,0,0,high,value_contradiction,high,156,156,schema,0.7805997121645797,schema,1,0.0,local,ROCM,AMD_Radeon_RX_7900_XT,False,0,0,0,0,0,0,0,0,0,0.024388,False,1mhz,24.388,1,short,30000,True,canonical,0.5,0.0,0.18202189601443336,0.186517959652288,3,2142857142,41.00377234705593,24388,0.024388
FAST_ONLY,AMD_Radeon_RX_7900_XT,openmeteo,0,1.0,0,0,0,high,merged_fields,high,156,156,schema,0.26934917253831947,schema,1,0.0,local,ROCM,AMD_Radeon_RX_7900_XT,False,0,0,0,0,0,0,0,0,0,0.025059,False,1mhz,25.059,1,short,30000,True,canonical,0.5,0.0,0.17982561155672613,0.1848707051358793,4,2142857142,39.905822259467655,25059,0.025059
FAST_ONLY,AMD_Radeon_RX_7900_XT,spacex,0,1.0,0,0,0,high,nested_corruption,high,178,169,schema,0.7537329918898761,schema,1,1.0,local,ROCM,AMD_Radeon_RX_7900_XT,True,1,0,0,0,1,0,0,0,0,0.023872,False,1mhz,23.872,1,short,30000,True,canonical,0.5,1.0,0.43379482238605904,0.48784768766756026,1,1875000000,41.89008042895442,23872,0.023872
FAST_ONLY,AMD_Radeon_RX_7900_XT,spacex,0,1.0,0,0,0,high,value_contradiction,high,169,169,schema,0.6896667566195784,schema,1,0.0,local,ROCM,AMD_Radeon_RX_7900_XT,False,0,0,0,0,0,0,0,0,0,0.023474,False,1mhz,23.474,1,short,30000,True,canonical,0.5,0.0,0.18521555763823805,0.18891326574081962,2,1363636363,42.6003237624606,23474,0.023474
FAST_ONLY,AMD_Radeon_RX_7900_XT,spacex,0,1.0,0,0,0,high,extra_keys,high,193,169,schema,0.38475454089480565,schema,1,1.0,local,ROCM,AMD_Radeon_RX_7900_XT,True,1,1,0,0,0,0,0,0,0,0.023844,False,1mhz,23.844,1,short,30000,True,canonical,0.5,1.0,0.4338932226136554,0.4879214896829391,3,2307692307,41.93927193423922,23844,0.023844
FAST_ONLY,AMD_Radeon_RX_7900_XT,spacex,0,1.0,0,0,0,high,extra_keys,high,197,169,schema,0.649374062822566,schema,1,1.0,local,ROCM,AMD_Radeon_RX_7900_XT,True,1,1,0,0,0,0,0,0,0,0.024916,False,1mhz,24.916,1,short,30000,True,canonical,0.5,1.0,0.4302837534114626,0.4852143201155884,4,1250000000,40.13485310643763,24916,0.024916
FAST_ONLY,AMD_Radeon_RX_7900_XT,openf1,0,1.0,0,0,0,high,split_fields,high,169,144,schema,0.3945555545720497,schema,1,1.0,local,ROCM,AMD_Radeon_RX_7900_XT,True,2,0,0,1,0,0,1,0,0,0.023868,False,1mhz,23.868,1,short,30000,True,canonical,0.5,1.0,0.43380886542651254,0.4878582202111614,1,1666666666,41.897100720630135,23868,0.023868
FAST_ONLY,AMD_Radeon_RX_7900_XT,openf1,0,1.0,0,0,0,high,merged_fields,high,144,144,schema,0.8468885509662949,schema,1,0.0,local,ROCM,AMD_Radeon_RX_7900_XT,False,0,0,0,0,0,0,0,0,0,0.024268,False,1mhz,24.268,1,short,30000,True,canonical,0.5,0.0,0.18242747651227956,0.18682215262897645,2,2000000000,41.206527113894836,24268,0.024268
FAST_ONLY,AMD_Radeon_RX_7900_XT,openf1,0,1.0,0,0,0,high,nested_corruption,high,153,144,schema,0.8068356877571122,schema,1,1.0,local,ROCM,AMD_Radeon_RX_7900_XT,True,1,0,0,0,1,0,0,0,0,0.024279,False,1mhz,24.279,1,short,30000,True,canonical,0.5,1.0,0.43239013138926646,0.48679414308661806,3,1764705882,41.18785781951481,24279,0.024279
FAST_ONLY,AMD_Radeon_RX_7900_XT,openf1,0,1.0,0,0,0,high,renamed_keys,high,146,144,schema,0.8629939253525827,schema,1,1.0,local,ROCM,AMD_Radeon_RX_7900_XT,True,1,0,0,0,0,1,0,0,0,0.024251,False,1mhz,24.251,1,short,30000,True,canonical,0.5,1.0,0.4324852583398623,0.48686549008288316,4,1875000000,41.23541297266092,24251,0.024251
FAST_ONLY,AMD_Radeon_RX_7900_XT,finnhub,0,1.0,0,0,0,medium,renamed_keys,medium,156,154,schema,0.6101641897004985,schema,1,1.0,local,ROCM,AMD_Radeon_RX_7900_XT,True,1,0,0,0,0,1,0,0,0,0.023848,False,1mhz,23.848,1,short,30000,True,canonical,0.5,1.0,0.4338791512915129,0.4879109359275411,1,2000000000,41.932237504193225,23848,0.023848
FAST_ONLY,AMD_Radeon_RX_7900_XT,finnhub,0,1.0,0,0,0,medium,nested_corruption,medium,163,154,schema,0.347658373144286,schema,1,1.0,local,ROCM,AMD_Radeon_RX_7900_XT,True,1,0,0,0,1,0,0,0,0,0.024235,False,1mhz,24.235,1,short,30000,True,canonical,0.5,1.0,0.43253971528780694,0.48690633381473075,2,1875000000,41.262636682484015,24235,0.024235
FAST_ONLY,AMD_Radeon_RX_7900_XT,finnhub,0,1.0,0,0,0,medium,merged_fields,medium,154,154,schema,0.5587332157656513,schema,1,0.0,local,ROCM,AMD_Radeon_RX_7900_XT,False,0,0,0,0,0,0,0,0,0,0.024687,False,1mhz,24.687,1,short,30000,True,canonical,0.5,0.0,0.18102847652610687,0.18577287641268683,3,2142857142,40.50714951188885,24687,0.024687
FAST_ONLY,AMD_Radeon_RX_7900_XT,finnhub,0,1.0,0,0,0,medium,renamed_keys,medium,156,154,schema,0.28116078310414816,schema,1,1.0,local,ROCM,AMD_Radeon_RX_7900_XT,True,1,0,0,0,0,1,0,0,0,0.024574,False,1mhz,24.574,1,short,30000,True,canonical,0.5,1.0,0.43140107430617725,0.48605233173272566,4,1363636363,40.6934158053227,24574,0.024574
FAST_ONLY,AMD_Radeon_RX_7900_XT,openmeteo,0,1.0,0,0,0,medium,extra_keys,medium,183,156,schema,0.21122358957486354,schema,1,1.0,local,ROCM,AMD_Radeon_RX_7900_XT,True,1,1,0,0,0,0,0,0,0,0.02432,False,1mhz,24.32,1,short,30000,True,canonical,0.5,1.0,0.4322512335526316,0.48668996710526313,1,2000000000,41.118421052631575,24320,0.02432
FAST_ONLY,AMD_Radeon_RX_7900_XT,openmeteo,0,1.0,0,0,0,medium,nested_corruption,medium,165,156,schema,0.869291681551973,schema,1,1.0,local,ROCM,AMD_Radeon_RX_7900_XT,True,1,0,0,0,1,0,0,0,0,0.047435,False,1mhz,47.435,1,short,30000,True,canonical,0.5,1.0,0.39217033835775267,0.4566285443238115,2,1875000000,21.081479919890377,47435,0.047435
FAST_ONLY,AMD_Radeon_RX_7900_XT,openmeteo,0,1.0,0,0,0,medium,type_mismatch,medium,144,156,schema,0.6901355213621627,schema,1,1.0,local,ROCM,AMD_Radeon_RX_7900_XT,True,1,0,0,0,0,0,0,1,0,0.02492,False,1mhz,24.92,1,short,30000,True,canonical,0.5,1.0,0.4302708667736758,0.4852046548956661,3,2142857142,40.12841091492777,24920,0.02492
FAST_ONLY,AMD_Radeon_RX_7900_XT,openmeteo,0,1.0,0,0,0,medium,type_mismatch,medium,144,156,schema,0.1687314268271111,schema,1,1.0,local,ROCM,AMD_Radeon_RX_7900_XT,True,1,0,0,0,0,0,0,1,0,0.025043,False,1mhz,25.043,1,short,30000,True,canonical,0.5,1.0,0.42987661222696966,0.48490895659465716,4,2307692307,39.93131813281156,25043,0.025043
FAST_ONLY,AMD_Radeon_RX_7900_XT,spacex,0,1.0,0,0,0,medium,type_mismatch,medium,154,169,schema,0.5748151081410579,schema,1,1.0,local,ROCM,AMD_Radeon_RX_7900_XT,True,1,0,0,0,0,0,0,1,0,0.024725,False,1mhz,24.725,1,short,30000,True,canonical,0.5,1.0,0.4309039433771486,0.4856794742163802,1,2000000000,40.44489383215369,24725,0.024725
FAST_ONLY,AMD_Radeon_RX_7900_XT,spacex,0,1.0,0,0,0,medium,split_fields,medium,169,169,schema,0.22707366154034425,schema,1,0.0,local,ROCM,AMD_Radeon_RX_7900_XT,False,0,0,0,0,0,0,0,0,0,0.024025,False,1mhz,24.025,1,short,30000,True,canonical,0.5,0.0,0.18326118626430804,0.18744745057232048,2,1666666666,41.62330905306972,24025,0.024025
FAST_ONLY,AMD_Radeon_RX_7900_XT,spacex,0,1.0,0,0,0,medium,missing_keys,medium,132,169,schema,0.6322561298154169,schema,1,1.0,local,ROCM,AMD_Radeon_RX_7900_XT,True,1,0,0,1,0,0,0,0,0,0.023841,False,1mhz,23.841,1,short,30000,True,canonical,0.5,1.0,0.43390377920389245,0.4879294073235183,3,2142857142,41.94454930581771,23841,0.023841
FAST_ONLY,AMD_Radeon_RX_7900_XT,spacex,0,1.0,0,0,0,medium,merged_fields,medium,169,169,schema,0.6298451908011885,schema,1,0.0,local,ROCM,AMD_Radeon_RX_7900_XT,False,0,0,0,0,0,0,0,0,0,0.024444,False,1mhz,24.444,1,short,30000,True,canonical,0.5,0.0,0.18183398789068894,0.18637702503681886,4,2142857142,40.90983472426771,24444,0.024444
FAST_ONLY,AMD_Radeon_RX_7900_XT,openf1,0,1.0,0,0,0,medium,extra_keys,medium,171,144,schema,0.4984981429043881,schema,1,1.0,local,ROCM,AMD_Radeon_RX_7900_XT,True,1,1,0,0,0,0,0,0,0,0.023775,False,1mhz,23.775,1,short,30000,True,canonical,0.5,1.0,0.4341366982124081,0.48810410094637224,1,2000000000,42.06098843322818,23775,0.023775
FAST_ONLY,AMD_Radeon_RX_7900_XT,openf1,0,1.0,0,0,0,medium,extra_keys,medium,172,144,schema,0.6372982531005053,schema,1,1.0,local,ROCM,AMD_Radeon_RX_7900_XT,True,1,1,0,0,0,0,0,0,0,0.025258,False,1mhz,25.258,1,short,30000,True,canonical,0.5,1.0,0.4291966901575739,0.4843990022963022,2,2000000000,39.591416580885266,25258,0.025258
FAST_ONLY,AMD_Radeon_RX_7900_XT,openf1,0,1.0,0,0,0,medium,type_mismatch,medium,132,144,schema,0.6551316348795628,schema,1,1.0,local,ROCM,AMD_Radeon_RX_7900_XT,True,1,0,0,0,0,0,0,1,0,0.024532,False,1mhz,24.532,1,short,30000,True,canonical,0.5,1.0,0.43154043698027067,0.4861568563508886,3,2000000000,40.76308495026903,24532,0.024532
FAST_ONLY,AMD_Radeon_RX_7900_XT,openf1,0,1.0,0,0,0,medium,nested_corruption,medium,153,144,schema,0.527671823704092,schema,1,1.0,local,ROCM,AMD_Radeon_RX_7900_XT,True,1,0,0,0,1,0,0,0,0,0.024746,False,1mhz,24.746,1,short,30000,True,canonical,0.5,1.0,0.4308352865109513,0.48562798027964116,4,1875000000,40.41057140547967,24746,0.024746
FAST_ONLY,AMD_Radeon_RX_7900_XT,finnhub,0,1.0,0,0,0,low,renamed_keys,low,156,154,schema,0.6624718094692412,schema,1,1.0,local,ROCM,AMD_Radeon_RX_7900_XT,True,1,0,0,0,0,1,0,0,0,0.024313,False,1mhz,24.313,1,short,30000,True,canonical,0.5,1.0,0.43227491465471146,0.48670772837576604,1,2000000000,41.13025953193765,24313,0.024313
FAST_ONLY,AMD_Radeon_RX_7900_XT,finnhub,0,1.0,0,0,0,low,merged_fields,low,154,154,schema,0.15039747209215212,schema,1,0.0,local,ROCM,AMD_Radeon_RX_7900_XT,False,0,0,0,0,0,0,0,0,0,0.024676,False,1mhz,24.676,1,short,30000,True,canonical,0.5,0.0,0.18106459717944562,0.18579996757983466,2,1363636363,40.52520667855406,24676,0.024676
FAST_ONLY,AMD_Radeon_RX_7900_XT,finnhub,0,1.0,0,0,0,low,missing_keys,low,138,154,schema,0.7651144090849819,schema,1,1.0,local,ROCM,AMD_Radeon_RX_7900_XT,True,1,0,0,1,0,0,0,0,0,0.024241,False,1mhz,24.241,1,short,30000,True,canonical,0.5,1.0,0.4325192855080236,0.4868910110969019,3,1153846153,41.252423579885324,24241,0.024241
FAST_ONLY,AMD_Radeon_RX_7900_XT,finnhub,0,1.0,0,0,0,low,type_mismatch,low,151,154,schema,0.6376110517506455,schema,1,1.0,local,ROCM,AMD_Radeon_RX_7900_XT,True,1,0,0,0,0,0,0,1,0,0.024982,False,1mhz,24.982,1,short,30000,True,canonical,0.5,1.0,0.43007165158914423,0.4850552397726363,4,2307692307,40.028820750940675,24982,0.024982
FAST_ONLY,AMD_Radeon_RX_7900_XT,openmeteo,0,1.0,0,0,0,low,renamed_keys,low,158,156,schema,0.23219035475980476,schema,1,1.0,local,ROCM,AMD_Radeon_RX_7900_XT,True,1,0,0,0,0,1,0,0,0,0.024185,False,1mhz,24.185,1,short,30000,True,canonical,0.5,1.0,0.43271035765970645,0.4870343187926401,1,2000000000,41.34794293983874,24185,0.024185
FAST_ONLY,AMD_Radeon_RX_7900_XT,openmeteo,0,1.0,0,0,0,low,merged_fields,low,156,156,schema,0.7621223065313643,schema,1,0.0,local,ROCM,AMD_Radeon_RX_7900_XT,False,0,0,0,0,0,0,0,0,0,0.025683,False,1mhz,25.683,1,short,30000,True,canonical,0.5,0.0,0.1778861503718413,0.18341607288868123,2,2000000000,38.936261340186114,25683,0.025683
FAST_ONLY,AMD_Radeon_RX_7900_XT,openmeteo,0,1.0,0,0,0,low,split_fields,low,156,156,schema,0.4967474245734099,schema,1,0.0,local,ROCM,AMD_Radeon_RX_7900_XT,False,0,0,0,0,0,0,0,0,0,0.024703,False,1mhz,24.703,1,short,30000,True,canonical,0.5,0.0,0.18097599481844312,0.1857335141480792,3,1875000000,40.48091324940291,24703,0.024703
FAST_ONLY,AMD_Radeon_RX_7900_XT,openmeteo,0,1.0,0,0,0,low,nested_corruption,low,165,156,schema,0.3709331176197659,schema,1,1.0,local,ROCM,AMD_Radeon_RX_7900_XT,True,1,0,0,0,1,0,0,0,0,0.024198,False,1mhz,24.198,1,short,30000,True,canonical,0.5,1.0,0.4326659228035375,0.48700099181750556,4,2000000000,41.325729399123894,24198,0.024198
FAST_ONLY,AMD_Radeon_RX_7900_XT,spacex,0,1.0,0,0,0,low,missing_keys,low,132,169,schema,0.3248350073488113,schema,1,1.0,local,ROCM,AMD_Radeon_RX_7900_XT,True,1,0,0,1,0,0,0,0,0,0.024842,False,1mhz,24.842,1,short,30000,True,canonical,0.5,1.0,0.4305229047580711,0.48539368810884786,1,2307692307,40.25440785766042,24842,0.024842
FAST_ONLY,AMD_Radeon_RX_7900_XT,spacex,0,1.0,0,0,0,low,split_fields,low,169,169,schema,0.7848257324297121,schema,1,0.0,local,ROCM,AMD_Radeon_RX_7900_XT,False,0,0,0,0,0,0,0,0,0,0.024756,False,1mhz,24.756,1,short,30000,True,canonical,0.5,0.0,0.1808026337049604,0.18560349006301502,2,1875000000,40.394247859104865,24756,0.024756
FAST_ONLY,AMD_Radeon_RX_7900_XT,spacex,0,1.0,0,0,0,low,extra_keys,low,193,169,schema,0.31172498173708363,schema,1,1.0,local,ROCM,AMD_Radeon_RX_7900_XT,True,1,1,0,0,0,0,0,0,0,0.023648,False,1mhz,23.648,1,short,30000,True,canonical,0.5,1.0,0.43458854871447905,0.48844299729364005,3,2142857142,42.28687415426252,23648,0.023648
FAST_ONLY,AMD_Radeon_RX_7900_XT,spacex,0,1.0,0,0,0,low,extra_keys,low,193,169,schema,0.34420446603045096,schema,1,1.0,local,ROCM,AMD_Radeon_RX_7900_XT,True,1,1,0,0,0,0,0,0,0,0.024195,False,1mhz,24.195,1,short,30000,True,canonical,0.5,1.0,0.43267617276296755,0.4870086794792312,4,2142857142,41.330853482124404,24195,0.024195
FAST_ONLY,AMD_Radeon_RX_7900_XT,openf1,0,1.0,0,0,0,low,value_contradiction,low,152,144,schema,0.46290327901624884,schema,1,1.0,local,ROCM,AMD_Radeon_RX_7900_XT,True,1,0,0,0,0,0,0,0,1,0.028955,False,1mhz,28.955,1,short,30000,True,canonical,0.5,1.0,0.4190847867380418,0.4768148851666379,1,2000000000,34.53634950785702,28955,0.028955
FAST_ONLY,AMD_Radeon_RX_7900_XT,openf1,0,1.0,0,0,0,low,split_fields,low,169,144,schema,0.7132640321704585,schema,1,1.0,local,ROCM,AMD_Radeon_RX_7900_XT,True,2,0,0,1,0,0,1,0,0,0.024501,False,1mhz,24.501,1,short,30000,True,canonical,0.5,1.0,0.4316436063834129,0.4862342353373331,2,1666666666,40.814660626096895,24501,0.024501
FAST_ONLY,AMD_Radeon_RX_7900_XT,openf1,0,1.0,0,0,0,low,missing_keys,low,116,144,schema,0.6672527586935273,schema,1,1.0,local,ROCM,AMD_Radeon_RX_7900_XT,True,1,0,0,1,0,0,0,0,0,0.025192,False,1mhz,25.192,1,short,30000,True,canonical,0.5,1.0,0.42940417592886637,0.48455462051444903,3,1875000000,39.69514131470308,25192,0.025192
FAST_ONLY,AMD_Radeon_RX_7900_XT,openf1,0,1.0,0,0,0,low,nested_corruption,low,157,144,schema,0.38667512379185465,schema,1,1.0,local,ROCM,AMD_Radeon_RX_7900_XT,True,2,0,0,1,0,0,1,0,0,0.024835,False,1mhz,24.835,1,short,30000,True,canonical,0.5,1.0,0.43054560096637806,0.4854107106905577,4,1578947368,40.265753976243204,24835,0.024835
FAST_ONLY,AMD_Radeon_RX_7900_XT,finnhub,0,1.0,0,0,0,high,merged_fields,high,152,154,gemma,0.5748953800774824,gemma,1,1.0,local,ROCM,AMD_Radeon_RX_7900_XT,True,1,0,1,0,0,0,0,0,0,15.811209,False,1mhz,15811.209,1,short,30000,True,canonical,0.5,1.0,0.3501265146770244,0.42509488837950343,1,1900,0.06324627041486834,15811209,15.811209
FAST_ONLY,AMD_Radeon_RX_7900_XT,finnhub,0,1.0,0,0,0,high,nested_corruption,high,163,154,gemma,0.6017792855782502,gemma,1,1.0,local,ROCM,AMD_Radeon_RX_7900_XT,True,1,0,0,0,1,0,0,0,0,15.490917,False,1mhz,15490.917,1,short,30000,True,canonical,0.5,1.0,0.3501291305091881,0.4250968503026645,2,1940,0.06455395765144181,15490917,15.490917
FAST_ONLY,AMD_Radeon_RX_7900_XT,finnhub,0,1.0,0,0,0,high,value_contradiction,high,162,154,gemma,0.43620679102273063,gemma,1,1.0,local,ROCM,AMD_Radeon_RX_7900_XT,True,1,0,0,0,0,0,0,0,1,15.945495,False,1mhz,15945.495,1,short,30000,True,canonical,0.5,1.0,0.3501254492256277,0.4250940892709822,3,1884,0.06271363792720139,15945495,15.945495
FAST_ONLY,AMD_Radeon_RX_7900_XT,openmeteo,0,1.0,0,0,0,high,type_mismatch,high,144,156,gemma,0.19351746592471164,gemma,1,1.0,local,ROCM,AMD_Radeon_RX_7900_XT,True,1,0,0,0,0,0,0,1,0,15.111027,False,1mhz,15111.027,1,short,30000,True,canonical,0.5,1.0,0.350132376839774,0.425099285111462,1,1998,0.0661768389401991,15111027,15.111027
FAST_ONLY,AMD_Radeon_RX_7900_XT,openmeteo,0,1.0,0,0,0,high,nested_corruption,high,165,156,gemma,0.8680822549791561,gemma,1,1.0,local,ROCM,AMD_Radeon_RX_7900_XT,True,1,0,0,0,1,0,0,0,0,15.588798,False,1mhz,15588.798,1,short,30000,True,canonical,0.5,1.0,0.3501283197075233,0.425096242186216,2,1927,0.06414862775179972,15588798,15.588798
FAST_ONLY,AMD_Radeon_RX_7900_XT,openmeteo,0,1.0,0,0,0,high,type_mismatch,high,144,156,gemma,0.23260871016291135,gemma,1,1.0,local,ROCM,AMD_Radeon_RX_7900_XT,True,1,0,0,0,0,0,0,1,0,15.113909,False,1mhz,15113.909,1,short,30000,True,canonical,0.5,1.0,0.35013235159745904,0.4250992661792525,3,1988,0.06616421999100298,15113909,15.113909
FAST_ONLY,AMD_Radeon_RX_7900_XT,openmeteo,0,1.0,0,0,0,high,split_fields,high,188,156,gemma,0.392692635559598,gemma,1,1.0,local,ROCM,AMD_Radeon_RX_7900_XT,True,2,0,0,1,0,0,1,0,0,15.156526,False,1mhz,15156.526,1,short,30000,True,canonical,0.5,1.0,0.35013197945228347,0.42509898706339433,4,1983,0.06597817996023628,15156526,15.156526
FAST_ONLY,AMD_Radeon_RX_7900_XT,spacex,0,1.0,0,0,0,high,value_contradiction,high,177,169,gemma,0.19575504503742672,gemma,1,1.0,local,ROCM,AMD_Radeon_RX_7900_XT,True,1,0,0,0,0,0,0,0,1,15.686217,False,1mhz,15686.217,1,short,30000,True,canonical,0.5,1.0,0.35012752278003034,0.42509564447565656,1,1915,0.06375023372429439,15686217,15.686217
FAST_ONLY,AMD_Radeon_RX_7900_XT,spacex,0,1.0,0,0,0,high,split_fields,high,205,169,gemma,0.42700893027138764,gemma,1,1.0,local,ROCM,AMD_Radeon_RX_7900_XT,True,1,1,0,0,0,0,0,0,0,15.215269,False,1mhz,15215.269,1,short,30000,True,canonical,0.5,1.0,0.3501314699069731,0.42509860489485923,2,1975,0.06572345188244783,15215269,15.215269
FAST_ONLY,AMD_Radeon_RX_7900_XT,spacex,0,1.0,0,0,0,high,value_contradiction,high,177,169,gemma,0.3873007792355345,gemma,1,1.0,local,ROCM,AMD_Radeon_RX_7900_XT,True,1,0,0,0,0,0,0,0,1,14.252444,False,1mhz,14252.444,1,short,30000,True,canonical,0.5,1.0,0.35014035136710586,0.42510526615645705,3,2109,0.07016340495707263,14252444,14.252444
FAST_ONLY,AMD_Radeon_RX_7900_XT,spacex,0,1.0,0,0,0,high,type_mismatch,high,154,169,gemma,0.5001094282757741,gemma,1,1.0,local,ROCM,AMD_Radeon_RX_7900_XT,True,1,0,0,0,0,0,0,1,0,13.951359,False,1mhz,13951.359,1,short,30000,True,canonical,0.5,1.0,0.3501433802972169,0.42510753791082284,4,2154,0.0716776050275819,13951359,13.951359
FAST_ONLY,AMD_Radeon_RX_7900_XT,openf1,0,1.0,0,0,0,high,value_contradiction,high,152,144,gemma,0.2817750261770463,gemma,1,1.0,local,ROCM,AMD_Radeon_RX_7900_XT,True,1,0,0,0,0,0,0,0,1,14.216124,False,1mhz,14216.124,1,short,30000,True,canonical,0.5,1.0,0.35014070994316027,0.42510553509522003,1,2114,0.07034266161437533,14216124,14.216124
FAST_ONLY,AMD_Radeon_RX_7900_XT,openf1,0,1.0,0,0,0,high,nested_corruption,high,153,144,gemma,0.3383103560477217,gemma,1,1.0,local,ROCM,AMD_Radeon_RX_7900_XT,True,1,0,0,0,1,0,0,0,0,14.300724,False,1mhz,14300.724,1,short,30000,True,canonical,0.5,1.0,0.35013987753347314,0.4251049107723497,2,2101,0.06992652959388629,14300724,14.300724
FAST_ONLY,AMD_Radeon_RX_7900_XT,openf1,0,1.0,0,0,0,high,missing_keys,high,116,144,gemma,0.8777348531204286,gemma,1,1.0,local,ROCM,AMD_Radeon_RX_7900_XT,True,1,0,0,1,0,0,0,0,0,14.42865,False,1mhz,14428.65,1,short,30000,True,canonical,0.5,1.0,0.350138637363856,0.4251039806218877,3,2082,0.0693065532811455,14428650,14.42865
FAST_ONLY,AMD_Radeon_RX_7900_XT,openf1,0,1.0,0,0,0,high,type_mismatch,high,80,144,gemma,0.7066847357482698,gemma,1,1.0,local,ROCM,AMD_Radeon_RX_7900_XT,True,1,0,0,0,1,0,0,0,0,14.807889,False,1mhz,14807.889,1,short,30000,True,canonical,0.5,1.0,0.35013508677705507,0.42510131761522524,4,2029,0.06753157050272325,14807889,14.807889
FAST_ONLY,AMD_Radeon_RX_7900_XT,finnhub,0,1.0,0,0,0,medium,value_contradiction,medium,162,154,gemma,0.6904810695420064,gemma,1,1.0,local,ROCM,AMD_Radeon_RX_7900_XT,True,1,0,0,0,0,0,0,0,1,14.258258,False,1mhz,14258.258,1,short,30000,True,canonical,0.5,1.0,0.35014029413691344,0.4251052232327399,2,2119,0.07013479486764793,14258258,14.258258
FAST_ONLY,AMD_Radeon_RX_7900_XT,finnhub,0,1.0,0,0,0,medium,merged_fields,medium,150,154,gemma,0.8917509809780374,gemma,1,1.0,local,ROCM,AMD_Radeon_RX_7900_XT,True,1,0,1,0,0,0,0,0,0,14.457578,False,1mhz,14457.578,1,short,30000,True,canonical,0.5,1.0,0.3501383599659639,0.42510377256826837,3,2078,0.06916787860317959,14457578,14.457578
FAST_ONLY,AMD_Radeon_RX_7900_XT,finnhub,0,1.0,0,0,0,medium,nested_corruption,medium,194,154,gemma,0.8669487814322803,gemma,1,1.0,local,ROCM,AMD_Radeon_RX_7900_XT,True,2,0,0,1,0,0,1,0,0,14.619669,False,1mhz,14619.669,1,short,30000,True,canonical,0.5,1.0,0.3501368259431865,0.42510262202242743,4,2055,0.06840100141802116,14619669,14.619669
FAST_ONLY,AMD_Radeon_RX_7900_XT,openmeteo,0,1.0,0,0,0,medium,missing_keys,medium,141,156,gemma,0.8068291804197337,gemma,1,1.0,local,ROCM,AMD_Radeon_RX_7900_XT,True,1,0,0,1,0,0,0,0,0,14.157468,False,1mhz,14157.468,1,short,30000,True,canonical,0.5,1.0,0.3501412929204572,0.4251059723391217,2,2134,0.07063409926125208,14157468,14.157468
FAST_ONLY,AMD_Radeon_RX_7900_XT,openmeteo,0,1.0,0,0,0,medium,nested_corruption,medium,187,156,gemma,0.4806028345134855,gemma,1,1.0,local,ROCM,AMD_Radeon_RX_7900_XT,True,2,0,0,1,0,0,1,0,0,14.273296,False,1mhz,14273.296,1,short,30000,True,canonical,0.5,1.0,0.35014014632639856,0.42510511237208276,3,2106,0.07006090254136116,14273296,14.273296
FAST_ONLY,AMD_Radeon_RX_7900_XT,openmeteo,0,1.0,0,0,0,medium,extra_keys,medium,184,156,gemma,0.352070249524689,gemma,1,1.0,local,ROCM,AMD_Radeon_RX_7900_XT,True,1,1,0,0,0,0,0,0,0,14.206374,False,1mhz,14206.374,1,short,30000,True,canonical,0.5,1.0,0.35014080651403384,0.4251056075251855,4,2115,0.07039093860263006,14206374,14.206374
FAST_ONLY,AMD_Radeon_RX_7900_XT,spacex,0,1.0,0,0,0,medium,merged_fields,medium,163,169,gemma,0.7860914546880593,gemma,1,1.0,local,ROCM,AMD_Radeon_RX_7900_XT,True,1,0,1,0,0,0,0,0,0,14.149821,False,1mhz,14149.821,1,short,30000,True,canonical,0.5,1.0,0.35014136927951245,0.4251060296098445,1,2124,0.07067227210860123,14149821,14.149821
FAST_ONLY,AMD_Radeon_RX_7900_XT,spacex,0,1.0,0,0,0,medium,missing_keys,medium,68,169,gemma,0.2583825068792096,gemma,1,1.0,local,ROCM,AMD_Radeon_RX_7900_XT,True,1,0,0,1,0,0,0,0,0,14.096352,False,1mhz,14096.352,1,short,30000,True,canonical,0.5,1.0,0.3501419055086026,0.4251064317917146,2,2132,0.07094033974179986,14096352,14.096352
FAST_ONLY,AMD_Radeon_RX_7900_XT,spacex,0,1.0,0,0,0,medium,type_mismatch,medium,93,169,gemma,0.8539992033207178,gemma,1,1.0,local,ROCM,AMD_Radeon_RX_7900_XT,True,1,0,0,0,1,0,0,0,0,14.167718,False,1mhz,14167.718,1,short,30000,True,canonical,0.5,1.0,0.35014119069845967,0.42510589567070717,3,2121,0.07058299720533681,14167718,14.167718
FAST_ONLY,AMD_Radeon_RX_7900_XT,spacex,0,1.0,0,0,0,medium,value_contradiction,medium,177,169,gemma,0.38987166635613957,gemma,1,1.0,local,ROCM,AMD_Radeon_RX_7900_XT,True,1,0,0,0,0,0,0,0,1,14.065806,False,1mhz,14065.806,1,short,30000,True,canonical,0.5,1.0,0.3501422136776236,0.4251066629242576,4,2136,0.07109439729227035,14065806,14.065806
FAST_ONLY,AMD_Radeon_RX_7900_XT,openf1,0,1.0,0,0,0,medium,value_contradiction,medium,152,144,gemma,0.5225973276633219,gemma,1,1.0,local,ROCM,AMD_Radeon_RX_7900_XT,True,1,0,0,0,0,0,0,0,1,14.092271,False,1mhz,14092.271,1,short,30000,True,canonical,0.5,1.0,0.3501419466032125,0.4251064626134425,1,2133,0.07096088345164524,14092271,14.092271
FAST_ONLY,AMD_Radeon_RX_7900_XT,openf1,0,1.0,0,0,0,medium,extra_keys,medium,172,144,gemma,0.426451168750298,gemma,1,1.0,local,ROCM,AMD_Radeon_RX_7900_XT,True,1,1,0,0,0,0,0,0,0,14.095574,False,1mhz,14095.574,1,short,30000,True,canonical,0.5,1.0,0.3501419133410246,0.42510643766617806,2,2132,0.07094425526764643,14095574,14.095574
FAST_ONLY,AMD_Radeon_RX_7900_XT,openf1,0,1.0,0,0,0,medium,nested_corruption,medium,157,144,gemma,0.6405189453346274,gemma,1,1.0,local,ROCM,AMD_Radeon_RX_7900_XT,True,2,0,0,1,0,0,1,0,0,14.047405,False,1mhz,14047.405,1,short,30000,True,canonical,0.5,1.0,0.35014239996639945,0.42510680264433176,3,2139,0.07118752538280203,14047405,14.047405
FAST_ONLY,AMD_Radeon_RX_7900_XT,openf1,0,1.0,0,0,0,medium,value_contradiction,medium,152,144,gemma,0.793168912608922,gemma,1,1.0,local,ROCM,AMD_Radeon_RX_7900_XT,True,1,0,0,0,0,0,0,0,1,14.106119,False,1mhz,14106.119,1,short,30000,True,canonical,0.5,1.0,0.3501418072540009,0.42510635809892144,4,2130,0.07089122103677135,14106119,14.106119
FAST_ONLY,AMD_Radeon_RX_7900_XT,finnhub,0,1.0,0,0,0,low,value_contradiction,low,166,154,gemma,0.37155830070714235,gemma,1,1.0,local,ROCM,AMD_Radeon_RX_7900_XT,True,1,0,0,0,0,0,0,0,1,14.426242,False,1mhz,14426.242,1,short,30000,True,canonical,0.5,1.0,0.3501386605049326,0.42510399797812903,1,2083,0.06931812179498999,14426242,14.426242
FAST_ONLY,AMD_Radeon_RX_7900_XT,finnhub,0,1.0,0,0,0,low,missing_keys,low,38,154,gemma,0.19774697718998235,gemma,1,1.0,local,ROCM,AMD_Radeon_RX_7900_XT,True,1,0,0,1,0,0,0,0,0,14.407293,False,1mhz,14407.293,1,short,30000,True,canonical,0.5,1.0,0.35013884287631275,0.4251041347600829,3,2094,0.06940929153033815,14407293,14.407293
FAST_ONLY,AMD_Radeon_RX_7900_XT,finnhub,0,1.0,0,0,0,low,split_fields,low,181,154,gemma,0.14322619216636545,gemma,1,1.0,local,ROCM,AMD_Radeon_RX_7900_XT,True,1,1,0,0,0,0,0,0,0,14.114243,False,1mhz,14114.243,1,short,30000,True,canonical,0.5,1.0,0.35014172563133567,0.42510629688039236,4,2129,0.07085041684488498,14114243,14.114243
FAST_ONLY,AMD_Radeon_RX_7900_XT,openmeteo,0,1.0,0,0,0,low,split_fields,low,189,156,gemma,0.3825401218218004,gemma,1,1.0,local,ROCM,AMD_Radeon_RX_7900_XT,True,1,1,0,0,0,0,0,0,0,14.465994,False,1mhz,14465.994,1,short,30000,True,canonical,0.5,1.0,0.3501382794711514,0.42510371219565,1,2077,0.06912763823903148,14465994,14.465994
FAST_ONLY,AMD_Radeon_RX_7900_XT,openmeteo,0,1.0,0,0,0,low,merged_fields,low,154,156,gemma,0.3260397844226775,gemma,1,1.0,local,ROCM,AMD_Radeon_RX_7900_XT,True,1,0,1,0,0,0,0,0,0,14.307632,False,1mhz,14307.632,1,short,30000,True,canonical,0.5,1.0,0.3501398099979088,0.4251048601194104,2,2100,0.06989276772005319,14307632,14.307632
FAST_ONLY,AMD_Radeon_RX_7900_XT,openmeteo,0,1.0,0,0,0,low,value_contradiction,low,164,156,gemma,0.14619273608037853,gemma,1,1.0,local,ROCM,AMD_Radeon_RX_7900_XT,True,1,0,0,0,0,0,0,0,1,14.481234,False,1mhz,14481.234,1,short,30000,True,canonical,0.5,1.0,0.3501381339463198,0.4251036030492981,3,2075,0.069054888554387,14481234,14.481234
FAST_ONLY,AMD_Radeon_RX_7900_XT,openmeteo,0,1.0,0,0,0,low,missing_keys,low,141,156,gemma,0.6427696041629045,gemma,1,1.0,local,ROCM,AMD_Radeon_RX_7900_XT,True,1,0,0,1,0,0,0,0,0,15.241127,False,1mhz,15241.127,1,short,30000,True,canonical,0.5,1.0,0.3501312468559576,0.4250984376024161,4,1972,0.06561194588825353,15241127,15.241127
FAST_ONLY,AMD_Radeon_RX_7900_XT,spacex,0,1.0,0,0,0,low,nested_corruption,low,182,169,gemma,0.5235794819698539,gemma,1,1.0,local,ROCM,AMD_Radeon_RX_7900_XT,True,2,0,0,1,0,0,1,0,0,14.360031,False,1mhz,14360.031,1,short,30000,True,canonical,0.5,1.0,0.35013929983855885,0.4251044774903341,1,2093,0.06963773267620384,14360031,14.360031
FAST_ONLY,AMD_Radeon_RX_7900_XT,spacex,0,1.0,0,0,0,low,extra_keys,low,197,169,gemma,0.28609675756623903,gemma,1,1.0,local,ROCM,AMD_Radeon_RX_7900_XT,True,1,1,0,0,0,0,0,0,0,14.325795,False,1mhz,14325.795,1,short,30000,True,canonical,0.5,1.0,0.35013963273940474,0.42510472717220926,2,2098,0.06980415397539892,14325795,14.325795
FAST_ONLY,AMD_Radeon_RX_7900_XT,spacex,0,1.0,0,0,0,low,nested_corruption,low,182,169,gemma,0.46874659652021833,gemma,1,1.0,local,ROCM,AMD_Radeon_RX_7900_XT,True,2,0,0,1,0,0,1,0,0,14.077918,False,1mhz,14077.918,1,short,30000,True,canonical,0.5,1.0,0.35014209132344715,0.4251065711563315,3,2135,0.0710332309081499,14077918,14.077918
FAST_ONLY,AMD_Radeon_RX_7900_XT,spacex,0,1.0,0,0,0,low,extra_keys,low,196,169,gemma,0.31474421354052307,gemma,1,1.0,local,ROCM,AMD_Radeon_RX_7900_XT,True,1,1,0,0,0,0,0,0,0,14.19678,False,1mhz,14196.78,1,short,30000,True,canonical,0.5,1.0,0.35014090166925177,0.42510567889338285,4,2116,0.07043850788699972,14196780,14.19678
FAST_ONLY,AMD_Radeon_RX_7900_XT,openf1,0,1.0,0,0,0,low,missing_keys,low,116,144,gemma,0.21632301066518142,gemma,1,1.0,local,ROCM,AMD_Radeon_RX_7900_XT,True,1,0,0,1,0,0,0,0,0,14.275595,False,1mhz,14275.595,1,short,30000,True,canonical,0.5,1.0,0.35014012375666304,0.425105095444358,3,2116,0.07004961964807772,14275595,14.275595
FAST_ONLY,AMD_Radeon_RX_7900_XT,openf1,0,1.0,0,0,0,low,type_mismatch,low,132,144,gemma,0.8461888746262732,gemma,1,1.0,local,ROCM,AMD_Radeon_RX_7900_XT,True,1,0,0,0,0,0,0,1,0,14.233605,False,1mhz,14233.605,1,short,30000,True,canonical,0.5,1.0,0.3501405371302632,0.4251054054823075,4,2111,0.07025627028430254,14233605,14.233605
