timestamp,packet_idx,source,driver_number,chaos_method,chaos_sub_type,reconciler,accuracy,latency_ms,mapped_fields,unmapped_fields
2026-07-16T20:52:48.195704,31,openf1,1,json_manip,default_value_inject,bert,0.0,0.018,[],"['date', 'driver_number', 'rpm', 'speed', 'gear', 'throttle', 'brake', 'drs', 'n_gear', 'session_key']"
2026-07-16T20:52:48.196714,32,openf1,1,json_manip,outlier_injection,bert,0.0,0.018,[],"['date', 'driver_number', 'rpm', 'speed', 'gear', 'throttle', 'brake', 'drs', 'n_gear', 'session_key']"
2026-07-16T20:52:48.196741,43,openf1,1,json_manip,array_expansion,bert,0.0,0.018,[],"['date', 'driver_number', 'rpm', 'speed', 'gear', 'throttle', 'brake', 'drs', 'n_gear', 'session_key']"
2026-07-16T20:52:48.196764,49,openf1,1,json_manip,variable_drop,bert,0.0,0.018,[],"['date', 'driver_number', 'rpm', 'speed', 'gear', 'throttle', 'brake', 'drs', 'n_gear', 'session_key']"
2026-07-16T20:52:48.196812,55,openf1,1,json_manip,field_join,bert,0.0,0.005,[],"['date', 'driver_number', 'rpm', 'speed', 'gear', 'throttle', 'brake', 'drs', 'n_gear', 'session_key']"
2026-07-16T20:52:48.196827,57,openf1,1,json_manip,field_join,bert,0.0,0.005,[],"['date', 'driver_number', 'rpm', 'speed', 'gear', 'throttle', 'brake', 'drs', 'n_gear', 'session_key']"
2026-07-16T20:52:48.196843,66,openf1,1,json_manip,array_expansion,bert,0.0,0.005,[],"['date', 'driver_number', 'rpm', 'speed', 'gear', 'throttle', 'brake', 'drs', 'n_gear', 'session_key']"
2026-07-16T20:52:48.196856,67,openf1,1,json_manip,scalar_to_array,bert,0.0,0.005,[],"['date', 'driver_number', 'rpm', 'speed', 'gear', 'throttle', 'brake', 'drs', 'n_gear', 'session_key']"
2026-07-16T20:52:48.196903,72,openf1,1,json_manip,array_expansion,bert,0.0,0.005,[],"['date', 'driver_number', 'rpm', 'speed', 'gear', 'throttle', 'brake', 'drs', 'n_gear', 'session_key']"
2026-07-16T20:52:48.196917,89,openf1,1,json_manip,array_to_scalar,bert,0.0,0.005,[],"['date', 'driver_number', 'rpm', 'speed', 'gear', 'throttle', 'brake', 'drs', 'n_gear', 'session_key']"
2026-07-16T20:52:48.196930,91,openf1,1,json_manip,array_expansion,bert,0.0,0.005,[],"['date', 'driver_number', 'rpm', 'speed', 'gear', 'throttle', 'brake', 'drs', 'n_gear', 'session_key']"
2026-07-16T20:52:48.196942,113,openf1,1,json_manip,outlier_injection,bert,0.0,0.005,[],"['date', 'driver_number', 'rpm', 'speed', 'gear', 'throttle', 'brake', 'drs', 'n_gear', 'session_key']"
2026-07-16T20:52:48.196970,121,openf1,1,json_manip,field_merge_value,bert,0.0,0.002,[],"['date', 'driver_number', 'rpm', 'speed', 'gear', 'throttle', 'brake', 'drs', 'n_gear', 'session_key']"
2026-07-16T20:52:48.196983,123,openf1,1,json_manip,field_split,bert,0.0,0.002,[],"['date', 'driver_number', 'rpm', 'speed', 'gear', 'throttle', 'brake', 'drs', 'n_gear', 'session_key']"
2026-07-16T20:52:48.196995,127,openf1,1,json_manip,variable_drop,bert,0.0,0.002,[],"['date', 'driver_number', 'rpm', 'speed', 'gear', 'throttle', 'brake', 'drs', 'n_gear', 'session_key']"
2026-07-16T20:52:48.197013,137,openf1,1,json_manip,field_merge_value,bert,0.0,0.002,[],"['date', 'driver_number', 'rpm', 'speed', 'gear', 'throttle', 'brake', 'drs', 'n_gear', 'session_key']"
2026-07-16T20:52:48.197051,139,openf1,1,json_manip,array_expansion,bert,0.0,0.003,[],"['date', 'driver_number', 'rpm', 'speed', 'gear', 'throttle', 'brake', 'drs', 'n_gear', 'session_key']"
2026-07-16T20:52:48.197064,149,openf1,1,json_manip,field_split,bert,0.0,0.003,[],"['date', 'driver_number', 'rpm', 'speed', 'gear', 'throttle', 'brake', 'drs', 'n_gear', 'session_key']"
2026-07-16T20:52:48.197076,162,openf1,1,json_manip,null_injection,bert,0.0,0.003,[],"['date', 'driver_number', 'rpm', 'speed', 'gear', 'throttle', 'brake', 'drs', 'n_gear', 'session_key']"
2026-07-16T20:52:48.197089,164,openf1,1,json_manip,field_merge_value,bert,0.0,0.003,[],"['date', 'driver_number', 'rpm', 'speed', 'gear', 'throttle', 'brake', 'drs', 'n_gear', 'session_key']"
2026-07-16T20:52:48.197127,165,openf1,1,json_manip,scalar_to_array,bert,0.0,0.004,[],"['date', 'driver_number', 'rpm', 'speed', 'gear', 'throttle', 'brake', 'drs', 'n_gear', 'session_key']"
2026-07-16T20:52:48.197140,176,openf1,1,json_manip,field_join,bert,0.0,0.004,[],"['date', 'driver_number', 'rpm', 'speed', 'gear', 'throttle', 'brake', 'drs', 'n_gear', 'session_key']"
2026-07-16T20:52:48.197153,190,openf1,1,json_manip,field_join,bert,0.0,0.004,[],"['date', 'driver_number', 'rpm', 'speed', 'gear', 'throttle', 'brake', 'drs', 'n_gear', 'session_key']"
2026-07-16T20:52:48.197165,198,openf1,1,json_manip,variable_drop,bert,0.0,0.004,[],"['date', 'driver_number', 'rpm', 'speed', 'gear', 'throttle', 'brake', 'drs', 'n_gear', 'session_key']"
2026-07-16T20:52:48.197194,200,openf1,1,json_manip,default_value_inject,bert,0.0,0.002,[],"['date', 'driver_number', 'rpm', 'speed', 'gear', 'throttle', 'brake', 'drs', 'n_gear', 'session_key']"
2026-07-16T20:52:48.197207,201,openf1,1,json_manip,variable_drop,bert,0.0,0.002,[],"['date', 'driver_number', 'rpm', 'speed', 'gear', 'throttle', 'brake', 'drs', 'n_gear', 'session_key']"
2026-07-16T20:52:48.197219,203,openf1,1,json_manip,field_join,bert,0.0,0.002,[],"['date', 'driver_number', 'rpm', 'speed', 'gear', 'throttle', 'brake', 'drs', 'n_gear', 'session_key']"
2026-07-16T20:52:48.197231,206,openf1,1,json_manip,scalar_to_array,bert,0.0,0.002,[],"['date', 'driver_number', 'rpm', 'speed', 'gear', 'throttle', 'brake', 'drs', 'n_gear', 'session_key']"
2026-07-16T20:52:48.197269,215,openf1,1,json_manip,default_value_inject,bert,0.0,0.004,[],"['date', 'driver_number', 'rpm', 'speed', 'gear', 'throttle', 'brake', 'drs', 'n_gear', 'session_key']"
2026-07-16T20:52:48.197282,224,openf1,1,json_manip,field_merge_value,bert,0.0,0.004,[],"['date', 'driver_number', 'rpm', 'speed', 'gear', 'throttle', 'brake', 'drs', 'n_gear', 'session_key']"
2026-07-16T20:52:48.197295,255,openf1,1,json_manip,outlier_injection,bert,0.0,0.004,[],"['date', 'driver_number', 'rpm', 'speed', 'gear', 'throttle', 'brake', 'drs', 'n_gear', 'session_key']"
2026-07-16T20:52:48.197307,259,openf1,1,json_manip,scalar_to_array,bert,0.0,0.004,[],"['date', 'driver_number', 'rpm', 'speed', 'gear', 'throttle', 'brake', 'drs', 'n_gear', 'session_key']"
2026-07-16T20:52:48.197346,269,openf1,1,json_manip,default_value_inject,bert,0.0,0.003,[],"['date', 'driver_number', 'rpm', 'speed', 'gear', 'throttle', 'brake', 'drs', 'n_gear', 'session_key']"
2026-07-16T20:52:48.197361,281,openf1,1,json_manip,field_join,bert,0.0,0.003,[],"['date', 'driver_number', 'rpm', 'speed', 'gear', 'throttle', 'brake', 'drs', 'n_gear', 'session_key']"
2026-07-16T20:52:48.197375,284,openf1,1,json_manip,field_split,bert,0.0,0.003,[],"['date', 'driver_number', 'rpm', 'speed', 'gear', 'throttle', 'brake', 'drs', 'n_gear', 'session_key']"
2026-07-16T20:52:48.197390,296,openf1,1,json_manip,array_expansion,bert,0.0,0.003,[],"['date', 'driver_number', 'rpm', 'speed', 'gear', 'throttle', 'brake', 'drs', 'n_gear', 'session_key']"
2026-07-16T20:52:48.197423,303,openf1,1,json_manip,array_expansion,bert,0.0,0.003,[],"['date', 'driver_number', 'rpm', 'speed', 'gear', 'throttle', 'brake', 'drs', 'n_gear', 'session_key']"
2026-07-16T20:52:48.197436,309,openf1,1,json_manip,duplicate_field_inject,bert,0.0,0.003,[],"['date', 'driver_number', 'rpm', 'speed', 'gear', 'throttle', 'brake', 'drs', 'n_gear', 'session_key']"
2026-07-16T20:52:48.197448,316,openf1,1,json_manip,duplicate_field_inject,bert,0.0,0.003,[],"['date', 'driver_number', 'rpm', 'speed', 'gear', 'throttle', 'brake', 'drs', 'n_gear', 'session_key']"
2026-07-16T20:52:48.197462,336,openf1,1,json_manip,outlier_injection,bert,0.0,0.003,[],"['date', 'driver_number', 'rpm', 'speed', 'gear', 'throttle', 'brake', 'drs', 'n_gear', 'session_key']"
2026-07-16T20:52:48.197502,353,openf1,1,json_manip,null_injection,bert,0.0,0.004,[],"['date', 'driver_number', 'rpm', 'speed', 'gear', 'throttle', 'brake', 'drs', 'n_gear', 'session_key']"
2026-07-16T20:52:48.197515,359,openf1,1,json_manip,field_split,bert,0.0,0.004,[],"['date', 'driver_number', 'rpm', 'speed', 'gear', 'throttle', 'brake', 'drs', 'n_gear', 'session_key']"
2026-07-16T20:52:48.197529,366,openf1,1,json_manip,outlier_injection,bert,0.0,0.004,[],"['date', 'driver_number', 'rpm', 'speed', 'gear', 'throttle', 'brake', 'drs', 'n_gear', 'session_key']"
2026-07-16T20:52:48.197698,367,openf1,1,json_manip,outlier_injection,bert,0.0,0.004,[],"['date', 'driver_number', 'rpm', 'speed', 'gear', 'throttle', 'brake', 'drs', 'n_gear', 'session_key']"
2026-07-16T20:52:48.197749,373,openf1,1,json_manip,default_value_inject,bert,0.0,0.003,[],"['date', 'driver_number', 'rpm', 'speed', 'gear', 'throttle', 'brake', 'drs', 'n_gear', 'session_key']"
2026-07-16T20:52:48.197767,378,openf1,1,json_manip,null_injection,bert,0.0,0.003,[],"['date', 'driver_number', 'rpm', 'speed', 'gear', 'throttle', 'brake', 'drs', 'n_gear', 'session_key']"
2026-07-16T20:52:48.197782,379,openf1,1,json_manip,field_split,bert,0.0,0.003,[],"['date', 'driver_number', 'rpm', 'speed', 'gear', 'throttle', 'brake', 'drs', 'n_gear', 'session_key']"
2026-07-16T20:52:48.197795,382,openf1,1,json_manip,field_join,bert,0.0,0.003,[],"['date', 'driver_number', 'rpm', 'speed', 'gear', 'throttle', 'brake', 'drs', 'n_gear', 'session_key']"
2026-07-16T20:52:48.197834,396,openf1,1,json_manip,outlier_injection,bert,0.0,0.003,[],"['date', 'driver_number', 'rpm', 'speed', 'gear', 'throttle', 'brake', 'drs', 'n_gear', 'session_key']"
2026-07-16T20:52:48.197850,399,openf1,1,json_manip,variable_drop,bert,0.0,0.003,[],"['date', 'driver_number', 'rpm', 'speed', 'gear', 'throttle', 'brake', 'drs', 'n_gear', 'session_key']"
2026-07-16T20:52:48.197863,404,openf1,1,json_manip,outlier_injection,bert,0.0,0.003,[],"['date', 'driver_number', 'rpm', 'speed', 'gear', 'throttle', 'brake', 'drs', 'n_gear', 'session_key']"
2026-07-16T20:52:48.197880,405,openf1,1,json_manip,outlier_injection,bert,0.0,0.003,[],"['date', 'driver_number', 'rpm', 'speed', 'gear', 'throttle', 'brake', 'drs', 'n_gear', 'session_key']"
2026-07-16T20:52:48.197920,420,openf1,1,json_manip,variable_drop,bert,0.0,0.005,[],"['date', 'driver_number', 'rpm', 'speed', 'gear', 'throttle', 'brake', 'drs', 'n_gear', 'session_key']"
2026-07-16T20:52:48.197938,450,openf1,1,json_manip,variable_drop,bert,0.0,0.005,[],"['date', 'driver_number', 'rpm', 'speed', 'gear', 'throttle', 'brake', 'drs', 'n_gear', 'session_key']"
2026-07-16T20:52:48.197951,451,openf1,1,json_manip,null_injection,bert,0.0,0.005,[],"['date', 'driver_number', 'rpm', 'speed', 'gear', 'throttle', 'brake', 'drs', 'n_gear', 'session_key']"
2026-07-16T20:52:48.197964,458,openf1,1,json_manip,field_join,bert,0.0,0.005,[],"['date', 'driver_number', 'rpm', 'speed', 'gear', 'throttle', 'brake', 'drs', 'n_gear', 'session_key']"
2026-07-16T20:52:48.198005,470,openf1,1,json_manip,scalar_to_array,bert,0.0,0.004,[],"['date', 'driver_number', 'rpm', 'speed', 'gear', 'throttle', 'brake', 'drs', 'n_gear', 'session_key']"
2026-07-16T20:52:48.198019,474,openf1,1,json_manip,field_split,bert,0.0,0.004,[],"['date', 'driver_number', 'rpm', 'speed', 'gear', 'throttle', 'brake', 'drs', 'n_gear', 'session_key']"
2026-07-16T20:52:48.198032,512,openf1,1,json_manip,field_join,bert,0.0,0.004,[],"['date', 'driver_number', 'rpm', 'speed', 'gear', 'throttle', 'brake', 'drs', 'n_gear', 'session_key']"
2026-07-16T20:52:48.198044,513,openf1,1,json_manip,duplicate_field_inject,bert,0.0,0.004,[],"['date', 'driver_number', 'rpm', 'speed', 'gear', 'throttle', 'brake', 'drs', 'n_gear', 'session_key']"
2026-07-16T20:52:48.198083,521,openf1,1,json_manip,array_to_scalar,bert,0.0,0.004,[],"['date', 'driver_number', 'rpm', 'speed', 'gear', 'throttle', 'brake', 'drs', 'n_gear', 'session_key']"
2026-07-16T20:52:48.198097,522,openf1,1,json_manip,default_value_inject,bert,0.0,0.004,[],"['date', 'driver_number', 'rpm', 'speed', 'gear', 'throttle', 'brake', 'drs', 'n_gear', 'session_key']"
2026-07-16T20:52:48.198112,546,openf1,1,json_manip,outlier_injection,bert,0.0,0.004,[],"['date', 'driver_number', 'rpm', 'speed', 'gear', 'throttle', 'brake', 'drs', 'n_gear', 'session_key']"
2026-07-16T20:52:48.198126,547,openf1,1,json_manip,null_injection,bert,0.0,0.004,[],"['date', 'driver_number', 'rpm', 'speed', 'gear', 'throttle', 'brake', 'drs', 'n_gear', 'session_key']"
2026-07-16T20:52:48.198160,552,openf1,1,json_manip,duplicate_field_inject,bert,0.0,0.004,[],"['date', 'driver_number', 'rpm', 'speed', 'gear', 'throttle', 'brake', 'drs', 'n_gear', 'session_key']"
2026-07-16T20:52:48.198173,557,openf1,1,json_manip,null_injection,bert,0.0,0.004,[],"['date', 'driver_number', 'rpm', 'speed', 'gear', 'throttle', 'brake', 'drs', 'n_gear', 'session_key']"
2026-07-16T20:52:48.198186,559,openf1,1,json_manip,outlier_injection,bert,0.0,0.004,[],"['date', 'driver_number', 'rpm', 'speed', 'gear', 'throttle', 'brake', 'drs', 'n_gear', 'session_key']"
2026-07-16T20:52:48.198198,570,openf1,1,json_manip,outlier_injection,bert,0.0,0.004,[],"['date', 'driver_number', 'rpm', 'speed', 'gear', 'throttle', 'brake', 'drs', 'n_gear', 'session_key']"
2026-07-16T20:52:48.198234,585,openf1,1,json_manip,outlier_injection,bert,0.0,0.004,[],"['date', 'driver_number', 'rpm', 'speed', 'gear', 'throttle', 'brake', 'drs', 'n_gear', 'session_key']"
2026-07-16T20:52:48.198247,590,openf1,1,json_manip,array_expansion,bert,0.0,0.004,[],"['date', 'driver_number', 'rpm', 'speed', 'gear', 'throttle', 'brake', 'drs', 'n_gear', 'session_key']"
2026-07-16T20:52:48.198260,592,openf1,1,json_manip,outlier_injection,bert,0.0,0.004,[],"['date', 'driver_number', 'rpm', 'speed', 'gear', 'throttle', 'brake', 'drs', 'n_gear', 'session_key']"
2026-07-16T20:52:48.198275,604,openf1,1,json_manip,field_join,bert,0.0,0.004,[],"['date', 'driver_number', 'rpm', 'speed', 'gear', 'throttle', 'brake', 'drs', 'n_gear', 'session_key']"
2026-07-16T20:52:48.198312,616,openf1,1,json_manip,array_to_scalar,bert,0.0,0.004,[],"['date', 'driver_number', 'rpm', 'speed', 'gear', 'throttle', 'brake', 'drs', 'n_gear', 'session_key']"
2026-07-16T20:52:48.198325,623,openf1,1,json_manip,null_injection,bert,0.0,0.004,[],"['date', 'driver_number', 'rpm', 'speed', 'gear', 'throttle', 'brake', 'drs', 'n_gear', 'session_key']"
2026-07-16T20:52:48.198337,629,openf1,1,json_manip,duplicate_field_inject,bert,0.0,0.004,[],"['date', 'driver_number', 'rpm', 'speed', 'gear', 'throttle', 'brake', 'drs', 'n_gear', 'session_key']"
2026-07-16T20:52:48.198351,633,openf1,1,json_manip,outlier_injection,bert,0.0,0.004,[],"['date', 'driver_number', 'rpm', 'speed', 'gear', 'throttle', 'brake', 'drs', 'n_gear', 'session_key']"
2026-07-16T20:52:48.198390,640,openf1,1,json_manip,default_value_inject,bert,0.0,0.004,[],"['date', 'driver_number', 'rpm', 'speed', 'gear', 'throttle', 'brake', 'drs', 'n_gear', 'session_key']"
2026-07-16T20:52:48.198405,651,openf1,1,json_manip,outlier_injection,bert,0.0,0.004,[],"['date', 'driver_number', 'rpm', 'speed', 'gear', 'throttle', 'brake', 'drs', 'n_gear', 'session_key']"
2026-07-16T20:52:48.198419,660,openf1,1,json_manip,null_injection,bert,0.0,0.004,[],"['date', 'driver_number', 'rpm', 'speed', 'gear', 'throttle', 'brake', 'drs', 'n_gear', 'session_key']"
2026-07-16T20:52:48.198431,672,openf1,1,json_manip,default_value_inject,bert,0.0,0.004,[],"['date', 'driver_number', 'rpm', 'speed', 'gear', 'throttle', 'brake', 'drs', 'n_gear', 'session_key']"
2026-07-16T20:52:48.198465,676,openf1,1,json_manip,field_join,bert,0.0,0.003,[],"['date', 'driver_number', 'rpm', 'speed', 'gear', 'throttle', 'brake', 'drs', 'n_gear', 'session_key']"
2026-07-16T20:52:48.198480,703,openf1,1,json_manip,field_join,bert,0.0,0.003,[],"['date', 'driver_number', 'rpm', 'speed', 'gear', 'throttle', 'brake', 'drs', 'n_gear', 'session_key']"
2026-07-16T20:52:48.198493,707,openf1,1,json_manip,scalar_to_array,bert,0.0,0.003,[],"['date', 'driver_number', 'rpm', 'speed', 'gear', 'throttle', 'brake', 'drs', 'n_gear', 'session_key']"
2026-07-16T20:52:48.198506,725,openf1,1,json_manip,scalar_to_array,bert,0.0,0.003,[],"['date', 'driver_number', 'rpm', 'speed', 'gear', 'throttle', 'brake', 'drs', 'n_gear', 'session_key']"
2026-07-16T20:52:48.198544,737,openf1,1,json_manip,outlier_injection,bert,0.0,0.004,[],"['date', 'driver_number', 'rpm', 'speed', 'gear', 'throttle', 'brake', 'drs', 'n_gear', 'session_key']"
2026-07-16T20:52:48.198579,748,openf1,1,json_manip,array_to_scalar,bert,0.0,0.004,[],"['date', 'driver_number', 'rpm', 'speed', 'gear', 'throttle', 'brake', 'drs', 'n_gear', 'session_key']"
2026-07-16T20:52:48.198593,759,openf1,1,json_manip,field_merge_value,bert,0.0,0.004,[],"['date', 'driver_number', 'rpm', 'speed', 'gear', 'throttle', 'brake', 'drs', 'n_gear', 'session_key']"
2026-07-16T20:52:48.198612,765,openf1,1,json_manip,scalar_to_array,bert,0.0,0.004,[],"['date', 'driver_number', 'rpm', 'speed', 'gear', 'throttle', 'brake', 'drs', 'n_gear', 'session_key']"
2026-07-16T20:52:48.198648,768,openf1,1,json_manip,array_to_scalar,bert,0.0,0.004,[],"['date', 'driver_number', 'rpm', 'speed', 'gear', 'throttle', 'brake', 'drs', 'n_gear', 'session_key']"
2026-07-16T20:52:48.198663,769,openf1,1,json_manip,variable_drop,bert,0.0,0.004,[],"['date', 'driver_number', 'rpm', 'speed', 'gear', 'throttle', 'brake', 'drs', 'n_gear', 'session_key']"
2026-07-16T20:52:48.198679,778,openf1,1,json_manip,field_join,bert,0.0,0.004,[],"['date', 'driver_number', 'rpm', 'speed', 'gear', 'throttle', 'brake', 'drs', 'n_gear', 'session_key']"
2026-07-16T20:52:48.198691,809,openf1,1,json_manip,variable_drop,bert,0.0,0.004,[],"['date', 'driver_number', 'rpm', 'speed', 'gear', 'throttle', 'brake', 'drs', 'n_gear', 'session_key']"
2026-07-16T20:52:48.198725,811,openf1,1,json_manip,field_merge_value,bert,0.0,0.004,[],"['date', 'driver_number', 'rpm', 'speed', 'gear', 'throttle', 'brake', 'drs', 'n_gear', 'session_key']"
2026-07-16T20:52:48.198738,812,openf1,1,json_manip,default_value_inject,bert,0.0,0.004,[],"['date', 'driver_number', 'rpm', 'speed', 'gear', 'throttle', 'brake', 'drs', 'n_gear', 'session_key']"
2026-07-16T20:52:48.198755,845,openf1,1,json_manip,array_expansion,bert,0.0,0.004,[],"['date', 'driver_number', 'rpm', 'speed', 'gear', 'throttle', 'brake', 'drs', 'n_gear', 'session_key']"
2026-07-16T20:52:48.198768,849,openf1,1,json_manip,field_merge_value,bert,0.0,0.004,[],"['date', 'driver_number', 'rpm', 'speed', 'gear', 'throttle', 'brake', 'drs', 'n_gear', 'session_key']"
2026-07-16T20:52:48.198802,879,openf1,1,json_manip,field_merge_value,bert,0.0,0.003,[],"['date', 'driver_number', 'rpm', 'speed', 'gear', 'throttle', 'brake', 'drs', 'n_gear', 'session_key']"
2026-07-16T20:52:48.198815,888,openf1,1,json_manip,field_split,bert,0.0,0.003,[],"['date', 'driver_number', 'rpm', 'speed', 'gear', 'throttle', 'brake', 'drs', 'n_gear', 'session_key']"
2026-07-16T20:52:48.198827,890,openf1,1,json_manip,array_expansion,bert,0.0,0.003,[],"['date', 'driver_number', 'rpm', 'speed', 'gear', 'throttle', 'brake', 'drs', 'n_gear', 'session_key']"
2026-07-16T20:52:48.198842,897,openf1,1,json_manip,array_expansion,bert,0.0,0.003,[],"['date', 'driver_number', 'rpm', 'speed', 'gear', 'throttle', 'brake', 'drs', 'n_gear', 'session_key']"
2026-07-16T20:52:48.198879,903,openf1,1,json_manip,array_to_scalar,bert,0.0,0.005,[],"['date', 'driver_number', 'rpm', 'speed', 'gear', 'throttle', 'brake', 'drs', 'n_gear', 'session_key']"
2026-07-16T20:52:48.198892,906,openf1,1,json_manip,default_value_inject,bert,0.0,0.005,[],"['date', 'driver_number', 'rpm', 'speed', 'gear', 'throttle', 'brake', 'drs', 'n_gear', 'session_key']"
2026-07-16T20:52:48.198906,913,openf1,1,json_manip,field_merge_value,bert,0.0,0.005,[],"['date', 'driver_number', 'rpm', 'speed', 'gear', 'throttle', 'brake', 'drs', 'n_gear', 'session_key']"
2026-07-16T20:52:48.198919,914,openf1,1,json_manip,field_join,bert,0.0,0.005,[],"['date', 'driver_number', 'rpm', 'speed', 'gear', 'throttle', 'brake', 'drs', 'n_gear', 'session_key']"
2026-07-16T20:52:48.198954,922,openf1,1,json_manip,duplicate_field_inject,bert,0.0,0.004,[],"['date', 'driver_number', 'rpm', 'speed', 'gear', 'throttle', 'brake', 'drs', 'n_gear', 'session_key']"
2026-07-16T20:52:48.198967,944,openf1,1,json_manip,array_expansion,bert,0.0,0.004,[],"['date', 'driver_number', 'rpm', 'speed', 'gear', 'throttle', 'brake', 'drs', 'n_gear', 'session_key']"
2026-07-16T20:52:48.198981,946,openf1,1,json_manip,field_join,bert,0.0,0.004,[],"['date', 'driver_number', 'rpm', 'speed', 'gear', 'throttle', 'brake', 'drs', 'n_gear', 'session_key']"
2026-07-16T20:52:48.198993,953,openf1,1,json_manip,field_merge_value,bert,0.0,0.004,[],"['date', 'driver_number', 'rpm', 'speed', 'gear', 'throttle', 'brake', 'drs', 'n_gear', 'session_key']"
2026-07-16T20:52:48.199030,966,openf1,1,json_manip,array_expansion,bert,0.0,0.004,[],"['date', 'driver_number', 'rpm', 'speed', 'gear', 'throttle', 'brake', 'drs', 'n_gear', 'session_key']"
2026-07-16T20:52:48.199043,993,openf1,1,json_manip,array_to_scalar,bert,0.0,0.004,[],"['date', 'driver_number', 'rpm', 'speed', 'gear', 'throttle', 'brake', 'drs', 'n_gear', 'session_key']"
2026-07-16T20:52:48.199059,1019,openf1,1,json_manip,field_join,bert,0.0,0.004,[],"['date', 'driver_number', 'rpm', 'speed', 'gear', 'throttle', 'brake', 'drs', 'n_gear', 'session_key']"
2026-07-16T20:52:48.199075,1026,openf1,1,json_manip,field_merge_value,bert,0.0,0.004,[],"['date', 'driver_number', 'rpm', 'speed', 'gear', 'throttle', 'brake', 'drs', 'n_gear', 'session_key']"
2026-07-16T20:52:48.199108,1027,openf1,1,json_manip,default_value_inject,bert,0.0,0.003,[],"['date', 'driver_number', 'rpm', 'speed', 'gear', 'throttle', 'brake', 'drs', 'n_gear', 'session_key']"
2026-07-16T20:52:48.199121,1037,openf1,1,json_manip,array_to_scalar,bert,0.0,0.003,[],"['date', 'driver_number', 'rpm', 'speed', 'gear', 'throttle', 'brake', 'drs', 'n_gear', 'session_key']"
2026-07-16T20:52:48.199133,1047,openf1,1,json_manip,field_join,bert,0.0,0.003,[],"['date', 'driver_number', 'rpm', 'speed', 'gear', 'throttle', 'brake', 'drs', 'n_gear', 'session_key']"
2026-07-16T20:52:48.199146,1051,openf1,1,json_manip,array_to_scalar,bert,0.0,0.003,[],"['date', 'driver_number', 'rpm', 'speed', 'gear', 'throttle', 'brake', 'drs', 'n_gear', 'session_key']"
2026-07-16T20:52:48.199177,1055,openf1,1,json_manip,array_to_scalar,bert,0.0,0.003,[],"['date', 'driver_number', 'rpm', 'speed', 'gear', 'throttle', 'brake', 'drs', 'n_gear', 'session_key']"
2026-07-16T20:52:48.199192,1059,openf1,1,json_manip,default_value_inject,bert,0.0,0.003,[],"['date', 'driver_number', 'rpm', 'speed', 'gear', 'throttle', 'brake', 'drs', 'n_gear', 'session_key']"
2026-07-16T20:52:48.199205,1067,openf1,1,json_manip,array_to_scalar,bert,0.0,0.003,[],"['date', 'driver_number', 'rpm', 'speed', 'gear', 'throttle', 'brake', 'drs', 'n_gear', 'session_key']"
2026-07-16T20:52:48.199225,1078,openf1,1,json_manip,field_join,bert,0.0,0.003,[],"['date', 'driver_number', 'rpm', 'speed', 'gear', 'throttle', 'brake', 'drs', 'n_gear', 'session_key']"
2026-07-16T20:52:48.199263,1113,openf1,1,json_manip,field_join,bert,0.0,0.005,[],"['date', 'driver_number', 'rpm', 'speed', 'gear', 'throttle', 'brake', 'drs', 'n_gear', 'session_key']"
2026-07-16T20:52:48.199278,1119,openf1,1,json_manip,array_to_scalar,bert,0.0,0.005,[],"['date', 'driver_number', 'rpm', 'speed', 'gear', 'throttle', 'brake', 'drs', 'n_gear', 'session_key']"
2026-07-16T20:52:48.199290,1128,openf1,1,json_manip,field_merge_value,bert,0.0,0.005,[],"['date', 'driver_number', 'rpm', 'speed', 'gear', 'throttle', 'brake', 'drs', 'n_gear', 'session_key']"
2026-07-16T20:52:48.199302,1136,openf1,1,json_manip,outlier_injection,bert,0.0,0.005,[],"['date', 'driver_number', 'rpm', 'speed', 'gear', 'throttle', 'brake', 'drs', 'n_gear', 'session_key']"
2026-07-16T20:52:48.199336,1142,openf1,1,json_manip,field_merge_value,bert,0.0,0.004,[],"['date', 'driver_number', 'rpm', 'speed', 'gear', 'throttle', 'brake', 'drs', 'n_gear', 'session_key']"
2026-07-16T20:52:48.199353,1153,openf1,1,json_manip,outlier_injection,bert,0.0,0.004,[],"['date', 'driver_number', 'rpm', 'speed', 'gear', 'throttle', 'brake', 'drs', 'n_gear', 'session_key']"
2026-07-16T20:52:48.199368,1163,openf1,1,json_manip,default_value_inject,bert,0.0,0.004,[],"['date', 'driver_number', 'rpm', 'speed', 'gear', 'throttle', 'brake', 'drs', 'n_gear', 'session_key']"
2026-07-16T20:52:48.199397,1170,openf1,1,json_manip,array_to_scalar,bert,0.0,0.004,[],"['date', 'driver_number', 'rpm', 'speed', 'gear', 'throttle', 'brake', 'drs', 'n_gear', 'session_key']"
2026-07-16T20:52:48.199446,1208,openf1,1,json_manip,array_expansion,bert,0.0,0.006,[],"['date', 'driver_number', 'rpm', 'speed', 'gear', 'throttle', 'brake', 'drs', 'n_gear', 'session_key']"
2026-07-16T20:52:48.199461,1210,openf1,1,json_manip,field_split,bert,0.0,0.006,[],"['date', 'driver_number', 'rpm', 'speed', 'gear', 'throttle', 'brake', 'drs', 'n_gear', 'session_key']"
2026-07-16T20:52:48.199474,1221,openf1,1,json_manip,array_to_scalar,bert,0.0,0.006,[],"['date', 'driver_number', 'rpm', 'speed', 'gear', 'throttle', 'brake', 'drs', 'n_gear', 'session_key']"
2026-07-16T20:52:48.199490,1238,openf1,1,json_manip,field_split,bert,0.0,0.006,[],"['date', 'driver_number', 'rpm', 'speed', 'gear', 'throttle', 'brake', 'drs', 'n_gear', 'session_key']"
2026-07-16T20:52:48.199524,1239,openf1,1,json_manip,null_injection,bert,0.0,0.004,[],"['date', 'driver_number', 'rpm', 'speed', 'gear', 'throttle', 'brake', 'drs', 'n_gear', 'session_key']"
2026-07-16T20:52:48.199537,1242,openf1,1,json_manip,null_injection,bert,0.0,0.004,[],"['date', 'driver_number', 'rpm', 'speed', 'gear', 'throttle', 'brake', 'drs', 'n_gear', 'session_key']"
2026-07-16T20:52:48.199549,1260,openf1,1,json_manip,default_value_inject,bert,0.0,0.004,[],"['date', 'driver_number', 'rpm', 'speed', 'gear', 'throttle', 'brake', 'drs', 'n_gear', 'session_key']"
2026-07-16T20:52:48.199562,1261,openf1,1,json_manip,null_injection,bert,0.0,0.004,[],"['date', 'driver_number', 'rpm', 'speed', 'gear', 'throttle', 'brake', 'drs', 'n_gear', 'session_key']"
2026-07-16T20:52:48.199594,1265,openf1,1,json_manip,outlier_injection,bert,0.0,0.003,[],"['date', 'driver_number', 'rpm', 'speed', 'gear', 'throttle', 'brake', 'drs', 'n_gear', 'session_key']"
2026-07-16T20:52:48.199608,1267,openf1,1,json_manip,variable_drop,bert,0.0,0.003,[],"['date', 'driver_number', 'rpm', 'speed', 'gear', 'throttle', 'brake', 'drs', 'n_gear', 'session_key']"
2026-07-16T20:52:48.199622,1268,openf1,1,json_manip,field_split,bert,0.0,0.003,[],"['date', 'driver_number', 'rpm', 'speed', 'gear', 'throttle', 'brake', 'drs', 'n_gear', 'session_key']"
2026-07-16T20:52:48.199637,1278,openf1,1,json_manip,variable_drop,bert,0.0,0.003,[],"['date', 'driver_number', 'rpm', 'speed', 'gear', 'throttle', 'brake', 'drs', 'n_gear', 'session_key']"
2026-07-16T20:52:48.199692,1282,openf1,1,json_manip,scalar_to_array,bert,0.0,0.005,[],"['date', 'driver_number', 'rpm', 'speed', 'gear', 'throttle', 'brake', 'drs', 'n_gear', 'session_key']"
2026-07-16T20:52:48.199705,1295,openf1,1,json_manip,default_value_inject,bert,0.0,0.005,[],"['date', 'driver_number', 'rpm', 'speed', 'gear', 'throttle', 'brake', 'drs', 'n_gear', 'session_key']"
2026-07-16T20:52:48.199720,1332,openf1,1,json_manip,default_value_inject,bert,0.0,0.005,[],"['date', 'driver_number', 'rpm', 'speed', 'gear', 'throttle', 'brake', 'drs', 'n_gear', 'session_key']"
2026-07-16T20:52:48.199733,1345,openf1,1,json_manip,array_to_scalar,bert,0.0,0.005,[],"['date', 'driver_number', 'rpm', 'speed', 'gear', 'throttle', 'brake', 'drs', 'n_gear', 'session_key']"
2026-07-16T20:52:48.199762,1349,openf1,1,json_manip,duplicate_field_inject,bert,0.0,0.003,[],"['date', 'driver_number', 'rpm', 'speed', 'gear', 'throttle', 'brake', 'drs', 'n_gear', 'session_key']"
2026-07-16T20:52:48.199775,1358,openf1,1,json_manip,default_value_inject,bert,0.0,0.003,[],"['date', 'driver_number', 'rpm', 'speed', 'gear', 'throttle', 'brake', 'drs', 'n_gear', 'session_key']"
2026-07-16T20:52:48.199788,1373,openf1,1,json_manip,array_expansion,bert,0.0,0.003,[],"['date', 'driver_number', 'rpm', 'speed', 'gear', 'throttle', 'brake', 'drs', 'n_gear', 'session_key']"
2026-07-16T20:52:48.199802,1374,openf1,1,json_manip,outlier_injection,bert,0.0,0.003,[],"['date', 'driver_number', 'rpm', 'speed', 'gear', 'throttle', 'brake', 'drs', 'n_gear', 'session_key']"
2026-07-16T20:52:48.199836,1375,openf1,1,json_manip,variable_drop,bert,0.0,0.004,[],"['date', 'driver_number', 'rpm', 'speed', 'gear', 'throttle', 'brake', 'drs', 'n_gear', 'session_key']"
2026-07-16T20:52:48.199852,1378,openf1,1,json_manip,null_injection,bert,0.0,0.004,[],"['date', 'driver_number', 'rpm', 'speed', 'gear', 'throttle', 'brake', 'drs', 'n_gear', 'session_key']"
2026-07-16T20:52:48.199868,1389,openf1,1,json_manip,scalar_to_array,bert,0.0,0.004,[],"['date', 'driver_number', 'rpm', 'speed', 'gear', 'throttle', 'brake', 'drs', 'n_gear', 'session_key']"
2026-07-16T20:52:48.199883,1390,openf1,1,json_manip,scalar_to_array,bert,0.0,0.004,[],"['date', 'driver_number', 'rpm', 'speed', 'gear', 'throttle', 'brake', 'drs', 'n_gear', 'session_key']"
2026-07-16T20:52:48.199915,1396,openf1,1,json_manip,scalar_to_array,bert,0.0,0.003,[],"['date', 'driver_number', 'rpm', 'speed', 'gear', 'throttle', 'brake', 'drs', 'n_gear', 'session_key']"
2026-07-16T20:52:48.199928,1397,openf1,1,json_manip,duplicate_field_inject,bert,0.0,0.003,[],"['date', 'driver_number', 'rpm', 'speed', 'gear', 'throttle', 'brake', 'drs', 'n_gear', 'session_key']"
2026-07-16T20:52:48.199943,1407,openf1,1,json_manip,duplicate_field_inject,bert,0.0,0.003,[],"['date', 'driver_number', 'rpm', 'speed', 'gear', 'throttle', 'brake', 'drs', 'n_gear', 'session_key']"
2026-07-16T20:52:48.199955,1409,openf1,1,json_manip,array_to_scalar,bert,0.0,0.003,[],"['date', 'driver_number', 'rpm', 'speed', 'gear', 'throttle', 'brake', 'drs', 'n_gear', 'session_key']"
2026-07-16T20:52:48.199980,1416,openf1,1,json_manip,null_injection,bert,0.0,0.003,[],"['date', 'driver_number', 'rpm', 'speed', 'gear', 'throttle', 'brake', 'drs', 'n_gear', 'session_key']"
2026-07-16T20:52:48.199993,1421,openf1,1,json_manip,field_join,bert,0.0,0.003,[],"['date', 'driver_number', 'rpm', 'speed', 'gear', 'throttle', 'brake', 'drs', 'n_gear', 'session_key']"
2026-07-16T20:52:48.200005,1424,openf1,1,json_manip,array_to_scalar,bert,0.0,0.003,[],"['date', 'driver_number', 'rpm', 'speed', 'gear', 'throttle', 'brake', 'drs', 'n_gear', 'session_key']"
2026-07-16T20:52:48.200017,1434,openf1,1,json_manip,outlier_injection,bert,0.0,0.003,[],"['date', 'driver_number', 'rpm', 'speed', 'gear', 'throttle', 'brake', 'drs', 'n_gear', 'session_key']"
2026-07-16T20:52:48.200053,1447,openf1,1,json_manip,scalar_to_array,bert,0.0,0.003,[],"['date', 'driver_number', 'rpm', 'speed', 'gear', 'throttle', 'brake', 'drs', 'n_gear', 'session_key']"
2026-07-16T20:52:48.200067,1449,openf1,1,json_manip,outlier_injection,bert,0.0,0.003,[],"['date', 'driver_number', 'rpm', 'speed', 'gear', 'throttle', 'brake', 'drs', 'n_gear', 'session_key']"
2026-07-16T20:52:48.200081,1461,openf1,1,json_manip,scalar_to_array,bert,0.0,0.003,[],"['date', 'driver_number', 'rpm', 'speed', 'gear', 'throttle', 'brake', 'drs', 'n_gear', 'session_key']"
2026-07-16T20:52:48.200096,1469,openf1,1,json_manip,scalar_to_array,bert,0.0,0.003,[],"['date', 'driver_number', 'rpm', 'speed', 'gear', 'throttle', 'brake', 'drs', 'n_gear', 'session_key']"
2026-07-16T20:52:48.200128,1473,openf1,1,json_manip,outlier_injection,bert,0.0,0.003,[],"['date', 'driver_number', 'rpm', 'speed', 'gear', 'throttle', 'brake', 'drs', 'n_gear', 'session_key']"
2026-07-16T20:52:48.200141,1474,openf1,1,json_manip,variable_drop,bert,0.0,0.003,[],"['date', 'driver_number', 'rpm', 'speed', 'gear', 'throttle', 'brake', 'drs', 'n_gear', 'session_key']"
2026-07-16T20:52:48.200153,1479,openf1,1,json_manip,array_to_scalar,bert,0.0,0.003,[],"['date', 'driver_number', 'rpm', 'speed', 'gear', 'throttle', 'brake', 'drs', 'n_gear', 'session_key']"
2026-07-16T20:52:48.200166,1481,openf1,1,json_manip,outlier_injection,bert,0.0,0.003,[],"['date', 'driver_number', 'rpm', 'speed', 'gear', 'throttle', 'brake', 'drs', 'n_gear', 'session_key']"
2026-07-16T20:52:48.200196,1482,openf1,1,json_manip,field_split,bert,0.0,0.003,[],"['date', 'driver_number', 'rpm', 'speed', 'gear', 'throttle', 'brake', 'drs', 'n_gear', 'session_key']"
2026-07-16T20:52:48.200265,1497,openf1,1,json_manip,field_merge_value,bert,0.0,0.003,[],"['date', 'driver_number', 'rpm', 'speed', 'gear', 'throttle', 'brake', 'drs', 'n_gear', 'session_key']"
2026-07-16T20:52:48.200282,1507,openf1,1,json_manip,array_to_scalar,bert,0.0,0.003,[],"['date', 'driver_number', 'rpm', 'speed', 'gear', 'throttle', 'brake', 'drs', 'n_gear', 'session_key']"
2026-07-16T20:52:48.200296,1514,openf1,1,json_manip,variable_drop,bert,0.0,0.003,[],"['date', 'driver_number', 'rpm', 'speed', 'gear', 'throttle', 'brake', 'drs', 'n_gear', 'session_key']"
2026-07-16T20:52:48.200313,1521,openf1,1,json_manip,duplicate_field_inject,bert,0.0,0.001,[],"['date', 'driver_number', 'rpm', 'speed', 'gear', 'throttle', 'brake', 'drs', 'n_gear', 'session_key']"
2026-07-16T20:52:48.200326,1524,openf1,1,json_manip,array_expansion,bert,0.0,0.001,[],"['date', 'driver_number', 'rpm', 'speed', 'gear', 'throttle', 'brake', 'drs', 'n_gear', 'session_key']"
2026-07-16T20:52:48.200339,1530,openf1,1,json_manip,array_expansion,bert,0.0,0.001,[],"['date', 'driver_number', 'rpm', 'speed', 'gear', 'throttle', 'brake', 'drs', 'n_gear', 'session_key']"
2026-07-16T20:52:48.200356,1539,openf1,1,json_manip,variable_drop,bert,0.0,0.001,[],"['date', 'driver_number', 'rpm', 'speed', 'gear', 'throttle', 'brake', 'drs', 'n_gear', 'session_key']"
2026-07-16T20:52:48.200380,1540,openf1,1,json_manip,array_expansion,bert,0.0,0.002,[],"['date', 'driver_number', 'rpm', 'speed', 'gear', 'throttle', 'brake', 'drs', 'n_gear', 'session_key']"
2026-07-16T20:52:48.200393,1543,openf1,1,json_manip,variable_drop,bert,0.0,0.002,[],"['date', 'driver_number', 'rpm', 'speed', 'gear', 'throttle', 'brake', 'drs', 'n_gear', 'session_key']"
2026-07-16T20:52:48.200405,1557,openf1,1,json_manip,scalar_to_array,bert,0.0,0.002,[],"['date', 'driver_number', 'rpm', 'speed', 'gear', 'throttle', 'brake', 'drs', 'n_gear', 'session_key']"
2026-07-16T20:52:48.200417,1564,openf1,1,json_manip,array_expansion,bert,0.0,0.002,[],"['date', 'driver_number', 'rpm', 'speed', 'gear', 'throttle', 'brake', 'drs', 'n_gear', 'session_key']"
2026-07-16T20:52:48.200437,1566,openf1,1,json_manip,field_join,bert,0.0,0.001,[],"['date', 'driver_number', 'rpm', 'speed', 'gear', 'throttle', 'brake', 'drs', 'n_gear', 'session_key']"
2026-07-16T20:52:48.200450,1570,openf1,1,json_manip,null_injection,bert,0.0,0.001,[],"['date', 'driver_number', 'rpm', 'speed', 'gear', 'throttle', 'brake', 'drs', 'n_gear', 'session_key']"
2026-07-16T20:52:48.200462,1587,openf1,1,json_manip,null_injection,bert,0.0,0.001,[],"['date', 'driver_number', 'rpm', 'speed', 'gear', 'throttle', 'brake', 'drs', 'n_gear', 'session_key']"
2026-07-16T20:52:48.200474,1589,openf1,1,json_manip,scalar_to_array,bert,0.0,0.001,[],"['date', 'driver_number', 'rpm', 'speed', 'gear', 'throttle', 'brake', 'drs', 'n_gear', 'session_key']"
2026-07-16T20:52:48.200498,1590,openf1,1,json_manip,default_value_inject,bert,0.0,0.002,[],"['date', 'driver_number', 'rpm', 'speed', 'gear', 'throttle', 'brake', 'drs', 'n_gear', 'session_key']"
2026-07-16T20:52:48.200511,1600,openf1,1,json_manip,array_expansion,bert,0.0,0.002,[],"['date', 'driver_number', 'rpm', 'speed', 'gear', 'throttle', 'brake', 'drs', 'n_gear', 'session_key']"
2026-07-16T20:52:48.200523,1604,openf1,1,json_manip,null_injection,bert,0.0,0.002,[],"['date', 'driver_number', 'rpm', 'speed', 'gear', 'throttle', 'brake', 'drs', 'n_gear', 'session_key']"
2026-07-16T20:52:48.200537,1619,openf1,1,json_manip,array_to_scalar,bert,0.0,0.002,[],"['date', 'driver_number', 'rpm', 'speed', 'gear', 'throttle', 'brake', 'drs', 'n_gear', 'session_key']"
2026-07-16T20:52:48.200564,1630,openf1,1,json_manip,field_join,bert,0.0,0.002,[],"['date', 'driver_number', 'rpm', 'speed', 'gear', 'throttle', 'brake', 'drs', 'n_gear', 'session_key']"
2026-07-16T20:52:48.200577,1639,openf1,1,json_manip,default_value_inject,bert,0.0,0.002,[],"['date', 'driver_number', 'rpm', 'speed', 'gear', 'throttle', 'brake', 'drs', 'n_gear', 'session_key']"
2026-07-16T20:52:48.200589,1648,openf1,1,json_manip,array_to_scalar,bert,0.0,0.002,[],"['date', 'driver_number', 'rpm', 'speed', 'gear', 'throttle', 'brake', 'drs', 'n_gear', 'session_key']"
2026-07-16T20:52:48.200601,1651,openf1,1,json_manip,array_expansion,bert,0.0,0.002,[],"['date', 'driver_number', 'rpm', 'speed', 'gear', 'throttle', 'brake', 'drs', 'n_gear', 'session_key']"
2026-07-16T20:52:48.200631,1676,openf1,1,json_manip,variable_drop,bert,0.0,0.003,[],"['date', 'driver_number', 'rpm', 'speed', 'gear', 'throttle', 'brake', 'drs', 'n_gear', 'session_key']"
2026-07-16T20:52:48.200644,1679,openf1,1,json_manip,outlier_injection,bert,0.0,0.003,[],"['date', 'driver_number', 'rpm', 'speed', 'gear', 'throttle', 'brake', 'drs', 'n_gear', 'session_key']"
2026-07-16T20:52:48.200656,1690,openf1,1,json_manip,duplicate_field_inject,bert,0.0,0.003,[],"['date', 'driver_number', 'rpm', 'speed', 'gear', 'throttle', 'brake', 'drs', 'n_gear', 'session_key']"
2026-07-16T20:52:48.200671,1695,openf1,1,json_manip,outlier_injection,bert,0.0,0.003,[],"['date', 'driver_number', 'rpm', 'speed', 'gear', 'throttle', 'brake', 'drs', 'n_gear', 'session_key']"
2026-07-16T20:52:48.200697,1696,openf1,1,json_manip,field_split,bert,0.0,0.003,[],"['date', 'driver_number', 'rpm', 'speed', 'gear', 'throttle', 'brake', 'drs', 'n_gear', 'session_key']"
2026-07-16T20:52:48.200710,1716,openf1,1,json_manip,null_injection,bert,0.0,0.003,[],"['date', 'driver_number', 'rpm', 'speed', 'gear', 'throttle', 'brake', 'drs', 'n_gear', 'session_key']"
2026-07-16T20:52:48.200722,1724,openf1,1,json_manip,outlier_injection,bert,0.0,0.003,[],"['date', 'driver_number', 'rpm', 'speed', 'gear', 'throttle', 'brake', 'drs', 'n_gear', 'session_key']"
2026-07-16T20:52:48.200734,1736,openf1,1,json_manip,null_injection,bert,0.0,0.003,[],"['date', 'driver_number', 'rpm', 'speed', 'gear', 'throttle', 'brake', 'drs', 'n_gear', 'session_key']"
2026-07-16T20:52:48.200763,1742,openf1,1,json_manip,array_expansion,bert,0.0,0.003,[],"['date', 'driver_number', 'rpm', 'speed', 'gear', 'throttle', 'brake', 'drs', 'n_gear', 'session_key']"
2026-07-16T20:52:48.200776,1751,openf1,1,json_manip,field_join,bert,0.0,0.003,[],"['date', 'driver_number', 'rpm', 'speed', 'gear', 'throttle', 'brake', 'drs', 'n_gear', 'session_key']"
2026-07-16T20:52:48.200788,1761,openf1,1,json_manip,field_split,bert,0.0,0.003,[],"['date', 'driver_number', 'rpm', 'speed', 'gear', 'throttle', 'brake', 'drs', 'n_gear', 'session_key']"
2026-07-16T20:52:48.200801,1769,openf1,1,json_manip,field_join,bert,0.0,0.003,[],"['date', 'driver_number', 'rpm', 'speed', 'gear', 'throttle', 'brake', 'drs', 'n_gear', 'session_key']"
2026-07-16T20:52:48.200829,1781,openf1,1,json_manip,default_value_inject,bert,0.0,0.002,[],"['date', 'driver_number', 'rpm', 'speed', 'gear', 'throttle', 'brake', 'drs', 'n_gear', 'session_key']"
2026-07-16T20:52:48.200842,1784,openf1,1,json_manip,default_value_inject,bert,0.0,0.002,[],"['date', 'driver_number', 'rpm', 'speed', 'gear', 'throttle', 'brake', 'drs', 'n_gear', 'session_key']"
2026-07-16T20:52:48.200858,1793,openf1,1,json_manip,outlier_injection,bert,0.0,0.002,[],"['date', 'driver_number', 'rpm', 'speed', 'gear', 'throttle', 'brake', 'drs', 'n_gear', 'session_key']"
2026-07-16T20:52:48.200870,1806,openf1,1,json_manip,default_value_inject,bert,0.0,0.002,[],"['date', 'driver_number', 'rpm', 'speed', 'gear', 'throttle', 'brake', 'drs', 'n_gear', 'session_key']"
2026-07-16T20:52:48.200902,1808,openf1,1,json_manip,array_to_scalar,bert,0.0,0.004,[],"['date', 'driver_number', 'rpm', 'speed', 'gear', 'throttle', 'brake', 'drs', 'n_gear', 'session_key']"
2026-07-16T20:52:48.200914,1810,openf1,1,json_manip,duplicate_field_inject,bert,0.0,0.004,[],"['date', 'driver_number', 'rpm', 'speed', 'gear', 'throttle', 'brake', 'drs', 'n_gear', 'session_key']"
2026-07-16T20:52:48.200927,1815,openf1,1,json_manip,field_split,bert,0.0,0.004,[],"['date', 'driver_number', 'rpm', 'speed', 'gear', 'throttle', 'brake', 'drs', 'n_gear', 'session_key']"
2026-07-16T20:52:48.212327,1839,openf1,1,json_manip,array_to_scalar,bert,0.0,0.004,[],"['date', 'driver_number', 'rpm', 'speed', 'gear', 'throttle', 'brake', 'drs', 'n_gear', 'session_key']"
2026-07-16T20:52:48.212535,1845,openf1,1,json_manip,outlier_injection,bert,0.0,0.014,[],"['date', 'driver_number', 'rpm', 'speed', 'gear', 'throttle', 'brake', 'drs', 'n_gear', 'session_key']"
2026-07-16T20:52:48.212553,1847,openf1,1,json_manip,array_expansion,bert,0.0,0.014,[],"['date', 'driver_number', 'rpm', 'speed', 'gear', 'throttle', 'brake', 'drs', 'n_gear', 'session_key']"
2026-07-16T20:52:48.212575,1852,openf1,1,json_manip,array_to_scalar,bert,0.0,0.014,[],"['date', 'driver_number', 'rpm', 'speed', 'gear', 'throttle', 'brake', 'drs', 'n_gear', 'session_key']"
2026-07-16T20:52:48.212589,1864,openf1,1,json_manip,outlier_injection,bert,0.0,0.014,[],"['date', 'driver_number', 'rpm', 'speed', 'gear', 'throttle', 'brake', 'drs', 'n_gear', 'session_key']"
2026-07-16T20:52:48.212640,1886,openf1,1,json_manip,scalar_to_array,bert,0.0,0.006,[],"['date', 'driver_number', 'rpm', 'speed', 'gear', 'throttle', 'brake', 'drs', 'n_gear', 'session_key']"
2026-07-16T20:52:48.212654,1900,openf1,1,json_manip,duplicate_field_inject,bert,0.0,0.006,[],"['date', 'driver_number', 'rpm', 'speed', 'gear', 'throttle', 'brake', 'drs', 'n_gear', 'session_key']"
2026-07-16T20:52:48.212670,1902,openf1,1,json_manip,variable_drop,bert,0.0,0.006,[],"['date', 'driver_number', 'rpm', 'speed', 'gear', 'throttle', 'brake', 'drs', 'n_gear', 'session_key']"
2026-07-16T20:52:48.212683,1910,openf1,1,json_manip,array_to_scalar,bert,0.0,0.006,[],"['date', 'driver_number', 'rpm', 'speed', 'gear', 'throttle', 'brake', 'drs', 'n_gear', 'session_key']"
2026-07-16T20:52:48.212726,1912,openf1,1,json_manip,field_merge_value,bert,0.0,0.005,[],"['date', 'driver_number', 'rpm', 'speed', 'gear', 'throttle', 'brake', 'drs', 'n_gear', 'session_key']"
2026-07-16T20:52:48.212743,1914,openf1,1,json_manip,field_merge_value,bert,0.0,0.005,[],"['date', 'driver_number', 'rpm', 'speed', 'gear', 'throttle', 'brake', 'drs', 'n_gear', 'session_key']"
2026-07-16T20:52:48.212759,1916,openf1,1,json_manip,array_expansion,bert,0.0,0.005,[],"['date', 'driver_number', 'rpm', 'speed', 'gear', 'throttle', 'brake', 'drs', 'n_gear', 'session_key']"
2026-07-16T20:52:48.212775,1918,openf1,1,json_manip,field_merge_value,bert,0.0,0.005,[],"['date', 'driver_number', 'rpm', 'speed', 'gear', 'throttle', 'brake', 'drs', 'n_gear', 'session_key']"
2026-07-16T20:52:48.212825,1922,openf1,1,json_manip,array_expansion,bert,0.0,0.006,[],"['date', 'driver_number', 'rpm', 'speed', 'gear', 'throttle', 'brake', 'drs', 'n_gear', 'session_key']"
2026-07-16T20:52:48.212841,1944,openf1,1,json_manip,variable_drop,bert,0.0,0.006,[],"['date', 'driver_number', 'rpm', 'speed', 'gear', 'throttle', 'brake', 'drs', 'n_gear', 'session_key']"
2026-07-16T20:52:48.212854,1978,openf1,1,json_manip,default_value_inject,bert,0.0,0.006,[],"['date', 'driver_number', 'rpm', 'speed', 'gear', 'throttle', 'brake', 'drs', 'n_gear', 'session_key']"
2026-07-16T20:52:48.212866,1979,openf1,1,json_manip,default_value_inject,bert,0.0,0.006,[],"['date', 'driver_number', 'rpm', 'speed', 'gear', 'throttle', 'brake', 'drs', 'n_gear', 'session_key']"
2026-07-16T20:52:48.212911,1980,openf1,1,json_manip,array_expansion,bert,0.0,0.004,[],"['date', 'driver_number', 'rpm', 'speed', 'gear', 'throttle', 'brake', 'drs', 'n_gear', 'session_key']"
2026-07-16T20:52:48.212924,1990,openf1,1,json_manip,outlier_injection,bert,0.0,0.004,[],"['date', 'driver_number', 'rpm', 'speed', 'gear', 'throttle', 'brake', 'drs', 'n_gear', 'session_key']"
2026-07-16T20:52:48.212941,2012,openf1,1,json_manip,array_to_scalar,bert,0.0,0.004,[],"['date', 'driver_number', 'rpm', 'speed', 'gear', 'throttle', 'brake', 'drs', 'n_gear', 'session_key']"
2026-07-16T20:52:48.212957,2034,openf1,1,json_manip,variable_drop,bert,0.0,0.004,[],"['date', 'driver_number', 'rpm', 'speed', 'gear', 'throttle', 'brake', 'drs', 'n_gear', 'session_key']"
2026-07-16T20:52:48.213007,2038,openf1,1,json_manip,scalar_to_array,bert,0.0,0.005,[],"['date', 'driver_number', 'rpm', 'speed', 'gear', 'throttle', 'brake', 'drs', 'n_gear', 'session_key']"
2026-07-16T20:52:48.213025,2041,openf1,1,json_manip,field_join,bert,0.0,0.005,[],"['date', 'driver_number', 'rpm', 'speed', 'gear', 'throttle', 'brake', 'drs', 'n_gear', 'session_key']"
2026-07-16T20:52:48.213041,2067,openf1,1,json_manip,duplicate_field_inject,bert,0.0,0.005,[],"['date', 'driver_number', 'rpm', 'speed', 'gear', 'throttle', 'brake', 'drs', 'n_gear', 'session_key']"
2026-07-16T20:52:48.213063,2071,openf1,1,json_manip,scalar_to_array,bert,0.0,0.005,[],"['date', 'driver_number', 'rpm', 'speed', 'gear', 'throttle', 'brake', 'drs', 'n_gear', 'session_key']"
2026-07-16T20:52:48.213107,2080,openf1,1,json_manip,field_merge_value,bert,0.0,0.004,[],"['date', 'driver_number', 'rpm', 'speed', 'gear', 'throttle', 'brake', 'drs', 'n_gear', 'session_key']"
2026-07-16T20:52:48.213124,2085,openf1,1,json_manip,array_expansion,bert,0.0,0.004,[],"['date', 'driver_number', 'rpm', 'speed', 'gear', 'throttle', 'brake', 'drs', 'n_gear', 'session_key']"
2026-07-16T20:52:48.213137,2094,openf1,1,json_manip,default_value_inject,bert,0.0,0.004,[],"['date', 'driver_number', 'rpm', 'speed', 'gear', 'throttle', 'brake', 'drs', 'n_gear', 'session_key']"
2026-07-16T20:52:48.213153,2096,openf1,1,json_manip,null_injection,bert,0.0,0.004,[],"['date', 'driver_number', 'rpm', 'speed', 'gear', 'throttle', 'brake', 'drs', 'n_gear', 'session_key']"
2026-07-16T20:52:48.213194,2097,openf1,1,json_manip,array_to_scalar,bert,0.0,0.005,[],"['date', 'driver_number', 'rpm', 'speed', 'gear', 'throttle', 'brake', 'drs', 'n_gear', 'session_key']"
2026-07-16T20:52:48.213206,2112,openf1,1,json_manip,variable_drop,bert,0.0,0.005,[],"['date', 'driver_number', 'rpm', 'speed', 'gear', 'throttle', 'brake', 'drs', 'n_gear', 'session_key']"
2026-07-16T20:52:48.213219,2113,openf1,1,json_manip,array_to_scalar,bert,0.0,0.005,[],"['date', 'driver_number', 'rpm', 'speed', 'gear', 'throttle', 'brake', 'drs', 'n_gear', 'session_key']"
2026-07-16T20:52:48.213258,2124,openf1,1,json_manip,scalar_to_array,bert,0.0,0.005,[],"['date', 'driver_number', 'rpm', 'speed', 'gear', 'throttle', 'brake', 'drs', 'n_gear', 'session_key']"
2026-07-16T20:52:48.213305,2133,openf1,1,json_manip,outlier_injection,bert,0.0,0.005,[],"['date', 'driver_number', 'rpm', 'speed', 'gear', 'throttle', 'brake', 'drs', 'n_gear', 'session_key']"
2026-07-16T20:52:48.213318,2155,openf1,1,json_manip,field_join,bert,0.0,0.005,[],"['date', 'driver_number', 'rpm', 'speed', 'gear', 'throttle', 'brake', 'drs', 'n_gear', 'session_key']"
2026-07-16T20:52:48.213338,2174,openf1,1,json_manip,variable_drop,bert,0.0,0.005,[],"['date', 'driver_number', 'rpm', 'speed', 'gear', 'throttle', 'brake', 'drs', 'n_gear', 'session_key']"
2026-07-16T20:52:48.213351,2184,openf1,1,json_manip,field_split,bert,0.0,0.005,[],"['date', 'driver_number', 'rpm', 'speed', 'gear', 'throttle', 'brake', 'drs', 'n_gear', 'session_key']"
2026-07-16T20:52:48.213387,2189,openf1,1,json_manip,array_to_scalar,bert,0.0,0.003,[],"['date', 'driver_number', 'rpm', 'speed', 'gear', 'throttle', 'brake', 'drs', 'n_gear', 'session_key']"
2026-07-16T20:52:48.213400,2202,openf1,1,json_manip,array_expansion,bert,0.0,0.003,[],"['date', 'driver_number', 'rpm', 'speed', 'gear', 'throttle', 'brake', 'drs', 'n_gear', 'session_key']"
2026-07-16T20:52:48.213412,2209,openf1,1,json_manip,array_expansion,bert,0.0,0.003,[],"['date', 'driver_number', 'rpm', 'speed', 'gear', 'throttle', 'brake', 'drs', 'n_gear', 'session_key']"
2026-07-16T20:52:48.213428,2218,openf1,1,json_manip,outlier_injection,bert,0.0,0.003,[],"['date', 'driver_number', 'rpm', 'speed', 'gear', 'throttle', 'brake', 'drs', 'n_gear', 'session_key']"
2026-07-16T20:52:48.213475,2226,openf1,1,json_manip,scalar_to_array,bert,0.0,0.004,[],"['date', 'driver_number', 'rpm', 'speed', 'gear', 'throttle', 'brake', 'drs', 'n_gear', 'session_key']"
2026-07-16T20:52:48.213512,2237,openf1,1,json_manip,duplicate_field_inject,bert,0.0,0.004,[],"['date', 'driver_number', 'rpm', 'speed', 'gear', 'throttle', 'brake', 'drs', 'n_gear', 'session_key']"
2026-07-16T20:52:48.213531,2251,openf1,1,json_manip,field_merge_value,bert,0.0,0.004,[],"['date', 'driver_number', 'rpm', 'speed', 'gear', 'throttle', 'brake', 'drs', 'n_gear', 'session_key']"
2026-07-16T20:52:48.213548,2257,openf1,1,json_manip,array_to_scalar,bert,0.0,0.004,[],"['date', 'driver_number', 'rpm', 'speed', 'gear', 'throttle', 'brake', 'drs', 'n_gear', 'session_key']"
2026-07-16T20:52:48.213588,2258,openf1,1,json_manip,array_to_scalar,bert,0.0,0.005,[],"['date', 'driver_number', 'rpm', 'speed', 'gear', 'throttle', 'brake', 'drs', 'n_gear', 'session_key']"
2026-07-16T20:52:48.213605,2263,openf1,1,json_manip,array_to_scalar,bert,0.0,0.005,[],"['date', 'driver_number', 'rpm', 'speed', 'gear', 'throttle', 'brake', 'drs', 'n_gear', 'session_key']"
2026-07-16T20:52:48.213617,2265,openf1,1,json_manip,field_merge_value,bert,0.0,0.005,[],"['date', 'driver_number', 'rpm', 'speed', 'gear', 'throttle', 'brake', 'drs', 'n_gear', 'session_key']"
2026-07-16T20:52:48.213633,2283,openf1,1,json_manip,field_merge_value,bert,0.0,0.005,[],"['date', 'driver_number', 'rpm', 'speed', 'gear', 'throttle', 'brake', 'drs', 'n_gear', 'session_key']"
2026-07-16T20:52:48.213698,2333,openf1,1,json_manip,field_join,bert,0.0,0.008,[],"['date', 'driver_number', 'rpm', 'speed', 'gear', 'throttle', 'brake', 'drs', 'n_gear', 'session_key']"
2026-07-16T20:52:48.213711,2393,openf1,1,json_manip,field_split,bert,0.0,0.008,[],"['date', 'driver_number', 'rpm', 'speed', 'gear', 'throttle', 'brake', 'drs', 'n_gear', 'session_key']"
2026-07-16T20:52:48.213729,2397,openf1,1,json_manip,scalar_to_array,bert,0.0,0.008,[],"['date', 'driver_number', 'rpm', 'speed', 'gear', 'throttle', 'brake', 'drs', 'n_gear', 'session_key']"
2026-07-16T20:52:48.213741,2400,openf1,1,json_manip,scalar_to_array,bert,0.0,0.008,[],"['date', 'driver_number', 'rpm', 'speed', 'gear', 'throttle', 'brake', 'drs', 'n_gear', 'session_key']"
2026-07-16T20:52:48.213776,2401,openf1,1,json_manip,field_join,bert,0.0,0.005,[],"['date', 'driver_number', 'rpm', 'speed', 'gear', 'throttle', 'brake', 'drs', 'n_gear', 'session_key']"
2026-07-16T20:52:48.213789,2403,openf1,1,json_manip,default_value_inject,bert,0.0,0.005,[],"['date', 'driver_number', 'rpm', 'speed', 'gear', 'throttle', 'brake', 'drs', 'n_gear', 'session_key']"
2026-07-16T20:52:48.213805,2421,openf1,1,json_manip,null_injection,bert,0.0,0.005,[],"['date', 'driver_number', 'rpm', 'speed', 'gear', 'throttle', 'brake', 'drs', 'n_gear', 'session_key']"
2026-07-16T20:52:48.213821,2439,openf1,1,json_manip,array_to_scalar,bert,0.0,0.005,[],"['date', 'driver_number', 'rpm', 'speed', 'gear', 'throttle', 'brake', 'drs', 'n_gear', 'session_key']"
2026-07-16T20:52:48.213869,2449,openf1,1,json_manip,array_to_scalar,bert,0.0,0.006,[],"['date', 'driver_number', 'rpm', 'speed', 'gear', 'throttle', 'brake', 'drs', 'n_gear', 'session_key']"
2026-07-16T20:52:48.213888,2475,openf1,1,json_manip,null_injection,bert,0.0,0.006,[],"['date', 'driver_number', 'rpm', 'speed', 'gear', 'throttle', 'brake', 'drs', 'n_gear', 'session_key']"
2026-07-16T20:52:48.213904,2485,openf1,1,json_manip,field_join,bert,0.0,0.006,[],"['date', 'driver_number', 'rpm', 'speed', 'gear', 'throttle', 'brake', 'drs', 'n_gear', 'session_key']"
2026-07-16T20:52:48.213916,2495,openf1,1,json_manip,outlier_injection,bert,0.0,0.006,[],"['date', 'driver_number', 'rpm', 'speed', 'gear', 'throttle', 'brake', 'drs', 'n_gear', 'session_key']"
2026-07-16T20:52:48.213954,2514,finnhub,?,json_manip,null_injection,bert,0.0,0.003,[],"['symbol', 'price', 'volume', 'timestamp']"
2026-07-16T20:52:48.213969,2537,finnhub,?,json_manip,array_to_scalar,bert,0.0,0.003,[],"['symbol', 'price', 'volume', 'timestamp']"
2026-07-16T20:52:48.213985,2543,finnhub,?,json_manip,array_to_scalar,bert,0.0,0.003,[],"['symbol', 'price', 'volume', 'timestamp']"
2026-07-16T20:52:48.213996,2552,finnhub,?,json_manip,field_merge_value,bert,0.0,0.003,[],"['symbol', 'price', 'volume', 'timestamp']"
2026-07-16T20:52:48.214023,2557,finnhub,?,json_manip,null_injection,bert,0.0,0.001,[],"['symbol', 'price', 'volume', 'timestamp']"
2026-07-16T20:52:48.214037,2572,finnhub,?,json_manip,array_to_scalar,bert,0.0,0.001,[],"['symbol', 'price', 'volume', 'timestamp']"
2026-07-16T20:52:48.214048,2574,finnhub,?,json_manip,null_injection,bert,0.0,0.001,[],"['symbol', 'price', 'volume', 'timestamp']"
2026-07-16T20:52:48.214059,2580,finnhub,?,json_manip,field_merge_value,bert,0.0,0.001,[],"['symbol', 'price', 'volume', 'timestamp']"
2026-07-16T20:52:48.214091,2602,finnhub,?,json_manip,scalar_to_array,bert,0.0,0.002,[],"['symbol', 'price', 'volume', 'timestamp']"
2026-07-16T20:52:48.214103,2604,finnhub,?,json_manip,default_value_inject,bert,0.0,0.002,[],"['symbol', 'price', 'volume', 'timestamp']"
2026-07-16T20:52:48.214114,2609,finnhub,?,json_manip,duplicate_field_inject,bert,0.0,0.002,[],"['symbol', 'price', 'volume', 'timestamp']"
2026-07-16T20:52:48.214128,2625,finnhub,?,json_manip,field_merge_value,bert,0.0,0.002,[],"['symbol', 'price', 'volume', 'timestamp']"
2026-07-16T20:52:48.214156,2646,finnhub,?,json_manip,array_to_scalar,bert,0.0,0.001,[],"['symbol', 'price', 'volume', 'timestamp']"
2026-07-16T20:52:48.214170,2652,finnhub,?,json_manip,default_value_inject,bert,0.0,0.001,[],"['symbol', 'price', 'volume', 'timestamp']"
2026-07-16T20:52:48.214182,2657,finnhub,?,json_manip,field_join,bert,0.0,0.001,[],"['symbol', 'price', 'volume', 'timestamp']"
2026-07-16T20:52:48.214192,2658,finnhub,?,json_manip,array_to_scalar,bert,0.0,0.001,[],"['symbol', 'price', 'volume', 'timestamp']"
2026-07-16T20:52:48.214233,2681,finnhub,?,json_manip,default_value_inject,bert,0.0,0.003,[],"['symbol', 'price', 'volume', 'timestamp']"
2026-07-16T20:52:48.214245,2682,finnhub,?,json_manip,outlier_injection,bert,0.0,0.003,[],"['symbol', 'price', 'volume', 'timestamp']"
2026-07-16T20:52:48.214256,2689,finnhub,?,json_manip,default_value_inject,bert,0.0,0.003,[],"['symbol', 'price', 'volume', 'timestamp']"
2026-07-16T20:52:48.214269,2728,finnhub,?,json_manip,duplicate_field_inject,bert,0.0,0.003,[],"['symbol', 'price', 'volume', 'timestamp']"
2026-07-16T20:52:48.214296,2730,finnhub,?,json_manip,array_to_scalar,bert,0.0,0.001,[],"['symbol', 'price', 'volume', 'timestamp']"
2026-07-16T20:52:48.214311,2734,finnhub,?,json_manip,field_merge_value,bert,0.0,0.001,[],"['symbol', 'price', 'volume', 'timestamp']"
2026-07-16T20:52:48.214322,2736,finnhub,?,json_manip,default_value_inject,bert,0.0,0.001,[],"['symbol', 'price', 'volume', 'timestamp']"
2026-07-16T20:52:48.214336,2765,finnhub,?,json_manip,duplicate_field_inject,bert,0.0,0.001,[],"['symbol', 'price', 'volume', 'timestamp']"
2026-07-16T20:52:48.214373,2790,finnhub,?,json_manip,field_join,bert,0.0,0.003,[],"['symbol', 'price', 'volume', 'timestamp']"
2026-07-16T20:52:48.214388,2793,finnhub,?,json_manip,default_value_inject,bert,0.0,0.003,[],"['symbol', 'price', 'volume', 'timestamp']"
2026-07-16T20:52:48.214399,2794,finnhub,?,json_manip,scalar_to_array,bert,0.0,0.003,[],"['symbol', 'price', 'volume', 'timestamp']"
2026-07-16T20:52:48.214410,2811,finnhub,?,json_manip,null_injection,bert,0.0,0.003,[],"['symbol', 'price', 'volume', 'timestamp']"
2026-07-16T20:52:48.214435,2818,finnhub,?,json_manip,field_split,bert,0.0,0.001,[],"['symbol', 'price', 'volume', 'timestamp']"
2026-07-16T20:52:48.214450,2842,finnhub,?,json_manip,array_to_scalar,bert,0.0,0.001,[],"['symbol', 'price', 'volume', 'timestamp']"
2026-07-16T20:52:48.214461,2850,finnhub,?,json_manip,null_injection,bert,0.0,0.001,[],"['symbol', 'price', 'volume', 'timestamp']"
2026-07-16T20:52:48.214476,2852,finnhub,?,json_manip,null_injection,bert,0.0,0.001,[],"['symbol', 'price', 'volume', 'timestamp']"
2026-07-16T20:52:48.214506,2854,finnhub,?,json_manip,field_join,bert,0.0,0.002,[],"['symbol', 'price', 'volume', 'timestamp']"
2026-07-16T20:52:48.214532,2867,finnhub,?,json_manip,field_split,bert,0.0,0.002,[],"['symbol', 'price', 'volume', 'timestamp']"
2026-07-16T20:52:48.214544,2879,finnhub,?,json_manip,array_to_scalar,bert,0.0,0.002,[],"['symbol', 'price', 'volume', 'timestamp']"
2026-07-16T20:52:48.214555,2885,finnhub,?,json_manip,array_to_scalar,bert,0.0,0.002,[],"['symbol', 'price', 'volume', 'timestamp']"
2026-07-16T20:52:48.214588,2910,finnhub,?,json_manip,variable_drop,bert,0.0,0.002,[],"['symbol', 'price', 'volume', 'timestamp']"
2026-07-16T20:52:48.214600,2921,finnhub,?,json_manip,default_value_inject,bert,0.0,0.002,[],"['symbol', 'price', 'volume', 'timestamp']"
2026-07-16T20:52:48.214611,2922,finnhub,?,json_manip,default_value_inject,bert,0.0,0.002,[],"['symbol', 'price', 'volume', 'timestamp']"
2026-07-16T20:52:48.214622,2938,finnhub,?,json_manip,null_injection,bert,0.0,0.002,[],"['symbol', 'price', 'volume', 'timestamp']"
2026-07-16T20:52:48.214646,2957,finnhub,?,json_manip,array_to_scalar,bert,0.0,0.001,[],"['symbol', 'price', 'volume', 'timestamp']"
2026-07-16T20:52:48.214661,2960,finnhub,?,json_manip,scalar_to_array,bert,0.0,0.001,[],"['symbol', 'price', 'volume', 'timestamp']"
2026-07-16T20:52:48.214674,2968,finnhub,?,json_manip,duplicate_field_inject,bert,0.0,0.001,[],"['symbol', 'price', 'volume', 'timestamp']"
2026-07-16T20:52:48.214686,2974,finnhub,?,json_manip,array_to_scalar,bert,0.0,0.001,[],"['symbol', 'price', 'volume', 'timestamp']"
2026-07-16T20:52:48.214716,2986,finnhub,?,json_manip,default_value_inject,bert,0.0,0.003,[],"['symbol', 'price', 'volume', 'timestamp']"
2026-07-16T20:52:48.214727,2987,finnhub,?,json_manip,null_injection,bert,0.0,0.003,[],"['symbol', 'price', 'volume', 'timestamp']"
2026-07-16T20:52:48.214738,2990,finnhub,?,json_manip,scalar_to_array,bert,0.0,0.003,[],"['symbol', 'price', 'volume', 'timestamp']"
2026-07-16T20:52:48.214749,2997,finnhub,?,json_manip,field_merge_value,bert,0.0,0.003,[],"['symbol', 'price', 'volume', 'timestamp']"
2026-07-16T20:52:48.214788,3025,finnhub,?,json_manip,array_expansion,bert,0.0,0.002,[],"['symbol', 'price', 'volume', 'timestamp']"
2026-07-16T20:52:48.214805,3039,finnhub,?,json_manip,field_merge_value,bert,0.0,0.002,[],"['symbol', 'price', 'volume', 'timestamp']"
2026-07-16T20:52:48.214816,3041,finnhub,?,json_manip,field_split,bert,0.0,0.002,[],"['symbol', 'price', 'volume', 'timestamp']"
2026-07-16T20:52:48.214827,3046,finnhub,?,json_manip,field_merge_value,bert,0.0,0.002,[],"['symbol', 'price', 'volume', 'timestamp']"
2026-07-16T20:52:48.214858,3052,finnhub,?,json_manip,outlier_injection,bert,0.0,0.001,[],"['symbol', 'price', 'volume', 'timestamp']"
2026-07-16T20:52:48.214870,3059,finnhub,?,json_manip,array_expansion,bert,0.0,0.001,[],"['symbol', 'price', 'volume', 'timestamp']"
2026-07-16T20:52:48.214881,3071,finnhub,?,json_manip,duplicate_field_inject,bert,0.0,0.001,[],"['symbol', 'price', 'volume', 'timestamp']"
2026-07-16T20:52:48.214891,3081,finnhub,?,json_manip,variable_drop,bert,0.0,0.001,[],"['symbol', 'price', 'volume', 'timestamp']"
2026-07-16T20:52:48.214911,3085,finnhub,?,json_manip,variable_drop,bert,0.0,0.002,[],"['symbol', 'price', 'volume', 'timestamp']"
2026-07-16T20:52:48.214922,3092,finnhub,?,json_manip,array_to_scalar,bert,0.0,0.002,[],"['symbol', 'price', 'volume', 'timestamp']"
2026-07-16T20:52:48.214937,3112,finnhub,?,json_manip,field_split,bert,0.0,0.002,[],"['symbol', 'price', 'volume', 'timestamp']"
2026-07-16T20:52:48.214948,3113,finnhub,?,json_manip,duplicate_field_inject,bert,0.0,0.002,[],"['symbol', 'price', 'volume', 'timestamp']"
2026-07-16T20:52:48.214979,3126,finnhub,?,json_manip,scalar_to_array,bert,0.0,0.001,[],"['symbol', 'price', 'volume', 'timestamp']"
2026-07-16T20:52:48.214990,3128,finnhub,?,json_manip,default_value_inject,bert,0.0,0.001,[],"['symbol', 'price', 'volume', 'timestamp']"
2026-07-16T20:52:48.215001,3129,finnhub,?,json_manip,variable_drop,bert,0.0,0.001,[],"['symbol', 'price', 'volume', 'timestamp']"
2026-07-16T20:52:48.215012,3133,finnhub,?,json_manip,field_merge_value,bert,0.0,0.001,[],"['symbol', 'price', 'volume', 'timestamp']"
2026-07-16T20:52:48.215037,3136,finnhub,?,json_manip,array_to_scalar,bert,0.0,0.001,[],"['symbol', 'price', 'volume', 'timestamp']"
2026-07-16T20:52:48.215052,3140,finnhub,?,json_manip,field_join,bert,0.0,0.001,[],"['symbol', 'price', 'volume', 'timestamp']"
2026-07-16T20:52:48.215063,3146,finnhub,?,json_manip,default_value_inject,bert,0.0,0.001,[],"['symbol', 'price', 'volume', 'timestamp']"
2026-07-16T20:52:48.215077,3151,finnhub,?,json_manip,array_to_scalar,bert,0.0,0.001,[],"['symbol', 'price', 'volume', 'timestamp']"
2026-07-16T20:52:48.215114,3153,finnhub,?,json_manip,scalar_to_array,bert,0.0,0.003,[],"['symbol', 'price', 'volume', 'timestamp']"
2026-07-16T20:52:48.215129,3167,finnhub,?,json_manip,variable_drop,bert,0.0,0.003,[],"['symbol', 'price', 'volume', 'timestamp']"
2026-07-16T20:52:48.215144,3174,finnhub,?,json_manip,field_split,bert,0.0,0.003,[],"['symbol', 'price', 'volume', 'timestamp']"
2026-07-16T20:52:48.215154,3176,finnhub,?,json_manip,default_value_inject,bert,0.0,0.003,[],"['symbol', 'price', 'volume', 'timestamp']"
2026-07-16T20:52:48.215193,3177,finnhub,?,json_manip,field_merge_value,bert,0.0,0.002,[],"['symbol', 'price', 'volume', 'timestamp']"
2026-07-16T20:52:48.215204,3211,finnhub,?,json_manip,field_split,bert,0.0,0.002,[],"['symbol', 'price', 'volume', 'timestamp']"
2026-07-16T20:52:48.215218,3232,finnhub,?,json_manip,duplicate_field_inject,bert,0.0,0.002,[],"['symbol', 'price', 'volume', 'timestamp']"
2026-07-16T20:52:48.215229,3242,finnhub,?,json_manip,default_value_inject,bert,0.0,0.002,[],"['symbol', 'price', 'volume', 'timestamp']"
2026-07-16T20:52:48.215257,3275,finnhub,?,json_manip,field_join,bert,0.0,0.001,[],"['symbol', 'price', 'volume', 'timestamp']"
2026-07-16T20:52:48.215269,3280,finnhub,?,json_manip,field_join,bert,0.0,0.001,[],"['symbol', 'price', 'volume', 'timestamp']"
2026-07-16T20:52:48.215279,3284,finnhub,?,json_manip,field_split,bert,0.0,0.001,[],"['symbol', 'price', 'volume', 'timestamp']"
2026-07-16T20:52:48.215293,3294,finnhub,?,json_manip,duplicate_field_inject,bert,0.0,0.001,[],"['symbol', 'price', 'volume', 'timestamp']"
2026-07-16T20:52:48.215335,3302,finnhub,?,json_manip,field_join,bert,0.0,0.005,[],"['symbol', 'price', 'volume', 'timestamp']"
2026-07-16T20:52:48.215346,3330,finnhub,?,json_manip,duplicate_field_inject,bert,0.0,0.005,[],"['symbol', 'price', 'volume', 'timestamp']"
2026-07-16T20:52:48.215358,3384,finnhub,?,json_manip,duplicate_field_inject,bert,0.0,0.005,[],"['symbol', 'price', 'volume', 'timestamp']"
2026-07-16T20:52:48.215369,3386,finnhub,?,json_manip,scalar_to_array,bert,0.0,0.005,[],"['symbol', 'price', 'volume', 'timestamp']"
2026-07-16T20:52:48.215398,3403,finnhub,?,json_manip,null_injection,bert,0.0,0.002,[],"['symbol', 'price', 'volume', 'timestamp']"
2026-07-16T20:52:48.215409,3407,finnhub,?,json_manip,scalar_to_array,bert,0.0,0.002,[],"['symbol', 'price', 'volume', 'timestamp']"
2026-07-16T20:52:48.215420,3411,finnhub,?,json_manip,array_to_scalar,bert,0.0,0.002,[],"['symbol', 'price', 'volume', 'timestamp']"
2026-07-16T20:52:48.215437,3430,finnhub,?,json_manip,array_expansion,bert,0.0,0.002,[],"['symbol', 'price', 'volume', 'timestamp']"
2026-07-16T20:52:48.215455,3432,finnhub,?,json_manip,default_value_inject,bert,0.0,0.001,[],"['symbol', 'price', 'volume', 'timestamp']"
2026-07-16T20:52:48.215467,3435,finnhub,?,json_manip,outlier_injection,bert,0.0,0.001,[],"['symbol', 'price', 'volume', 'timestamp']"
2026-07-16T20:52:48.215481,3445,finnhub,?,json_manip,default_value_inject,bert,0.0,0.001,[],"['symbol', 'price', 'volume', 'timestamp']"
2026-07-16T20:52:48.215493,3450,finnhub,?,json_manip,array_expansion,bert,0.0,0.001,[],"['symbol', 'price', 'volume', 'timestamp']"
2026-07-16T20:52:48.215518,3451,finnhub,?,json_manip,array_expansion,bert,0.0,0.001,[],"['symbol', 'price', 'volume', 'timestamp']"
2026-07-16T20:52:48.215529,3460,finnhub,?,json_manip,array_to_scalar,bert,0.0,0.001,[],"['symbol', 'price', 'volume', 'timestamp']"
2026-07-16T20:52:48.215557,3485,finnhub,?,json_manip,outlier_injection,bert,0.0,0.001,[],"['symbol', 'price', 'volume', 'timestamp']"
2026-07-16T20:52:48.215572,3489,finnhub,?,json_manip,null_injection,bert,0.0,0.001,[],"['symbol', 'price', 'volume', 'timestamp']"
2026-07-16T20:52:48.215620,3491,finnhub,?,json_manip,field_join,bert,0.0,0.002,[],"['symbol', 'price', 'volume', 'timestamp']"
2026-07-16T20:52:48.215635,3493,finnhub,?,json_manip,outlier_injection,bert,0.0,0.002,[],"['symbol', 'price', 'volume', 'timestamp']"
2026-07-16T20:52:48.215646,3499,finnhub,?,json_manip,array_to_scalar,bert,0.0,0.002,[],"['symbol', 'price', 'volume', 'timestamp']"
2026-07-16T20:52:48.215657,3511,finnhub,?,json_manip,variable_drop,bert,0.0,0.002,[],"['symbol', 'price', 'volume', 'timestamp']"
2026-07-16T20:52:48.215679,3514,finnhub,?,json_manip,field_merge_value,bert,0.0,0.001,[],"['symbol', 'price', 'volume', 'timestamp']"
2026-07-16T20:52:48.215691,3527,finnhub,?,json_manip,field_merge_value,bert,0.0,0.001,[],"['symbol', 'price', 'volume', 'timestamp']"
2026-07-16T20:52:48.215702,3531,finnhub,?,json_manip,default_value_inject,bert,0.0,0.001,[],"['symbol', 'price', 'volume', 'timestamp']"
2026-07-16T20:52:48.215713,3535,finnhub,?,json_manip,null_injection,bert,0.0,0.001,[],"['symbol', 'price', 'volume', 'timestamp']"
2026-07-16T20:52:48.215744,3542,finnhub,?,json_manip,variable_drop,bert,0.0,0.003,[],"['symbol', 'price', 'volume', 'timestamp']"
2026-07-16T20:52:48.215756,3545,finnhub,?,json_manip,variable_drop,bert,0.0,0.003,[],"['symbol', 'price', 'volume', 'timestamp']"
2026-07-16T20:52:48.215767,3568,finnhub,?,json_manip,default_value_inject,bert,0.0,0.003,[],"['symbol', 'price', 'volume', 'timestamp']"
2026-07-16T20:52:48.215778,3570,finnhub,?,json_manip,field_split,bert,0.0,0.003,[],"['symbol', 'price', 'volume', 'timestamp']"
2026-07-16T20:52:48.215801,3576,finnhub,?,json_manip,array_expansion,bert,0.0,0.0,[],"['symbol', 'price', 'volume', 'timestamp']"
2026-07-16T20:52:48.215812,3585,finnhub,?,json_manip,duplicate_field_inject,bert,0.0,0.0,[],"['symbol', 'price', 'volume', 'timestamp']"
2026-07-16T20:52:48.215824,3587,finnhub,?,json_manip,field_split,bert,0.0,0.0,[],"['symbol', 'price', 'volume', 'timestamp']"
2026-07-16T20:52:48.215835,3590,finnhub,?,json_manip,variable_drop,bert,0.0,0.0,[],"['symbol', 'price', 'volume', 'timestamp']"
2026-07-16T20:52:48.215866,3618,finnhub,?,json_manip,field_join,bert,0.0,0.002,[],"['symbol', 'price', 'volume', 'timestamp']"
2026-07-16T20:52:48.215878,3639,finnhub,?,json_manip,null_injection,bert,0.0,0.002,[],"['symbol', 'price', 'volume', 'timestamp']"
2026-07-16T20:52:48.215889,3653,finnhub,?,json_manip,outlier_injection,bert,0.0,0.002,[],"['symbol', 'price', 'volume', 'timestamp']"
2026-07-16T20:52:48.215904,3656,finnhub,?,json_manip,field_join,bert,0.0,0.002,[],"['symbol', 'price', 'volume', 'timestamp']"
2026-07-16T20:52:48.215940,3688,finnhub,?,json_manip,scalar_to_array,bert,0.0,0.003,[],"['symbol', 'price', 'volume', 'timestamp']"
2026-07-16T20:52:48.215951,3699,finnhub,?,json_manip,field_merge_value,bert,0.0,0.003,[],"['symbol', 'price', 'volume', 'timestamp']"
2026-07-16T20:52:48.215962,3701,finnhub,?,json_manip,default_value_inject,bert,0.0,0.003,[],"['symbol', 'price', 'volume', 'timestamp']"
2026-07-16T20:52:48.215973,3703,finnhub,?,json_manip,array_to_scalar,bert,0.0,0.003,[],"['symbol', 'price', 'volume', 'timestamp']"
2026-07-16T20:52:48.216001,3710,finnhub,?,json_manip,variable_drop,bert,0.0,0.001,[],"['symbol', 'price', 'volume', 'timestamp']"
2026-07-16T20:52:48.216012,3711,finnhub,?,json_manip,array_expansion,bert,0.0,0.001,[],"['symbol', 'price', 'volume', 'timestamp']"
2026-07-16T20:52:48.216027,3719,finnhub,?,json_manip,scalar_to_array,bert,0.0,0.001,[],"['symbol', 'price', 'volume', 'timestamp']"
2026-07-16T20:52:48.216038,3725,finnhub,?,json_manip,variable_drop,bert,0.0,0.001,[],"['symbol', 'price', 'volume', 'timestamp']"
2026-07-16T20:52:48.216067,3734,finnhub,?,json_manip,array_expansion,bert,0.0,0.002,[],"['symbol', 'price', 'volume', 'timestamp']"
2026-07-16T20:52:48.216079,3760,finnhub,?,json_manip,field_join,bert,0.0,0.002,[],"['symbol', 'price', 'volume', 'timestamp']"
2026-07-16T20:52:48.216090,3763,finnhub,?,json_manip,scalar_to_array,bert,0.0,0.002,[],"['symbol', 'price', 'volume', 'timestamp']"
2026-07-16T20:52:48.216100,3775,finnhub,?,json_manip,outlier_injection,bert,0.0,0.002,[],"['symbol', 'price', 'volume', 'timestamp']"
2026-07-16T20:52:48.216131,3809,finnhub,?,json_manip,duplicate_field_inject,bert,0.0,0.002,[],"['symbol', 'price', 'volume', 'timestamp']"
2026-07-16T20:52:48.216146,3810,finnhub,?,json_manip,field_join,bert,0.0,0.002,[],"['symbol', 'price', 'volume', 'timestamp']"
2026-07-16T20:52:48.216160,3813,finnhub,?,json_manip,array_expansion,bert,0.0,0.002,[],"['symbol', 'price', 'volume', 'timestamp']"
2026-07-16T20:52:48.216175,3818,finnhub,?,json_manip,variable_drop,bert,0.0,0.002,[],"['symbol', 'price', 'volume', 'timestamp']"
2026-07-16T20:52:48.216197,3820,finnhub,?,json_manip,variable_drop,bert,0.0,0.001,[],"['symbol', 'price', 'volume', 'timestamp']"
2026-07-16T20:52:48.216208,3823,finnhub,?,json_manip,scalar_to_array,bert,0.0,0.001,[],"['symbol', 'price', 'volume', 'timestamp']"
2026-07-16T20:52:48.216223,3826,finnhub,?,json_manip,field_merge_value,bert,0.0,0.001,[],"['symbol', 'price', 'volume', 'timestamp']"
2026-07-16T20:52:48.216234,3827,finnhub,?,json_manip,field_split,bert,0.0,0.001,[],"['symbol', 'price', 'volume', 'timestamp']"
2026-07-16T20:52:48.216264,3834,finnhub,?,json_manip,field_split,bert,0.0,0.003,[],"['symbol', 'price', 'volume', 'timestamp']"
2026-07-16T20:52:48.216278,3865,finnhub,?,json_manip,variable_drop,bert,0.0,0.003,[],"['symbol', 'price', 'volume', 'timestamp']"
2026-07-16T20:52:48.216289,3871,finnhub,?,json_manip,field_join,bert,0.0,0.003,[],"['symbol', 'price', 'volume', 'timestamp']"
2026-07-16T20:52:48.216300,3876,finnhub,?,json_manip,variable_drop,bert,0.0,0.003,[],"['symbol', 'price', 'volume', 'timestamp']"
2026-07-16T20:52:48.216326,3900,finnhub,?,json_manip,scalar_to_array,bert,0.0,0.001,[],"['symbol', 'price', 'volume', 'timestamp']"
2026-07-16T20:52:48.216341,3909,finnhub,?,json_manip,array_expansion,bert,0.0,0.001,[],"['symbol', 'price', 'volume', 'timestamp']"
2026-07-16T20:52:48.216355,3921,finnhub,?,json_manip,array_expansion,bert,0.0,0.001,[],"['symbol', 'price', 'volume', 'timestamp']"
2026-07-16T20:52:48.216366,3930,finnhub,?,json_manip,scalar_to_array,bert,0.0,0.001,[],"['symbol', 'price', 'volume', 'timestamp']"
2026-07-16T20:52:48.216407,3944,finnhub,?,json_manip,array_expansion,bert,0.0,0.004,[],"['symbol', 'price', 'volume', 'timestamp']"
2026-07-16T20:52:48.216421,3975,finnhub,?,json_manip,array_to_scalar,bert,0.0,0.004,[],"['symbol', 'price', 'volume', 'timestamp']"
2026-07-16T20:52:48.216436,3995,finnhub,?,json_manip,default_value_inject,bert,0.0,0.004,[],"['symbol', 'price', 'volume', 'timestamp']"
2026-07-16T20:52:48.216448,4011,finnhub,?,json_manip,default_value_inject,bert,0.0,0.004,[],"['symbol', 'price', 'volume', 'timestamp']"
2026-07-16T20:52:48.216474,4027,finnhub,?,json_manip,variable_drop,bert,0.0,0.001,[],"['symbol', 'price', 'volume', 'timestamp']"
2026-07-16T20:52:48.216486,4036,finnhub,?,json_manip,outlier_injection,bert,0.0,0.001,[],"['symbol', 'price', 'volume', 'timestamp']"
2026-07-16T20:52:48.216498,4040,finnhub,?,json_manip,field_join,bert,0.0,0.001,[],"['symbol', 'price', 'volume', 'timestamp']"
2026-07-16T20:52:48.216516,4053,finnhub,?,json_manip,null_injection,bert,0.0,0.001,[],"['symbol', 'price', 'volume', 'timestamp']"
2026-07-16T20:52:48.216540,4057,finnhub,?,json_manip,scalar_to_array,bert,0.0,0.002,[],"['symbol', 'price', 'volume', 'timestamp']"
2026-07-16T20:52:48.216554,4069,finnhub,?,json_manip,array_to_scalar,bert,0.0,0.002,[],"['symbol', 'price', 'volume', 'timestamp']"
2026-07-16T20:52:48.216565,4074,finnhub,?,json_manip,outlier_injection,bert,0.0,0.002,[],"['symbol', 'price', 'volume', 'timestamp']"
2026-07-16T20:52:48.216626,4075,finnhub,?,json_manip,scalar_to_array,bert,0.0,0.002,[],"['symbol', 'price', 'volume', 'timestamp']"
2026-07-16T20:52:48.216686,4086,finnhub,?,json_manip,outlier_injection,bert,0.0,0.004,[],"['symbol', 'price', 'volume', 'timestamp']"
2026-07-16T20:52:48.216705,4088,finnhub,?,json_manip,duplicate_field_inject,bert,0.0,0.004,[],"['symbol', 'price', 'volume', 'timestamp']"
2026-07-16T20:52:48.216719,4113,finnhub,?,json_manip,field_merge_value,bert,0.0,0.004,[],"['symbol', 'price', 'volume', 'timestamp']"
2026-07-16T20:52:48.216734,4114,finnhub,?,json_manip,variable_drop,bert,0.0,0.004,[],"['symbol', 'price', 'volume', 'timestamp']"
2026-07-16T20:52:48.216768,4122,finnhub,?,json_manip,array_to_scalar,bert,0.0,0.002,[],"['symbol', 'price', 'volume', 'timestamp']"
2026-07-16T20:52:48.216781,4131,finnhub,?,json_manip,field_split,bert,0.0,0.002,[],"['symbol', 'price', 'volume', 'timestamp']"
2026-07-16T20:52:48.216797,4139,finnhub,?,json_manip,field_split,bert,0.0,0.002,[],"['symbol', 'price', 'volume', 'timestamp']"
2026-07-16T20:52:48.216808,4140,finnhub,?,json_manip,field_merge_value,bert,0.0,0.002,[],"['symbol', 'price', 'volume', 'timestamp']"
2026-07-16T20:52:48.216837,4142,finnhub,?,json_manip,field_merge_value,bert,0.0,0.001,[],"['symbol', 'price', 'volume', 'timestamp']"
2026-07-16T20:52:48.216849,4150,finnhub,?,json_manip,scalar_to_array,bert,0.0,0.001,[],"['symbol', 'price', 'volume', 'timestamp']"
2026-07-16T20:52:48.216864,4162,finnhub,?,json_manip,outlier_injection,bert,0.0,0.001,[],"['symbol', 'price', 'volume', 'timestamp']"
2026-07-16T20:52:48.216881,4178,finnhub,?,json_manip,outlier_injection,bert,0.0,0.001,[],"['symbol', 'price', 'volume', 'timestamp']"
2026-07-16T20:52:48.216950,4187,finnhub,?,json_manip,duplicate_field_inject,bert,0.0,0.012,[],"['symbol', 'price', 'volume', 'timestamp']"
2026-07-16T20:52:48.216964,4191,finnhub,?,json_manip,duplicate_field_inject,bert,0.0,0.012,[],"['symbol', 'price', 'volume', 'timestamp']"
2026-07-16T20:52:48.216976,4196,finnhub,?,json_manip,array_to_scalar,bert,0.0,0.012,[],"['symbol', 'price', 'volume', 'timestamp']"
2026-07-16T20:52:48.216987,4219,finnhub,?,json_manip,duplicate_field_inject,bert,0.0,0.012,[],"['symbol', 'price', 'volume', 'timestamp']"
2026-07-16T20:52:48.217013,4237,finnhub,?,json_manip,variable_drop,bert,0.0,0.003,[],"['symbol', 'price', 'volume', 'timestamp']"
2026-07-16T20:52:48.217029,4262,finnhub,?,json_manip,duplicate_field_inject,bert,0.0,0.003,[],"['symbol', 'price', 'volume', 'timestamp']"
2026-07-16T20:52:48.217045,4263,finnhub,?,json_manip,array_to_scalar,bert,0.0,0.003,[],"['symbol', 'price', 'volume', 'timestamp']"
2026-07-16T20:52:48.217060,4272,finnhub,?,json_manip,outlier_injection,bert,0.0,0.003,[],"['symbol', 'price', 'volume', 'timestamp']"
2026-07-16T20:52:48.217090,4278,finnhub,?,json_manip,field_merge_value,bert,0.0,0.001,[],"['symbol', 'price', 'volume', 'timestamp']"
2026-07-16T20:52:48.217101,4279,finnhub,?,json_manip,variable_drop,bert,0.0,0.001,[],"['symbol', 'price', 'volume', 'timestamp']"
2026-07-16T20:52:48.217112,4294,finnhub,?,json_manip,field_split,bert,0.0,0.001,[],"['symbol', 'price', 'volume', 'timestamp']"
2026-07-16T20:52:48.217127,4314,finnhub,?,json_manip,field_join,bert,0.0,0.001,[],"['symbol', 'price', 'volume', 'timestamp']"
2026-07-16T20:52:48.217156,4325,finnhub,?,json_manip,null_injection,bert,0.0,0.002,[],"['symbol', 'price', 'volume', 'timestamp']"
2026-07-16T20:52:48.217168,4327,finnhub,?,json_manip,field_merge_value,bert,0.0,0.002,[],"['symbol', 'price', 'volume', 'timestamp']"
2026-07-16T20:52:48.217179,4334,finnhub,?,json_manip,null_injection,bert,0.0,0.002,[],"['symbol', 'price', 'volume', 'timestamp']"
2026-07-16T20:52:48.217194,4337,finnhub,?,json_manip,variable_drop,bert,0.0,0.002,[],"['symbol', 'price', 'volume', 'timestamp']"
2026-07-16T20:52:48.217232,4360,finnhub,?,json_manip,field_join,bert,0.0,0.003,[],"['symbol', 'price', 'volume', 'timestamp']"
2026-07-16T20:52:48.217248,4363,finnhub,?,json_manip,array_to_scalar,bert,0.0,0.003,[],"['symbol', 'price', 'volume', 'timestamp']"
2026-07-16T20:52:48.217262,4395,finnhub,?,json_manip,array_to_scalar,bert,0.0,0.003,[],"['symbol', 'price', 'volume', 'timestamp']"
2026-07-16T20:52:48.217276,4400,finnhub,?,json_manip,array_expansion,bert,0.0,0.003,[],"['symbol', 'price', 'volume', 'timestamp']"
2026-07-16T20:52:48.217302,4405,finnhub,?,json_manip,default_value_inject,bert,0.0,0.001,[],"['symbol', 'price', 'volume', 'timestamp']"
2026-07-16T20:52:48.217313,4423,finnhub,?,json_manip,default_value_inject,bert,0.0,0.001,[],"['symbol', 'price', 'volume', 'timestamp']"
2026-07-16T20:52:48.217324,4426,finnhub,?,json_manip,outlier_injection,bert,0.0,0.001,[],"['symbol', 'price', 'volume', 'timestamp']"
2026-07-16T20:52:48.217336,4439,finnhub,?,json_manip,null_injection,bert,0.0,0.001,[],"['symbol', 'price', 'volume', 'timestamp']"
2026-07-16T20:52:48.217365,4442,finnhub,?,json_manip,scalar_to_array,bert,0.0,0.002,[],"['symbol', 'price', 'volume', 'timestamp']"
2026-07-16T20:52:48.217376,4445,finnhub,?,json_manip,array_expansion,bert,0.0,0.002,[],"['symbol', 'price', 'volume', 'timestamp']"
2026-07-16T20:52:48.217387,4448,finnhub,?,json_manip,variable_drop,bert,0.0,0.002,[],"['symbol', 'price', 'volume', 'timestamp']"
2026-07-16T20:52:48.217399,4468,finnhub,?,json_manip,array_expansion,bert,0.0,0.002,[],"['symbol', 'price', 'volume', 'timestamp']"
2026-07-16T20:52:48.217432,4477,finnhub,?,json_manip,array_expansion,bert,0.0,0.002,[],"['symbol', 'price', 'volume', 'timestamp']"
2026-07-16T20:52:48.217447,4498,finnhub,?,json_manip,default_value_inject,bert,0.0,0.002,[],"['symbol', 'price', 'volume', 'timestamp']"
2026-07-16T20:52:48.217458,4503,finnhub,?,json_manip,variable_drop,bert,0.0,0.002,[],"['symbol', 'price', 'volume', 'timestamp']"
2026-07-16T20:52:48.217469,4520,finnhub,?,json_manip,field_split,bert,0.0,0.002,[],"['symbol', 'price', 'volume', 'timestamp']"
2026-07-16T20:52:48.217494,4525,finnhub,?,json_manip,default_value_inject,bert,0.0,0.001,[],"['symbol', 'price', 'volume', 'timestamp']"
2026-07-16T20:52:48.217505,4536,finnhub,?,json_manip,scalar_to_array,bert,0.0,0.001,[],"['symbol', 'price', 'volume', 'timestamp']"
2026-07-16T20:52:48.217516,4538,finnhub,?,json_manip,variable_drop,bert,0.0,0.001,[],"['symbol', 'price', 'volume', 'timestamp']"
2026-07-16T20:52:48.217527,4549,finnhub,?,json_manip,field_merge_value,bert,0.0,0.001,[],"['symbol', 'price', 'volume', 'timestamp']"
2026-07-16T20:52:48.217559,4550,finnhub,?,json_manip,array_to_scalar,bert,0.0,0.003,[],"['symbol', 'price', 'volume', 'timestamp']"
2026-07-16T20:52:48.217573,4560,finnhub,?,json_manip,scalar_to_array,bert,0.0,0.003,[],"['symbol', 'price', 'volume', 'timestamp']"
2026-07-16T20:52:48.217584,4568,finnhub,?,json_manip,scalar_to_array,bert,0.0,0.003,[],"['symbol', 'price', 'volume', 'timestamp']"
2026-07-16T20:52:48.217595,4589,finnhub,?,json_manip,field_join,bert,0.0,0.003,[],"['symbol', 'price', 'volume', 'timestamp']"
2026-07-16T20:52:48.217618,4595,finnhub,?,json_manip,array_expansion,bert,0.0,0.001,[],"['symbol', 'price', 'volume', 'timestamp']"
2026-07-16T20:52:48.217629,4604,finnhub,?,json_manip,field_split,bert,0.0,0.001,[],"['symbol', 'price', 'volume', 'timestamp']"
2026-07-16T20:52:48.217644,4609,finnhub,?,json_manip,outlier_injection,bert,0.0,0.001,[],"['symbol', 'price', 'volume', 'timestamp']"
2026-07-16T20:52:48.217659,4613,finnhub,?,json_manip,array_expansion,bert,0.0,0.001,[],"['symbol', 'price', 'volume', 'timestamp']"
2026-07-16T20:52:48.217709,4622,finnhub,?,json_manip,outlier_injection,bert,0.0,0.006,[],"['symbol', 'price', 'volume', 'timestamp']"
2026-07-16T20:52:48.217721,4630,finnhub,?,json_manip,field_merge_value,bert,0.0,0.006,[],"['symbol', 'price', 'volume', 'timestamp']"
2026-07-16T20:52:48.217732,4633,finnhub,?,json_manip,field_split,bert,0.0,0.006,[],"['symbol', 'price', 'volume', 'timestamp']"
2026-07-16T20:52:48.217763,4638,finnhub,?,json_manip,outlier_injection,bert,0.0,0.006,[],"['symbol', 'price', 'volume', 'timestamp']"
2026-07-16T20:52:48.218028,4642,finnhub,?,json_manip,array_expansion,bert,0.0,0.002,[],"['symbol', 'price', 'volume', 'timestamp']"
2026-07-16T20:52:48.218044,4647,finnhub,?,json_manip,default_value_inject,bert,0.0,0.002,[],"['symbol', 'price', 'volume', 'timestamp']"
2026-07-16T20:52:48.218055,4666,finnhub,?,json_manip,field_merge_value,bert,0.0,0.002,[],"['symbol', 'price', 'volume', 'timestamp']"
2026-07-16T20:52:48.218067,4669,finnhub,?,json_manip,array_expansion,bert,0.0,0.002,[],"['symbol', 'price', 'volume', 'timestamp']"
2026-07-16T20:52:48.218087,4671,finnhub,?,json_manip,outlier_injection,bert,0.0,0.001,[],"['symbol', 'price', 'volume', 'timestamp']"
2026-07-16T20:52:48.218099,4681,finnhub,?,json_manip,field_merge_value,bert,0.0,0.001,[],"['symbol', 'price', 'volume', 'timestamp']"
2026-07-16T20:52:48.218110,4682,finnhub,?,json_manip,array_to_scalar,bert,0.0,0.001,[],"['symbol', 'price', 'volume', 'timestamp']"
2026-07-16T20:52:48.218124,4690,finnhub,?,json_manip,scalar_to_array,bert,0.0,0.001,[],"['symbol', 'price', 'volume', 'timestamp']"
2026-07-16T20:52:48.218147,4694,finnhub,?,json_manip,array_expansion,bert,0.0,0.002,[],"['symbol', 'price', 'volume', 'timestamp']"
2026-07-16T20:52:48.218158,4700,finnhub,?,json_manip,array_expansion,bert,0.0,0.002,[],"['symbol', 'price', 'volume', 'timestamp']"
2026-07-16T20:52:48.218171,4709,finnhub,?,json_manip,field_join,bert,0.0,0.002,[],"['symbol', 'price', 'volume', 'timestamp']"
2026-07-16T20:52:48.218182,4710,finnhub,?,json_manip,variable_drop,bert,0.0,0.002,[],"['symbol', 'price', 'volume', 'timestamp']"
2026-07-16T20:52:48.218207,4718,finnhub,?,json_manip,null_injection,bert,0.0,0.001,[],"['symbol', 'price', 'volume', 'timestamp']"
2026-07-16T20:52:48.218219,4722,finnhub,?,json_manip,scalar_to_array,bert,0.0,0.001,[],"['symbol', 'price', 'volume', 'timestamp']"
2026-07-16T20:52:48.218231,4729,finnhub,?,json_manip,outlier_injection,bert,0.0,0.001,[],"['symbol', 'price', 'volume', 'timestamp']"
2026-07-16T20:52:48.218242,4733,finnhub,?,json_manip,array_to_scalar,bert,0.0,0.001,[],"['symbol', 'price', 'volume', 'timestamp']"
2026-07-16T20:52:48.218270,4741,finnhub,?,json_manip,duplicate_field_inject,bert,0.0,0.002,[],"['symbol', 'price', 'volume', 'timestamp']"
2026-07-16T20:52:48.218284,4769,finnhub,?,json_manip,variable_drop,bert,0.0,0.002,[],"['symbol', 'price', 'volume', 'timestamp']"
2026-07-16T20:52:48.218295,4773,finnhub,?,json_manip,duplicate_field_inject,bert,0.0,0.002,[],"['symbol', 'price', 'volume', 'timestamp']"
2026-07-16T20:52:48.218306,4787,finnhub,?,json_manip,null_injection,bert,0.0,0.002,[],"['symbol', 'price', 'volume', 'timestamp']"
2026-07-16T20:52:48.218329,4812,finnhub,?,json_manip,variable_drop,bert,0.0,0.001,[],"['symbol', 'price', 'volume', 'timestamp']"
2026-07-16T20:52:48.218340,4817,finnhub,?,json_manip,default_value_inject,bert,0.0,0.001,[],"['symbol', 'price', 'volume', 'timestamp']"
2026-07-16T20:52:48.218351,4827,finnhub,?,json_manip,array_expansion,bert,0.0,0.001,[],"['symbol', 'price', 'volume', 'timestamp']"
2026-07-16T20:52:48.218362,4830,finnhub,?,json_manip,array_to_scalar,bert,0.0,0.001,[],"['symbol', 'price', 'volume', 'timestamp']"
2026-07-16T20:52:48.218387,4841,finnhub,?,json_manip,variable_drop,bert,0.0,0.002,[],"['symbol', 'price', 'volume', 'timestamp']"
2026-07-16T20:52:48.218399,4842,finnhub,?,json_manip,null_injection,bert,0.0,0.002,[],"['symbol', 'price', 'volume', 'timestamp']"
2026-07-16T20:52:48.218409,4852,finnhub,?,json_manip,field_split,bert,0.0,0.002,[],"['symbol', 'price', 'volume', 'timestamp']"
2026-07-16T20:52:48.218428,4859,finnhub,?,json_manip,field_merge_value,bert,0.0,0.002,[],"['symbol', 'price', 'volume', 'timestamp']"
2026-07-16T20:52:48.218445,4862,finnhub,?,json_manip,array_expansion,bert,0.0,0.0,[],"['symbol', 'price', 'volume', 'timestamp']"
2026-07-16T20:52:48.218456,4864,finnhub,?,json_manip,field_join,bert,0.0,0.0,[],"['symbol', 'price', 'volume', 'timestamp']"
2026-07-16T20:52:48.218467,4865,finnhub,?,json_manip,field_join,bert,0.0,0.0,[],"['symbol', 'price', 'volume', 'timestamp']"
2026-07-16T20:52:48.218478,4869,finnhub,?,json_manip,variable_drop,bert,0.0,0.0,[],"['symbol', 'price', 'volume', 'timestamp']"
2026-07-16T20:52:48.218502,4881,finnhub,?,json_manip,field_join,bert,0.0,0.002,[],"['symbol', 'price', 'volume', 'timestamp']"
2026-07-16T20:52:48.218515,4884,finnhub,?,json_manip,field_join,bert,0.0,0.002,[],"['symbol', 'price', 'volume', 'timestamp']"
2026-07-16T20:52:48.218525,4902,finnhub,?,json_manip,default_value_inject,bert,0.0,0.002,[],"['symbol', 'price', 'volume', 'timestamp']"
2026-07-16T20:52:48.218536,4905,finnhub,?,json_manip,duplicate_field_inject,bert,0.0,0.002,[],"['symbol', 'price', 'volume', 'timestamp']"
2026-07-16T20:52:48.218562,4910,finnhub,?,json_manip,outlier_injection,bert,0.0,0.001,[],"['symbol', 'price', 'volume', 'timestamp']"
2026-07-16T20:52:48.218573,4912,finnhub,?,json_manip,outlier_injection,bert,0.0,0.001,[],"['symbol', 'price', 'volume', 'timestamp']"
2026-07-16T20:52:48.218584,4927,finnhub,?,json_manip,scalar_to_array,bert,0.0,0.001,[],"['symbol', 'price', 'volume', 'timestamp']"
2026-07-16T20:52:48.218598,4939,finnhub,?,json_manip,variable_drop,bert,0.0,0.001,[],"['symbol', 'price', 'volume', 'timestamp']"
2026-07-16T20:52:48.218627,4964,finnhub,?,json_manip,field_merge_value,bert,0.0,0.003,[],"['symbol', 'price', 'volume', 'timestamp']"
2026-07-16T20:52:48.218640,4994,finnhub,?,json_manip,array_to_scalar,bert,0.0,0.003,[],"['symbol', 'price', 'volume', 'timestamp']"
2026-07-16T20:52:48.218654,5008,spacex,?,json_manip,field_split,bert,0.0,0.003,[],"['flight_number', 'mission_name', 'rocket_id', 'launch_success']"
2026-07-16T20:52:48.218667,5012,spacex,?,json_manip,array_to_scalar,bert,0.0,0.003,[],"['flight_number', 'mission_name', 'rocket_id', 'launch_success']"
2026-07-16T20:52:48.218701,5046,spacex,?,json_manip,array_to_scalar,bert,0.0,0.003,[],"['flight_number', 'mission_name', 'rocket_id', 'launch_success']"
2026-07-16T20:52:48.218714,5049,spacex,?,json_manip,field_join,bert,0.0,0.003,[],"['flight_number', 'mission_name', 'rocket_id', 'launch_success']"
2026-07-16T20:52:48.218728,5066,spacex,?,json_manip,outlier_injection,bert,0.0,0.003,[],"['flight_number', 'mission_name', 'rocket_id', 'launch_success']"
2026-07-16T20:52:48.218740,5073,spacex,?,json_manip,array_expansion,bert,0.0,0.003,[],"['flight_number', 'mission_name', 'rocket_id', 'launch_success']"
2026-07-16T20:52:48.218763,5079,spacex,?,json_manip,duplicate_field_inject,bert,0.0,0.001,[],"['flight_number', 'mission_name', 'rocket_id', 'launch_success']"
2026-07-16T20:52:48.218775,5095,spacex,?,json_manip,scalar_to_array,bert,0.0,0.001,[],"['flight_number', 'mission_name', 'rocket_id', 'launch_success']"
2026-07-16T20:52:48.218786,5102,spacex,?,json_manip,null_injection,bert,0.0,0.001,[],"['flight_number', 'mission_name', 'rocket_id', 'launch_success']"
2026-07-16T20:52:48.218798,5115,spacex,?,json_manip,default_value_inject,bert,0.0,0.001,[],"['flight_number', 'mission_name', 'rocket_id', 'launch_success']"
2026-07-16T20:52:48.218828,5138,spacex,?,json_manip,variable_drop,bert,0.0,0.002,[],"['flight_number', 'mission_name', 'rocket_id', 'launch_success']"
2026-07-16T20:52:48.218842,5182,spacex,?,json_manip,duplicate_field_inject,bert,0.0,0.002,[],"['flight_number', 'mission_name', 'rocket_id', 'launch_success']"
2026-07-16T20:52:48.218856,5195,spacex,?,json_manip,field_merge_value,bert,0.0,0.002,[],"['flight_number', 'mission_name', 'rocket_id', 'launch_success']"
2026-07-16T20:52:48.218868,5199,spacex,?,json_manip,array_expansion,bert,0.0,0.002,[],"['flight_number', 'mission_name', 'rocket_id', 'launch_success']"
2026-07-16T20:52:48.218893,5206,spacex,?,json_manip,outlier_injection,bert,0.0,0.001,[],"['flight_number', 'mission_name', 'rocket_id', 'launch_success']"
2026-07-16T20:52:48.218904,5207,spacex,?,json_manip,variable_drop,bert,0.0,0.001,[],"['flight_number', 'mission_name', 'rocket_id', 'launch_success']"
2026-07-16T20:52:48.229158,5211,spacex,?,json_manip,field_join,bert,0.0,0.001,[],"['flight_number', 'mission_name', 'rocket_id', 'launch_success']"
2026-07-16T20:52:48.229225,5213,spacex,?,json_manip,duplicate_field_inject,bert,0.0,0.001,[],"['flight_number', 'mission_name', 'rocket_id', 'launch_success']"
2026-07-16T20:52:48.229338,5216,spacex,?,json_manip,field_merge_value,bert,0.0,0.012,[],"['flight_number', 'mission_name', 'rocket_id', 'launch_success']"
2026-07-16T20:52:48.229355,5240,spacex,?,json_manip,array_expansion,bert,0.0,0.012,[],"['flight_number', 'mission_name', 'rocket_id', 'launch_success']"
2026-07-16T20:52:48.229374,5261,spacex,?,json_manip,null_injection,bert,0.0,0.012,[],"['flight_number', 'mission_name', 'rocket_id', 'launch_success']"
2026-07-16T20:52:48.229386,5271,spacex,?,json_manip,default_value_inject,bert,0.0,0.012,[],"['flight_number', 'mission_name', 'rocket_id', 'launch_success']"
2026-07-16T20:52:48.229417,5274,spacex,?,json_manip,null_injection,bert,0.0,0.002,[],"['flight_number', 'mission_name', 'rocket_id', 'launch_success']"
2026-07-16T20:52:48.229432,5285,spacex,?,json_manip,null_injection,bert,0.0,0.002,[],"['flight_number', 'mission_name', 'rocket_id', 'launch_success']"
2026-07-16T20:52:48.229447,5297,spacex,?,json_manip,array_to_scalar,bert,0.0,0.002,[],"['flight_number', 'mission_name', 'rocket_id', 'launch_success']"
2026-07-16T20:52:48.229462,5308,spacex,?,json_manip,array_to_scalar,bert,0.0,0.002,[],"['flight_number', 'mission_name', 'rocket_id', 'launch_success']"
2026-07-16T20:52:48.229493,5322,spacex,?,json_manip,field_split,bert,0.0,0.002,[],"['flight_number', 'mission_name', 'rocket_id', 'launch_success']"
2026-07-16T20:52:48.229505,5333,spacex,?,json_manip,null_injection,bert,0.0,0.002,[],"['flight_number', 'mission_name', 'rocket_id', 'launch_success']"
2026-07-16T20:52:48.229529,5340,spacex,?,json_manip,field_merge_value,bert,0.0,0.002,[],"['flight_number', 'mission_name', 'rocket_id', 'launch_success']"
2026-07-16T20:52:48.229541,5341,spacex,?,json_manip,field_split,bert,0.0,0.002,[],"['flight_number', 'mission_name', 'rocket_id', 'launch_success']"
2026-07-16T20:52:48.229574,5360,spacex,?,json_manip,array_to_scalar,bert,0.0,0.003,[],"['flight_number', 'mission_name', 'rocket_id', 'launch_success']"
2026-07-16T20:52:48.229586,5362,spacex,?,json_manip,field_split,bert,0.0,0.003,[],"['flight_number', 'mission_name', 'rocket_id', 'launch_success']"
2026-07-16T20:52:48.229601,5373,spacex,?,json_manip,field_join,bert,0.0,0.003,[],"['flight_number', 'mission_name', 'rocket_id', 'launch_success']"
2026-07-16T20:52:48.229614,5404,spacex,?,json_manip,default_value_inject,bert,0.0,0.003,[],"['flight_number', 'mission_name', 'rocket_id', 'launch_success']"
2026-07-16T20:52:48.229648,5411,spacex,?,json_manip,field_split,bert,0.0,0.002,[],"['flight_number', 'mission_name', 'rocket_id', 'launch_success']"
2026-07-16T20:52:48.229663,5413,spacex,?,json_manip,scalar_to_array,bert,0.0,0.002,[],"['flight_number', 'mission_name', 'rocket_id', 'launch_success']"
2026-07-16T20:52:48.229674,5418,spacex,?,json_manip,outlier_injection,bert,0.0,0.002,[],"['flight_number', 'mission_name', 'rocket_id', 'launch_success']"
2026-07-16T20:52:48.229685,5419,spacex,?,json_manip,null_injection,bert,0.0,0.002,[],"['flight_number', 'mission_name', 'rocket_id', 'launch_success']"
2026-07-16T20:52:48.229727,5423,spacex,?,json_manip,scalar_to_array,bert,0.0,0.007,[],"['flight_number', 'mission_name', 'rocket_id', 'launch_success']"
2026-07-16T20:52:48.229739,5425,spacex,?,json_manip,field_join,bert,0.0,0.007,[],"['flight_number', 'mission_name', 'rocket_id', 'launch_success']"
2026-07-16T20:52:48.229757,5434,spacex,?,json_manip,outlier_injection,bert,0.0,0.007,[],"['flight_number', 'mission_name', 'rocket_id', 'launch_success']"
2026-07-16T20:52:48.229769,5438,spacex,?,json_manip,variable_drop,bert,0.0,0.007,[],"['flight_number', 'mission_name', 'rocket_id', 'launch_success']"
2026-07-16T20:52:48.229796,5440,spacex,?,json_manip,default_value_inject,bert,0.0,0.001,[],"['flight_number', 'mission_name', 'rocket_id', 'launch_success']"
2026-07-16T20:52:48.229811,5442,spacex,?,json_manip,field_split,bert,0.0,0.001,[],"['flight_number', 'mission_name', 'rocket_id', 'launch_success']"
2026-07-16T20:52:48.229823,5443,spacex,?,json_manip,field_merge_value,bert,0.0,0.001,[],"['flight_number', 'mission_name', 'rocket_id', 'launch_success']"
2026-07-16T20:52:48.229857,5462,spacex,?,json_manip,array_to_scalar,bert,0.0,0.001,[],"['flight_number', 'mission_name', 'rocket_id', 'launch_success']"
2026-07-16T20:52:48.229884,5470,spacex,?,json_manip,array_to_scalar,bert,0.0,0.002,[],"['flight_number', 'mission_name', 'rocket_id', 'launch_success']"
2026-07-16T20:52:48.229898,5476,spacex,?,json_manip,variable_drop,bert,0.0,0.002,[],"['flight_number', 'mission_name', 'rocket_id', 'launch_success']"
2026-07-16T20:52:48.229910,5485,spacex,?,json_manip,variable_drop,bert,0.0,0.002,[],"['flight_number', 'mission_name', 'rocket_id', 'launch_success']"
2026-07-16T20:52:48.229921,5492,spacex,?,json_manip,scalar_to_array,bert,0.0,0.002,[],"['flight_number', 'mission_name', 'rocket_id', 'launch_success']"
2026-07-16T20:52:48.229946,5495,spacex,?,json_manip,outlier_injection,bert,0.0,0.002,[],"['flight_number', 'mission_name', 'rocket_id', 'launch_success']"
2026-07-16T20:52:48.229960,5504,spacex,?,json_manip,outlier_injection,bert,0.0,0.002,[],"['flight_number', 'mission_name', 'rocket_id', 'launch_success']"
2026-07-16T20:52:48.229975,5506,spacex,?,json_manip,array_expansion,bert,0.0,0.002,[],"['flight_number', 'mission_name', 'rocket_id', 'launch_success']"
2026-07-16T20:52:48.229991,5511,spacex,?,json_manip,array_expansion,bert,0.0,0.002,[],"['flight_number', 'mission_name', 'rocket_id', 'launch_success']"
2026-07-16T20:52:48.230027,5516,spacex,?,json_manip,outlier_injection,bert,0.0,0.003,[],"['flight_number', 'mission_name', 'rocket_id', 'launch_success']"
2026-07-16T20:52:48.230042,5559,spacex,?,json_manip,field_merge_value,bert,0.0,0.003,[],"['flight_number', 'mission_name', 'rocket_id', 'launch_success']"
2026-07-16T20:52:48.230060,5568,spacex,?,json_manip,variable_drop,bert,0.0,0.003,[],"['flight_number', 'mission_name', 'rocket_id', 'launch_success']"
2026-07-16T20:52:48.230075,5578,spacex,?,json_manip,array_to_scalar,bert,0.0,0.003,[],"['flight_number', 'mission_name', 'rocket_id', 'launch_success']"
2026-07-16T20:52:48.230103,5585,spacex,?,json_manip,null_injection,bert,0.0,0.002,[],"['flight_number', 'mission_name', 'rocket_id', 'launch_success']"
2026-07-16T20:52:48.230114,5587,spacex,?,json_manip,variable_drop,bert,0.0,0.002,[],"['flight_number', 'mission_name', 'rocket_id', 'launch_success']"
2026-07-16T20:52:48.230129,5602,spacex,?,json_manip,scalar_to_array,bert,0.0,0.002,[],"['flight_number', 'mission_name', 'rocket_id', 'launch_success']"
2026-07-16T20:52:48.230142,5645,spacex,?,json_manip,field_join,bert,0.0,0.002,[],"['flight_number', 'mission_name', 'rocket_id', 'launch_success']"
2026-07-16T20:52:48.230175,5650,spacex,?,json_manip,variable_drop,bert,0.0,0.003,[],"['flight_number', 'mission_name', 'rocket_id', 'launch_success']"
2026-07-16T20:52:48.230187,5664,spacex,?,json_manip,field_join,bert,0.0,0.003,[],"['flight_number', 'mission_name', 'rocket_id', 'launch_success']"
2026-07-16T20:52:48.230203,5685,spacex,?,json_manip,array_expansion,bert,0.0,0.003,[],"['flight_number', 'mission_name', 'rocket_id', 'launch_success']"
2026-07-16T20:52:48.230218,5691,spacex,?,json_manip,array_to_scalar,bert,0.0,0.003,[],"['flight_number', 'mission_name', 'rocket_id', 'launch_success']"
2026-07-16T20:52:48.230247,5719,spacex,?,json_manip,field_join,bert,0.0,0.002,[],"['flight_number', 'mission_name', 'rocket_id', 'launch_success']"
2026-07-16T20:52:48.230265,5728,spacex,?,json_manip,field_join,bert,0.0,0.002,[],"['flight_number', 'mission_name', 'rocket_id', 'launch_success']"
2026-07-16T20:52:48.230276,5732,spacex,?,json_manip,default_value_inject,bert,0.0,0.002,[],"['flight_number', 'mission_name', 'rocket_id', 'launch_success']"
2026-07-16T20:52:48.230312,5739,spacex,?,json_manip,duplicate_field_inject,bert,0.0,0.002,[],"['flight_number', 'mission_name', 'rocket_id', 'launch_success']"
2026-07-16T20:52:48.230350,5740,spacex,?,json_manip,scalar_to_array,bert,0.0,0.003,[],"['flight_number', 'mission_name', 'rocket_id', 'launch_success']"
2026-07-16T20:52:48.230361,5742,spacex,?,json_manip,field_join,bert,0.0,0.003,[],"['flight_number', 'mission_name', 'rocket_id', 'launch_success']"
2026-07-16T20:52:48.230373,5756,spacex,?,json_manip,duplicate_field_inject,bert,0.0,0.003,[],"['flight_number', 'mission_name', 'rocket_id', 'launch_success']"
2026-07-16T20:52:48.230387,5783,spacex,?,json_manip,field_split,bert,0.0,0.003,[],"['flight_number', 'mission_name', 'rocket_id', 'launch_success']"
2026-07-16T20:52:48.230411,5790,spacex,?,json_manip,array_expansion,bert,0.0,0.002,[],"['flight_number', 'mission_name', 'rocket_id', 'launch_success']"
2026-07-16T20:52:48.230423,5795,spacex,?,json_manip,null_injection,bert,0.0,0.002,[],"['flight_number', 'mission_name', 'rocket_id', 'launch_success']"
2026-07-16T20:52:48.230434,5798,spacex,?,json_manip,duplicate_field_inject,bert,0.0,0.002,[],"['flight_number', 'mission_name', 'rocket_id', 'launch_success']"
2026-07-16T20:52:48.230446,5804,spacex,?,json_manip,default_value_inject,bert,0.0,0.002,[],"['flight_number', 'mission_name', 'rocket_id', 'launch_success']"
2026-07-16T20:52:48.230467,5806,spacex,?,json_manip,field_split,bert,0.0,0.0,[],"['flight_number', 'mission_name', 'rocket_id', 'launch_success']"
2026-07-16T20:52:48.230479,5819,spacex,?,json_manip,default_value_inject,bert,0.0,0.0,[],"['flight_number', 'mission_name', 'rocket_id', 'launch_success']"
2026-07-16T20:52:48.230494,5821,spacex,?,json_manip,array_to_scalar,bert,0.0,0.0,[],"['flight_number', 'mission_name', 'rocket_id', 'launch_success']"
2026-07-16T20:52:48.230505,5827,spacex,?,json_manip,field_merge_value,bert,0.0,0.0,[],"['flight_number', 'mission_name', 'rocket_id', 'launch_success']"
2026-07-16T20:52:48.230541,5831,spacex,?,json_manip,default_value_inject,bert,0.0,0.003,[],"['flight_number', 'mission_name', 'rocket_id', 'launch_success']"
2026-07-16T20:52:48.230553,5883,spacex,?,json_manip,field_join,bert,0.0,0.003,[],"['flight_number', 'mission_name', 'rocket_id', 'launch_success']"
2026-07-16T20:52:48.230568,5896,spacex,?,json_manip,default_value_inject,bert,0.0,0.003,[],"['flight_number', 'mission_name', 'rocket_id', 'launch_success']"
2026-07-16T20:52:48.230582,5898,spacex,?,json_manip,field_split,bert,0.0,0.003,[],"['flight_number', 'mission_name', 'rocket_id', 'launch_success']"
2026-07-16T20:52:48.230614,5911,spacex,?,json_manip,outlier_injection,bert,0.0,0.003,[],"['flight_number', 'mission_name', 'rocket_id', 'launch_success']"
2026-07-16T20:52:48.230626,5922,spacex,?,json_manip,variable_drop,bert,0.0,0.003,[],"['flight_number', 'mission_name', 'rocket_id', 'launch_success']"
2026-07-16T20:52:48.230641,5923,spacex,?,json_manip,duplicate_field_inject,bert,0.0,0.003,[],"['flight_number', 'mission_name', 'rocket_id', 'launch_success']"
2026-07-16T20:52:48.230652,5925,spacex,?,json_manip,outlier_injection,bert,0.0,0.003,[],"['flight_number', 'mission_name', 'rocket_id', 'launch_success']"
2026-07-16T20:52:48.230686,5938,spacex,?,json_manip,field_join,bert,0.0,0.003,[],"['flight_number', 'mission_name', 'rocket_id', 'launch_success']"
2026-07-16T20:52:48.230699,5969,spacex,?,json_manip,duplicate_field_inject,bert,0.0,0.003,[],"['flight_number', 'mission_name', 'rocket_id', 'launch_success']"
2026-07-16T20:52:48.230711,5972,spacex,?,json_manip,scalar_to_array,bert,0.0,0.003,[],"['flight_number', 'mission_name', 'rocket_id', 'launch_success']"
2026-07-16T20:52:48.230725,5985,spacex,?,json_manip,field_join,bert,0.0,0.003,[],"['flight_number', 'mission_name', 'rocket_id', 'launch_success']"
2026-07-16T20:52:48.230750,5990,spacex,?,json_manip,variable_drop,bert,0.0,0.002,[],"['flight_number', 'mission_name', 'rocket_id', 'launch_success']"
2026-07-16T20:52:48.230762,5991,spacex,?,json_manip,field_join,bert,0.0,0.002,[],"['flight_number', 'mission_name', 'rocket_id', 'launch_success']"
2026-07-16T20:52:48.230797,6006,spacex,?,json_manip,null_injection,bert,0.0,0.002,[],"['flight_number', 'mission_name', 'rocket_id', 'launch_success']"
2026-07-16T20:52:48.230812,6019,spacex,?,json_manip,field_join,bert,0.0,0.002,[],"['flight_number', 'mission_name', 'rocket_id', 'launch_success']"
2026-07-16T20:52:48.230840,6030,spacex,?,json_manip,duplicate_field_inject,bert,0.0,0.002,[],"['flight_number', 'mission_name', 'rocket_id', 'launch_success']"
2026-07-16T20:52:48.230852,6034,spacex,?,json_manip,scalar_to_array,bert,0.0,0.002,[],"['flight_number', 'mission_name', 'rocket_id', 'launch_success']"
2026-07-16T20:52:48.230863,6035,spacex,?,json_manip,null_injection,bert,0.0,0.002,[],"['flight_number', 'mission_name', 'rocket_id', 'launch_success']"
2026-07-16T20:52:48.230875,6043,spacex,?,json_manip,variable_drop,bert,0.0,0.002,[],"['flight_number', 'mission_name', 'rocket_id', 'launch_success']"
2026-07-16T20:52:48.230908,6065,spacex,?,json_manip,outlier_injection,bert,0.0,0.002,[],"['flight_number', 'mission_name', 'rocket_id', 'launch_success']"
2026-07-16T20:52:48.230926,6068,spacex,?,json_manip,array_expansion,bert,0.0,0.002,[],"['flight_number', 'mission_name', 'rocket_id', 'launch_success']"
2026-07-16T20:52:48.230940,6069,spacex,?,json_manip,scalar_to_array,bert,0.0,0.002,[],"['flight_number', 'mission_name', 'rocket_id', 'launch_success']"
2026-07-16T20:52:48.230952,6075,spacex,?,json_manip,duplicate_field_inject,bert,0.0,0.002,[],"['flight_number', 'mission_name', 'rocket_id', 'launch_success']"
2026-07-16T20:52:48.230990,6105,spacex,?,json_manip,duplicate_field_inject,bert,0.0,0.003,[],"['flight_number', 'mission_name', 'rocket_id', 'launch_success']"
2026-07-16T20:52:48.231002,6114,spacex,?,json_manip,array_expansion,bert,0.0,0.003,[],"['flight_number', 'mission_name', 'rocket_id', 'launch_success']"
2026-07-16T20:52:48.231013,6123,spacex,?,json_manip,array_expansion,bert,0.0,0.003,[],"['flight_number', 'mission_name', 'rocket_id', 'launch_success']"
2026-07-16T20:52:48.231025,6129,spacex,?,json_manip,field_join,bert,0.0,0.003,[],"['flight_number', 'mission_name', 'rocket_id', 'launch_success']"
2026-07-16T20:52:48.231049,6133,spacex,?,json_manip,field_split,bert,0.0,0.002,[],"['flight_number', 'mission_name', 'rocket_id', 'launch_success']"
2026-07-16T20:52:48.231061,6135,spacex,?,json_manip,field_merge_value,bert,0.0,0.002,[],"['flight_number', 'mission_name', 'rocket_id', 'launch_success']"
2026-07-16T20:52:48.231078,6137,spacex,?,json_manip,array_expansion,bert,0.0,0.002,[],"['flight_number', 'mission_name', 'rocket_id', 'launch_success']"
2026-07-16T20:52:48.231110,6150,spacex,?,json_manip,array_to_scalar,bert,0.0,0.002,[],"['flight_number', 'mission_name', 'rocket_id', 'launch_success']"
2026-07-16T20:52:48.231139,6161,spacex,?,json_manip,field_split,bert,0.0,0.002,[],"['flight_number', 'mission_name', 'rocket_id', 'launch_success']"
2026-07-16T20:52:48.231150,6164,spacex,?,json_manip,field_join,bert,0.0,0.002,[],"['flight_number', 'mission_name', 'rocket_id', 'launch_success']"
2026-07-16T20:52:48.231161,6173,spacex,?,json_manip,array_to_scalar,bert,0.0,0.002,[],"['flight_number', 'mission_name', 'rocket_id', 'launch_success']"
2026-07-16T20:52:48.231173,6192,spacex,?,json_manip,duplicate_field_inject,bert,0.0,0.002,[],"['flight_number', 'mission_name', 'rocket_id', 'launch_success']"
2026-07-16T20:52:48.231209,6204,spacex,?,json_manip,variable_drop,bert,0.0,0.003,[],"['flight_number', 'mission_name', 'rocket_id', 'launch_success']"
2026-07-16T20:52:48.231223,6212,spacex,?,json_manip,default_value_inject,bert,0.0,0.003,[],"['flight_number', 'mission_name', 'rocket_id', 'launch_success']"
2026-07-16T20:52:48.231239,6242,spacex,?,json_manip,default_value_inject,bert,0.0,0.003,[],"['flight_number', 'mission_name', 'rocket_id', 'launch_success']"
2026-07-16T20:52:48.231253,6243,spacex,?,json_manip,variable_drop,bert,0.0,0.003,[],"['flight_number', 'mission_name', 'rocket_id', 'launch_success']"
2026-07-16T20:52:48.231286,6255,spacex,?,json_manip,outlier_injection,bert,0.0,0.002,[],"['flight_number', 'mission_name', 'rocket_id', 'launch_success']"
2026-07-16T20:52:48.231302,6258,spacex,?,json_manip,duplicate_field_inject,bert,0.0,0.002,[],"['flight_number', 'mission_name', 'rocket_id', 'launch_success']"
2026-07-16T20:52:48.231317,6259,spacex,?,json_manip,default_value_inject,bert,0.0,0.002,[],"['flight_number', 'mission_name', 'rocket_id', 'launch_success']"
2026-07-16T20:52:48.231333,6266,spacex,?,json_manip,array_expansion,bert,0.0,0.002,[],"['flight_number', 'mission_name', 'rocket_id', 'launch_success']"
2026-07-16T20:52:48.231366,6277,spacex,?,json_manip,array_expansion,bert,0.0,0.002,[],"['flight_number', 'mission_name', 'rocket_id', 'launch_success']"
2026-07-16T20:52:48.231378,6281,spacex,?,json_manip,field_split,bert,0.0,0.002,[],"['flight_number', 'mission_name', 'rocket_id', 'launch_success']"
2026-07-16T20:52:48.231389,6284,spacex,?,json_manip,null_injection,bert,0.0,0.002,[],"['flight_number', 'mission_name', 'rocket_id', 'launch_success']"
2026-07-16T20:52:48.231400,6287,spacex,?,json_manip,duplicate_field_inject,bert,0.0,0.002,[],"['flight_number', 'mission_name', 'rocket_id', 'launch_success']"
2026-07-16T20:52:48.231421,6293,spacex,?,json_manip,variable_drop,bert,0.0,0.001,[],"['flight_number', 'mission_name', 'rocket_id', 'launch_success']"
2026-07-16T20:52:48.231432,6306,spacex,?,json_manip,field_merge_value,bert,0.0,0.001,[],"['flight_number', 'mission_name', 'rocket_id', 'launch_success']"
2026-07-16T20:52:48.231444,6307,spacex,?,json_manip,field_merge_value,bert,0.0,0.001,[],"['flight_number', 'mission_name', 'rocket_id', 'launch_success']"
2026-07-16T20:52:48.231459,6308,spacex,?,json_manip,duplicate_field_inject,bert,0.0,0.001,[],"['flight_number', 'mission_name', 'rocket_id', 'launch_success']"
2026-07-16T20:52:48.231507,6316,spacex,?,json_manip,scalar_to_array,bert,0.0,0.003,[],"['flight_number', 'mission_name', 'rocket_id', 'launch_success']"
2026-07-16T20:52:48.231522,6330,spacex,?,json_manip,field_merge_value,bert,0.0,0.003,[],"['flight_number', 'mission_name', 'rocket_id', 'launch_success']"
2026-07-16T20:52:48.231537,6331,spacex,?,json_manip,variable_drop,bert,0.0,0.003,[],"['flight_number', 'mission_name', 'rocket_id', 'launch_success']"
2026-07-16T20:52:48.231551,6348,spacex,?,json_manip,variable_drop,bert,0.0,0.003,[],"['flight_number', 'mission_name', 'rocket_id', 'launch_success']"
2026-07-16T20:52:48.231579,6357,spacex,?,json_manip,field_join,bert,0.0,0.002,[],"['flight_number', 'mission_name', 'rocket_id', 'launch_success']"
2026-07-16T20:52:48.231590,6379,spacex,?,json_manip,variable_drop,bert,0.0,0.002,[],"['flight_number', 'mission_name', 'rocket_id', 'launch_success']"
2026-07-16T20:52:48.231602,6390,spacex,?,json_manip,field_split,bert,0.0,0.002,[],"['flight_number', 'mission_name', 'rocket_id', 'launch_success']"
2026-07-16T20:52:48.231613,6394,spacex,?,json_manip,field_split,bert,0.0,0.002,[],"['flight_number', 'mission_name', 'rocket_id', 'launch_success']"
2026-07-16T20:52:48.231643,6429,spacex,?,json_manip,field_split,bert,0.0,0.002,[],"['flight_number', 'mission_name', 'rocket_id', 'launch_success']"
2026-07-16T20:52:48.231658,6441,spacex,?,json_manip,duplicate_field_inject,bert,0.0,0.002,[],"['flight_number', 'mission_name', 'rocket_id', 'launch_success']"
2026-07-16T20:52:48.231669,6450,spacex,?,json_manip,duplicate_field_inject,bert,0.0,0.002,[],"['flight_number', 'mission_name', 'rocket_id', 'launch_success']"
2026-07-16T20:52:48.231681,6452,spacex,?,json_manip,field_join,bert,0.0,0.002,[],"['flight_number', 'mission_name', 'rocket_id', 'launch_success']"
2026-07-16T20:52:48.231704,6455,spacex,?,json_manip,scalar_to_array,bert,0.0,0.002,[],"['flight_number', 'mission_name', 'rocket_id', 'launch_success']"
2026-07-16T20:52:48.231720,6456,spacex,?,json_manip,outlier_injection,bert,0.0,0.002,[],"['flight_number', 'mission_name', 'rocket_id', 'launch_success']"
2026-07-16T20:52:48.231731,6462,spacex,?,json_manip,field_join,bert,0.0,0.002,[],"['flight_number', 'mission_name', 'rocket_id', 'launch_success']"
2026-07-16T20:52:48.231745,6479,spacex,?,json_manip,outlier_injection,bert,0.0,0.002,[],"['flight_number', 'mission_name', 'rocket_id', 'launch_success']"
2026-07-16T20:52:48.231782,6486,spacex,?,json_manip,duplicate_field_inject,bert,0.0,0.003,[],"['flight_number', 'mission_name', 'rocket_id', 'launch_success']"
2026-07-16T20:52:48.231796,6492,spacex,?,json_manip,field_split,bert,0.0,0.003,[],"['flight_number', 'mission_name', 'rocket_id', 'launch_success']"
2026-07-16T20:52:48.231808,6514,spacex,?,json_manip,array_expansion,bert,0.0,0.003,[],"['flight_number', 'mission_name', 'rocket_id', 'launch_success']"
2026-07-16T20:52:48.231822,6526,spacex,?,json_manip,field_merge_value,bert,0.0,0.003,[],"['flight_number', 'mission_name', 'rocket_id', 'launch_success']"
2026-07-16T20:52:48.231853,6545,spacex,?,json_manip,field_join,bert,0.0,0.002,[],"['flight_number', 'mission_name', 'rocket_id', 'launch_success']"
2026-07-16T20:52:48.231888,6554,spacex,?,json_manip,variable_drop,bert,0.0,0.002,[],"['flight_number', 'mission_name', 'rocket_id', 'launch_success']"
2026-07-16T20:52:48.231899,6559,spacex,?,json_manip,duplicate_field_inject,bert,0.0,0.002,[],"['flight_number', 'mission_name', 'rocket_id', 'launch_success']"
2026-07-16T20:52:48.231911,6568,spacex,?,json_manip,field_split,bert,0.0,0.002,[],"['flight_number', 'mission_name', 'rocket_id', 'launch_success']"
2026-07-16T20:52:48.231941,6572,spacex,?,json_manip,field_merge_value,bert,0.0,0.002,[],"['flight_number', 'mission_name', 'rocket_id', 'launch_success']"
2026-07-16T20:52:48.231953,6577,spacex,?,json_manip,field_join,bert,0.0,0.002,[],"['flight_number', 'mission_name', 'rocket_id', 'launch_success']"
2026-07-16T20:52:48.231964,6581,spacex,?,json_manip,null_injection,bert,0.0,0.002,[],"['flight_number', 'mission_name', 'rocket_id', 'launch_success']"
2026-07-16T20:52:48.231978,6591,spacex,?,json_manip,duplicate_field_inject,bert,0.0,0.002,[],"['flight_number', 'mission_name', 'rocket_id', 'launch_success']"
2026-07-16T20:52:48.231999,6599,spacex,?,json_manip,default_value_inject,bert,0.0,0.002,[],"['flight_number', 'mission_name', 'rocket_id', 'launch_success']"
2026-07-16T20:52:48.232010,6605,spacex,?,json_manip,default_value_inject,bert,0.0,0.002,[],"['flight_number', 'mission_name', 'rocket_id', 'launch_success']"
2026-07-16T20:52:48.232022,6609,spacex,?,json_manip,scalar_to_array,bert,0.0,0.002,[],"['flight_number', 'mission_name', 'rocket_id', 'launch_success']"
2026-07-16T20:52:48.232033,6612,spacex,?,json_manip,field_join,bert,0.0,0.002,[],"['flight_number', 'mission_name', 'rocket_id', 'launch_success']"
2026-07-16T20:52:48.232055,6620,spacex,?,json_manip,duplicate_field_inject,bert,0.0,0.002,[],"['flight_number', 'mission_name', 'rocket_id', 'launch_success']"
2026-07-16T20:52:48.232066,6625,spacex,?,json_manip,variable_drop,bert,0.0,0.002,[],"['flight_number', 'mission_name', 'rocket_id', 'launch_success']"
2026-07-16T20:52:48.232078,6626,spacex,?,json_manip,outlier_injection,bert,0.0,0.002,[],"['flight_number', 'mission_name', 'rocket_id', 'launch_success']"
2026-07-16T20:52:48.232089,6629,spacex,?,json_manip,default_value_inject,bert,0.0,0.002,[],"['flight_number', 'mission_name', 'rocket_id', 'launch_success']"
2026-07-16T20:52:48.232105,6637,spacex,?,json_manip,array_to_scalar,bert,0.0,0.001,[],"['flight_number', 'mission_name', 'rocket_id', 'launch_success']"
2026-07-16T20:52:48.232116,6639,spacex,?,json_manip,null_injection,bert,0.0,0.001,[],"['flight_number', 'mission_name', 'rocket_id', 'launch_success']"
2026-07-16T20:52:48.232127,6640,spacex,?,json_manip,outlier_injection,bert,0.0,0.001,[],"['flight_number', 'mission_name', 'rocket_id', 'launch_success']"
2026-07-16T20:52:48.232139,6641,spacex,?,json_manip,scalar_to_array,bert,0.0,0.001,[],"['flight_number', 'mission_name', 'rocket_id', 'launch_success']"
2026-07-16T20:52:48.232244,6646,spacex,?,json_manip,field_join,bert,0.0,0.004,[],"['flight_number', 'mission_name', 'rocket_id', 'launch_success']"
2026-07-16T20:52:48.232273,6651,spacex,?,json_manip,duplicate_field_inject,bert,0.0,0.004,[],"['flight_number', 'mission_name', 'rocket_id', 'launch_success']"
2026-07-16T20:52:48.232290,6652,spacex,?,json_manip,array_to_scalar,bert,0.0,0.004,[],"['flight_number', 'mission_name', 'rocket_id', 'launch_success']"
2026-07-16T20:52:48.232307,6657,spacex,?,json_manip,field_split,bert,0.0,0.004,[],"['flight_number', 'mission_name', 'rocket_id', 'launch_success']"
2026-07-16T20:52:48.232365,6678,spacex,?,json_manip,field_split,bert,0.0,0.009,[],"['flight_number', 'mission_name', 'rocket_id', 'launch_success']"
2026-07-16T20:52:48.232380,6684,spacex,?,json_manip,field_join,bert,0.0,0.009,[],"['flight_number', 'mission_name', 'rocket_id', 'launch_success']"
2026-07-16T20:52:48.232392,6713,spacex,?,json_manip,outlier_injection,bert,0.0,0.009,[],"['flight_number', 'mission_name', 'rocket_id', 'launch_success']"
2026-07-16T20:52:48.232404,6714,spacex,?,json_manip,outlier_injection,bert,0.0,0.009,[],"['flight_number', 'mission_name', 'rocket_id', 'launch_success']"
2026-07-16T20:52:48.232436,6719,spacex,?,json_manip,array_to_scalar,bert,0.0,0.002,[],"['flight_number', 'mission_name', 'rocket_id', 'launch_success']"
2026-07-16T20:52:48.232450,6734,spacex,?,json_manip,field_join,bert,0.0,0.002,[],"['flight_number', 'mission_name', 'rocket_id', 'launch_success']"
2026-07-16T20:52:48.232462,6750,spacex,?,json_manip,field_merge_value,bert,0.0,0.002,[],"['flight_number', 'mission_name', 'rocket_id', 'launch_success']"
2026-07-16T20:52:48.232477,6751,spacex,?,json_manip,variable_drop,bert,0.0,0.002,[],"['flight_number', 'mission_name', 'rocket_id', 'launch_success']"
2026-07-16T20:52:48.232505,6755,spacex,?,json_manip,field_merge_value,bert,0.0,0.002,[],"['flight_number', 'mission_name', 'rocket_id', 'launch_success']"
2026-07-16T20:52:48.232517,6758,spacex,?,json_manip,outlier_injection,bert,0.0,0.002,[],"['flight_number', 'mission_name', 'rocket_id', 'launch_success']"
2026-07-16T20:52:48.232529,6777,spacex,?,json_manip,field_split,bert,0.0,0.002,[],"['flight_number', 'mission_name', 'rocket_id', 'launch_success']"
2026-07-16T20:52:48.232540,6779,spacex,?,json_manip,field_join,bert,0.0,0.002,[],"['flight_number', 'mission_name', 'rocket_id', 'launch_success']"
2026-07-16T20:52:48.232565,6780,spacex,?,json_manip,field_join,bert,0.0,0.002,[],"['flight_number', 'mission_name', 'rocket_id', 'launch_success']"
2026-07-16T20:52:48.232580,6790,spacex,?,json_manip,outlier_injection,bert,0.0,0.002,[],"['flight_number', 'mission_name', 'rocket_id', 'launch_success']"
2026-07-16T20:52:48.232592,6799,spacex,?,json_manip,field_join,bert,0.0,0.002,[],"['flight_number', 'mission_name', 'rocket_id', 'launch_success']"
2026-07-16T20:52:48.232604,6801,spacex,?,json_manip,duplicate_field_inject,bert,0.0,0.002,[],"['flight_number', 'mission_name', 'rocket_id', 'launch_success']"
2026-07-16T20:52:48.232632,6804,spacex,?,json_manip,duplicate_field_inject,bert,0.0,0.002,[],"['flight_number', 'mission_name', 'rocket_id', 'launch_success']"
2026-07-16T20:52:48.232644,6810,spacex,?,json_manip,default_value_inject,bert,0.0,0.002,[],"['flight_number', 'mission_name', 'rocket_id', 'launch_success']"
2026-07-16T20:52:48.232656,6818,spacex,?,json_manip,field_join,bert,0.0,0.002,[],"['flight_number', 'mission_name', 'rocket_id', 'launch_success']"
2026-07-16T20:52:48.232668,6842,spacex,?,json_manip,field_join,bert,0.0,0.002,[],"['flight_number', 'mission_name', 'rocket_id', 'launch_success']"
2026-07-16T20:52:48.232712,6857,spacex,?,json_manip,array_expansion,bert,0.0,0.003,[],"['flight_number', 'mission_name', 'rocket_id', 'launch_success']"
2026-07-16T20:52:48.232725,6864,spacex,?,json_manip,array_expansion,bert,0.0,0.003,[],"['flight_number', 'mission_name', 'rocket_id', 'launch_success']"
2026-07-16T20:52:48.232737,6891,spacex,?,json_manip,array_to_scalar,bert,0.0,0.003,[],"['flight_number', 'mission_name', 'rocket_id', 'launch_success']"
2026-07-16T20:52:48.232748,6899,spacex,?,json_manip,outlier_injection,bert,0.0,0.003,[],"['flight_number', 'mission_name', 'rocket_id', 'launch_success']"
2026-07-16T20:52:48.232785,6915,spacex,?,json_manip,null_injection,bert,0.0,0.003,[],"['flight_number', 'mission_name', 'rocket_id', 'launch_success']"
2026-07-16T20:52:48.232800,6932,spacex,?,json_manip,null_injection,bert,0.0,0.003,[],"['flight_number', 'mission_name', 'rocket_id', 'launch_success']"
2026-07-16T20:52:48.232812,6939,spacex,?,json_manip,field_split,bert,0.0,0.003,[],"['flight_number', 'mission_name', 'rocket_id', 'launch_success']"
2026-07-16T20:52:48.232823,6941,spacex,?,json_manip,default_value_inject,bert,0.0,0.003,[],"['flight_number', 'mission_name', 'rocket_id', 'launch_success']"
2026-07-16T20:52:48.232846,6942,spacex,?,json_manip,duplicate_field_inject,bert,0.0,0.001,[],"['flight_number', 'mission_name', 'rocket_id', 'launch_success']"
2026-07-16T20:52:48.232859,6944,spacex,?,json_manip,scalar_to_array,bert,0.0,0.001,[],"['flight_number', 'mission_name', 'rocket_id', 'launch_success']"
2026-07-16T20:52:48.232870,6948,spacex,?,json_manip,field_split,bert,0.0,0.001,[],"['flight_number', 'mission_name', 'rocket_id', 'launch_success']"
2026-07-16T20:52:48.232882,6954,spacex,?,json_manip,field_join,bert,0.0,0.001,[],"['flight_number', 'mission_name', 'rocket_id', 'launch_success']"
2026-07-16T20:52:48.232918,6963,spacex,?,json_manip,duplicate_field_inject,bert,0.0,0.003,[],"['flight_number', 'mission_name', 'rocket_id', 'launch_success']"
2026-07-16T20:52:48.232930,6969,spacex,?,json_manip,field_split,bert,0.0,0.003,[],"['flight_number', 'mission_name', 'rocket_id', 'launch_success']"
2026-07-16T20:52:48.232946,6981,spacex,?,json_manip,null_injection,bert,0.0,0.003,[],"['flight_number', 'mission_name', 'rocket_id', 'launch_success']"
2026-07-16T20:52:48.232958,6989,spacex,?,json_manip,default_value_inject,bert,0.0,0.003,[],"['flight_number', 'mission_name', 'rocket_id', 'launch_success']"
2026-07-16T20:52:48.232999,6996,spacex,?,json_manip,array_to_scalar,bert,0.0,0.003,[],"['flight_number', 'mission_name', 'rocket_id', 'launch_success']"
2026-07-16T20:52:48.233014,7014,spacex,?,json_manip,outlier_injection,bert,0.0,0.003,[],"['flight_number', 'mission_name', 'rocket_id', 'launch_success']"
2026-07-16T20:52:48.233026,7020,spacex,?,json_manip,field_merge_value,bert,0.0,0.003,[],"['flight_number', 'mission_name', 'rocket_id', 'launch_success']"
2026-07-16T20:52:48.233041,7037,spacex,?,json_manip,field_merge_value,bert,0.0,0.003,[],"['flight_number', 'mission_name', 'rocket_id', 'launch_success']"
2026-07-16T20:52:48.233063,7039,spacex,?,json_manip,array_to_scalar,bert,0.0,0.001,[],"['flight_number', 'mission_name', 'rocket_id', 'launch_success']"
2026-07-16T20:52:48.233075,7040,spacex,?,json_manip,scalar_to_array,bert,0.0,0.001,[],"['flight_number', 'mission_name', 'rocket_id', 'launch_success']"
2026-07-16T20:52:48.233086,7043,spacex,?,json_manip,null_injection,bert,0.0,0.001,[],"['flight_number', 'mission_name', 'rocket_id', 'launch_success']"
2026-07-16T20:52:48.233097,7045,spacex,?,json_manip,variable_drop,bert,0.0,0.001,[],"['flight_number', 'mission_name', 'rocket_id', 'launch_success']"
2026-07-16T20:52:48.233134,7058,spacex,?,json_manip,field_join,bert,0.0,0.003,[],"['flight_number', 'mission_name', 'rocket_id', 'launch_success']"
2026-07-16T20:52:48.233146,7078,spacex,?,json_manip,field_split,bert,0.0,0.003,[],"['flight_number', 'mission_name', 'rocket_id', 'launch_success']"
2026-07-16T20:52:48.233161,7097,spacex,?,json_manip,field_split,bert,0.0,0.003,[],"['flight_number', 'mission_name', 'rocket_id', 'launch_success']"
2026-07-16T20:52:48.233175,7107,spacex,?,json_manip,default_value_inject,bert,0.0,0.003,[],"['flight_number', 'mission_name', 'rocket_id', 'launch_success']"
2026-07-16T20:52:48.233202,7109,spacex,?,json_manip,field_join,bert,0.0,0.002,[],"['flight_number', 'mission_name', 'rocket_id', 'launch_success']"
2026-07-16T20:52:48.233251,7117,spacex,?,json_manip,field_split,bert,0.0,0.002,[],"['flight_number', 'mission_name', 'rocket_id', 'launch_success']"
2026-07-16T20:52:48.233264,7128,spacex,?,json_manip,field_join,bert,0.0,0.002,[],"['flight_number', 'mission_name', 'rocket_id', 'launch_success']"
2026-07-16T20:52:48.233276,7129,spacex,?,json_manip,scalar_to_array,bert,0.0,0.002,[],"['flight_number', 'mission_name', 'rocket_id', 'launch_success']"
2026-07-16T20:52:48.233303,7131,spacex,?,json_manip,field_split,bert,0.0,0.002,[],"['flight_number', 'mission_name', 'rocket_id', 'launch_success']"
2026-07-16T20:52:48.233315,7134,spacex,?,json_manip,field_split,bert,0.0,0.002,[],"['flight_number', 'mission_name', 'rocket_id', 'launch_success']"
2026-07-16T20:52:48.233326,7144,spacex,?,json_manip,field_split,bert,0.0,0.002,[],"['flight_number', 'mission_name', 'rocket_id', 'launch_success']"
2026-07-16T20:52:48.233338,7156,spacex,?,json_manip,field_join,bert,0.0,0.002,[],"['flight_number', 'mission_name', 'rocket_id', 'launch_success']"
2026-07-16T20:52:48.233383,7167,spacex,?,json_manip,scalar_to_array,bert,0.0,0.003,[],"['flight_number', 'mission_name', 'rocket_id', 'launch_success']"
2026-07-16T20:52:48.233399,7185,spacex,?,json_manip,scalar_to_array,bert,0.0,0.003,[],"['flight_number', 'mission_name', 'rocket_id', 'launch_success']"
2026-07-16T20:52:48.233410,7186,spacex,?,json_manip,variable_drop,bert,0.0,0.003,[],"['flight_number', 'mission_name', 'rocket_id', 'launch_success']"
2026-07-16T20:52:48.233422,7203,spacex,?,json_manip,array_to_scalar,bert,0.0,0.003,[],"['flight_number', 'mission_name', 'rocket_id', 'launch_success']"
2026-07-16T20:52:48.233470,7226,spacex,?,json_manip,outlier_injection,bert,0.0,0.004,[],"['flight_number', 'mission_name', 'rocket_id', 'launch_success']"
2026-07-16T20:52:48.233482,7231,spacex,?,json_manip,scalar_to_array,bert,0.0,0.004,[],"['flight_number', 'mission_name', 'rocket_id', 'launch_success']"
2026-07-16T20:52:48.233495,7274,spacex,?,json_manip,scalar_to_array,bert,0.0,0.004,[],"['flight_number', 'mission_name', 'rocket_id', 'launch_success']"
2026-07-16T20:52:48.233510,7280,spacex,?,json_manip,field_split,bert,0.0,0.004,[],"['flight_number', 'mission_name', 'rocket_id', 'launch_success']"
2026-07-16T20:52:48.233539,7286,spacex,?,json_manip,scalar_to_array,bert,0.0,0.002,[],"['flight_number', 'mission_name', 'rocket_id', 'launch_success']"
2026-07-16T20:52:48.233554,7293,spacex,?,json_manip,scalar_to_array,bert,0.0,0.002,[],"['flight_number', 'mission_name', 'rocket_id', 'launch_success']"
2026-07-16T20:52:48.233566,7306,spacex,?,json_manip,array_expansion,bert,0.0,0.002,[],"['flight_number', 'mission_name', 'rocket_id', 'launch_success']"
2026-07-16T20:52:48.233578,7312,spacex,?,json_manip,outlier_injection,bert,0.0,0.002,[],"['flight_number', 'mission_name', 'rocket_id', 'launch_success']"
2026-07-16T20:52:48.233618,7313,spacex,?,json_manip,array_expansion,bert,0.0,0.002,[],"['flight_number', 'mission_name', 'rocket_id', 'launch_success']"
2026-07-16T20:52:48.233630,7314,spacex,?,json_manip,variable_drop,bert,0.0,0.002,[],"['flight_number', 'mission_name', 'rocket_id', 'launch_success']"
2026-07-16T20:52:48.233642,7320,spacex,?,json_manip,outlier_injection,bert,0.0,0.002,[],"['flight_number', 'mission_name', 'rocket_id', 'launch_success']"
2026-07-16T20:52:48.233653,7334,spacex,?,json_manip,field_join,bert,0.0,0.002,[],"['flight_number', 'mission_name', 'rocket_id', 'launch_success']"
2026-07-16T20:52:48.233686,7345,spacex,?,json_manip,scalar_to_array,bert,0.0,0.003,[],"['flight_number', 'mission_name', 'rocket_id', 'launch_success']"
2026-07-16T20:52:48.233703,7382,spacex,?,json_manip,variable_drop,bert,0.0,0.003,[],"['flight_number', 'mission_name', 'rocket_id', 'launch_success']"
2026-07-16T20:52:48.233714,7388,spacex,?,json_manip,duplicate_field_inject,bert,0.0,0.003,[],"['flight_number', 'mission_name', 'rocket_id', 'launch_success']"
2026-07-16T20:52:48.233726,7392,spacex,?,json_manip,duplicate_field_inject,bert,0.0,0.003,[],"['flight_number', 'mission_name', 'rocket_id', 'launch_success']"
2026-07-16T20:52:48.233749,7403,spacex,?,json_manip,array_expansion,bert,0.0,0.001,[],"['flight_number', 'mission_name', 'rocket_id', 'launch_success']"
2026-07-16T20:52:48.233761,7405,spacex,?,json_manip,duplicate_field_inject,bert,0.0,0.001,[],"['flight_number', 'mission_name', 'rocket_id', 'launch_success']"
2026-07-16T20:52:48.233773,7408,spacex,?,json_manip,field_merge_value,bert,0.0,0.001,[],"['flight_number', 'mission_name', 'rocket_id', 'launch_success']"
2026-07-16T20:52:48.233789,7416,spacex,?,json_manip,array_to_scalar,bert,0.0,0.001,[],"['flight_number', 'mission_name', 'rocket_id', 'launch_success']"
2026-07-16T20:52:48.233828,7418,spacex,?,json_manip,array_expansion,bert,0.0,0.003,[],"['flight_number', 'mission_name', 'rocket_id', 'launch_success']"
2026-07-16T20:52:48.233844,7437,spacex,?,json_manip,field_join,bert,0.0,0.003,[],"['flight_number', 'mission_name', 'rocket_id', 'launch_success']"
2026-07-16T20:52:48.233855,7451,spacex,?,json_manip,field_join,bert,0.0,0.003,[],"['flight_number', 'mission_name', 'rocket_id', 'launch_success']"
2026-07-16T20:52:48.233867,7454,spacex,?,json_manip,scalar_to_array,bert,0.0,0.003,[],"['flight_number', 'mission_name', 'rocket_id', 'launch_success']"
2026-07-16T20:52:48.233917,7456,spacex,?,json_manip,null_injection,bert,0.0,0.002,[],"['flight_number', 'mission_name', 'rocket_id', 'launch_success']"
2026-07-16T20:52:48.233929,7464,spacex,?,json_manip,variable_drop,bert,0.0,0.002,[],"['flight_number', 'mission_name', 'rocket_id', 'launch_success']"
2026-07-16T20:52:48.233942,7487,spacex,?,json_manip,field_join,bert,0.0,0.002,[],"['flight_number', 'mission_name', 'rocket_id', 'launch_success']"
2026-07-16T20:52:48.233953,7502,openweather,?,json_manip,scalar_to_array,bert,0.0,0.002,[],"['temp', 'humidity', 'wind_speed', 'description']"
2026-07-16T20:52:48.233986,7514,openweather,?,json_manip,scalar_to_array,bert,0.0,0.002,[],"['temp', 'humidity', 'wind_speed', 'description']"
2026-07-16T20:52:48.233998,7530,openweather,?,json_manip,array_expansion,bert,0.0,0.002,[],"['temp', 'humidity', 'wind_speed', 'description']"
2026-07-16T20:52:48.234009,7531,openweather,?,json_manip,default_value_inject,bert,0.0,0.002,[],"['temp', 'humidity', 'wind_speed', 'description']"
2026-07-16T20:52:48.234021,7532,openweather,?,json_manip,field_merge_value,bert,0.0,0.002,[],"['temp', 'humidity', 'wind_speed', 'description']"
2026-07-16T20:52:48.234054,7544,openweather,?,json_manip,null_injection,bert,0.0,0.002,[],"['temp', 'humidity', 'wind_speed', 'description']"
2026-07-16T20:52:48.234066,7550,openweather,?,json_manip,outlier_injection,bert,0.0,0.002,[],"['temp', 'humidity', 'wind_speed', 'description']"
2026-07-16T20:52:48.234077,7555,openweather,?,json_manip,array_to_scalar,bert,0.0,0.002,[],"['temp', 'humidity', 'wind_speed', 'description']"
2026-07-16T20:52:48.234088,7556,openweather,?,json_manip,default_value_inject,bert,0.0,0.002,[],"['temp', 'humidity', 'wind_speed', 'description']"
2026-07-16T20:52:48.234133,7573,openweather,?,json_manip,array_to_scalar,bert,0.0,0.006,[],"['temp', 'humidity', 'wind_speed', 'description']"
2026-07-16T20:52:48.234145,7582,openweather,?,json_manip,field_split,bert,0.0,0.006,[],"['temp', 'humidity', 'wind_speed', 'description']"
2026-07-16T20:52:48.234157,7586,openweather,?,json_manip,null_injection,bert,0.0,0.006,[],"['temp', 'humidity', 'wind_speed', 'description']"
2026-07-16T20:52:48.234168,7600,openweather,?,json_manip,field_join,bert,0.0,0.006,[],"['temp', 'humidity', 'wind_speed', 'description']"
2026-07-16T20:52:48.234210,7632,openweather,?,json_manip,field_merge_value,bert,0.0,0.003,[],"['temp', 'humidity', 'wind_speed', 'description']"
2026-07-16T20:52:48.234222,7646,openweather,?,json_manip,duplicate_field_inject,bert,0.0,0.003,[],"['temp', 'humidity', 'wind_speed', 'description']"
2026-07-16T20:52:48.234234,7652,openweather,?,json_manip,outlier_injection,bert,0.0,0.003,[],"['temp', 'humidity', 'wind_speed', 'description']"
2026-07-16T20:52:48.234263,7660,openweather,?,json_manip,array_expansion,bert,0.0,0.003,[],"['temp', 'humidity', 'wind_speed', 'description']"
2026-07-16T20:52:48.234297,7666,openweather,?,json_manip,field_join,bert,0.0,0.001,[],"['temp', 'humidity', 'wind_speed', 'description']"
2026-07-16T20:52:48.234311,7674,openweather,?,json_manip,field_merge_value,bert,0.0,0.001,[],"['temp', 'humidity', 'wind_speed', 'description']"
2026-07-16T20:52:48.234323,7682,openweather,?,json_manip,field_join,bert,0.0,0.001,[],"['temp', 'humidity', 'wind_speed', 'description']"
2026-07-16T20:52:48.234334,7689,openweather,?,json_manip,field_join,bert,0.0,0.001,[],"['temp', 'humidity', 'wind_speed', 'description']"
2026-07-16T20:52:48.234365,7693,openweather,?,json_manip,variable_drop,bert,0.0,0.003,[],"['temp', 'humidity', 'wind_speed', 'description']"
2026-07-16T20:52:48.234379,7746,openweather,?,json_manip,array_to_scalar,bert,0.0,0.003,[],"['temp', 'humidity', 'wind_speed', 'description']"
2026-07-16T20:52:48.234391,7758,openweather,?,json_manip,scalar_to_array,bert,0.0,0.003,[],"['temp', 'humidity', 'wind_speed', 'description']"
2026-07-16T20:52:48.234415,7761,openweather,?,json_manip,null_injection,bert,0.0,0.003,[],"['temp', 'humidity', 'wind_speed', 'description']"
2026-07-16T20:52:48.234439,7765,openweather,?,json_manip,outlier_injection,bert,0.0,0.002,[],"['temp', 'humidity', 'wind_speed', 'description']"
2026-07-16T20:52:48.234451,7778,openweather,?,json_manip,scalar_to_array,bert,0.0,0.002,[],"['temp', 'humidity', 'wind_speed', 'description']"
2026-07-16T20:52:48.234463,7787,openweather,?,json_manip,default_value_inject,bert,0.0,0.002,[],"['temp', 'humidity', 'wind_speed', 'description']"
2026-07-16T20:52:48.234474,7791,openweather,?,json_manip,field_split,bert,0.0,0.002,[],"['temp', 'humidity', 'wind_speed', 'description']"
2026-07-16T20:52:48.234501,7799,openweather,?,json_manip,variable_drop,bert,0.0,0.001,[],"['temp', 'humidity', 'wind_speed', 'description']"
2026-07-16T20:52:48.234514,7810,openweather,?,json_manip,field_merge_value,bert,0.0,0.001,[],"['temp', 'humidity', 'wind_speed', 'description']"
2026-07-16T20:52:48.234525,7814,openweather,?,json_manip,null_injection,bert,0.0,0.001,[],"['temp', 'humidity', 'wind_speed', 'description']"
2026-07-16T20:52:48.234536,7819,openweather,?,json_manip,duplicate_field_inject,bert,0.0,0.001,[],"['temp', 'humidity', 'wind_speed', 'description']"
2026-07-16T20:52:48.234561,7820,openweather,?,json_manip,scalar_to_array,bert,0.0,0.002,[],"['temp', 'humidity', 'wind_speed', 'description']"
2026-07-16T20:52:48.234573,7824,openweather,?,json_manip,null_injection,bert,0.0,0.002,[],"['temp', 'humidity', 'wind_speed', 'description']"
2026-07-16T20:52:48.234584,7836,openweather,?,json_manip,array_expansion,bert,0.0,0.002,[],"['temp', 'humidity', 'wind_speed', 'description']"
2026-07-16T20:52:48.234597,7847,openweather,?,json_manip,array_expansion,bert,0.0,0.002,[],"['temp', 'humidity', 'wind_speed', 'description']"
2026-07-16T20:52:48.234615,7851,openweather,?,json_manip,field_merge_value,bert,0.0,0.001,[],"['temp', 'humidity', 'wind_speed', 'description']"
2026-07-16T20:52:48.234627,7853,openweather,?,json_manip,outlier_injection,bert,0.0,0.001,[],"['temp', 'humidity', 'wind_speed', 'description']"
2026-07-16T20:52:48.234638,7856,openweather,?,json_manip,variable_drop,bert,0.0,0.001,[],"['temp', 'humidity', 'wind_speed', 'description']"
2026-07-16T20:52:48.234649,7858,openweather,?,json_manip,default_value_inject,bert,0.0,0.001,[],"['temp', 'humidity', 'wind_speed', 'description']"
2026-07-16T20:52:48.234674,7863,openweather,?,json_manip,duplicate_field_inject,bert,0.0,0.001,[],"['temp', 'humidity', 'wind_speed', 'description']"
2026-07-16T20:52:48.234686,7866,openweather,?,json_manip,field_merge_value,bert,0.0,0.001,[],"['temp', 'humidity', 'wind_speed', 'description']"
2026-07-16T20:52:48.234699,7867,openweather,?,json_manip,array_to_scalar,bert,0.0,0.001,[],"['temp', 'humidity', 'wind_speed', 'description']"
2026-07-16T20:52:48.234711,7868,openweather,?,json_manip,null_injection,bert,0.0,0.001,[],"['temp', 'humidity', 'wind_speed', 'description']"
2026-07-16T20:52:48.234734,7870,openweather,?,json_manip,field_join,bert,0.0,0.001,[],"['temp', 'humidity', 'wind_speed', 'description']"
2026-07-16T20:52:48.234745,7875,openweather,?,json_manip,field_split,bert,0.0,0.001,[],"['temp', 'humidity', 'wind_speed', 'description']"
2026-07-16T20:52:48.234767,7892,openweather,?,json_manip,field_merge_value,bert,0.0,0.001,[],"['temp', 'humidity', 'wind_speed', 'description']"
2026-07-16T20:52:48.234778,7893,openweather,?,json_manip,scalar_to_array,bert,0.0,0.001,[],"['temp', 'humidity', 'wind_speed', 'description']"
2026-07-16T20:52:48.234803,7901,openweather,?,json_manip,variable_drop,bert,0.0,0.003,[],"['temp', 'humidity', 'wind_speed', 'description']"
2026-07-16T20:52:48.234816,7916,openweather,?,json_manip,duplicate_field_inject,bert,0.0,0.003,[],"['temp', 'humidity', 'wind_speed', 'description']"
2026-07-16T20:52:48.234833,7926,openweather,?,json_manip,null_injection,bert,0.0,0.003,[],"['temp', 'humidity', 'wind_speed', 'description']"
2026-07-16T20:52:48.234845,7929,openweather,?,json_manip,field_merge_value,bert,0.0,0.003,[],"['temp', 'humidity', 'wind_speed', 'description']"
2026-07-16T20:52:48.234876,7941,openweather,?,json_manip,array_expansion,bert,0.0,0.002,[],"['temp', 'humidity', 'wind_speed', 'description']"
2026-07-16T20:52:48.234888,7947,openweather,?,json_manip,outlier_injection,bert,0.0,0.002,[],"['temp', 'humidity', 'wind_speed', 'description']"
2026-07-16T20:52:48.234899,7960,openweather,?,json_manip,outlier_injection,bert,0.0,0.002,[],"['temp', 'humidity', 'wind_speed', 'description']"
2026-07-16T20:52:48.234911,7963,openweather,?,json_manip,outlier_injection,bert,0.0,0.002,[],"['temp', 'humidity', 'wind_speed', 'description']"
2026-07-16T20:52:48.234935,7984,openweather,?,json_manip,field_join,bert,0.0,0.002,[],"['temp', 'humidity', 'wind_speed', 'description']"
2026-07-16T20:52:48.234950,7989,openweather,?,json_manip,array_expansion,bert,0.0,0.002,[],"['temp', 'humidity', 'wind_speed', 'description']"
2026-07-16T20:52:48.234961,8013,openweather,?,json_manip,array_expansion,bert,0.0,0.002,[],"['temp', 'humidity', 'wind_speed', 'description']"
2026-07-16T20:52:48.234972,8015,openweather,?,json_manip,null_injection,bert,0.0,0.002,[],"['temp', 'humidity', 'wind_speed', 'description']"
2026-07-16T20:52:48.235004,8018,openweather,?,json_manip,field_join,bert,0.0,0.001,[],"['temp', 'humidity', 'wind_speed', 'description']"
2026-07-16T20:52:48.235015,8022,openweather,?,json_manip,field_merge_value,bert,0.0,0.001,[],"['temp', 'humidity', 'wind_speed', 'description']"
2026-07-16T20:52:48.235027,8038,openweather,?,json_manip,duplicate_field_inject,bert,0.0,0.001,[],"['temp', 'humidity', 'wind_speed', 'description']"
2026-07-16T20:52:48.235038,8039,openweather,?,json_manip,field_split,bert,0.0,0.001,[],"['temp', 'humidity', 'wind_speed', 'description']"
2026-07-16T20:52:48.235073,8046,openweather,?,json_manip,default_value_inject,bert,0.0,0.003,[],"['temp', 'humidity', 'wind_speed', 'description']"
2026-07-16T20:52:48.235087,8050,openweather,?,json_manip,outlier_injection,bert,0.0,0.003,[],"['temp', 'humidity', 'wind_speed', 'description']"
2026-07-16T20:52:48.235101,8066,openweather,?,json_manip,variable_drop,bert,0.0,0.003,[],"['temp', 'humidity', 'wind_speed', 'description']"
2026-07-16T20:52:48.235114,8084,openweather,?,json_manip,variable_drop,bert,0.0,0.003,[],"['temp', 'humidity', 'wind_speed', 'description']"
2026-07-16T20:52:48.235163,8097,openweather,?,json_manip,duplicate_field_inject,bert,0.0,0.002,[],"['temp', 'humidity', 'wind_speed', 'description']"
2026-07-16T20:52:48.235175,8107,openweather,?,json_manip,null_injection,bert,0.0,0.002,[],"['temp', 'humidity', 'wind_speed', 'description']"
2026-07-16T20:52:48.235186,8108,openweather,?,json_manip,variable_drop,bert,0.0,0.002,[],"['temp', 'humidity', 'wind_speed', 'description']"
2026-07-16T20:52:48.235431,8113,openweather,?,json_manip,array_expansion,bert,0.0,0.002,[],"['temp', 'humidity', 'wind_speed', 'description']"
2026-07-16T20:52:48.235463,8115,openweather,?,json_manip,field_join,bert,0.0,0.002,[],"['temp', 'humidity', 'wind_speed', 'description']"
2026-07-16T20:52:48.235488,8120,openweather,?,json_manip,default_value_inject,bert,0.0,0.002,[],"['temp', 'humidity', 'wind_speed', 'description']"
2026-07-16T20:52:48.235500,8122,openweather,?,json_manip,field_join,bert,0.0,0.002,[],"['temp', 'humidity', 'wind_speed', 'description']"
2026-07-16T20:52:48.235511,8142,openweather,?,json_manip,array_to_scalar,bert,0.0,0.002,[],"['temp', 'humidity', 'wind_speed', 'description']"
2026-07-16T20:52:48.235534,8149,openweather,?,json_manip,field_split,bert,0.0,0.002,[],"['temp', 'humidity', 'wind_speed', 'description']"
2026-07-16T20:52:48.235546,8165,openweather,?,json_manip,array_to_scalar,bert,0.0,0.002,[],"['temp', 'humidity', 'wind_speed', 'description']"
2026-07-16T20:52:48.235557,8166,openweather,?,json_manip,duplicate_field_inject,bert,0.0,0.002,[],"['temp', 'humidity', 'wind_speed', 'description']"
2026-07-16T20:52:48.235569,8167,openweather,?,json_manip,array_to_scalar,bert,0.0,0.002,[],"['temp', 'humidity', 'wind_speed', 'description']"
2026-07-16T20:52:48.235601,8173,openweather,?,json_manip,field_merge_value,bert,0.0,0.002,[],"['temp', 'humidity', 'wind_speed', 'description']"
2026-07-16T20:52:48.235612,8175,openweather,?,json_manip,array_expansion,bert,0.0,0.002,[],"['temp', 'humidity', 'wind_speed', 'description']"
2026-07-16T20:52:48.235626,8176,openweather,?,json_manip,default_value_inject,bert,0.0,0.002,[],"['temp', 'humidity', 'wind_speed', 'description']"
2026-07-16T20:52:48.235642,8184,openweather,?,json_manip,field_split,bert,0.0,0.002,[],"['temp', 'humidity', 'wind_speed', 'description']"
2026-07-16T20:52:48.235681,8191,openweather,?,json_manip,variable_drop,bert,0.0,0.002,[],"['temp', 'humidity', 'wind_speed', 'description']"
2026-07-16T20:52:48.235693,8193,openweather,?,json_manip,field_join,bert,0.0,0.002,[],"['temp', 'humidity', 'wind_speed', 'description']"
2026-07-16T20:52:48.235706,8200,openweather,?,json_manip,variable_drop,bert,0.0,0.002,[],"['temp', 'humidity', 'wind_speed', 'description']"
2026-07-16T20:52:48.235718,8213,openweather,?,json_manip,duplicate_field_inject,bert,0.0,0.002,[],"['temp', 'humidity', 'wind_speed', 'description']"
2026-07-16T20:52:48.235746,8221,openweather,?,json_manip,default_value_inject,bert,0.0,0.002,[],"['temp', 'humidity', 'wind_speed', 'description']"
2026-07-16T20:52:48.235760,8234,openweather,?,json_manip,array_to_scalar,bert,0.0,0.002,[],"['temp', 'humidity', 'wind_speed', 'description']"
2026-07-16T20:52:48.235774,8266,openweather,?,json_manip,array_to_scalar,bert,0.0,0.002,[],"['temp', 'humidity', 'wind_speed', 'description']"
2026-07-16T20:52:48.235786,8271,openweather,?,json_manip,field_merge_value,bert,0.0,0.002,[],"['temp', 'humidity', 'wind_speed', 'description']"
2026-07-16T20:52:48.235811,8281,openweather,?,json_manip,array_to_scalar,bert,0.0,0.002,[],"['temp', 'humidity', 'wind_speed', 'description']"
2026-07-16T20:52:48.235823,8282,openweather,?,json_manip,scalar_to_array,bert,0.0,0.002,[],"['temp', 'humidity', 'wind_speed', 'description']"
2026-07-16T20:52:48.235834,8292,openweather,?,json_manip,duplicate_field_inject,bert,0.0,0.002,[],"['temp', 'humidity', 'wind_speed', 'description']"
2026-07-16T20:52:48.235845,8300,openweather,?,json_manip,outlier_injection,bert,0.0,0.002,[],"['temp', 'humidity', 'wind_speed', 'description']"
2026-07-16T20:52:48.235868,8307,openweather,?,json_manip,null_injection,bert,0.0,0.0,[],"['temp', 'humidity', 'wind_speed', 'description']"
2026-07-16T20:52:48.235880,8314,openweather,?,json_manip,field_join,bert,0.0,0.0,[],"['temp', 'humidity', 'wind_speed', 'description']"
2026-07-16T20:52:48.235893,8315,openweather,?,json_manip,null_injection,bert,0.0,0.0,[],"['temp', 'humidity', 'wind_speed', 'description']"
2026-07-16T20:52:48.235904,8318,openweather,?,json_manip,field_split,bert,0.0,0.0,[],"['temp', 'humidity', 'wind_speed', 'description']"
2026-07-16T20:52:48.235941,8333,openweather,?,json_manip,field_split,bert,0.0,0.002,[],"['temp', 'humidity', 'wind_speed', 'description']"
2026-07-16T20:52:48.235954,8335,openweather,?,json_manip,duplicate_field_inject,bert,0.0,0.002,[],"['temp', 'humidity', 'wind_speed', 'description']"
2026-07-16T20:52:48.235965,8339,openweather,?,json_manip,scalar_to_array,bert,0.0,0.002,[],"['temp', 'humidity', 'wind_speed', 'description']"
2026-07-16T20:52:48.235977,8347,openweather,?,json_manip,duplicate_field_inject,bert,0.0,0.002,[],"['temp', 'humidity', 'wind_speed', 'description']"
2026-07-16T20:52:48.236005,8366,openweather,?,json_manip,array_to_scalar,bert,0.0,0.002,[],"['temp', 'humidity', 'wind_speed', 'description']"
2026-07-16T20:52:48.236016,8367,openweather,?,json_manip,field_join,bert,0.0,0.002,[],"['temp', 'humidity', 'wind_speed', 'description']"
2026-07-16T20:52:48.236031,8387,openweather,?,json_manip,scalar_to_array,bert,0.0,0.002,[],"['temp', 'humidity', 'wind_speed', 'description']"
2026-07-16T20:52:48.236042,8398,openweather,?,json_manip,scalar_to_array,bert,0.0,0.002,[],"['temp', 'humidity', 'wind_speed', 'description']"
2026-07-16T20:52:48.236069,8401,openweather,?,json_manip,field_join,bert,0.0,0.002,[],"['temp', 'humidity', 'wind_speed', 'description']"
2026-07-16T20:52:48.236080,8428,openweather,?,json_manip,variable_drop,bert,0.0,0.002,[],"['temp', 'humidity', 'wind_speed', 'description']"
2026-07-16T20:52:48.236094,8429,openweather,?,json_manip,duplicate_field_inject,bert,0.0,0.002,[],"['temp', 'humidity', 'wind_speed', 'description']"
2026-07-16T20:52:48.236108,8437,openweather,?,json_manip,duplicate_field_inject,bert,0.0,0.002,[],"['temp', 'humidity', 'wind_speed', 'description']"
2026-07-16T20:52:48.236135,8451,openweather,?,json_manip,null_injection,bert,0.0,0.002,[],"['temp', 'humidity', 'wind_speed', 'description']"
2026-07-16T20:52:48.236148,8455,openweather,?,json_manip,field_join,bert,0.0,0.002,[],"['temp', 'humidity', 'wind_speed', 'description']"
2026-07-16T20:52:48.236159,8458,openweather,?,json_manip,default_value_inject,bert,0.0,0.002,[],"['temp', 'humidity', 'wind_speed', 'description']"
2026-07-16T20:52:48.236170,8470,openweather,?,json_manip,array_to_scalar,bert,0.0,0.002,[],"['temp', 'humidity', 'wind_speed', 'description']"
2026-07-16T20:52:48.236197,8471,openweather,?,json_manip,null_injection,bert,0.0,0.002,[],"['temp', 'humidity', 'wind_speed', 'description']"
2026-07-16T20:52:48.236211,8495,openweather,?,json_manip,field_join,bert,0.0,0.002,[],"['temp', 'humidity', 'wind_speed', 'description']"
2026-07-16T20:52:48.236222,8505,openweather,?,json_manip,outlier_injection,bert,0.0,0.002,[],"['temp', 'humidity', 'wind_speed', 'description']"
2026-07-16T20:52:48.236235,8507,openweather,?,json_manip,field_join,bert,0.0,0.002,[],"['temp', 'humidity', 'wind_speed', 'description']"
2026-07-16T20:52:48.236258,8523,openweather,?,json_manip,scalar_to_array,bert,0.0,0.002,[],"['temp', 'humidity', 'wind_speed', 'description']"
2026-07-16T20:52:48.236269,8525,openweather,?,json_manip,default_value_inject,bert,0.0,0.002,[],"['temp', 'humidity', 'wind_speed', 'description']"
2026-07-16T20:52:48.236282,8537,openweather,?,json_manip,field_merge_value,bert,0.0,0.002,[],"['temp', 'humidity', 'wind_speed', 'description']"
2026-07-16T20:52:48.236293,8544,openweather,?,json_manip,scalar_to_array,bert,0.0,0.002,[],"['temp', 'humidity', 'wind_speed', 'description']"
2026-07-16T20:52:48.236322,8554,openweather,?,json_manip,variable_drop,bert,0.0,0.002,[],"['temp', 'humidity', 'wind_speed', 'description']"
2026-07-16T20:52:48.236334,8557,openweather,?,json_manip,field_join,bert,0.0,0.002,[],"['temp', 'humidity', 'wind_speed', 'description']"
2026-07-16T20:52:48.236348,8571,openweather,?,json_manip,scalar_to_array,bert,0.0,0.002,[],"['temp', 'humidity', 'wind_speed', 'description']"
2026-07-16T20:52:48.244800,8589,openweather,?,json_manip,field_merge_value,bert,0.0,0.002,[],"['temp', 'humidity', 'wind_speed', 'description']"
2026-07-16T20:52:48.245017,8606,openweather,?,json_manip,array_expansion,bert,0.0,0.016,[],"['temp', 'humidity', 'wind_speed', 'description']"
2026-07-16T20:52:48.245035,8624,openweather,?,json_manip,array_to_scalar,bert,0.0,0.016,[],"['temp', 'humidity', 'wind_speed', 'description']"
2026-07-16T20:52:48.245051,8647,openweather,?,json_manip,duplicate_field_inject,bert,0.0,0.016,[],"['temp', 'humidity', 'wind_speed', 'description']"
2026-07-16T20:52:48.245067,8660,openweather,?,json_manip,field_merge_value,bert,0.0,0.016,[],"['temp', 'humidity', 'wind_speed', 'description']"
2026-07-16T20:52:48.245158,8661,openweather,?,json_manip,array_to_scalar,bert,0.0,0.002,[],"['temp', 'humidity', 'wind_speed', 'description']"
2026-07-16T20:52:48.245174,8667,openweather,?,json_manip,outlier_injection,bert,0.0,0.002,[],"['temp', 'humidity', 'wind_speed', 'description']"
2026-07-16T20:52:48.245189,8674,openweather,?,json_manip,duplicate_field_inject,bert,0.0,0.002,[],"['temp', 'humidity', 'wind_speed', 'description']"
2026-07-16T20:52:48.245200,8684,openweather,?,json_manip,outlier_injection,bert,0.0,0.002,[],"['temp', 'humidity', 'wind_speed', 'description']"
2026-07-16T20:52:48.245239,8685,openweather,?,json_manip,field_merge_value,bert,0.0,0.002,[],"['temp', 'humidity', 'wind_speed', 'description']"
2026-07-16T20:52:48.245258,8700,openweather,?,json_manip,field_merge_value,bert,0.0,0.002,[],"['temp', 'humidity', 'wind_speed', 'description']"
2026-07-16T20:52:48.245273,8702,openweather,?,json_manip,field_split,bert,0.0,0.002,[],"['temp', 'humidity', 'wind_speed', 'description']"
2026-07-16T20:52:48.245284,8704,openweather,?,json_manip,array_expansion,bert,0.0,0.002,[],"['temp', 'humidity', 'wind_speed', 'description']"
2026-07-16T20:52:48.245321,8705,openweather,?,json_manip,null_injection,bert,0.0,0.002,[],"['temp', 'humidity', 'wind_speed', 'description']"
2026-07-16T20:52:48.245333,8711,openweather,?,json_manip,scalar_to_array,bert,0.0,0.002,[],"['temp', 'humidity', 'wind_speed', 'description']"
2026-07-16T20:52:48.245344,8717,openweather,?,json_manip,variable_drop,bert,0.0,0.002,[],"['temp', 'humidity', 'wind_speed', 'description']"
2026-07-16T20:52:48.245358,8743,openweather,?,json_manip,field_split,bert,0.0,0.002,[],"['temp', 'humidity', 'wind_speed', 'description']"
2026-07-16T20:52:48.245391,8744,openweather,?,json_manip,array_expansion,bert,0.0,0.002,[],"['temp', 'humidity', 'wind_speed', 'description']"
2026-07-16T20:52:48.245409,8749,openweather,?,json_manip,null_injection,bert,0.0,0.002,[],"['temp', 'humidity', 'wind_speed', 'description']"
2026-07-16T20:52:48.245420,8753,openweather,?,json_manip,field_split,bert,0.0,0.002,[],"['temp', 'humidity', 'wind_speed', 'description']"
2026-07-16T20:52:48.245431,8763,openweather,?,json_manip,field_merge_value,bert,0.0,0.002,[],"['temp', 'humidity', 'wind_speed', 'description']"
2026-07-16T20:52:48.245462,8773,openweather,?,json_manip,duplicate_field_inject,bert,0.0,0.002,[],"['temp', 'humidity', 'wind_speed', 'description']"
2026-07-16T20:52:48.245477,8776,openweather,?,json_manip,field_join,bert,0.0,0.002,[],"['temp', 'humidity', 'wind_speed', 'description']"
2026-07-16T20:52:48.245492,8779,openweather,?,json_manip,field_merge_value,bert,0.0,0.002,[],"['temp', 'humidity', 'wind_speed', 'description']"
2026-07-16T20:52:48.245513,8798,openweather,?,json_manip,outlier_injection,bert,0.0,0.002,[],"['temp', 'humidity', 'wind_speed', 'description']"
2026-07-16T20:52:48.245564,8817,openweather,?,json_manip,duplicate_field_inject,bert,0.0,0.003,[],"['temp', 'humidity', 'wind_speed', 'description']"
2026-07-16T20:52:48.245576,8818,openweather,?,json_manip,field_join,bert,0.0,0.003,[],"['temp', 'humidity', 'wind_speed', 'description']"
2026-07-16T20:52:48.245591,8831,openweather,?,json_manip,null_injection,bert,0.0,0.003,[],"['temp', 'humidity', 'wind_speed', 'description']"
2026-07-16T20:52:48.245603,8851,openweather,?,json_manip,variable_drop,bert,0.0,0.003,[],"['temp', 'humidity', 'wind_speed', 'description']"
2026-07-16T20:52:48.245643,8860,openweather,?,json_manip,scalar_to_array,bert,0.0,0.004,[],"['temp', 'humidity', 'wind_speed', 'description']"
2026-07-16T20:52:48.245655,8866,openweather,?,json_manip,variable_drop,bert,0.0,0.004,[],"['temp', 'humidity', 'wind_speed', 'description']"
2026-07-16T20:52:48.245669,8904,openweather,?,json_manip,scalar_to_array,bert,0.0,0.004,[],"['temp', 'humidity', 'wind_speed', 'description']"
2026-07-16T20:52:48.245680,8907,openweather,?,json_manip,array_to_scalar,bert,0.0,0.004,[],"['temp', 'humidity', 'wind_speed', 'description']"
2026-07-16T20:52:48.245705,8915,openweather,?,json_manip,field_merge_value,bert,0.0,0.002,[],"['temp', 'humidity', 'wind_speed', 'description']"
2026-07-16T20:52:48.245720,8916,openweather,?,json_manip,array_expansion,bert,0.0,0.002,[],"['temp', 'humidity', 'wind_speed', 'description']"
2026-07-16T20:52:48.245731,8925,openweather,?,json_manip,outlier_injection,bert,0.0,0.002,[],"['temp', 'humidity', 'wind_speed', 'description']"
2026-07-16T20:52:48.245742,8930,openweather,?,json_manip,outlier_injection,bert,0.0,0.002,[],"['temp', 'humidity', 'wind_speed', 'description']"
2026-07-16T20:52:48.245766,8933,openweather,?,json_manip,duplicate_field_inject,bert,0.0,0.002,[],"['temp', 'humidity', 'wind_speed', 'description']"
2026-07-16T20:52:48.245780,8947,openweather,?,json_manip,array_expansion,bert,0.0,0.002,[],"['temp', 'humidity', 'wind_speed', 'description']"
2026-07-16T20:52:48.245791,8950,openweather,?,json_manip,duplicate_field_inject,bert,0.0,0.002,[],"['temp', 'humidity', 'wind_speed', 'description']"
2026-07-16T20:52:48.245806,8951,openweather,?,json_manip,array_to_scalar,bert,0.0,0.002,[],"['temp', 'humidity', 'wind_speed', 'description']"
2026-07-16T20:52:48.245831,8954,openweather,?,json_manip,duplicate_field_inject,bert,0.0,0.0,[],"['temp', 'humidity', 'wind_speed', 'description']"
2026-07-16T20:52:48.245843,8956,openweather,?,json_manip,field_join,bert,0.0,0.0,[],"['temp', 'humidity', 'wind_speed', 'description']"
2026-07-16T20:52:48.245854,8958,openweather,?,json_manip,null_injection,bert,0.0,0.0,[],"['temp', 'humidity', 'wind_speed', 'description']"
2026-07-16T20:52:48.245865,8966,openweather,?,json_manip,default_value_inject,bert,0.0,0.0,[],"['temp', 'humidity', 'wind_speed', 'description']"
2026-07-16T20:52:48.245896,8972,openweather,?,json_manip,variable_drop,bert,0.0,0.002,[],"['temp', 'humidity', 'wind_speed', 'description']"
2026-07-16T20:52:48.245910,8976,openweather,?,json_manip,field_split,bert,0.0,0.002,[],"['temp', 'humidity', 'wind_speed', 'description']"
2026-07-16T20:52:48.245925,8978,openweather,?,json_manip,array_expansion,bert,0.0,0.002,[],"['temp', 'humidity', 'wind_speed', 'description']"
2026-07-16T20:52:48.245936,8988,openweather,?,json_manip,field_join,bert,0.0,0.002,[],"['temp', 'humidity', 'wind_speed', 'description']"
2026-07-16T20:52:48.245961,8999,openweather,?,json_manip,scalar_to_array,bert,0.0,0.002,[],"['temp', 'humidity', 'wind_speed', 'description']"
2026-07-16T20:52:48.245973,9001,openweather,?,json_manip,array_expansion,bert,0.0,0.002,[],"['temp', 'humidity', 'wind_speed', 'description']"
2026-07-16T20:52:48.245986,9021,openweather,?,json_manip,array_expansion,bert,0.0,0.002,[],"['temp', 'humidity', 'wind_speed', 'description']"
2026-07-16T20:52:48.246001,9024,openweather,?,json_manip,field_merge_value,bert,0.0,0.002,[],"['temp', 'humidity', 'wind_speed', 'description']"
2026-07-16T20:52:48.246029,9038,openweather,?,json_manip,default_value_inject,bert,0.0,0.003,[],"['temp', 'humidity', 'wind_speed', 'description']"
2026-07-16T20:52:48.246041,9052,openweather,?,json_manip,array_to_scalar,bert,0.0,0.003,[],"['temp', 'humidity', 'wind_speed', 'description']"
2026-07-16T20:52:48.246056,9068,openweather,?,json_manip,scalar_to_array,bert,0.0,0.003,[],"['temp', 'humidity', 'wind_speed', 'description']"
2026-07-16T20:52:48.246097,9069,openweather,?,json_manip,field_join,bert,0.0,0.003,[],"['temp', 'humidity', 'wind_speed', 'description']"
2026-07-16T20:52:48.246132,9092,openweather,?,json_manip,field_split,bert,0.0,0.003,[],"['temp', 'humidity', 'wind_speed', 'description']"
2026-07-16T20:52:48.246147,9096,openweather,?,json_manip,null_injection,bert,0.0,0.003,[],"['temp', 'humidity', 'wind_speed', 'description']"
2026-07-16T20:52:48.246159,9099,openweather,?,json_manip,field_join,bert,0.0,0.003,[],"['temp', 'humidity', 'wind_speed', 'description']"
2026-07-16T20:52:48.246170,9100,openweather,?,json_manip,array_to_scalar,bert,0.0,0.003,[],"['temp', 'humidity', 'wind_speed', 'description']"
2026-07-16T20:52:48.246193,9121,openweather,?,json_manip,outlier_injection,bert,0.0,0.002,[],"['temp', 'humidity', 'wind_speed', 'description']"
2026-07-16T20:52:48.246205,9124,openweather,?,json_manip,array_expansion,bert,0.0,0.002,[],"['temp', 'humidity', 'wind_speed', 'description']"
2026-07-16T20:52:48.246216,9126,openweather,?,json_manip,duplicate_field_inject,bert,0.0,0.002,[],"['temp', 'humidity', 'wind_speed', 'description']"
2026-07-16T20:52:48.246233,9138,openweather,?,json_manip,field_merge_value,bert,0.0,0.002,[],"['temp', 'humidity', 'wind_speed', 'description']"
2026-07-16T20:52:48.246257,9141,openweather,?,json_manip,array_to_scalar,bert,0.0,0.002,[],"['temp', 'humidity', 'wind_speed', 'description']"
2026-07-16T20:52:48.246271,9147,openweather,?,json_manip,scalar_to_array,bert,0.0,0.002,[],"['temp', 'humidity', 'wind_speed', 'description']"
2026-07-16T20:52:48.246282,9155,openweather,?,json_manip,array_to_scalar,bert,0.0,0.002,[],"['temp', 'humidity', 'wind_speed', 'description']"
2026-07-16T20:52:48.246297,9157,openweather,?,json_manip,array_expansion,bert,0.0,0.002,[],"['temp', 'humidity', 'wind_speed', 'description']"
2026-07-16T20:52:48.246325,9158,openweather,?,json_manip,array_expansion,bert,0.0,0.002,[],"['temp', 'humidity', 'wind_speed', 'description']"
2026-07-16T20:52:48.246337,9159,openweather,?,json_manip,field_merge_value,bert,0.0,0.002,[],"['temp', 'humidity', 'wind_speed', 'description']"
2026-07-16T20:52:48.246351,9178,openweather,?,json_manip,scalar_to_array,bert,0.0,0.002,[],"['temp', 'humidity', 'wind_speed', 'description']"
2026-07-16T20:52:48.246362,9189,openweather,?,json_manip,field_join,bert,0.0,0.002,[],"['temp', 'humidity', 'wind_speed', 'description']"
2026-07-16T20:52:48.246399,9195,openweather,?,json_manip,default_value_inject,bert,0.0,0.002,[],"['temp', 'humidity', 'wind_speed', 'description']"
2026-07-16T20:52:48.246410,9204,openweather,?,json_manip,default_value_inject,bert,0.0,0.002,[],"['temp', 'humidity', 'wind_speed', 'description']"
2026-07-16T20:52:48.246422,9213,openweather,?,json_manip,outlier_injection,bert,0.0,0.002,[],"['temp', 'humidity', 'wind_speed', 'description']"
2026-07-16T20:52:48.246436,9231,openweather,?,json_manip,scalar_to_array,bert,0.0,0.002,[],"['temp', 'humidity', 'wind_speed', 'description']"
2026-07-16T20:52:48.246461,9237,openweather,?,json_manip,array_expansion,bert,0.0,0.002,[],"['temp', 'humidity', 'wind_speed', 'description']"
2026-07-16T20:52:48.246476,9240,openweather,?,json_manip,array_to_scalar,bert,0.0,0.002,[],"['temp', 'humidity', 'wind_speed', 'description']"
2026-07-16T20:52:48.246487,9242,openweather,?,json_manip,field_merge_value,bert,0.0,0.002,[],"['temp', 'humidity', 'wind_speed', 'description']"
2026-07-16T20:52:48.246502,9256,openweather,?,json_manip,scalar_to_array,bert,0.0,0.002,[],"['temp', 'humidity', 'wind_speed', 'description']"
2026-07-16T20:52:48.246537,9261,openweather,?,json_manip,field_join,bert,0.0,0.003,[],"['temp', 'humidity', 'wind_speed', 'description']"
2026-07-16T20:52:48.246548,9281,openweather,?,json_manip,field_join,bert,0.0,0.003,[],"['temp', 'humidity', 'wind_speed', 'description']"
2026-07-16T20:52:48.246559,9287,openweather,?,json_manip,outlier_injection,bert,0.0,0.003,[],"['temp', 'humidity', 'wind_speed', 'description']"
2026-07-16T20:52:48.246571,9308,openweather,?,json_manip,null_injection,bert,0.0,0.003,[],"['temp', 'humidity', 'wind_speed', 'description']"
2026-07-16T20:52:48.246596,9311,openweather,?,json_manip,field_split,bert,0.0,0.003,[],"['temp', 'humidity', 'wind_speed', 'description']"
2026-07-16T20:52:48.246610,9322,openweather,?,json_manip,scalar_to_array,bert,0.0,0.003,[],"['temp', 'humidity', 'wind_speed', 'description']"
2026-07-16T20:52:48.246621,9324,openweather,?,json_manip,default_value_inject,bert,0.0,0.003,[],"['temp', 'humidity', 'wind_speed', 'description']"
2026-07-16T20:52:48.246636,9325,openweather,?,json_manip,field_merge_value,bert,0.0,0.003,[],"['temp', 'humidity', 'wind_speed', 'description']"
2026-07-16T20:52:48.246664,9327,openweather,?,json_manip,array_to_scalar,bert,0.0,0.002,[],"['temp', 'humidity', 'wind_speed', 'description']"
2026-07-16T20:52:48.246675,9330,openweather,?,json_manip,field_join,bert,0.0,0.002,[],"['temp', 'humidity', 'wind_speed', 'description']"
2026-07-16T20:52:48.246690,9350,openweather,?,json_manip,field_split,bert,0.0,0.002,[],"['temp', 'humidity', 'wind_speed', 'description']"
2026-07-16T20:52:48.246705,9356,openweather,?,json_manip,field_merge_value,bert,0.0,0.002,[],"['temp', 'humidity', 'wind_speed', 'description']"
2026-07-16T20:52:48.246733,9361,openweather,?,json_manip,field_merge_value,bert,0.0,0.002,[],"['temp', 'humidity', 'wind_speed', 'description']"
2026-07-16T20:52:48.246744,9362,openweather,?,json_manip,default_value_inject,bert,0.0,0.002,[],"['temp', 'humidity', 'wind_speed', 'description']"
2026-07-16T20:52:48.246755,9369,openweather,?,json_manip,outlier_injection,bert,0.0,0.002,[],"['temp', 'humidity', 'wind_speed', 'description']"
2026-07-16T20:52:48.246771,9378,openweather,?,json_manip,duplicate_field_inject,bert,0.0,0.002,[],"['temp', 'humidity', 'wind_speed', 'description']"
2026-07-16T20:52:48.246800,9381,openweather,?,json_manip,scalar_to_array,bert,0.0,0.002,[],"['temp', 'humidity', 'wind_speed', 'description']"
2026-07-16T20:52:48.246818,9407,openweather,?,json_manip,outlier_injection,bert,0.0,0.002,[],"['temp', 'humidity', 'wind_speed', 'description']"
2026-07-16T20:52:48.246829,9411,openweather,?,json_manip,field_join,bert,0.0,0.002,[],"['temp', 'humidity', 'wind_speed', 'description']"
2026-07-16T20:52:48.246840,9422,openweather,?,json_manip,field_split,bert,0.0,0.002,[],"['temp', 'humidity', 'wind_speed', 'description']"
2026-07-16T20:52:48.246871,9431,openweather,?,json_manip,field_merge_value,bert,0.0,0.003,[],"['temp', 'humidity', 'wind_speed', 'description']"
2026-07-16T20:52:48.246882,9432,openweather,?,json_manip,field_split,bert,0.0,0.003,[],"['temp', 'humidity', 'wind_speed', 'description']"
2026-07-16T20:52:48.246897,9436,openweather,?,json_manip,duplicate_field_inject,bert,0.0,0.003,[],"['temp', 'humidity', 'wind_speed', 'description']"
2026-07-16T20:52:48.246915,9454,openweather,?,json_manip,duplicate_field_inject,bert,0.0,0.003,[],"['temp', 'humidity', 'wind_speed', 'description']"
2026-07-16T20:52:48.246943,9463,openweather,?,json_manip,variable_drop,bert,0.0,0.002,[],"['temp', 'humidity', 'wind_speed', 'description']"
2026-07-16T20:52:48.246955,9464,openweather,?,json_manip,outlier_injection,bert,0.0,0.002,[],"['temp', 'humidity', 'wind_speed', 'description']"
2026-07-16T20:52:48.246966,9466,openweather,?,json_manip,duplicate_field_inject,bert,0.0,0.002,[],"['temp', 'humidity', 'wind_speed', 'description']"
2026-07-16T20:52:48.246981,9470,openweather,?,json_manip,scalar_to_array,bert,0.0,0.002,[],"['temp', 'humidity', 'wind_speed', 'description']"
2026-07-16T20:52:48.247008,9477,openweather,?,json_manip,array_to_scalar,bert,0.0,0.002,[],"['temp', 'humidity', 'wind_speed', 'description']"
2026-07-16T20:52:48.247022,9482,openweather,?,json_manip,null_injection,bert,0.0,0.002,[],"['temp', 'humidity', 'wind_speed', 'description']"
2026-07-16T20:52:48.247037,9487,openweather,?,json_manip,scalar_to_array,bert,0.0,0.002,[],"['temp', 'humidity', 'wind_speed', 'description']"
2026-07-16T20:52:48.247059,9488,openweather,?,json_manip,field_split,bert,0.0,0.002,[],"['temp', 'humidity', 'wind_speed', 'description']"
2026-07-16T20:52:48.247079,9492,openweather,?,json_manip,scalar_to_array,bert,0.0,0.001,[],"['temp', 'humidity', 'wind_speed', 'description']"
2026-07-16T20:52:48.247094,9496,openweather,?,json_manip,array_to_scalar,bert,0.0,0.001,[],"['temp', 'humidity', 'wind_speed', 'description']"
2026-07-16T20:52:48.247105,9502,openweather,?,json_manip,field_join,bert,0.0,0.001,[],"['temp', 'humidity', 'wind_speed', 'description']"
2026-07-16T20:52:48.247119,9506,openweather,?,json_manip,array_expansion,bert,0.0,0.001,[],"['temp', 'humidity', 'wind_speed', 'description']"
2026-07-16T20:52:48.247160,9517,openweather,?,json_manip,variable_drop,bert,0.0,0.004,[],"['temp', 'humidity', 'wind_speed', 'description']"
2026-07-16T20:52:48.247172,9534,openweather,?,json_manip,variable_drop,bert,0.0,0.004,[],"['temp', 'humidity', 'wind_speed', 'description']"
2026-07-16T20:52:48.247183,9542,openweather,?,json_manip,null_injection,bert,0.0,0.004,[],"['temp', 'humidity', 'wind_speed', 'description']"
2026-07-16T20:52:48.247198,9544,openweather,?,json_manip,variable_drop,bert,0.0,0.004,[],"['temp', 'humidity', 'wind_speed', 'description']"
2026-07-16T20:52:48.247231,9573,openweather,?,json_manip,scalar_to_array,bert,0.0,0.003,[],"['temp', 'humidity', 'wind_speed', 'description']"
2026-07-16T20:52:48.247245,9584,openweather,?,json_manip,array_expansion,bert,0.0,0.003,[],"['temp', 'humidity', 'wind_speed', 'description']"
2026-07-16T20:52:48.247256,9591,openweather,?,json_manip,variable_drop,bert,0.0,0.003,[],"['temp', 'humidity', 'wind_speed', 'description']"
2026-07-16T20:52:48.247267,9619,openweather,?,json_manip,field_merge_value,bert,0.0,0.003,[],"['temp', 'humidity', 'wind_speed', 'description']"
2026-07-16T20:52:48.247302,9632,openweather,?,json_manip,array_to_scalar,bert,0.0,0.004,[],"['temp', 'humidity', 'wind_speed', 'description']"
2026-07-16T20:52:48.247317,9659,openweather,?,json_manip,outlier_injection,bert,0.0,0.004,[],"['temp', 'humidity', 'wind_speed', 'description']"
2026-07-16T20:52:48.247334,9678,openweather,?,json_manip,outlier_injection,bert,0.0,0.004,[],"['temp', 'humidity', 'wind_speed', 'description']"
2026-07-16T20:52:48.247345,9680,openweather,?,json_manip,variable_drop,bert,0.0,0.004,[],"['temp', 'humidity', 'wind_speed', 'description']"
2026-07-16T20:52:48.247386,9684,openweather,?,json_manip,field_split,bert,0.0,0.005,[],"['temp', 'humidity', 'wind_speed', 'description']"
2026-07-16T20:52:48.247401,9695,openweather,?,json_manip,default_value_inject,bert,0.0,0.005,[],"['temp', 'humidity', 'wind_speed', 'description']"
2026-07-16T20:52:48.247415,9731,openweather,?,json_manip,array_to_scalar,bert,0.0,0.005,[],"['temp', 'humidity', 'wind_speed', 'description']"
2026-07-16T20:52:48.247426,9757,openweather,?,json_manip,duplicate_field_inject,bert,0.0,0.005,[],"['temp', 'humidity', 'wind_speed', 'description']"
2026-07-16T20:52:48.247450,9760,openweather,?,json_manip,default_value_inject,bert,0.0,0.002,[],"['temp', 'humidity', 'wind_speed', 'description']"
2026-07-16T20:52:48.247469,9770,openweather,?,json_manip,array_expansion,bert,0.0,0.002,[],"['temp', 'humidity', 'wind_speed', 'description']"
2026-07-16T20:52:48.247481,9781,openweather,?,json_manip,field_merge_value,bert,0.0,0.002,[],"['temp', 'humidity', 'wind_speed', 'description']"
2026-07-16T20:52:48.247492,9792,openweather,?,json_manip,scalar_to_array,bert,0.0,0.002,[],"['temp', 'humidity', 'wind_speed', 'description']"
2026-07-16T20:52:48.247525,9800,openweather,?,json_manip,variable_drop,bert,0.0,0.002,[],"['temp', 'humidity', 'wind_speed', 'description']"
2026-07-16T20:52:48.247539,9801,openweather,?,json_manip,default_value_inject,bert,0.0,0.002,[],"['temp', 'humidity', 'wind_speed', 'description']"
2026-07-16T20:52:48.247550,9802,openweather,?,json_manip,outlier_injection,bert,0.0,0.002,[],"['temp', 'humidity', 'wind_speed', 'description']"
2026-07-16T20:52:48.247561,9806,openweather,?,json_manip,scalar_to_array,bert,0.0,0.002,[],"['temp', 'humidity', 'wind_speed', 'description']"
2026-07-16T20:52:48.247588,9807,openweather,?,json_manip,scalar_to_array,bert,0.0,0.002,[],"['temp', 'humidity', 'wind_speed', 'description']"
2026-07-16T20:52:48.247602,9829,openweather,?,json_manip,field_split,bert,0.0,0.002,[],"['temp', 'humidity', 'wind_speed', 'description']"
2026-07-16T20:52:48.247616,9831,openweather,?,json_manip,field_join,bert,0.0,0.002,[],"['temp', 'humidity', 'wind_speed', 'description']"
2026-07-16T20:52:48.247627,9837,openweather,?,json_manip,null_injection,bert,0.0,0.002,[],"['temp', 'humidity', 'wind_speed', 'description']"
2026-07-16T20:52:48.247656,9843,openweather,?,json_manip,field_join,bert,0.0,0.002,[],"['temp', 'humidity', 'wind_speed', 'description']"
2026-07-16T20:52:48.247667,9854,openweather,?,json_manip,field_join,bert,0.0,0.002,[],"['temp', 'humidity', 'wind_speed', 'description']"
2026-07-16T20:52:48.247681,9859,openweather,?,json_manip,outlier_injection,bert,0.0,0.002,[],"['temp', 'humidity', 'wind_speed', 'description']"
2026-07-16T20:52:48.247705,9881,openweather,?,json_manip,field_join,bert,0.0,0.002,[],"['temp', 'humidity', 'wind_speed', 'description']"
2026-07-16T20:52:48.247766,9893,openweather,?,json_manip,null_injection,bert,0.0,0.01,[],"['temp', 'humidity', 'wind_speed', 'description']"
2026-07-16T20:52:48.247780,9896,openweather,?,json_manip,variable_drop,bert,0.0,0.01,[],"['temp', 'humidity', 'wind_speed', 'description']"
2026-07-16T20:52:48.247792,9932,openweather,?,json_manip,default_value_inject,bert,0.0,0.01,[],"['temp', 'humidity', 'wind_speed', 'description']"
2026-07-16T20:52:48.247803,9938,openweather,?,json_manip,array_to_scalar,bert,0.0,0.01,[],"['temp', 'humidity', 'wind_speed', 'description']"
2026-07-16T20:52:48.247830,9939,openweather,?,json_manip,null_injection,bert,0.0,0.002,[],"['temp', 'humidity', 'wind_speed', 'description']"
2026-07-16T20:52:48.247841,9941,openweather,?,json_manip,default_value_inject,bert,0.0,0.002,[],"['temp', 'humidity', 'wind_speed', 'description']"
2026-07-16T20:52:48.247856,9943,openweather,?,json_manip,field_join,bert,0.0,0.002,[],"['temp', 'humidity', 'wind_speed', 'description']"
2026-07-16T20:52:48.247875,9967,openweather,?,json_manip,field_merge_value,bert,0.0,0.002,[],"['temp', 'humidity', 'wind_speed', 'description']"
2026-07-16T20:52:48.247903,9977,openweather,?,json_manip,field_split,bert,0.0,0.002,[],"['temp', 'humidity', 'wind_speed', 'description']"
2026-07-16T20:52:48.247914,9986,openweather,?,json_manip,default_value_inject,bert,0.0,0.002,[],"['temp', 'humidity', 'wind_speed', 'description']"
2026-07-16T20:52:48.247925,9989,openweather,?,json_manip,field_split,bert,0.0,0.002,[],"['temp', 'humidity', 'wind_speed', 'description']"
2026-07-16T20:52:48.247936,9991,openweather,?,json_manip,field_split,bert,0.0,0.002,[],"['temp', 'humidity', 'wind_speed', 'description']"
2026-07-16T20:52:48.247977,9994,openweather,?,json_manip,duplicate_field_inject,bert,0.0,0.005,[],"['temp', 'humidity', 'wind_speed', 'description']"
2026-07-16T20:52:48.247989,9995,openweather,?,json_manip,null_injection,bert,0.0,0.005,[],"['temp', 'humidity', 'wind_speed', 'description']"
2026-07-16T20:52:48.248000,9998,openweather,?,json_manip,field_merge_value,bert,0.0,0.005,[],"['temp', 'humidity', 'wind_speed', 'description']"
2026-07-16T20:52:48.248014,10032,clinical,?,json_manip,array_expansion,bert,0.0,0.005,[],"['heart_rate', 'spo2', 'systolic_bp', 'diastolic_bp', 'respiratory_rate']"
2026-07-16T20:52:48.248056,10038,clinical,?,json_manip,field_merge_value,bert,0.0,0.002,[],"['heart_rate', 'spo2', 'systolic_bp', 'diastolic_bp', 'respiratory_rate']"
2026-07-16T20:52:48.248069,10043,clinical,?,json_manip,outlier_injection,bert,0.0,0.002,[],"['heart_rate', 'spo2', 'systolic_bp', 'diastolic_bp', 'respiratory_rate']"
2026-07-16T20:52:48.248084,10049,clinical,?,json_manip,field_split,bert,0.0,0.002,[],"['heart_rate', 'spo2', 'systolic_bp', 'diastolic_bp', 'respiratory_rate']"
2026-07-16T20:52:48.248184,10057,clinical,?,json_manip,field_split,bert,0.0,0.002,[],"['heart_rate', 'spo2', 'systolic_bp', 'diastolic_bp', 'respiratory_rate']"
2026-07-16T20:52:48.248208,10068,clinical,?,json_manip,field_merge_value,bert,0.0,0.002,[],"['heart_rate', 'spo2', 'systolic_bp', 'diastolic_bp', 'respiratory_rate']"
2026-07-16T20:52:48.248220,10074,clinical,?,json_manip,duplicate_field_inject,bert,0.0,0.002,[],"['heart_rate', 'spo2', 'systolic_bp', 'diastolic_bp', 'respiratory_rate']"
2026-07-16T20:52:48.248232,10082,clinical,?,json_manip,field_merge_value,bert,0.0,0.002,[],"['heart_rate', 'spo2', 'systolic_bp', 'diastolic_bp', 'respiratory_rate']"
2026-07-16T20:52:48.248247,10086,clinical,?,json_manip,field_merge_value,bert,0.0,0.002,[],"['heart_rate', 'spo2', 'systolic_bp', 'diastolic_bp', 'respiratory_rate']"
2026-07-16T20:52:48.248271,10088,clinical,?,json_manip,field_join,bert,0.0,0.001,[],"['heart_rate', 'spo2', 'systolic_bp', 'diastolic_bp', 'respiratory_rate']"
2026-07-16T20:52:48.248287,10093,clinical,?,json_manip,default_value_inject,bert,0.0,0.001,[],"['heart_rate', 'spo2', 'systolic_bp', 'diastolic_bp', 'respiratory_rate']"
2026-07-16T20:52:48.248299,10095,clinical,?,json_manip,field_split,bert,0.0,0.001,[],"['heart_rate', 'spo2', 'systolic_bp', 'diastolic_bp', 'respiratory_rate']"
2026-07-16T20:52:48.248310,10097,clinical,?,json_manip,scalar_to_array,bert,0.0,0.001,[],"['heart_rate', 'spo2', 'systolic_bp', 'diastolic_bp', 'respiratory_rate']"
2026-07-16T20:52:48.248347,10105,clinical,?,json_manip,array_expansion,bert,0.0,0.003,[],"['heart_rate', 'spo2', 'systolic_bp', 'diastolic_bp', 'respiratory_rate']"
2026-07-16T20:52:48.248359,10107,clinical,?,json_manip,variable_drop,bert,0.0,0.003,[],"['heart_rate', 'spo2', 'systolic_bp', 'diastolic_bp', 'respiratory_rate']"
2026-07-16T20:52:48.248371,10114,clinical,?,json_manip,duplicate_field_inject,bert,0.0,0.003,[],"['heart_rate', 'spo2', 'systolic_bp', 'diastolic_bp', 'respiratory_rate']"
2026-07-16T20:52:48.248383,10124,clinical,?,json_manip,variable_drop,bert,0.0,0.003,[],"['heart_rate', 'spo2', 'systolic_bp', 'diastolic_bp', 'respiratory_rate']"
2026-07-16T20:52:48.248413,10143,clinical,?,json_manip,array_to_scalar,bert,0.0,0.002,[],"['heart_rate', 'spo2', 'systolic_bp', 'diastolic_bp', 'respiratory_rate']"
2026-07-16T20:52:48.248430,10152,clinical,?,json_manip,variable_drop,bert,0.0,0.002,[],"['heart_rate', 'spo2', 'systolic_bp', 'diastolic_bp', 'respiratory_rate']"
2026-07-16T20:52:48.248441,10153,clinical,?,json_manip,field_join,bert,0.0,0.002,[],"['heart_rate', 'spo2', 'systolic_bp', 'diastolic_bp', 'respiratory_rate']"
2026-07-16T20:52:48.248453,10158,clinical,?,json_manip,field_join,bert,0.0,0.002,[],"['heart_rate', 'spo2', 'systolic_bp', 'diastolic_bp', 'respiratory_rate']"
2026-07-16T20:52:48.248477,10164,clinical,?,json_manip,scalar_to_array,bert,0.0,0.002,[],"['heart_rate', 'spo2', 'systolic_bp', 'diastolic_bp', 'respiratory_rate']"
2026-07-16T20:52:48.248490,10174,clinical,?,json_manip,variable_drop,bert,0.0,0.002,[],"['heart_rate', 'spo2', 'systolic_bp', 'diastolic_bp', 'respiratory_rate']"
2026-07-16T20:52:48.248501,10178,clinical,?,json_manip,array_to_scalar,bert,0.0,0.002,[],"['heart_rate', 'spo2', 'systolic_bp', 'diastolic_bp', 'respiratory_rate']"
2026-07-16T20:52:48.248513,10193,clinical,?,json_manip,default_value_inject,bert,0.0,0.002,[],"['heart_rate', 'spo2', 'systolic_bp', 'diastolic_bp', 'respiratory_rate']"
2026-07-16T20:52:48.248557,10203,clinical,?,json_manip,outlier_injection,bert,0.0,0.004,[],"['heart_rate', 'spo2', 'systolic_bp', 'diastolic_bp', 'respiratory_rate']"
2026-07-16T20:52:48.248572,10225,clinical,?,json_manip,field_join,bert,0.0,0.004,[],"['heart_rate', 'spo2', 'systolic_bp', 'diastolic_bp', 'respiratory_rate']"
2026-07-16T20:52:48.248587,10227,clinical,?,json_manip,field_split,bert,0.0,0.004,[],"['heart_rate', 'spo2', 'systolic_bp', 'diastolic_bp', 'respiratory_rate']"
2026-07-16T20:52:48.248604,10236,clinical,?,json_manip,array_expansion,bert,0.0,0.004,[],"['heart_rate', 'spo2', 'systolic_bp', 'diastolic_bp', 'respiratory_rate']"
2026-07-16T20:52:48.248632,10244,clinical,?,json_manip,null_injection,bert,0.0,0.002,[],"['heart_rate', 'spo2', 'systolic_bp', 'diastolic_bp', 'respiratory_rate']"
2026-07-16T20:52:48.248644,10251,clinical,?,json_manip,duplicate_field_inject,bert,0.0,0.002,[],"['heart_rate', 'spo2', 'systolic_bp', 'diastolic_bp', 'respiratory_rate']"
2026-07-16T20:52:48.248656,10256,clinical,?,json_manip,default_value_inject,bert,0.0,0.002,[],"['heart_rate', 'spo2', 'systolic_bp', 'diastolic_bp', 'respiratory_rate']"
2026-07-16T20:52:48.248667,10262,clinical,?,json_manip,field_merge_value,bert,0.0,0.002,[],"['heart_rate', 'spo2', 'systolic_bp', 'diastolic_bp', 'respiratory_rate']"
2026-07-16T20:52:48.248693,10267,clinical,?,json_manip,array_expansion,bert,0.0,0.002,[],"['heart_rate', 'spo2', 'systolic_bp', 'diastolic_bp', 'respiratory_rate']"
2026-07-16T20:52:48.248709,10275,clinical,?,json_manip,duplicate_field_inject,bert,0.0,0.002,[],"['heart_rate', 'spo2', 'systolic_bp', 'diastolic_bp', 'respiratory_rate']"
2026-07-16T20:52:48.248721,10281,clinical,?,json_manip,duplicate_field_inject,bert,0.0,0.002,[],"['heart_rate', 'spo2', 'systolic_bp', 'diastolic_bp', 'respiratory_rate']"
2026-07-16T20:52:48.248734,10288,clinical,?,json_manip,scalar_to_array,bert,0.0,0.002,[],"['heart_rate', 'spo2', 'systolic_bp', 'diastolic_bp', 'respiratory_rate']"
2026-07-16T20:52:48.248760,10289,clinical,?,json_manip,array_expansion,bert,0.0,0.002,[],"['heart_rate', 'spo2', 'systolic_bp', 'diastolic_bp', 'respiratory_rate']"
2026-07-16T20:52:48.248772,10302,clinical,?,json_manip,field_join,bert,0.0,0.002,[],"['heart_rate', 'spo2', 'systolic_bp', 'diastolic_bp', 'respiratory_rate']"
2026-07-16T20:52:48.248786,10331,clinical,?,json_manip,duplicate_field_inject,bert,0.0,0.002,[],"['heart_rate', 'spo2', 'systolic_bp', 'diastolic_bp', 'respiratory_rate']"
2026-07-16T20:52:48.248798,10332,clinical,?,json_manip,field_join,bert,0.0,0.002,[],"['heart_rate', 'spo2', 'systolic_bp', 'diastolic_bp', 'respiratory_rate']"
2026-07-16T20:52:48.248831,10335,clinical,?,json_manip,duplicate_field_inject,bert,0.0,0.003,[],"['heart_rate', 'spo2', 'systolic_bp', 'diastolic_bp', 'respiratory_rate']"
2026-07-16T20:52:48.248843,10336,clinical,?,json_manip,scalar_to_array,bert,0.0,0.003,[],"['heart_rate', 'spo2', 'systolic_bp', 'diastolic_bp', 'respiratory_rate']"
2026-07-16T20:52:48.248862,10362,clinical,?,json_manip,field_merge_value,bert,0.0,0.003,[],"['heart_rate', 'spo2', 'systolic_bp', 'diastolic_bp', 'respiratory_rate']"
2026-07-16T20:52:48.248877,10364,clinical,?,json_manip,null_injection,bert,0.0,0.003,[],"['heart_rate', 'spo2', 'systolic_bp', 'diastolic_bp', 'respiratory_rate']"
2026-07-16T20:52:48.248907,10373,clinical,?,json_manip,outlier_injection,bert,0.0,0.002,[],"['heart_rate', 'spo2', 'systolic_bp', 'diastolic_bp', 'respiratory_rate']"
2026-07-16T20:52:48.248919,10377,clinical,?,json_manip,outlier_injection,bert,0.0,0.002,[],"['heart_rate', 'spo2', 'systolic_bp', 'diastolic_bp', 'respiratory_rate']"
2026-07-16T20:52:48.248935,10388,clinical,?,json_manip,array_to_scalar,bert,0.0,0.002,[],"['heart_rate', 'spo2', 'systolic_bp', 'diastolic_bp', 'respiratory_rate']"
2026-07-16T20:52:48.248946,10390,clinical,?,json_manip,duplicate_field_inject,bert,0.0,0.002,[],"['heart_rate', 'spo2', 'systolic_bp', 'diastolic_bp', 'respiratory_rate']"
2026-07-16T20:52:48.248974,10397,clinical,?,json_manip,array_to_scalar,bert,0.0,0.002,[],"['heart_rate', 'spo2', 'systolic_bp', 'diastolic_bp', 'respiratory_rate']"
2026-07-16T20:52:48.248989,10406,clinical,?,json_manip,default_value_inject,bert,0.0,0.002,[],"['heart_rate', 'spo2', 'systolic_bp', 'diastolic_bp', 'respiratory_rate']"
2026-07-16T20:52:48.249000,10407,clinical,?,json_manip,array_to_scalar,bert,0.0,0.002,[],"['heart_rate', 'spo2', 'systolic_bp', 'diastolic_bp', 'respiratory_rate']"
2026-07-16T20:52:48.249012,10411,clinical,?,json_manip,array_expansion,bert,0.0,0.002,[],"['heart_rate', 'spo2', 'systolic_bp', 'diastolic_bp', 'respiratory_rate']"
2026-07-16T20:52:48.249147,10415,clinical,?,json_manip,field_split,bert,0.0,0.008,[],"['heart_rate', 'spo2', 'systolic_bp', 'diastolic_bp', 'respiratory_rate']"
2026-07-16T20:52:48.249183,10425,clinical,?,json_manip,scalar_to_array,bert,0.0,0.008,[],"['heart_rate', 'spo2', 'systolic_bp', 'diastolic_bp', 'respiratory_rate']"
2026-07-16T20:52:48.249196,10441,clinical,?,json_manip,variable_drop,bert,0.0,0.008,[],"['heart_rate', 'spo2', 'systolic_bp', 'diastolic_bp', 'respiratory_rate']"
2026-07-16T20:52:48.249214,10462,clinical,?,json_manip,outlier_injection,bert,0.0,0.008,[],"['heart_rate', 'spo2', 'systolic_bp', 'diastolic_bp', 'respiratory_rate']"
2026-07-16T20:52:48.249246,10466,clinical,?,json_manip,field_merge_value,bert,0.0,0.002,[],"['heart_rate', 'spo2', 'systolic_bp', 'diastolic_bp', 'respiratory_rate']"
2026-07-16T20:52:48.249259,10480,clinical,?,json_manip,scalar_to_array,bert,0.0,0.002,[],"['heart_rate', 'spo2', 'systolic_bp', 'diastolic_bp', 'respiratory_rate']"
2026-07-16T20:52:48.249271,10482,clinical,?,json_manip,scalar_to_array,bert,0.0,0.002,[],"['heart_rate', 'spo2', 'systolic_bp', 'diastolic_bp', 'respiratory_rate']"
2026-07-16T20:52:48.249283,10483,clinical,?,json_manip,field_join,bert,0.0,0.002,[],"['heart_rate', 'spo2', 'systolic_bp', 'diastolic_bp', 'respiratory_rate']"
2026-07-16T20:52:48.249307,10486,clinical,?,json_manip,scalar_to_array,bert,0.0,0.001,[],"['heart_rate', 'spo2', 'systolic_bp', 'diastolic_bp', 'respiratory_rate']"
2026-07-16T20:52:48.249324,10489,clinical,?,json_manip,null_injection,bert,0.0,0.001,[],"['heart_rate', 'spo2', 'systolic_bp', 'diastolic_bp', 'respiratory_rate']"
2026-07-16T20:52:48.249336,10491,clinical,?,json_manip,null_injection,bert,0.0,0.001,[],"['heart_rate', 'spo2', 'systolic_bp', 'diastolic_bp', 'respiratory_rate']"
2026-07-16T20:52:48.249349,10495,clinical,?,json_manip,field_merge_value,bert,0.0,0.001,[],"['heart_rate', 'spo2', 'systolic_bp', 'diastolic_bp', 'respiratory_rate']"
2026-07-16T20:52:48.249380,10496,clinical,?,json_manip,field_merge_value,bert,0.0,0.002,[],"['heart_rate', 'spo2', 'systolic_bp', 'diastolic_bp', 'respiratory_rate']"
2026-07-16T20:52:48.249393,10511,clinical,?,json_manip,default_value_inject,bert,0.0,0.002,[],"['heart_rate', 'spo2', 'systolic_bp', 'diastolic_bp', 'respiratory_rate']"
2026-07-16T20:52:48.249404,10519,clinical,?,json_manip,variable_drop,bert,0.0,0.002,[],"['heart_rate', 'spo2', 'systolic_bp', 'diastolic_bp', 'respiratory_rate']"
2026-07-16T20:52:48.249420,10532,clinical,?,json_manip,variable_drop,bert,0.0,0.002,[],"['heart_rate', 'spo2', 'systolic_bp', 'diastolic_bp', 'respiratory_rate']"
2026-07-16T20:52:48.249459,10545,clinical,?,json_manip,default_value_inject,bert,0.0,0.004,[],"['heart_rate', 'spo2', 'systolic_bp', 'diastolic_bp', 'respiratory_rate']"
2026-07-16T20:52:48.249472,10555,clinical,?,json_manip,null_injection,bert,0.0,0.004,[],"['heart_rate', 'spo2', 'systolic_bp', 'diastolic_bp', 'respiratory_rate']"
2026-07-16T20:52:48.249484,10558,clinical,?,json_manip,default_value_inject,bert,0.0,0.004,[],"['heart_rate', 'spo2', 'systolic_bp', 'diastolic_bp', 'respiratory_rate']"
2026-07-16T20:52:48.249500,10568,clinical,?,json_manip,field_join,bert,0.0,0.004,[],"['heart_rate', 'spo2', 'systolic_bp', 'diastolic_bp', 'respiratory_rate']"
2026-07-16T20:52:48.249530,10581,clinical,?,json_manip,array_expansion,bert,0.0,0.002,[],"['heart_rate', 'spo2', 'systolic_bp', 'diastolic_bp', 'respiratory_rate']"
2026-07-16T20:52:48.249543,10586,clinical,?,json_manip,default_value_inject,bert,0.0,0.002,[],"['heart_rate', 'spo2', 'systolic_bp', 'diastolic_bp', 'respiratory_rate']"
2026-07-16T20:52:48.249557,10596,clinical,?,json_manip,scalar_to_array,bert,0.0,0.002,[],"['heart_rate', 'spo2', 'systolic_bp', 'diastolic_bp', 'respiratory_rate']"
2026-07-16T20:52:48.249574,10618,clinical,?,json_manip,variable_drop,bert,0.0,0.002,[],"['heart_rate', 'spo2', 'systolic_bp', 'diastolic_bp', 'respiratory_rate']"
2026-07-16T20:52:48.249610,10623,clinical,?,json_manip,array_to_scalar,bert,0.0,0.003,[],"['heart_rate', 'spo2', 'systolic_bp', 'diastolic_bp', 'respiratory_rate']"
2026-07-16T20:52:48.249622,10629,clinical,?,json_manip,duplicate_field_inject,bert,0.0,0.003,[],"['heart_rate', 'spo2', 'systolic_bp', 'diastolic_bp', 'respiratory_rate']"
2026-07-16T20:52:48.249639,10630,clinical,?,json_manip,null_injection,bert,0.0,0.003,[],"['heart_rate', 'spo2', 'systolic_bp', 'diastolic_bp', 'respiratory_rate']"
2026-07-16T20:52:48.249654,10657,clinical,?,json_manip,field_split,bert,0.0,0.003,[],"['heart_rate', 'spo2', 'systolic_bp', 'diastolic_bp', 'respiratory_rate']"
2026-07-16T20:52:48.249695,10688,clinical,?,json_manip,null_injection,bert,0.0,0.004,[],"['heart_rate', 'spo2', 'systolic_bp', 'diastolic_bp', 'respiratory_rate']"
2026-07-16T20:52:48.249708,10706,clinical,?,json_manip,field_split,bert,0.0,0.004,[],"['heart_rate', 'spo2', 'systolic_bp', 'diastolic_bp', 'respiratory_rate']"
2026-07-16T20:52:48.249723,10708,clinical,?,json_manip,duplicate_field_inject,bert,0.0,0.004,[],"['heart_rate', 'spo2', 'systolic_bp', 'diastolic_bp', 'respiratory_rate']"
2026-07-16T20:52:48.249735,10711,clinical,?,json_manip,array_to_scalar,bert,0.0,0.004,[],"['heart_rate', 'spo2', 'systolic_bp', 'diastolic_bp', 'respiratory_rate']"
2026-07-16T20:52:48.249771,10739,clinical,?,json_manip,duplicate_field_inject,bert,0.0,0.003,[],"['heart_rate', 'spo2', 'systolic_bp', 'diastolic_bp', 'respiratory_rate']"
2026-07-16T20:52:48.249784,10744,clinical,?,json_manip,array_to_scalar,bert,0.0,0.003,[],"['heart_rate', 'spo2', 'systolic_bp', 'diastolic_bp', 'respiratory_rate']"
2026-07-16T20:52:48.249796,10749,clinical,?,json_manip,field_split,bert,0.0,0.003,[],"['heart_rate', 'spo2', 'systolic_bp', 'diastolic_bp', 'respiratory_rate']"
2026-07-16T20:52:48.249807,10750,clinical,?,json_manip,array_expansion,bert,0.0,0.003,[],"['heart_rate', 'spo2', 'systolic_bp', 'diastolic_bp', 'respiratory_rate']"
2026-07-16T20:52:48.249844,10759,clinical,?,json_manip,field_merge_value,bert,0.0,0.004,[],"['heart_rate', 'spo2', 'systolic_bp', 'diastolic_bp', 'respiratory_rate']"
2026-07-16T20:52:48.249856,10764,clinical,?,json_manip,field_join,bert,0.0,0.004,[],"['heart_rate', 'spo2', 'systolic_bp', 'diastolic_bp', 'respiratory_rate']"
2026-07-16T20:52:48.249868,10780,clinical,?,json_manip,null_injection,bert,0.0,0.004,[],"['heart_rate', 'spo2', 'systolic_bp', 'diastolic_bp', 'respiratory_rate']"
2026-07-16T20:52:48.249883,10813,clinical,?,json_manip,array_expansion,bert,0.0,0.004,[],"['heart_rate', 'spo2', 'systolic_bp', 'diastolic_bp', 'respiratory_rate']"
2026-07-16T20:52:48.249909,10817,clinical,?,json_manip,field_merge_value,bert,0.0,0.002,[],"['heart_rate', 'spo2', 'systolic_bp', 'diastolic_bp', 'respiratory_rate']"
2026-07-16T20:52:48.249925,10866,clinical,?,json_manip,variable_drop,bert,0.0,0.002,[],"['heart_rate', 'spo2', 'systolic_bp', 'diastolic_bp', 'respiratory_rate']"
2026-07-16T20:52:48.249941,10873,clinical,?,json_manip,null_injection,bert,0.0,0.002,[],"['heart_rate', 'spo2', 'systolic_bp', 'diastolic_bp', 'respiratory_rate']"
2026-07-16T20:52:48.249952,10874,clinical,?,json_manip,array_to_scalar,bert,0.0,0.002,[],"['heart_rate', 'spo2', 'systolic_bp', 'diastolic_bp', 'respiratory_rate']"
2026-07-16T20:52:48.249995,10876,clinical,?,json_manip,outlier_injection,bert,0.0,0.005,[],"['heart_rate', 'spo2', 'systolic_bp', 'diastolic_bp', 'respiratory_rate']"
2026-07-16T20:52:48.250011,10885,clinical,?,json_manip,field_merge_value,bert,0.0,0.005,[],"['heart_rate', 'spo2', 'systolic_bp', 'diastolic_bp', 'respiratory_rate']"
2026-07-16T20:52:48.250023,10888,clinical,?,json_manip,field_merge_value,bert,0.0,0.005,[],"['heart_rate', 'spo2', 'systolic_bp', 'diastolic_bp', 'respiratory_rate']"
2026-07-16T20:52:48.250035,10907,clinical,?,json_manip,variable_drop,bert,0.0,0.005,[],"['heart_rate', 'spo2', 'systolic_bp', 'diastolic_bp', 'respiratory_rate']"
2026-07-16T20:52:48.250064,10913,clinical,?,json_manip,field_merge_value,bert,0.0,0.002,[],"['heart_rate', 'spo2', 'systolic_bp', 'diastolic_bp', 'respiratory_rate']"
2026-07-16T20:52:48.250111,10916,clinical,?,json_manip,duplicate_field_inject,bert,0.0,0.002,[],"['heart_rate', 'spo2', 'systolic_bp', 'diastolic_bp', 'respiratory_rate']"
2026-07-16T20:52:48.250124,10927,clinical,?,json_manip,variable_drop,bert,0.0,0.002,[],"['heart_rate', 'spo2', 'systolic_bp', 'diastolic_bp', 'respiratory_rate']"
2026-07-16T20:52:48.250136,10933,clinical,?,json_manip,duplicate_field_inject,bert,0.0,0.002,[],"['heart_rate', 'spo2', 'systolic_bp', 'diastolic_bp', 'respiratory_rate']"
2026-07-16T20:52:48.250162,10943,clinical,?,json_manip,outlier_injection,bert,0.0,0.002,[],"['heart_rate', 'spo2', 'systolic_bp', 'diastolic_bp', 'respiratory_rate']"
2026-07-16T20:52:48.250174,10948,clinical,?,json_manip,array_expansion,bert,0.0,0.002,[],"['heart_rate', 'spo2', 'systolic_bp', 'diastolic_bp', 'respiratory_rate']"
2026-07-16T20:52:48.250189,10962,clinical,?,json_manip,field_split,bert,0.0,0.002,[],"['heart_rate', 'spo2', 'systolic_bp', 'diastolic_bp', 'respiratory_rate']"
2026-07-16T20:52:48.250201,10963,clinical,?,json_manip,null_injection,bert,0.0,0.002,[],"['heart_rate', 'spo2', 'systolic_bp', 'diastolic_bp', 'respiratory_rate']"
2026-07-16T20:52:48.250240,10969,clinical,?,json_manip,default_value_inject,bert,0.0,0.004,[],"['heart_rate', 'spo2', 'systolic_bp', 'diastolic_bp', 'respiratory_rate']"
2026-07-16T20:52:48.250259,10979,clinical,?,json_manip,array_to_scalar,bert,0.0,0.004,[],"['heart_rate', 'spo2', 'systolic_bp', 'diastolic_bp', 'respiratory_rate']"
2026-07-16T20:52:48.250272,11000,clinical,?,json_manip,variable_drop,bert,0.0,0.004,[],"['heart_rate', 'spo2', 'systolic_bp', 'diastolic_bp', 'respiratory_rate']"
2026-07-16T20:52:48.250284,11028,clinical,?,json_manip,field_split,bert,0.0,0.004,[],"['heart_rate', 'spo2', 'systolic_bp', 'diastolic_bp', 'respiratory_rate']"
2026-07-16T20:52:48.250318,11038,clinical,?,json_manip,scalar_to_array,bert,0.0,0.002,[],"['heart_rate', 'spo2', 'systolic_bp', 'diastolic_bp', 'respiratory_rate']"
2026-07-16T20:52:48.250331,11043,clinical,?,json_manip,field_split,bert,0.0,0.002,[],"['heart_rate', 'spo2', 'systolic_bp', 'diastolic_bp', 'respiratory_rate']"
2026-07-16T20:52:48.250342,11050,clinical,?,json_manip,null_injection,bert,0.0,0.002,[],"['heart_rate', 'spo2', 'systolic_bp', 'diastolic_bp', 'respiratory_rate']"
2026-07-16T20:52:48.250354,11052,clinical,?,json_manip,variable_drop,bert,0.0,0.002,[],"['heart_rate', 'spo2', 'systolic_bp', 'diastolic_bp', 'respiratory_rate']"
2026-07-16T20:52:48.250389,11082,clinical,?,json_manip,default_value_inject,bert,0.0,0.003,[],"['heart_rate', 'spo2', 'systolic_bp', 'diastolic_bp', 'respiratory_rate']"
2026-07-16T20:52:48.250405,11102,clinical,?,json_manip,array_to_scalar,bert,0.0,0.003,[],"['heart_rate', 'spo2', 'systolic_bp', 'diastolic_bp', 'respiratory_rate']"
2026-07-16T20:52:48.250417,11108,clinical,?,json_manip,outlier_injection,bert,0.0,0.003,[],"['heart_rate', 'spo2', 'systolic_bp', 'diastolic_bp', 'respiratory_rate']"
2026-07-16T20:52:48.250429,11114,clinical,?,json_manip,array_to_scalar,bert,0.0,0.003,[],"['heart_rate', 'spo2', 'systolic_bp', 'diastolic_bp', 'respiratory_rate']"
2026-07-16T20:52:48.250451,11117,clinical,?,json_manip,null_injection,bert,0.0,0.001,[],"['heart_rate', 'spo2', 'systolic_bp', 'diastolic_bp', 'respiratory_rate']"
2026-07-16T20:52:48.250463,11118,clinical,?,json_manip,field_merge_value,bert,0.0,0.001,[],"['heart_rate', 'spo2', 'systolic_bp', 'diastolic_bp', 'respiratory_rate']"
2026-07-16T20:52:48.250475,11123,clinical,?,json_manip,field_join,bert,0.0,0.001,[],"['heart_rate', 'spo2', 'systolic_bp', 'diastolic_bp', 'respiratory_rate']"
2026-07-16T20:52:48.250491,11125,clinical,?,json_manip,null_injection,bert,0.0,0.001,[],"['heart_rate', 'spo2', 'systolic_bp', 'diastolic_bp', 'respiratory_rate']"
2026-07-16T20:52:48.250532,11146,clinical,?,json_manip,default_value_inject,bert,0.0,0.004,[],"['heart_rate', 'spo2', 'systolic_bp', 'diastolic_bp', 'respiratory_rate']"
2026-07-16T20:52:48.250544,11150,clinical,?,json_manip,default_value_inject,bert,0.0,0.004,[],"['heart_rate', 'spo2', 'systolic_bp', 'diastolic_bp', 'respiratory_rate']"
2026-07-16T20:52:48.250566,11199,clinical,?,json_manip,array_expansion,bert,0.0,0.004,[],"['heart_rate', 'spo2', 'systolic_bp', 'diastolic_bp', 'respiratory_rate']"
2026-07-16T20:52:48.250579,11203,clinical,?,json_manip,variable_drop,bert,0.0,0.004,[],"['heart_rate', 'spo2', 'systolic_bp', 'diastolic_bp', 'respiratory_rate']"
2026-07-16T20:52:48.250603,11204,clinical,?,json_manip,field_merge_value,bert,0.0,0.002,[],"['heart_rate', 'spo2', 'systolic_bp', 'diastolic_bp', 'respiratory_rate']"
2026-07-16T20:52:48.250620,11209,clinical,?,json_manip,scalar_to_array,bert,0.0,0.002,[],"['heart_rate', 'spo2', 'systolic_bp', 'diastolic_bp', 'respiratory_rate']"
2026-07-16T20:52:48.250631,11218,clinical,?,json_manip,outlier_injection,bert,0.0,0.002,[],"['heart_rate', 'spo2', 'systolic_bp', 'diastolic_bp', 'respiratory_rate']"
2026-07-16T20:52:48.250643,11220,clinical,?,json_manip,field_split,bert,0.0,0.002,[],"['heart_rate', 'spo2', 'systolic_bp', 'diastolic_bp', 'respiratory_rate']"
2026-07-16T20:52:48.250670,11223,clinical,?,json_manip,field_merge_value,bert,0.0,0.003,[],"['heart_rate', 'spo2', 'systolic_bp', 'diastolic_bp', 'respiratory_rate']"
2026-07-16T20:52:48.250685,11230,clinical,?,json_manip,array_expansion,bert,0.0,0.003,[],"['heart_rate', 'spo2', 'systolic_bp', 'diastolic_bp', 'respiratory_rate']"
2026-07-16T20:52:48.250697,11241,clinical,?,json_manip,default_value_inject,bert,0.0,0.003,[],"['heart_rate', 'spo2', 'systolic_bp', 'diastolic_bp', 'respiratory_rate']"
2026-07-16T20:52:48.250709,11246,clinical,?,json_manip,null_injection,bert,0.0,0.003,[],"['heart_rate', 'spo2', 'systolic_bp', 'diastolic_bp', 'respiratory_rate']"
2026-07-16T20:52:48.250733,11250,clinical,?,json_manip,array_expansion,bert,0.0,0.002,[],"['heart_rate', 'spo2', 'systolic_bp', 'diastolic_bp', 'respiratory_rate']"
2026-07-16T20:52:48.250745,11256,clinical,?,json_manip,outlier_injection,bert,0.0,0.002,[],"['heart_rate', 'spo2', 'systolic_bp', 'diastolic_bp', 'respiratory_rate']"
2026-07-16T20:52:48.250757,11272,clinical,?,json_manip,field_merge_value,bert,0.0,0.002,[],"['heart_rate', 'spo2', 'systolic_bp', 'diastolic_bp', 'respiratory_rate']"
2026-07-16T20:52:48.250768,11274,clinical,?,json_manip,field_split,bert,0.0,0.002,[],"['heart_rate', 'spo2', 'systolic_bp', 'diastolic_bp', 'respiratory_rate']"
2026-07-16T20:52:48.250792,11283,clinical,?,json_manip,field_merge_value,bert,0.0,0.002,[],"['heart_rate', 'spo2', 'systolic_bp', 'diastolic_bp', 'respiratory_rate']"
2026-07-16T20:52:48.250807,11290,clinical,?,json_manip,scalar_to_array,bert,0.0,0.002,[],"['heart_rate', 'spo2', 'systolic_bp', 'diastolic_bp', 'respiratory_rate']"
2026-07-16T20:52:48.250819,11309,clinical,?,json_manip,null_injection,bert,0.0,0.002,[],"['heart_rate', 'spo2', 'systolic_bp', 'diastolic_bp', 'respiratory_rate']"
2026-07-16T20:52:48.250831,11322,clinical,?,json_manip,default_value_inject,bert,0.0,0.002,[],"['heart_rate', 'spo2', 'systolic_bp', 'diastolic_bp', 'respiratory_rate']"
2026-07-16T20:52:48.250865,11323,clinical,?,json_manip,array_expansion,bert,0.0,0.004,[],"['heart_rate', 'spo2', 'systolic_bp', 'diastolic_bp', 'respiratory_rate']"
2026-07-16T20:52:48.250878,11331,clinical,?,json_manip,field_split,bert,0.0,0.004,[],"['heart_rate', 'spo2', 'systolic_bp', 'diastolic_bp', 'respiratory_rate']"
2026-07-16T20:52:48.250890,11346,clinical,?,json_manip,array_to_scalar,bert,0.0,0.004,[],"['heart_rate', 'spo2', 'systolic_bp', 'diastolic_bp', 'respiratory_rate']"
2026-07-16T20:52:48.250904,11374,clinical,?,json_manip,duplicate_field_inject,bert,0.0,0.004,[],"['heart_rate', 'spo2', 'systolic_bp', 'diastolic_bp', 'respiratory_rate']"
2026-07-16T20:52:48.250927,11376,clinical,?,json_manip,scalar_to_array,bert,0.0,0.002,[],"['heart_rate', 'spo2', 'systolic_bp', 'diastolic_bp', 'respiratory_rate']"
2026-07-16T20:52:48.250939,11387,clinical,?,json_manip,field_split,bert,0.0,0.002,[],"['heart_rate', 'spo2', 'systolic_bp', 'diastolic_bp', 'respiratory_rate']"
2026-07-16T20:52:48.251010,11390,clinical,?,json_manip,null_injection,bert,0.0,0.002,[],"['heart_rate', 'spo2', 'systolic_bp', 'diastolic_bp', 'respiratory_rate']"
2026-07-16T20:52:48.251031,11394,clinical,?,json_manip,outlier_injection,bert,0.0,0.002,[],"['heart_rate', 'spo2', 'systolic_bp', 'diastolic_bp', 'respiratory_rate']"
2026-07-16T20:52:48.251062,11404,clinical,?,json_manip,field_split,bert,0.0,0.003,[],"['heart_rate', 'spo2', 'systolic_bp', 'diastolic_bp', 'respiratory_rate']"
2026-07-16T20:52:48.251081,11447,clinical,?,json_manip,default_value_inject,bert,0.0,0.003,[],"['heart_rate', 'spo2', 'systolic_bp', 'diastolic_bp', 'respiratory_rate']"
2026-07-16T20:52:48.251094,11460,clinical,?,json_manip,null_injection,bert,0.0,0.003,[],"['heart_rate', 'spo2', 'systolic_bp', 'diastolic_bp', 'respiratory_rate']"
2026-07-16T20:52:48.251106,11461,clinical,?,json_manip,field_join,bert,0.0,0.003,[],"['heart_rate', 'spo2', 'systolic_bp', 'diastolic_bp', 'respiratory_rate']"
2026-07-16T20:52:48.251152,11465,clinical,?,json_manip,outlier_injection,bert,0.0,0.006,[],"['heart_rate', 'spo2', 'systolic_bp', 'diastolic_bp', 'respiratory_rate']"
2026-07-16T20:52:48.251165,11475,clinical,?,json_manip,field_split,bert,0.0,0.006,[],"['heart_rate', 'spo2', 'systolic_bp', 'diastolic_bp', 'respiratory_rate']"
2026-07-16T20:52:48.251179,11510,clinical,?,json_manip,variable_drop,bert,0.0,0.006,[],"['heart_rate', 'spo2', 'systolic_bp', 'diastolic_bp', 'respiratory_rate']"
2026-07-16T20:52:48.251191,11518,clinical,?,json_manip,null_injection,bert,0.0,0.006,[],"['heart_rate', 'spo2', 'systolic_bp', 'diastolic_bp', 'respiratory_rate']"
2026-07-16T20:52:48.251224,11532,clinical,?,json_manip,duplicate_field_inject,bert,0.0,0.003,[],"['heart_rate', 'spo2', 'systolic_bp', 'diastolic_bp', 'respiratory_rate']"
2026-07-16T20:52:48.251239,11596,clinical,?,json_manip,outlier_injection,bert,0.0,0.003,[],"['heart_rate', 'spo2', 'systolic_bp', 'diastolic_bp', 'respiratory_rate']"
2026-07-16T20:52:48.251251,11599,clinical,?,json_manip,scalar_to_array,bert,0.0,0.003,[],"['heart_rate', 'spo2', 'systolic_bp', 'diastolic_bp', 'respiratory_rate']"
2026-07-16T20:52:48.251263,11600,clinical,?,json_manip,field_merge_value,bert,0.0,0.003,[],"['heart_rate', 'spo2', 'systolic_bp', 'diastolic_bp', 'respiratory_rate']"
2026-07-16T20:52:48.251296,11615,clinical,?,json_manip,scalar_to_array,bert,0.0,0.003,[],"['heart_rate', 'spo2', 'systolic_bp', 'diastolic_bp', 'respiratory_rate']"
2026-07-16T20:52:48.251308,11621,clinical,?,json_manip,array_to_scalar,bert,0.0,0.003,[],"['heart_rate', 'spo2', 'systolic_bp', 'diastolic_bp', 'respiratory_rate']"
2026-07-16T20:52:48.251320,11650,clinical,?,json_manip,default_value_inject,bert,0.0,0.003,[],"['heart_rate', 'spo2', 'systolic_bp', 'diastolic_bp', 'respiratory_rate']"
2026-07-16T20:52:48.251332,11661,clinical,?,json_manip,array_expansion,bert,0.0,0.003,[],"['heart_rate', 'spo2', 'systolic_bp', 'diastolic_bp', 'respiratory_rate']"
2026-07-16T20:52:48.251365,11686,clinical,?,json_manip,variable_drop,bert,0.0,0.003,[],"['heart_rate', 'spo2', 'systolic_bp', 'diastolic_bp', 'respiratory_rate']"
2026-07-16T20:52:48.251377,11687,clinical,?,json_manip,duplicate_field_inject,bert,0.0,0.003,[],"['heart_rate', 'spo2', 'systolic_bp', 'diastolic_bp', 'respiratory_rate']"
2026-07-16T20:52:48.251389,11692,clinical,?,json_manip,null_injection,bert,0.0,0.003,[],"['heart_rate', 'spo2', 'systolic_bp', 'diastolic_bp', 'respiratory_rate']"
2026-07-16T20:52:48.251400,11701,clinical,?,json_manip,field_split,bert,0.0,0.003,[],"['heart_rate', 'spo2', 'systolic_bp', 'diastolic_bp', 'respiratory_rate']"
2026-07-16T20:52:48.251424,11706,clinical,?,json_manip,default_value_inject,bert,0.0,0.002,[],"['heart_rate', 'spo2', 'systolic_bp', 'diastolic_bp', 'respiratory_rate']"
2026-07-16T20:52:48.251436,11720,clinical,?,json_manip,field_split,bert,0.0,0.002,[],"['heart_rate', 'spo2', 'systolic_bp', 'diastolic_bp', 'respiratory_rate']"
2026-07-16T20:52:48.251450,11749,clinical,?,json_manip,scalar_to_array,bert,0.0,0.002,[],"['heart_rate', 'spo2', 'systolic_bp', 'diastolic_bp', 'respiratory_rate']"
2026-07-16T20:52:48.251462,11752,clinical,?,json_manip,null_injection,bert,0.0,0.002,[],"['heart_rate', 'spo2', 'systolic_bp', 'diastolic_bp', 'respiratory_rate']"
2026-07-16T20:52:48.251491,11791,clinical,?,json_manip,array_to_scalar,bert,0.0,0.003,[],"['heart_rate', 'spo2', 'systolic_bp', 'diastolic_bp', 'respiratory_rate']"
2026-07-16T20:52:48.251504,11796,clinical,?,json_manip,field_split,bert,0.0,0.003,[],"['heart_rate', 'spo2', 'systolic_bp', 'diastolic_bp', 'respiratory_rate']"
2026-07-16T20:52:48.251520,11805,clinical,?,json_manip,duplicate_field_inject,bert,0.0,0.003,[],"['heart_rate', 'spo2', 'systolic_bp', 'diastolic_bp', 'respiratory_rate']"
2026-07-16T20:52:48.251532,11812,clinical,?,json_manip,variable_drop,bert,0.0,0.003,[],"['heart_rate', 'spo2', 'systolic_bp', 'diastolic_bp', 'respiratory_rate']"
2026-07-16T20:52:48.251561,11820,clinical,?,json_manip,field_split,bert,0.0,0.002,[],"['heart_rate', 'spo2', 'systolic_bp', 'diastolic_bp', 'respiratory_rate']"
2026-07-16T20:52:48.251573,11824,clinical,?,json_manip,field_merge_value,bert,0.0,0.002,[],"['heart_rate', 'spo2', 'systolic_bp', 'diastolic_bp', 'respiratory_rate']"
2026-07-16T20:52:48.251585,11853,clinical,?,json_manip,scalar_to_array,bert,0.0,0.002,[],"['heart_rate', 'spo2', 'systolic_bp', 'diastolic_bp', 'respiratory_rate']"
2026-07-16T20:52:48.251596,11855,clinical,?,json_manip,array_to_scalar,bert,0.0,0.002,[],"['heart_rate', 'spo2', 'systolic_bp', 'diastolic_bp', 'respiratory_rate']"
2026-07-16T20:52:48.251628,11856,clinical,?,json_manip,array_to_scalar,bert,0.0,0.003,[],"['heart_rate', 'spo2', 'systolic_bp', 'diastolic_bp', 'respiratory_rate']"
2026-07-16T20:52:48.251642,11875,clinical,?,json_manip,outlier_injection,bert,0.0,0.003,[],"['heart_rate', 'spo2', 'systolic_bp', 'diastolic_bp', 'respiratory_rate']"
2026-07-16T20:52:48.251654,11880,clinical,?,json_manip,array_expansion,bert,0.0,0.003,[],"['heart_rate', 'spo2', 'systolic_bp', 'diastolic_bp', 'respiratory_rate']"
2026-07-16T20:52:48.251666,11910,clinical,?,json_manip,array_expansion,bert,0.0,0.003,[],"['heart_rate', 'spo2', 'systolic_bp', 'diastolic_bp', 'respiratory_rate']"
2026-07-16T20:52:48.251698,11915,clinical,?,json_manip,outlier_injection,bert,0.0,0.003,[],"['heart_rate', 'spo2', 'systolic_bp', 'diastolic_bp', 'respiratory_rate']"
2026-07-16T20:52:48.251712,11926,clinical,?,json_manip,duplicate_field_inject,bert,0.0,0.003,[],"['heart_rate', 'spo2', 'systolic_bp', 'diastolic_bp', 'respiratory_rate']"
2026-07-16T20:52:48.251724,11951,clinical,?,json_manip,duplicate_field_inject,bert,0.0,0.003,[],"['heart_rate', 'spo2', 'systolic_bp', 'diastolic_bp', 'respiratory_rate']"
2026-07-16T20:52:48.251736,11962,clinical,?,json_manip,duplicate_field_inject,bert,0.0,0.003,[],"['heart_rate', 'spo2', 'systolic_bp', 'diastolic_bp', 'respiratory_rate']"
2026-07-16T20:52:48.251762,11986,clinical,?,json_manip,field_split,bert,0.0,0.003,[],"['heart_rate', 'spo2', 'systolic_bp', 'diastolic_bp', 'respiratory_rate']"
2026-07-16T20:52:48.251777,11989,clinical,?,json_manip,variable_drop,bert,0.0,0.003,[],"['heart_rate', 'spo2', 'systolic_bp', 'diastolic_bp', 'respiratory_rate']"
2026-07-16T20:52:48.251789,11994,clinical,?,json_manip,duplicate_field_inject,bert,0.0,0.003,[],"['heart_rate', 'spo2', 'systolic_bp', 'diastolic_bp', 'respiratory_rate']"
2026-07-16T20:52:48.251801,11997,clinical,?,json_manip,field_join,bert,0.0,0.003,[],"['heart_rate', 'spo2', 'systolic_bp', 'diastolic_bp', 'respiratory_rate']"
2026-07-16T20:52:48.251832,12000,clinical,?,json_manip,variable_drop,bert,0.0,0.003,[],"['heart_rate', 'spo2', 'systolic_bp', 'diastolic_bp', 'respiratory_rate']"
2026-07-16T20:52:48.251844,12005,clinical,?,json_manip,field_join,bert,0.0,0.003,[],"['heart_rate', 'spo2', 'systolic_bp', 'diastolic_bp', 'respiratory_rate']"
2026-07-16T20:52:48.251856,12029,clinical,?,json_manip,field_split,bert,0.0,0.003,[],"['heart_rate', 'spo2', 'systolic_bp', 'diastolic_bp', 'respiratory_rate']"
2026-07-16T20:52:48.252141,12050,clinical,?,json_manip,scalar_to_array,bert,0.0,0.003,[],"['heart_rate', 'spo2', 'systolic_bp', 'diastolic_bp', 'respiratory_rate']"
2026-07-16T20:52:48.252175,12071,clinical,?,json_manip,array_to_scalar,bert,0.0,0.003,[],"['heart_rate', 'spo2', 'systolic_bp', 'diastolic_bp', 'respiratory_rate']"
2026-07-16T20:52:48.252188,12091,clinical,?,json_manip,array_to_scalar,bert,0.0,0.003,[],"['heart_rate', 'spo2', 'systolic_bp', 'diastolic_bp', 'respiratory_rate']"
2026-07-16T20:52:48.252199,12099,clinical,?,json_manip,field_split,bert,0.0,0.003,[],"['heart_rate', 'spo2', 'systolic_bp', 'diastolic_bp', 'respiratory_rate']"
2026-07-16T20:52:48.252215,12117,clinical,?,json_manip,variable_drop,bert,0.0,0.003,[],"['heart_rate', 'spo2', 'systolic_bp', 'diastolic_bp', 'respiratory_rate']"
2026-07-16T20:52:48.252250,12143,clinical,?,json_manip,duplicate_field_inject,bert,0.0,0.004,[],"['heart_rate', 'spo2', 'systolic_bp', 'diastolic_bp', 'respiratory_rate']"
2026-07-16T20:52:48.252266,12202,clinical,?,json_manip,null_injection,bert,0.0,0.004,[],"['heart_rate', 'spo2', 'systolic_bp', 'diastolic_bp', 'respiratory_rate']"
2026-07-16T20:52:48.252278,12205,clinical,?,json_manip,field_split,bert,0.0,0.004,[],"['heart_rate', 'spo2', 'systolic_bp', 'diastolic_bp', 'respiratory_rate']"
2026-07-16T20:52:48.252289,12214,clinical,?,json_manip,variable_drop,bert,0.0,0.004,[],"['heart_rate', 'spo2', 'systolic_bp', 'diastolic_bp', 'respiratory_rate']"
2026-07-16T20:52:48.252321,12218,clinical,?,json_manip,array_to_scalar,bert,0.0,0.001,[],"['heart_rate', 'spo2', 'systolic_bp', 'diastolic_bp', 'respiratory_rate']"
2026-07-16T20:52:48.252333,12223,clinical,?,json_manip,field_join,bert,0.0,0.001,[],"['heart_rate', 'spo2', 'systolic_bp', 'diastolic_bp', 'respiratory_rate']"
2026-07-16T20:52:48.252344,12237,clinical,?,json_manip,default_value_inject,bert,0.0,0.001,[],"['heart_rate', 'spo2', 'systolic_bp', 'diastolic_bp', 'respiratory_rate']"
2026-07-16T20:52:48.252358,12245,clinical,?,json_manip,array_expansion,bert,0.0,0.001,[],"['heart_rate', 'spo2', 'systolic_bp', 'diastolic_bp', 'respiratory_rate']"
2026-07-16T20:52:48.252404,12249,clinical,?,json_manip,null_injection,bert,0.0,0.002,[],"['heart_rate', 'spo2', 'systolic_bp', 'diastolic_bp', 'respiratory_rate']"
2026-07-16T20:52:48.252416,12266,clinical,?,json_manip,field_join,bert,0.0,0.002,[],"['heart_rate', 'spo2', 'systolic_bp', 'diastolic_bp', 'respiratory_rate']"
2026-07-16T20:52:48.252427,12267,clinical,?,json_manip,default_value_inject,bert,0.0,0.002,[],"['heart_rate', 'spo2', 'systolic_bp', 'diastolic_bp', 'respiratory_rate']"
2026-07-16T20:52:48.252439,12268,clinical,?,json_manip,variable_drop,bert,0.0,0.002,[],"['heart_rate', 'spo2', 'systolic_bp', 'diastolic_bp', 'respiratory_rate']"
2026-07-16T20:52:48.252466,12272,clinical,?,json_manip,field_join,bert,0.0,0.003,[],"['heart_rate', 'spo2', 'systolic_bp', 'diastolic_bp', 'respiratory_rate']"
2026-07-16T20:52:48.252478,12283,clinical,?,json_manip,field_merge_value,bert,0.0,0.003,[],"['heart_rate', 'spo2', 'systolic_bp', 'diastolic_bp', 'respiratory_rate']"
2026-07-16T20:52:48.252492,12318,clinical,?,json_manip,null_injection,bert,0.0,0.003,[],"['heart_rate', 'spo2', 'systolic_bp', 'diastolic_bp', 'respiratory_rate']"
2026-07-16T20:52:48.252503,12324,clinical,?,json_manip,field_split,bert,0.0,0.003,[],"['heart_rate', 'spo2', 'systolic_bp', 'diastolic_bp', 'respiratory_rate']"
2026-07-16T20:52:48.252547,12329,clinical,?,json_manip,field_merge_value,bert,0.0,0.001,[],"['heart_rate', 'spo2', 'systolic_bp', 'diastolic_bp', 'respiratory_rate']"
2026-07-16T20:52:48.252559,12348,clinical,?,json_manip,field_split,bert,0.0,0.001,[],"['heart_rate', 'spo2', 'systolic_bp', 'diastolic_bp', 'respiratory_rate']"
2026-07-16T20:52:48.252570,12349,clinical,?,json_manip,null_injection,bert,0.0,0.001,[],"['heart_rate', 'spo2', 'systolic_bp', 'diastolic_bp', 'respiratory_rate']"
2026-07-16T20:52:48.252582,12364,clinical,?,json_manip,variable_drop,bert,0.0,0.001,[],"['heart_rate', 'spo2', 'systolic_bp', 'diastolic_bp', 'respiratory_rate']"
2026-07-16T20:52:48.252630,12367,clinical,?,json_manip,field_split,bert,0.0,0.002,[],"['heart_rate', 'spo2', 'systolic_bp', 'diastolic_bp', 'respiratory_rate']"
2026-07-16T20:52:48.252645,12378,clinical,?,json_manip,scalar_to_array,bert,0.0,0.002,[],"['heart_rate', 'spo2', 'systolic_bp', 'diastolic_bp', 'respiratory_rate']"
2026-07-16T20:52:48.252657,12379,clinical,?,json_manip,scalar_to_array,bert,0.0,0.002,[],"['heart_rate', 'spo2', 'systolic_bp', 'diastolic_bp', 'respiratory_rate']"
2026-07-16T20:52:48.252669,12384,clinical,?,json_manip,array_to_scalar,bert,0.0,0.002,[],"['heart_rate', 'spo2', 'systolic_bp', 'diastolic_bp', 'respiratory_rate']"
2026-07-16T20:52:48.252694,12398,clinical,?,json_manip,null_injection,bert,0.0,0.002,[],"['heart_rate', 'spo2', 'systolic_bp', 'diastolic_bp', 'respiratory_rate']"
2026-07-16T20:52:48.252707,12406,clinical,?,json_manip,field_split,bert,0.0,0.002,[],"['heart_rate', 'spo2', 'systolic_bp', 'diastolic_bp', 'respiratory_rate']"
2026-07-16T20:52:48.252718,12416,clinical,?,json_manip,field_merge_value,bert,0.0,0.002,[],"['heart_rate', 'spo2', 'systolic_bp', 'diastolic_bp', 'respiratory_rate']"
2026-07-16T20:52:48.252730,12420,clinical,?,json_manip,outlier_injection,bert,0.0,0.002,[],"['heart_rate', 'spo2', 'systolic_bp', 'diastolic_bp', 'respiratory_rate']"
2026-07-16T20:52:48.252758,12440,clinical,?,json_manip,field_split,bert,0.0,0.001,[],"['heart_rate', 'spo2', 'systolic_bp', 'diastolic_bp', 'respiratory_rate']"
2026-07-16T20:52:48.252770,12442,clinical,?,json_manip,null_injection,bert,0.0,0.001,[],"['heart_rate', 'spo2', 'systolic_bp', 'diastolic_bp', 'respiratory_rate']"
2026-07-16T20:52:48.252782,12457,clinical,?,json_manip,field_merge_value,bert,0.0,0.001,[],"['heart_rate', 'spo2', 'systolic_bp', 'diastolic_bp', 'respiratory_rate']"
2026-07-16T20:52:48.252794,12462,clinical,?,json_manip,scalar_to_array,bert,0.0,0.001,[],"['heart_rate', 'spo2', 'systolic_bp', 'diastolic_bp', 'respiratory_rate']"
2026-07-16T20:52:48.252837,12464,clinical,?,json_manip,field_join,bert,0.0,0.003,[],"['heart_rate', 'spo2', 'systolic_bp', 'diastolic_bp', 'respiratory_rate']"
2026-07-16T20:52:48.252849,12471,clinical,?,json_manip,field_join,bert,0.0,0.003,[],"['heart_rate', 'spo2', 'systolic_bp', 'diastolic_bp', 'respiratory_rate']"
2026-07-16T20:52:48.252860,12477,clinical,?,json_manip,array_to_scalar,bert,0.0,0.003,[],"['heart_rate', 'spo2', 'systolic_bp', 'diastolic_bp', 'respiratory_rate']"
2026-07-16T20:52:48.252874,12496,clinical,?,json_manip,field_split,bert,0.0,0.003,[],"['heart_rate', 'spo2', 'systolic_bp', 'diastolic_bp', 'respiratory_rate']"
2026-07-16T20:52:48.252929,12497,clinical,?,json_manip,null_injection,bert,0.0,0.004,[],"['heart_rate', 'spo2', 'systolic_bp', 'diastolic_bp', 'respiratory_rate']"
2026-07-16T20:52:48.252941,12498,clinical,?,json_manip,default_value_inject,bert,0.0,0.004,[],"['heart_rate', 'spo2', 'systolic_bp', 'diastolic_bp', 'respiratory_rate']"
2026-07-16T20:52:48.252960,12507,hockey_nhl,?,json_manip,null_injection,bert,0.0,0.004,[],"['id', 'season', 'gameType', 'limitedScoring', 'gameDate', 'venue', 'venueLocation', 'startTimeUTC', 'easternUTCOffset', 'venueUTCOffset', 'tvBroadcasts', 'gameState', 'gameScheduleState', 'periodDescriptor', 'awayTeam', 'homeTeam', 'shootoutInUse', 'otInUse', 'clock', 'displayPeriod', 'maxPeriods', 'gameOutcome', 'plays', 'rosterSpots', 'regPeriods', 'summary']"
2026-07-16T20:52:48.252997,12513,hockey_nhl,?,json_manip,field_join,bert,0.0,0.004,[],"['id', 'season', 'gameType', 'limitedScoring', 'gameDate', 'venue', 'venueLocation', 'startTimeUTC', 'easternUTCOffset', 'venueUTCOffset', 'tvBroadcasts', 'gameState', 'gameScheduleState', 'periodDescriptor', 'awayTeam', 'homeTeam', 'shootoutInUse', 'otInUse', 'clock', 'displayPeriod', 'maxPeriods', 'gameOutcome', 'plays', 'rosterSpots', 'regPeriods', 'summary']"
2026-07-16T20:52:48.253092,12515,hockey_nhl,?,json_manip,field_split,bert,0.0,0.009,[],"['id', 'season', 'gameType', 'limitedScoring', 'gameDate', 'venue', 'venueLocation', 'startTimeUTC', 'easternUTCOffset', 'venueUTCOffset', 'tvBroadcasts', 'gameState', 'gameScheduleState', 'periodDescriptor', 'awayTeam', 'homeTeam', 'shootoutInUse', 'otInUse', 'clock', 'displayPeriod', 'maxPeriods', 'gameOutcome', 'plays', 'rosterSpots', 'regPeriods', 'summary']"
2026-07-16T20:52:48.253172,12558,hockey_nhl,?,json_manip,duplicate_field_inject,bert,0.0,0.009,[],"['id', 'season', 'gameType', 'limitedScoring', 'gameDate', 'venue', 'venueLocation', 'startTimeUTC', 'easternUTCOffset', 'venueUTCOffset', 'tvBroadcasts', 'gameState', 'gameScheduleState', 'periodDescriptor', 'awayTeam', 'homeTeam', 'shootoutInUse', 'otInUse', 'clock', 'displayPeriod', 'maxPeriods', 'gameOutcome', 'plays', 'rosterSpots', 'regPeriods', 'summary']"
2026-07-16T20:52:48.253197,12559,hockey_nhl,?,json_manip,field_merge_value,bert,0.0,0.009,[],"['id', 'season', 'gameType', 'limitedScoring', 'gameDate', 'venue', 'venueLocation', 'startTimeUTC', 'easternUTCOffset', 'venueUTCOffset', 'tvBroadcasts', 'gameState', 'gameScheduleState', 'periodDescriptor', 'awayTeam', 'homeTeam', 'shootoutInUse', 'otInUse', 'clock', 'displayPeriod', 'maxPeriods', 'gameOutcome', 'plays', 'rosterSpots', 'regPeriods', 'summary']"
2026-07-16T20:52:48.253220,12564,hockey_nhl,?,json_manip,duplicate_field_inject,bert,0.0,0.009,[],"['id', 'season', 'gameType', 'limitedScoring', 'gameDate', 'venue', 'venueLocation', 'startTimeUTC', 'easternUTCOffset', 'venueUTCOffset', 'tvBroadcasts', 'gameState', 'gameScheduleState', 'periodDescriptor', 'awayTeam', 'homeTeam', 'shootoutInUse', 'otInUse', 'clock', 'displayPeriod', 'maxPeriods', 'gameOutcome', 'plays', 'rosterSpots', 'regPeriods', 'summary']"
2026-07-16T20:52:48.253338,12578,hockey_nhl,?,json_manip,field_merge_value,bert,0.0,0.011,[],"['id', 'season', 'gameType', 'limitedScoring', 'gameDate', 'venue', 'venueLocation', 'startTimeUTC', 'easternUTCOffset', 'venueUTCOffset', 'tvBroadcasts', 'gameState', 'gameScheduleState', 'periodDescriptor', 'awayTeam', 'homeTeam', 'shootoutInUse', 'otInUse', 'clock', 'displayPeriod', 'maxPeriods', 'gameOutcome', 'plays', 'rosterSpots', 'regPeriods', 'summary']"
2026-07-16T20:52:48.253361,12584,hockey_nhl,?,json_manip,duplicate_field_inject,bert,0.0,0.011,[],"['id', 'season', 'gameType', 'limitedScoring', 'gameDate', 'venue', 'venueLocation', 'startTimeUTC', 'easternUTCOffset', 'venueUTCOffset', 'tvBroadcasts', 'gameState', 'gameScheduleState', 'periodDescriptor', 'awayTeam', 'homeTeam', 'shootoutInUse', 'otInUse', 'clock', 'displayPeriod', 'maxPeriods', 'gameOutcome', 'plays', 'rosterSpots', 'regPeriods', 'summary']"
2026-07-16T20:52:48.253382,12587,hockey_nhl,?,json_manip,field_merge_value,bert,0.0,0.011,[],"['id', 'season', 'gameType', 'limitedScoring', 'gameDate', 'venue', 'venueLocation', 'startTimeUTC', 'easternUTCOffset', 'venueUTCOffset', 'tvBroadcasts', 'gameState', 'gameScheduleState', 'periodDescriptor', 'awayTeam', 'homeTeam', 'shootoutInUse', 'otInUse', 'clock', 'displayPeriod', 'maxPeriods', 'gameOutcome', 'plays', 'rosterSpots', 'regPeriods', 'summary']"
2026-07-16T20:52:48.253404,12601,hockey_nhl,?,json_manip,scalar_to_array,bert,0.0,0.011,[],"['id', 'season', 'gameType', 'limitedScoring', 'gameDate', 'venue', 'venueLocation', 'startTimeUTC', 'easternUTCOffset', 'venueUTCOffset', 'tvBroadcasts', 'gameState', 'gameScheduleState', 'periodDescriptor', 'awayTeam', 'homeTeam', 'shootoutInUse', 'otInUse', 'clock', 'displayPeriod', 'maxPeriods', 'gameOutcome', 'plays', 'rosterSpots', 'regPeriods', 'summary']"
2026-07-16T20:52:48.253511,12607,hockey_nhl,?,json_manip,array_to_scalar,bert,0.0,0.008,[],"['id', 'season', 'gameType', 'limitedScoring', 'gameDate', 'venue', 'venueLocation', 'startTimeUTC', 'easternUTCOffset', 'venueUTCOffset', 'tvBroadcasts', 'gameState', 'gameScheduleState', 'periodDescriptor', 'awayTeam', 'homeTeam', 'shootoutInUse', 'otInUse', 'clock', 'displayPeriod', 'maxPeriods', 'gameOutcome', 'plays', 'rosterSpots', 'regPeriods', 'summary']"
2026-07-16T20:52:48.253535,12620,hockey_nhl,?,json_manip,array_expansion,bert,0.0,0.008,[],"['id', 'season', 'gameType', 'limitedScoring', 'gameDate', 'venue', 'venueLocation', 'startTimeUTC', 'easternUTCOffset', 'venueUTCOffset', 'tvBroadcasts', 'gameState', 'gameScheduleState', 'periodDescriptor', 'awayTeam', 'homeTeam', 'shootoutInUse', 'otInUse', 'clock', 'displayPeriod', 'maxPeriods', 'gameOutcome', 'plays', 'rosterSpots', 'regPeriods', 'summary']"
2026-07-16T20:52:48.253558,12627,hockey_nhl,?,json_manip,outlier_injection,bert,0.0,0.008,[],"['id', 'season', 'gameType', 'limitedScoring', 'gameDate', 'venue', 'venueLocation', 'startTimeUTC', 'easternUTCOffset', 'venueUTCOffset', 'tvBroadcasts', 'gameState', 'gameScheduleState', 'periodDescriptor', 'awayTeam', 'homeTeam', 'shootoutInUse', 'otInUse', 'clock', 'displayPeriod', 'maxPeriods', 'gameOutcome', 'plays', 'rosterSpots', 'regPeriods', 'summary']"
2026-07-16T20:52:48.253580,12629,hockey_nhl,?,json_manip,field_join,bert,0.0,0.008,[],"['id', 'season', 'gameType', 'limitedScoring', 'gameDate', 'venue', 'venueLocation', 'startTimeUTC', 'easternUTCOffset', 'venueUTCOffset', 'tvBroadcasts', 'gameState', 'gameScheduleState', 'periodDescriptor', 'awayTeam', 'homeTeam', 'shootoutInUse', 'otInUse', 'clock', 'displayPeriod', 'maxPeriods', 'gameOutcome', 'plays', 'rosterSpots', 'regPeriods', 'summary']"
2026-07-16T20:52:48.253704,12636,hockey_nhl,?,json_manip,default_value_inject,bert,0.0,0.008,[],"['id', 'season', 'gameType', 'limitedScoring', 'gameDate', 'venue', 'venueLocation', 'startTimeUTC', 'easternUTCOffset', 'venueUTCOffset', 'tvBroadcasts', 'gameState', 'gameScheduleState', 'periodDescriptor', 'awayTeam', 'homeTeam', 'shootoutInUse', 'otInUse', 'clock', 'displayPeriod', 'maxPeriods', 'gameOutcome', 'plays', 'rosterSpots', 'regPeriods', 'summary']"
2026-07-16T20:52:48.253725,12639,hockey_nhl,?,json_manip,default_value_inject,bert,0.0,0.008,[],"['id', 'season', 'gameType', 'limitedScoring', 'gameDate', 'venue', 'venueLocation', 'startTimeUTC', 'easternUTCOffset', 'venueUTCOffset', 'tvBroadcasts', 'gameState', 'gameScheduleState', 'periodDescriptor', 'awayTeam', 'homeTeam', 'shootoutInUse', 'otInUse', 'clock', 'displayPeriod', 'maxPeriods', 'gameOutcome', 'plays', 'rosterSpots', 'regPeriods', 'summary']"
2026-07-16T20:52:48.253747,12655,hockey_nhl,?,json_manip,array_to_scalar,bert,0.0,0.008,[],"['id', 'season', 'gameType', 'limitedScoring', 'gameDate', 'venue', 'venueLocation', 'startTimeUTC', 'easternUTCOffset', 'venueUTCOffset', 'tvBroadcasts', 'gameState', 'gameScheduleState', 'periodDescriptor', 'awayTeam', 'homeTeam', 'shootoutInUse', 'otInUse', 'clock', 'displayPeriod', 'maxPeriods', 'gameOutcome', 'plays', 'rosterSpots', 'regPeriods', 'summary']"
2026-07-16T20:52:48.253772,12666,hockey_nhl,?,json_manip,variable_drop,bert,0.0,0.008,[],"['id', 'season', 'gameType', 'limitedScoring', 'gameDate', 'venue', 'venueLocation', 'startTimeUTC', 'easternUTCOffset', 'venueUTCOffset', 'tvBroadcasts', 'gameState', 'gameScheduleState', 'periodDescriptor', 'awayTeam', 'homeTeam', 'shootoutInUse', 'otInUse', 'clock', 'displayPeriod', 'maxPeriods', 'gameOutcome', 'plays', 'rosterSpots', 'regPeriods', 'summary']"
2026-07-16T20:52:48.253901,12670,hockey_nhl,?,json_manip,default_value_inject,bert,0.0,0.012,[],"['id', 'season', 'gameType', 'limitedScoring', 'gameDate', 'venue', 'venueLocation', 'startTimeUTC', 'easternUTCOffset', 'venueUTCOffset', 'tvBroadcasts', 'gameState', 'gameScheduleState', 'periodDescriptor', 'awayTeam', 'homeTeam', 'shootoutInUse', 'otInUse', 'clock', 'displayPeriod', 'maxPeriods', 'gameOutcome', 'plays', 'rosterSpots', 'regPeriods', 'summary']"
2026-07-16T20:52:48.253922,12672,hockey_nhl,?,json_manip,field_merge_value,bert,0.0,0.012,[],"['id', 'season', 'gameType', 'limitedScoring', 'gameDate', 'venue', 'venueLocation', 'startTimeUTC', 'easternUTCOffset', 'venueUTCOffset', 'tvBroadcasts', 'gameState', 'gameScheduleState', 'periodDescriptor', 'awayTeam', 'homeTeam', 'shootoutInUse', 'otInUse', 'clock', 'displayPeriod', 'maxPeriods', 'gameOutcome', 'plays', 'rosterSpots', 'regPeriods', 'summary']"
2026-07-16T20:52:48.262286,12680,hockey_nhl,?,json_manip,null_injection,bert,0.0,0.012,[],"['id', 'season', 'gameType', 'limitedScoring', 'gameDate', 'venue', 'venueLocation', 'startTimeUTC', 'easternUTCOffset', 'venueUTCOffset', 'tvBroadcasts', 'gameState', 'gameScheduleState', 'periodDescriptor', 'awayTeam', 'homeTeam', 'shootoutInUse', 'otInUse', 'clock', 'displayPeriod', 'maxPeriods', 'gameOutcome', 'plays', 'rosterSpots', 'regPeriods', 'summary']"
2026-07-16T20:52:48.262395,12703,hockey_nhl,?,json_manip,null_injection,bert,0.0,0.012,[],"['id', 'season', 'gameType', 'limitedScoring', 'gameDate', 'venue', 'venueLocation', 'startTimeUTC', 'easternUTCOffset', 'venueUTCOffset', 'tvBroadcasts', 'gameState', 'gameScheduleState', 'periodDescriptor', 'awayTeam', 'homeTeam', 'shootoutInUse', 'otInUse', 'clock', 'displayPeriod', 'maxPeriods', 'gameOutcome', 'plays', 'rosterSpots', 'regPeriods', 'summary']"
2026-07-16T20:52:48.262677,12721,hockey_nhl,?,json_manip,array_to_scalar,bert,0.0,0.028,[],"['id', 'season', 'gameType', 'limitedScoring', 'gameDate', 'venue', 'venueLocation', 'startTimeUTC', 'easternUTCOffset', 'venueUTCOffset', 'tvBroadcasts', 'gameState', 'gameScheduleState', 'periodDescriptor', 'awayTeam', 'homeTeam', 'shootoutInUse', 'otInUse', 'clock', 'displayPeriod', 'maxPeriods', 'gameOutcome', 'plays', 'rosterSpots', 'regPeriods', 'summary']"
2026-07-16T20:52:48.262703,12732,hockey_nhl,?,json_manip,field_split,bert,0.0,0.028,[],"['id', 'season', 'gameType', 'limitedScoring', 'gameDate', 'venue', 'venueLocation', 'startTimeUTC', 'easternUTCOffset', 'venueUTCOffset', 'tvBroadcasts', 'gameState', 'gameScheduleState', 'periodDescriptor', 'awayTeam', 'homeTeam', 'shootoutInUse', 'otInUse', 'clock', 'displayPeriod', 'maxPeriods', 'gameOutcome', 'plays', 'rosterSpots', 'regPeriods', 'summary']"
2026-07-16T20:52:48.262731,12733,hockey_nhl,?,json_manip,field_join,bert,0.0,0.028,[],"['id', 'season', 'gameType', 'limitedScoring', 'gameDate', 'venue', 'venueLocation', 'startTimeUTC', 'easternUTCOffset', 'venueUTCOffset', 'tvBroadcasts', 'gameState', 'gameScheduleState', 'periodDescriptor', 'awayTeam', 'homeTeam', 'shootoutInUse', 'otInUse', 'clock', 'displayPeriod', 'maxPeriods', 'gameOutcome', 'plays', 'rosterSpots', 'regPeriods', 'summary']"
2026-07-16T20:52:48.262770,12739,hockey_nhl,?,json_manip,field_join,bert,0.0,0.028,[],"['id', 'season', 'gameType', 'limitedScoring', 'gameDate', 'venue', 'venueLocation', 'startTimeUTC', 'easternUTCOffset', 'venueUTCOffset', 'tvBroadcasts', 'gameState', 'gameScheduleState', 'periodDescriptor', 'awayTeam', 'homeTeam', 'shootoutInUse', 'otInUse', 'clock', 'displayPeriod', 'maxPeriods', 'gameOutcome', 'plays', 'rosterSpots', 'regPeriods', 'summary']"
2026-07-16T20:52:48.262924,12741,hockey_nhl,?,json_manip,field_join,bert,0.0,0.015,[],"['id', 'season', 'gameType', 'limitedScoring', 'gameDate', 'venue', 'venueLocation', 'startTimeUTC', 'easternUTCOffset', 'venueUTCOffset', 'tvBroadcasts', 'gameState', 'gameScheduleState', 'periodDescriptor', 'awayTeam', 'homeTeam', 'shootoutInUse', 'otInUse', 'clock', 'displayPeriod', 'maxPeriods', 'gameOutcome', 'plays', 'rosterSpots', 'regPeriods', 'summary']"
2026-07-16T20:52:48.262962,12747,hockey_nhl,?,json_manip,field_split,bert,0.0,0.015,[],"['id', 'season', 'gameType', 'limitedScoring', 'gameDate', 'venue', 'venueLocation', 'startTimeUTC', 'easternUTCOffset', 'venueUTCOffset', 'tvBroadcasts', 'gameState', 'gameScheduleState', 'periodDescriptor', 'awayTeam', 'homeTeam', 'shootoutInUse', 'otInUse', 'clock', 'displayPeriod', 'maxPeriods', 'gameOutcome', 'plays', 'rosterSpots', 'regPeriods', 'summary']"
2026-07-16T20:52:48.262983,12749,hockey_nhl,?,json_manip,variable_drop,bert,0.0,0.015,[],"['id', 'season', 'gameType', 'limitedScoring', 'gameDate', 'venue', 'venueLocation', 'startTimeUTC', 'easternUTCOffset', 'venueUTCOffset', 'tvBroadcasts', 'gameState', 'gameScheduleState', 'periodDescriptor', 'awayTeam', 'homeTeam', 'shootoutInUse', 'otInUse', 'clock', 'displayPeriod', 'maxPeriods', 'gameOutcome', 'plays', 'rosterSpots', 'regPeriods', 'summary']"
2026-07-16T20:52:48.263010,12755,hockey_nhl,?,json_manip,null_injection,bert,0.0,0.015,[],"['id', 'season', 'gameType', 'limitedScoring', 'gameDate', 'venue', 'venueLocation', 'startTimeUTC', 'easternUTCOffset', 'venueUTCOffset', 'tvBroadcasts', 'gameState', 'gameScheduleState', 'periodDescriptor', 'awayTeam', 'homeTeam', 'shootoutInUse', 'otInUse', 'clock', 'displayPeriod', 'maxPeriods', 'gameOutcome', 'plays', 'rosterSpots', 'regPeriods', 'summary']"
2026-07-16T20:52:48.263175,12774,hockey_nhl,?,json_manip,null_injection,bert,0.0,0.013,[],"['id', 'season', 'gameType', 'limitedScoring', 'gameDate', 'venue', 'venueLocation', 'startTimeUTC', 'easternUTCOffset', 'venueUTCOffset', 'tvBroadcasts', 'gameState', 'gameScheduleState', 'periodDescriptor', 'awayTeam', 'homeTeam', 'shootoutInUse', 'otInUse', 'clock', 'displayPeriod', 'maxPeriods', 'gameOutcome', 'plays', 'rosterSpots', 'regPeriods', 'summary']"
2026-07-16T20:52:48.263200,12775,hockey_nhl,?,json_manip,default_value_inject,bert,0.0,0.013,[],"['id', 'season', 'gameType', 'limitedScoring', 'gameDate', 'venue', 'venueLocation', 'startTimeUTC', 'easternUTCOffset', 'venueUTCOffset', 'tvBroadcasts', 'gameState', 'gameScheduleState', 'periodDescriptor', 'awayTeam', 'homeTeam', 'shootoutInUse', 'otInUse', 'clock', 'displayPeriod', 'maxPeriods', 'gameOutcome', 'plays', 'rosterSpots', 'regPeriods', 'summary']"
2026-07-16T20:52:48.263223,12777,hockey_nhl,?,json_manip,field_merge_value,bert,0.0,0.013,[],"['id', 'season', 'gameType', 'limitedScoring', 'gameDate', 'venue', 'venueLocation', 'startTimeUTC', 'easternUTCOffset', 'venueUTCOffset', 'tvBroadcasts', 'gameState', 'gameScheduleState', 'periodDescriptor', 'awayTeam', 'homeTeam', 'shootoutInUse', 'otInUse', 'clock', 'displayPeriod', 'maxPeriods', 'gameOutcome', 'plays', 'rosterSpots', 'regPeriods', 'summary']"
2026-07-16T20:52:48.263246,12784,hockey_nhl,?,json_manip,field_join,bert,0.0,0.013,[],"['id', 'season', 'gameType', 'limitedScoring', 'gameDate', 'venue', 'venueLocation', 'startTimeUTC', 'easternUTCOffset', 'venueUTCOffset', 'tvBroadcasts', 'gameState', 'gameScheduleState', 'periodDescriptor', 'awayTeam', 'homeTeam', 'shootoutInUse', 'otInUse', 'clock', 'displayPeriod', 'maxPeriods', 'gameOutcome', 'plays', 'rosterSpots', 'regPeriods', 'summary']"
2026-07-16T20:52:48.263436,12793,hockey_nhl,?,json_manip,variable_drop,bert,0.0,0.015,[],"['id', 'season', 'gameType', 'limitedScoring', 'gameDate', 'venue', 'venueLocation', 'startTimeUTC', 'easternUTCOffset', 'venueUTCOffset', 'tvBroadcasts', 'gameState', 'gameScheduleState', 'periodDescriptor', 'awayTeam', 'homeTeam', 'shootoutInUse', 'otInUse', 'clock', 'displayPeriod', 'maxPeriods', 'gameOutcome', 'plays', 'rosterSpots', 'regPeriods', 'summary']"
2026-07-16T20:52:48.263463,12797,hockey_nhl,?,json_manip,array_to_scalar,bert,0.0,0.015,[],"['id', 'season', 'gameType', 'limitedScoring', 'gameDate', 'venue', 'venueLocation', 'startTimeUTC', 'easternUTCOffset', 'venueUTCOffset', 'tvBroadcasts', 'gameState', 'gameScheduleState', 'periodDescriptor', 'awayTeam', 'homeTeam', 'shootoutInUse', 'otInUse', 'clock', 'displayPeriod', 'maxPeriods', 'gameOutcome', 'plays', 'rosterSpots', 'regPeriods', 'summary']"
2026-07-16T20:52:48.263487,12800,hockey_nhl,?,json_manip,field_merge_value,bert,0.0,0.015,[],"['id', 'season', 'gameType', 'limitedScoring', 'gameDate', 'venue', 'venueLocation', 'startTimeUTC', 'easternUTCOffset', 'venueUTCOffset', 'tvBroadcasts', 'gameState', 'gameScheduleState', 'periodDescriptor', 'awayTeam', 'homeTeam', 'shootoutInUse', 'otInUse', 'clock', 'displayPeriod', 'maxPeriods', 'gameOutcome', 'plays', 'rosterSpots', 'regPeriods', 'summary']"
2026-07-16T20:52:48.263541,12808,hockey_nhl,?,json_manip,field_split,bert,0.0,0.015,[],"['id', 'season', 'gameType', 'limitedScoring', 'gameDate', 'venue', 'venueLocation', 'startTimeUTC', 'easternUTCOffset', 'venueUTCOffset', 'tvBroadcasts', 'gameState', 'gameScheduleState', 'periodDescriptor', 'awayTeam', 'homeTeam', 'shootoutInUse', 'otInUse', 'clock', 'displayPeriod', 'maxPeriods', 'gameOutcome', 'plays', 'rosterSpots', 'regPeriods', 'summary']"
2026-07-16T20:52:48.263677,12809,hockey_nhl,?,json_manip,array_expansion,bert,0.0,0.013,[],"['id', 'season', 'gameType', 'limitedScoring', 'gameDate', 'venue', 'venueLocation', 'startTimeUTC', 'easternUTCOffset', 'venueUTCOffset', 'tvBroadcasts', 'gameState', 'gameScheduleState', 'periodDescriptor', 'awayTeam', 'homeTeam', 'shootoutInUse', 'otInUse', 'clock', 'displayPeriod', 'maxPeriods', 'gameOutcome', 'plays', 'rosterSpots', 'regPeriods', 'summary']"
2026-07-16T20:52:48.263701,12824,hockey_nhl,?,json_manip,field_merge_value,bert,0.0,0.013,[],"['id', 'season', 'gameType', 'limitedScoring', 'gameDate', 'venue', 'venueLocation', 'startTimeUTC', 'easternUTCOffset', 'venueUTCOffset', 'tvBroadcasts', 'gameState', 'gameScheduleState', 'periodDescriptor', 'awayTeam', 'homeTeam', 'shootoutInUse', 'otInUse', 'clock', 'displayPeriod', 'maxPeriods', 'gameOutcome', 'plays', 'rosterSpots', 'regPeriods', 'summary']"
2026-07-16T20:52:48.263721,12835,hockey_nhl,?,json_manip,scalar_to_array,bert,0.0,0.013,[],"['id', 'season', 'gameType', 'limitedScoring', 'gameDate', 'venue', 'venueLocation', 'startTimeUTC', 'easternUTCOffset', 'venueUTCOffset', 'tvBroadcasts', 'gameState', 'gameScheduleState', 'periodDescriptor', 'awayTeam', 'homeTeam', 'shootoutInUse', 'otInUse', 'clock', 'displayPeriod', 'maxPeriods', 'gameOutcome', 'plays', 'rosterSpots', 'regPeriods', 'summary']"
2026-07-16T20:52:48.263746,12837,hockey_nhl,?,json_manip,field_split,bert,0.0,0.013,[],"['id', 'season', 'gameType', 'limitedScoring', 'gameDate', 'venue', 'venueLocation', 'startTimeUTC', 'easternUTCOffset', 'venueUTCOffset', 'tvBroadcasts', 'gameState', 'gameScheduleState', 'periodDescriptor', 'awayTeam', 'homeTeam', 'shootoutInUse', 'otInUse', 'clock', 'displayPeriod', 'maxPeriods', 'gameOutcome', 'plays', 'rosterSpots', 'regPeriods', 'summary']"
2026-07-16T20:52:48.263872,12864,hockey_nhl,?,json_manip,outlier_injection,bert,0.0,0.013,[],"['id', 'season', 'gameType', 'limitedScoring', 'gameDate', 'venue', 'venueLocation', 'startTimeUTC', 'easternUTCOffset', 'venueUTCOffset', 'tvBroadcasts', 'gameState', 'gameScheduleState', 'periodDescriptor', 'awayTeam', 'homeTeam', 'shootoutInUse', 'otInUse', 'clock', 'displayPeriod', 'maxPeriods', 'gameOutcome', 'plays', 'rosterSpots', 'regPeriods', 'summary']"
2026-07-16T20:52:48.263896,12885,hockey_nhl,?,json_manip,field_merge_value,bert,0.0,0.013,[],"['id', 'season', 'gameType', 'limitedScoring', 'gameDate', 'venue', 'venueLocation', 'startTimeUTC', 'easternUTCOffset', 'venueUTCOffset', 'tvBroadcasts', 'gameState', 'gameScheduleState', 'periodDescriptor', 'awayTeam', 'homeTeam', 'shootoutInUse', 'otInUse', 'clock', 'displayPeriod', 'maxPeriods', 'gameOutcome', 'plays', 'rosterSpots', 'regPeriods', 'summary']"
2026-07-16T20:52:48.263917,12897,hockey_nhl,?,json_manip,array_to_scalar,bert,0.0,0.013,[],"['id', 'season', 'gameType', 'limitedScoring', 'gameDate', 'venue', 'venueLocation', 'startTimeUTC', 'easternUTCOffset', 'venueUTCOffset', 'tvBroadcasts', 'gameState', 'gameScheduleState', 'periodDescriptor', 'awayTeam', 'homeTeam', 'shootoutInUse', 'otInUse', 'clock', 'displayPeriod', 'maxPeriods', 'gameOutcome', 'plays', 'rosterSpots', 'regPeriods', 'summary']"
2026-07-16T20:52:48.263944,12916,hockey_nhl,?,json_manip,default_value_inject,bert,0.0,0.013,[],"['id', 'season', 'gameType', 'limitedScoring', 'gameDate', 'venue', 'venueLocation', 'startTimeUTC', 'easternUTCOffset', 'venueUTCOffset', 'tvBroadcasts', 'gameState', 'gameScheduleState', 'periodDescriptor', 'awayTeam', 'homeTeam', 'shootoutInUse', 'otInUse', 'clock', 'displayPeriod', 'maxPeriods', 'gameOutcome', 'plays', 'rosterSpots', 'regPeriods', 'summary']"
2026-07-16T20:52:48.264087,12923,hockey_nhl,?,json_manip,duplicate_field_inject,bert,0.0,0.017,[],"['id', 'season', 'gameType', 'limitedScoring', 'gameDate', 'venue', 'venueLocation', 'startTimeUTC', 'easternUTCOffset', 'venueUTCOffset', 'tvBroadcasts', 'gameState', 'gameScheduleState', 'periodDescriptor', 'awayTeam', 'homeTeam', 'shootoutInUse', 'otInUse', 'clock', 'displayPeriod', 'maxPeriods', 'gameOutcome', 'plays', 'rosterSpots', 'regPeriods', 'summary']"
2026-07-16T20:52:48.264111,12952,hockey_nhl,?,json_manip,field_split,bert,0.0,0.017,[],"['id', 'season', 'gameType', 'limitedScoring', 'gameDate', 'venue', 'venueLocation', 'startTimeUTC', 'easternUTCOffset', 'venueUTCOffset', 'tvBroadcasts', 'gameState', 'gameScheduleState', 'periodDescriptor', 'awayTeam', 'homeTeam', 'shootoutInUse', 'otInUse', 'clock', 'displayPeriod', 'maxPeriods', 'gameOutcome', 'plays', 'rosterSpots', 'regPeriods', 'summary']"
2026-07-16T20:52:48.264145,12970,hockey_nhl,?,json_manip,duplicate_field_inject,bert,0.0,0.017,[],"['id', 'season', 'gameType', 'limitedScoring', 'gameDate', 'venue', 'venueLocation', 'startTimeUTC', 'easternUTCOffset', 'venueUTCOffset', 'tvBroadcasts', 'gameState', 'gameScheduleState', 'periodDescriptor', 'awayTeam', 'homeTeam', 'shootoutInUse', 'otInUse', 'clock', 'displayPeriod', 'maxPeriods', 'gameOutcome', 'plays', 'rosterSpots', 'regPeriods', 'summary']"
2026-07-16T20:52:48.264166,12993,hockey_nhl,?,json_manip,scalar_to_array,bert,0.0,0.017,[],"['id', 'season', 'gameType', 'limitedScoring', 'gameDate', 'venue', 'venueLocation', 'startTimeUTC', 'easternUTCOffset', 'venueUTCOffset', 'tvBroadcasts', 'gameState', 'gameScheduleState', 'periodDescriptor', 'awayTeam', 'homeTeam', 'shootoutInUse', 'otInUse', 'clock', 'displayPeriod', 'maxPeriods', 'gameOutcome', 'plays', 'rosterSpots', 'regPeriods', 'summary']"
2026-07-16T20:52:48.264296,13047,hockey_nhl,?,json_manip,outlier_injection,bert,0.0,0.015,[],"['id', 'season', 'gameType', 'limitedScoring', 'gameDate', 'venue', 'venueLocation', 'startTimeUTC', 'easternUTCOffset', 'venueUTCOffset', 'tvBroadcasts', 'gameState', 'gameScheduleState', 'periodDescriptor', 'awayTeam', 'homeTeam', 'shootoutInUse', 'otInUse', 'clock', 'displayPeriod', 'maxPeriods', 'gameOutcome', 'plays', 'rosterSpots', 'regPeriods', 'summary']"
2026-07-16T20:52:48.264322,13061,hockey_nhl,?,json_manip,outlier_injection,bert,0.0,0.015,[],"['id', 'season', 'gameType', 'limitedScoring', 'gameDate', 'venue', 'venueLocation', 'startTimeUTC', 'easternUTCOffset', 'venueUTCOffset', 'tvBroadcasts', 'gameState', 'gameScheduleState', 'periodDescriptor', 'awayTeam', 'homeTeam', 'shootoutInUse', 'otInUse', 'clock', 'displayPeriod', 'maxPeriods', 'gameOutcome', 'plays', 'rosterSpots', 'regPeriods', 'summary']"
2026-07-16T20:52:48.264366,13062,hockey_nhl,?,json_manip,array_expansion,bert,0.0,0.015,[],"['id', 'season', 'gameType', 'limitedScoring', 'gameDate', 'venue', 'venueLocation', 'startTimeUTC', 'easternUTCOffset', 'venueUTCOffset', 'tvBroadcasts', 'gameState', 'gameScheduleState', 'periodDescriptor', 'awayTeam', 'homeTeam', 'shootoutInUse', 'otInUse', 'clock', 'displayPeriod', 'maxPeriods', 'gameOutcome', 'plays', 'rosterSpots', 'regPeriods', 'summary']"
2026-07-16T20:52:48.264390,13071,hockey_nhl,?,json_manip,variable_drop,bert,0.0,0.015,[],"['id', 'season', 'gameType', 'limitedScoring', 'gameDate', 'venue', 'venueLocation', 'startTimeUTC', 'easternUTCOffset', 'venueUTCOffset', 'tvBroadcasts', 'gameState', 'gameScheduleState', 'periodDescriptor', 'awayTeam', 'homeTeam', 'shootoutInUse', 'otInUse', 'clock', 'displayPeriod', 'maxPeriods', 'gameOutcome', 'plays', 'rosterSpots', 'regPeriods', 'summary']"
2026-07-16T20:52:48.264608,13087,hockey_nhl,?,json_manip,array_expansion,bert,0.0,0.018,[],"['id', 'season', 'gameType', 'limitedScoring', 'gameDate', 'venue', 'venueLocation', 'startTimeUTC', 'easternUTCOffset', 'venueUTCOffset', 'tvBroadcasts', 'gameState', 'gameScheduleState', 'periodDescriptor', 'awayTeam', 'homeTeam', 'shootoutInUse', 'otInUse', 'clock', 'displayPeriod', 'maxPeriods', 'gameOutcome', 'plays', 'rosterSpots', 'regPeriods', 'summary']"
2026-07-16T20:52:48.264635,13092,hockey_nhl,?,json_manip,scalar_to_array,bert,0.0,0.018,[],"['id', 'season', 'gameType', 'limitedScoring', 'gameDate', 'venue', 'venueLocation', 'startTimeUTC', 'easternUTCOffset', 'venueUTCOffset', 'tvBroadcasts', 'gameState', 'gameScheduleState', 'periodDescriptor', 'awayTeam', 'homeTeam', 'shootoutInUse', 'otInUse', 'clock', 'displayPeriod', 'maxPeriods', 'gameOutcome', 'plays', 'rosterSpots', 'regPeriods', 'summary']"
2026-07-16T20:52:48.264666,13116,hockey_nhl,?,json_manip,default_value_inject,bert,0.0,0.018,[],"['id', 'season', 'gameType', 'limitedScoring', 'gameDate', 'venue', 'venueLocation', 'startTimeUTC', 'easternUTCOffset', 'venueUTCOffset', 'tvBroadcasts', 'gameState', 'gameScheduleState', 'periodDescriptor', 'awayTeam', 'homeTeam', 'shootoutInUse', 'otInUse', 'clock', 'displayPeriod', 'maxPeriods', 'gameOutcome', 'plays', 'rosterSpots', 'regPeriods', 'summary']"
2026-07-16T20:52:48.264687,13121,hockey_nhl,?,json_manip,field_split,bert,0.0,0.018,[],"['id', 'season', 'gameType', 'limitedScoring', 'gameDate', 'venue', 'venueLocation', 'startTimeUTC', 'easternUTCOffset', 'venueUTCOffset', 'tvBroadcasts', 'gameState', 'gameScheduleState', 'periodDescriptor', 'awayTeam', 'homeTeam', 'shootoutInUse', 'otInUse', 'clock', 'displayPeriod', 'maxPeriods', 'gameOutcome', 'plays', 'rosterSpots', 'regPeriods', 'summary']"
2026-07-16T20:52:48.264818,13124,hockey_nhl,?,json_manip,null_injection,bert,0.0,0.015,[],"['id', 'season', 'gameType', 'limitedScoring', 'gameDate', 'venue', 'venueLocation', 'startTimeUTC', 'easternUTCOffset', 'venueUTCOffset', 'tvBroadcasts', 'gameState', 'gameScheduleState', 'periodDescriptor', 'awayTeam', 'homeTeam', 'shootoutInUse', 'otInUse', 'clock', 'displayPeriod', 'maxPeriods', 'gameOutcome', 'plays', 'rosterSpots', 'regPeriods', 'summary']"
2026-07-16T20:52:48.264844,13135,hockey_nhl,?,json_manip,duplicate_field_inject,bert,0.0,0.015,[],"['id', 'season', 'gameType', 'limitedScoring', 'gameDate', 'venue', 'venueLocation', 'startTimeUTC', 'easternUTCOffset', 'venueUTCOffset', 'tvBroadcasts', 'gameState', 'gameScheduleState', 'periodDescriptor', 'awayTeam', 'homeTeam', 'shootoutInUse', 'otInUse', 'clock', 'displayPeriod', 'maxPeriods', 'gameOutcome', 'plays', 'rosterSpots', 'regPeriods', 'summary']"
2026-07-16T20:52:48.264868,13136,hockey_nhl,?,json_manip,outlier_injection,bert,0.0,0.015,[],"['id', 'season', 'gameType', 'limitedScoring', 'gameDate', 'venue', 'venueLocation', 'startTimeUTC', 'easternUTCOffset', 'venueUTCOffset', 'tvBroadcasts', 'gameState', 'gameScheduleState', 'periodDescriptor', 'awayTeam', 'homeTeam', 'shootoutInUse', 'otInUse', 'clock', 'displayPeriod', 'maxPeriods', 'gameOutcome', 'plays', 'rosterSpots', 'regPeriods', 'summary']"
2026-07-16T20:52:48.264890,13139,hockey_nhl,?,json_manip,duplicate_field_inject,bert,0.0,0.015,[],"['id', 'season', 'gameType', 'limitedScoring', 'gameDate', 'venue', 'venueLocation', 'startTimeUTC', 'easternUTCOffset', 'venueUTCOffset', 'tvBroadcasts', 'gameState', 'gameScheduleState', 'periodDescriptor', 'awayTeam', 'homeTeam', 'shootoutInUse', 'otInUse', 'clock', 'displayPeriod', 'maxPeriods', 'gameOutcome', 'plays', 'rosterSpots', 'regPeriods', 'summary']"
2026-07-16T20:52:48.265030,13140,hockey_nhl,?,json_manip,scalar_to_array,bert,0.0,0.015,[],"['id', 'season', 'gameType', 'limitedScoring', 'gameDate', 'venue', 'venueLocation', 'startTimeUTC', 'easternUTCOffset', 'venueUTCOffset', 'tvBroadcasts', 'gameState', 'gameScheduleState', 'periodDescriptor', 'awayTeam', 'homeTeam', 'shootoutInUse', 'otInUse', 'clock', 'displayPeriod', 'maxPeriods', 'gameOutcome', 'plays', 'rosterSpots', 'regPeriods', 'summary']"
2026-07-16T20:52:48.265055,13173,hockey_nhl,?,json_manip,default_value_inject,bert,0.0,0.015,[],"['id', 'season', 'gameType', 'limitedScoring', 'gameDate', 'venue', 'venueLocation', 'startTimeUTC', 'easternUTCOffset', 'venueUTCOffset', 'tvBroadcasts', 'gameState', 'gameScheduleState', 'periodDescriptor', 'awayTeam', 'homeTeam', 'shootoutInUse', 'otInUse', 'clock', 'displayPeriod', 'maxPeriods', 'gameOutcome', 'plays', 'rosterSpots', 'regPeriods', 'summary']"
2026-07-16T20:52:48.265108,13201,hockey_nhl,?,json_manip,array_expansion,bert,0.0,0.015,[],"['id', 'season', 'gameType', 'limitedScoring', 'gameDate', 'venue', 'venueLocation', 'startTimeUTC', 'easternUTCOffset', 'venueUTCOffset', 'tvBroadcasts', 'gameState', 'gameScheduleState', 'periodDescriptor', 'awayTeam', 'homeTeam', 'shootoutInUse', 'otInUse', 'clock', 'displayPeriod', 'maxPeriods', 'gameOutcome', 'plays', 'rosterSpots', 'regPeriods', 'summary']"
2026-07-16T20:52:48.265136,13216,hockey_nhl,?,json_manip,field_join,bert,0.0,0.015,[],"['id', 'season', 'gameType', 'limitedScoring', 'gameDate', 'venue', 'venueLocation', 'startTimeUTC', 'easternUTCOffset', 'venueUTCOffset', 'tvBroadcasts', 'gameState', 'gameScheduleState', 'periodDescriptor', 'awayTeam', 'homeTeam', 'shootoutInUse', 'otInUse', 'clock', 'displayPeriod', 'maxPeriods', 'gameOutcome', 'plays', 'rosterSpots', 'regPeriods', 'summary']"
2026-07-16T20:52:48.265261,13226,hockey_nhl,?,json_manip,variable_drop,bert,0.0,0.013,[],"['id', 'season', 'gameType', 'limitedScoring', 'gameDate', 'venue', 'venueLocation', 'startTimeUTC', 'easternUTCOffset', 'venueUTCOffset', 'tvBroadcasts', 'gameState', 'gameScheduleState', 'periodDescriptor', 'awayTeam', 'homeTeam', 'shootoutInUse', 'otInUse', 'clock', 'displayPeriod', 'maxPeriods', 'gameOutcome', 'plays', 'rosterSpots', 'regPeriods', 'summary']"
2026-07-16T20:52:48.265282,13228,hockey_nhl,?,json_manip,field_merge_value,bert,0.0,0.013,[],"['id', 'season', 'gameType', 'limitedScoring', 'gameDate', 'venue', 'venueLocation', 'startTimeUTC', 'easternUTCOffset', 'venueUTCOffset', 'tvBroadcasts', 'gameState', 'gameScheduleState', 'periodDescriptor', 'awayTeam', 'homeTeam', 'shootoutInUse', 'otInUse', 'clock', 'displayPeriod', 'maxPeriods', 'gameOutcome', 'plays', 'rosterSpots', 'regPeriods', 'summary']"
2026-07-16T20:52:48.265310,13229,hockey_nhl,?,json_manip,scalar_to_array,bert,0.0,0.013,[],"['id', 'season', 'gameType', 'limitedScoring', 'gameDate', 'venue', 'venueLocation', 'startTimeUTC', 'easternUTCOffset', 'venueUTCOffset', 'tvBroadcasts', 'gameState', 'gameScheduleState', 'periodDescriptor', 'awayTeam', 'homeTeam', 'shootoutInUse', 'otInUse', 'clock', 'displayPeriod', 'maxPeriods', 'gameOutcome', 'plays', 'rosterSpots', 'regPeriods', 'summary']"
2026-07-16T20:52:48.265331,13231,hockey_nhl,?,json_manip,array_expansion,bert,0.0,0.013,[],"['id', 'season', 'gameType', 'limitedScoring', 'gameDate', 'venue', 'venueLocation', 'startTimeUTC', 'easternUTCOffset', 'venueUTCOffset', 'tvBroadcasts', 'gameState', 'gameScheduleState', 'periodDescriptor', 'awayTeam', 'homeTeam', 'shootoutInUse', 'otInUse', 'clock', 'displayPeriod', 'maxPeriods', 'gameOutcome', 'plays', 'rosterSpots', 'regPeriods', 'summary']"
2026-07-16T20:52:48.265466,13264,hockey_nhl,?,json_manip,field_split,bert,0.0,0.016,[],"['id', 'season', 'gameType', 'limitedScoring', 'gameDate', 'venue', 'venueLocation', 'startTimeUTC', 'easternUTCOffset', 'venueUTCOffset', 'tvBroadcasts', 'gameState', 'gameScheduleState', 'periodDescriptor', 'awayTeam', 'homeTeam', 'shootoutInUse', 'otInUse', 'clock', 'displayPeriod', 'maxPeriods', 'gameOutcome', 'plays', 'rosterSpots', 'regPeriods', 'summary']"
2026-07-16T20:52:48.265496,13272,hockey_nhl,?,json_manip,null_injection,bert,0.0,0.016,[],"['id', 'season', 'gameType', 'limitedScoring', 'gameDate', 'venue', 'venueLocation', 'startTimeUTC', 'easternUTCOffset', 'venueUTCOffset', 'tvBroadcasts', 'gameState', 'gameScheduleState', 'periodDescriptor', 'awayTeam', 'homeTeam', 'shootoutInUse', 'otInUse', 'clock', 'displayPeriod', 'maxPeriods', 'gameOutcome', 'plays', 'rosterSpots', 'regPeriods', 'summary']"
2026-07-16T20:52:48.265522,13277,hockey_nhl,?,json_manip,field_split,bert,0.0,0.016,[],"['id', 'season', 'gameType', 'limitedScoring', 'gameDate', 'venue', 'venueLocation', 'startTimeUTC', 'easternUTCOffset', 'venueUTCOffset', 'tvBroadcasts', 'gameState', 'gameScheduleState', 'periodDescriptor', 'awayTeam', 'homeTeam', 'shootoutInUse', 'otInUse', 'clock', 'displayPeriod', 'maxPeriods', 'gameOutcome', 'plays', 'rosterSpots', 'regPeriods', 'summary']"
2026-07-16T20:52:48.265543,13288,hockey_nhl,?,json_manip,null_injection,bert,0.0,0.016,[],"['id', 'season', 'gameType', 'limitedScoring', 'gameDate', 'venue', 'venueLocation', 'startTimeUTC', 'easternUTCOffset', 'venueUTCOffset', 'tvBroadcasts', 'gameState', 'gameScheduleState', 'periodDescriptor', 'awayTeam', 'homeTeam', 'shootoutInUse', 'otInUse', 'clock', 'displayPeriod', 'maxPeriods', 'gameOutcome', 'plays', 'rosterSpots', 'regPeriods', 'summary']"
2026-07-16T20:52:48.265678,13295,hockey_nhl,?,json_manip,null_injection,bert,0.0,0.014,[],"['id', 'season', 'gameType', 'limitedScoring', 'gameDate', 'venue', 'venueLocation', 'startTimeUTC', 'easternUTCOffset', 'venueUTCOffset', 'tvBroadcasts', 'gameState', 'gameScheduleState', 'periodDescriptor', 'awayTeam', 'homeTeam', 'shootoutInUse', 'otInUse', 'clock', 'displayPeriod', 'maxPeriods', 'gameOutcome', 'plays', 'rosterSpots', 'regPeriods', 'summary']"
2026-07-16T20:52:48.265703,13296,hockey_nhl,?,json_manip,variable_drop,bert,0.0,0.014,[],"['id', 'season', 'gameType', 'limitedScoring', 'gameDate', 'venue', 'venueLocation', 'startTimeUTC', 'easternUTCOffset', 'venueUTCOffset', 'tvBroadcasts', 'gameState', 'gameScheduleState', 'periodDescriptor', 'awayTeam', 'homeTeam', 'shootoutInUse', 'otInUse', 'clock', 'displayPeriod', 'maxPeriods', 'gameOutcome', 'plays', 'rosterSpots', 'regPeriods', 'summary']"
2026-07-16T20:52:48.265723,13300,hockey_nhl,?,json_manip,variable_drop,bert,0.0,0.014,[],"['id', 'season', 'gameType', 'limitedScoring', 'gameDate', 'venue', 'venueLocation', 'startTimeUTC', 'easternUTCOffset', 'venueUTCOffset', 'tvBroadcasts', 'gameState', 'gameScheduleState', 'periodDescriptor', 'awayTeam', 'homeTeam', 'shootoutInUse', 'otInUse', 'clock', 'displayPeriod', 'maxPeriods', 'gameOutcome', 'plays', 'rosterSpots', 'regPeriods', 'summary']"
2026-07-16T20:52:48.265750,13324,hockey_nhl,?,json_manip,variable_drop,bert,0.0,0.014,[],"['id', 'season', 'gameType', 'limitedScoring', 'gameDate', 'venue', 'venueLocation', 'startTimeUTC', 'easternUTCOffset', 'venueUTCOffset', 'tvBroadcasts', 'gameState', 'gameScheduleState', 'periodDescriptor', 'awayTeam', 'homeTeam', 'shootoutInUse', 'otInUse', 'clock', 'displayPeriod', 'maxPeriods', 'gameOutcome', 'plays', 'rosterSpots', 'regPeriods', 'summary']"
2026-07-16T20:52:48.265876,13325,hockey_nhl,?,json_manip,array_expansion,bert,0.0,0.012,[],"['id', 'season', 'gameType', 'limitedScoring', 'gameDate', 'venue', 'venueLocation', 'startTimeUTC', 'easternUTCOffset', 'venueUTCOffset', 'tvBroadcasts', 'gameState', 'gameScheduleState', 'periodDescriptor', 'awayTeam', 'homeTeam', 'shootoutInUse', 'otInUse', 'clock', 'displayPeriod', 'maxPeriods', 'gameOutcome', 'plays', 'rosterSpots', 'regPeriods', 'summary']"
2026-07-16T20:52:48.265908,13348,hockey_nhl,?,json_manip,variable_drop,bert,0.0,0.012,[],"['id', 'season', 'gameType', 'limitedScoring', 'gameDate', 'venue', 'venueLocation', 'startTimeUTC', 'easternUTCOffset', 'venueUTCOffset', 'tvBroadcasts', 'gameState', 'gameScheduleState', 'periodDescriptor', 'awayTeam', 'homeTeam', 'shootoutInUse', 'otInUse', 'clock', 'displayPeriod', 'maxPeriods', 'gameOutcome', 'plays', 'rosterSpots', 'regPeriods', 'summary']"
2026-07-16T20:52:48.265933,13353,hockey_nhl,?,json_manip,outlier_injection,bert,0.0,0.012,[],"['id', 'season', 'gameType', 'limitedScoring', 'gameDate', 'venue', 'venueLocation', 'startTimeUTC', 'easternUTCOffset', 'venueUTCOffset', 'tvBroadcasts', 'gameState', 'gameScheduleState', 'periodDescriptor', 'awayTeam', 'homeTeam', 'shootoutInUse', 'otInUse', 'clock', 'displayPeriod', 'maxPeriods', 'gameOutcome', 'plays', 'rosterSpots', 'regPeriods', 'summary']"
2026-07-16T20:52:48.265951,13354,hockey_nhl,?,json_manip,scalar_to_array,bert,0.0,0.012,[],"['id', 'season', 'gameType', 'limitedScoring', 'gameDate', 'venue', 'venueLocation', 'startTimeUTC', 'easternUTCOffset', 'venueUTCOffset', 'tvBroadcasts', 'gameState', 'gameScheduleState', 'periodDescriptor', 'awayTeam', 'homeTeam', 'shootoutInUse', 'otInUse', 'clock', 'displayPeriod', 'maxPeriods', 'gameOutcome', 'plays', 'rosterSpots', 'regPeriods', 'summary']"
2026-07-16T20:52:48.266093,13358,hockey_nhl,?,json_manip,array_expansion,bert,0.0,0.016,[],"['id', 'season', 'gameType', 'limitedScoring', 'gameDate', 'venue', 'venueLocation', 'startTimeUTC', 'easternUTCOffset', 'venueUTCOffset', 'tvBroadcasts', 'gameState', 'gameScheduleState', 'periodDescriptor', 'awayTeam', 'homeTeam', 'shootoutInUse', 'otInUse', 'clock', 'displayPeriod', 'maxPeriods', 'gameOutcome', 'plays', 'rosterSpots', 'regPeriods', 'summary']"
2026-07-16T20:52:48.266113,13366,hockey_nhl,?,json_manip,null_injection,bert,0.0,0.016,[],"['id', 'season', 'gameType', 'limitedScoring', 'gameDate', 'venue', 'venueLocation', 'startTimeUTC', 'easternUTCOffset', 'venueUTCOffset', 'tvBroadcasts', 'gameState', 'gameScheduleState', 'periodDescriptor', 'awayTeam', 'homeTeam', 'shootoutInUse', 'otInUse', 'clock', 'displayPeriod', 'maxPeriods', 'gameOutcome', 'plays', 'rosterSpots', 'regPeriods', 'summary']"
2026-07-16T20:52:48.266141,13374,hockey_nhl,?,json_manip,field_merge_value,bert,0.0,0.016,[],"['id', 'season', 'gameType', 'limitedScoring', 'gameDate', 'venue', 'venueLocation', 'startTimeUTC', 'easternUTCOffset', 'venueUTCOffset', 'tvBroadcasts', 'gameState', 'gameScheduleState', 'periodDescriptor', 'awayTeam', 'homeTeam', 'shootoutInUse', 'otInUse', 'clock', 'displayPeriod', 'maxPeriods', 'gameOutcome', 'plays', 'rosterSpots', 'regPeriods', 'summary']"
2026-07-16T20:52:48.266168,13387,hockey_nhl,?,json_manip,duplicate_field_inject,bert,0.0,0.016,[],"['id', 'season', 'gameType', 'limitedScoring', 'gameDate', 'venue', 'venueLocation', 'startTimeUTC', 'easternUTCOffset', 'venueUTCOffset', 'tvBroadcasts', 'gameState', 'gameScheduleState', 'periodDescriptor', 'awayTeam', 'homeTeam', 'shootoutInUse', 'otInUse', 'clock', 'displayPeriod', 'maxPeriods', 'gameOutcome', 'plays', 'rosterSpots', 'regPeriods', 'summary']"
2026-07-16T20:52:48.266307,13414,hockey_nhl,?,json_manip,duplicate_field_inject,bert,0.0,0.016,[],"['id', 'season', 'gameType', 'limitedScoring', 'gameDate', 'venue', 'venueLocation', 'startTimeUTC', 'easternUTCOffset', 'venueUTCOffset', 'tvBroadcasts', 'gameState', 'gameScheduleState', 'periodDescriptor', 'awayTeam', 'homeTeam', 'shootoutInUse', 'otInUse', 'clock', 'displayPeriod', 'maxPeriods', 'gameOutcome', 'plays', 'rosterSpots', 'regPeriods', 'summary']"
2026-07-16T20:52:48.266333,13418,hockey_nhl,?,json_manip,field_merge_value,bert,0.0,0.016,[],"['id', 'season', 'gameType', 'limitedScoring', 'gameDate', 'venue', 'venueLocation', 'startTimeUTC', 'easternUTCOffset', 'venueUTCOffset', 'tvBroadcasts', 'gameState', 'gameScheduleState', 'periodDescriptor', 'awayTeam', 'homeTeam', 'shootoutInUse', 'otInUse', 'clock', 'displayPeriod', 'maxPeriods', 'gameOutcome', 'plays', 'rosterSpots', 'regPeriods', 'summary']"
2026-07-16T20:52:48.266465,13420,hockey_nhl,?,json_manip,default_value_inject,bert,0.0,0.016,[],"['id', 'season', 'gameType', 'limitedScoring', 'gameDate', 'venue', 'venueLocation', 'startTimeUTC', 'easternUTCOffset', 'venueUTCOffset', 'tvBroadcasts', 'gameState', 'gameScheduleState', 'periodDescriptor', 'awayTeam', 'homeTeam', 'shootoutInUse', 'otInUse', 'clock', 'displayPeriod', 'maxPeriods', 'gameOutcome', 'plays', 'rosterSpots', 'regPeriods', 'summary']"
2026-07-16T20:52:48.266504,13424,hockey_nhl,?,json_manip,outlier_injection,bert,0.0,0.016,[],"['id', 'season', 'gameType', 'limitedScoring', 'gameDate', 'venue', 'venueLocation', 'startTimeUTC', 'easternUTCOffset', 'venueUTCOffset', 'tvBroadcasts', 'gameState', 'gameScheduleState', 'periodDescriptor', 'awayTeam', 'homeTeam', 'shootoutInUse', 'otInUse', 'clock', 'displayPeriod', 'maxPeriods', 'gameOutcome', 'plays', 'rosterSpots', 'regPeriods', 'summary']"
2026-07-16T20:52:48.266659,13430,hockey_nhl,?,json_manip,field_merge_value,bert,0.0,0.017,[],"['id', 'season', 'gameType', 'limitedScoring', 'gameDate', 'venue', 'venueLocation', 'startTimeUTC', 'easternUTCOffset', 'venueUTCOffset', 'tvBroadcasts', 'gameState', 'gameScheduleState', 'periodDescriptor', 'awayTeam', 'homeTeam', 'shootoutInUse', 'otInUse', 'clock', 'displayPeriod', 'maxPeriods', 'gameOutcome', 'plays', 'rosterSpots', 'regPeriods', 'summary']"
2026-07-16T20:52:48.266681,13432,hockey_nhl,?,json_manip,array_to_scalar,bert,0.0,0.017,[],"['id', 'season', 'gameType', 'limitedScoring', 'gameDate', 'venue', 'venueLocation', 'startTimeUTC', 'easternUTCOffset', 'venueUTCOffset', 'tvBroadcasts', 'gameState', 'gameScheduleState', 'periodDescriptor', 'awayTeam', 'homeTeam', 'shootoutInUse', 'otInUse', 'clock', 'displayPeriod', 'maxPeriods', 'gameOutcome', 'plays', 'rosterSpots', 'regPeriods', 'summary']"
2026-07-16T20:52:48.266710,13453,hockey_nhl,?,json_manip,field_split,bert,0.0,0.017,[],"['id', 'season', 'gameType', 'limitedScoring', 'gameDate', 'venue', 'venueLocation', 'startTimeUTC', 'easternUTCOffset', 'venueUTCOffset', 'tvBroadcasts', 'gameState', 'gameScheduleState', 'periodDescriptor', 'awayTeam', 'homeTeam', 'shootoutInUse', 'otInUse', 'clock', 'displayPeriod', 'maxPeriods', 'gameOutcome', 'plays', 'rosterSpots', 'regPeriods', 'summary']"
2026-07-16T20:52:48.266731,13454,hockey_nhl,?,json_manip,scalar_to_array,bert,0.0,0.017,[],"['id', 'season', 'gameType', 'limitedScoring', 'gameDate', 'venue', 'venueLocation', 'startTimeUTC', 'easternUTCOffset', 'venueUTCOffset', 'tvBroadcasts', 'gameState', 'gameScheduleState', 'periodDescriptor', 'awayTeam', 'homeTeam', 'shootoutInUse', 'otInUse', 'clock', 'displayPeriod', 'maxPeriods', 'gameOutcome', 'plays', 'rosterSpots', 'regPeriods', 'summary']"
2026-07-16T20:52:48.266893,13460,hockey_nhl,?,json_manip,array_to_scalar,bert,0.0,0.018,[],"['id', 'season', 'gameType', 'limitedScoring', 'gameDate', 'venue', 'venueLocation', 'startTimeUTC', 'easternUTCOffset', 'venueUTCOffset', 'tvBroadcasts', 'gameState', 'gameScheduleState', 'periodDescriptor', 'awayTeam', 'homeTeam', 'shootoutInUse', 'otInUse', 'clock', 'displayPeriod', 'maxPeriods', 'gameOutcome', 'plays', 'rosterSpots', 'regPeriods', 'summary']"
2026-07-16T20:52:48.266924,13463,hockey_nhl,?,json_manip,array_expansion,bert,0.0,0.018,[],"['id', 'season', 'gameType', 'limitedScoring', 'gameDate', 'venue', 'venueLocation', 'startTimeUTC', 'easternUTCOffset', 'venueUTCOffset', 'tvBroadcasts', 'gameState', 'gameScheduleState', 'periodDescriptor', 'awayTeam', 'homeTeam', 'shootoutInUse', 'otInUse', 'clock', 'displayPeriod', 'maxPeriods', 'gameOutcome', 'plays', 'rosterSpots', 'regPeriods', 'summary']"
2026-07-16T20:52:48.266984,13466,hockey_nhl,?,json_manip,array_expansion,bert,0.0,0.018,[],"['id', 'season', 'gameType', 'limitedScoring', 'gameDate', 'venue', 'venueLocation', 'startTimeUTC', 'easternUTCOffset', 'venueUTCOffset', 'tvBroadcasts', 'gameState', 'gameScheduleState', 'periodDescriptor', 'awayTeam', 'homeTeam', 'shootoutInUse', 'otInUse', 'clock', 'displayPeriod', 'maxPeriods', 'gameOutcome', 'plays', 'rosterSpots', 'regPeriods', 'summary']"
2026-07-16T20:52:48.267013,13474,hockey_nhl,?,json_manip,scalar_to_array,bert,0.0,0.018,[],"['id', 'season', 'gameType', 'limitedScoring', 'gameDate', 'venue', 'venueLocation', 'startTimeUTC', 'easternUTCOffset', 'venueUTCOffset', 'tvBroadcasts', 'gameState', 'gameScheduleState', 'periodDescriptor', 'awayTeam', 'homeTeam', 'shootoutInUse', 'otInUse', 'clock', 'displayPeriod', 'maxPeriods', 'gameOutcome', 'plays', 'rosterSpots', 'regPeriods', 'summary']"
2026-07-16T20:52:48.267139,13487,hockey_nhl,?,json_manip,null_injection,bert,0.0,0.014,[],"['id', 'season', 'gameType', 'limitedScoring', 'gameDate', 'venue', 'venueLocation', 'startTimeUTC', 'easternUTCOffset', 'venueUTCOffset', 'tvBroadcasts', 'gameState', 'gameScheduleState', 'periodDescriptor', 'awayTeam', 'homeTeam', 'shootoutInUse', 'otInUse', 'clock', 'displayPeriod', 'maxPeriods', 'gameOutcome', 'plays', 'rosterSpots', 'regPeriods', 'summary']"
2026-07-16T20:52:48.267165,13498,hockey_nhl,?,json_manip,null_injection,bert,0.0,0.014,[],"['id', 'season', 'gameType', 'limitedScoring', 'gameDate', 'venue', 'venueLocation', 'startTimeUTC', 'easternUTCOffset', 'venueUTCOffset', 'tvBroadcasts', 'gameState', 'gameScheduleState', 'periodDescriptor', 'awayTeam', 'homeTeam', 'shootoutInUse', 'otInUse', 'clock', 'displayPeriod', 'maxPeriods', 'gameOutcome', 'plays', 'rosterSpots', 'regPeriods', 'summary']"
2026-07-16T20:52:48.267191,13561,hockey_nhl,?,json_manip,field_split,bert,0.0,0.014,[],"['id', 'season', 'gameType', 'limitedScoring', 'gameDate', 'venue', 'venueLocation', 'startTimeUTC', 'easternUTCOffset', 'venueUTCOffset', 'tvBroadcasts', 'gameState', 'gameScheduleState', 'periodDescriptor', 'awayTeam', 'homeTeam', 'shootoutInUse', 'otInUse', 'clock', 'displayPeriod', 'maxPeriods', 'gameOutcome', 'plays', 'rosterSpots', 'regPeriods', 'summary']"
2026-07-16T20:52:48.267217,13562,hockey_nhl,?,json_manip,null_injection,bert,0.0,0.014,[],"['id', 'season', 'gameType', 'limitedScoring', 'gameDate', 'venue', 'venueLocation', 'startTimeUTC', 'easternUTCOffset', 'venueUTCOffset', 'tvBroadcasts', 'gameState', 'gameScheduleState', 'periodDescriptor', 'awayTeam', 'homeTeam', 'shootoutInUse', 'otInUse', 'clock', 'displayPeriod', 'maxPeriods', 'gameOutcome', 'plays', 'rosterSpots', 'regPeriods', 'summary']"
2026-07-16T20:52:48.267357,13570,hockey_nhl,?,json_manip,field_merge_value,bert,0.0,0.015,[],"['id', 'season', 'gameType', 'limitedScoring', 'gameDate', 'venue', 'venueLocation', 'startTimeUTC', 'easternUTCOffset', 'venueUTCOffset', 'tvBroadcasts', 'gameState', 'gameScheduleState', 'periodDescriptor', 'awayTeam', 'homeTeam', 'shootoutInUse', 'otInUse', 'clock', 'displayPeriod', 'maxPeriods', 'gameOutcome', 'plays', 'rosterSpots', 'regPeriods', 'summary']"
2026-07-16T20:52:48.267382,13571,hockey_nhl,?,json_manip,field_merge_value,bert,0.0,0.015,[],"['id', 'season', 'gameType', 'limitedScoring', 'gameDate', 'venue', 'venueLocation', 'startTimeUTC', 'easternUTCOffset', 'venueUTCOffset', 'tvBroadcasts', 'gameState', 'gameScheduleState', 'periodDescriptor', 'awayTeam', 'homeTeam', 'shootoutInUse', 'otInUse', 'clock', 'displayPeriod', 'maxPeriods', 'gameOutcome', 'plays', 'rosterSpots', 'regPeriods', 'summary']"
2026-07-16T20:52:48.267408,13577,hockey_nhl,?,json_manip,outlier_injection,bert,0.0,0.015,[],"['id', 'season', 'gameType', 'limitedScoring', 'gameDate', 'venue', 'venueLocation', 'startTimeUTC', 'easternUTCOffset', 'venueUTCOffset', 'tvBroadcasts', 'gameState', 'gameScheduleState', 'periodDescriptor', 'awayTeam', 'homeTeam', 'shootoutInUse', 'otInUse', 'clock', 'displayPeriod', 'maxPeriods', 'gameOutcome', 'plays', 'rosterSpots', 'regPeriods', 'summary']"
2026-07-16T20:52:48.267446,13578,hockey_nhl,?,json_manip,default_value_inject,bert,0.0,0.015,[],"['id', 'season', 'gameType', 'limitedScoring', 'gameDate', 'venue', 'venueLocation', 'startTimeUTC', 'easternUTCOffset', 'venueUTCOffset', 'tvBroadcasts', 'gameState', 'gameScheduleState', 'periodDescriptor', 'awayTeam', 'homeTeam', 'shootoutInUse', 'otInUse', 'clock', 'displayPeriod', 'maxPeriods', 'gameOutcome', 'plays', 'rosterSpots', 'regPeriods', 'summary']"
2026-07-16T20:52:48.267589,13600,hockey_nhl,?,json_manip,field_split,bert,0.0,0.016,[],"['id', 'season', 'gameType', 'limitedScoring', 'gameDate', 'venue', 'venueLocation', 'startTimeUTC', 'easternUTCOffset', 'venueUTCOffset', 'tvBroadcasts', 'gameState', 'gameScheduleState', 'periodDescriptor', 'awayTeam', 'homeTeam', 'shootoutInUse', 'otInUse', 'clock', 'displayPeriod', 'maxPeriods', 'gameOutcome', 'plays', 'rosterSpots', 'regPeriods', 'summary']"
2026-07-16T20:52:48.267618,13618,hockey_nhl,?,json_manip,default_value_inject,bert,0.0,0.016,[],"['id', 'season', 'gameType', 'limitedScoring', 'gameDate', 'venue', 'venueLocation', 'startTimeUTC', 'easternUTCOffset', 'venueUTCOffset', 'tvBroadcasts', 'gameState', 'gameScheduleState', 'periodDescriptor', 'awayTeam', 'homeTeam', 'shootoutInUse', 'otInUse', 'clock', 'displayPeriod', 'maxPeriods', 'gameOutcome', 'plays', 'rosterSpots', 'regPeriods', 'summary']"
2026-07-16T20:52:48.267638,13634,hockey_nhl,?,json_manip,field_split,bert,0.0,0.016,[],"['id', 'season', 'gameType', 'limitedScoring', 'gameDate', 'venue', 'venueLocation', 'startTimeUTC', 'easternUTCOffset', 'venueUTCOffset', 'tvBroadcasts', 'gameState', 'gameScheduleState', 'periodDescriptor', 'awayTeam', 'homeTeam', 'shootoutInUse', 'otInUse', 'clock', 'displayPeriod', 'maxPeriods', 'gameOutcome', 'plays', 'rosterSpots', 'regPeriods', 'summary']"
2026-07-16T20:52:48.267663,13636,hockey_nhl,?,json_manip,field_merge_value,bert,0.0,0.016,[],"['id', 'season', 'gameType', 'limitedScoring', 'gameDate', 'venue', 'venueLocation', 'startTimeUTC', 'easternUTCOffset', 'venueUTCOffset', 'tvBroadcasts', 'gameState', 'gameScheduleState', 'periodDescriptor', 'awayTeam', 'homeTeam', 'shootoutInUse', 'otInUse', 'clock', 'displayPeriod', 'maxPeriods', 'gameOutcome', 'plays', 'rosterSpots', 'regPeriods', 'summary']"
2026-07-16T20:52:48.267792,13651,hockey_nhl,?,json_manip,array_expansion,bert,0.0,0.015,[],"['id', 'season', 'gameType', 'limitedScoring', 'gameDate', 'venue', 'venueLocation', 'startTimeUTC', 'easternUTCOffset', 'venueUTCOffset', 'tvBroadcasts', 'gameState', 'gameScheduleState', 'periodDescriptor', 'awayTeam', 'homeTeam', 'shootoutInUse', 'otInUse', 'clock', 'displayPeriod', 'maxPeriods', 'gameOutcome', 'plays', 'rosterSpots', 'regPeriods', 'summary']"
2026-07-16T20:52:48.267814,13653,hockey_nhl,?,json_manip,outlier_injection,bert,0.0,0.015,[],"['id', 'season', 'gameType', 'limitedScoring', 'gameDate', 'venue', 'venueLocation', 'startTimeUTC', 'easternUTCOffset', 'venueUTCOffset', 'tvBroadcasts', 'gameState', 'gameScheduleState', 'periodDescriptor', 'awayTeam', 'homeTeam', 'shootoutInUse', 'otInUse', 'clock', 'displayPeriod', 'maxPeriods', 'gameOutcome', 'plays', 'rosterSpots', 'regPeriods', 'summary']"
2026-07-16T20:52:48.267835,13654,hockey_nhl,?,json_manip,array_expansion,bert,0.0,0.015,[],"['id', 'season', 'gameType', 'limitedScoring', 'gameDate', 'venue', 'venueLocation', 'startTimeUTC', 'easternUTCOffset', 'venueUTCOffset', 'tvBroadcasts', 'gameState', 'gameScheduleState', 'periodDescriptor', 'awayTeam', 'homeTeam', 'shootoutInUse', 'otInUse', 'clock', 'displayPeriod', 'maxPeriods', 'gameOutcome', 'plays', 'rosterSpots', 'regPeriods', 'summary']"
2026-07-16T20:52:48.267855,13662,hockey_nhl,?,json_manip,field_merge_value,bert,0.0,0.015,[],"['id', 'season', 'gameType', 'limitedScoring', 'gameDate', 'venue', 'venueLocation', 'startTimeUTC', 'easternUTCOffset', 'venueUTCOffset', 'tvBroadcasts', 'gameState', 'gameScheduleState', 'periodDescriptor', 'awayTeam', 'homeTeam', 'shootoutInUse', 'otInUse', 'clock', 'displayPeriod', 'maxPeriods', 'gameOutcome', 'plays', 'rosterSpots', 'regPeriods', 'summary']"
2026-07-16T20:52:48.268000,13667,hockey_nhl,?,json_manip,default_value_inject,bert,0.0,0.017,[],"['id', 'season', 'gameType', 'limitedScoring', 'gameDate', 'venue', 'venueLocation', 'startTimeUTC', 'easternUTCOffset', 'venueUTCOffset', 'tvBroadcasts', 'gameState', 'gameScheduleState', 'periodDescriptor', 'awayTeam', 'homeTeam', 'shootoutInUse', 'otInUse', 'clock', 'displayPeriod', 'maxPeriods', 'gameOutcome', 'plays', 'rosterSpots', 'regPeriods', 'summary']"
2026-07-16T20:52:48.268030,13672,hockey_nhl,?,json_manip,field_merge_value,bert,0.0,0.017,[],"['id', 'season', 'gameType', 'limitedScoring', 'gameDate', 'venue', 'venueLocation', 'startTimeUTC', 'easternUTCOffset', 'venueUTCOffset', 'tvBroadcasts', 'gameState', 'gameScheduleState', 'periodDescriptor', 'awayTeam', 'homeTeam', 'shootoutInUse', 'otInUse', 'clock', 'displayPeriod', 'maxPeriods', 'gameOutcome', 'plays', 'rosterSpots', 'regPeriods', 'summary']"
2026-07-16T20:52:48.268051,13687,hockey_nhl,?,json_manip,field_split,bert,0.0,0.017,[],"['id', 'season', 'gameType', 'limitedScoring', 'gameDate', 'venue', 'venueLocation', 'startTimeUTC', 'easternUTCOffset', 'venueUTCOffset', 'tvBroadcasts', 'gameState', 'gameScheduleState', 'periodDescriptor', 'awayTeam', 'homeTeam', 'shootoutInUse', 'otInUse', 'clock', 'displayPeriod', 'maxPeriods', 'gameOutcome', 'plays', 'rosterSpots', 'regPeriods', 'summary']"
2026-07-16T20:52:48.268078,13698,hockey_nhl,?,json_manip,field_join,bert,0.0,0.017,[],"['id', 'season', 'gameType', 'limitedScoring', 'gameDate', 'venue', 'venueLocation', 'startTimeUTC', 'easternUTCOffset', 'venueUTCOffset', 'tvBroadcasts', 'gameState', 'gameScheduleState', 'periodDescriptor', 'awayTeam', 'homeTeam', 'shootoutInUse', 'otInUse', 'clock', 'displayPeriod', 'maxPeriods', 'gameOutcome', 'plays', 'rosterSpots', 'regPeriods', 'summary']"
2026-07-16T20:52:48.268249,13710,hockey_nhl,?,json_manip,array_to_scalar,bert,0.0,0.023,[],"['id', 'season', 'gameType', 'limitedScoring', 'gameDate', 'venue', 'venueLocation', 'startTimeUTC', 'easternUTCOffset', 'venueUTCOffset', 'tvBroadcasts', 'gameState', 'gameScheduleState', 'periodDescriptor', 'awayTeam', 'homeTeam', 'shootoutInUse', 'otInUse', 'clock', 'displayPeriod', 'maxPeriods', 'gameOutcome', 'plays', 'rosterSpots', 'regPeriods', 'summary']"
2026-07-16T20:52:48.268277,13721,hockey_nhl,?,json_manip,field_split,bert,0.0,0.023,[],"['id', 'season', 'gameType', 'limitedScoring', 'gameDate', 'venue', 'venueLocation', 'startTimeUTC', 'easternUTCOffset', 'venueUTCOffset', 'tvBroadcasts', 'gameState', 'gameScheduleState', 'periodDescriptor', 'awayTeam', 'homeTeam', 'shootoutInUse', 'otInUse', 'clock', 'displayPeriod', 'maxPeriods', 'gameOutcome', 'plays', 'rosterSpots', 'regPeriods', 'summary']"
2026-07-16T20:52:48.268307,13726,hockey_nhl,?,json_manip,field_merge_value,bert,0.0,0.023,[],"['id', 'season', 'gameType', 'limitedScoring', 'gameDate', 'venue', 'venueLocation', 'startTimeUTC', 'easternUTCOffset', 'venueUTCOffset', 'tvBroadcasts', 'gameState', 'gameScheduleState', 'periodDescriptor', 'awayTeam', 'homeTeam', 'shootoutInUse', 'otInUse', 'clock', 'displayPeriod', 'maxPeriods', 'gameOutcome', 'plays', 'rosterSpots', 'regPeriods', 'summary']"
2026-07-16T20:52:48.268330,13732,hockey_nhl,?,json_manip,field_join,bert,0.0,0.023,[],"['id', 'season', 'gameType', 'limitedScoring', 'gameDate', 'venue', 'venueLocation', 'startTimeUTC', 'easternUTCOffset', 'venueUTCOffset', 'tvBroadcasts', 'gameState', 'gameScheduleState', 'periodDescriptor', 'awayTeam', 'homeTeam', 'shootoutInUse', 'otInUse', 'clock', 'displayPeriod', 'maxPeriods', 'gameOutcome', 'plays', 'rosterSpots', 'regPeriods', 'summary']"
2026-07-16T20:52:48.268616,13743,hockey_nhl,?,json_manip,array_to_scalar,bert,0.0,0.023,[],"['id', 'season', 'gameType', 'limitedScoring', 'gameDate', 'venue', 'venueLocation', 'startTimeUTC', 'easternUTCOffset', 'venueUTCOffset', 'tvBroadcasts', 'gameState', 'gameScheduleState', 'periodDescriptor', 'awayTeam', 'homeTeam', 'shootoutInUse', 'otInUse', 'clock', 'displayPeriod', 'maxPeriods', 'gameOutcome', 'plays', 'rosterSpots', 'regPeriods', 'summary']"
2026-07-16T20:52:48.268646,13746,hockey_nhl,?,json_manip,scalar_to_array,bert,0.0,0.023,[],"['id', 'season', 'gameType', 'limitedScoring', 'gameDate', 'venue', 'venueLocation', 'startTimeUTC', 'easternUTCOffset', 'venueUTCOffset', 'tvBroadcasts', 'gameState', 'gameScheduleState', 'periodDescriptor', 'awayTeam', 'homeTeam', 'shootoutInUse', 'otInUse', 'clock', 'displayPeriod', 'maxPeriods', 'gameOutcome', 'plays', 'rosterSpots', 'regPeriods', 'summary']"
2026-07-16T20:52:48.268668,13751,hockey_nhl,?,json_manip,variable_drop,bert,0.0,0.023,[],"['id', 'season', 'gameType', 'limitedScoring', 'gameDate', 'venue', 'venueLocation', 'startTimeUTC', 'easternUTCOffset', 'venueUTCOffset', 'tvBroadcasts', 'gameState', 'gameScheduleState', 'periodDescriptor', 'awayTeam', 'homeTeam', 'shootoutInUse', 'otInUse', 'clock', 'displayPeriod', 'maxPeriods', 'gameOutcome', 'plays', 'rosterSpots', 'regPeriods', 'summary']"
2026-07-16T20:52:48.268688,13765,hockey_nhl,?,json_manip,variable_drop,bert,0.0,0.023,[],"['id', 'season', 'gameType', 'limitedScoring', 'gameDate', 'venue', 'venueLocation', 'startTimeUTC', 'easternUTCOffset', 'venueUTCOffset', 'tvBroadcasts', 'gameState', 'gameScheduleState', 'periodDescriptor', 'awayTeam', 'homeTeam', 'shootoutInUse', 'otInUse', 'clock', 'displayPeriod', 'maxPeriods', 'gameOutcome', 'plays', 'rosterSpots', 'regPeriods', 'summary']"
2026-07-16T20:52:48.268819,13766,hockey_nhl,?,json_manip,field_join,bert,0.0,0.013,[],"['id', 'season', 'gameType', 'limitedScoring', 'gameDate', 'venue', 'venueLocation', 'startTimeUTC', 'easternUTCOffset', 'venueUTCOffset', 'tvBroadcasts', 'gameState', 'gameScheduleState', 'periodDescriptor', 'awayTeam', 'homeTeam', 'shootoutInUse', 'otInUse', 'clock', 'displayPeriod', 'maxPeriods', 'gameOutcome', 'plays', 'rosterSpots', 'regPeriods', 'summary']"
2026-07-16T20:52:48.268847,13781,hockey_nhl,?,json_manip,field_merge_value,bert,0.0,0.013,[],"['id', 'season', 'gameType', 'limitedScoring', 'gameDate', 'venue', 'venueLocation', 'startTimeUTC', 'easternUTCOffset', 'venueUTCOffset', 'tvBroadcasts', 'gameState', 'gameScheduleState', 'periodDescriptor', 'awayTeam', 'homeTeam', 'shootoutInUse', 'otInUse', 'clock', 'displayPeriod', 'maxPeriods', 'gameOutcome', 'plays', 'rosterSpots', 'regPeriods', 'summary']"
2026-07-16T20:52:48.268874,13798,hockey_nhl,?,json_manip,field_merge_value,bert,0.0,0.013,[],"['id', 'season', 'gameType', 'limitedScoring', 'gameDate', 'venue', 'venueLocation', 'startTimeUTC', 'easternUTCOffset', 'venueUTCOffset', 'tvBroadcasts', 'gameState', 'gameScheduleState', 'periodDescriptor', 'awayTeam', 'homeTeam', 'shootoutInUse', 'otInUse', 'clock', 'displayPeriod', 'maxPeriods', 'gameOutcome', 'plays', 'rosterSpots', 'regPeriods', 'summary']"
2026-07-16T20:52:48.268894,13809,hockey_nhl,?,json_manip,outlier_injection,bert,0.0,0.013,[],"['id', 'season', 'gameType', 'limitedScoring', 'gameDate', 'venue', 'venueLocation', 'startTimeUTC', 'easternUTCOffset', 'venueUTCOffset', 'tvBroadcasts', 'gameState', 'gameScheduleState', 'periodDescriptor', 'awayTeam', 'homeTeam', 'shootoutInUse', 'otInUse', 'clock', 'displayPeriod', 'maxPeriods', 'gameOutcome', 'plays', 'rosterSpots', 'regPeriods', 'summary']"
2026-07-16T20:52:48.269034,13828,hockey_nhl,?,json_manip,field_merge_value,bert,0.0,0.014,[],"['id', 'season', 'gameType', 'limitedScoring', 'gameDate', 'venue', 'venueLocation', 'startTimeUTC', 'easternUTCOffset', 'venueUTCOffset', 'tvBroadcasts', 'gameState', 'gameScheduleState', 'periodDescriptor', 'awayTeam', 'homeTeam', 'shootoutInUse', 'otInUse', 'clock', 'displayPeriod', 'maxPeriods', 'gameOutcome', 'plays', 'rosterSpots', 'regPeriods', 'summary']"
2026-07-16T20:52:48.269052,13829,hockey_nhl,?,json_manip,scalar_to_array,bert,0.0,0.014,[],"['id', 'season', 'gameType', 'limitedScoring', 'gameDate', 'venue', 'venueLocation', 'startTimeUTC', 'easternUTCOffset', 'venueUTCOffset', 'tvBroadcasts', 'gameState', 'gameScheduleState', 'periodDescriptor', 'awayTeam', 'homeTeam', 'shootoutInUse', 'otInUse', 'clock', 'displayPeriod', 'maxPeriods', 'gameOutcome', 'plays', 'rosterSpots', 'regPeriods', 'summary']"
2026-07-16T20:52:48.269079,13830,hockey_nhl,?,json_manip,null_injection,bert,0.0,0.014,[],"['id', 'season', 'gameType', 'limitedScoring', 'gameDate', 'venue', 'venueLocation', 'startTimeUTC', 'easternUTCOffset', 'venueUTCOffset', 'tvBroadcasts', 'gameState', 'gameScheduleState', 'periodDescriptor', 'awayTeam', 'homeTeam', 'shootoutInUse', 'otInUse', 'clock', 'displayPeriod', 'maxPeriods', 'gameOutcome', 'plays', 'rosterSpots', 'regPeriods', 'summary']"
2026-07-16T20:52:48.269099,13835,hockey_nhl,?,json_manip,array_to_scalar,bert,0.0,0.014,[],"['id', 'season', 'gameType', 'limitedScoring', 'gameDate', 'venue', 'venueLocation', 'startTimeUTC', 'easternUTCOffset', 'venueUTCOffset', 'tvBroadcasts', 'gameState', 'gameScheduleState', 'periodDescriptor', 'awayTeam', 'homeTeam', 'shootoutInUse', 'otInUse', 'clock', 'displayPeriod', 'maxPeriods', 'gameOutcome', 'plays', 'rosterSpots', 'regPeriods', 'summary']"
2026-07-16T20:52:48.269246,13838,hockey_nhl,?,json_manip,outlier_injection,bert,0.0,0.019,[],"['id', 'season', 'gameType', 'limitedScoring', 'gameDate', 'venue', 'venueLocation', 'startTimeUTC', 'easternUTCOffset', 'venueUTCOffset', 'tvBroadcasts', 'gameState', 'gameScheduleState', 'periodDescriptor', 'awayTeam', 'homeTeam', 'shootoutInUse', 'otInUse', 'clock', 'displayPeriod', 'maxPeriods', 'gameOutcome', 'plays', 'rosterSpots', 'regPeriods', 'summary']"
2026-07-16T20:52:48.269271,13845,hockey_nhl,?,json_manip,variable_drop,bert,0.0,0.019,[],"['id', 'season', 'gameType', 'limitedScoring', 'gameDate', 'venue', 'venueLocation', 'startTimeUTC', 'easternUTCOffset', 'venueUTCOffset', 'tvBroadcasts', 'gameState', 'gameScheduleState', 'periodDescriptor', 'awayTeam', 'homeTeam', 'shootoutInUse', 'otInUse', 'clock', 'displayPeriod', 'maxPeriods', 'gameOutcome', 'plays', 'rosterSpots', 'regPeriods', 'summary']"
2026-07-16T20:52:48.269294,13856,hockey_nhl,?,json_manip,array_to_scalar,bert,0.0,0.019,[],"['id', 'season', 'gameType', 'limitedScoring', 'gameDate', 'venue', 'venueLocation', 'startTimeUTC', 'easternUTCOffset', 'venueUTCOffset', 'tvBroadcasts', 'gameState', 'gameScheduleState', 'periodDescriptor', 'awayTeam', 'homeTeam', 'shootoutInUse', 'otInUse', 'clock', 'displayPeriod', 'maxPeriods', 'gameOutcome', 'plays', 'rosterSpots', 'regPeriods', 'summary']"
2026-07-16T20:52:48.269317,13860,hockey_nhl,?,json_manip,field_split,bert,0.0,0.019,[],"['id', 'season', 'gameType', 'limitedScoring', 'gameDate', 'venue', 'venueLocation', 'startTimeUTC', 'easternUTCOffset', 'venueUTCOffset', 'tvBroadcasts', 'gameState', 'gameScheduleState', 'periodDescriptor', 'awayTeam', 'homeTeam', 'shootoutInUse', 'otInUse', 'clock', 'displayPeriod', 'maxPeriods', 'gameOutcome', 'plays', 'rosterSpots', 'regPeriods', 'summary']"
2026-07-16T20:52:48.269469,13863,hockey_nhl,?,json_manip,outlier_injection,bert,0.0,0.017,[],"['id', 'season', 'gameType', 'limitedScoring', 'gameDate', 'venue', 'venueLocation', 'startTimeUTC', 'easternUTCOffset', 'venueUTCOffset', 'tvBroadcasts', 'gameState', 'gameScheduleState', 'periodDescriptor', 'awayTeam', 'homeTeam', 'shootoutInUse', 'otInUse', 'clock', 'displayPeriod', 'maxPeriods', 'gameOutcome', 'plays', 'rosterSpots', 'regPeriods', 'summary']"
2026-07-16T20:52:48.269541,13864,hockey_nhl,?,json_manip,array_to_scalar,bert,0.0,0.017,[],"['id', 'season', 'gameType', 'limitedScoring', 'gameDate', 'venue', 'venueLocation', 'startTimeUTC', 'easternUTCOffset', 'venueUTCOffset', 'tvBroadcasts', 'gameState', 'gameScheduleState', 'periodDescriptor', 'awayTeam', 'homeTeam', 'shootoutInUse', 'otInUse', 'clock', 'displayPeriod', 'maxPeriods', 'gameOutcome', 'plays', 'rosterSpots', 'regPeriods', 'summary']"
2026-07-16T20:52:48.269593,13871,hockey_nhl,?,json_manip,field_merge_value,bert,0.0,0.017,[],"['id', 'season', 'gameType', 'limitedScoring', 'gameDate', 'venue', 'venueLocation', 'startTimeUTC', 'easternUTCOffset', 'venueUTCOffset', 'tvBroadcasts', 'gameState', 'gameScheduleState', 'periodDescriptor', 'awayTeam', 'homeTeam', 'shootoutInUse', 'otInUse', 'clock', 'displayPeriod', 'maxPeriods', 'gameOutcome', 'plays', 'rosterSpots', 'regPeriods', 'summary']"
2026-07-16T20:52:48.269620,13893,hockey_nhl,?,json_manip,field_join,bert,0.0,0.017,[],"['id', 'season', 'gameType', 'limitedScoring', 'gameDate', 'venue', 'venueLocation', 'startTimeUTC', 'easternUTCOffset', 'venueUTCOffset', 'tvBroadcasts', 'gameState', 'gameScheduleState', 'periodDescriptor', 'awayTeam', 'homeTeam', 'shootoutInUse', 'otInUse', 'clock', 'displayPeriod', 'maxPeriods', 'gameOutcome', 'plays', 'rosterSpots', 'regPeriods', 'summary']"
2026-07-16T20:52:48.269744,13911,hockey_nhl,?,json_manip,field_merge_value,bert,0.0,0.012,[],"['id', 'season', 'gameType', 'limitedScoring', 'gameDate', 'venue', 'venueLocation', 'startTimeUTC', 'easternUTCOffset', 'venueUTCOffset', 'tvBroadcasts', 'gameState', 'gameScheduleState', 'periodDescriptor', 'awayTeam', 'homeTeam', 'shootoutInUse', 'otInUse', 'clock', 'displayPeriod', 'maxPeriods', 'gameOutcome', 'plays', 'rosterSpots', 'regPeriods', 'summary']"
2026-07-16T20:52:48.269772,13915,hockey_nhl,?,json_manip,scalar_to_array,bert,0.0,0.012,[],"['id', 'season', 'gameType', 'limitedScoring', 'gameDate', 'venue', 'venueLocation', 'startTimeUTC', 'easternUTCOffset', 'venueUTCOffset', 'tvBroadcasts', 'gameState', 'gameScheduleState', 'periodDescriptor', 'awayTeam', 'homeTeam', 'shootoutInUse', 'otInUse', 'clock', 'displayPeriod', 'maxPeriods', 'gameOutcome', 'plays', 'rosterSpots', 'regPeriods', 'summary']"
2026-07-16T20:52:48.269793,13926,hockey_nhl,?,json_manip,variable_drop,bert,0.0,0.012,[],"['id', 'season', 'gameType', 'limitedScoring', 'gameDate', 'venue', 'venueLocation', 'startTimeUTC', 'easternUTCOffset', 'venueUTCOffset', 'tvBroadcasts', 'gameState', 'gameScheduleState', 'periodDescriptor', 'awayTeam', 'homeTeam', 'shootoutInUse', 'otInUse', 'clock', 'displayPeriod', 'maxPeriods', 'gameOutcome', 'plays', 'rosterSpots', 'regPeriods', 'summary']"
2026-07-16T20:52:48.269821,13929,hockey_nhl,?,json_manip,scalar_to_array,bert,0.0,0.012,[],"['id', 'season', 'gameType', 'limitedScoring', 'gameDate', 'venue', 'venueLocation', 'startTimeUTC', 'easternUTCOffset', 'venueUTCOffset', 'tvBroadcasts', 'gameState', 'gameScheduleState', 'periodDescriptor', 'awayTeam', 'homeTeam', 'shootoutInUse', 'otInUse', 'clock', 'displayPeriod', 'maxPeriods', 'gameOutcome', 'plays', 'rosterSpots', 'regPeriods', 'summary']"
2026-07-16T20:52:48.269965,13933,hockey_nhl,?,json_manip,scalar_to_array,bert,0.0,0.013,[],"['id', 'season', 'gameType', 'limitedScoring', 'gameDate', 'venue', 'venueLocation', 'startTimeUTC', 'easternUTCOffset', 'venueUTCOffset', 'tvBroadcasts', 'gameState', 'gameScheduleState', 'periodDescriptor', 'awayTeam', 'homeTeam', 'shootoutInUse', 'otInUse', 'clock', 'displayPeriod', 'maxPeriods', 'gameOutcome', 'plays', 'rosterSpots', 'regPeriods', 'summary']"
2026-07-16T20:52:48.269988,13934,hockey_nhl,?,json_manip,variable_drop,bert,0.0,0.013,[],"['id', 'season', 'gameType', 'limitedScoring', 'gameDate', 'venue', 'venueLocation', 'startTimeUTC', 'easternUTCOffset', 'venueUTCOffset', 'tvBroadcasts', 'gameState', 'gameScheduleState', 'periodDescriptor', 'awayTeam', 'homeTeam', 'shootoutInUse', 'otInUse', 'clock', 'displayPeriod', 'maxPeriods', 'gameOutcome', 'plays', 'rosterSpots', 'regPeriods', 'summary']"
2026-07-16T20:52:48.270013,13951,hockey_nhl,?,json_manip,array_expansion,bert,0.0,0.013,[],"['id', 'season', 'gameType', 'limitedScoring', 'gameDate', 'venue', 'venueLocation', 'startTimeUTC', 'easternUTCOffset', 'venueUTCOffset', 'tvBroadcasts', 'gameState', 'gameScheduleState', 'periodDescriptor', 'awayTeam', 'homeTeam', 'shootoutInUse', 'otInUse', 'clock', 'displayPeriod', 'maxPeriods', 'gameOutcome', 'plays', 'rosterSpots', 'regPeriods', 'summary']"
2026-07-16T20:52:48.270033,13959,hockey_nhl,?,json_manip,field_merge_value,bert,0.0,0.013,[],"['id', 'season', 'gameType', 'limitedScoring', 'gameDate', 'venue', 'venueLocation', 'startTimeUTC', 'easternUTCOffset', 'venueUTCOffset', 'tvBroadcasts', 'gameState', 'gameScheduleState', 'periodDescriptor', 'awayTeam', 'homeTeam', 'shootoutInUse', 'otInUse', 'clock', 'displayPeriod', 'maxPeriods', 'gameOutcome', 'plays', 'rosterSpots', 'regPeriods', 'summary']"
2026-07-16T20:52:48.270152,13980,hockey_nhl,?,json_manip,scalar_to_array,bert,0.0,0.011,[],"['id', 'season', 'gameType', 'limitedScoring', 'gameDate', 'venue', 'venueLocation', 'startTimeUTC', 'easternUTCOffset', 'venueUTCOffset', 'tvBroadcasts', 'gameState', 'gameScheduleState', 'periodDescriptor', 'awayTeam', 'homeTeam', 'shootoutInUse', 'otInUse', 'clock', 'displayPeriod', 'maxPeriods', 'gameOutcome', 'plays', 'rosterSpots', 'regPeriods', 'summary']"
2026-07-16T20:52:48.270175,13999,hockey_nhl,?,json_manip,field_join,bert,0.0,0.011,[],"['id', 'season', 'gameType', 'limitedScoring', 'gameDate', 'venue', 'venueLocation', 'startTimeUTC', 'easternUTCOffset', 'venueUTCOffset', 'tvBroadcasts', 'gameState', 'gameScheduleState', 'periodDescriptor', 'awayTeam', 'homeTeam', 'shootoutInUse', 'otInUse', 'clock', 'displayPeriod', 'maxPeriods', 'gameOutcome', 'plays', 'rosterSpots', 'regPeriods', 'summary']"
2026-07-16T20:52:48.270214,14002,hockey_nhl,?,json_manip,scalar_to_array,bert,0.0,0.011,[],"['id', 'season', 'gameType', 'limitedScoring', 'gameDate', 'venue', 'venueLocation', 'startTimeUTC', 'easternUTCOffset', 'venueUTCOffset', 'tvBroadcasts', 'gameState', 'gameScheduleState', 'periodDescriptor', 'awayTeam', 'homeTeam', 'shootoutInUse', 'otInUse', 'clock', 'displayPeriod', 'maxPeriods', 'gameOutcome', 'plays', 'rosterSpots', 'regPeriods', 'summary']"
2026-07-16T20:52:48.270236,14017,hockey_nhl,?,json_manip,field_join,bert,0.0,0.011,[],"['id', 'season', 'gameType', 'limitedScoring', 'gameDate', 'venue', 'venueLocation', 'startTimeUTC', 'easternUTCOffset', 'venueUTCOffset', 'tvBroadcasts', 'gameState', 'gameScheduleState', 'periodDescriptor', 'awayTeam', 'homeTeam', 'shootoutInUse', 'otInUse', 'clock', 'displayPeriod', 'maxPeriods', 'gameOutcome', 'plays', 'rosterSpots', 'regPeriods', 'summary']"
2026-07-16T20:52:48.270334,14018,hockey_nhl,?,json_manip,field_join,bert,0.0,0.008,[],"['id', 'season', 'gameType', 'limitedScoring', 'gameDate', 'venue', 'venueLocation', 'startTimeUTC', 'easternUTCOffset', 'venueUTCOffset', 'tvBroadcasts', 'gameState', 'gameScheduleState', 'periodDescriptor', 'awayTeam', 'homeTeam', 'shootoutInUse', 'otInUse', 'clock', 'displayPeriod', 'maxPeriods', 'gameOutcome', 'plays', 'rosterSpots', 'regPeriods', 'summary']"
2026-07-16T20:52:48.270366,14021,hockey_nhl,?,json_manip,scalar_to_array,bert,0.0,0.008,[],"['id', 'season', 'gameType', 'limitedScoring', 'gameDate', 'venue', 'venueLocation', 'startTimeUTC', 'easternUTCOffset', 'venueUTCOffset', 'tvBroadcasts', 'gameState', 'gameScheduleState', 'periodDescriptor', 'awayTeam', 'homeTeam', 'shootoutInUse', 'otInUse', 'clock', 'displayPeriod', 'maxPeriods', 'gameOutcome', 'plays', 'rosterSpots', 'regPeriods', 'summary']"
2026-07-16T20:52:48.270693,14024,hockey_nhl,?,json_manip,default_value_inject,bert,0.0,0.008,[],"['id', 'season', 'gameType', 'limitedScoring', 'gameDate', 'venue', 'venueLocation', 'startTimeUTC', 'easternUTCOffset', 'venueUTCOffset', 'tvBroadcasts', 'gameState', 'gameScheduleState', 'periodDescriptor', 'awayTeam', 'homeTeam', 'shootoutInUse', 'otInUse', 'clock', 'displayPeriod', 'maxPeriods', 'gameOutcome', 'plays', 'rosterSpots', 'regPeriods', 'summary']"
2026-07-16T20:52:48.270714,14026,hockey_nhl,?,json_manip,field_merge_value,bert,0.0,0.008,[],"['id', 'season', 'gameType', 'limitedScoring', 'gameDate', 'venue', 'venueLocation', 'startTimeUTC', 'easternUTCOffset', 'venueUTCOffset', 'tvBroadcasts', 'gameState', 'gameScheduleState', 'periodDescriptor', 'awayTeam', 'homeTeam', 'shootoutInUse', 'otInUse', 'clock', 'displayPeriod', 'maxPeriods', 'gameOutcome', 'plays', 'rosterSpots', 'regPeriods', 'summary']"
2026-07-16T20:52:48.270807,14033,hockey_nhl,?,json_manip,array_to_scalar,bert,0.0,0.01,[],"['id', 'season', 'gameType', 'limitedScoring', 'gameDate', 'venue', 'venueLocation', 'startTimeUTC', 'easternUTCOffset', 'venueUTCOffset', 'tvBroadcasts', 'gameState', 'gameScheduleState', 'periodDescriptor', 'awayTeam', 'homeTeam', 'shootoutInUse', 'otInUse', 'clock', 'displayPeriod', 'maxPeriods', 'gameOutcome', 'plays', 'rosterSpots', 'regPeriods', 'summary']"
2026-07-16T20:52:48.270840,14035,hockey_nhl,?,json_manip,null_injection,bert,0.0,0.01,[],"['id', 'season', 'gameType', 'limitedScoring', 'gameDate', 'venue', 'venueLocation', 'startTimeUTC', 'easternUTCOffset', 'venueUTCOffset', 'tvBroadcasts', 'gameState', 'gameScheduleState', 'periodDescriptor', 'awayTeam', 'homeTeam', 'shootoutInUse', 'otInUse', 'clock', 'displayPeriod', 'maxPeriods', 'gameOutcome', 'plays', 'rosterSpots', 'regPeriods', 'summary']"
2026-07-16T20:52:48.270863,14036,hockey_nhl,?,json_manip,array_expansion,bert,0.0,0.01,[],"['id', 'season', 'gameType', 'limitedScoring', 'gameDate', 'venue', 'venueLocation', 'startTimeUTC', 'easternUTCOffset', 'venueUTCOffset', 'tvBroadcasts', 'gameState', 'gameScheduleState', 'periodDescriptor', 'awayTeam', 'homeTeam', 'shootoutInUse', 'otInUse', 'clock', 'displayPeriod', 'maxPeriods', 'gameOutcome', 'plays', 'rosterSpots', 'regPeriods', 'summary']"
2026-07-16T20:52:48.270886,14041,hockey_nhl,?,json_manip,outlier_injection,bert,0.0,0.01,[],"['id', 'season', 'gameType', 'limitedScoring', 'gameDate', 'venue', 'venueLocation', 'startTimeUTC', 'easternUTCOffset', 'venueUTCOffset', 'tvBroadcasts', 'gameState', 'gameScheduleState', 'periodDescriptor', 'awayTeam', 'homeTeam', 'shootoutInUse', 'otInUse', 'clock', 'displayPeriod', 'maxPeriods', 'gameOutcome', 'plays', 'rosterSpots', 'regPeriods', 'summary']"
2026-07-16T20:52:48.270980,14048,hockey_nhl,?,json_manip,array_to_scalar,bert,0.0,0.009,[],"['id', 'season', 'gameType', 'limitedScoring', 'gameDate', 'venue', 'venueLocation', 'startTimeUTC', 'easternUTCOffset', 'venueUTCOffset', 'tvBroadcasts', 'gameState', 'gameScheduleState', 'periodDescriptor', 'awayTeam', 'homeTeam', 'shootoutInUse', 'otInUse', 'clock', 'displayPeriod', 'maxPeriods', 'gameOutcome', 'plays', 'rosterSpots', 'regPeriods', 'summary']"
2026-07-16T20:52:48.271004,14064,hockey_nhl,?,json_manip,default_value_inject,bert,0.0,0.009,[],"['id', 'season', 'gameType', 'limitedScoring', 'gameDate', 'venue', 'venueLocation', 'startTimeUTC', 'easternUTCOffset', 'venueUTCOffset', 'tvBroadcasts', 'gameState', 'gameScheduleState', 'periodDescriptor', 'awayTeam', 'homeTeam', 'shootoutInUse', 'otInUse', 'clock', 'displayPeriod', 'maxPeriods', 'gameOutcome', 'plays', 'rosterSpots', 'regPeriods', 'summary']"
2026-07-16T20:52:48.271028,14070,hockey_nhl,?,json_manip,default_value_inject,bert,0.0,0.009,[],"['id', 'season', 'gameType', 'limitedScoring', 'gameDate', 'venue', 'venueLocation', 'startTimeUTC', 'easternUTCOffset', 'venueUTCOffset', 'tvBroadcasts', 'gameState', 'gameScheduleState', 'periodDescriptor', 'awayTeam', 'homeTeam', 'shootoutInUse', 'otInUse', 'clock', 'displayPeriod', 'maxPeriods', 'gameOutcome', 'plays', 'rosterSpots', 'regPeriods', 'summary']"
2026-07-16T20:52:48.271050,14071,hockey_nhl,?,json_manip,outlier_injection,bert,0.0,0.009,[],"['id', 'season', 'gameType', 'limitedScoring', 'gameDate', 'venue', 'venueLocation', 'startTimeUTC', 'easternUTCOffset', 'venueUTCOffset', 'tvBroadcasts', 'gameState', 'gameScheduleState', 'periodDescriptor', 'awayTeam', 'homeTeam', 'shootoutInUse', 'otInUse', 'clock', 'displayPeriod', 'maxPeriods', 'gameOutcome', 'plays', 'rosterSpots', 'regPeriods', 'summary']"
2026-07-16T20:52:48.271147,14076,hockey_nhl,?,json_manip,array_to_scalar,bert,0.0,0.01,[],"['id', 'season', 'gameType', 'limitedScoring', 'gameDate', 'venue', 'venueLocation', 'startTimeUTC', 'easternUTCOffset', 'venueUTCOffset', 'tvBroadcasts', 'gameState', 'gameScheduleState', 'periodDescriptor', 'awayTeam', 'homeTeam', 'shootoutInUse', 'otInUse', 'clock', 'displayPeriod', 'maxPeriods', 'gameOutcome', 'plays', 'rosterSpots', 'regPeriods', 'summary']"
2026-07-16T20:52:48.271170,14084,hockey_nhl,?,json_manip,field_join,bert,0.0,0.01,[],"['id', 'season', 'gameType', 'limitedScoring', 'gameDate', 'venue', 'venueLocation', 'startTimeUTC', 'easternUTCOffset', 'venueUTCOffset', 'tvBroadcasts', 'gameState', 'gameScheduleState', 'periodDescriptor', 'awayTeam', 'homeTeam', 'shootoutInUse', 'otInUse', 'clock', 'displayPeriod', 'maxPeriods', 'gameOutcome', 'plays', 'rosterSpots', 'regPeriods', 'summary']"
2026-07-16T20:52:48.271203,14088,hockey_nhl,?,json_manip,field_join,bert,0.0,0.01,[],"['id', 'season', 'gameType', 'limitedScoring', 'gameDate', 'venue', 'venueLocation', 'startTimeUTC', 'easternUTCOffset', 'venueUTCOffset', 'tvBroadcasts', 'gameState', 'gameScheduleState', 'periodDescriptor', 'awayTeam', 'homeTeam', 'shootoutInUse', 'otInUse', 'clock', 'displayPeriod', 'maxPeriods', 'gameOutcome', 'plays', 'rosterSpots', 'regPeriods', 'summary']"
2026-07-16T20:52:48.271233,14106,hockey_nhl,?,json_manip,field_split,bert,0.0,0.01,[],"['id', 'season', 'gameType', 'limitedScoring', 'gameDate', 'venue', 'venueLocation', 'startTimeUTC', 'easternUTCOffset', 'venueUTCOffset', 'tvBroadcasts', 'gameState', 'gameScheduleState', 'periodDescriptor', 'awayTeam', 'homeTeam', 'shootoutInUse', 'otInUse', 'clock', 'displayPeriod', 'maxPeriods', 'gameOutcome', 'plays', 'rosterSpots', 'regPeriods', 'summary']"
2026-07-16T20:52:48.271325,14138,hockey_nhl,?,json_manip,array_to_scalar,bert,0.0,0.009,[],"['id', 'season', 'gameType', 'limitedScoring', 'gameDate', 'venue', 'venueLocation', 'startTimeUTC', 'easternUTCOffset', 'venueUTCOffset', 'tvBroadcasts', 'gameState', 'gameScheduleState', 'periodDescriptor', 'awayTeam', 'homeTeam', 'shootoutInUse', 'otInUse', 'clock', 'displayPeriod', 'maxPeriods', 'gameOutcome', 'plays', 'rosterSpots', 'regPeriods', 'summary']"
2026-07-16T20:52:48.271352,14141,hockey_nhl,?,json_manip,field_split,bert,0.0,0.009,[],"['id', 'season', 'gameType', 'limitedScoring', 'gameDate', 'venue', 'venueLocation', 'startTimeUTC', 'easternUTCOffset', 'venueUTCOffset', 'tvBroadcasts', 'gameState', 'gameScheduleState', 'periodDescriptor', 'awayTeam', 'homeTeam', 'shootoutInUse', 'otInUse', 'clock', 'displayPeriod', 'maxPeriods', 'gameOutcome', 'plays', 'rosterSpots', 'regPeriods', 'summary']"
2026-07-16T20:52:48.271373,14154,hockey_nhl,?,json_manip,variable_drop,bert,0.0,0.009,[],"['id', 'season', 'gameType', 'limitedScoring', 'gameDate', 'venue', 'venueLocation', 'startTimeUTC', 'easternUTCOffset', 'venueUTCOffset', 'tvBroadcasts', 'gameState', 'gameScheduleState', 'periodDescriptor', 'awayTeam', 'homeTeam', 'shootoutInUse', 'otInUse', 'clock', 'displayPeriod', 'maxPeriods', 'gameOutcome', 'plays', 'rosterSpots', 'regPeriods', 'summary']"
2026-07-16T20:52:48.271399,14155,hockey_nhl,?,json_manip,null_injection,bert,0.0,0.009,[],"['id', 'season', 'gameType', 'limitedScoring', 'gameDate', 'venue', 'venueLocation', 'startTimeUTC', 'easternUTCOffset', 'venueUTCOffset', 'tvBroadcasts', 'gameState', 'gameScheduleState', 'periodDescriptor', 'awayTeam', 'homeTeam', 'shootoutInUse', 'otInUse', 'clock', 'displayPeriod', 'maxPeriods', 'gameOutcome', 'plays', 'rosterSpots', 'regPeriods', 'summary']"
2026-07-16T20:52:48.271484,14157,hockey_nhl,?,json_manip,field_split,bert,0.0,0.008,[],"['id', 'season', 'gameType', 'limitedScoring', 'gameDate', 'venue', 'venueLocation', 'startTimeUTC', 'easternUTCOffset', 'venueUTCOffset', 'tvBroadcasts', 'gameState', 'gameScheduleState', 'periodDescriptor', 'awayTeam', 'homeTeam', 'shootoutInUse', 'otInUse', 'clock', 'displayPeriod', 'maxPeriods', 'gameOutcome', 'plays', 'rosterSpots', 'regPeriods', 'summary']"
2026-07-16T20:52:48.271505,14162,hockey_nhl,?,json_manip,scalar_to_array,bert,0.0,0.008,[],"['id', 'season', 'gameType', 'limitedScoring', 'gameDate', 'venue', 'venueLocation', 'startTimeUTC', 'easternUTCOffset', 'venueUTCOffset', 'tvBroadcasts', 'gameState', 'gameScheduleState', 'periodDescriptor', 'awayTeam', 'homeTeam', 'shootoutInUse', 'otInUse', 'clock', 'displayPeriod', 'maxPeriods', 'gameOutcome', 'plays', 'rosterSpots', 'regPeriods', 'summary']"
2026-07-16T20:52:48.271526,14164,hockey_nhl,?,json_manip,null_injection,bert,0.0,0.008,[],"['id', 'season', 'gameType', 'limitedScoring', 'gameDate', 'venue', 'venueLocation', 'startTimeUTC', 'easternUTCOffset', 'venueUTCOffset', 'tvBroadcasts', 'gameState', 'gameScheduleState', 'periodDescriptor', 'awayTeam', 'homeTeam', 'shootoutInUse', 'otInUse', 'clock', 'displayPeriod', 'maxPeriods', 'gameOutcome', 'plays', 'rosterSpots', 'regPeriods', 'summary']"
2026-07-16T20:52:48.271548,14170,hockey_nhl,?,json_manip,outlier_injection,bert,0.0,0.008,[],"['id', 'season', 'gameType', 'limitedScoring', 'gameDate', 'venue', 'venueLocation', 'startTimeUTC', 'easternUTCOffset', 'venueUTCOffset', 'tvBroadcasts', 'gameState', 'gameScheduleState', 'periodDescriptor', 'awayTeam', 'homeTeam', 'shootoutInUse', 'otInUse', 'clock', 'displayPeriod', 'maxPeriods', 'gameOutcome', 'plays', 'rosterSpots', 'regPeriods', 'summary']"
2026-07-16T20:52:48.271652,14186,hockey_nhl,?,json_manip,field_merge_value,bert,0.0,0.009,[],"['id', 'season', 'gameType', 'limitedScoring', 'gameDate', 'venue', 'venueLocation', 'startTimeUTC', 'easternUTCOffset', 'venueUTCOffset', 'tvBroadcasts', 'gameState', 'gameScheduleState', 'periodDescriptor', 'awayTeam', 'homeTeam', 'shootoutInUse', 'otInUse', 'clock', 'displayPeriod', 'maxPeriods', 'gameOutcome', 'plays', 'rosterSpots', 'regPeriods', 'summary']"
2026-07-16T20:52:48.271674,14190,hockey_nhl,?,json_manip,field_merge_value,bert,0.0,0.009,[],"['id', 'season', 'gameType', 'limitedScoring', 'gameDate', 'venue', 'venueLocation', 'startTimeUTC', 'easternUTCOffset', 'venueUTCOffset', 'tvBroadcasts', 'gameState', 'gameScheduleState', 'periodDescriptor', 'awayTeam', 'homeTeam', 'shootoutInUse', 'otInUse', 'clock', 'displayPeriod', 'maxPeriods', 'gameOutcome', 'plays', 'rosterSpots', 'regPeriods', 'summary']"
2026-07-16T20:52:48.271694,14199,hockey_nhl,?,json_manip,field_split,bert,0.0,0.009,[],"['id', 'season', 'gameType', 'limitedScoring', 'gameDate', 'venue', 'venueLocation', 'startTimeUTC', 'easternUTCOffset', 'venueUTCOffset', 'tvBroadcasts', 'gameState', 'gameScheduleState', 'periodDescriptor', 'awayTeam', 'homeTeam', 'shootoutInUse', 'otInUse', 'clock', 'displayPeriod', 'maxPeriods', 'gameOutcome', 'plays', 'rosterSpots', 'regPeriods', 'summary']"
2026-07-16T20:52:48.271717,14223,hockey_nhl,?,json_manip,null_injection,bert,0.0,0.009,[],"['id', 'season', 'gameType', 'limitedScoring', 'gameDate', 'venue', 'venueLocation', 'startTimeUTC', 'easternUTCOffset', 'venueUTCOffset', 'tvBroadcasts', 'gameState', 'gameScheduleState', 'periodDescriptor', 'awayTeam', 'homeTeam', 'shootoutInUse', 'otInUse', 'clock', 'displayPeriod', 'maxPeriods', 'gameOutcome', 'plays', 'rosterSpots', 'regPeriods', 'summary']"
2026-07-16T20:52:48.271815,14231,hockey_nhl,?,json_manip,array_expansion,bert,0.0,0.012,[],"['id', 'season', 'gameType', 'limitedScoring', 'gameDate', 'venue', 'venueLocation', 'startTimeUTC', 'easternUTCOffset', 'venueUTCOffset', 'tvBroadcasts', 'gameState', 'gameScheduleState', 'periodDescriptor', 'awayTeam', 'homeTeam', 'shootoutInUse', 'otInUse', 'clock', 'displayPeriod', 'maxPeriods', 'gameOutcome', 'plays', 'rosterSpots', 'regPeriods', 'summary']"
2026-07-16T20:52:48.271852,14237,hockey_nhl,?,json_manip,field_merge_value,bert,0.0,0.012,[],"['id', 'season', 'gameType', 'limitedScoring', 'gameDate', 'venue', 'venueLocation', 'startTimeUTC', 'easternUTCOffset', 'venueUTCOffset', 'tvBroadcasts', 'gameState', 'gameScheduleState', 'periodDescriptor', 'awayTeam', 'homeTeam', 'shootoutInUse', 'otInUse', 'clock', 'displayPeriod', 'maxPeriods', 'gameOutcome', 'plays', 'rosterSpots', 'regPeriods', 'summary']"
2026-07-16T20:52:48.271872,14239,hockey_nhl,?,json_manip,variable_drop,bert,0.0,0.012,[],"['id', 'season', 'gameType', 'limitedScoring', 'gameDate', 'venue', 'venueLocation', 'startTimeUTC', 'easternUTCOffset', 'venueUTCOffset', 'tvBroadcasts', 'gameState', 'gameScheduleState', 'periodDescriptor', 'awayTeam', 'homeTeam', 'shootoutInUse', 'otInUse', 'clock', 'displayPeriod', 'maxPeriods', 'gameOutcome', 'plays', 'rosterSpots', 'regPeriods', 'summary']"
2026-07-16T20:52:48.271894,14262,hockey_nhl,?,json_manip,field_split,bert,0.0,0.012,[],"['id', 'season', 'gameType', 'limitedScoring', 'gameDate', 'venue', 'venueLocation', 'startTimeUTC', 'easternUTCOffset', 'venueUTCOffset', 'tvBroadcasts', 'gameState', 'gameScheduleState', 'periodDescriptor', 'awayTeam', 'homeTeam', 'shootoutInUse', 'otInUse', 'clock', 'displayPeriod', 'maxPeriods', 'gameOutcome', 'plays', 'rosterSpots', 'regPeriods', 'summary']"
2026-07-16T20:52:48.271986,14264,hockey_nhl,?,json_manip,field_merge_value,bert,0.0,0.008,[],"['id', 'season', 'gameType', 'limitedScoring', 'gameDate', 'venue', 'venueLocation', 'startTimeUTC', 'easternUTCOffset', 'venueUTCOffset', 'tvBroadcasts', 'gameState', 'gameScheduleState', 'periodDescriptor', 'awayTeam', 'homeTeam', 'shootoutInUse', 'otInUse', 'clock', 'displayPeriod', 'maxPeriods', 'gameOutcome', 'plays', 'rosterSpots', 'regPeriods', 'summary']"
2026-07-16T20:52:48.272006,14266,hockey_nhl,?,json_manip,default_value_inject,bert,0.0,0.008,[],"['id', 'season', 'gameType', 'limitedScoring', 'gameDate', 'venue', 'venueLocation', 'startTimeUTC', 'easternUTCOffset', 'venueUTCOffset', 'tvBroadcasts', 'gameState', 'gameScheduleState', 'periodDescriptor', 'awayTeam', 'homeTeam', 'shootoutInUse', 'otInUse', 'clock', 'displayPeriod', 'maxPeriods', 'gameOutcome', 'plays', 'rosterSpots', 'regPeriods', 'summary']"
2026-07-16T20:52:48.272028,14268,hockey_nhl,?,json_manip,array_to_scalar,bert,0.0,0.008,[],"['id', 'season', 'gameType', 'limitedScoring', 'gameDate', 'venue', 'venueLocation', 'startTimeUTC', 'easternUTCOffset', 'venueUTCOffset', 'tvBroadcasts', 'gameState', 'gameScheduleState', 'periodDescriptor', 'awayTeam', 'homeTeam', 'shootoutInUse', 'otInUse', 'clock', 'displayPeriod', 'maxPeriods', 'gameOutcome', 'plays', 'rosterSpots', 'regPeriods', 'summary']"
2026-07-16T20:52:48.272051,14323,hockey_nhl,?,json_manip,field_join,bert,0.0,0.008,[],"['id', 'season', 'gameType', 'limitedScoring', 'gameDate', 'venue', 'venueLocation', 'startTimeUTC', 'easternUTCOffset', 'venueUTCOffset', 'tvBroadcasts', 'gameState', 'gameScheduleState', 'periodDescriptor', 'awayTeam', 'homeTeam', 'shootoutInUse', 'otInUse', 'clock', 'displayPeriod', 'maxPeriods', 'gameOutcome', 'plays', 'rosterSpots', 'regPeriods', 'summary']"
2026-07-16T20:52:48.272151,14327,hockey_nhl,?,json_manip,field_join,bert,0.0,0.01,[],"['id', 'season', 'gameType', 'limitedScoring', 'gameDate', 'venue', 'venueLocation', 'startTimeUTC', 'easternUTCOffset', 'venueUTCOffset', 'tvBroadcasts', 'gameState', 'gameScheduleState', 'periodDescriptor', 'awayTeam', 'homeTeam', 'shootoutInUse', 'otInUse', 'clock', 'displayPeriod', 'maxPeriods', 'gameOutcome', 'plays', 'rosterSpots', 'regPeriods', 'summary']"
2026-07-16T20:52:48.272188,14330,hockey_nhl,?,json_manip,variable_drop,bert,0.0,0.01,[],"['id', 'season', 'gameType', 'limitedScoring', 'gameDate', 'venue', 'venueLocation', 'startTimeUTC', 'easternUTCOffset', 'venueUTCOffset', 'tvBroadcasts', 'gameState', 'gameScheduleState', 'periodDescriptor', 'awayTeam', 'homeTeam', 'shootoutInUse', 'otInUse', 'clock', 'displayPeriod', 'maxPeriods', 'gameOutcome', 'plays', 'rosterSpots', 'regPeriods', 'summary']"
2026-07-16T20:52:48.272208,14332,hockey_nhl,?,json_manip,field_join,bert,0.0,0.01,[],"['id', 'season', 'gameType', 'limitedScoring', 'gameDate', 'venue', 'venueLocation', 'startTimeUTC', 'easternUTCOffset', 'venueUTCOffset', 'tvBroadcasts', 'gameState', 'gameScheduleState', 'periodDescriptor', 'awayTeam', 'homeTeam', 'shootoutInUse', 'otInUse', 'clock', 'displayPeriod', 'maxPeriods', 'gameOutcome', 'plays', 'rosterSpots', 'regPeriods', 'summary']"
2026-07-16T20:52:48.272234,14348,hockey_nhl,?,json_manip,field_merge_value,bert,0.0,0.01,[],"['id', 'season', 'gameType', 'limitedScoring', 'gameDate', 'venue', 'venueLocation', 'startTimeUTC', 'easternUTCOffset', 'venueUTCOffset', 'tvBroadcasts', 'gameState', 'gameScheduleState', 'periodDescriptor', 'awayTeam', 'homeTeam', 'shootoutInUse', 'otInUse', 'clock', 'displayPeriod', 'maxPeriods', 'gameOutcome', 'plays', 'rosterSpots', 'regPeriods', 'summary']"
2026-07-16T20:52:48.272328,14379,hockey_nhl,?,json_manip,field_join,bert,0.0,0.01,[],"['id', 'season', 'gameType', 'limitedScoring', 'gameDate', 'venue', 'venueLocation', 'startTimeUTC', 'easternUTCOffset', 'venueUTCOffset', 'tvBroadcasts', 'gameState', 'gameScheduleState', 'periodDescriptor', 'awayTeam', 'homeTeam', 'shootoutInUse', 'otInUse', 'clock', 'displayPeriod', 'maxPeriods', 'gameOutcome', 'plays', 'rosterSpots', 'regPeriods', 'summary']"
2026-07-16T20:52:48.272347,14384,hockey_nhl,?,json_manip,duplicate_field_inject,bert,0.0,0.01,[],"['id', 'season', 'gameType', 'limitedScoring', 'gameDate', 'venue', 'venueLocation', 'startTimeUTC', 'easternUTCOffset', 'venueUTCOffset', 'tvBroadcasts', 'gameState', 'gameScheduleState', 'periodDescriptor', 'awayTeam', 'homeTeam', 'shootoutInUse', 'otInUse', 'clock', 'displayPeriod', 'maxPeriods', 'gameOutcome', 'plays', 'rosterSpots', 'regPeriods', 'summary']"
2026-07-16T20:52:48.272370,14395,hockey_nhl,?,json_manip,default_value_inject,bert,0.0,0.01,[],"['id', 'season', 'gameType', 'limitedScoring', 'gameDate', 'venue', 'venueLocation', 'startTimeUTC', 'easternUTCOffset', 'venueUTCOffset', 'tvBroadcasts', 'gameState', 'gameScheduleState', 'periodDescriptor', 'awayTeam', 'homeTeam', 'shootoutInUse', 'otInUse', 'clock', 'displayPeriod', 'maxPeriods', 'gameOutcome', 'plays', 'rosterSpots', 'regPeriods', 'summary']"
2026-07-16T20:52:48.272389,14400,hockey_nhl,?,json_manip,duplicate_field_inject,bert,0.0,0.01,[],"['id', 'season', 'gameType', 'limitedScoring', 'gameDate', 'venue', 'venueLocation', 'startTimeUTC', 'easternUTCOffset', 'venueUTCOffset', 'tvBroadcasts', 'gameState', 'gameScheduleState', 'periodDescriptor', 'awayTeam', 'homeTeam', 'shootoutInUse', 'otInUse', 'clock', 'displayPeriod', 'maxPeriods', 'gameOutcome', 'plays', 'rosterSpots', 'regPeriods', 'summary']"
2026-07-16T20:52:48.272509,14408,hockey_nhl,?,json_manip,field_join,bert,0.0,0.011,[],"['id', 'season', 'gameType', 'limitedScoring', 'gameDate', 'venue', 'venueLocation', 'startTimeUTC', 'easternUTCOffset', 'venueUTCOffset', 'tvBroadcasts', 'gameState', 'gameScheduleState', 'periodDescriptor', 'awayTeam', 'homeTeam', 'shootoutInUse', 'otInUse', 'clock', 'displayPeriod', 'maxPeriods', 'gameOutcome', 'plays', 'rosterSpots', 'regPeriods', 'summary']"
2026-07-16T20:52:48.272531,14414,hockey_nhl,?,json_manip,variable_drop,bert,0.0,0.011,[],"['id', 'season', 'gameType', 'limitedScoring', 'gameDate', 'venue', 'venueLocation', 'startTimeUTC', 'easternUTCOffset', 'venueUTCOffset', 'tvBroadcasts', 'gameState', 'gameScheduleState', 'periodDescriptor', 'awayTeam', 'homeTeam', 'shootoutInUse', 'otInUse', 'clock', 'displayPeriod', 'maxPeriods', 'gameOutcome', 'plays', 'rosterSpots', 'regPeriods', 'summary']"
2026-07-16T20:52:48.272553,14432,hockey_nhl,?,json_manip,field_merge_value,bert,0.0,0.011,[],"['id', 'season', 'gameType', 'limitedScoring', 'gameDate', 'venue', 'venueLocation', 'startTimeUTC', 'easternUTCOffset', 'venueUTCOffset', 'tvBroadcasts', 'gameState', 'gameScheduleState', 'periodDescriptor', 'awayTeam', 'homeTeam', 'shootoutInUse', 'otInUse', 'clock', 'displayPeriod', 'maxPeriods', 'gameOutcome', 'plays', 'rosterSpots', 'regPeriods', 'summary']"
2026-07-16T20:52:48.272573,14441,hockey_nhl,?,json_manip,duplicate_field_inject,bert,0.0,0.011,[],"['id', 'season', 'gameType', 'limitedScoring', 'gameDate', 'venue', 'venueLocation', 'startTimeUTC', 'easternUTCOffset', 'venueUTCOffset', 'tvBroadcasts', 'gameState', 'gameScheduleState', 'periodDescriptor', 'awayTeam', 'homeTeam', 'shootoutInUse', 'otInUse', 'clock', 'displayPeriod', 'maxPeriods', 'gameOutcome', 'plays', 'rosterSpots', 'regPeriods', 'summary']"
2026-07-16T20:52:48.272661,14473,hockey_nhl,?,json_manip,field_join,bert,0.0,0.009,[],"['id', 'season', 'gameType', 'limitedScoring', 'gameDate', 'venue', 'venueLocation', 'startTimeUTC', 'easternUTCOffset', 'venueUTCOffset', 'tvBroadcasts', 'gameState', 'gameScheduleState', 'periodDescriptor', 'awayTeam', 'homeTeam', 'shootoutInUse', 'otInUse', 'clock', 'displayPeriod', 'maxPeriods', 'gameOutcome', 'plays', 'rosterSpots', 'regPeriods', 'summary']"
2026-07-16T20:52:48.272701,14484,hockey_nhl,?,json_manip,outlier_injection,bert,0.0,0.009,[],"['id', 'season', 'gameType', 'limitedScoring', 'gameDate', 'venue', 'venueLocation', 'startTimeUTC', 'easternUTCOffset', 'venueUTCOffset', 'tvBroadcasts', 'gameState', 'gameScheduleState', 'periodDescriptor', 'awayTeam', 'homeTeam', 'shootoutInUse', 'otInUse', 'clock', 'displayPeriod', 'maxPeriods', 'gameOutcome', 'plays', 'rosterSpots', 'regPeriods', 'summary']"
2026-07-16T20:52:48.272721,14490,hockey_nhl,?,json_manip,scalar_to_array,bert,0.0,0.009,[],"['id', 'season', 'gameType', 'limitedScoring', 'gameDate', 'venue', 'venueLocation', 'startTimeUTC', 'easternUTCOffset', 'venueUTCOffset', 'tvBroadcasts', 'gameState', 'gameScheduleState', 'periodDescriptor', 'awayTeam', 'homeTeam', 'shootoutInUse', 'otInUse', 'clock', 'displayPeriod', 'maxPeriods', 'gameOutcome', 'plays', 'rosterSpots', 'regPeriods', 'summary']"
2026-07-16T20:52:48.272745,14491,hockey_nhl,?,json_manip,duplicate_field_inject,bert,0.0,0.009,[],"['id', 'season', 'gameType', 'limitedScoring', 'gameDate', 'venue', 'venueLocation', 'startTimeUTC', 'easternUTCOffset', 'venueUTCOffset', 'tvBroadcasts', 'gameState', 'gameScheduleState', 'periodDescriptor', 'awayTeam', 'homeTeam', 'shootoutInUse', 'otInUse', 'clock', 'displayPeriod', 'maxPeriods', 'gameOutcome', 'plays', 'rosterSpots', 'regPeriods', 'summary']"
2026-07-16T20:52:48.272838,14502,hockey_nhl,?,json_manip,outlier_injection,bert,0.0,0.009,[],"['id', 'season', 'gameType', 'limitedScoring', 'gameDate', 'venue', 'venueLocation', 'startTimeUTC', 'easternUTCOffset', 'venueUTCOffset', 'tvBroadcasts', 'gameState', 'gameScheduleState', 'periodDescriptor', 'awayTeam', 'homeTeam', 'shootoutInUse', 'otInUse', 'clock', 'displayPeriod', 'maxPeriods', 'gameOutcome', 'plays', 'rosterSpots', 'regPeriods', 'summary']"
2026-07-16T20:52:48.272867,14509,hockey_nhl,?,json_manip,variable_drop,bert,0.0,0.009,[],"['id', 'season', 'gameType', 'limitedScoring', 'gameDate', 'venue', 'venueLocation', 'startTimeUTC', 'easternUTCOffset', 'venueUTCOffset', 'tvBroadcasts', 'gameState', 'gameScheduleState', 'periodDescriptor', 'awayTeam', 'homeTeam', 'shootoutInUse', 'otInUse', 'clock', 'displayPeriod', 'maxPeriods', 'gameOutcome', 'plays', 'rosterSpots', 'regPeriods', 'summary']"
2026-07-16T20:52:48.272889,14518,hockey_nhl,?,json_manip,duplicate_field_inject,bert,0.0,0.009,[],"['id', 'season', 'gameType', 'limitedScoring', 'gameDate', 'venue', 'venueLocation', 'startTimeUTC', 'easternUTCOffset', 'venueUTCOffset', 'tvBroadcasts', 'gameState', 'gameScheduleState', 'periodDescriptor', 'awayTeam', 'homeTeam', 'shootoutInUse', 'otInUse', 'clock', 'displayPeriod', 'maxPeriods', 'gameOutcome', 'plays', 'rosterSpots', 'regPeriods', 'summary']"
2026-07-16T20:52:48.272909,14529,hockey_nhl,?,json_manip,default_value_inject,bert,0.0,0.009,[],"['id', 'season', 'gameType', 'limitedScoring', 'gameDate', 'venue', 'venueLocation', 'startTimeUTC', 'easternUTCOffset', 'venueUTCOffset', 'tvBroadcasts', 'gameState', 'gameScheduleState', 'periodDescriptor', 'awayTeam', 'homeTeam', 'shootoutInUse', 'otInUse', 'clock', 'displayPeriod', 'maxPeriods', 'gameOutcome', 'plays', 'rosterSpots', 'regPeriods', 'summary']"
2026-07-16T20:52:48.273014,14535,hockey_nhl,?,json_manip,array_expansion,bert,0.0,0.01,[],"['id', 'season', 'gameType', 'limitedScoring', 'gameDate', 'venue', 'venueLocation', 'startTimeUTC', 'easternUTCOffset', 'venueUTCOffset', 'tvBroadcasts', 'gameState', 'gameScheduleState', 'periodDescriptor', 'awayTeam', 'homeTeam', 'shootoutInUse', 'otInUse', 'clock', 'displayPeriod', 'maxPeriods', 'gameOutcome', 'plays', 'rosterSpots', 'regPeriods', 'summary']"
2026-07-16T20:52:48.273036,14537,hockey_nhl,?,json_manip,array_to_scalar,bert,0.0,0.01,[],"['id', 'season', 'gameType', 'limitedScoring', 'gameDate', 'venue', 'venueLocation', 'startTimeUTC', 'easternUTCOffset', 'venueUTCOffset', 'tvBroadcasts', 'gameState', 'gameScheduleState', 'periodDescriptor', 'awayTeam', 'homeTeam', 'shootoutInUse', 'otInUse', 'clock', 'displayPeriod', 'maxPeriods', 'gameOutcome', 'plays', 'rosterSpots', 'regPeriods', 'summary']"
2026-07-16T20:52:48.273073,14547,hockey_nhl,?,json_manip,field_split,bert,0.0,0.01,[],"['id', 'season', 'gameType', 'limitedScoring', 'gameDate', 'venue', 'venueLocation', 'startTimeUTC', 'easternUTCOffset', 'venueUTCOffset', 'tvBroadcasts', 'gameState', 'gameScheduleState', 'periodDescriptor', 'awayTeam', 'homeTeam', 'shootoutInUse', 'otInUse', 'clock', 'displayPeriod', 'maxPeriods', 'gameOutcome', 'plays', 'rosterSpots', 'regPeriods', 'summary']"
2026-07-16T20:52:48.273095,14550,hockey_nhl,?,json_manip,duplicate_field_inject,bert,0.0,0.01,[],"['id', 'season', 'gameType', 'limitedScoring', 'gameDate', 'venue', 'venueLocation', 'startTimeUTC', 'easternUTCOffset', 'venueUTCOffset', 'tvBroadcasts', 'gameState', 'gameScheduleState', 'periodDescriptor', 'awayTeam', 'homeTeam', 'shootoutInUse', 'otInUse', 'clock', 'displayPeriod', 'maxPeriods', 'gameOutcome', 'plays', 'rosterSpots', 'regPeriods', 'summary']"
2026-07-16T20:52:48.273180,14575,hockey_nhl,?,json_manip,outlier_injection,bert,0.0,0.007,[],"['id', 'season', 'gameType', 'limitedScoring', 'gameDate', 'venue', 'venueLocation', 'startTimeUTC', 'easternUTCOffset', 'venueUTCOffset', 'tvBroadcasts', 'gameState', 'gameScheduleState', 'periodDescriptor', 'awayTeam', 'homeTeam', 'shootoutInUse', 'otInUse', 'clock', 'displayPeriod', 'maxPeriods', 'gameOutcome', 'plays', 'rosterSpots', 'regPeriods', 'summary']"
2026-07-16T20:52:48.273202,14590,hockey_nhl,?,json_manip,variable_drop,bert,0.0,0.007,[],"['id', 'season', 'gameType', 'limitedScoring', 'gameDate', 'venue', 'venueLocation', 'startTimeUTC', 'easternUTCOffset', 'venueUTCOffset', 'tvBroadcasts', 'gameState', 'gameScheduleState', 'periodDescriptor', 'awayTeam', 'homeTeam', 'shootoutInUse', 'otInUse', 'clock', 'displayPeriod', 'maxPeriods', 'gameOutcome', 'plays', 'rosterSpots', 'regPeriods', 'summary']"
2026-07-16T20:52:48.273222,14596,hockey_nhl,?,json_manip,variable_drop,bert,0.0,0.007,[],"['id', 'season', 'gameType', 'limitedScoring', 'gameDate', 'venue', 'venueLocation', 'startTimeUTC', 'easternUTCOffset', 'venueUTCOffset', 'tvBroadcasts', 'gameState', 'gameScheduleState', 'periodDescriptor', 'awayTeam', 'homeTeam', 'shootoutInUse', 'otInUse', 'clock', 'displayPeriod', 'maxPeriods', 'gameOutcome', 'plays', 'rosterSpots', 'regPeriods', 'summary']"
2026-07-16T20:52:48.273242,14597,hockey_nhl,?,json_manip,field_merge_value,bert,0.0,0.007,[],"['id', 'season', 'gameType', 'limitedScoring', 'gameDate', 'venue', 'venueLocation', 'startTimeUTC', 'easternUTCOffset', 'venueUTCOffset', 'tvBroadcasts', 'gameState', 'gameScheduleState', 'periodDescriptor', 'awayTeam', 'homeTeam', 'shootoutInUse', 'otInUse', 'clock', 'displayPeriod', 'maxPeriods', 'gameOutcome', 'plays', 'rosterSpots', 'regPeriods', 'summary']"
2026-07-16T20:52:48.273336,14606,hockey_nhl,?,json_manip,null_injection,bert,0.0,0.01,[],"['id', 'season', 'gameType', 'limitedScoring', 'gameDate', 'venue', 'venueLocation', 'startTimeUTC', 'easternUTCOffset', 'venueUTCOffset', 'tvBroadcasts', 'gameState', 'gameScheduleState', 'periodDescriptor', 'awayTeam', 'homeTeam', 'shootoutInUse', 'otInUse', 'clock', 'displayPeriod', 'maxPeriods', 'gameOutcome', 'plays', 'rosterSpots', 'regPeriods', 'summary']"
2026-07-16T20:52:48.273362,14614,hockey_nhl,?,json_manip,scalar_to_array,bert,0.0,0.01,[],"['id', 'season', 'gameType', 'limitedScoring', 'gameDate', 'venue', 'venueLocation', 'startTimeUTC', 'easternUTCOffset', 'venueUTCOffset', 'tvBroadcasts', 'gameState', 'gameScheduleState', 'periodDescriptor', 'awayTeam', 'homeTeam', 'shootoutInUse', 'otInUse', 'clock', 'displayPeriod', 'maxPeriods', 'gameOutcome', 'plays', 'rosterSpots', 'regPeriods', 'summary']"
2026-07-16T20:52:48.273385,14628,hockey_nhl,?,json_manip,scalar_to_array,bert,0.0,0.01,[],"['id', 'season', 'gameType', 'limitedScoring', 'gameDate', 'venue', 'venueLocation', 'startTimeUTC', 'easternUTCOffset', 'venueUTCOffset', 'tvBroadcasts', 'gameState', 'gameScheduleState', 'periodDescriptor', 'awayTeam', 'homeTeam', 'shootoutInUse', 'otInUse', 'clock', 'displayPeriod', 'maxPeriods', 'gameOutcome', 'plays', 'rosterSpots', 'regPeriods', 'summary']"
2026-07-16T20:52:48.273421,14637,hockey_nhl,?,json_manip,null_injection,bert,0.0,0.01,[],"['id', 'season', 'gameType', 'limitedScoring', 'gameDate', 'venue', 'venueLocation', 'startTimeUTC', 'easternUTCOffset', 'venueUTCOffset', 'tvBroadcasts', 'gameState', 'gameScheduleState', 'periodDescriptor', 'awayTeam', 'homeTeam', 'shootoutInUse', 'otInUse', 'clock', 'displayPeriod', 'maxPeriods', 'gameOutcome', 'plays', 'rosterSpots', 'regPeriods', 'summary']"
2026-07-16T20:52:48.273532,14640,hockey_nhl,?,json_manip,null_injection,bert,0.0,0.009,[],"['id', 'season', 'gameType', 'limitedScoring', 'gameDate', 'venue', 'venueLocation', 'startTimeUTC', 'easternUTCOffset', 'venueUTCOffset', 'tvBroadcasts', 'gameState', 'gameScheduleState', 'periodDescriptor', 'awayTeam', 'homeTeam', 'shootoutInUse', 'otInUse', 'clock', 'displayPeriod', 'maxPeriods', 'gameOutcome', 'plays', 'rosterSpots', 'regPeriods', 'summary']"
2026-07-16T20:52:48.273554,14642,hockey_nhl,?,json_manip,array_to_scalar,bert,0.0,0.009,[],"['id', 'season', 'gameType', 'limitedScoring', 'gameDate', 'venue', 'venueLocation', 'startTimeUTC', 'easternUTCOffset', 'venueUTCOffset', 'tvBroadcasts', 'gameState', 'gameScheduleState', 'periodDescriptor', 'awayTeam', 'homeTeam', 'shootoutInUse', 'otInUse', 'clock', 'displayPeriod', 'maxPeriods', 'gameOutcome', 'plays', 'rosterSpots', 'regPeriods', 'summary']"
2026-07-16T20:52:48.273583,14646,hockey_nhl,?,json_manip,field_split,bert,0.0,0.009,[],"['id', 'season', 'gameType', 'limitedScoring', 'gameDate', 'venue', 'venueLocation', 'startTimeUTC', 'easternUTCOffset', 'venueUTCOffset', 'tvBroadcasts', 'gameState', 'gameScheduleState', 'periodDescriptor', 'awayTeam', 'homeTeam', 'shootoutInUse', 'otInUse', 'clock', 'displayPeriod', 'maxPeriods', 'gameOutcome', 'plays', 'rosterSpots', 'regPeriods', 'summary']"
2026-07-16T20:52:48.273607,14654,hockey_nhl,?,json_manip,scalar_to_array,bert,0.0,0.009,[],"['id', 'season', 'gameType', 'limitedScoring', 'gameDate', 'venue', 'venueLocation', 'startTimeUTC', 'easternUTCOffset', 'venueUTCOffset', 'tvBroadcasts', 'gameState', 'gameScheduleState', 'periodDescriptor', 'awayTeam', 'homeTeam', 'shootoutInUse', 'otInUse', 'clock', 'displayPeriod', 'maxPeriods', 'gameOutcome', 'plays', 'rosterSpots', 'regPeriods', 'summary']"
2026-07-16T20:52:48.273694,14655,hockey_nhl,?,json_manip,array_to_scalar,bert,0.0,0.008,[],"['id', 'season', 'gameType', 'limitedScoring', 'gameDate', 'venue', 'venueLocation', 'startTimeUTC', 'easternUTCOffset', 'venueUTCOffset', 'tvBroadcasts', 'gameState', 'gameScheduleState', 'periodDescriptor', 'awayTeam', 'homeTeam', 'shootoutInUse', 'otInUse', 'clock', 'displayPeriod', 'maxPeriods', 'gameOutcome', 'plays', 'rosterSpots', 'regPeriods', 'summary']"
2026-07-16T20:52:48.273733,14657,hockey_nhl,?,json_manip,array_to_scalar,bert,0.0,0.008,[],"['id', 'season', 'gameType', 'limitedScoring', 'gameDate', 'venue', 'venueLocation', 'startTimeUTC', 'easternUTCOffset', 'venueUTCOffset', 'tvBroadcasts', 'gameState', 'gameScheduleState', 'periodDescriptor', 'awayTeam', 'homeTeam', 'shootoutInUse', 'otInUse', 'clock', 'displayPeriod', 'maxPeriods', 'gameOutcome', 'plays', 'rosterSpots', 'regPeriods', 'summary']"
2026-07-16T20:52:48.273752,14659,hockey_nhl,?,json_manip,variable_drop,bert,0.0,0.008,[],"['id', 'season', 'gameType', 'limitedScoring', 'gameDate', 'venue', 'venueLocation', 'startTimeUTC', 'easternUTCOffset', 'venueUTCOffset', 'tvBroadcasts', 'gameState', 'gameScheduleState', 'periodDescriptor', 'awayTeam', 'homeTeam', 'shootoutInUse', 'otInUse', 'clock', 'displayPeriod', 'maxPeriods', 'gameOutcome', 'plays', 'rosterSpots', 'regPeriods', 'summary']"
2026-07-16T20:52:48.273776,14666,hockey_nhl,?,json_manip,field_join,bert,0.0,0.008,[],"['id', 'season', 'gameType', 'limitedScoring', 'gameDate', 'venue', 'venueLocation', 'startTimeUTC', 'easternUTCOffset', 'venueUTCOffset', 'tvBroadcasts', 'gameState', 'gameScheduleState', 'periodDescriptor', 'awayTeam', 'homeTeam', 'shootoutInUse', 'otInUse', 'clock', 'displayPeriod', 'maxPeriods', 'gameOutcome', 'plays', 'rosterSpots', 'regPeriods', 'summary']"
2026-07-16T20:52:48.273876,14670,hockey_nhl,?,json_manip,field_split,bert,0.0,0.01,[],"['id', 'season', 'gameType', 'limitedScoring', 'gameDate', 'venue', 'venueLocation', 'startTimeUTC', 'easternUTCOffset', 'venueUTCOffset', 'tvBroadcasts', 'gameState', 'gameScheduleState', 'periodDescriptor', 'awayTeam', 'homeTeam', 'shootoutInUse', 'otInUse', 'clock', 'displayPeriod', 'maxPeriods', 'gameOutcome', 'plays', 'rosterSpots', 'regPeriods', 'summary']"
2026-07-16T20:52:48.273901,14689,hockey_nhl,?,json_manip,variable_drop,bert,0.0,0.01,[],"['id', 'season', 'gameType', 'limitedScoring', 'gameDate', 'venue', 'venueLocation', 'startTimeUTC', 'easternUTCOffset', 'venueUTCOffset', 'tvBroadcasts', 'gameState', 'gameScheduleState', 'periodDescriptor', 'awayTeam', 'homeTeam', 'shootoutInUse', 'otInUse', 'clock', 'displayPeriod', 'maxPeriods', 'gameOutcome', 'plays', 'rosterSpots', 'regPeriods', 'summary']"
2026-07-16T20:52:48.273921,14692,hockey_nhl,?,json_manip,field_merge_value,bert,0.0,0.01,[],"['id', 'season', 'gameType', 'limitedScoring', 'gameDate', 'venue', 'venueLocation', 'startTimeUTC', 'easternUTCOffset', 'venueUTCOffset', 'tvBroadcasts', 'gameState', 'gameScheduleState', 'periodDescriptor', 'awayTeam', 'homeTeam', 'shootoutInUse', 'otInUse', 'clock', 'displayPeriod', 'maxPeriods', 'gameOutcome', 'plays', 'rosterSpots', 'regPeriods', 'summary']"
2026-07-16T20:52:48.273945,14716,hockey_nhl,?,json_manip,default_value_inject,bert,0.0,0.01,[],"['id', 'season', 'gameType', 'limitedScoring', 'gameDate', 'venue', 'venueLocation', 'startTimeUTC', 'easternUTCOffset', 'venueUTCOffset', 'tvBroadcasts', 'gameState', 'gameScheduleState', 'periodDescriptor', 'awayTeam', 'homeTeam', 'shootoutInUse', 'otInUse', 'clock', 'displayPeriod', 'maxPeriods', 'gameOutcome', 'plays', 'rosterSpots', 'regPeriods', 'summary']"
2026-07-16T20:52:48.274048,14723,hockey_nhl,?,json_manip,variable_drop,bert,0.0,0.01,[],"['id', 'season', 'gameType', 'limitedScoring', 'gameDate', 'venue', 'venueLocation', 'startTimeUTC', 'easternUTCOffset', 'venueUTCOffset', 'tvBroadcasts', 'gameState', 'gameScheduleState', 'periodDescriptor', 'awayTeam', 'homeTeam', 'shootoutInUse', 'otInUse', 'clock', 'displayPeriod', 'maxPeriods', 'gameOutcome', 'plays', 'rosterSpots', 'regPeriods', 'summary']"
2026-07-16T20:52:48.274070,14737,hockey_nhl,?,json_manip,default_value_inject,bert,0.0,0.01,[],"['id', 'season', 'gameType', 'limitedScoring', 'gameDate', 'venue', 'venueLocation', 'startTimeUTC', 'easternUTCOffset', 'venueUTCOffset', 'tvBroadcasts', 'gameState', 'gameScheduleState', 'periodDescriptor', 'awayTeam', 'homeTeam', 'shootoutInUse', 'otInUse', 'clock', 'displayPeriod', 'maxPeriods', 'gameOutcome', 'plays', 'rosterSpots', 'regPeriods', 'summary']"
2026-07-16T20:52:48.274092,14739,hockey_nhl,?,json_manip,field_split,bert,0.0,0.01,[],"['id', 'season', 'gameType', 'limitedScoring', 'gameDate', 'venue', 'venueLocation', 'startTimeUTC', 'easternUTCOffset', 'venueUTCOffset', 'tvBroadcasts', 'gameState', 'gameScheduleState', 'periodDescriptor', 'awayTeam', 'homeTeam', 'shootoutInUse', 'otInUse', 'clock', 'displayPeriod', 'maxPeriods', 'gameOutcome', 'plays', 'rosterSpots', 'regPeriods', 'summary']"
2026-07-16T20:52:48.274119,14746,hockey_nhl,?,json_manip,field_merge_value,bert,0.0,0.01,[],"['id', 'season', 'gameType', 'limitedScoring', 'gameDate', 'venue', 'venueLocation', 'startTimeUTC', 'easternUTCOffset', 'venueUTCOffset', 'tvBroadcasts', 'gameState', 'gameScheduleState', 'periodDescriptor', 'awayTeam', 'homeTeam', 'shootoutInUse', 'otInUse', 'clock', 'displayPeriod', 'maxPeriods', 'gameOutcome', 'plays', 'rosterSpots', 'regPeriods', 'summary']"
2026-07-16T20:52:48.274219,14750,hockey_nhl,?,json_manip,field_split,bert,0.0,0.009,[],"['id', 'season', 'gameType', 'limitedScoring', 'gameDate', 'venue', 'venueLocation', 'startTimeUTC', 'easternUTCOffset', 'venueUTCOffset', 'tvBroadcasts', 'gameState', 'gameScheduleState', 'periodDescriptor', 'awayTeam', 'homeTeam', 'shootoutInUse', 'otInUse', 'clock', 'displayPeriod', 'maxPeriods', 'gameOutcome', 'plays', 'rosterSpots', 'regPeriods', 'summary']"
2026-07-16T20:52:48.274256,14760,hockey_nhl,?,json_manip,null_injection,bert,0.0,0.009,[],"['id', 'season', 'gameType', 'limitedScoring', 'gameDate', 'venue', 'venueLocation', 'startTimeUTC', 'easternUTCOffset', 'venueUTCOffset', 'tvBroadcasts', 'gameState', 'gameScheduleState', 'periodDescriptor', 'awayTeam', 'homeTeam', 'shootoutInUse', 'otInUse', 'clock', 'displayPeriod', 'maxPeriods', 'gameOutcome', 'plays', 'rosterSpots', 'regPeriods', 'summary']"
2026-07-16T20:52:48.274276,14762,hockey_nhl,?,json_manip,scalar_to_array,bert,0.0,0.009,[],"['id', 'season', 'gameType', 'limitedScoring', 'gameDate', 'venue', 'venueLocation', 'startTimeUTC', 'easternUTCOffset', 'venueUTCOffset', 'tvBroadcasts', 'gameState', 'gameScheduleState', 'periodDescriptor', 'awayTeam', 'homeTeam', 'shootoutInUse', 'otInUse', 'clock', 'displayPeriod', 'maxPeriods', 'gameOutcome', 'plays', 'rosterSpots', 'regPeriods', 'summary']"
2026-07-16T20:52:48.274302,14777,hockey_nhl,?,json_manip,field_merge_value,bert,0.0,0.009,[],"['id', 'season', 'gameType', 'limitedScoring', 'gameDate', 'venue', 'venueLocation', 'startTimeUTC', 'easternUTCOffset', 'venueUTCOffset', 'tvBroadcasts', 'gameState', 'gameScheduleState', 'periodDescriptor', 'awayTeam', 'homeTeam', 'shootoutInUse', 'otInUse', 'clock', 'displayPeriod', 'maxPeriods', 'gameOutcome', 'plays', 'rosterSpots', 'regPeriods', 'summary']"
2026-07-16T20:52:48.274384,14792,hockey_nhl,?,json_manip,null_injection,bert,0.0,0.006,[],"['id', 'season', 'gameType', 'limitedScoring', 'gameDate', 'venue', 'venueLocation', 'startTimeUTC', 'easternUTCOffset', 'venueUTCOffset', 'tvBroadcasts', 'gameState', 'gameScheduleState', 'periodDescriptor', 'awayTeam', 'homeTeam', 'shootoutInUse', 'otInUse', 'clock', 'displayPeriod', 'maxPeriods', 'gameOutcome', 'plays', 'rosterSpots', 'regPeriods', 'summary']"
2026-07-16T20:52:48.274404,14793,hockey_nhl,?,json_manip,null_injection,bert,0.0,0.006,[],"['id', 'season', 'gameType', 'limitedScoring', 'gameDate', 'venue', 'venueLocation', 'startTimeUTC', 'easternUTCOffset', 'venueUTCOffset', 'tvBroadcasts', 'gameState', 'gameScheduleState', 'periodDescriptor', 'awayTeam', 'homeTeam', 'shootoutInUse', 'otInUse', 'clock', 'displayPeriod', 'maxPeriods', 'gameOutcome', 'plays', 'rosterSpots', 'regPeriods', 'summary']"
2026-07-16T20:52:48.274426,14794,hockey_nhl,?,json_manip,duplicate_field_inject,bert,0.0,0.006,[],"['id', 'season', 'gameType', 'limitedScoring', 'gameDate', 'venue', 'venueLocation', 'startTimeUTC', 'easternUTCOffset', 'venueUTCOffset', 'tvBroadcasts', 'gameState', 'gameScheduleState', 'periodDescriptor', 'awayTeam', 'homeTeam', 'shootoutInUse', 'otInUse', 'clock', 'displayPeriod', 'maxPeriods', 'gameOutcome', 'plays', 'rosterSpots', 'regPeriods', 'summary']"
2026-07-16T20:52:48.274449,14795,hockey_nhl,?,json_manip,duplicate_field_inject,bert,0.0,0.006,[],"['id', 'season', 'gameType', 'limitedScoring', 'gameDate', 'venue', 'venueLocation', 'startTimeUTC', 'easternUTCOffset', 'venueUTCOffset', 'tvBroadcasts', 'gameState', 'gameScheduleState', 'periodDescriptor', 'awayTeam', 'homeTeam', 'shootoutInUse', 'otInUse', 'clock', 'displayPeriod', 'maxPeriods', 'gameOutcome', 'plays', 'rosterSpots', 'regPeriods', 'summary']"
2026-07-16T20:52:48.274532,14797,hockey_nhl,?,json_manip,duplicate_field_inject,bert,0.0,0.009,[],"['id', 'season', 'gameType', 'limitedScoring', 'gameDate', 'venue', 'venueLocation', 'startTimeUTC', 'easternUTCOffset', 'venueUTCOffset', 'tvBroadcasts', 'gameState', 'gameScheduleState', 'periodDescriptor', 'awayTeam', 'homeTeam', 'shootoutInUse', 'otInUse', 'clock', 'displayPeriod', 'maxPeriods', 'gameOutcome', 'plays', 'rosterSpots', 'regPeriods', 'summary']"
2026-07-16T20:52:48.274552,14806,hockey_nhl,?,json_manip,field_merge_value,bert,0.0,0.009,[],"['id', 'season', 'gameType', 'limitedScoring', 'gameDate', 'venue', 'venueLocation', 'startTimeUTC', 'easternUTCOffset', 'venueUTCOffset', 'tvBroadcasts', 'gameState', 'gameScheduleState', 'periodDescriptor', 'awayTeam', 'homeTeam', 'shootoutInUse', 'otInUse', 'clock', 'displayPeriod', 'maxPeriods', 'gameOutcome', 'plays', 'rosterSpots', 'regPeriods', 'summary']"
2026-07-16T20:52:48.274590,14820,hockey_nhl,?,json_manip,array_expansion,bert,0.0,0.009,[],"['id', 'season', 'gameType', 'limitedScoring', 'gameDate', 'venue', 'venueLocation', 'startTimeUTC', 'easternUTCOffset', 'venueUTCOffset', 'tvBroadcasts', 'gameState', 'gameScheduleState', 'periodDescriptor', 'awayTeam', 'homeTeam', 'shootoutInUse', 'otInUse', 'clock', 'displayPeriod', 'maxPeriods', 'gameOutcome', 'plays', 'rosterSpots', 'regPeriods', 'summary']"
2026-07-16T20:52:48.274610,14822,hockey_nhl,?,json_manip,duplicate_field_inject,bert,0.0,0.009,[],"['id', 'season', 'gameType', 'limitedScoring', 'gameDate', 'venue', 'venueLocation', 'startTimeUTC', 'easternUTCOffset', 'venueUTCOffset', 'tvBroadcasts', 'gameState', 'gameScheduleState', 'periodDescriptor', 'awayTeam', 'homeTeam', 'shootoutInUse', 'otInUse', 'clock', 'displayPeriod', 'maxPeriods', 'gameOutcome', 'plays', 'rosterSpots', 'regPeriods', 'summary']"
2026-07-16T20:52:48.274694,14824,hockey_nhl,?,json_manip,field_split,bert,0.0,0.008,[],"['id', 'season', 'gameType', 'limitedScoring', 'gameDate', 'venue', 'venueLocation', 'startTimeUTC', 'easternUTCOffset', 'venueUTCOffset', 'tvBroadcasts', 'gameState', 'gameScheduleState', 'periodDescriptor', 'awayTeam', 'homeTeam', 'shootoutInUse', 'otInUse', 'clock', 'displayPeriod', 'maxPeriods', 'gameOutcome', 'plays', 'rosterSpots', 'regPeriods', 'summary']"
2026-07-16T20:52:48.274716,14833,hockey_nhl,?,json_manip,field_join,bert,0.0,0.008,[],"['id', 'season', 'gameType', 'limitedScoring', 'gameDate', 'venue', 'venueLocation', 'startTimeUTC', 'easternUTCOffset', 'venueUTCOffset', 'tvBroadcasts', 'gameState', 'gameScheduleState', 'periodDescriptor', 'awayTeam', 'homeTeam', 'shootoutInUse', 'otInUse', 'clock', 'displayPeriod', 'maxPeriods', 'gameOutcome', 'plays', 'rosterSpots', 'regPeriods', 'summary']"
2026-07-16T20:52:48.274737,14843,hockey_nhl,?,json_manip,field_split,bert,0.0,0.008,[],"['id', 'season', 'gameType', 'limitedScoring', 'gameDate', 'venue', 'venueLocation', 'startTimeUTC', 'easternUTCOffset', 'venueUTCOffset', 'tvBroadcasts', 'gameState', 'gameScheduleState', 'periodDescriptor', 'awayTeam', 'homeTeam', 'shootoutInUse', 'otInUse', 'clock', 'displayPeriod', 'maxPeriods', 'gameOutcome', 'plays', 'rosterSpots', 'regPeriods', 'summary']"
2026-07-16T20:52:48.274759,14845,hockey_nhl,?,json_manip,variable_drop,bert,0.0,0.008,[],"['id', 'season', 'gameType', 'limitedScoring', 'gameDate', 'venue', 'venueLocation', 'startTimeUTC', 'easternUTCOffset', 'venueUTCOffset', 'tvBroadcasts', 'gameState', 'gameScheduleState', 'periodDescriptor', 'awayTeam', 'homeTeam', 'shootoutInUse', 'otInUse', 'clock', 'displayPeriod', 'maxPeriods', 'gameOutcome', 'plays', 'rosterSpots', 'regPeriods', 'summary']"
2026-07-16T20:52:48.274842,14846,hockey_nhl,?,json_manip,scalar_to_array,bert,0.0,0.008,[],"['id', 'season', 'gameType', 'limitedScoring', 'gameDate', 'venue', 'venueLocation', 'startTimeUTC', 'easternUTCOffset', 'venueUTCOffset', 'tvBroadcasts', 'gameState', 'gameScheduleState', 'periodDescriptor', 'awayTeam', 'homeTeam', 'shootoutInUse', 'otInUse', 'clock', 'displayPeriod', 'maxPeriods', 'gameOutcome', 'plays', 'rosterSpots', 'regPeriods', 'summary']"
2026-07-16T20:52:48.274862,14852,hockey_nhl,?,json_manip,array_expansion,bert,0.0,0.008,[],"['id', 'season', 'gameType', 'limitedScoring', 'gameDate', 'venue', 'venueLocation', 'startTimeUTC', 'easternUTCOffset', 'venueUTCOffset', 'tvBroadcasts', 'gameState', 'gameScheduleState', 'periodDescriptor', 'awayTeam', 'homeTeam', 'shootoutInUse', 'otInUse', 'clock', 'displayPeriod', 'maxPeriods', 'gameOutcome', 'plays', 'rosterSpots', 'regPeriods', 'summary']"
2026-07-16T20:52:48.274904,14855,hockey_nhl,?,json_manip,null_injection,bert,0.0,0.008,[],"['id', 'season', 'gameType', 'limitedScoring', 'gameDate', 'venue', 'venueLocation', 'startTimeUTC', 'easternUTCOffset', 'venueUTCOffset', 'tvBroadcasts', 'gameState', 'gameScheduleState', 'periodDescriptor', 'awayTeam', 'homeTeam', 'shootoutInUse', 'otInUse', 'clock', 'displayPeriod', 'maxPeriods', 'gameOutcome', 'plays', 'rosterSpots', 'regPeriods', 'summary']"
2026-07-16T20:52:48.274925,14871,hockey_nhl,?,json_manip,field_split,bert,0.0,0.008,[],"['id', 'season', 'gameType', 'limitedScoring', 'gameDate', 'venue', 'venueLocation', 'startTimeUTC', 'easternUTCOffset', 'venueUTCOffset', 'tvBroadcasts', 'gameState', 'gameScheduleState', 'periodDescriptor', 'awayTeam', 'homeTeam', 'shootoutInUse', 'otInUse', 'clock', 'displayPeriod', 'maxPeriods', 'gameOutcome', 'plays', 'rosterSpots', 'regPeriods', 'summary']"
2026-07-16T20:52:48.275027,14874,hockey_nhl,?,json_manip,array_expansion,bert,0.0,0.01,[],"['id', 'season', 'gameType', 'limitedScoring', 'gameDate', 'venue', 'venueLocation', 'startTimeUTC', 'easternUTCOffset', 'venueUTCOffset', 'tvBroadcasts', 'gameState', 'gameScheduleState', 'periodDescriptor', 'awayTeam', 'homeTeam', 'shootoutInUse', 'otInUse', 'clock', 'displayPeriod', 'maxPeriods', 'gameOutcome', 'plays', 'rosterSpots', 'regPeriods', 'summary']"
2026-07-16T20:52:48.275051,14879,hockey_nhl,?,json_manip,null_injection,bert,0.0,0.01,[],"['id', 'season', 'gameType', 'limitedScoring', 'gameDate', 'venue', 'venueLocation', 'startTimeUTC', 'easternUTCOffset', 'venueUTCOffset', 'tvBroadcasts', 'gameState', 'gameScheduleState', 'periodDescriptor', 'awayTeam', 'homeTeam', 'shootoutInUse', 'otInUse', 'clock', 'displayPeriod', 'maxPeriods', 'gameOutcome', 'plays', 'rosterSpots', 'regPeriods', 'summary']"
2026-07-16T20:52:48.275072,14882,hockey_nhl,?,json_manip,array_expansion,bert,0.0,0.01,[],"['id', 'season', 'gameType', 'limitedScoring', 'gameDate', 'venue', 'venueLocation', 'startTimeUTC', 'easternUTCOffset', 'venueUTCOffset', 'tvBroadcasts', 'gameState', 'gameScheduleState', 'periodDescriptor', 'awayTeam', 'homeTeam', 'shootoutInUse', 'otInUse', 'clock', 'displayPeriod', 'maxPeriods', 'gameOutcome', 'plays', 'rosterSpots', 'regPeriods', 'summary']"
2026-07-16T20:52:48.275095,14894,hockey_nhl,?,json_manip,outlier_injection,bert,0.0,0.01,[],"['id', 'season', 'gameType', 'limitedScoring', 'gameDate', 'venue', 'venueLocation', 'startTimeUTC', 'easternUTCOffset', 'venueUTCOffset', 'tvBroadcasts', 'gameState', 'gameScheduleState', 'periodDescriptor', 'awayTeam', 'homeTeam', 'shootoutInUse', 'otInUse', 'clock', 'displayPeriod', 'maxPeriods', 'gameOutcome', 'plays', 'rosterSpots', 'regPeriods', 'summary']"
2026-07-16T20:52:48.275201,14895,hockey_nhl,?,json_manip,field_merge_value,bert,0.0,0.008,[],"['id', 'season', 'gameType', 'limitedScoring', 'gameDate', 'venue', 'venueLocation', 'startTimeUTC', 'easternUTCOffset', 'venueUTCOffset', 'tvBroadcasts', 'gameState', 'gameScheduleState', 'periodDescriptor', 'awayTeam', 'homeTeam', 'shootoutInUse', 'otInUse', 'clock', 'displayPeriod', 'maxPeriods', 'gameOutcome', 'plays', 'rosterSpots', 'regPeriods', 'summary']"
2026-07-16T20:52:48.275226,14916,hockey_nhl,?,json_manip,outlier_injection,bert,0.0,0.008,[],"['id', 'season', 'gameType', 'limitedScoring', 'gameDate', 'venue', 'venueLocation', 'startTimeUTC', 'easternUTCOffset', 'venueUTCOffset', 'tvBroadcasts', 'gameState', 'gameScheduleState', 'periodDescriptor', 'awayTeam', 'homeTeam', 'shootoutInUse', 'otInUse', 'clock', 'displayPeriod', 'maxPeriods', 'gameOutcome', 'plays', 'rosterSpots', 'regPeriods', 'summary']"
2026-07-16T20:52:48.275246,14933,hockey_nhl,?,json_manip,variable_drop,bert,0.0,0.008,[],"['id', 'season', 'gameType', 'limitedScoring', 'gameDate', 'venue', 'venueLocation', 'startTimeUTC', 'easternUTCOffset', 'venueUTCOffset', 'tvBroadcasts', 'gameState', 'gameScheduleState', 'periodDescriptor', 'awayTeam', 'homeTeam', 'shootoutInUse', 'otInUse', 'clock', 'displayPeriod', 'maxPeriods', 'gameOutcome', 'plays', 'rosterSpots', 'regPeriods', 'summary']"
2026-07-16T20:52:48.275269,14954,hockey_nhl,?,json_manip,array_expansion,bert,0.0,0.008,[],"['id', 'season', 'gameType', 'limitedScoring', 'gameDate', 'venue', 'venueLocation', 'startTimeUTC', 'easternUTCOffset', 'venueUTCOffset', 'tvBroadcasts', 'gameState', 'gameScheduleState', 'periodDescriptor', 'awayTeam', 'homeTeam', 'shootoutInUse', 'otInUse', 'clock', 'displayPeriod', 'maxPeriods', 'gameOutcome', 'plays', 'rosterSpots', 'regPeriods', 'summary']"
2026-07-16T20:52:48.275356,14955,hockey_nhl,?,json_manip,field_split,bert,0.0,0.009,[],"['id', 'season', 'gameType', 'limitedScoring', 'gameDate', 'venue', 'venueLocation', 'startTimeUTC', 'easternUTCOffset', 'venueUTCOffset', 'tvBroadcasts', 'gameState', 'gameScheduleState', 'periodDescriptor', 'awayTeam', 'homeTeam', 'shootoutInUse', 'otInUse', 'clock', 'displayPeriod', 'maxPeriods', 'gameOutcome', 'plays', 'rosterSpots', 'regPeriods', 'summary']"
2026-07-16T20:52:48.275378,14963,hockey_nhl,?,json_manip,duplicate_field_inject,bert,0.0,0.009,[],"['id', 'season', 'gameType', 'limitedScoring', 'gameDate', 'venue', 'venueLocation', 'startTimeUTC', 'easternUTCOffset', 'venueUTCOffset', 'tvBroadcasts', 'gameState', 'gameScheduleState', 'periodDescriptor', 'awayTeam', 'homeTeam', 'shootoutInUse', 'otInUse', 'clock', 'displayPeriod', 'maxPeriods', 'gameOutcome', 'plays', 'rosterSpots', 'regPeriods', 'summary']"
2026-07-16T20:52:48.275399,14968,hockey_nhl,?,json_manip,array_expansion,bert,0.0,0.009,[],"['id', 'season', 'gameType', 'limitedScoring', 'gameDate', 'venue', 'venueLocation', 'startTimeUTC', 'easternUTCOffset', 'venueUTCOffset', 'tvBroadcasts', 'gameState', 'gameScheduleState', 'periodDescriptor', 'awayTeam', 'homeTeam', 'shootoutInUse', 'otInUse', 'clock', 'displayPeriod', 'maxPeriods', 'gameOutcome', 'plays', 'rosterSpots', 'regPeriods', 'summary']"
2026-07-16T20:52:48.275420,14972,hockey_nhl,?,json_manip,default_value_inject,bert,0.0,0.009,[],"['id', 'season', 'gameType', 'limitedScoring', 'gameDate', 'venue', 'venueLocation', 'startTimeUTC', 'easternUTCOffset', 'venueUTCOffset', 'tvBroadcasts', 'gameState', 'gameScheduleState', 'periodDescriptor', 'awayTeam', 'homeTeam', 'shootoutInUse', 'otInUse', 'clock', 'displayPeriod', 'maxPeriods', 'gameOutcome', 'plays', 'rosterSpots', 'regPeriods', 'summary']"
2026-07-16T20:52:48.275499,14975,hockey_nhl,?,json_manip,field_split,bert,0.0,0.006,[],"['id', 'season', 'gameType', 'limitedScoring', 'gameDate', 'venue', 'venueLocation', 'startTimeUTC', 'easternUTCOffset', 'venueUTCOffset', 'tvBroadcasts', 'gameState', 'gameScheduleState', 'periodDescriptor', 'awayTeam', 'homeTeam', 'shootoutInUse', 'otInUse', 'clock', 'displayPeriod', 'maxPeriods', 'gameOutcome', 'plays', 'rosterSpots', 'regPeriods', 'summary']"
2026-07-16T20:52:48.275519,14985,hockey_nhl,?,json_manip,default_value_inject,bert,0.0,0.006,[],"['id', 'season', 'gameType', 'limitedScoring', 'gameDate', 'venue', 'venueLocation', 'startTimeUTC', 'easternUTCOffset', 'venueUTCOffset', 'tvBroadcasts', 'gameState', 'gameScheduleState', 'periodDescriptor', 'awayTeam', 'homeTeam', 'shootoutInUse', 'otInUse', 'clock', 'displayPeriod', 'maxPeriods', 'gameOutcome', 'plays', 'rosterSpots', 'regPeriods', 'summary']"
2026-07-16T20:52:48.275543,14992,hockey_nhl,?,json_manip,scalar_to_array,bert,0.0,0.006,[],"['id', 'season', 'gameType', 'limitedScoring', 'gameDate', 'venue', 'venueLocation', 'startTimeUTC', 'easternUTCOffset', 'venueUTCOffset', 'tvBroadcasts', 'gameState', 'gameScheduleState', 'periodDescriptor', 'awayTeam', 'homeTeam', 'shootoutInUse', 'otInUse', 'clock', 'displayPeriod', 'maxPeriods', 'gameOutcome', 'plays', 'rosterSpots', 'regPeriods', 'summary']"
2026-07-16T20:52:48.275569,15004,aviation_opensky,?,json_manip,field_join,bert,0.0,0.006,[],"['time', 'states']"
2026-07-16T20:52:48.275600,15031,aviation_opensky,?,json_manip,field_merge_value,bert,0.0,0.001,[],"['time', 'states']"
2026-07-16T20:52:48.275615,15054,aviation_opensky,?,json_manip,variable_drop,bert,0.0,0.001,[],"['time', 'states']"
2026-07-16T20:52:48.275631,15068,aviation_opensky,?,json_manip,field_merge_value,bert,0.0,0.001,[],"['time', 'states']"
2026-07-16T20:52:48.275643,15072,aviation_opensky,?,json_manip,array_to_scalar,bert,0.0,0.001,[],"['time', 'states']"
2026-07-16T20:52:48.275669,15076,aviation_opensky,?,json_manip,array_expansion,bert,0.0,0.001,[],"['time', 'states']"
2026-07-16T20:52:48.275684,15084,aviation_opensky,?,json_manip,duplicate_field_inject,bert,0.0,0.001,[],"['time', 'states']"
2026-07-16T20:52:48.275700,15097,aviation_opensky,?,json_manip,field_merge_value,bert,0.0,0.001,[],"['time', 'states']"
2026-07-16T20:52:48.275726,15102,aviation_opensky,?,json_manip,variable_drop,bert,0.0,0.001,[],"['time', 'states']"
2026-07-16T20:52:48.275748,15105,aviation_opensky,?,json_manip,default_value_inject,bert,0.0,0.001,[],"['time', 'states']"
2026-07-16T20:52:48.275760,15106,aviation_opensky,?,json_manip,array_expansion,bert,0.0,0.001,[],"['time', 'states']"
2026-07-16T20:52:48.275773,15109,aviation_opensky,?,json_manip,field_merge_value,bert,0.0,0.001,[],"['time', 'states']"
2026-07-16T20:52:48.275796,15110,aviation_opensky,?,json_manip,array_to_scalar,bert,0.0,0.001,[],"['time', 'states']"
2026-07-16T20:52:48.275822,15114,aviation_opensky,?,json_manip,array_expansion,bert,0.0,0.001,[],"['time', 'states']"
2026-07-16T20:52:48.275849,15119,aviation_opensky,?,json_manip,duplicate_field_inject,bert,0.0,0.001,[],"['time', 'states']"
2026-07-16T20:52:48.275863,15136,aviation_opensky,?,json_manip,duplicate_field_inject,bert,0.0,0.001,[],"['time', 'states']"
2026-07-16T20:52:48.275875,15137,aviation_opensky,?,json_manip,variable_drop,bert,0.0,0.001,[],"['time', 'states']"
2026-07-16T20:52:48.275899,15147,aviation_opensky,?,json_manip,variable_drop,bert,0.0,0.001,[],"['time', 'states']"
2026-07-16T20:52:48.275909,15148,aviation_opensky,?,json_manip,array_to_scalar,bert,0.0,0.001,[],"['time', 'states']"
2026-07-16T20:52:48.275925,15156,aviation_opensky,?,json_manip,null_injection,bert,0.0,0.001,[],"['time', 'states']"
2026-07-16T20:52:48.275936,15158,aviation_opensky,?,json_manip,array_to_scalar,bert,0.0,0.001,[],"['time', 'states']"
2026-07-16T20:52:48.275963,15216,aviation_opensky,?,json_manip,variable_drop,bert,0.0,0.001,[],"['time', 'states']"
2026-07-16T20:52:48.275976,15217,aviation_opensky,?,json_manip,field_split,bert,0.0,0.001,[],"['time', 'states']"
2026-07-16T20:52:48.275987,15218,aviation_opensky,?,json_manip,array_expansion,bert,0.0,0.001,[],"['time', 'states']"
2026-07-16T20:52:48.276002,15229,aviation_opensky,?,json_manip,array_to_scalar,bert,0.0,0.001,[],"['time', 'states']"
2026-07-16T20:52:48.276027,15237,aviation_opensky,?,json_manip,default_value_inject,bert,0.0,0.001,[],"['time', 'states']"
2026-07-16T20:52:48.276040,15239,aviation_opensky,?,json_manip,scalar_to_array,bert,0.0,0.001,[],"['time', 'states']"
2026-07-16T20:52:48.276051,15246,aviation_opensky,?,json_manip,default_value_inject,bert,0.0,0.001,[],"['time', 'states']"
2026-07-16T20:52:48.276065,15259,aviation_opensky,?,json_manip,variable_drop,bert,0.0,0.001,[],"['time', 'states']"
2026-07-16T20:52:48.276087,15262,aviation_opensky,?,json_manip,field_merge_value,bert,0.0,0.001,[],"['time', 'states']"
2026-07-16T20:52:48.276098,15272,aviation_opensky,?,json_manip,scalar_to_array,bert,0.0,0.001,[],"['time', 'states']"
2026-07-16T20:52:48.276115,15277,aviation_opensky,?,json_manip,field_merge_value,bert,0.0,0.001,[],"['time', 'states']"
2026-07-16T20:52:48.276135,15283,aviation_opensky,?,json_manip,scalar_to_array,bert,0.0,0.001,[],"['time', 'states']"
2026-07-16T20:52:48.276161,15305,aviation_opensky,?,json_manip,array_expansion,bert,0.0,0.001,[],"['time', 'states']"
2026-07-16T20:52:48.276178,15312,aviation_opensky,?,json_manip,variable_drop,bert,0.0,0.001,[],"['time', 'states']"
2026-07-16T20:52:48.276189,15319,aviation_opensky,?,json_manip,field_join,bert,0.0,0.001,[],"['time', 'states']"
2026-07-16T20:52:48.276210,15320,aviation_opensky,?,json_manip,field_merge_value,bert,0.0,0.001,[],"['time', 'states']"
2026-07-16T20:52:48.276242,15332,aviation_opensky,?,json_manip,duplicate_field_inject,bert,0.0,0.001,[],"['time', 'states']"
2026-07-16T20:52:48.276256,15337,aviation_opensky,?,json_manip,default_value_inject,bert,0.0,0.001,[],"['time', 'states']"
2026-07-16T20:52:48.276273,15349,aviation_opensky,?,json_manip,field_join,bert,0.0,0.001,[],"['time', 'states']"
2026-07-16T20:52:48.276290,15374,aviation_opensky,?,json_manip,default_value_inject,bert,0.0,0.001,[],"['time', 'states']"
2026-07-16T20:52:48.276318,15402,aviation_opensky,?,json_manip,null_injection,bert,0.0,0.001,[],"['time', 'states']"
2026-07-16T20:52:48.276332,15407,aviation_opensky,?,json_manip,field_join,bert,0.0,0.001,[],"['time', 'states']"
2026-07-16T20:52:48.276345,15412,aviation_opensky,?,json_manip,array_expansion,bert,0.0,0.001,[],"['time', 'states']"
2026-07-16T20:52:48.276359,15431,aviation_opensky,?,json_manip,default_value_inject,bert,0.0,0.001,[],"['time', 'states']"
2026-07-16T20:52:48.276377,15434,aviation_opensky,?,json_manip,array_to_scalar,bert,0.0,0.0,[],"['time', 'states']"
2026-07-16T20:52:48.276390,15440,aviation_opensky,?,json_manip,duplicate_field_inject,bert,0.0,0.0,[],"['time', 'states']"
2026-07-16T20:52:48.276406,15445,aviation_opensky,?,json_manip,default_value_inject,bert,0.0,0.0,[],"['time', 'states']"
2026-07-16T20:52:48.276418,15451,aviation_opensky,?,json_manip,default_value_inject,bert,0.0,0.0,[],"['time', 'states']"
2026-07-16T20:52:48.276444,15459,aviation_opensky,?,json_manip,array_expansion,bert,0.0,0.001,[],"['time', 'states']"
2026-07-16T20:52:48.276455,15465,aviation_opensky,?,json_manip,default_value_inject,bert,0.0,0.001,[],"['time', 'states']"
2026-07-16T20:52:48.276470,15475,aviation_opensky,?,json_manip,array_expansion,bert,0.0,0.001,[],"['time', 'states']"
2026-07-16T20:52:48.276486,15494,aviation_opensky,?,json_manip,field_join,bert,0.0,0.001,[],"['time', 'states']"
2026-07-16T20:52:48.276514,15498,aviation_opensky,?,json_manip,outlier_injection,bert,0.0,0.001,[],"['time', 'states']"
2026-07-16T20:52:48.276525,15507,aviation_opensky,?,json_manip,outlier_injection,bert,0.0,0.001,[],"['time', 'states']"
2026-07-16T20:52:48.276539,15513,aviation_opensky,?,json_manip,variable_drop,bert,0.0,0.001,[],"['time', 'states']"
2026-07-16T20:52:48.276556,15534,aviation_opensky,?,json_manip,field_merge_value,bert,0.0,0.001,[],"['time', 'states']"
2026-07-16T20:52:48.276582,15547,aviation_opensky,?,json_manip,field_join,bert,0.0,0.001,[],"['time', 'states']"
2026-07-16T20:52:48.276593,15548,aviation_opensky,?,json_manip,scalar_to_array,bert,0.0,0.001,[],"['time', 'states']"
2026-07-16T20:52:48.276608,15560,aviation_opensky,?,json_manip,duplicate_field_inject,bert,0.0,0.001,[],"['time', 'states']"
2026-07-16T20:52:48.276622,15576,aviation_opensky,?,json_manip,field_merge_value,bert,0.0,0.001,[],"['time', 'states']"
2026-07-16T20:52:48.276654,15590,aviation_opensky,?,json_manip,field_split,bert,0.0,0.001,[],"['time', 'states']"
2026-07-16T20:52:48.276670,15607,aviation_opensky,?,json_manip,duplicate_field_inject,bert,0.0,0.001,[],"['time', 'states']"
2026-07-16T20:52:48.276688,15629,aviation_opensky,?,json_manip,array_expansion,bert,0.0,0.001,[],"['time', 'states']"
2026-07-16T20:52:48.276700,15630,aviation_opensky,?,json_manip,field_join,bert,0.0,0.001,[],"['time', 'states']"
2026-07-16T20:52:48.276728,15677,aviation_opensky,?,json_manip,field_merge_value,bert,0.0,0.001,[],"['time', 'states']"
2026-07-16T20:52:48.276739,15679,aviation_opensky,?,json_manip,variable_drop,bert,0.0,0.001,[],"['time', 'states']"
2026-07-16T20:52:48.276750,15680,aviation_opensky,?,json_manip,null_injection,bert,0.0,0.001,[],"['time', 'states']"
2026-07-16T20:52:48.276768,15684,aviation_opensky,?,json_manip,variable_drop,bert,0.0,0.001,[],"['time', 'states']"
2026-07-16T20:52:48.276796,15712,aviation_opensky,?,json_manip,outlier_injection,bert,0.0,0.001,[],"['time', 'states']"
2026-07-16T20:52:48.276810,15729,aviation_opensky,?,json_manip,field_join,bert,0.0,0.001,[],"['time', 'states']"
2026-07-16T20:52:48.276826,15735,aviation_opensky,?,json_manip,variable_drop,bert,0.0,0.001,[],"['time', 'states']"
2026-07-16T20:52:48.276844,15748,aviation_opensky,?,json_manip,default_value_inject,bert,0.0,0.001,[],"['time', 'states']"
2026-07-16T20:52:48.276871,15757,aviation_opensky,?,json_manip,field_merge_value,bert,0.0,0.001,[],"['time', 'states']"
2026-07-16T20:52:48.276886,15764,aviation_opensky,?,json_manip,scalar_to_array,bert,0.0,0.001,[],"['time', 'states']"
2026-07-16T20:52:48.276901,15776,aviation_opensky,?,json_manip,variable_drop,bert,0.0,0.001,[],"['time', 'states']"
2026-07-16T20:52:48.276926,15782,aviation_opensky,?,json_manip,scalar_to_array,bert,0.0,0.001,[],"['time', 'states']"
2026-07-16T20:52:48.276963,15806,aviation_opensky,?,json_manip,default_value_inject,bert,0.0,0.001,[],"['time', 'states']"
2026-07-16T20:52:48.276980,15823,aviation_opensky,?,json_manip,duplicate_field_inject,bert,0.0,0.001,[],"['time', 'states']"
2026-07-16T20:52:48.276996,15835,aviation_opensky,?,json_manip,field_split,bert,0.0,0.001,[],"['time', 'states']"
2026-07-16T20:52:48.277013,15853,aviation_opensky,?,json_manip,field_split,bert,0.0,0.001,[],"['time', 'states']"
2026-07-16T20:52:48.277045,15876,aviation_opensky,?,json_manip,duplicate_field_inject,bert,0.0,0.001,[],"['time', 'states']"
2026-07-16T20:52:48.277059,15901,aviation_opensky,?,json_manip,outlier_injection,bert,0.0,0.001,[],"['time', 'states']"
2026-07-16T20:52:48.277076,15911,aviation_opensky,?,json_manip,array_to_scalar,bert,0.0,0.001,[],"['time', 'states']"
2026-07-16T20:52:48.277089,15912,aviation_opensky,?,json_manip,default_value_inject,bert,0.0,0.001,[],"['time', 'states']"
2026-07-16T20:52:48.277115,15922,aviation_opensky,?,json_manip,field_join,bert,0.0,0.001,[],"['time', 'states']"
2026-07-16T20:52:48.277131,15934,aviation_opensky,?,json_manip,field_join,bert,0.0,0.001,[],"['time', 'states']"
2026-07-16T20:52:48.277146,15949,aviation_opensky,?,json_manip,field_merge_value,bert,0.0,0.001,[],"['time', 'states']"
2026-07-16T20:52:48.277157,15951,aviation_opensky,?,json_manip,duplicate_field_inject,bert,0.0,0.001,[],"['time', 'states']"
2026-07-16T20:52:48.277180,15960,aviation_opensky,?,json_manip,outlier_injection,bert,0.0,0.001,[],"['time', 'states']"
2026-07-16T20:52:48.277196,15968,aviation_opensky,?,json_manip,field_split,bert,0.0,0.001,[],"['time', 'states']"
2026-07-16T20:52:48.277212,15983,aviation_opensky,?,json_manip,array_expansion,bert,0.0,0.001,[],"['time', 'states']"
2026-07-16T20:52:48.277228,15990,aviation_opensky,?,json_manip,array_expansion,bert,0.0,0.001,[],"['time', 'states']"
2026-07-16T20:52:48.277255,16012,aviation_opensky,?,json_manip,duplicate_field_inject,bert,0.0,0.001,[],"['time', 'states']"
2026-07-16T20:52:48.277270,16022,aviation_opensky,?,json_manip,field_merge_value,bert,0.0,0.001,[],"['time', 'states']"
2026-07-16T20:52:48.277280,16025,aviation_opensky,?,json_manip,default_value_inject,bert,0.0,0.001,[],"['time', 'states']"
2026-07-16T20:52:48.277296,16037,aviation_opensky,?,json_manip,array_expansion,bert,0.0,0.001,[],"['time', 'states']"
2026-07-16T20:52:48.277320,16047,aviation_opensky,?,json_manip,null_injection,bert,0.0,0.001,[],"['time', 'states']"
2026-07-16T20:52:48.277336,16055,aviation_opensky,?,json_manip,field_split,bert,0.0,0.001,[],"['time', 'states']"
2026-07-16T20:52:48.277347,16056,aviation_opensky,?,json_manip,field_join,bert,0.0,0.001,[],"['time', 'states']"
2026-07-16T20:52:48.277358,16063,aviation_opensky,?,json_manip,variable_drop,bert,0.0,0.001,[],"['time', 'states']"
2026-07-16T20:52:48.277387,16066,aviation_opensky,?,json_manip,null_injection,bert,0.0,0.001,[],"['time', 'states']"
2026-07-16T20:52:48.277402,16101,aviation_opensky,?,json_manip,null_injection,bert,0.0,0.001,[],"['time', 'states']"
2026-07-16T20:52:48.277412,16103,aviation_opensky,?,json_manip,duplicate_field_inject,bert,0.0,0.001,[],"['time', 'states']"
2026-07-16T20:52:48.277430,16116,aviation_opensky,?,json_manip,default_value_inject,bert,0.0,0.001,[],"['time', 'states']"
2026-07-16T20:52:48.277456,16132,aviation_opensky,?,json_manip,default_value_inject,bert,0.0,0.001,[],"['time', 'states']"
2026-07-16T20:52:48.277467,16141,aviation_opensky,?,json_manip,default_value_inject,bert,0.0,0.001,[],"['time', 'states']"
2026-07-16T20:52:48.277477,16142,aviation_opensky,?,json_manip,duplicate_field_inject,bert,0.0,0.001,[],"['time', 'states']"
2026-07-16T20:52:48.277492,16150,aviation_opensky,?,json_manip,array_to_scalar,bert,0.0,0.001,[],"['time', 'states']"
2026-07-16T20:52:48.277518,16166,aviation_opensky,?,json_manip,array_expansion,bert,0.0,0.001,[],"['time', 'states']"
2026-07-16T20:52:48.277534,16172,aviation_opensky,?,json_manip,default_value_inject,bert,0.0,0.001,[],"['time', 'states']"
2026-07-16T20:52:48.277545,16174,aviation_opensky,?,json_manip,default_value_inject,bert,0.0,0.001,[],"['time', 'states']"
2026-07-16T20:52:48.277561,16180,aviation_opensky,?,json_manip,field_join,bert,0.0,0.001,[],"['time', 'states']"
2026-07-16T20:52:48.277576,16184,aviation_opensky,?,json_manip,array_to_scalar,bert,0.0,0.0,[],"['time', 'states']"
2026-07-16T20:52:48.277590,16190,aviation_opensky,?,json_manip,field_split,bert,0.0,0.0,[],"['time', 'states']"
2026-07-16T20:52:48.277601,16196,aviation_opensky,?,json_manip,duplicate_field_inject,bert,0.0,0.0,[],"['time', 'states']"
2026-07-16T20:52:48.277616,16199,aviation_opensky,?,json_manip,array_expansion,bert,0.0,0.0,[],"['time', 'states']"
2026-07-16T20:52:48.277639,16200,aviation_opensky,?,json_manip,array_to_scalar,bert,0.0,0.001,[],"['time', 'states']"
2026-07-16T20:52:48.277654,16233,aviation_opensky,?,json_manip,field_split,bert,0.0,0.001,[],"['time', 'states']"
2026-07-16T20:52:48.277671,16253,aviation_opensky,?,json_manip,scalar_to_array,bert,0.0,0.001,[],"['time', 'states']"
2026-07-16T20:52:48.277683,16259,aviation_opensky,?,json_manip,field_merge_value,bert,0.0,0.001,[],"['time', 'states']"
2026-07-16T20:52:48.277706,16268,aviation_opensky,?,json_manip,variable_drop,bert,0.0,0.001,[],"['time', 'states']"
2026-07-16T20:52:48.277721,16278,aviation_opensky,?,json_manip,field_split,bert,0.0,0.001,[],"['time', 'states']"
2026-07-16T20:52:48.277737,16304,aviation_opensky,?,json_manip,field_split,bert,0.0,0.001,[],"['time', 'states']"
2026-07-16T20:52:48.277749,16308,aviation_opensky,?,json_manip,field_join,bert,0.0,0.001,[],"['time', 'states']"
2026-07-16T20:52:48.277768,16309,aviation_opensky,?,json_manip,outlier_injection,bert,0.0,0.001,[],"['time', 'states']"
2026-07-16T20:52:48.277783,16324,aviation_opensky,?,json_manip,null_injection,bert,0.0,0.001,[],"['time', 'states']"
2026-07-16T20:52:48.277796,16335,aviation_opensky,?,json_manip,default_value_inject,bert,0.0,0.001,[],"['time', 'states']"
2026-07-16T20:52:48.277812,16348,aviation_opensky,?,json_manip,duplicate_field_inject,bert,0.0,0.001,[],"['time', 'states']"
2026-07-16T20:52:48.277833,16349,aviation_opensky,?,json_manip,outlier_injection,bert,0.0,0.001,[],"['time', 'states']"
2026-07-16T20:52:48.277847,16357,aviation_opensky,?,json_manip,null_injection,bert,0.0,0.001,[],"['time', 'states']"
2026-07-16T20:52:48.277865,16377,aviation_opensky,?,json_manip,null_injection,bert,0.0,0.001,[],"['time', 'states']"
2026-07-16T20:52:48.277880,16389,aviation_opensky,?,json_manip,field_join,bert,0.0,0.001,[],"['time', 'states']"
2026-07-16T20:52:48.277911,16409,aviation_opensky,?,json_manip,field_merge_value,bert,0.0,0.001,[],"['time', 'states']"
2026-07-16T20:52:48.277927,16438,aviation_opensky,?,json_manip,null_injection,bert,0.0,0.001,[],"['time', 'states']"
2026-07-16T20:52:48.277941,16447,aviation_opensky,?,json_manip,duplicate_field_inject,bert,0.0,0.001,[],"['time', 'states']"
2026-07-16T20:52:48.277952,16452,aviation_opensky,?,json_manip,duplicate_field_inject,bert,0.0,0.001,[],"['time', 'states']"
2026-07-16T20:52:48.277985,16463,aviation_opensky,?,json_manip,outlier_injection,bert,0.0,0.002,[],"['time', 'states']"
2026-07-16T20:52:48.277996,16464,aviation_opensky,?,json_manip,default_value_inject,bert,0.0,0.002,[],"['time', 'states']"
2026-07-16T20:52:48.278012,16496,aviation_opensky,?,json_manip,variable_drop,bert,0.0,0.002,[],"['time', 'states']"
2026-07-16T20:52:48.278028,16512,aviation_opensky,?,json_manip,field_split,bert,0.0,0.002,[],"['time', 'states']"
2026-07-16T20:52:48.278060,16536,aviation_opensky,?,json_manip,variable_drop,bert,0.0,0.002,[],"['time', 'states']"
2026-07-16T20:52:48.278075,16545,aviation_opensky,?,json_manip,duplicate_field_inject,bert,0.0,0.002,[],"['time', 'states']"
2026-07-16T20:52:48.278091,16584,aviation_opensky,?,json_manip,field_join,bert,0.0,0.002,[],"['time', 'states']"
2026-07-16T20:52:48.278113,16597,aviation_opensky,?,json_manip,array_to_scalar,bert,0.0,0.002,[],"['time', 'states']"
2026-07-16T20:52:48.278169,16612,aviation_opensky,?,json_manip,field_join,bert,0.0,0.001,[],"['time', 'states']"
2026-07-16T20:52:48.278187,16623,aviation_opensky,?,json_manip,default_value_inject,bert,0.0,0.001,[],"['time', 'states']"
2026-07-16T20:52:48.278201,16634,aviation_opensky,?,json_manip,duplicate_field_inject,bert,0.0,0.001,[],"['time', 'states']"
2026-07-16T20:52:48.278212,16637,aviation_opensky,?,json_manip,array_expansion,bert,0.0,0.001,[],"['time', 'states']"
2026-07-16T20:52:48.278233,16640,aviation_opensky,?,json_manip,field_join,bert,0.0,0.001,[],"['time', 'states']"
2026-07-16T20:52:48.278248,16648,aviation_opensky,?,json_manip,null_injection,bert,0.0,0.001,[],"['time', 'states']"
2026-07-16T20:52:48.278259,16651,aviation_opensky,?,json_manip,array_to_scalar,bert,0.0,0.001,[],"['time', 'states']"
2026-07-16T20:52:48.278274,16666,aviation_opensky,?,json_manip,field_merge_value,bert,0.0,0.001,[],"['time', 'states']"
2026-07-16T20:52:48.278308,16673,aviation_opensky,?,json_manip,default_value_inject,bert,0.0,0.001,[],"['time', 'states']"
2026-07-16T20:52:48.278319,16675,aviation_opensky,?,json_manip,array_to_scalar,bert,0.0,0.001,[],"['time', 'states']"
2026-07-16T20:52:48.278337,16697,aviation_opensky,?,json_manip,variable_drop,bert,0.0,0.001,[],"['time', 'states']"
2026-07-16T20:52:48.278351,16710,aviation_opensky,?,json_manip,scalar_to_array,bert,0.0,0.001,[],"['time', 'states']"
2026-07-16T20:52:48.278380,16724,aviation_opensky,?,json_manip,duplicate_field_inject,bert,0.0,0.001,[],"['time', 'states']"
2026-07-16T20:52:48.278394,16726,aviation_opensky,?,json_manip,field_merge_value,bert,0.0,0.001,[],"['time', 'states']"
2026-07-16T20:52:48.278405,16729,aviation_opensky,?,json_manip,outlier_injection,bert,0.0,0.001,[],"['time', 'states']"
2026-07-16T20:52:48.278416,16736,aviation_opensky,?,json_manip,field_split,bert,0.0,0.001,[],"['time', 'states']"
2026-07-16T20:52:48.278448,16741,aviation_opensky,?,json_manip,scalar_to_array,bert,0.0,0.002,[],"['time', 'states']"
2026-07-16T20:52:48.278464,16760,aviation_opensky,?,json_manip,default_value_inject,bert,0.0,0.002,[],"['time', 'states']"
2026-07-16T20:52:48.278479,16784,aviation_opensky,?,json_manip,scalar_to_array,bert,0.0,0.002,[],"['time', 'states']"
2026-07-16T20:52:48.278494,16797,aviation_opensky,?,json_manip,duplicate_field_inject,bert,0.0,0.002,[],"['time', 'states']"
2026-07-16T20:52:48.278523,16812,aviation_opensky,?,json_manip,default_value_inject,bert,0.0,0.001,[],"['time', 'states']"
2026-07-16T20:52:48.278539,16826,aviation_opensky,?,json_manip,field_join,bert,0.0,0.001,[],"['time', 'states']"
2026-07-16T20:52:48.278556,16832,aviation_opensky,?,json_manip,field_join,bert,0.0,0.001,[],"['time', 'states']"
2026-07-16T20:52:48.278567,16841,aviation_opensky,?,json_manip,array_expansion,bert,0.0,0.001,[],"['time', 'states']"
2026-07-16T20:52:48.278602,16849,aviation_opensky,?,json_manip,field_join,bert,0.0,0.001,[],"['time', 'states']"
2026-07-16T20:52:48.278616,16868,aviation_opensky,?,json_manip,default_value_inject,bert,0.0,0.001,[],"['time', 'states']"
2026-07-16T20:52:48.278633,16875,aviation_opensky,?,json_manip,duplicate_field_inject,bert,0.0,0.001,[],"['time', 'states']"
2026-07-16T20:52:48.278649,16920,aviation_opensky,?,json_manip,field_join,bert,0.0,0.001,[],"['time', 'states']"
2026-07-16T20:52:48.278680,16939,aviation_opensky,?,json_manip,field_join,bert,0.0,0.001,[],"['time', 'states']"
2026-07-16T20:52:48.278696,16952,aviation_opensky,?,json_manip,default_value_inject,bert,0.0,0.001,[],"['time', 'states']"
2026-07-16T20:52:48.278710,16973,aviation_opensky,?,json_manip,duplicate_field_inject,bert,0.0,0.001,[],"['time', 'states']"
2026-07-16T20:52:48.278724,16989,aviation_opensky,?,json_manip,field_split,bert,0.0,0.001,[],"['time', 'states']"
2026-07-16T20:52:48.278746,16993,aviation_opensky,?,json_manip,null_injection,bert,0.0,0.001,[],"['time', 'states']"
2026-07-16T20:52:48.278762,17013,aviation_opensky,?,json_manip,duplicate_field_inject,bert,0.0,0.001,[],"['time', 'states']"
2026-07-16T20:52:48.278776,17017,aviation_opensky,?,json_manip,array_expansion,bert,0.0,0.001,[],"['time', 'states']"
2026-07-16T20:52:48.278787,17020,aviation_opensky,?,json_manip,field_split,bert,0.0,0.001,[],"['time', 'states']"
2026-07-16T20:52:48.278805,17026,aviation_opensky,?,json_manip,duplicate_field_inject,bert,0.0,0.001,[],"['time', 'states']"
2026-07-16T20:52:48.278818,17049,aviation_opensky,?,json_manip,field_merge_value,bert,0.0,0.001,[],"['time', 'states']"
2026-07-16T20:52:48.278829,17051,aviation_opensky,?,json_manip,field_join,bert,0.0,0.001,[],"['time', 'states']"
2026-07-16T20:52:48.278840,17052,aviation_opensky,?,json_manip,outlier_injection,bert,0.0,0.001,[],"['time', 'states']"
2026-07-16T20:52:48.278869,17077,aviation_opensky,?,json_manip,field_split,bert,0.0,0.001,[],"['time', 'states']"
2026-07-16T20:52:48.278880,17081,aviation_opensky,?,json_manip,field_merge_value,bert,0.0,0.001,[],"['time', 'states']"
2026-07-16T20:52:48.278893,17082,aviation_opensky,?,json_manip,duplicate_field_inject,bert,0.0,0.001,[],"['time', 'states']"
2026-07-16T20:52:48.278909,17099,aviation_opensky,?,json_manip,field_split,bert,0.0,0.001,[],"['time', 'states']"
2026-07-16T20:52:48.278933,17121,aviation_opensky,?,json_manip,default_value_inject,bert,0.0,0.001,[],"['time', 'states']"
2026-07-16T20:52:48.278948,17122,aviation_opensky,?,json_manip,default_value_inject,bert,0.0,0.001,[],"['time', 'states']"
2026-07-16T20:52:48.278959,17126,aviation_opensky,?,json_manip,default_value_inject,bert,0.0,0.001,[],"['time', 'states']"
2026-07-16T20:52:48.278979,17138,aviation_opensky,?,json_manip,outlier_injection,bert,0.0,0.001,[],"['time', 'states']"
2026-07-16T20:52:48.279003,17162,aviation_opensky,?,json_manip,field_join,bert,0.0,0.001,[],"['time', 'states']"
2026-07-16T20:52:48.279014,17163,aviation_opensky,?,json_manip,variable_drop,bert,0.0,0.001,[],"['time', 'states']"
2026-07-16T20:52:48.279024,17165,aviation_opensky,?,json_manip,default_value_inject,bert,0.0,0.001,[],"['time', 'states']"
2026-07-16T20:52:48.279035,17169,aviation_opensky,?,json_manip,duplicate_field_inject,bert,0.0,0.001,[],"['time', 'states']"
2026-07-16T20:52:48.279060,17170,aviation_opensky,?,json_manip,array_to_scalar,bert,0.0,0.001,[],"['time', 'states']"
2026-07-16T20:52:48.279079,17192,aviation_opensky,?,json_manip,array_expansion,bert,0.0,0.001,[],"['time', 'states']"
2026-07-16T20:52:48.279094,17219,aviation_opensky,?,json_manip,array_expansion,bert,0.0,0.001,[],"['time', 'states']"
2026-07-16T20:52:48.279104,17224,aviation_opensky,?,json_manip,default_value_inject,bert,0.0,0.001,[],"['time', 'states']"
2026-07-16T20:52:48.279131,17227,aviation_opensky,?,json_manip,field_join,bert,0.0,0.001,[],"['time', 'states']"
2026-07-16T20:52:48.279146,17231,aviation_opensky,?,json_manip,default_value_inject,bert,0.0,0.001,[],"['time', 'states']"
2026-07-16T20:52:48.279164,17246,aviation_opensky,?,json_manip,array_expansion,bert,0.0,0.001,[],"['time', 'states']"
2026-07-16T20:52:48.279182,17257,aviation_opensky,?,json_manip,outlier_injection,bert,0.0,0.001,[],"['time', 'states']"
2026-07-16T20:52:48.279211,17260,aviation_opensky,?,json_manip,variable_drop,bert,0.0,0.001,[],"['time', 'states']"
2026-07-16T20:52:48.279227,17270,aviation_opensky,?,json_manip,array_expansion,bert,0.0,0.001,[],"['time', 'states']"
2026-07-16T20:52:48.279238,17277,aviation_opensky,?,json_manip,field_merge_value,bert,0.0,0.001,[],"['time', 'states']"
2026-07-16T20:52:48.279252,17282,aviation_opensky,?,json_manip,duplicate_field_inject,bert,0.0,0.001,[],"['time', 'states']"
2026-07-16T20:52:48.279281,17283,aviation_opensky,?,json_manip,field_split,bert,0.0,0.001,[],"['time', 'states']"
2026-07-16T20:52:48.279296,17299,aviation_opensky,?,json_manip,field_merge_value,bert,0.0,0.001,[],"['time', 'states']"
2026-07-16T20:52:48.279315,17325,aviation_opensky,?,json_manip,scalar_to_array,bert,0.0,0.001,[],"['time', 'states']"
2026-07-16T20:52:48.279334,17333,aviation_opensky,?,json_manip,duplicate_field_inject,bert,0.0,0.001,[],"['time', 'states']"
2026-07-16T20:52:48.279364,17348,aviation_opensky,?,json_manip,default_value_inject,bert,0.0,0.001,[],"['time', 'states']"
2026-07-16T20:52:48.279375,17356,aviation_opensky,?,json_manip,field_split,bert,0.0,0.001,[],"['time', 'states']"
2026-07-16T20:52:48.279387,17358,aviation_opensky,?,json_manip,outlier_injection,bert,0.0,0.001,[],"['time', 'states']"
2026-07-16T20:52:48.279402,17379,aviation_opensky,?,json_manip,outlier_injection,bert,0.0,0.001,[],"['time', 'states']"
2026-07-16T20:52:48.279420,17380,aviation_opensky,?,json_manip,field_split,bert,0.0,0.0,[],"['time', 'states']"
2026-07-16T20:52:48.279436,17385,aviation_opensky,?,json_manip,array_expansion,bert,0.0,0.0,[],"['time', 'states']"
2026-07-16T20:52:48.279451,17394,aviation_opensky,?,json_manip,array_expansion,bert,0.0,0.0,[],"['time', 'states']"
2026-07-16T20:52:48.279465,17401,aviation_opensky,?,json_manip,null_injection,bert,0.0,0.0,[],"['time', 'states']"
2026-07-16T20:52:48.279489,17412,aviation_opensky,?,json_manip,scalar_to_array,bert,0.0,0.001,[],"['time', 'states']"
2026-07-16T20:52:48.279505,17413,aviation_opensky,?,json_manip,scalar_to_array,bert,0.0,0.001,[],"['time', 'states']"
2026-07-16T20:52:48.279515,17423,aviation_opensky,?,json_manip,variable_drop,bert,0.0,0.001,[],"['time', 'states']"
2026-07-16T20:52:48.279529,17429,aviation_opensky,?,json_manip,variable_drop,bert,0.0,0.001,[],"['time', 'states']"
2026-07-16T20:52:48.279553,17430,aviation_opensky,?,json_manip,duplicate_field_inject,bert,0.0,0.001,[],"['time', 'states']"
2026-07-16T20:52:48.279569,17441,aviation_opensky,?,json_manip,null_injection,bert,0.0,0.001,[],"['time', 'states']"
2026-07-16T20:52:48.279580,17442,aviation_opensky,?,json_manip,outlier_injection,bert,0.0,0.001,[],"['time', 'states']"
2026-07-16T20:52:48.279595,17456,aviation_opensky,?,json_manip,field_join,bert,0.0,0.001,[],"['time', 'states']"
2026-07-16T20:52:48.279641,17459,aviation_opensky,?,json_manip,outlier_injection,bert,0.0,0.0,[],"['time', 'states']"
2026-07-16T20:52:48.279656,17470,aviation_opensky,?,json_manip,variable_drop,bert,0.0,0.0,[],"['time', 'states']"
2026-07-16T20:52:48.279668,17472,aviation_opensky,?,json_manip,scalar_to_array,bert,0.0,0.0,[],"['time', 'states']"
2026-07-16T20:52:48.279678,17473,aviation_opensky,?,json_manip,field_merge_value,bert,0.0,0.0,[],"['time', 'states']"
2026-07-16T20:52:48.279712,17486,aviation_opensky,?,json_manip,null_injection,bert,0.0,0.002,[],"['time', 'states']"
2026-07-16T20:52:48.279728,17494,aviation_opensky,?,json_manip,array_to_scalar,bert,0.0,0.002,[],"['time', 'states']"
2026-07-16T20:52:48.279739,17495,aviation_opensky,?,json_manip,null_injection,bert,0.0,0.002,[],"['time', 'states']"
2026-07-16T20:52:48.279750,17496,aviation_opensky,?,json_manip,null_injection,bert,0.0,0.002,[],"['time', 'states']"
2026-07-16T20:52:48.279796,17498,aviation_opensky,?,json_manip,duplicate_field_inject,bert,0.0,0.004,[],"['time', 'states']"
2026-07-16T20:52:48.279811,17519,football_uefa,?,json_manip,array_expansion,bert,0.0,0.004,[],"['id', 'index', 'period', 'timestamp', 'minute', 'second', 'type', 'possession', 'possession_team', 'play_pattern', 'team', 'duration', 'tactics']"
2026-07-16T20:52:48.279828,17525,football_uefa,?,json_manip,field_merge_value,bert,0.0,0.004,[],"['id', 'index', 'period', 'timestamp', 'minute', 'second', 'type', 'possession', 'possession_team', 'play_pattern', 'team', 'duration', 'tactics']"
2026-07-16T20:52:48.279845,17528,football_uefa,?,json_manip,field_split,bert,0.0,0.004,[],"['id', 'index', 'period', 'timestamp', 'minute', 'second', 'type', 'possession', 'possession_team', 'play_pattern', 'team', 'duration', 'tactics']"
2026-07-16T20:52:48.279907,17543,football_uefa,?,json_manip,scalar_to_array,bert,0.0,0.005,[],"['id', 'index', 'period', 'timestamp', 'minute', 'second', 'type', 'possession', 'possession_team', 'play_pattern', 'team', 'duration', 'tactics']"
2026-07-16T20:52:48.279921,17544,football_uefa,?,json_manip,outlier_injection,bert,0.0,0.005,[],"['id', 'index', 'period', 'timestamp', 'minute', 'second', 'type', 'possession', 'possession_team', 'play_pattern', 'team', 'duration', 'tactics']"
2026-07-16T20:52:48.279937,17560,football_uefa,?,json_manip,field_merge_value,bert,0.0,0.005,[],"['id', 'index', 'period', 'timestamp', 'minute', 'second', 'type', 'possession', 'possession_team', 'play_pattern', 'team', 'duration', 'tactics']"
2026-07-16T20:52:48.279972,17566,football_uefa,?,json_manip,duplicate_field_inject,bert,0.0,0.005,[],"['id', 'index', 'period', 'timestamp', 'minute', 'second', 'type', 'possession', 'possession_team', 'play_pattern', 'team', 'duration', 'tactics']"
2026-07-16T20:52:48.280044,17616,football_uefa,?,json_manip,outlier_injection,bert,0.0,0.004,[],"['id', 'index', 'period', 'timestamp', 'minute', 'second', 'type', 'possession', 'possession_team', 'play_pattern', 'team', 'duration', 'tactics']"
2026-07-16T20:52:48.280062,17629,football_uefa,?,json_manip,null_injection,bert,0.0,0.004,[],"['id', 'index', 'period', 'timestamp', 'minute', 'second', 'type', 'possession', 'possession_team', 'play_pattern', 'team', 'duration', 'tactics']"
2026-07-16T20:52:48.280077,17631,football_uefa,?,json_manip,variable_drop,bert,0.0,0.004,[],"['id', 'index', 'period', 'timestamp', 'minute', 'second', 'type', 'possession', 'possession_team', 'play_pattern', 'team', 'duration', 'tactics']"
2026-07-16T20:52:48.280092,17633,football_uefa,?,json_manip,field_join,bert,0.0,0.004,[],"['id', 'index', 'period', 'timestamp', 'minute', 'second', 'type', 'possession', 'possession_team', 'play_pattern', 'team', 'duration', 'tactics']"
2026-07-16T20:52:48.280142,17639,football_uefa,?,json_manip,field_join,bert,0.0,0.004,[],"['id', 'index', 'period', 'timestamp', 'minute', 'second', 'type', 'possession', 'possession_team', 'play_pattern', 'team', 'duration', 'tactics']"
2026-07-16T20:52:48.280159,17652,football_uefa,?,json_manip,scalar_to_array,bert,0.0,0.004,[],"['id', 'index', 'period', 'timestamp', 'minute', 'second', 'type', 'possession', 'possession_team', 'play_pattern', 'team', 'duration', 'tactics']"
2026-07-16T20:52:48.280175,17654,football_uefa,?,json_manip,array_to_scalar,bert,0.0,0.004,[],"['id', 'index', 'period', 'timestamp', 'minute', 'second', 'type', 'possession', 'possession_team', 'play_pattern', 'team', 'duration', 'tactics']"
2026-07-16T20:52:48.280191,17656,football_uefa,?,json_manip,field_split,bert,0.0,0.004,[],"['id', 'index', 'period', 'timestamp', 'minute', 'second', 'type', 'possession', 'possession_team', 'play_pattern', 'team', 'duration', 'tactics']"
2026-07-16T20:52:48.280252,17683,football_uefa,?,json_manip,array_to_scalar,bert,0.0,0.005,[],"['id', 'index', 'period', 'timestamp', 'minute', 'second', 'type', 'possession', 'possession_team', 'play_pattern', 'team', 'duration', 'tactics']"
2026-07-16T20:52:48.280271,17699,football_uefa,?,json_manip,null_injection,bert,0.0,0.005,[],"['id', 'index', 'period', 'timestamp', 'minute', 'second', 'type', 'possession', 'possession_team', 'play_pattern', 'team', 'duration', 'tactics']"
2026-07-16T20:52:48.280286,17705,football_uefa,?,json_manip,field_join,bert,0.0,0.005,[],"['id', 'index', 'period', 'timestamp', 'minute', 'second', 'type', 'possession', 'possession_team', 'play_pattern', 'team', 'duration', 'tactics']"
2026-07-16T20:52:48.280302,17711,football_uefa,?,json_manip,default_value_inject,bert,0.0,0.005,[],"['id', 'index', 'period', 'timestamp', 'minute', 'second', 'type', 'possession', 'possession_team', 'play_pattern', 'team', 'duration', 'tactics']"
2026-07-16T20:52:48.280360,17715,football_uefa,?,json_manip,array_expansion,bert,0.0,0.005,[],"['id', 'index', 'period', 'timestamp', 'minute', 'second', 'type', 'possession', 'possession_team', 'play_pattern', 'team', 'duration', 'tactics']"
2026-07-16T20:52:48.280378,17741,football_uefa,?,json_manip,array_to_scalar,bert,0.0,0.005,[],"['id', 'index', 'period', 'timestamp', 'minute', 'second', 'type', 'possession', 'possession_team', 'play_pattern', 'team', 'duration', 'tactics']"
2026-07-16T20:52:48.280400,17760,football_uefa,?,json_manip,outlier_injection,bert,0.0,0.005,[],"['id', 'index', 'period', 'timestamp', 'minute', 'second', 'type', 'possession', 'possession_team', 'play_pattern', 'team', 'duration', 'tactics']"
2026-07-16T20:52:48.280417,17763,football_uefa,?,json_manip,field_merge_value,bert,0.0,0.005,[],"['id', 'index', 'period', 'timestamp', 'minute', 'second', 'type', 'possession', 'possession_team', 'play_pattern', 'team', 'duration', 'tactics']"
2026-07-16T20:52:48.280462,17767,football_uefa,?,json_manip,field_split,bert,0.0,0.002,[],"['id', 'index', 'period', 'timestamp', 'minute', 'second', 'type', 'possession', 'possession_team', 'play_pattern', 'team', 'duration', 'tactics']"
2026-07-16T20:52:48.280479,17769,football_uefa,?,json_manip,outlier_injection,bert,0.0,0.002,[],"['id', 'index', 'period', 'timestamp', 'minute', 'second', 'type', 'possession', 'possession_team', 'play_pattern', 'team', 'duration', 'tactics']"
2026-07-16T20:52:48.280492,17770,football_uefa,?,json_manip,field_split,bert,0.0,0.002,[],"['id', 'index', 'period', 'timestamp', 'minute', 'second', 'type', 'possession', 'possession_team', 'play_pattern', 'team', 'duration', 'tactics']"
2026-07-16T20:52:48.280512,17771,football_uefa,?,json_manip,duplicate_field_inject,bert,0.0,0.002,[],"['id', 'index', 'period', 'timestamp', 'minute', 'second', 'type', 'possession', 'possession_team', 'play_pattern', 'team', 'duration', 'tactics']"
2026-07-16T20:52:48.280552,17780,football_uefa,?,json_manip,field_merge_value,bert,0.0,0.003,[],"['id', 'index', 'period', 'timestamp', 'minute', 'second', 'type', 'possession', 'possession_team', 'play_pattern', 'team', 'duration', 'tactics']"
2026-07-16T20:52:48.280570,17783,football_uefa,?,json_manip,scalar_to_array,bert,0.0,0.003,[],"['id', 'index', 'period', 'timestamp', 'minute', 'second', 'type', 'possession', 'possession_team', 'play_pattern', 'team', 'duration', 'tactics']"
2026-07-16T20:52:48.280586,17791,football_uefa,?,json_manip,default_value_inject,bert,0.0,0.003,[],"['id', 'index', 'period', 'timestamp', 'minute', 'second', 'type', 'possession', 'possession_team', 'play_pattern', 'team', 'duration', 'tactics']"
2026-07-16T20:52:48.280603,17797,football_uefa,?,json_manip,field_split,bert,0.0,0.003,[],"['id', 'index', 'period', 'timestamp', 'minute', 'second', 'type', 'possession', 'possession_team', 'play_pattern', 'team', 'duration', 'tactics']"
2026-07-16T20:52:48.280646,17798,football_uefa,?,json_manip,null_injection,bert,0.0,0.004,[],"['id', 'index', 'period', 'timestamp', 'minute', 'second', 'type', 'possession', 'possession_team', 'play_pattern', 'team', 'duration', 'tactics']"
2026-07-16T20:52:48.280664,17806,football_uefa,?,json_manip,outlier_injection,bert,0.0,0.004,[],"['id', 'index', 'period', 'timestamp', 'minute', 'second', 'type', 'possession', 'possession_team', 'play_pattern', 'team', 'duration', 'tactics']"
2026-07-16T20:52:48.280684,17811,football_uefa,?,json_manip,default_value_inject,bert,0.0,0.004,[],"['id', 'index', 'period', 'timestamp', 'minute', 'second', 'type', 'possession', 'possession_team', 'play_pattern', 'team', 'duration', 'tactics']"
2026-07-16T20:52:48.280702,17822,football_uefa,?,json_manip,null_injection,bert,0.0,0.004,[],"['id', 'index', 'period', 'timestamp', 'minute', 'second', 'type', 'possession', 'possession_team', 'play_pattern', 'team', 'duration', 'tactics']"
2026-07-16T20:52:48.280762,17828,football_uefa,?,json_manip,field_merge_value,bert,0.0,0.006,[],"['id', 'index', 'period', 'timestamp', 'minute', 'second', 'type', 'possession', 'possession_team', 'play_pattern', 'team', 'duration', 'tactics']"
2026-07-16T20:52:48.280780,17855,football_uefa,?,json_manip,scalar_to_array,bert,0.0,0.006,[],"['id', 'index', 'period', 'timestamp', 'minute', 'second', 'type', 'possession', 'possession_team', 'play_pattern', 'team', 'duration', 'tactics']"
2026-07-16T20:52:48.280796,17858,football_uefa,?,json_manip,field_join,bert,0.0,0.006,[],"['id', 'index', 'period', 'timestamp', 'minute', 'second', 'type', 'possession', 'possession_team', 'play_pattern', 'team', 'duration', 'tactics']"
2026-07-16T20:52:48.280811,17866,football_uefa,?,json_manip,scalar_to_array,bert,0.0,0.006,[],"['id', 'index', 'period', 'timestamp', 'minute', 'second', 'type', 'possession', 'possession_team', 'play_pattern', 'team', 'duration', 'tactics']"
2026-07-16T20:52:48.280860,17871,football_uefa,?,json_manip,null_injection,bert,0.0,0.004,[],"['id', 'index', 'period', 'timestamp', 'minute', 'second', 'type', 'possession', 'possession_team', 'play_pattern', 'team', 'duration', 'tactics']"
2026-07-16T20:52:48.280876,17875,football_uefa,?,json_manip,array_to_scalar,bert,0.0,0.004,[],"['id', 'index', 'period', 'timestamp', 'minute', 'second', 'type', 'possession', 'possession_team', 'play_pattern', 'team', 'duration', 'tactics']"
2026-07-16T20:52:48.280892,17885,football_uefa,?,json_manip,array_expansion,bert,0.0,0.004,[],"['id', 'index', 'period', 'timestamp', 'minute', 'second', 'type', 'possession', 'possession_team', 'play_pattern', 'team', 'duration', 'tactics']"
2026-07-16T20:52:48.280909,17900,football_uefa,?,json_manip,default_value_inject,bert,0.0,0.004,[],"['id', 'index', 'period', 'timestamp', 'minute', 'second', 'type', 'possession', 'possession_team', 'play_pattern', 'team', 'duration', 'tactics']"
2026-07-16T20:52:48.280954,17909,football_uefa,?,json_manip,field_split,bert,0.0,0.003,[],"['id', 'index', 'period', 'timestamp', 'minute', 'second', 'type', 'possession', 'possession_team', 'play_pattern', 'team', 'duration', 'tactics']"
2026-07-16T20:52:48.280973,17949,football_uefa,?,json_manip,scalar_to_array,bert,0.0,0.003,[],"['id', 'index', 'period', 'timestamp', 'minute', 'second', 'type', 'possession', 'possession_team', 'play_pattern', 'team', 'duration', 'tactics']"
2026-07-16T20:52:48.280989,17960,football_uefa,?,json_manip,null_injection,bert,0.0,0.003,[],"['id', 'index', 'period', 'timestamp', 'minute', 'second', 'type', 'possession', 'possession_team', 'play_pattern', 'team', 'duration', 'tactics']"
2026-07-16T20:52:48.281006,17961,football_uefa,?,json_manip,scalar_to_array,bert,0.0,0.003,[],"['id', 'index', 'period', 'timestamp', 'minute', 'second', 'type', 'possession', 'possession_team', 'play_pattern', 'team', 'duration', 'tactics']"
2026-07-16T20:52:48.281054,17968,football_uefa,?,json_manip,array_expansion,bert,0.0,0.004,[],"['id', 'index', 'period', 'timestamp', 'minute', 'second', 'type', 'possession', 'possession_team', 'play_pattern', 'team', 'duration', 'tactics']"
2026-07-16T20:52:48.281089,17972,football_uefa,?,json_manip,field_merge_value,bert,0.0,0.004,[],"['id', 'index', 'period', 'timestamp', 'minute', 'second', 'type', 'possession', 'possession_team', 'play_pattern', 'team', 'duration', 'tactics']"
2026-07-16T20:52:48.281105,17984,football_uefa,?,json_manip,outlier_injection,bert,0.0,0.004,[],"['id', 'index', 'period', 'timestamp', 'minute', 'second', 'type', 'possession', 'possession_team', 'play_pattern', 'team', 'duration', 'tactics']"
2026-07-16T20:52:48.281118,17985,football_uefa,?,json_manip,field_split,bert,0.0,0.004,[],"['id', 'index', 'period', 'timestamp', 'minute', 'second', 'type', 'possession', 'possession_team', 'play_pattern', 'team', 'duration', 'tactics']"
2026-07-16T20:52:48.281163,17988,football_uefa,?,json_manip,variable_drop,bert,0.0,0.003,[],"['id', 'index', 'period', 'timestamp', 'minute', 'second', 'type', 'possession', 'possession_team', 'play_pattern', 'team', 'duration', 'tactics']"
2026-07-16T20:52:48.281178,18001,football_uefa,?,json_manip,field_split,bert,0.0,0.003,[],"['id', 'index', 'period', 'timestamp', 'minute', 'second', 'type', 'possession', 'possession_team', 'play_pattern', 'team', 'duration', 'tactics']"
2026-07-16T20:52:48.281192,18002,football_uefa,?,json_manip,duplicate_field_inject,bert,0.0,0.003,[],"['id', 'index', 'period', 'timestamp', 'minute', 'second', 'type', 'possession', 'possession_team', 'play_pattern', 'team', 'duration', 'tactics']"
2026-07-16T20:52:48.281216,18012,football_uefa,?,json_manip,duplicate_field_inject,bert,0.0,0.003,[],"['id', 'index', 'period', 'timestamp', 'minute', 'second', 'type', 'possession', 'possession_team', 'play_pattern', 'team', 'duration', 'tactics']"
2026-07-16T20:52:48.281271,18018,football_uefa,?,json_manip,null_injection,bert,0.0,0.005,[],"['id', 'index', 'period', 'timestamp', 'minute', 'second', 'type', 'possession', 'possession_team', 'play_pattern', 'team', 'duration', 'tactics']"
2026-07-16T20:52:48.281288,18025,football_uefa,?,json_manip,field_join,bert,0.0,0.005,[],"['id', 'index', 'period', 'timestamp', 'minute', 'second', 'type', 'possession', 'possession_team', 'play_pattern', 'team', 'duration', 'tactics']"
2026-07-16T20:52:48.281305,18032,football_uefa,?,json_manip,array_expansion,bert,0.0,0.005,[],"['id', 'index', 'period', 'timestamp', 'minute', 'second', 'type', 'possession', 'possession_team', 'play_pattern', 'team', 'duration', 'tactics']"
2026-07-16T20:52:48.281320,18045,football_uefa,?,json_manip,array_to_scalar,bert,0.0,0.005,[],"['id', 'index', 'period', 'timestamp', 'minute', 'second', 'type', 'possession', 'possession_team', 'play_pattern', 'team', 'duration', 'tactics']"
2026-07-16T20:52:48.281381,18047,football_uefa,?,json_manip,null_injection,bert,0.0,0.005,[],"['id', 'index', 'period', 'timestamp', 'minute', 'second', 'type', 'possession', 'possession_team', 'play_pattern', 'team', 'duration', 'tactics']"
2026-07-16T20:52:48.281400,18072,football_uefa,?,json_manip,field_merge_value,bert,0.0,0.005,[],"['id', 'index', 'period', 'timestamp', 'minute', 'second', 'type', 'possession', 'possession_team', 'play_pattern', 'team', 'duration', 'tactics']"
2026-07-16T20:52:48.281417,18078,football_uefa,?,json_manip,default_value_inject,bert,0.0,0.005,[],"['id', 'index', 'period', 'timestamp', 'minute', 'second', 'type', 'possession', 'possession_team', 'play_pattern', 'team', 'duration', 'tactics']"
2026-07-16T20:52:48.281434,18092,football_uefa,?,json_manip,field_split,bert,0.0,0.005,[],"['id', 'index', 'period', 'timestamp', 'minute', 'second', 'type', 'possession', 'possession_team', 'play_pattern', 'team', 'duration', 'tactics']"
2026-07-16T20:52:48.281481,18096,football_uefa,?,json_manip,scalar_to_array,bert,0.0,0.004,[],"['id', 'index', 'period', 'timestamp', 'minute', 'second', 'type', 'possession', 'possession_team', 'play_pattern', 'team', 'duration', 'tactics']"
2026-07-16T20:52:48.281497,18102,football_uefa,?,json_manip,null_injection,bert,0.0,0.004,[],"['id', 'index', 'period', 'timestamp', 'minute', 'second', 'type', 'possession', 'possession_team', 'play_pattern', 'team', 'duration', 'tactics']"
2026-07-16T20:52:48.281513,18105,football_uefa,?,json_manip,field_join,bert,0.0,0.004,[],"['id', 'index', 'period', 'timestamp', 'minute', 'second', 'type', 'possession', 'possession_team', 'play_pattern', 'team', 'duration', 'tactics']"
2026-07-16T20:52:48.281528,18111,football_uefa,?,json_manip,field_split,bert,0.0,0.004,[],"['id', 'index', 'period', 'timestamp', 'minute', 'second', 'type', 'possession', 'possession_team', 'play_pattern', 'team', 'duration', 'tactics']"
2026-07-16T20:52:48.281568,18114,football_uefa,?,json_manip,field_split,bert,0.0,0.002,[],"['id', 'index', 'period', 'timestamp', 'minute', 'second', 'type', 'possession', 'possession_team', 'play_pattern', 'team', 'duration', 'tactics']"
2026-07-16T20:52:48.281581,18115,football_uefa,?,json_manip,variable_drop,bert,0.0,0.002,[],"['id', 'index', 'period', 'timestamp', 'minute', 'second', 'type', 'possession', 'possession_team', 'play_pattern', 'team', 'duration', 'tactics']"
2026-07-16T20:52:48.281595,18116,football_uefa,?,json_manip,field_join,bert,0.0,0.002,[],"['id', 'index', 'period', 'timestamp', 'minute', 'second', 'type', 'possession', 'possession_team', 'play_pattern', 'team', 'duration', 'tactics']"
2026-07-16T20:52:48.281610,18117,football_uefa,?,json_manip,array_expansion,bert,0.0,0.002,[],"['id', 'index', 'period', 'timestamp', 'minute', 'second', 'type', 'possession', 'possession_team', 'play_pattern', 'team', 'duration', 'tactics']"
2026-07-16T20:52:48.281678,18125,football_uefa,?,json_manip,field_merge_value,bert,0.0,0.005,[],"['id', 'index', 'period', 'timestamp', 'minute', 'second', 'type', 'possession', 'possession_team', 'play_pattern', 'team', 'duration', 'tactics']"
2026-07-16T20:52:48.281695,18160,football_uefa,?,json_manip,field_join,bert,0.0,0.005,[],"['id', 'index', 'period', 'timestamp', 'minute', 'second', 'type', 'possession', 'possession_team', 'play_pattern', 'team', 'duration', 'tactics']"
2026-07-16T20:52:48.281711,18164,football_uefa,?,json_manip,outlier_injection,bert,0.0,0.005,[],"['id', 'index', 'period', 'timestamp', 'minute', 'second', 'type', 'possession', 'possession_team', 'play_pattern', 'team', 'duration', 'tactics']"
2026-07-16T20:52:48.281725,18166,football_uefa,?,json_manip,default_value_inject,bert,0.0,0.005,[],"['id', 'index', 'period', 'timestamp', 'minute', 'second', 'type', 'possession', 'possession_team', 'play_pattern', 'team', 'duration', 'tactics']"
2026-07-16T20:52:48.281809,18173,football_uefa,?,json_manip,field_merge_value,bert,0.0,0.006,[],"['id', 'index', 'period', 'timestamp', 'minute', 'second', 'type', 'possession', 'possession_team', 'play_pattern', 'team', 'duration', 'tactics']"
2026-07-16T20:52:48.281825,18185,football_uefa,?,json_manip,array_expansion,bert,0.0,0.006,[],"['id', 'index', 'period', 'timestamp', 'minute', 'second', 'type', 'possession', 'possession_team', 'play_pattern', 'team', 'duration', 'tactics']"
2026-07-16T20:52:48.281841,18206,football_uefa,?,json_manip,outlier_injection,bert,0.0,0.006,[],"['id', 'index', 'period', 'timestamp', 'minute', 'second', 'type', 'possession', 'possession_team', 'play_pattern', 'team', 'duration', 'tactics']"
2026-07-16T20:52:48.281857,18209,football_uefa,?,json_manip,variable_drop,bert,0.0,0.006,[],"['id', 'index', 'period', 'timestamp', 'minute', 'second', 'type', 'possession', 'possession_team', 'play_pattern', 'team', 'duration', 'tactics']"
2026-07-16T20:52:48.281934,18218,football_uefa,?,json_manip,field_join,bert,0.0,0.004,[],"['id', 'index', 'period', 'timestamp', 'minute', 'second', 'type', 'possession', 'possession_team', 'play_pattern', 'team', 'duration', 'tactics']"
2026-07-16T20:52:48.281949,18225,football_uefa,?,json_manip,outlier_injection,bert,0.0,0.004,[],"['id', 'index', 'period', 'timestamp', 'minute', 'second', 'type', 'possession', 'possession_team', 'play_pattern', 'team', 'duration', 'tactics']"
2026-07-16T20:52:48.281967,18254,football_uefa,?,json_manip,null_injection,bert,0.0,0.004,[],"['id', 'index', 'period', 'timestamp', 'minute', 'second', 'type', 'possession', 'possession_team', 'play_pattern', 'team', 'duration', 'tactics']"
2026-07-16T20:52:48.281988,18260,football_uefa,?,json_manip,field_split,bert,0.0,0.004,[],"['id', 'index', 'period', 'timestamp', 'minute', 'second', 'type', 'possession', 'possession_team', 'play_pattern', 'team', 'duration', 'tactics']"
2026-07-16T20:52:48.282033,18273,football_uefa,?,json_manip,field_merge_value,bert,0.0,0.004,[],"['id', 'index', 'period', 'timestamp', 'minute', 'second', 'type', 'possession', 'possession_team', 'play_pattern', 'team', 'duration', 'tactics']"
2026-07-16T20:52:48.282048,18276,football_uefa,?,json_manip,default_value_inject,bert,0.0,0.004,[],"['id', 'index', 'period', 'timestamp', 'minute', 'second', 'type', 'possession', 'possession_team', 'play_pattern', 'team', 'duration', 'tactics']"
2026-07-16T20:52:48.282062,18277,football_uefa,?,json_manip,outlier_injection,bert,0.0,0.004,[],"['id', 'index', 'period', 'timestamp', 'minute', 'second', 'type', 'possession', 'possession_team', 'play_pattern', 'team', 'duration', 'tactics']"
2026-07-16T20:52:48.282077,18287,football_uefa,?,json_manip,array_expansion,bert,0.0,0.004,[],"['id', 'index', 'period', 'timestamp', 'minute', 'second', 'type', 'possession', 'possession_team', 'play_pattern', 'team', 'duration', 'tactics']"
2026-07-16T20:52:48.282146,18321,football_uefa,?,json_manip,variable_drop,bert,0.0,0.006,[],"['id', 'index', 'period', 'timestamp', 'minute', 'second', 'type', 'possession', 'possession_team', 'play_pattern', 'team', 'duration', 'tactics']"
2026-07-16T20:52:48.282164,18326,football_uefa,?,json_manip,variable_drop,bert,0.0,0.006,[],"['id', 'index', 'period', 'timestamp', 'minute', 'second', 'type', 'possession', 'possession_team', 'play_pattern', 'team', 'duration', 'tactics']"
2026-07-16T20:52:48.282184,18331,football_uefa,?,json_manip,default_value_inject,bert,0.0,0.006,[],"['id', 'index', 'period', 'timestamp', 'minute', 'second', 'type', 'possession', 'possession_team', 'play_pattern', 'team', 'duration', 'tactics']"
2026-07-16T20:52:48.282200,18334,football_uefa,?,json_manip,field_join,bert,0.0,0.006,[],"['id', 'index', 'period', 'timestamp', 'minute', 'second', 'type', 'possession', 'possession_team', 'play_pattern', 'team', 'duration', 'tactics']"
2026-07-16T20:52:48.282269,18342,football_uefa,?,json_manip,duplicate_field_inject,bert,0.0,0.005,[],"['id', 'index', 'period', 'timestamp', 'minute', 'second', 'type', 'possession', 'possession_team', 'play_pattern', 'team', 'duration', 'tactics']"
2026-07-16T20:52:48.282283,18343,football_uefa,?,json_manip,field_merge_value,bert,0.0,0.005,[],"['id', 'index', 'period', 'timestamp', 'minute', 'second', 'type', 'possession', 'possession_team', 'play_pattern', 'team', 'duration', 'tactics']"
2026-07-16T20:52:48.282299,18364,football_uefa,?,json_manip,outlier_injection,bert,0.0,0.005,[],"['id', 'index', 'period', 'timestamp', 'minute', 'second', 'type', 'possession', 'possession_team', 'play_pattern', 'team', 'duration', 'tactics']"
2026-07-16T20:52:48.282319,18373,football_uefa,?,json_manip,array_expansion,bert,0.0,0.005,[],"['id', 'index', 'period', 'timestamp', 'minute', 'second', 'type', 'possession', 'possession_team', 'play_pattern', 'team', 'duration', 'tactics']"
2026-07-16T20:52:48.282378,18376,football_uefa,?,json_manip,array_to_scalar,bert,0.0,0.007,[],"['id', 'index', 'period', 'timestamp', 'minute', 'second', 'type', 'possession', 'possession_team', 'play_pattern', 'team', 'duration', 'tactics']"
2026-07-16T20:52:48.282395,18378,football_uefa,?,json_manip,variable_drop,bert,0.0,0.007,[],"['id', 'index', 'period', 'timestamp', 'minute', 'second', 'type', 'possession', 'possession_team', 'play_pattern', 'team', 'duration', 'tactics']"
2026-07-16T20:52:48.282411,18389,football_uefa,?,json_manip,duplicate_field_inject,bert,0.0,0.007,[],"['id', 'index', 'period', 'timestamp', 'minute', 'second', 'type', 'possession', 'possession_team', 'play_pattern', 'team', 'duration', 'tactics']"
2026-07-16T20:52:48.282429,18394,football_uefa,?,json_manip,scalar_to_array,bert,0.0,0.007,[],"['id', 'index', 'period', 'timestamp', 'minute', 'second', 'type', 'possession', 'possession_team', 'play_pattern', 'team', 'duration', 'tactics']"
2026-07-16T20:52:48.282488,18417,football_uefa,?,json_manip,default_value_inject,bert,0.0,0.005,[],"['id', 'index', 'period', 'timestamp', 'minute', 'second', 'type', 'possession', 'possession_team', 'play_pattern', 'team', 'duration', 'tactics']"
2026-07-16T20:52:48.282505,18423,football_uefa,?,json_manip,duplicate_field_inject,bert,0.0,0.005,[],"['id', 'index', 'period', 'timestamp', 'minute', 'second', 'type', 'possession', 'possession_team', 'play_pattern', 'team', 'duration', 'tactics']"
2026-07-16T20:52:48.282524,18436,football_uefa,?,json_manip,array_to_scalar,bert,0.0,0.005,[],"['id', 'index', 'period', 'timestamp', 'minute', 'second', 'type', 'possession', 'possession_team', 'play_pattern', 'team', 'duration', 'tactics']"
2026-07-16T20:52:48.282542,18449,football_uefa,?,json_manip,duplicate_field_inject,bert,0.0,0.005,[],"['id', 'index', 'period', 'timestamp', 'minute', 'second', 'type', 'possession', 'possession_team', 'play_pattern', 'team', 'duration', 'tactics']"
2026-07-16T20:52:48.282597,18457,football_uefa,?,json_manip,array_to_scalar,bert,0.0,0.006,[],"['id', 'index', 'period', 'timestamp', 'minute', 'second', 'type', 'possession', 'possession_team', 'play_pattern', 'team', 'duration', 'tactics']"
2026-07-16T20:52:48.282615,18468,football_uefa,?,json_manip,field_merge_value,bert,0.0,0.006,[],"['id', 'index', 'period', 'timestamp', 'minute', 'second', 'type', 'possession', 'possession_team', 'play_pattern', 'team', 'duration', 'tactics']"
2026-07-16T20:52:48.282633,18501,football_uefa,?,json_manip,scalar_to_array,bert,0.0,0.006,[],"['id', 'index', 'period', 'timestamp', 'minute', 'second', 'type', 'possession', 'possession_team', 'play_pattern', 'team', 'duration', 'tactics']"
2026-07-16T20:52:48.282648,18510,football_uefa,?,json_manip,field_split,bert,0.0,0.006,[],"['id', 'index', 'period', 'timestamp', 'minute', 'second', 'type', 'possession', 'possession_team', 'play_pattern', 'team', 'duration', 'tactics']"
2026-07-16T20:52:48.282703,18520,football_uefa,?,json_manip,outlier_injection,bert,0.0,0.005,[],"['id', 'index', 'period', 'timestamp', 'minute', 'second', 'type', 'possession', 'possession_team', 'play_pattern', 'team', 'duration', 'tactics']"
2026-07-16T20:52:48.282724,18534,football_uefa,?,json_manip,scalar_to_array,bert,0.0,0.005,[],"['id', 'index', 'period', 'timestamp', 'minute', 'second', 'type', 'possession', 'possession_team', 'play_pattern', 'team', 'duration', 'tactics']"
2026-07-16T20:52:48.282740,18542,football_uefa,?,json_manip,duplicate_field_inject,bert,0.0,0.005,[],"['id', 'index', 'period', 'timestamp', 'minute', 'second', 'type', 'possession', 'possession_team', 'play_pattern', 'team', 'duration', 'tactics']"
2026-07-16T20:52:48.282759,18549,football_uefa,?,json_manip,variable_drop,bert,0.0,0.005,[],"['id', 'index', 'period', 'timestamp', 'minute', 'second', 'type', 'possession', 'possession_team', 'play_pattern', 'team', 'duration', 'tactics']"
2026-07-16T20:52:48.282823,18565,football_uefa,?,json_manip,field_join,bert,0.0,0.007,[],"['id', 'index', 'period', 'timestamp', 'minute', 'second', 'type', 'possession', 'possession_team', 'play_pattern', 'team', 'duration', 'tactics']"
2026-07-16T20:52:48.282846,18576,football_uefa,?,json_manip,null_injection,bert,0.0,0.007,[],"['id', 'index', 'period', 'timestamp', 'minute', 'second', 'type', 'possession', 'possession_team', 'play_pattern', 'team', 'duration', 'tactics']"
2026-07-16T20:52:48.282861,18591,football_uefa,?,json_manip,array_expansion,bert,0.0,0.007,[],"['id', 'index', 'period', 'timestamp', 'minute', 'second', 'type', 'possession', 'possession_team', 'play_pattern', 'team', 'duration', 'tactics']"
2026-07-16T20:52:48.282877,18601,football_uefa,?,json_manip,scalar_to_array,bert,0.0,0.007,[],"['id', 'index', 'period', 'timestamp', 'minute', 'second', 'type', 'possession', 'possession_team', 'play_pattern', 'team', 'duration', 'tactics']"
2026-07-16T20:52:48.282932,18604,football_uefa,?,json_manip,field_split,bert,0.0,0.006,[],"['id', 'index', 'period', 'timestamp', 'minute', 'second', 'type', 'possession', 'possession_team', 'play_pattern', 'team', 'duration', 'tactics']"
2026-07-16T20:52:48.282951,18624,football_uefa,?,json_manip,field_split,bert,0.0,0.006,[],"['id', 'index', 'period', 'timestamp', 'minute', 'second', 'type', 'possession', 'possession_team', 'play_pattern', 'team', 'duration', 'tactics']"
2026-07-16T20:52:48.282966,18625,football_uefa,?,json_manip,field_merge_value,bert,0.0,0.006,[],"['id', 'index', 'period', 'timestamp', 'minute', 'second', 'type', 'possession', 'possession_team', 'play_pattern', 'team', 'duration', 'tactics']"
2026-07-16T20:52:48.282979,18627,football_uefa,?,json_manip,default_value_inject,bert,0.0,0.006,[],"['id', 'index', 'period', 'timestamp', 'minute', 'second', 'type', 'possession', 'possession_team', 'play_pattern', 'team', 'duration', 'tactics']"
2026-07-16T20:52:48.283035,18641,football_uefa,?,json_manip,array_expansion,bert,0.0,0.005,[],"['id', 'index', 'period', 'timestamp', 'minute', 'second', 'type', 'possession', 'possession_team', 'play_pattern', 'team', 'duration', 'tactics']"
2026-07-16T20:52:48.283059,18645,football_uefa,?,json_manip,field_join,bert,0.0,0.005,[],"['id', 'index', 'period', 'timestamp', 'minute', 'second', 'type', 'possession', 'possession_team', 'play_pattern', 'team', 'duration', 'tactics']"
2026-07-16T20:52:48.283078,18654,football_uefa,?,json_manip,field_merge_value,bert,0.0,0.005,[],"['id', 'index', 'period', 'timestamp', 'minute', 'second', 'type', 'possession', 'possession_team', 'play_pattern', 'team', 'duration', 'tactics']"
2026-07-16T20:52:48.283094,18675,football_uefa,?,json_manip,null_injection,bert,0.0,0.005,[],"['id', 'index', 'period', 'timestamp', 'minute', 'second', 'type', 'possession', 'possession_team', 'play_pattern', 'team', 'duration', 'tactics']"
2026-07-16T20:52:48.283157,18683,football_uefa,?,json_manip,duplicate_field_inject,bert,0.0,0.006,[],"['id', 'index', 'period', 'timestamp', 'minute', 'second', 'type', 'possession', 'possession_team', 'play_pattern', 'team', 'duration', 'tactics']"
2026-07-16T20:52:48.283171,18684,football_uefa,?,json_manip,field_join,bert,0.0,0.006,[],"['id', 'index', 'period', 'timestamp', 'minute', 'second', 'type', 'possession', 'possession_team', 'play_pattern', 'team', 'duration', 'tactics']"
2026-07-16T20:52:48.283193,18707,football_uefa,?,json_manip,null_injection,bert,0.0,0.006,[],"['id', 'index', 'period', 'timestamp', 'minute', 'second', 'type', 'possession', 'possession_team', 'play_pattern', 'team', 'duration', 'tactics']"
2026-07-16T20:52:48.283209,18723,football_uefa,?,json_manip,scalar_to_array,bert,0.0,0.006,[],"['id', 'index', 'period', 'timestamp', 'minute', 'second', 'type', 'possession', 'possession_team', 'play_pattern', 'team', 'duration', 'tactics']"
2026-07-16T20:52:48.283263,18741,football_uefa,?,json_manip,variable_drop,bert,0.0,0.005,[],"['id', 'index', 'period', 'timestamp', 'minute', 'second', 'type', 'possession', 'possession_team', 'play_pattern', 'team', 'duration', 'tactics']"
2026-07-16T20:52:48.283281,18743,football_uefa,?,json_manip,field_split,bert,0.0,0.005,[],"['id', 'index', 'period', 'timestamp', 'minute', 'second', 'type', 'possession', 'possession_team', 'play_pattern', 'team', 'duration', 'tactics']"
2026-07-16T20:52:48.283300,18776,football_uefa,?,json_manip,outlier_injection,bert,0.0,0.005,[],"['id', 'index', 'period', 'timestamp', 'minute', 'second', 'type', 'possession', 'possession_team', 'play_pattern', 'team', 'duration', 'tactics']"
2026-07-16T20:52:48.283316,18779,football_uefa,?,json_manip,array_expansion,bert,0.0,0.005,[],"['id', 'index', 'period', 'timestamp', 'minute', 'second', 'type', 'possession', 'possession_team', 'play_pattern', 'team', 'duration', 'tactics']"
2026-07-16T20:52:48.283369,18784,football_uefa,?,json_manip,duplicate_field_inject,bert,0.0,0.006,[],"['id', 'index', 'period', 'timestamp', 'minute', 'second', 'type', 'possession', 'possession_team', 'play_pattern', 'team', 'duration', 'tactics']"
2026-07-16T20:52:48.283383,18785,football_uefa,?,json_manip,field_split,bert,0.0,0.006,[],"['id', 'index', 'period', 'timestamp', 'minute', 'second', 'type', 'possession', 'possession_team', 'play_pattern', 'team', 'duration', 'tactics']"
2026-07-16T20:52:48.283401,18794,football_uefa,?,json_manip,field_join,bert,0.0,0.006,[],"['id', 'index', 'period', 'timestamp', 'minute', 'second', 'type', 'possession', 'possession_team', 'play_pattern', 'team', 'duration', 'tactics']"
2026-07-16T20:52:48.283418,18810,football_uefa,?,json_manip,variable_drop,bert,0.0,0.006,[],"['id', 'index', 'period', 'timestamp', 'minute', 'second', 'type', 'possession', 'possession_team', 'play_pattern', 'team', 'duration', 'tactics']"
2026-07-16T20:52:48.283492,18813,football_uefa,?,json_manip,array_to_scalar,bert,0.0,0.003,[],"['id', 'index', 'period', 'timestamp', 'minute', 'second', 'type', 'possession', 'possession_team', 'play_pattern', 'team', 'duration', 'tactics']"
2026-07-16T20:52:48.283508,18814,football_uefa,?,json_manip,duplicate_field_inject,bert,0.0,0.003,[],"['id', 'index', 'period', 'timestamp', 'minute', 'second', 'type', 'possession', 'possession_team', 'play_pattern', 'team', 'duration', 'tactics']"
2026-07-16T20:52:48.283525,18824,football_uefa,?,json_manip,field_merge_value,bert,0.0,0.003,[],"['id', 'index', 'period', 'timestamp', 'minute', 'second', 'type', 'possession', 'possession_team', 'play_pattern', 'team', 'duration', 'tactics']"
2026-07-16T20:52:48.283542,18826,football_uefa,?,json_manip,null_injection,bert,0.0,0.003,[],"['id', 'index', 'period', 'timestamp', 'minute', 'second', 'type', 'possession', 'possession_team', 'play_pattern', 'team', 'duration', 'tactics']"
2026-07-16T20:52:48.283580,18827,football_uefa,?,json_manip,duplicate_field_inject,bert,0.0,0.004,[],"['id', 'index', 'period', 'timestamp', 'minute', 'second', 'type', 'possession', 'possession_team', 'play_pattern', 'team', 'duration', 'tactics']"
2026-07-16T20:52:48.283597,18831,football_uefa,?,json_manip,duplicate_field_inject,bert,0.0,0.004,[],"['id', 'index', 'period', 'timestamp', 'minute', 'second', 'type', 'possession', 'possession_team', 'play_pattern', 'team', 'duration', 'tactics']"
2026-07-16T20:52:48.283610,18832,football_uefa,?,json_manip,array_to_scalar,bert,0.0,0.004,[],"['id', 'index', 'period', 'timestamp', 'minute', 'second', 'type', 'possession', 'possession_team', 'play_pattern', 'team', 'duration', 'tactics']"
2026-07-16T20:52:48.283628,18836,football_uefa,?,json_manip,field_merge_value,bert,0.0,0.004,[],"['id', 'index', 'period', 'timestamp', 'minute', 'second', 'type', 'possession', 'possession_team', 'play_pattern', 'team', 'duration', 'tactics']"
2026-07-16T20:52:48.283681,18841,football_uefa,?,json_manip,scalar_to_array,bert,0.0,0.005,[],"['id', 'index', 'period', 'timestamp', 'minute', 'second', 'type', 'possession', 'possession_team', 'play_pattern', 'team', 'duration', 'tactics']"
2026-07-16T20:52:48.283701,18861,football_uefa,?,json_manip,field_split,bert,0.0,0.005,[],"['id', 'index', 'period', 'timestamp', 'minute', 'second', 'type', 'possession', 'possession_team', 'play_pattern', 'team', 'duration', 'tactics']"
2026-07-16T20:52:48.283719,18865,football_uefa,?,json_manip,array_to_scalar,bert,0.0,0.005,[],"['id', 'index', 'period', 'timestamp', 'minute', 'second', 'type', 'possession', 'possession_team', 'play_pattern', 'team', 'duration', 'tactics']"
2026-07-16T20:52:48.283735,18869,football_uefa,?,json_manip,default_value_inject,bert,0.0,0.005,[],"['id', 'index', 'period', 'timestamp', 'minute', 'second', 'type', 'possession', 'possession_team', 'play_pattern', 'team', 'duration', 'tactics']"
2026-07-16T20:52:48.283900,18879,football_uefa,?,json_manip,scalar_to_array,bert,0.0,0.005,[],"['id', 'index', 'period', 'timestamp', 'minute', 'second', 'type', 'possession', 'possession_team', 'play_pattern', 'team', 'duration', 'tactics']"
2026-07-16T20:52:48.283924,18883,football_uefa,?,json_manip,array_expansion,bert,0.0,0.005,[],"['id', 'index', 'period', 'timestamp', 'minute', 'second', 'type', 'possession', 'possession_team', 'play_pattern', 'team', 'duration', 'tactics']"
2026-07-16T20:52:48.283948,18892,football_uefa,?,json_manip,default_value_inject,bert,0.0,0.005,[],"['id', 'index', 'period', 'timestamp', 'minute', 'second', 'type', 'possession', 'possession_team', 'play_pattern', 'team', 'duration', 'tactics']"
2026-07-16T20:52:48.283967,18900,football_uefa,?,json_manip,duplicate_field_inject,bert,0.0,0.005,[],"['id', 'index', 'period', 'timestamp', 'minute', 'second', 'type', 'possession', 'possession_team', 'play_pattern', 'team', 'duration', 'tactics']"
2026-07-16T20:52:48.284011,18902,football_uefa,?,json_manip,field_join,bert,0.0,0.003,[],"['id', 'index', 'period', 'timestamp', 'minute', 'second', 'type', 'possession', 'possession_team', 'play_pattern', 'team', 'duration', 'tactics']"
2026-07-16T20:52:48.284030,18912,football_uefa,?,json_manip,field_split,bert,0.0,0.003,[],"['id', 'index', 'period', 'timestamp', 'minute', 'second', 'type', 'possession', 'possession_team', 'play_pattern', 'team', 'duration', 'tactics']"
2026-07-16T20:52:48.284106,18913,football_uefa,?,json_manip,field_split,bert,0.0,0.003,[],"['id', 'index', 'period', 'timestamp', 'minute', 'second', 'type', 'possession', 'possession_team', 'play_pattern', 'team', 'duration', 'tactics']"
2026-07-16T20:52:48.284123,18915,football_uefa,?,json_manip,duplicate_field_inject,bert,0.0,0.003,[],"['id', 'index', 'period', 'timestamp', 'minute', 'second', 'type', 'possession', 'possession_team', 'play_pattern', 'team', 'duration', 'tactics']"
2026-07-16T20:52:48.284170,18924,football_uefa,?,json_manip,field_merge_value,bert,0.0,0.004,[],"['id', 'index', 'period', 'timestamp', 'minute', 'second', 'type', 'possession', 'possession_team', 'play_pattern', 'team', 'duration', 'tactics']"
2026-07-16T20:52:48.284183,18925,football_uefa,?,json_manip,field_merge_value,bert,0.0,0.004,[],"['id', 'index', 'period', 'timestamp', 'minute', 'second', 'type', 'possession', 'possession_team', 'play_pattern', 'team', 'duration', 'tactics']"
2026-07-16T20:52:48.284201,18926,football_uefa,?,json_manip,array_to_scalar,bert,0.0,0.004,[],"['id', 'index', 'period', 'timestamp', 'minute', 'second', 'type', 'possession', 'possession_team', 'play_pattern', 'team', 'duration', 'tactics']"
2026-07-16T20:52:48.284220,18936,football_uefa,?,json_manip,field_split,bert,0.0,0.004,[],"['id', 'index', 'period', 'timestamp', 'minute', 'second', 'type', 'possession', 'possession_team', 'play_pattern', 'team', 'duration', 'tactics']"
2026-07-16T20:52:48.284272,18947,football_uefa,?,json_manip,field_join,bert,0.0,0.005,[],"['id', 'index', 'period', 'timestamp', 'minute', 'second', 'type', 'possession', 'possession_team', 'play_pattern', 'team', 'duration', 'tactics']"
2026-07-16T20:52:48.284290,18957,football_uefa,?,json_manip,outlier_injection,bert,0.0,0.005,[],"['id', 'index', 'period', 'timestamp', 'minute', 'second', 'type', 'possession', 'possession_team', 'play_pattern', 'team', 'duration', 'tactics']"
2026-07-16T20:52:48.284307,18968,football_uefa,?,json_manip,variable_drop,bert,0.0,0.005,[],"['id', 'index', 'period', 'timestamp', 'minute', 'second', 'type', 'possession', 'possession_team', 'play_pattern', 'team', 'duration', 'tactics']"
2026-07-16T20:52:48.284326,18972,football_uefa,?,json_manip,field_split,bert,0.0,0.005,[],"['id', 'index', 'period', 'timestamp', 'minute', 'second', 'type', 'possession', 'possession_team', 'play_pattern', 'team', 'duration', 'tactics']"
2026-07-16T20:52:48.284379,18984,football_uefa,?,json_manip,array_expansion,bert,0.0,0.006,[],"['id', 'index', 'period', 'timestamp', 'minute', 'second', 'type', 'possession', 'possession_team', 'play_pattern', 'team', 'duration', 'tactics']"
2026-07-16T20:52:48.284397,18994,football_uefa,?,json_manip,default_value_inject,bert,0.0,0.006,[],"['id', 'index', 'period', 'timestamp', 'minute', 'second', 'type', 'possession', 'possession_team', 'play_pattern', 'team', 'duration', 'tactics']"
2026-07-16T20:52:48.284413,19000,football_uefa,?,json_manip,array_to_scalar,bert,0.0,0.006,[],"['id', 'index', 'period', 'timestamp', 'minute', 'second', 'type', 'possession', 'possession_team', 'play_pattern', 'team', 'duration', 'tactics']"
2026-07-16T20:52:48.284426,19001,football_uefa,?,json_manip,null_injection,bert,0.0,0.006,[],"['id', 'index', 'period', 'timestamp', 'minute', 'second', 'type', 'possession', 'possession_team', 'play_pattern', 'team', 'duration', 'tactics']"
2026-07-16T20:52:48.284466,19010,football_uefa,?,json_manip,array_to_scalar,bert,0.0,0.004,[],"['id', 'index', 'period', 'timestamp', 'minute', 'second', 'type', 'possession', 'possession_team', 'play_pattern', 'team', 'duration', 'tactics']"
2026-07-16T20:52:48.284485,19012,football_uefa,?,json_manip,default_value_inject,bert,0.0,0.004,[],"['id', 'index', 'period', 'timestamp', 'minute', 'second', 'type', 'possession', 'possession_team', 'play_pattern', 'team', 'duration', 'tactics']"
2026-07-16T20:52:48.284505,19018,football_uefa,?,json_manip,default_value_inject,bert,0.0,0.004,[],"['id', 'index', 'period', 'timestamp', 'minute', 'second', 'type', 'possession', 'possession_team', 'play_pattern', 'team', 'duration', 'tactics']"
2026-07-16T20:52:48.284521,19036,football_uefa,?,json_manip,variable_drop,bert,0.0,0.004,[],"['id', 'index', 'period', 'timestamp', 'minute', 'second', 'type', 'possession', 'possession_team', 'play_pattern', 'team', 'duration', 'tactics']"
2026-07-16T20:52:48.284577,19039,football_uefa,?,json_manip,field_split,bert,0.0,0.005,[],"['id', 'index', 'period', 'timestamp', 'minute', 'second', 'type', 'possession', 'possession_team', 'play_pattern', 'team', 'duration', 'tactics']"
2026-07-16T20:52:48.284597,19064,football_uefa,?,json_manip,scalar_to_array,bert,0.0,0.005,[],"['id', 'index', 'period', 'timestamp', 'minute', 'second', 'type', 'possession', 'possession_team', 'play_pattern', 'team', 'duration', 'tactics']"
2026-07-16T20:52:48.284613,19083,football_uefa,?,json_manip,null_injection,bert,0.0,0.005,[],"['id', 'index', 'period', 'timestamp', 'minute', 'second', 'type', 'possession', 'possession_team', 'play_pattern', 'team', 'duration', 'tactics']"
2026-07-16T20:52:48.284632,19133,football_uefa,?,json_manip,array_expansion,bert,0.0,0.005,[],"['id', 'index', 'period', 'timestamp', 'minute', 'second', 'type', 'possession', 'possession_team', 'play_pattern', 'team', 'duration', 'tactics']"
2026-07-16T20:52:48.284688,19162,football_uefa,?,json_manip,scalar_to_array,bert,0.0,0.007,[],"['id', 'index', 'period', 'timestamp', 'minute', 'second', 'type', 'possession', 'possession_team', 'play_pattern', 'team', 'duration', 'tactics']"
2026-07-16T20:52:48.284708,19167,football_uefa,?,json_manip,outlier_injection,bert,0.0,0.007,[],"['id', 'index', 'period', 'timestamp', 'minute', 'second', 'type', 'possession', 'possession_team', 'play_pattern', 'team', 'duration', 'tactics']"
2026-07-16T20:52:48.284728,19173,football_uefa,?,json_manip,array_expansion,bert,0.0,0.007,[],"['id', 'index', 'period', 'timestamp', 'minute', 'second', 'type', 'possession', 'possession_team', 'play_pattern', 'team', 'duration', 'tactics']"
2026-07-16T20:52:48.284743,19179,football_uefa,?,json_manip,scalar_to_array,bert,0.0,0.007,[],"['id', 'index', 'period', 'timestamp', 'minute', 'second', 'type', 'possession', 'possession_team', 'play_pattern', 'team', 'duration', 'tactics']"
2026-07-16T20:52:48.284800,19190,football_uefa,?,json_manip,array_to_scalar,bert,0.0,0.006,[],"['id', 'index', 'period', 'timestamp', 'minute', 'second', 'type', 'possession', 'possession_team', 'play_pattern', 'team', 'duration', 'tactics']"
2026-07-16T20:52:48.284815,19191,football_uefa,?,json_manip,array_to_scalar,bert,0.0,0.006,[],"['id', 'index', 'period', 'timestamp', 'minute', 'second', 'type', 'possession', 'possession_team', 'play_pattern', 'team', 'duration', 'tactics']"
2026-07-16T20:52:48.284830,19200,football_uefa,?,json_manip,variable_drop,bert,0.0,0.006,[],"['id', 'index', 'period', 'timestamp', 'minute', 'second', 'type', 'possession', 'possession_team', 'play_pattern', 'team', 'duration', 'tactics']"
2026-07-16T20:52:48.284849,19213,football_uefa,?,json_manip,field_split,bert,0.0,0.006,[],"['id', 'index', 'period', 'timestamp', 'minute', 'second', 'type', 'possession', 'possession_team', 'play_pattern', 'team', 'duration', 'tactics']"
2026-07-16T20:52:48.284899,19214,football_uefa,?,json_manip,variable_drop,bert,0.0,0.006,[],"['id', 'index', 'period', 'timestamp', 'minute', 'second', 'type', 'possession', 'possession_team', 'play_pattern', 'team', 'duration', 'tactics']"
2026-07-16T20:52:48.284915,19215,football_uefa,?,json_manip,outlier_injection,bert,0.0,0.006,[],"['id', 'index', 'period', 'timestamp', 'minute', 'second', 'type', 'possession', 'possession_team', 'play_pattern', 'team', 'duration', 'tactics']"
2026-07-16T20:52:48.284931,19220,football_uefa,?,json_manip,scalar_to_array,bert,0.0,0.006,[],"['id', 'index', 'period', 'timestamp', 'minute', 'second', 'type', 'possession', 'possession_team', 'play_pattern', 'team', 'duration', 'tactics']"
2026-07-16T20:52:48.284977,19227,football_uefa,?,json_manip,outlier_injection,bert,0.0,0.006,[],"['id', 'index', 'period', 'timestamp', 'minute', 'second', 'type', 'possession', 'possession_team', 'play_pattern', 'team', 'duration', 'tactics']"
2026-07-16T20:52:48.285029,19229,football_uefa,?,json_manip,field_split,bert,0.0,0.004,[],"['id', 'index', 'period', 'timestamp', 'minute', 'second', 'type', 'possession', 'possession_team', 'play_pattern', 'team', 'duration', 'tactics']"
2026-07-16T20:52:48.285046,19231,football_uefa,?,json_manip,duplicate_field_inject,bert,0.0,0.004,[],"['id', 'index', 'period', 'timestamp', 'minute', 'second', 'type', 'possession', 'possession_team', 'play_pattern', 'team', 'duration', 'tactics']"
2026-07-16T20:52:48.285064,19265,football_uefa,?,json_manip,default_value_inject,bert,0.0,0.004,[],"['id', 'index', 'period', 'timestamp', 'minute', 'second', 'type', 'possession', 'possession_team', 'play_pattern', 'team', 'duration', 'tactics']"
2026-07-16T20:52:48.285085,19291,football_uefa,?,json_manip,array_to_scalar,bert,0.0,0.004,[],"['id', 'index', 'period', 'timestamp', 'minute', 'second', 'type', 'possession', 'possession_team', 'play_pattern', 'team', 'duration', 'tactics']"
2026-07-16T20:52:48.285127,19292,football_uefa,?,json_manip,duplicate_field_inject,bert,0.0,0.002,[],"['id', 'index', 'period', 'timestamp', 'minute', 'second', 'type', 'possession', 'possession_team', 'play_pattern', 'team', 'duration', 'tactics']"
2026-07-16T20:52:48.285142,19293,football_uefa,?,json_manip,null_injection,bert,0.0,0.002,[],"['id', 'index', 'period', 'timestamp', 'minute', 'second', 'type', 'possession', 'possession_team', 'play_pattern', 'team', 'duration', 'tactics']"
2026-07-16T20:52:48.285158,19320,football_uefa,?,json_manip,array_expansion,bert,0.0,0.002,[],"['id', 'index', 'period', 'timestamp', 'minute', 'second', 'type', 'possession', 'possession_team', 'play_pattern', 'team', 'duration', 'tactics']"
2026-07-16T20:52:48.285171,19321,football_uefa,?,json_manip,array_to_scalar,bert,0.0,0.002,[],"['id', 'index', 'period', 'timestamp', 'minute', 'second', 'type', 'possession', 'possession_team', 'play_pattern', 'team', 'duration', 'tactics']"
2026-07-16T20:52:48.285223,19322,football_uefa,?,json_manip,field_join,bert,0.0,0.006,[],"['id', 'index', 'period', 'timestamp', 'minute', 'second', 'type', 'possession', 'possession_team', 'play_pattern', 'team', 'duration', 'tactics']"
2026-07-16T20:52:48.285242,19327,football_uefa,?,json_manip,outlier_injection,bert,0.0,0.006,[],"['id', 'index', 'period', 'timestamp', 'minute', 'second', 'type', 'possession', 'possession_team', 'play_pattern', 'team', 'duration', 'tactics']"
2026-07-16T20:52:48.285260,19342,football_uefa,?,json_manip,field_split,bert,0.0,0.006,[],"['id', 'index', 'period', 'timestamp', 'minute', 'second', 'type', 'possession', 'possession_team', 'play_pattern', 'team', 'duration', 'tactics']"
2026-07-16T20:52:48.285277,19357,football_uefa,?,json_manip,duplicate_field_inject,bert,0.0,0.006,[],"['id', 'index', 'period', 'timestamp', 'minute', 'second', 'type', 'possession', 'possession_team', 'play_pattern', 'team', 'duration', 'tactics']"
2026-07-16T20:52:48.285337,19369,football_uefa,?,json_manip,outlier_injection,bert,0.0,0.005,[],"['id', 'index', 'period', 'timestamp', 'minute', 'second', 'type', 'possession', 'possession_team', 'play_pattern', 'team', 'duration', 'tactics']"
2026-07-16T20:52:48.285360,19418,football_uefa,?,json_manip,field_split,bert,0.0,0.005,[],"['id', 'index', 'period', 'timestamp', 'minute', 'second', 'type', 'possession', 'possession_team', 'play_pattern', 'team', 'duration', 'tactics']"
2026-07-16T20:52:48.285378,19423,football_uefa,?,json_manip,null_injection,bert,0.0,0.005,[],"['id', 'index', 'period', 'timestamp', 'minute', 'second', 'type', 'possession', 'possession_team', 'play_pattern', 'team', 'duration', 'tactics']"
2026-07-16T20:52:48.285396,19451,football_uefa,?,json_manip,null_injection,bert,0.0,0.005,[],"['id', 'index', 'period', 'timestamp', 'minute', 'second', 'type', 'possession', 'possession_team', 'play_pattern', 'team', 'duration', 'tactics']"
2026-07-16T20:52:48.285454,19464,football_uefa,?,json_manip,field_merge_value,bert,0.0,0.005,[],"['id', 'index', 'period', 'timestamp', 'minute', 'second', 'type', 'possession', 'possession_team', 'play_pattern', 'team', 'duration', 'tactics']"
2026-07-16T20:52:48.285476,19498,football_uefa,?,json_manip,scalar_to_array,bert,0.0,0.005,[],"['id', 'index', 'period', 'timestamp', 'minute', 'second', 'type', 'possession', 'possession_team', 'play_pattern', 'team', 'duration', 'tactics']"
2026-07-16T20:52:48.285491,19500,football_uefa,?,json_manip,duplicate_field_inject,bert,0.0,0.005,[],"['id', 'index', 'period', 'timestamp', 'minute', 'second', 'type', 'possession', 'possession_team', 'play_pattern', 'team', 'duration', 'tactics']"
2026-07-16T20:52:48.285507,19512,football_uefa,?,json_manip,null_injection,bert,0.0,0.005,[],"['id', 'index', 'period', 'timestamp', 'minute', 'second', 'type', 'possession', 'possession_team', 'play_pattern', 'team', 'duration', 'tactics']"
2026-07-16T20:52:48.285556,19514,football_uefa,?,json_manip,outlier_injection,bert,0.0,0.004,[],"['id', 'index', 'period', 'timestamp', 'minute', 'second', 'type', 'possession', 'possession_team', 'play_pattern', 'team', 'duration', 'tactics']"
2026-07-16T20:52:48.285576,19533,football_uefa,?,json_manip,outlier_injection,bert,0.0,0.004,[],"['id', 'index', 'period', 'timestamp', 'minute', 'second', 'type', 'possession', 'possession_team', 'play_pattern', 'team', 'duration', 'tactics']"
2026-07-16T20:52:48.285597,19538,football_uefa,?,json_manip,variable_drop,bert,0.0,0.004,[],"['id', 'index', 'period', 'timestamp', 'minute', 'second', 'type', 'possession', 'possession_team', 'play_pattern', 'team', 'duration', 'tactics']"
2026-07-16T20:52:48.285614,19551,football_uefa,?,json_manip,field_split,bert,0.0,0.004,[],"['id', 'index', 'period', 'timestamp', 'minute', 'second', 'type', 'possession', 'possession_team', 'play_pattern', 'team', 'duration', 'tactics']"
2026-07-16T20:52:48.285669,19556,football_uefa,?,json_manip,outlier_injection,bert,0.0,0.005,[],"['id', 'index', 'period', 'timestamp', 'minute', 'second', 'type', 'possession', 'possession_team', 'play_pattern', 'team', 'duration', 'tactics']"
2026-07-16T20:52:48.285688,19559,football_uefa,?,json_manip,default_value_inject,bert,0.0,0.005,[],"['id', 'index', 'period', 'timestamp', 'minute', 'second', 'type', 'possession', 'possession_team', 'play_pattern', 'team', 'duration', 'tactics']"
2026-07-16T20:52:48.285701,19560,football_uefa,?,json_manip,array_to_scalar,bert,0.0,0.005,[],"['id', 'index', 'period', 'timestamp', 'minute', 'second', 'type', 'possession', 'possession_team', 'play_pattern', 'team', 'duration', 'tactics']"
2026-07-16T20:52:48.285720,19580,football_uefa,?,json_manip,default_value_inject,bert,0.0,0.005,[],"['id', 'index', 'period', 'timestamp', 'minute', 'second', 'type', 'possession', 'possession_team', 'play_pattern', 'team', 'duration', 'tactics']"
2026-07-16T20:52:48.285762,19581,football_uefa,?,json_manip,variable_drop,bert,0.0,0.004,[],"['id', 'index', 'period', 'timestamp', 'minute', 'second', 'type', 'possession', 'possession_team', 'play_pattern', 'team', 'duration', 'tactics']"
2026-07-16T20:52:48.285778,19590,football_uefa,?,json_manip,default_value_inject,bert,0.0,0.004,[],"['id', 'index', 'period', 'timestamp', 'minute', 'second', 'type', 'possession', 'possession_team', 'play_pattern', 'team', 'duration', 'tactics']"
2026-07-16T20:52:48.285792,19591,football_uefa,?,json_manip,default_value_inject,bert,0.0,0.004,[],"['id', 'index', 'period', 'timestamp', 'minute', 'second', 'type', 'possession', 'possession_team', 'play_pattern', 'team', 'duration', 'tactics']"
2026-07-16T20:52:48.285808,19609,football_uefa,?,json_manip,scalar_to_array,bert,0.0,0.004,[],"['id', 'index', 'period', 'timestamp', 'minute', 'second', 'type', 'possession', 'possession_team', 'play_pattern', 'team', 'duration', 'tactics']"
2026-07-16T20:52:48.285882,19613,football_uefa,?,json_manip,field_merge_value,bert,0.0,0.007,[],"['id', 'index', 'period', 'timestamp', 'minute', 'second', 'type', 'possession', 'possession_team', 'play_pattern', 'team', 'duration', 'tactics']"
2026-07-16T20:52:48.285899,19645,football_uefa,?,json_manip,duplicate_field_inject,bert,0.0,0.007,[],"['id', 'index', 'period', 'timestamp', 'minute', 'second', 'type', 'possession', 'possession_team', 'play_pattern', 'team', 'duration', 'tactics']"
2026-07-16T20:52:48.285919,19654,football_uefa,?,json_manip,scalar_to_array,bert,0.0,0.007,[],"['id', 'index', 'period', 'timestamp', 'minute', 'second', 'type', 'possession', 'possession_team', 'play_pattern', 'team', 'duration', 'tactics']"
2026-07-16T20:52:48.285935,19669,football_uefa,?,json_manip,duplicate_field_inject,bert,0.0,0.007,[],"['id', 'index', 'period', 'timestamp', 'minute', 'second', 'type', 'possession', 'possession_team', 'play_pattern', 'team', 'duration', 'tactics']"
2026-07-16T20:52:48.285976,19671,football_uefa,?,json_manip,outlier_injection,bert,0.0,0.004,[],"['id', 'index', 'period', 'timestamp', 'minute', 'second', 'type', 'possession', 'possession_team', 'play_pattern', 'team', 'duration', 'tactics']"
2026-07-16T20:52:48.285992,19673,football_uefa,?,json_manip,null_injection,bert,0.0,0.004,[],"['id', 'index', 'period', 'timestamp', 'minute', 'second', 'type', 'possession', 'possession_team', 'play_pattern', 'team', 'duration', 'tactics']"
2026-07-16T20:52:48.286009,19678,football_uefa,?,json_manip,variable_drop,bert,0.0,0.004,[],"['id', 'index', 'period', 'timestamp', 'minute', 'second', 'type', 'possession', 'possession_team', 'play_pattern', 'team', 'duration', 'tactics']"
2026-07-16T20:52:48.286026,19683,football_uefa,?,json_manip,outlier_injection,bert,0.0,0.004,[],"['id', 'index', 'period', 'timestamp', 'minute', 'second', 'type', 'possession', 'possession_team', 'play_pattern', 'team', 'duration', 'tactics']"
2026-07-16T20:52:48.286073,19692,football_uefa,?,json_manip,array_to_scalar,bert,0.0,0.004,[],"['id', 'index', 'period', 'timestamp', 'minute', 'second', 'type', 'possession', 'possession_team', 'play_pattern', 'team', 'duration', 'tactics']"
2026-07-16T20:52:48.286091,19696,football_uefa,?,json_manip,array_to_scalar,bert,0.0,0.004,[],"['id', 'index', 'period', 'timestamp', 'minute', 'second', 'type', 'possession', 'possession_team', 'play_pattern', 'team', 'duration', 'tactics']"
2026-07-16T20:52:48.286107,19699,football_uefa,?,json_manip,duplicate_field_inject,bert,0.0,0.004,[],"['id', 'index', 'period', 'timestamp', 'minute', 'second', 'type', 'possession', 'possession_team', 'play_pattern', 'team', 'duration', 'tactics']"
2026-07-16T20:52:48.286125,19739,football_uefa,?,json_manip,field_merge_value,bert,0.0,0.004,[],"['id', 'index', 'period', 'timestamp', 'minute', 'second', 'type', 'possession', 'possession_team', 'play_pattern', 'team', 'duration', 'tactics']"
2026-07-16T20:52:48.286174,19747,football_uefa,?,json_manip,null_injection,bert,0.0,0.004,[],"['id', 'index', 'period', 'timestamp', 'minute', 'second', 'type', 'possession', 'possession_team', 'play_pattern', 'team', 'duration', 'tactics']"
2026-07-16T20:52:48.286192,19764,football_uefa,?,json_manip,duplicate_field_inject,bert,0.0,0.004,[],"['id', 'index', 'period', 'timestamp', 'minute', 'second', 'type', 'possession', 'possession_team', 'play_pattern', 'team', 'duration', 'tactics']"
2026-07-16T20:52:48.286211,19772,football_uefa,?,json_manip,default_value_inject,bert,0.0,0.004,[],"['id', 'index', 'period', 'timestamp', 'minute', 'second', 'type', 'possession', 'possession_team', 'play_pattern', 'team', 'duration', 'tactics']"
2026-07-16T20:52:48.286228,19787,football_uefa,?,json_manip,duplicate_field_inject,bert,0.0,0.004,[],"['id', 'index', 'period', 'timestamp', 'minute', 'second', 'type', 'possession', 'possession_team', 'play_pattern', 'team', 'duration', 'tactics']"
2026-07-16T20:52:48.286297,19807,football_uefa,?,json_manip,scalar_to_array,bert,0.0,0.005,[],"['id', 'index', 'period', 'timestamp', 'minute', 'second', 'type', 'possession', 'possession_team', 'play_pattern', 'team', 'duration', 'tactics']"
2026-07-16T20:52:48.286318,19815,football_uefa,?,json_manip,scalar_to_array,bert,0.0,0.005,[],"['id', 'index', 'period', 'timestamp', 'minute', 'second', 'type', 'possession', 'possession_team', 'play_pattern', 'team', 'duration', 'tactics']"
2026-07-16T20:52:48.286331,19818,football_uefa,?,json_manip,default_value_inject,bert,0.0,0.005,[],"['id', 'index', 'period', 'timestamp', 'minute', 'second', 'type', 'possession', 'possession_team', 'play_pattern', 'team', 'duration', 'tactics']"
2026-07-16T20:52:48.286348,19824,football_uefa,?,json_manip,outlier_injection,bert,0.0,0.005,[],"['id', 'index', 'period', 'timestamp', 'minute', 'second', 'type', 'possession', 'possession_team', 'play_pattern', 'team', 'duration', 'tactics']"
2026-07-16T20:52:48.286390,19830,football_uefa,?,json_manip,array_expansion,bert,0.0,0.003,[],"['id', 'index', 'period', 'timestamp', 'minute', 'second', 'type', 'possession', 'possession_team', 'play_pattern', 'team', 'duration', 'tactics']"
2026-07-16T20:52:48.286405,19831,football_uefa,?,json_manip,array_expansion,bert,0.0,0.003,[],"['id', 'index', 'period', 'timestamp', 'minute', 'second', 'type', 'possession', 'possession_team', 'play_pattern', 'team', 'duration', 'tactics']"
2026-07-16T20:52:48.286419,19832,football_uefa,?,json_manip,field_join,bert,0.0,0.003,[],"['id', 'index', 'period', 'timestamp', 'minute', 'second', 'type', 'possession', 'possession_team', 'play_pattern', 'team', 'duration', 'tactics']"
2026-07-16T20:52:48.286436,19861,football_uefa,?,json_manip,duplicate_field_inject,bert,0.0,0.003,[],"['id', 'index', 'period', 'timestamp', 'minute', 'second', 'type', 'possession', 'possession_team', 'play_pattern', 'team', 'duration', 'tactics']"
2026-07-16T20:52:48.286483,19874,football_uefa,?,json_manip,array_to_scalar,bert,0.0,0.005,[],"['id', 'index', 'period', 'timestamp', 'minute', 'second', 'type', 'possession', 'possession_team', 'play_pattern', 'team', 'duration', 'tactics']"
2026-07-16T20:52:48.286499,19885,football_uefa,?,json_manip,array_to_scalar,bert,0.0,0.005,[],"['id', 'index', 'period', 'timestamp', 'minute', 'second', 'type', 'possession', 'possession_team', 'play_pattern', 'team', 'duration', 'tactics']"
2026-07-16T20:52:48.286517,19894,football_uefa,?,json_manip,field_merge_value,bert,0.0,0.005,[],"['id', 'index', 'period', 'timestamp', 'minute', 'second', 'type', 'possession', 'possession_team', 'play_pattern', 'team', 'duration', 'tactics']"
2026-07-16T20:52:48.286534,19922,football_uefa,?,json_manip,field_merge_value,bert,0.0,0.005,[],"['id', 'index', 'period', 'timestamp', 'minute', 'second', 'type', 'possession', 'possession_team', 'play_pattern', 'team', 'duration', 'tactics']"
2026-07-16T20:52:48.286577,19926,football_uefa,?,json_manip,field_join,bert,0.0,0.004,[],"['id', 'index', 'period', 'timestamp', 'minute', 'second', 'type', 'possession', 'possession_team', 'play_pattern', 'team', 'duration', 'tactics']"
2026-07-16T20:52:48.286595,19934,football_uefa,?,json_manip,null_injection,bert,0.0,0.004,[],"['id', 'index', 'period', 'timestamp', 'minute', 'second', 'type', 'possession', 'possession_team', 'play_pattern', 'team', 'duration', 'tactics']"
2026-07-16T20:52:48.286611,19944,football_uefa,?,json_manip,array_to_scalar,bert,0.0,0.004,[],"['id', 'index', 'period', 'timestamp', 'minute', 'second', 'type', 'possession', 'possession_team', 'play_pattern', 'team', 'duration', 'tactics']"
2026-07-16T20:52:48.286627,19947,football_uefa,?,json_manip,scalar_to_array,bert,0.0,0.004,[],"['id', 'index', 'period', 'timestamp', 'minute', 'second', 'type', 'possession', 'possession_team', 'play_pattern', 'team', 'duration', 'tactics']"
2026-07-16T20:52:48.287543,22566,smartcity_transit,?,json_manip,scalar_to_array,bert,0.0,0.002,[],"['$type', 'id', 'operationType', 'vehicleId', 'naptanId', 'stationName', 'lineId', 'lineName', 'platformName', 'bearing', 'destinationNaptanId', 'destinationName', 'timestamp', 'timeToStation', 'currentLocation', 'towards', 'expectedArrival', 'timeToLive', 'modeName', 'timing']"
2026-07-16T20:52:48.287579,22569,smartcity_transit,?,json_manip,default_value_inject,bert,0.0,0.002,[],"['$type', 'id', 'operationType', 'vehicleId', 'naptanId', 'stationName', 'lineId', 'lineName', 'platformName', 'bearing', 'destinationNaptanId', 'destinationName', 'timestamp', 'timeToStation', 'currentLocation', 'towards', 'expectedArrival', 'timeToLive', 'modeName', 'timing']"
2026-07-16T20:52:48.287598,22571,smartcity_transit,?,json_manip,outlier_injection,bert,0.0,0.002,[],"['$type', 'id', 'operationType', 'vehicleId', 'naptanId', 'stationName', 'lineId', 'lineName', 'platformName', 'bearing', 'destinationNaptanId', 'destinationName', 'timestamp', 'timeToStation', 'currentLocation', 'towards', 'expectedArrival', 'timeToLive', 'modeName', 'timing']"
2026-07-16T20:52:48.287617,22574,smartcity_transit,?,json_manip,array_to_scalar,bert,0.0,0.002,[],"['$type', 'id', 'operationType', 'vehicleId', 'naptanId', 'stationName', 'lineId', 'lineName', 'platformName', 'bearing', 'destinationNaptanId', 'destinationName', 'timestamp', 'timeToStation', 'currentLocation', 'towards', 'expectedArrival', 'timeToLive', 'modeName', 'timing']"
2026-07-16T20:52:48.287650,22578,smartcity_transit,?,json_manip,array_to_scalar,bert,0.0,0.003,[],"['$type', 'id', 'operationType', 'vehicleId', 'naptanId', 'stationName', 'lineId', 'lineName', 'platformName', 'bearing', 'destinationNaptanId', 'destinationName', 'timestamp', 'timeToStation', 'currentLocation', 'towards', 'expectedArrival', 'timeToLive', 'modeName', 'timing']"
2026-07-16T20:52:48.287668,22581,smartcity_transit,?,json_manip,array_expansion,bert,0.0,0.003,[],"['$type', 'id', 'operationType', 'vehicleId', 'naptanId', 'stationName', 'lineId', 'lineName', 'platformName', 'bearing', 'destinationNaptanId', 'destinationName', 'timestamp', 'timeToStation', 'currentLocation', 'towards', 'expectedArrival', 'timeToLive', 'modeName', 'timing']"
2026-07-16T20:52:48.287687,22594,smartcity_transit,?,json_manip,duplicate_field_inject,bert,0.0,0.003,[],"['$type', 'id', 'operationType', 'vehicleId', 'naptanId', 'stationName', 'lineId', 'lineName', 'platformName', 'bearing', 'destinationNaptanId', 'destinationName', 'timestamp', 'timeToStation', 'currentLocation', 'towards', 'expectedArrival', 'timeToLive', 'modeName', 'timing']"
2026-07-16T20:52:48.287703,22601,smartcity_transit,?,json_manip,array_expansion,bert,0.0,0.003,[],"['$type', 'id', 'operationType', 'vehicleId', 'naptanId', 'stationName', 'lineId', 'lineName', 'platformName', 'bearing', 'destinationNaptanId', 'destinationName', 'timestamp', 'timeToStation', 'currentLocation', 'towards', 'expectedArrival', 'timeToLive', 'modeName', 'timing']"
2026-07-16T20:52:48.287734,22612,smartcity_transit,?,json_manip,field_split,bert,0.0,0.002,[],"['$type', 'id', 'operationType', 'vehicleId', 'naptanId', 'stationName', 'lineId', 'lineName', 'platformName', 'bearing', 'destinationNaptanId', 'destinationName', 'timestamp', 'timeToStation', 'currentLocation', 'towards', 'expectedArrival', 'timeToLive', 'modeName', 'timing']"
2026-07-16T20:52:48.287754,22630,smartcity_transit,?,json_manip,default_value_inject,bert,0.0,0.002,[],"['$type', 'id', 'operationType', 'vehicleId', 'naptanId', 'stationName', 'lineId', 'lineName', 'platformName', 'bearing', 'destinationNaptanId', 'destinationName', 'timestamp', 'timeToStation', 'currentLocation', 'towards', 'expectedArrival', 'timeToLive', 'modeName', 'timing']"
2026-07-16T20:52:48.287775,22641,smartcity_transit,?,json_manip,field_merge_value,bert,0.0,0.002,[],"['$type', 'id', 'operationType', 'vehicleId', 'naptanId', 'stationName', 'lineId', 'lineName', 'platformName', 'bearing', 'destinationNaptanId', 'destinationName', 'timestamp', 'timeToStation', 'currentLocation', 'towards', 'expectedArrival', 'timeToLive', 'modeName', 'timing']"
2026-07-16T20:52:48.287791,22645,smartcity_transit,?,json_manip,outlier_injection,bert,0.0,0.002,[],"['$type', 'id', 'operationType', 'vehicleId', 'naptanId', 'stationName', 'lineId', 'lineName', 'platformName', 'bearing', 'destinationNaptanId', 'destinationName', 'timestamp', 'timeToStation', 'currentLocation', 'towards', 'expectedArrival', 'timeToLive', 'modeName', 'timing']"
2026-07-16T20:52:48.287824,22648,smartcity_transit,?,json_manip,field_join,bert,0.0,0.003,[],"['$type', 'id', 'operationType', 'vehicleId', 'naptanId', 'stationName', 'lineId', 'lineName', 'platformName', 'bearing', 'destinationNaptanId', 'destinationName', 'timestamp', 'timeToStation', 'currentLocation', 'towards', 'expectedArrival', 'timeToLive', 'modeName', 'timing']"
2026-07-16T20:52:48.287841,22666,smartcity_transit,?,json_manip,field_split,bert,0.0,0.003,[],"['$type', 'id', 'operationType', 'vehicleId', 'naptanId', 'stationName', 'lineId', 'lineName', 'platformName', 'bearing', 'destinationNaptanId', 'destinationName', 'timestamp', 'timeToStation', 'currentLocation', 'towards', 'expectedArrival', 'timeToLive', 'modeName', 'timing']"
2026-07-16T20:52:48.287862,22674,smartcity_transit,?,json_manip,array_expansion,bert,0.0,0.003,[],"['$type', 'id', 'operationType', 'vehicleId', 'naptanId', 'stationName', 'lineId', 'lineName', 'platformName', 'bearing', 'destinationNaptanId', 'destinationName', 'timestamp', 'timeToStation', 'currentLocation', 'towards', 'expectedArrival', 'timeToLive', 'modeName', 'timing']"
2026-07-16T20:52:48.287878,22684,smartcity_transit,?,json_manip,scalar_to_array,bert,0.0,0.003,[],"['$type', 'id', 'operationType', 'vehicleId', 'naptanId', 'stationName', 'lineId', 'lineName', 'platformName', 'bearing', 'destinationNaptanId', 'destinationName', 'timestamp', 'timeToStation', 'currentLocation', 'towards', 'expectedArrival', 'timeToLive', 'modeName', 'timing']"
2026-07-16T20:52:48.287908,22688,smartcity_transit,?,json_manip,default_value_inject,bert,0.0,0.003,[],"['$type', 'id', 'operationType', 'vehicleId', 'naptanId', 'stationName', 'lineId', 'lineName', 'platformName', 'bearing', 'destinationNaptanId', 'destinationName', 'timestamp', 'timeToStation', 'currentLocation', 'towards', 'expectedArrival', 'timeToLive', 'modeName', 'timing']"
2026-07-16T20:52:48.287924,22704,smartcity_transit,?,json_manip,field_merge_value,bert,0.0,0.003,[],"['$type', 'id', 'operationType', 'vehicleId', 'naptanId', 'stationName', 'lineId', 'lineName', 'platformName', 'bearing', 'destinationNaptanId', 'destinationName', 'timestamp', 'timeToStation', 'currentLocation', 'towards', 'expectedArrival', 'timeToLive', 'modeName', 'timing']"
2026-07-16T20:52:48.287940,22706,smartcity_transit,?,json_manip,field_join,bert,0.0,0.003,[],"['$type', 'id', 'operationType', 'vehicleId', 'naptanId', 'stationName', 'lineId', 'lineName', 'platformName', 'bearing', 'destinationNaptanId', 'destinationName', 'timestamp', 'timeToStation', 'currentLocation', 'towards', 'expectedArrival', 'timeToLive', 'modeName', 'timing']"
2026-07-16T20:52:48.287959,22722,smartcity_transit,?,json_manip,field_merge_value,bert,0.0,0.003,[],"['$type', 'id', 'operationType', 'vehicleId', 'naptanId', 'stationName', 'lineId', 'lineName', 'platformName', 'bearing', 'destinationNaptanId', 'destinationName', 'timestamp', 'timeToStation', 'currentLocation', 'towards', 'expectedArrival', 'timeToLive', 'modeName', 'timing']"
2026-07-16T20:52:48.287988,22728,smartcity_transit,?,json_manip,array_to_scalar,bert,0.0,0.003,[],"['$type', 'id', 'operationType', 'vehicleId', 'naptanId', 'stationName', 'lineId', 'lineName', 'platformName', 'bearing', 'destinationNaptanId', 'destinationName', 'timestamp', 'timeToStation', 'currentLocation', 'towards', 'expectedArrival', 'timeToLive', 'modeName', 'timing']"
2026-07-16T20:52:48.288004,22739,smartcity_transit,?,json_manip,variable_drop,bert,0.0,0.003,[],"['$type', 'id', 'operationType', 'vehicleId', 'naptanId', 'stationName', 'lineId', 'lineName', 'platformName', 'bearing', 'destinationNaptanId', 'destinationName', 'timestamp', 'timeToStation', 'currentLocation', 'towards', 'expectedArrival', 'timeToLive', 'modeName', 'timing']"
2026-07-16T20:52:48.288027,22747,smartcity_transit,?,json_manip,field_join,bert,0.0,0.003,[],"['$type', 'id', 'operationType', 'vehicleId', 'naptanId', 'stationName', 'lineId', 'lineName', 'platformName', 'bearing', 'destinationNaptanId', 'destinationName', 'timestamp', 'timeToStation', 'currentLocation', 'towards', 'expectedArrival', 'timeToLive', 'modeName', 'timing']"
2026-07-16T20:52:48.288047,22754,smartcity_transit,?,json_manip,array_expansion,bert,0.0,0.003,[],"['$type', 'id', 'operationType', 'vehicleId', 'naptanId', 'stationName', 'lineId', 'lineName', 'platformName', 'bearing', 'destinationNaptanId', 'destinationName', 'timestamp', 'timeToStation', 'currentLocation', 'towards', 'expectedArrival', 'timeToLive', 'modeName', 'timing']"
2026-07-16T20:52:48.288078,22780,smartcity_transit,?,json_manip,array_to_scalar,bert,0.0,0.003,[],"['$type', 'id', 'operationType', 'vehicleId', 'naptanId', 'stationName', 'lineId', 'lineName', 'platformName', 'bearing', 'destinationNaptanId', 'destinationName', 'timestamp', 'timeToStation', 'currentLocation', 'towards', 'expectedArrival', 'timeToLive', 'modeName', 'timing']"
2026-07-16T20:52:48.288096,22791,smartcity_transit,?,json_manip,array_to_scalar,bert,0.0,0.003,[],"['$type', 'id', 'operationType', 'vehicleId', 'naptanId', 'stationName', 'lineId', 'lineName', 'platformName', 'bearing', 'destinationNaptanId', 'destinationName', 'timestamp', 'timeToStation', 'currentLocation', 'towards', 'expectedArrival', 'timeToLive', 'modeName', 'timing']"
2026-07-16T20:52:48.288112,22797,smartcity_transit,?,json_manip,field_split,bert,0.0,0.003,[],"['$type', 'id', 'operationType', 'vehicleId', 'naptanId', 'stationName', 'lineId', 'lineName', 'platformName', 'bearing', 'destinationNaptanId', 'destinationName', 'timestamp', 'timeToStation', 'currentLocation', 'towards', 'expectedArrival', 'timeToLive', 'modeName', 'timing']"
2026-07-16T20:52:48.288128,22806,smartcity_transit,?,json_manip,array_expansion,bert,0.0,0.003,[],"['$type', 'id', 'operationType', 'vehicleId', 'naptanId', 'stationName', 'lineId', 'lineName', 'platformName', 'bearing', 'destinationNaptanId', 'destinationName', 'timestamp', 'timeToStation', 'currentLocation', 'towards', 'expectedArrival', 'timeToLive', 'modeName', 'timing']"
2026-07-16T20:52:48.288158,22810,smartcity_transit,?,json_manip,outlier_injection,bert,0.0,0.003,[],"['$type', 'id', 'operationType', 'vehicleId', 'naptanId', 'stationName', 'lineId', 'lineName', 'platformName', 'bearing', 'destinationNaptanId', 'destinationName', 'timestamp', 'timeToStation', 'currentLocation', 'towards', 'expectedArrival', 'timeToLive', 'modeName', 'timing']"
2026-07-16T20:52:48.288174,22819,smartcity_transit,?,json_manip,field_merge_value,bert,0.0,0.003,[],"['$type', 'id', 'operationType', 'vehicleId', 'naptanId', 'stationName', 'lineId', 'lineName', 'platformName', 'bearing', 'destinationNaptanId', 'destinationName', 'timestamp', 'timeToStation', 'currentLocation', 'towards', 'expectedArrival', 'timeToLive', 'modeName', 'timing']"
2026-07-16T20:52:48.288189,22821,smartcity_transit,?,json_manip,array_expansion,bert,0.0,0.003,[],"['$type', 'id', 'operationType', 'vehicleId', 'naptanId', 'stationName', 'lineId', 'lineName', 'platformName', 'bearing', 'destinationNaptanId', 'destinationName', 'timestamp', 'timeToStation', 'currentLocation', 'towards', 'expectedArrival', 'timeToLive', 'modeName', 'timing']"
2026-07-16T20:52:48.288208,22859,smartcity_transit,?,json_manip,variable_drop,bert,0.0,0.003,[],"['$type', 'id', 'operationType', 'vehicleId', 'naptanId', 'stationName', 'lineId', 'lineName', 'platformName', 'bearing', 'destinationNaptanId', 'destinationName', 'timestamp', 'timeToStation', 'currentLocation', 'towards', 'expectedArrival', 'timeToLive', 'modeName', 'timing']"
2026-07-16T20:52:48.288240,22873,smartcity_transit,?,json_manip,field_merge_value,bert,0.0,0.003,[],"['$type', 'id', 'operationType', 'vehicleId', 'naptanId', 'stationName', 'lineId', 'lineName', 'platformName', 'bearing', 'destinationNaptanId', 'destinationName', 'timestamp', 'timeToStation', 'currentLocation', 'towards', 'expectedArrival', 'timeToLive', 'modeName', 'timing']"
2026-07-16T20:52:48.288257,22887,smartcity_transit,?,json_manip,default_value_inject,bert,0.0,0.003,[],"['$type', 'id', 'operationType', 'vehicleId', 'naptanId', 'stationName', 'lineId', 'lineName', 'platformName', 'bearing', 'destinationNaptanId', 'destinationName', 'timestamp', 'timeToStation', 'currentLocation', 'towards', 'expectedArrival', 'timeToLive', 'modeName', 'timing']"
2026-07-16T20:52:48.288273,22889,smartcity_transit,?,json_manip,field_join,bert,0.0,0.003,[],"['$type', 'id', 'operationType', 'vehicleId', 'naptanId', 'stationName', 'lineId', 'lineName', 'platformName', 'bearing', 'destinationNaptanId', 'destinationName', 'timestamp', 'timeToStation', 'currentLocation', 'towards', 'expectedArrival', 'timeToLive', 'modeName', 'timing']"
2026-07-16T20:52:48.288288,22908,smartcity_transit,?,json_manip,default_value_inject,bert,0.0,0.003,[],"['$type', 'id', 'operationType', 'vehicleId', 'naptanId', 'stationName', 'lineId', 'lineName', 'platformName', 'bearing', 'destinationNaptanId', 'destinationName', 'timestamp', 'timeToStation', 'currentLocation', 'towards', 'expectedArrival', 'timeToLive', 'modeName', 'timing']"
2026-07-16T20:52:48.288316,22912,smartcity_transit,?,json_manip,array_expansion,bert,0.0,0.002,[],"['$type', 'id', 'operationType', 'vehicleId', 'naptanId', 'stationName', 'lineId', 'lineName', 'platformName', 'bearing', 'destinationNaptanId', 'destinationName', 'timestamp', 'timeToStation', 'currentLocation', 'towards', 'expectedArrival', 'timeToLive', 'modeName', 'timing']"
2026-07-16T20:52:48.288332,22916,smartcity_transit,?,json_manip,scalar_to_array,bert,0.0,0.002,[],"['$type', 'id', 'operationType', 'vehicleId', 'naptanId', 'stationName', 'lineId', 'lineName', 'platformName', 'bearing', 'destinationNaptanId', 'destinationName', 'timestamp', 'timeToStation', 'currentLocation', 'towards', 'expectedArrival', 'timeToLive', 'modeName', 'timing']"
2026-07-16T20:52:48.288348,22917,smartcity_transit,?,json_manip,default_value_inject,bert,0.0,0.002,[],"['$type', 'id', 'operationType', 'vehicleId', 'naptanId', 'stationName', 'lineId', 'lineName', 'platformName', 'bearing', 'destinationNaptanId', 'destinationName', 'timestamp', 'timeToStation', 'currentLocation', 'towards', 'expectedArrival', 'timeToLive', 'modeName', 'timing']"
2026-07-16T20:52:48.288363,22919,smartcity_transit,?,json_manip,outlier_injection,bert,0.0,0.002,[],"['$type', 'id', 'operationType', 'vehicleId', 'naptanId', 'stationName', 'lineId', 'lineName', 'platformName', 'bearing', 'destinationNaptanId', 'destinationName', 'timestamp', 'timeToStation', 'currentLocation', 'towards', 'expectedArrival', 'timeToLive', 'modeName', 'timing']"
2026-07-16T20:52:48.288390,22948,smartcity_transit,?,json_manip,scalar_to_array,bert,0.0,0.002,[],"['$type', 'id', 'operationType', 'vehicleId', 'naptanId', 'stationName', 'lineId', 'lineName', 'platformName', 'bearing', 'destinationNaptanId', 'destinationName', 'timestamp', 'timeToStation', 'currentLocation', 'towards', 'expectedArrival', 'timeToLive', 'modeName', 'timing']"
2026-07-16T20:52:48.288409,22954,smartcity_transit,?,json_manip,outlier_injection,bert,0.0,0.002,[],"['$type', 'id', 'operationType', 'vehicleId', 'naptanId', 'stationName', 'lineId', 'lineName', 'platformName', 'bearing', 'destinationNaptanId', 'destinationName', 'timestamp', 'timeToStation', 'currentLocation', 'towards', 'expectedArrival', 'timeToLive', 'modeName', 'timing']"
2026-07-16T20:52:48.288425,22955,smartcity_transit,?,json_manip,field_split,bert,0.0,0.002,[],"['$type', 'id', 'operationType', 'vehicleId', 'naptanId', 'stationName', 'lineId', 'lineName', 'platformName', 'bearing', 'destinationNaptanId', 'destinationName', 'timestamp', 'timeToStation', 'currentLocation', 'towards', 'expectedArrival', 'timeToLive', 'modeName', 'timing']"
2026-07-16T20:52:48.288446,22971,smartcity_transit,?,json_manip,field_split,bert,0.0,0.002,[],"['$type', 'id', 'operationType', 'vehicleId', 'naptanId', 'stationName', 'lineId', 'lineName', 'platformName', 'bearing', 'destinationNaptanId', 'destinationName', 'timestamp', 'timeToStation', 'currentLocation', 'towards', 'expectedArrival', 'timeToLive', 'modeName', 'timing']"
2026-07-16T20:52:48.288480,22995,smartcity_transit,?,json_manip,array_to_scalar,bert,0.0,0.003,[],"['$type', 'id', 'operationType', 'vehicleId', 'naptanId', 'stationName', 'lineId', 'lineName', 'platformName', 'bearing', 'destinationNaptanId', 'destinationName', 'timestamp', 'timeToStation', 'currentLocation', 'towards', 'expectedArrival', 'timeToLive', 'modeName', 'timing']"
2026-07-16T20:52:48.288496,23008,smartcity_transit,?,json_manip,null_injection,bert,0.0,0.003,[],"['$type', 'id', 'operationType', 'vehicleId', 'naptanId', 'stationName', 'lineId', 'lineName', 'platformName', 'bearing', 'destinationNaptanId', 'destinationName', 'timestamp', 'timeToStation', 'currentLocation', 'towards', 'expectedArrival', 'timeToLive', 'modeName', 'timing']"
2026-07-16T20:52:48.288512,23020,smartcity_transit,?,json_manip,null_injection,bert,0.0,0.003,[],"['$type', 'id', 'operationType', 'vehicleId', 'naptanId', 'stationName', 'lineId', 'lineName', 'platformName', 'bearing', 'destinationNaptanId', 'destinationName', 'timestamp', 'timeToStation', 'currentLocation', 'towards', 'expectedArrival', 'timeToLive', 'modeName', 'timing']"
2026-07-16T20:52:48.288527,23023,smartcity_transit,?,json_manip,variable_drop,bert,0.0,0.003,[],"['$type', 'id', 'operationType', 'vehicleId', 'naptanId', 'stationName', 'lineId', 'lineName', 'platformName', 'bearing', 'destinationNaptanId', 'destinationName', 'timestamp', 'timeToStation', 'currentLocation', 'towards', 'expectedArrival', 'timeToLive', 'modeName', 'timing']"
2026-07-16T20:52:48.288556,23034,smartcity_transit,?,json_manip,field_join,bert,0.0,0.003,[],"['$type', 'id', 'operationType', 'vehicleId', 'naptanId', 'stationName', 'lineId', 'lineName', 'platformName', 'bearing', 'destinationNaptanId', 'destinationName', 'timestamp', 'timeToStation', 'currentLocation', 'towards', 'expectedArrival', 'timeToLive', 'modeName', 'timing']"
2026-07-16T20:52:48.288572,23047,smartcity_transit,?,json_manip,field_merge_value,bert,0.0,0.003,[],"['$type', 'id', 'operationType', 'vehicleId', 'naptanId', 'stationName', 'lineId', 'lineName', 'platformName', 'bearing', 'destinationNaptanId', 'destinationName', 'timestamp', 'timeToStation', 'currentLocation', 'towards', 'expectedArrival', 'timeToLive', 'modeName', 'timing']"
2026-07-16T20:52:48.288587,23048,smartcity_transit,?,json_manip,null_injection,bert,0.0,0.003,[],"['$type', 'id', 'operationType', 'vehicleId', 'naptanId', 'stationName', 'lineId', 'lineName', 'platformName', 'bearing', 'destinationNaptanId', 'destinationName', 'timestamp', 'timeToStation', 'currentLocation', 'towards', 'expectedArrival', 'timeToLive', 'modeName', 'timing']"
2026-07-16T20:52:48.288603,23055,smartcity_transit,?,json_manip,field_join,bert,0.0,0.003,[],"['$type', 'id', 'operationType', 'vehicleId', 'naptanId', 'stationName', 'lineId', 'lineName', 'platformName', 'bearing', 'destinationNaptanId', 'destinationName', 'timestamp', 'timeToStation', 'currentLocation', 'towards', 'expectedArrival', 'timeToLive', 'modeName', 'timing']"
2026-07-16T20:52:48.288631,23066,smartcity_transit,?,json_manip,default_value_inject,bert,0.0,0.002,[],"['$type', 'id', 'operationType', 'vehicleId', 'naptanId', 'stationName', 'lineId', 'lineName', 'platformName', 'bearing', 'destinationNaptanId', 'destinationName', 'timestamp', 'timeToStation', 'currentLocation', 'towards', 'expectedArrival', 'timeToLive', 'modeName', 'timing']"
2026-07-16T20:52:48.288647,23068,smartcity_transit,?,json_manip,field_join,bert,0.0,0.002,[],"['$type', 'id', 'operationType', 'vehicleId', 'naptanId', 'stationName', 'lineId', 'lineName', 'platformName', 'bearing', 'destinationNaptanId', 'destinationName', 'timestamp', 'timeToStation', 'currentLocation', 'towards', 'expectedArrival', 'timeToLive', 'modeName', 'timing']"
2026-07-16T20:52:48.288667,23077,smartcity_transit,?,json_manip,variable_drop,bert,0.0,0.002,[],"['$type', 'id', 'operationType', 'vehicleId', 'naptanId', 'stationName', 'lineId', 'lineName', 'platformName', 'bearing', 'destinationNaptanId', 'destinationName', 'timestamp', 'timeToStation', 'currentLocation', 'towards', 'expectedArrival', 'timeToLive', 'modeName', 'timing']"
2026-07-16T20:52:48.288683,23092,smartcity_transit,?,json_manip,field_split,bert,0.0,0.002,[],"['$type', 'id', 'operationType', 'vehicleId', 'naptanId', 'stationName', 'lineId', 'lineName', 'platformName', 'bearing', 'destinationNaptanId', 'destinationName', 'timestamp', 'timeToStation', 'currentLocation', 'towards', 'expectedArrival', 'timeToLive', 'modeName', 'timing']"
2026-07-16T20:52:48.288712,23100,smartcity_transit,?,json_manip,null_injection,bert,0.0,0.002,[],"['$type', 'id', 'operationType', 'vehicleId', 'naptanId', 'stationName', 'lineId', 'lineName', 'platformName', 'bearing', 'destinationNaptanId', 'destinationName', 'timestamp', 'timeToStation', 'currentLocation', 'towards', 'expectedArrival', 'timeToLive', 'modeName', 'timing']"
2026-07-16T20:52:48.288727,23102,smartcity_transit,?,json_manip,field_merge_value,bert,0.0,0.002,[],"['$type', 'id', 'operationType', 'vehicleId', 'naptanId', 'stationName', 'lineId', 'lineName', 'platformName', 'bearing', 'destinationNaptanId', 'destinationName', 'timestamp', 'timeToStation', 'currentLocation', 'towards', 'expectedArrival', 'timeToLive', 'modeName', 'timing']"
2026-07-16T20:52:48.288744,23110,smartcity_transit,?,json_manip,field_join,bert,0.0,0.002,[],"['$type', 'id', 'operationType', 'vehicleId', 'naptanId', 'stationName', 'lineId', 'lineName', 'platformName', 'bearing', 'destinationNaptanId', 'destinationName', 'timestamp', 'timeToStation', 'currentLocation', 'towards', 'expectedArrival', 'timeToLive', 'modeName', 'timing']"
2026-07-16T20:52:48.288763,23162,smartcity_transit,?,json_manip,variable_drop,bert,0.0,0.002,[],"['$type', 'id', 'operationType', 'vehicleId', 'naptanId', 'stationName', 'lineId', 'lineName', 'platformName', 'bearing', 'destinationNaptanId', 'destinationName', 'timestamp', 'timeToStation', 'currentLocation', 'towards', 'expectedArrival', 'timeToLive', 'modeName', 'timing']"
2026-07-16T20:52:48.288793,23179,smartcity_transit,?,json_manip,array_to_scalar,bert,0.0,0.002,[],"['$type', 'id', 'operationType', 'vehicleId', 'naptanId', 'stationName', 'lineId', 'lineName', 'platformName', 'bearing', 'destinationNaptanId', 'destinationName', 'timestamp', 'timeToStation', 'currentLocation', 'towards', 'expectedArrival', 'timeToLive', 'modeName', 'timing']"
2026-07-16T20:52:48.288813,23198,smartcity_transit,?,json_manip,null_injection,bert,0.0,0.002,[],"['$type', 'id', 'operationType', 'vehicleId', 'naptanId', 'stationName', 'lineId', 'lineName', 'platformName', 'bearing', 'destinationNaptanId', 'destinationName', 'timestamp', 'timeToStation', 'currentLocation', 'towards', 'expectedArrival', 'timeToLive', 'modeName', 'timing']"
2026-07-16T20:52:48.288829,23201,smartcity_transit,?,json_manip,array_to_scalar,bert,0.0,0.002,[],"['$type', 'id', 'operationType', 'vehicleId', 'naptanId', 'stationName', 'lineId', 'lineName', 'platformName', 'bearing', 'destinationNaptanId', 'destinationName', 'timestamp', 'timeToStation', 'currentLocation', 'towards', 'expectedArrival', 'timeToLive', 'modeName', 'timing']"
2026-07-16T20:52:48.288845,23206,smartcity_transit,?,json_manip,array_to_scalar,bert,0.0,0.002,[],"['$type', 'id', 'operationType', 'vehicleId', 'naptanId', 'stationName', 'lineId', 'lineName', 'platformName', 'bearing', 'destinationNaptanId', 'destinationName', 'timestamp', 'timeToStation', 'currentLocation', 'towards', 'expectedArrival', 'timeToLive', 'modeName', 'timing']"
2026-07-16T20:52:48.288882,23210,smartcity_transit,?,json_manip,array_to_scalar,bert,0.0,0.002,[],"['$type', 'id', 'operationType', 'vehicleId', 'naptanId', 'stationName', 'lineId', 'lineName', 'platformName', 'bearing', 'destinationNaptanId', 'destinationName', 'timestamp', 'timeToStation', 'currentLocation', 'towards', 'expectedArrival', 'timeToLive', 'modeName', 'timing']"
2026-07-16T20:52:48.288899,23217,smartcity_transit,?,json_manip,scalar_to_array,bert,0.0,0.002,[],"['$type', 'id', 'operationType', 'vehicleId', 'naptanId', 'stationName', 'lineId', 'lineName', 'platformName', 'bearing', 'destinationNaptanId', 'destinationName', 'timestamp', 'timeToStation', 'currentLocation', 'towards', 'expectedArrival', 'timeToLive', 'modeName', 'timing']"
2026-07-16T20:52:48.288914,23224,smartcity_transit,?,json_manip,variable_drop,bert,0.0,0.002,[],"['$type', 'id', 'operationType', 'vehicleId', 'naptanId', 'stationName', 'lineId', 'lineName', 'platformName', 'bearing', 'destinationNaptanId', 'destinationName', 'timestamp', 'timeToStation', 'currentLocation', 'towards', 'expectedArrival', 'timeToLive', 'modeName', 'timing']"
2026-07-16T20:52:48.288933,23246,smartcity_transit,?,json_manip,array_expansion,bert,0.0,0.002,[],"['$type', 'id', 'operationType', 'vehicleId', 'naptanId', 'stationName', 'lineId', 'lineName', 'platformName', 'bearing', 'destinationNaptanId', 'destinationName', 'timestamp', 'timeToStation', 'currentLocation', 'towards', 'expectedArrival', 'timeToLive', 'modeName', 'timing']"
2026-07-16T20:52:48.288961,23258,smartcity_transit,?,json_manip,array_expansion,bert,0.0,0.002,[],"['$type', 'id', 'operationType', 'vehicleId', 'naptanId', 'stationName', 'lineId', 'lineName', 'platformName', 'bearing', 'destinationNaptanId', 'destinationName', 'timestamp', 'timeToStation', 'currentLocation', 'towards', 'expectedArrival', 'timeToLive', 'modeName', 'timing']"
2026-07-16T20:52:48.288977,23261,smartcity_transit,?,json_manip,default_value_inject,bert,0.0,0.002,[],"['$type', 'id', 'operationType', 'vehicleId', 'naptanId', 'stationName', 'lineId', 'lineName', 'platformName', 'bearing', 'destinationNaptanId', 'destinationName', 'timestamp', 'timeToStation', 'currentLocation', 'towards', 'expectedArrival', 'timeToLive', 'modeName', 'timing']"
2026-07-16T20:52:48.288994,23270,smartcity_transit,?,json_manip,array_to_scalar,bert,0.0,0.002,[],"['$type', 'id', 'operationType', 'vehicleId', 'naptanId', 'stationName', 'lineId', 'lineName', 'platformName', 'bearing', 'destinationNaptanId', 'destinationName', 'timestamp', 'timeToStation', 'currentLocation', 'towards', 'expectedArrival', 'timeToLive', 'modeName', 'timing']"
2026-07-16T20:52:48.289011,23273,smartcity_transit,?,json_manip,default_value_inject,bert,0.0,0.002,[],"['$type', 'id', 'operationType', 'vehicleId', 'naptanId', 'stationName', 'lineId', 'lineName', 'platformName', 'bearing', 'destinationNaptanId', 'destinationName', 'timestamp', 'timeToStation', 'currentLocation', 'towards', 'expectedArrival', 'timeToLive', 'modeName', 'timing']"
2026-07-16T20:52:48.289044,23277,smartcity_transit,?,json_manip,default_value_inject,bert,0.0,0.003,[],"['$type', 'id', 'operationType', 'vehicleId', 'naptanId', 'stationName', 'lineId', 'lineName', 'platformName', 'bearing', 'destinationNaptanId', 'destinationName', 'timestamp', 'timeToStation', 'currentLocation', 'towards', 'expectedArrival', 'timeToLive', 'modeName', 'timing']"
2026-07-16T20:52:48.289061,23287,smartcity_transit,?,json_manip,field_join,bert,0.0,0.003,[],"['$type', 'id', 'operationType', 'vehicleId', 'naptanId', 'stationName', 'lineId', 'lineName', 'platformName', 'bearing', 'destinationNaptanId', 'destinationName', 'timestamp', 'timeToStation', 'currentLocation', 'towards', 'expectedArrival', 'timeToLive', 'modeName', 'timing']"
2026-07-16T20:52:48.289076,23299,smartcity_transit,?,json_manip,duplicate_field_inject,bert,0.0,0.003,[],"['$type', 'id', 'operationType', 'vehicleId', 'naptanId', 'stationName', 'lineId', 'lineName', 'platformName', 'bearing', 'destinationNaptanId', 'destinationName', 'timestamp', 'timeToStation', 'currentLocation', 'towards', 'expectedArrival', 'timeToLive', 'modeName', 'timing']"
2026-07-16T20:52:48.289096,23316,smartcity_transit,?,json_manip,null_injection,bert,0.0,0.003,[],"['$type', 'id', 'operationType', 'vehicleId', 'naptanId', 'stationName', 'lineId', 'lineName', 'platformName', 'bearing', 'destinationNaptanId', 'destinationName', 'timestamp', 'timeToStation', 'currentLocation', 'towards', 'expectedArrival', 'timeToLive', 'modeName', 'timing']"
2026-07-16T20:52:48.289125,23334,smartcity_transit,?,json_manip,outlier_injection,bert,0.0,0.002,[],"['$type', 'id', 'operationType', 'vehicleId', 'naptanId', 'stationName', 'lineId', 'lineName', 'platformName', 'bearing', 'destinationNaptanId', 'destinationName', 'timestamp', 'timeToStation', 'currentLocation', 'towards', 'expectedArrival', 'timeToLive', 'modeName', 'timing']"
2026-07-16T20:52:48.289141,23348,smartcity_transit,?,json_manip,default_value_inject,bert,0.0,0.002,[],"['$type', 'id', 'operationType', 'vehicleId', 'naptanId', 'stationName', 'lineId', 'lineName', 'platformName', 'bearing', 'destinationNaptanId', 'destinationName', 'timestamp', 'timeToStation', 'currentLocation', 'towards', 'expectedArrival', 'timeToLive', 'modeName', 'timing']"
2026-07-16T20:52:48.289159,23351,smartcity_transit,?,json_manip,field_join,bert,0.0,0.002,[],"['$type', 'id', 'operationType', 'vehicleId', 'naptanId', 'stationName', 'lineId', 'lineName', 'platformName', 'bearing', 'destinationNaptanId', 'destinationName', 'timestamp', 'timeToStation', 'currentLocation', 'towards', 'expectedArrival', 'timeToLive', 'modeName', 'timing']"
2026-07-16T20:52:48.289175,23352,smartcity_transit,?,json_manip,field_join,bert,0.0,0.002,[],"['$type', 'id', 'operationType', 'vehicleId', 'naptanId', 'stationName', 'lineId', 'lineName', 'platformName', 'bearing', 'destinationNaptanId', 'destinationName', 'timestamp', 'timeToStation', 'currentLocation', 'towards', 'expectedArrival', 'timeToLive', 'modeName', 'timing']"
2026-07-16T20:52:48.289198,23354,smartcity_transit,?,json_manip,default_value_inject,bert,0.0,0.002,[],"['$type', 'id', 'operationType', 'vehicleId', 'naptanId', 'stationName', 'lineId', 'lineName', 'platformName', 'bearing', 'destinationNaptanId', 'destinationName', 'timestamp', 'timeToStation', 'currentLocation', 'towards', 'expectedArrival', 'timeToLive', 'modeName', 'timing']"
2026-07-16T20:52:48.289214,23366,smartcity_transit,?,json_manip,outlier_injection,bert,0.0,0.002,[],"['$type', 'id', 'operationType', 'vehicleId', 'naptanId', 'stationName', 'lineId', 'lineName', 'platformName', 'bearing', 'destinationNaptanId', 'destinationName', 'timestamp', 'timeToStation', 'currentLocation', 'towards', 'expectedArrival', 'timeToLive', 'modeName', 'timing']"
2026-07-16T20:52:48.289230,23367,smartcity_transit,?,json_manip,field_merge_value,bert,0.0,0.002,[],"['$type', 'id', 'operationType', 'vehicleId', 'naptanId', 'stationName', 'lineId', 'lineName', 'platformName', 'bearing', 'destinationNaptanId', 'destinationName', 'timestamp', 'timeToStation', 'currentLocation', 'towards', 'expectedArrival', 'timeToLive', 'modeName', 'timing']"
2026-07-16T20:52:48.289245,23370,smartcity_transit,?,json_manip,scalar_to_array,bert,0.0,0.002,[],"['$type', 'id', 'operationType', 'vehicleId', 'naptanId', 'stationName', 'lineId', 'lineName', 'platformName', 'bearing', 'destinationNaptanId', 'destinationName', 'timestamp', 'timeToStation', 'currentLocation', 'towards', 'expectedArrival', 'timeToLive', 'modeName', 'timing']"
2026-07-16T20:52:48.289277,23415,smartcity_transit,?,json_manip,scalar_to_array,bert,0.0,0.003,[],"['$type', 'id', 'operationType', 'vehicleId', 'naptanId', 'stationName', 'lineId', 'lineName', 'platformName', 'bearing', 'destinationNaptanId', 'destinationName', 'timestamp', 'timeToStation', 'currentLocation', 'towards', 'expectedArrival', 'timeToLive', 'modeName', 'timing']"
2026-07-16T20:52:48.289298,23425,smartcity_transit,?,json_manip,scalar_to_array,bert,0.0,0.003,[],"['$type', 'id', 'operationType', 'vehicleId', 'naptanId', 'stationName', 'lineId', 'lineName', 'platformName', 'bearing', 'destinationNaptanId', 'destinationName', 'timestamp', 'timeToStation', 'currentLocation', 'towards', 'expectedArrival', 'timeToLive', 'modeName', 'timing']"
2026-07-16T20:52:48.289317,23447,smartcity_transit,?,json_manip,duplicate_field_inject,bert,0.0,0.003,[],"['$type', 'id', 'operationType', 'vehicleId', 'naptanId', 'stationName', 'lineId', 'lineName', 'platformName', 'bearing', 'destinationNaptanId', 'destinationName', 'timestamp', 'timeToStation', 'currentLocation', 'towards', 'expectedArrival', 'timeToLive', 'modeName', 'timing']"
2026-07-16T20:52:48.289333,23455,smartcity_transit,?,json_manip,field_merge_value,bert,0.0,0.003,[],"['$type', 'id', 'operationType', 'vehicleId', 'naptanId', 'stationName', 'lineId', 'lineName', 'platformName', 'bearing', 'destinationNaptanId', 'destinationName', 'timestamp', 'timeToStation', 'currentLocation', 'towards', 'expectedArrival', 'timeToLive', 'modeName', 'timing']"
2026-07-16T20:52:48.289358,23459,smartcity_transit,?,json_manip,null_injection,bert,0.0,0.002,[],"['$type', 'id', 'operationType', 'vehicleId', 'naptanId', 'stationName', 'lineId', 'lineName', 'platformName', 'bearing', 'destinationNaptanId', 'destinationName', 'timestamp', 'timeToStation', 'currentLocation', 'towards', 'expectedArrival', 'timeToLive', 'modeName', 'timing']"
2026-07-16T20:52:48.289374,23465,smartcity_transit,?,json_manip,array_to_scalar,bert,0.0,0.002,[],"['$type', 'id', 'operationType', 'vehicleId', 'naptanId', 'stationName', 'lineId', 'lineName', 'platformName', 'bearing', 'destinationNaptanId', 'destinationName', 'timestamp', 'timeToStation', 'currentLocation', 'towards', 'expectedArrival', 'timeToLive', 'modeName', 'timing']"
2026-07-16T20:52:48.289394,23502,smartcity_transit,?,json_manip,field_split,bert,0.0,0.002,[],"['$type', 'id', 'operationType', 'vehicleId', 'naptanId', 'stationName', 'lineId', 'lineName', 'platformName', 'bearing', 'destinationNaptanId', 'destinationName', 'timestamp', 'timeToStation', 'currentLocation', 'towards', 'expectedArrival', 'timeToLive', 'modeName', 'timing']"
2026-07-16T20:52:48.289412,23512,smartcity_transit,?,json_manip,array_to_scalar,bert,0.0,0.002,[],"['$type', 'id', 'operationType', 'vehicleId', 'naptanId', 'stationName', 'lineId', 'lineName', 'platformName', 'bearing', 'destinationNaptanId', 'destinationName', 'timestamp', 'timeToStation', 'currentLocation', 'towards', 'expectedArrival', 'timeToLive', 'modeName', 'timing']"
2026-07-16T20:52:48.289438,23523,smartcity_transit,?,json_manip,field_join,bert,0.0,0.002,[],"['$type', 'id', 'operationType', 'vehicleId', 'naptanId', 'stationName', 'lineId', 'lineName', 'platformName', 'bearing', 'destinationNaptanId', 'destinationName', 'timestamp', 'timeToStation', 'currentLocation', 'towards', 'expectedArrival', 'timeToLive', 'modeName', 'timing']"
2026-07-16T20:52:48.289454,23540,smartcity_transit,?,json_manip,null_injection,bert,0.0,0.002,[],"['$type', 'id', 'operationType', 'vehicleId', 'naptanId', 'stationName', 'lineId', 'lineName', 'platformName', 'bearing', 'destinationNaptanId', 'destinationName', 'timestamp', 'timeToStation', 'currentLocation', 'towards', 'expectedArrival', 'timeToLive', 'modeName', 'timing']"
2026-07-16T20:52:48.289473,23562,smartcity_transit,?,json_manip,array_to_scalar,bert,0.0,0.002,[],"['$type', 'id', 'operationType', 'vehicleId', 'naptanId', 'stationName', 'lineId', 'lineName', 'platformName', 'bearing', 'destinationNaptanId', 'destinationName', 'timestamp', 'timeToStation', 'currentLocation', 'towards', 'expectedArrival', 'timeToLive', 'modeName', 'timing']"
2026-07-16T20:52:48.289488,23564,smartcity_transit,?,json_manip,variable_drop,bert,0.0,0.002,[],"['$type', 'id', 'operationType', 'vehicleId', 'naptanId', 'stationName', 'lineId', 'lineName', 'platformName', 'bearing', 'destinationNaptanId', 'destinationName', 'timestamp', 'timeToStation', 'currentLocation', 'towards', 'expectedArrival', 'timeToLive', 'modeName', 'timing']"
2026-07-16T20:52:48.289512,23566,smartcity_transit,?,json_manip,array_expansion,bert,0.0,0.002,[],"['$type', 'id', 'operationType', 'vehicleId', 'naptanId', 'stationName', 'lineId', 'lineName', 'platformName', 'bearing', 'destinationNaptanId', 'destinationName', 'timestamp', 'timeToStation', 'currentLocation', 'towards', 'expectedArrival', 'timeToLive', 'modeName', 'timing']"
2026-07-16T20:52:48.289527,23583,smartcity_transit,?,json_manip,array_expansion,bert,0.0,0.002,[],"['$type', 'id', 'operationType', 'vehicleId', 'naptanId', 'stationName', 'lineId', 'lineName', 'platformName', 'bearing', 'destinationNaptanId', 'destinationName', 'timestamp', 'timeToStation', 'currentLocation', 'towards', 'expectedArrival', 'timeToLive', 'modeName', 'timing']"
2026-07-16T20:52:48.289543,23587,smartcity_transit,?,json_manip,array_expansion,bert,0.0,0.002,[],"['$type', 'id', 'operationType', 'vehicleId', 'naptanId', 'stationName', 'lineId', 'lineName', 'platformName', 'bearing', 'destinationNaptanId', 'destinationName', 'timestamp', 'timeToStation', 'currentLocation', 'towards', 'expectedArrival', 'timeToLive', 'modeName', 'timing']"
2026-07-16T20:52:48.289562,23592,smartcity_transit,?,json_manip,variable_drop,bert,0.0,0.002,[],"['$type', 'id', 'operationType', 'vehicleId', 'naptanId', 'stationName', 'lineId', 'lineName', 'platformName', 'bearing', 'destinationNaptanId', 'destinationName', 'timestamp', 'timeToStation', 'currentLocation', 'towards', 'expectedArrival', 'timeToLive', 'modeName', 'timing']"
2026-07-16T20:52:48.289589,23609,smartcity_transit,?,json_manip,variable_drop,bert,0.0,0.002,[],"['$type', 'id', 'operationType', 'vehicleId', 'naptanId', 'stationName', 'lineId', 'lineName', 'platformName', 'bearing', 'destinationNaptanId', 'destinationName', 'timestamp', 'timeToStation', 'currentLocation', 'towards', 'expectedArrival', 'timeToLive', 'modeName', 'timing']"
2026-07-16T20:52:48.289604,23612,smartcity_transit,?,json_manip,scalar_to_array,bert,0.0,0.002,[],"['$type', 'id', 'operationType', 'vehicleId', 'naptanId', 'stationName', 'lineId', 'lineName', 'platformName', 'bearing', 'destinationNaptanId', 'destinationName', 'timestamp', 'timeToStation', 'currentLocation', 'towards', 'expectedArrival', 'timeToLive', 'modeName', 'timing']"
2026-07-16T20:52:48.289620,23618,smartcity_transit,?,json_manip,variable_drop,bert,0.0,0.002,[],"['$type', 'id', 'operationType', 'vehicleId', 'naptanId', 'stationName', 'lineId', 'lineName', 'platformName', 'bearing', 'destinationNaptanId', 'destinationName', 'timestamp', 'timeToStation', 'currentLocation', 'towards', 'expectedArrival', 'timeToLive', 'modeName', 'timing']"
2026-07-16T20:52:48.289636,23622,smartcity_transit,?,json_manip,field_join,bert,0.0,0.002,[],"['$type', 'id', 'operationType', 'vehicleId', 'naptanId', 'stationName', 'lineId', 'lineName', 'platformName', 'bearing', 'destinationNaptanId', 'destinationName', 'timestamp', 'timeToStation', 'currentLocation', 'towards', 'expectedArrival', 'timeToLive', 'modeName', 'timing']"
2026-07-16T20:52:48.289667,23648,smartcity_transit,?,json_manip,field_split,bert,0.0,0.002,[],"['$type', 'id', 'operationType', 'vehicleId', 'naptanId', 'stationName', 'lineId', 'lineName', 'platformName', 'bearing', 'destinationNaptanId', 'destinationName', 'timestamp', 'timeToStation', 'currentLocation', 'towards', 'expectedArrival', 'timeToLive', 'modeName', 'timing']"
2026-07-16T20:52:48.289683,23668,smartcity_transit,?,json_manip,field_join,bert,0.0,0.002,[],"['$type', 'id', 'operationType', 'vehicleId', 'naptanId', 'stationName', 'lineId', 'lineName', 'platformName', 'bearing', 'destinationNaptanId', 'destinationName', 'timestamp', 'timeToStation', 'currentLocation', 'towards', 'expectedArrival', 'timeToLive', 'modeName', 'timing']"
2026-07-16T20:52:48.289708,23676,smartcity_transit,?,json_manip,null_injection,bert,0.0,0.002,[],"['$type', 'id', 'operationType', 'vehicleId', 'naptanId', 'stationName', 'lineId', 'lineName', 'platformName', 'bearing', 'destinationNaptanId', 'destinationName', 'timestamp', 'timeToStation', 'currentLocation', 'towards', 'expectedArrival', 'timeToLive', 'modeName', 'timing']"
2026-07-16T20:52:48.289724,23677,smartcity_transit,?,json_manip,field_split,bert,0.0,0.002,[],"['$type', 'id', 'operationType', 'vehicleId', 'naptanId', 'stationName', 'lineId', 'lineName', 'platformName', 'bearing', 'destinationNaptanId', 'destinationName', 'timestamp', 'timeToStation', 'currentLocation', 'towards', 'expectedArrival', 'timeToLive', 'modeName', 'timing']"
2026-07-16T20:52:48.289750,23678,smartcity_transit,?,json_manip,array_to_scalar,bert,0.0,0.002,[],"['$type', 'id', 'operationType', 'vehicleId', 'naptanId', 'stationName', 'lineId', 'lineName', 'platformName', 'bearing', 'destinationNaptanId', 'destinationName', 'timestamp', 'timeToStation', 'currentLocation', 'towards', 'expectedArrival', 'timeToLive', 'modeName', 'timing']"
2026-07-16T20:52:48.289766,23684,smartcity_transit,?,json_manip,variable_drop,bert,0.0,0.002,[],"['$type', 'id', 'operationType', 'vehicleId', 'naptanId', 'stationName', 'lineId', 'lineName', 'platformName', 'bearing', 'destinationNaptanId', 'destinationName', 'timestamp', 'timeToStation', 'currentLocation', 'towards', 'expectedArrival', 'timeToLive', 'modeName', 'timing']"
2026-07-16T20:52:48.289782,23695,smartcity_transit,?,json_manip,field_merge_value,bert,0.0,0.002,[],"['$type', 'id', 'operationType', 'vehicleId', 'naptanId', 'stationName', 'lineId', 'lineName', 'platformName', 'bearing', 'destinationNaptanId', 'destinationName', 'timestamp', 'timeToStation', 'currentLocation', 'towards', 'expectedArrival', 'timeToLive', 'modeName', 'timing']"
2026-07-16T20:52:48.289801,23721,smartcity_transit,?,json_manip,default_value_inject,bert,0.0,0.002,[],"['$type', 'id', 'operationType', 'vehicleId', 'naptanId', 'stationName', 'lineId', 'lineName', 'platformName', 'bearing', 'destinationNaptanId', 'destinationName', 'timestamp', 'timeToStation', 'currentLocation', 'towards', 'expectedArrival', 'timeToLive', 'modeName', 'timing']"
2026-07-16T20:52:48.289824,23731,smartcity_transit,?,json_manip,field_split,bert,0.0,0.002,[],"['$type', 'id', 'operationType', 'vehicleId', 'naptanId', 'stationName', 'lineId', 'lineName', 'platformName', 'bearing', 'destinationNaptanId', 'destinationName', 'timestamp', 'timeToStation', 'currentLocation', 'towards', 'expectedArrival', 'timeToLive', 'modeName', 'timing']"
2026-07-16T20:52:48.289842,23732,smartcity_transit,?,json_manip,null_injection,bert,0.0,0.002,[],"['$type', 'id', 'operationType', 'vehicleId', 'naptanId', 'stationName', 'lineId', 'lineName', 'platformName', 'bearing', 'destinationNaptanId', 'destinationName', 'timestamp', 'timeToStation', 'currentLocation', 'towards', 'expectedArrival', 'timeToLive', 'modeName', 'timing']"
2026-07-16T20:52:48.289861,23756,smartcity_transit,?,json_manip,field_split,bert,0.0,0.002,[],"['$type', 'id', 'operationType', 'vehicleId', 'naptanId', 'stationName', 'lineId', 'lineName', 'platformName', 'bearing', 'destinationNaptanId', 'destinationName', 'timestamp', 'timeToStation', 'currentLocation', 'towards', 'expectedArrival', 'timeToLive', 'modeName', 'timing']"
2026-07-16T20:52:48.289877,23758,smartcity_transit,?,json_manip,field_merge_value,bert,0.0,0.002,[],"['$type', 'id', 'operationType', 'vehicleId', 'naptanId', 'stationName', 'lineId', 'lineName', 'platformName', 'bearing', 'destinationNaptanId', 'destinationName', 'timestamp', 'timeToStation', 'currentLocation', 'towards', 'expectedArrival', 'timeToLive', 'modeName', 'timing']"
2026-07-16T20:52:48.289902,23760,smartcity_transit,?,json_manip,variable_drop,bert,0.0,0.002,[],"['$type', 'id', 'operationType', 'vehicleId', 'naptanId', 'stationName', 'lineId', 'lineName', 'platformName', 'bearing', 'destinationNaptanId', 'destinationName', 'timestamp', 'timeToStation', 'currentLocation', 'towards', 'expectedArrival', 'timeToLive', 'modeName', 'timing']"
2026-07-16T20:52:48.289918,23761,smartcity_transit,?,json_manip,field_merge_value,bert,0.0,0.002,[],"['$type', 'id', 'operationType', 'vehicleId', 'naptanId', 'stationName', 'lineId', 'lineName', 'platformName', 'bearing', 'destinationNaptanId', 'destinationName', 'timestamp', 'timeToStation', 'currentLocation', 'towards', 'expectedArrival', 'timeToLive', 'modeName', 'timing']"
2026-07-16T20:52:48.289934,23777,smartcity_transit,?,json_manip,null_injection,bert,0.0,0.002,[],"['$type', 'id', 'operationType', 'vehicleId', 'naptanId', 'stationName', 'lineId', 'lineName', 'platformName', 'bearing', 'destinationNaptanId', 'destinationName', 'timestamp', 'timeToStation', 'currentLocation', 'towards', 'expectedArrival', 'timeToLive', 'modeName', 'timing']"
2026-07-16T20:52:48.289949,23780,smartcity_transit,?,json_manip,null_injection,bert,0.0,0.002,[],"['$type', 'id', 'operationType', 'vehicleId', 'naptanId', 'stationName', 'lineId', 'lineName', 'platformName', 'bearing', 'destinationNaptanId', 'destinationName', 'timestamp', 'timeToStation', 'currentLocation', 'towards', 'expectedArrival', 'timeToLive', 'modeName', 'timing']"
2026-07-16T20:52:48.289981,23795,smartcity_transit,?,json_manip,field_join,bert,0.0,0.003,[],"['$type', 'id', 'operationType', 'vehicleId', 'naptanId', 'stationName', 'lineId', 'lineName', 'platformName', 'bearing', 'destinationNaptanId', 'destinationName', 'timestamp', 'timeToStation', 'currentLocation', 'towards', 'expectedArrival', 'timeToLive', 'modeName', 'timing']"
2026-07-16T20:52:48.289998,23799,smartcity_transit,?,json_manip,field_join,bert,0.0,0.003,[],"['$type', 'id', 'operationType', 'vehicleId', 'naptanId', 'stationName', 'lineId', 'lineName', 'platformName', 'bearing', 'destinationNaptanId', 'destinationName', 'timestamp', 'timeToStation', 'currentLocation', 'towards', 'expectedArrival', 'timeToLive', 'modeName', 'timing']"
2026-07-16T20:52:48.290013,23808,smartcity_transit,?,json_manip,outlier_injection,bert,0.0,0.003,[],"['$type', 'id', 'operationType', 'vehicleId', 'naptanId', 'stationName', 'lineId', 'lineName', 'platformName', 'bearing', 'destinationNaptanId', 'destinationName', 'timestamp', 'timeToStation', 'currentLocation', 'towards', 'expectedArrival', 'timeToLive', 'modeName', 'timing']"
2026-07-16T20:52:48.290030,23827,smartcity_transit,?,json_manip,array_expansion,bert,0.0,0.003,[],"['$type', 'id', 'operationType', 'vehicleId', 'naptanId', 'stationName', 'lineId', 'lineName', 'platformName', 'bearing', 'destinationNaptanId', 'destinationName', 'timestamp', 'timeToStation', 'currentLocation', 'towards', 'expectedArrival', 'timeToLive', 'modeName', 'timing']"
2026-07-16T20:52:48.290057,23833,smartcity_transit,?,json_manip,duplicate_field_inject,bert,0.0,0.002,[],"['$type', 'id', 'operationType', 'vehicleId', 'naptanId', 'stationName', 'lineId', 'lineName', 'platformName', 'bearing', 'destinationNaptanId', 'destinationName', 'timestamp', 'timeToStation', 'currentLocation', 'towards', 'expectedArrival', 'timeToLive', 'modeName', 'timing']"
2026-07-16T20:52:48.290073,23849,smartcity_transit,?,json_manip,array_to_scalar,bert,0.0,0.002,[],"['$type', 'id', 'operationType', 'vehicleId', 'naptanId', 'stationName', 'lineId', 'lineName', 'platformName', 'bearing', 'destinationNaptanId', 'destinationName', 'timestamp', 'timeToStation', 'currentLocation', 'towards', 'expectedArrival', 'timeToLive', 'modeName', 'timing']"
2026-07-16T20:52:48.290088,23850,smartcity_transit,?,json_manip,duplicate_field_inject,bert,0.0,0.002,[],"['$type', 'id', 'operationType', 'vehicleId', 'naptanId', 'stationName', 'lineId', 'lineName', 'platformName', 'bearing', 'destinationNaptanId', 'destinationName', 'timestamp', 'timeToStation', 'currentLocation', 'towards', 'expectedArrival', 'timeToLive', 'modeName', 'timing']"
2026-07-16T20:52:48.290115,23856,smartcity_transit,?,json_manip,scalar_to_array,bert,0.0,0.002,[],"['$type', 'id', 'operationType', 'vehicleId', 'naptanId', 'stationName', 'lineId', 'lineName', 'platformName', 'bearing', 'destinationNaptanId', 'destinationName', 'timestamp', 'timeToStation', 'currentLocation', 'towards', 'expectedArrival', 'timeToLive', 'modeName', 'timing']"
2026-07-16T20:52:48.290144,23865,smartcity_transit,?,json_manip,array_to_scalar,bert,0.0,0.003,[],"['$type', 'id', 'operationType', 'vehicleId', 'naptanId', 'stationName', 'lineId', 'lineName', 'platformName', 'bearing', 'destinationNaptanId', 'destinationName', 'timestamp', 'timeToStation', 'currentLocation', 'towards', 'expectedArrival', 'timeToLive', 'modeName', 'timing']"
2026-07-16T20:52:48.290164,23873,smartcity_transit,?,json_manip,variable_drop,bert,0.0,0.003,[],"['$type', 'id', 'operationType', 'vehicleId', 'naptanId', 'stationName', 'lineId', 'lineName', 'platformName', 'bearing', 'destinationNaptanId', 'destinationName', 'timestamp', 'timeToStation', 'currentLocation', 'towards', 'expectedArrival', 'timeToLive', 'modeName', 'timing']"
2026-07-16T20:52:48.290180,23891,smartcity_transit,?,json_manip,field_merge_value,bert,0.0,0.003,[],"['$type', 'id', 'operationType', 'vehicleId', 'naptanId', 'stationName', 'lineId', 'lineName', 'platformName', 'bearing', 'destinationNaptanId', 'destinationName', 'timestamp', 'timeToStation', 'currentLocation', 'towards', 'expectedArrival', 'timeToLive', 'modeName', 'timing']"
2026-07-16T20:52:48.290195,23892,smartcity_transit,?,json_manip,field_split,bert,0.0,0.003,[],"['$type', 'id', 'operationType', 'vehicleId', 'naptanId', 'stationName', 'lineId', 'lineName', 'platformName', 'bearing', 'destinationNaptanId', 'destinationName', 'timestamp', 'timeToStation', 'currentLocation', 'towards', 'expectedArrival', 'timeToLive', 'modeName', 'timing']"
2026-07-16T20:52:48.290218,23894,smartcity_transit,?,json_manip,null_injection,bert,0.0,0.001,[],"['$type', 'id', 'operationType', 'vehicleId', 'naptanId', 'stationName', 'lineId', 'lineName', 'platformName', 'bearing', 'destinationNaptanId', 'destinationName', 'timestamp', 'timeToStation', 'currentLocation', 'towards', 'expectedArrival', 'timeToLive', 'modeName', 'timing']"
2026-07-16T20:52:48.290234,23897,smartcity_transit,?,json_manip,variable_drop,bert,0.0,0.001,[],"['$type', 'id', 'operationType', 'vehicleId', 'naptanId', 'stationName', 'lineId', 'lineName', 'platformName', 'bearing', 'destinationNaptanId', 'destinationName', 'timestamp', 'timeToStation', 'currentLocation', 'towards', 'expectedArrival', 'timeToLive', 'modeName', 'timing']"
2026-07-16T20:52:48.290250,23902,smartcity_transit,?,json_manip,default_value_inject,bert,0.0,0.001,[],"['$type', 'id', 'operationType', 'vehicleId', 'naptanId', 'stationName', 'lineId', 'lineName', 'platformName', 'bearing', 'destinationNaptanId', 'destinationName', 'timestamp', 'timeToStation', 'currentLocation', 'towards', 'expectedArrival', 'timeToLive', 'modeName', 'timing']"
2026-07-16T20:52:48.290266,23909,smartcity_transit,?,json_manip,field_split,bert,0.0,0.001,[],"['$type', 'id', 'operationType', 'vehicleId', 'naptanId', 'stationName', 'lineId', 'lineName', 'platformName', 'bearing', 'destinationNaptanId', 'destinationName', 'timestamp', 'timeToStation', 'currentLocation', 'towards', 'expectedArrival', 'timeToLive', 'modeName', 'timing']"
2026-07-16T20:52:48.290296,23913,smartcity_transit,?,json_manip,field_merge_value,bert,0.0,0.002,[],"['$type', 'id', 'operationType', 'vehicleId', 'naptanId', 'stationName', 'lineId', 'lineName', 'platformName', 'bearing', 'destinationNaptanId', 'destinationName', 'timestamp', 'timeToStation', 'currentLocation', 'towards', 'expectedArrival', 'timeToLive', 'modeName', 'timing']"
2026-07-16T20:52:48.290312,23916,smartcity_transit,?,json_manip,default_value_inject,bert,0.0,0.002,[],"['$type', 'id', 'operationType', 'vehicleId', 'naptanId', 'stationName', 'lineId', 'lineName', 'platformName', 'bearing', 'destinationNaptanId', 'destinationName', 'timestamp', 'timeToStation', 'currentLocation', 'towards', 'expectedArrival', 'timeToLive', 'modeName', 'timing']"
2026-07-16T20:52:48.290327,23917,smartcity_transit,?,json_manip,default_value_inject,bert,0.0,0.002,[],"['$type', 'id', 'operationType', 'vehicleId', 'naptanId', 'stationName', 'lineId', 'lineName', 'platformName', 'bearing', 'destinationNaptanId', 'destinationName', 'timestamp', 'timeToStation', 'currentLocation', 'towards', 'expectedArrival', 'timeToLive', 'modeName', 'timing']"
2026-07-16T20:52:48.290343,23924,smartcity_transit,?,json_manip,outlier_injection,bert,0.0,0.002,[],"['$type', 'id', 'operationType', 'vehicleId', 'naptanId', 'stationName', 'lineId', 'lineName', 'platformName', 'bearing', 'destinationNaptanId', 'destinationName', 'timestamp', 'timeToStation', 'currentLocation', 'towards', 'expectedArrival', 'timeToLive', 'modeName', 'timing']"
2026-07-16T20:52:48.290366,23926,smartcity_transit,?,json_manip,variable_drop,bert,0.0,0.001,[],"['$type', 'id', 'operationType', 'vehicleId', 'naptanId', 'stationName', 'lineId', 'lineName', 'platformName', 'bearing', 'destinationNaptanId', 'destinationName', 'timestamp', 'timeToStation', 'currentLocation', 'towards', 'expectedArrival', 'timeToLive', 'modeName', 'timing']"
2026-07-16T20:52:48.290386,23927,smartcity_transit,?,json_manip,outlier_injection,bert,0.0,0.001,[],"['$type', 'id', 'operationType', 'vehicleId', 'naptanId', 'stationName', 'lineId', 'lineName', 'platformName', 'bearing', 'destinationNaptanId', 'destinationName', 'timestamp', 'timeToStation', 'currentLocation', 'towards', 'expectedArrival', 'timeToLive', 'modeName', 'timing']"
2026-07-16T20:52:48.290401,23929,smartcity_transit,?,json_manip,scalar_to_array,bert,0.0,0.001,[],"['$type', 'id', 'operationType', 'vehicleId', 'naptanId', 'stationName', 'lineId', 'lineName', 'platformName', 'bearing', 'destinationNaptanId', 'destinationName', 'timestamp', 'timeToStation', 'currentLocation', 'towards', 'expectedArrival', 'timeToLive', 'modeName', 'timing']"
2026-07-16T20:52:48.290417,23937,smartcity_transit,?,json_manip,field_split,bert,0.0,0.001,[],"['$type', 'id', 'operationType', 'vehicleId', 'naptanId', 'stationName', 'lineId', 'lineName', 'platformName', 'bearing', 'destinationNaptanId', 'destinationName', 'timestamp', 'timeToStation', 'currentLocation', 'towards', 'expectedArrival', 'timeToLive', 'modeName', 'timing']"
2026-07-16T20:52:48.290447,23962,smartcity_transit,?,json_manip,default_value_inject,bert,0.0,0.002,[],"['$type', 'id', 'operationType', 'vehicleId', 'naptanId', 'stationName', 'lineId', 'lineName', 'platformName', 'bearing', 'destinationNaptanId', 'destinationName', 'timestamp', 'timeToStation', 'currentLocation', 'towards', 'expectedArrival', 'timeToLive', 'modeName', 'timing']"
2026-07-16T20:52:48.290463,23964,smartcity_transit,?,json_manip,field_merge_value,bert,0.0,0.002,[],"['$type', 'id', 'operationType', 'vehicleId', 'naptanId', 'stationName', 'lineId', 'lineName', 'platformName', 'bearing', 'destinationNaptanId', 'destinationName', 'timestamp', 'timeToStation', 'currentLocation', 'towards', 'expectedArrival', 'timeToLive', 'modeName', 'timing']"
2026-07-16T20:52:48.290478,23983,smartcity_transit,?,json_manip,field_split,bert,0.0,0.002,[],"['$type', 'id', 'operationType', 'vehicleId', 'naptanId', 'stationName', 'lineId', 'lineName', 'platformName', 'bearing', 'destinationNaptanId', 'destinationName', 'timestamp', 'timeToStation', 'currentLocation', 'towards', 'expectedArrival', 'timeToLive', 'modeName', 'timing']"
2026-07-16T20:52:48.290494,23986,smartcity_transit,?,json_manip,null_injection,bert,0.0,0.002,[],"['$type', 'id', 'operationType', 'vehicleId', 'naptanId', 'stationName', 'lineId', 'lineName', 'platformName', 'bearing', 'destinationNaptanId', 'destinationName', 'timestamp', 'timeToStation', 'currentLocation', 'towards', 'expectedArrival', 'timeToLive', 'modeName', 'timing']"
2026-07-16T20:52:48.290525,23989,smartcity_transit,?,json_manip,duplicate_field_inject,bert,0.0,0.002,[],"['$type', 'id', 'operationType', 'vehicleId', 'naptanId', 'stationName', 'lineId', 'lineName', 'platformName', 'bearing', 'destinationNaptanId', 'destinationName', 'timestamp', 'timeToStation', 'currentLocation', 'towards', 'expectedArrival', 'timeToLive', 'modeName', 'timing']"
2026-07-16T20:52:48.290544,24010,smartcity_transit,?,json_manip,array_to_scalar,bert,0.0,0.002,[],"['$type', 'id', 'operationType', 'vehicleId', 'naptanId', 'stationName', 'lineId', 'lineName', 'platformName', 'bearing', 'destinationNaptanId', 'destinationName', 'timestamp', 'timeToStation', 'currentLocation', 'towards', 'expectedArrival', 'timeToLive', 'modeName', 'timing']"
2026-07-16T20:52:48.290560,24018,smartcity_transit,?,json_manip,field_merge_value,bert,0.0,0.002,[],"['$type', 'id', 'operationType', 'vehicleId', 'naptanId', 'stationName', 'lineId', 'lineName', 'platformName', 'bearing', 'destinationNaptanId', 'destinationName', 'timestamp', 'timeToStation', 'currentLocation', 'towards', 'expectedArrival', 'timeToLive', 'modeName', 'timing']"
2026-07-16T20:52:48.290576,24024,smartcity_transit,?,json_manip,variable_drop,bert,0.0,0.002,[],"['$type', 'id', 'operationType', 'vehicleId', 'naptanId', 'stationName', 'lineId', 'lineName', 'platformName', 'bearing', 'destinationNaptanId', 'destinationName', 'timestamp', 'timeToStation', 'currentLocation', 'towards', 'expectedArrival', 'timeToLive', 'modeName', 'timing']"
2026-07-16T20:52:48.290599,24027,smartcity_transit,?,json_manip,null_injection,bert,0.0,0.002,[],"['$type', 'id', 'operationType', 'vehicleId', 'naptanId', 'stationName', 'lineId', 'lineName', 'platformName', 'bearing', 'destinationNaptanId', 'destinationName', 'timestamp', 'timeToStation', 'currentLocation', 'towards', 'expectedArrival', 'timeToLive', 'modeName', 'timing']"
2026-07-16T20:52:48.290618,24035,smartcity_transit,?,json_manip,default_value_inject,bert,0.0,0.002,[],"['$type', 'id', 'operationType', 'vehicleId', 'naptanId', 'stationName', 'lineId', 'lineName', 'platformName', 'bearing', 'destinationNaptanId', 'destinationName', 'timestamp', 'timeToStation', 'currentLocation', 'towards', 'expectedArrival', 'timeToLive', 'modeName', 'timing']"
2026-07-16T20:52:48.290634,24036,smartcity_transit,?,json_manip,null_injection,bert,0.0,0.002,[],"['$type', 'id', 'operationType', 'vehicleId', 'naptanId', 'stationName', 'lineId', 'lineName', 'platformName', 'bearing', 'destinationNaptanId', 'destinationName', 'timestamp', 'timeToStation', 'currentLocation', 'towards', 'expectedArrival', 'timeToLive', 'modeName', 'timing']"
2026-07-16T20:52:48.290649,24040,smartcity_transit,?,json_manip,default_value_inject,bert,0.0,0.002,[],"['$type', 'id', 'operationType', 'vehicleId', 'naptanId', 'stationName', 'lineId', 'lineName', 'platformName', 'bearing', 'destinationNaptanId', 'destinationName', 'timestamp', 'timeToStation', 'currentLocation', 'towards', 'expectedArrival', 'timeToLive', 'modeName', 'timing']"
2026-07-16T20:52:48.290674,24048,smartcity_transit,?,json_manip,array_to_scalar,bert,0.0,0.002,[],"['$type', 'id', 'operationType', 'vehicleId', 'naptanId', 'stationName', 'lineId', 'lineName', 'platformName', 'bearing', 'destinationNaptanId', 'destinationName', 'timestamp', 'timeToStation', 'currentLocation', 'towards', 'expectedArrival', 'timeToLive', 'modeName', 'timing']"
2026-07-16T20:52:48.290690,24052,smartcity_transit,?,json_manip,field_split,bert,0.0,0.002,[],"['$type', 'id', 'operationType', 'vehicleId', 'naptanId', 'stationName', 'lineId', 'lineName', 'platformName', 'bearing', 'destinationNaptanId', 'destinationName', 'timestamp', 'timeToStation', 'currentLocation', 'towards', 'expectedArrival', 'timeToLive', 'modeName', 'timing']"
2026-07-16T20:52:48.290706,24061,smartcity_transit,?,json_manip,array_expansion,bert,0.0,0.002,[],"['$type', 'id', 'operationType', 'vehicleId', 'naptanId', 'stationName', 'lineId', 'lineName', 'platformName', 'bearing', 'destinationNaptanId', 'destinationName', 'timestamp', 'timeToStation', 'currentLocation', 'towards', 'expectedArrival', 'timeToLive', 'modeName', 'timing']"
2026-07-16T20:52:48.290725,24080,smartcity_transit,?,json_manip,null_injection,bert,0.0,0.002,[],"['$type', 'id', 'operationType', 'vehicleId', 'naptanId', 'stationName', 'lineId', 'lineName', 'platformName', 'bearing', 'destinationNaptanId', 'destinationName', 'timestamp', 'timeToStation', 'currentLocation', 'towards', 'expectedArrival', 'timeToLive', 'modeName', 'timing']"
2026-07-16T20:52:48.290756,24119,smartcity_transit,?,json_manip,array_expansion,bert,0.0,0.002,[],"['$type', 'id', 'operationType', 'vehicleId', 'naptanId', 'stationName', 'lineId', 'lineName', 'platformName', 'bearing', 'destinationNaptanId', 'destinationName', 'timestamp', 'timeToStation', 'currentLocation', 'towards', 'expectedArrival', 'timeToLive', 'modeName', 'timing']"
2026-07-16T20:52:48.290772,24135,smartcity_transit,?,json_manip,null_injection,bert,0.0,0.002,[],"['$type', 'id', 'operationType', 'vehicleId', 'naptanId', 'stationName', 'lineId', 'lineName', 'platformName', 'bearing', 'destinationNaptanId', 'destinationName', 'timestamp', 'timeToStation', 'currentLocation', 'towards', 'expectedArrival', 'timeToLive', 'modeName', 'timing']"
2026-07-16T20:52:48.290787,24139,smartcity_transit,?,json_manip,scalar_to_array,bert,0.0,0.002,[],"['$type', 'id', 'operationType', 'vehicleId', 'naptanId', 'stationName', 'lineId', 'lineName', 'platformName', 'bearing', 'destinationNaptanId', 'destinationName', 'timestamp', 'timeToStation', 'currentLocation', 'towards', 'expectedArrival', 'timeToLive', 'modeName', 'timing']"
2026-07-16T20:52:48.290803,24140,smartcity_transit,?,json_manip,array_to_scalar,bert,0.0,0.002,[],"['$type', 'id', 'operationType', 'vehicleId', 'naptanId', 'stationName', 'lineId', 'lineName', 'platformName', 'bearing', 'destinationNaptanId', 'destinationName', 'timestamp', 'timeToStation', 'currentLocation', 'towards', 'expectedArrival', 'timeToLive', 'modeName', 'timing']"
2026-07-16T20:52:48.290834,24152,smartcity_transit,?,json_manip,array_expansion,bert,0.0,0.002,[],"['$type', 'id', 'operationType', 'vehicleId', 'naptanId', 'stationName', 'lineId', 'lineName', 'platformName', 'bearing', 'destinationNaptanId', 'destinationName', 'timestamp', 'timeToStation', 'currentLocation', 'towards', 'expectedArrival', 'timeToLive', 'modeName', 'timing']"
2026-07-16T20:52:48.290850,24161,smartcity_transit,?,json_manip,duplicate_field_inject,bert,0.0,0.002,[],"['$type', 'id', 'operationType', 'vehicleId', 'naptanId', 'stationName', 'lineId', 'lineName', 'platformName', 'bearing', 'destinationNaptanId', 'destinationName', 'timestamp', 'timeToStation', 'currentLocation', 'towards', 'expectedArrival', 'timeToLive', 'modeName', 'timing']"
2026-07-16T20:52:48.290866,24171,smartcity_transit,?,json_manip,variable_drop,bert,0.0,0.002,[],"['$type', 'id', 'operationType', 'vehicleId', 'naptanId', 'stationName', 'lineId', 'lineName', 'platformName', 'bearing', 'destinationNaptanId', 'destinationName', 'timestamp', 'timeToStation', 'currentLocation', 'towards', 'expectedArrival', 'timeToLive', 'modeName', 'timing']"
2026-07-16T20:52:48.290882,24172,smartcity_transit,?,json_manip,array_expansion,bert,0.0,0.002,[],"['$type', 'id', 'operationType', 'vehicleId', 'naptanId', 'stationName', 'lineId', 'lineName', 'platformName', 'bearing', 'destinationNaptanId', 'destinationName', 'timestamp', 'timeToStation', 'currentLocation', 'towards', 'expectedArrival', 'timeToLive', 'modeName', 'timing']"
2026-07-16T20:52:48.290910,24178,smartcity_transit,?,json_manip,default_value_inject,bert,0.0,0.002,[],"['$type', 'id', 'operationType', 'vehicleId', 'naptanId', 'stationName', 'lineId', 'lineName', 'platformName', 'bearing', 'destinationNaptanId', 'destinationName', 'timestamp', 'timeToStation', 'currentLocation', 'towards', 'expectedArrival', 'timeToLive', 'modeName', 'timing']"
2026-07-16T20:52:48.290931,24180,smartcity_transit,?,json_manip,variable_drop,bert,0.0,0.002,[],"['$type', 'id', 'operationType', 'vehicleId', 'naptanId', 'stationName', 'lineId', 'lineName', 'platformName', 'bearing', 'destinationNaptanId', 'destinationName', 'timestamp', 'timeToStation', 'currentLocation', 'towards', 'expectedArrival', 'timeToLive', 'modeName', 'timing']"
2026-07-16T20:52:48.290947,24183,smartcity_transit,?,json_manip,array_to_scalar,bert,0.0,0.002,[],"['$type', 'id', 'operationType', 'vehicleId', 'naptanId', 'stationName', 'lineId', 'lineName', 'platformName', 'bearing', 'destinationNaptanId', 'destinationName', 'timestamp', 'timeToStation', 'currentLocation', 'towards', 'expectedArrival', 'timeToLive', 'modeName', 'timing']"
2026-07-16T20:52:48.290967,24202,smartcity_transit,?,json_manip,scalar_to_array,bert,0.0,0.002,[],"['$type', 'id', 'operationType', 'vehicleId', 'naptanId', 'stationName', 'lineId', 'lineName', 'platformName', 'bearing', 'destinationNaptanId', 'destinationName', 'timestamp', 'timeToStation', 'currentLocation', 'towards', 'expectedArrival', 'timeToLive', 'modeName', 'timing']"
2026-07-16T20:52:48.291000,24226,smartcity_transit,?,json_manip,field_split,bert,0.0,0.002,[],"['$type', 'id', 'operationType', 'vehicleId', 'naptanId', 'stationName', 'lineId', 'lineName', 'platformName', 'bearing', 'destinationNaptanId', 'destinationName', 'timestamp', 'timeToStation', 'currentLocation', 'towards', 'expectedArrival', 'timeToLive', 'modeName', 'timing']"
2026-07-16T20:52:48.291015,24229,smartcity_transit,?,json_manip,scalar_to_array,bert,0.0,0.002,[],"['$type', 'id', 'operationType', 'vehicleId', 'naptanId', 'stationName', 'lineId', 'lineName', 'platformName', 'bearing', 'destinationNaptanId', 'destinationName', 'timestamp', 'timeToStation', 'currentLocation', 'towards', 'expectedArrival', 'timeToLive', 'modeName', 'timing']"
2026-07-16T20:52:48.291031,24230,smartcity_transit,?,json_manip,field_merge_value,bert,0.0,0.002,[],"['$type', 'id', 'operationType', 'vehicleId', 'naptanId', 'stationName', 'lineId', 'lineName', 'platformName', 'bearing', 'destinationNaptanId', 'destinationName', 'timestamp', 'timeToStation', 'currentLocation', 'towards', 'expectedArrival', 'timeToLive', 'modeName', 'timing']"
2026-07-16T20:52:48.291050,24237,smartcity_transit,?,json_manip,field_join,bert,0.0,0.002,[],"['$type', 'id', 'operationType', 'vehicleId', 'naptanId', 'stationName', 'lineId', 'lineName', 'platformName', 'bearing', 'destinationNaptanId', 'destinationName', 'timestamp', 'timeToStation', 'currentLocation', 'towards', 'expectedArrival', 'timeToLive', 'modeName', 'timing']"
2026-07-16T20:52:48.291085,24252,smartcity_transit,?,json_manip,duplicate_field_inject,bert,0.0,0.004,[],"['$type', 'id', 'operationType', 'vehicleId', 'naptanId', 'stationName', 'lineId', 'lineName', 'platformName', 'bearing', 'destinationNaptanId', 'destinationName', 'timestamp', 'timeToStation', 'currentLocation', 'towards', 'expectedArrival', 'timeToLive', 'modeName', 'timing']"
2026-07-16T20:52:48.291101,24266,smartcity_transit,?,json_manip,field_split,bert,0.0,0.004,[],"['$type', 'id', 'operationType', 'vehicleId', 'naptanId', 'stationName', 'lineId', 'lineName', 'platformName', 'bearing', 'destinationNaptanId', 'destinationName', 'timestamp', 'timeToStation', 'currentLocation', 'towards', 'expectedArrival', 'timeToLive', 'modeName', 'timing']"
2026-07-16T20:52:48.291117,24270,smartcity_transit,?,json_manip,array_to_scalar,bert,0.0,0.004,[],"['$type', 'id', 'operationType', 'vehicleId', 'naptanId', 'stationName', 'lineId', 'lineName', 'platformName', 'bearing', 'destinationNaptanId', 'destinationName', 'timestamp', 'timeToStation', 'currentLocation', 'towards', 'expectedArrival', 'timeToLive', 'modeName', 'timing']"
2026-07-16T20:52:48.291136,24276,smartcity_transit,?,json_manip,variable_drop,bert,0.0,0.004,[],"['$type', 'id', 'operationType', 'vehicleId', 'naptanId', 'stationName', 'lineId', 'lineName', 'platformName', 'bearing', 'destinationNaptanId', 'destinationName', 'timestamp', 'timeToStation', 'currentLocation', 'towards', 'expectedArrival', 'timeToLive', 'modeName', 'timing']"
2026-07-16T20:52:48.291187,24283,smartcity_transit,?,json_manip,array_expansion,bert,0.0,0.002,[],"['$type', 'id', 'operationType', 'vehicleId', 'naptanId', 'stationName', 'lineId', 'lineName', 'platformName', 'bearing', 'destinationNaptanId', 'destinationName', 'timestamp', 'timeToStation', 'currentLocation', 'towards', 'expectedArrival', 'timeToLive', 'modeName', 'timing']"
2026-07-16T20:52:48.291204,24293,smartcity_transit,?,json_manip,field_merge_value,bert,0.0,0.002,[],"['$type', 'id', 'operationType', 'vehicleId', 'naptanId', 'stationName', 'lineId', 'lineName', 'platformName', 'bearing', 'destinationNaptanId', 'destinationName', 'timestamp', 'timeToStation', 'currentLocation', 'towards', 'expectedArrival', 'timeToLive', 'modeName', 'timing']"
2026-07-16T20:52:48.291219,24299,smartcity_transit,?,json_manip,field_merge_value,bert,0.0,0.002,[],"['$type', 'id', 'operationType', 'vehicleId', 'naptanId', 'stationName', 'lineId', 'lineName', 'platformName', 'bearing', 'destinationNaptanId', 'destinationName', 'timestamp', 'timeToStation', 'currentLocation', 'towards', 'expectedArrival', 'timeToLive', 'modeName', 'timing']"
2026-07-16T20:52:48.291237,24313,smartcity_transit,?,json_manip,array_to_scalar,bert,0.0,0.002,[],"['$type', 'id', 'operationType', 'vehicleId', 'naptanId', 'stationName', 'lineId', 'lineName', 'platformName', 'bearing', 'destinationNaptanId', 'destinationName', 'timestamp', 'timeToStation', 'currentLocation', 'towards', 'expectedArrival', 'timeToLive', 'modeName', 'timing']"
2026-07-16T20:52:48.291271,24337,smartcity_transit,?,json_manip,array_to_scalar,bert,0.0,0.002,[],"['$type', 'id', 'operationType', 'vehicleId', 'naptanId', 'stationName', 'lineId', 'lineName', 'platformName', 'bearing', 'destinationNaptanId', 'destinationName', 'timestamp', 'timeToStation', 'currentLocation', 'towards', 'expectedArrival', 'timeToLive', 'modeName', 'timing']"
2026-07-16T20:52:48.291287,24341,smartcity_transit,?,json_manip,duplicate_field_inject,bert,0.0,0.002,[],"['$type', 'id', 'operationType', 'vehicleId', 'naptanId', 'stationName', 'lineId', 'lineName', 'platformName', 'bearing', 'destinationNaptanId', 'destinationName', 'timestamp', 'timeToStation', 'currentLocation', 'towards', 'expectedArrival', 'timeToLive', 'modeName', 'timing']"
2026-07-16T20:52:48.291306,24358,smartcity_transit,?,json_manip,duplicate_field_inject,bert,0.0,0.002,[],"['$type', 'id', 'operationType', 'vehicleId', 'naptanId', 'stationName', 'lineId', 'lineName', 'platformName', 'bearing', 'destinationNaptanId', 'destinationName', 'timestamp', 'timeToStation', 'currentLocation', 'towards', 'expectedArrival', 'timeToLive', 'modeName', 'timing']"
2026-07-16T20:52:48.291322,24366,smartcity_transit,?,json_manip,array_to_scalar,bert,0.0,0.002,[],"['$type', 'id', 'operationType', 'vehicleId', 'naptanId', 'stationName', 'lineId', 'lineName', 'platformName', 'bearing', 'destinationNaptanId', 'destinationName', 'timestamp', 'timeToStation', 'currentLocation', 'towards', 'expectedArrival', 'timeToLive', 'modeName', 'timing']"
2026-07-16T20:52:48.291366,24369,smartcity_transit,?,json_manip,outlier_injection,bert,0.0,0.002,[],"['$type', 'id', 'operationType', 'vehicleId', 'naptanId', 'stationName', 'lineId', 'lineName', 'platformName', 'bearing', 'destinationNaptanId', 'destinationName', 'timestamp', 'timeToStation', 'currentLocation', 'towards', 'expectedArrival', 'timeToLive', 'modeName', 'timing']"
2026-07-16T20:52:48.291382,24371,smartcity_transit,?,json_manip,outlier_injection,bert,0.0,0.002,[],"['$type', 'id', 'operationType', 'vehicleId', 'naptanId', 'stationName', 'lineId', 'lineName', 'platformName', 'bearing', 'destinationNaptanId', 'destinationName', 'timestamp', 'timeToStation', 'currentLocation', 'towards', 'expectedArrival', 'timeToLive', 'modeName', 'timing']"
2026-07-16T20:52:48.291404,24379,smartcity_transit,?,json_manip,field_split,bert,0.0,0.002,[],"['$type', 'id', 'operationType', 'vehicleId', 'naptanId', 'stationName', 'lineId', 'lineName', 'platformName', 'bearing', 'destinationNaptanId', 'destinationName', 'timestamp', 'timeToStation', 'currentLocation', 'towards', 'expectedArrival', 'timeToLive', 'modeName', 'timing']"
2026-07-16T20:52:48.291424,24400,smartcity_transit,?,json_manip,null_injection,bert,0.0,0.002,[],"['$type', 'id', 'operationType', 'vehicleId', 'naptanId', 'stationName', 'lineId', 'lineName', 'platformName', 'bearing', 'destinationNaptanId', 'destinationName', 'timestamp', 'timeToStation', 'currentLocation', 'towards', 'expectedArrival', 'timeToLive', 'modeName', 'timing']"
2026-07-16T20:52:48.291455,24411,smartcity_transit,?,json_manip,variable_drop,bert,0.0,0.002,[],"['$type', 'id', 'operationType', 'vehicleId', 'naptanId', 'stationName', 'lineId', 'lineName', 'platformName', 'bearing', 'destinationNaptanId', 'destinationName', 'timestamp', 'timeToStation', 'currentLocation', 'towards', 'expectedArrival', 'timeToLive', 'modeName', 'timing']"
2026-07-16T20:52:48.291471,24420,smartcity_transit,?,json_manip,duplicate_field_inject,bert,0.0,0.002,[],"['$type', 'id', 'operationType', 'vehicleId', 'naptanId', 'stationName', 'lineId', 'lineName', 'platformName', 'bearing', 'destinationNaptanId', 'destinationName', 'timestamp', 'timeToStation', 'currentLocation', 'towards', 'expectedArrival', 'timeToLive', 'modeName', 'timing']"
2026-07-16T20:52:48.291487,24428,smartcity_transit,?,json_manip,field_split,bert,0.0,0.002,[],"['$type', 'id', 'operationType', 'vehicleId', 'naptanId', 'stationName', 'lineId', 'lineName', 'platformName', 'bearing', 'destinationNaptanId', 'destinationName', 'timestamp', 'timeToStation', 'currentLocation', 'towards', 'expectedArrival', 'timeToLive', 'modeName', 'timing']"
2026-07-16T20:52:48.291505,24432,smartcity_transit,?,json_manip,field_split,bert,0.0,0.002,[],"['$type', 'id', 'operationType', 'vehicleId', 'naptanId', 'stationName', 'lineId', 'lineName', 'platformName', 'bearing', 'destinationNaptanId', 'destinationName', 'timestamp', 'timeToStation', 'currentLocation', 'towards', 'expectedArrival', 'timeToLive', 'modeName', 'timing']"
2026-07-16T20:52:48.291538,24445,smartcity_transit,?,json_manip,field_join,bert,0.0,0.002,[],"['$type', 'id', 'operationType', 'vehicleId', 'naptanId', 'stationName', 'lineId', 'lineName', 'platformName', 'bearing', 'destinationNaptanId', 'destinationName', 'timestamp', 'timeToStation', 'currentLocation', 'towards', 'expectedArrival', 'timeToLive', 'modeName', 'timing']"
2026-07-16T20:52:48.291555,24449,smartcity_transit,?,json_manip,array_expansion,bert,0.0,0.002,[],"['$type', 'id', 'operationType', 'vehicleId', 'naptanId', 'stationName', 'lineId', 'lineName', 'platformName', 'bearing', 'destinationNaptanId', 'destinationName', 'timestamp', 'timeToStation', 'currentLocation', 'towards', 'expectedArrival', 'timeToLive', 'modeName', 'timing']"
2026-07-16T20:52:48.291571,24463,smartcity_transit,?,json_manip,field_join,bert,0.0,0.002,[],"['$type', 'id', 'operationType', 'vehicleId', 'naptanId', 'stationName', 'lineId', 'lineName', 'platformName', 'bearing', 'destinationNaptanId', 'destinationName', 'timestamp', 'timeToStation', 'currentLocation', 'towards', 'expectedArrival', 'timeToLive', 'modeName', 'timing']"
2026-07-16T20:52:48.291586,24470,smartcity_transit,?,json_manip,variable_drop,bert,0.0,0.002,[],"['$type', 'id', 'operationType', 'vehicleId', 'naptanId', 'stationName', 'lineId', 'lineName', 'platformName', 'bearing', 'destinationNaptanId', 'destinationName', 'timestamp', 'timeToStation', 'currentLocation', 'towards', 'expectedArrival', 'timeToLive', 'modeName', 'timing']"
2026-07-16T20:52:48.291623,24489,smartcity_transit,?,json_manip,scalar_to_array,bert,0.0,0.003,[],"['$type', 'id', 'operationType', 'vehicleId', 'naptanId', 'stationName', 'lineId', 'lineName', 'platformName', 'bearing', 'destinationNaptanId', 'destinationName', 'timestamp', 'timeToStation', 'currentLocation', 'towards', 'expectedArrival', 'timeToLive', 'modeName', 'timing']"
2026-07-16T20:52:48.291642,24512,smartcity_transit,?,json_manip,outlier_injection,bert,0.0,0.003,[],"['$type', 'id', 'operationType', 'vehicleId', 'naptanId', 'stationName', 'lineId', 'lineName', 'platformName', 'bearing', 'destinationNaptanId', 'destinationName', 'timestamp', 'timeToStation', 'currentLocation', 'towards', 'expectedArrival', 'timeToLive', 'modeName', 'timing']"
2026-07-16T20:52:48.291658,24539,smartcity_transit,?,json_manip,field_split,bert,0.0,0.003,[],"['$type', 'id', 'operationType', 'vehicleId', 'naptanId', 'stationName', 'lineId', 'lineName', 'platformName', 'bearing', 'destinationNaptanId', 'destinationName', 'timestamp', 'timeToStation', 'currentLocation', 'towards', 'expectedArrival', 'timeToLive', 'modeName', 'timing']"
2026-07-16T20:52:48.291678,24558,smartcity_transit,?,json_manip,duplicate_field_inject,bert,0.0,0.003,[],"['$type', 'id', 'operationType', 'vehicleId', 'naptanId', 'stationName', 'lineId', 'lineName', 'platformName', 'bearing', 'destinationNaptanId', 'destinationName', 'timestamp', 'timeToStation', 'currentLocation', 'towards', 'expectedArrival', 'timeToLive', 'modeName', 'timing']"
2026-07-16T20:52:48.291713,24584,smartcity_transit,?,json_manip,array_expansion,bert,0.0,0.002,[],"['$type', 'id', 'operationType', 'vehicleId', 'naptanId', 'stationName', 'lineId', 'lineName', 'platformName', 'bearing', 'destinationNaptanId', 'destinationName', 'timestamp', 'timeToStation', 'currentLocation', 'towards', 'expectedArrival', 'timeToLive', 'modeName', 'timing']"
2026-07-16T20:52:48.291732,24592,smartcity_transit,?,json_manip,default_value_inject,bert,0.0,0.002,[],"['$type', 'id', 'operationType', 'vehicleId', 'naptanId', 'stationName', 'lineId', 'lineName', 'platformName', 'bearing', 'destinationNaptanId', 'destinationName', 'timestamp', 'timeToStation', 'currentLocation', 'towards', 'expectedArrival', 'timeToLive', 'modeName', 'timing']"
2026-07-16T20:52:48.291748,24597,smartcity_transit,?,json_manip,outlier_injection,bert,0.0,0.002,[],"['$type', 'id', 'operationType', 'vehicleId', 'naptanId', 'stationName', 'lineId', 'lineName', 'platformName', 'bearing', 'destinationNaptanId', 'destinationName', 'timestamp', 'timeToStation', 'currentLocation', 'towards', 'expectedArrival', 'timeToLive', 'modeName', 'timing']"
2026-07-16T20:52:48.291763,24604,smartcity_transit,?,json_manip,outlier_injection,bert,0.0,0.002,[],"['$type', 'id', 'operationType', 'vehicleId', 'naptanId', 'stationName', 'lineId', 'lineName', 'platformName', 'bearing', 'destinationNaptanId', 'destinationName', 'timestamp', 'timeToStation', 'currentLocation', 'towards', 'expectedArrival', 'timeToLive', 'modeName', 'timing']"
2026-07-16T20:52:48.291794,24611,smartcity_transit,?,json_manip,null_injection,bert,0.0,0.003,[],"['$type', 'id', 'operationType', 'vehicleId', 'naptanId', 'stationName', 'lineId', 'lineName', 'platformName', 'bearing', 'destinationNaptanId', 'destinationName', 'timestamp', 'timeToStation', 'currentLocation', 'towards', 'expectedArrival', 'timeToLive', 'modeName', 'timing']"
2026-07-16T20:52:48.291810,24627,smartcity_transit,?,json_manip,duplicate_field_inject,bert,0.0,0.003,[],"['$type', 'id', 'operationType', 'vehicleId', 'naptanId', 'stationName', 'lineId', 'lineName', 'platformName', 'bearing', 'destinationNaptanId', 'destinationName', 'timestamp', 'timeToStation', 'currentLocation', 'towards', 'expectedArrival', 'timeToLive', 'modeName', 'timing']"
2026-07-16T20:52:48.291830,24634,smartcity_transit,?,json_manip,field_join,bert,0.0,0.003,[],"['$type', 'id', 'operationType', 'vehicleId', 'naptanId', 'stationName', 'lineId', 'lineName', 'platformName', 'bearing', 'destinationNaptanId', 'destinationName', 'timestamp', 'timeToStation', 'currentLocation', 'towards', 'expectedArrival', 'timeToLive', 'modeName', 'timing']"
2026-07-16T20:52:48.291852,24643,smartcity_transit,?,json_manip,default_value_inject,bert,0.0,0.003,[],"['$type', 'id', 'operationType', 'vehicleId', 'naptanId', 'stationName', 'lineId', 'lineName', 'platformName', 'bearing', 'destinationNaptanId', 'destinationName', 'timestamp', 'timeToStation', 'currentLocation', 'towards', 'expectedArrival', 'timeToLive', 'modeName', 'timing']"
2026-07-16T20:52:48.291881,24645,smartcity_transit,?,json_manip,duplicate_field_inject,bert,0.0,0.002,[],"['$type', 'id', 'operationType', 'vehicleId', 'naptanId', 'stationName', 'lineId', 'lineName', 'platformName', 'bearing', 'destinationNaptanId', 'destinationName', 'timestamp', 'timeToStation', 'currentLocation', 'towards', 'expectedArrival', 'timeToLive', 'modeName', 'timing']"
2026-07-16T20:52:48.291898,24664,smartcity_transit,?,json_manip,scalar_to_array,bert,0.0,0.002,[],"['$type', 'id', 'operationType', 'vehicleId', 'naptanId', 'stationName', 'lineId', 'lineName', 'platformName', 'bearing', 'destinationNaptanId', 'destinationName', 'timestamp', 'timeToStation', 'currentLocation', 'towards', 'expectedArrival', 'timeToLive', 'modeName', 'timing']"
2026-07-16T20:52:48.291916,24674,smartcity_transit,?,json_manip,null_injection,bert,0.0,0.002,[],"['$type', 'id', 'operationType', 'vehicleId', 'naptanId', 'stationName', 'lineId', 'lineName', 'platformName', 'bearing', 'destinationNaptanId', 'destinationName', 'timestamp', 'timeToStation', 'currentLocation', 'towards', 'expectedArrival', 'timeToLive', 'modeName', 'timing']"
2026-07-16T20:52:48.291935,24675,smartcity_transit,?,json_manip,field_join,bert,0.0,0.002,[],"['$type', 'id', 'operationType', 'vehicleId', 'naptanId', 'stationName', 'lineId', 'lineName', 'platformName', 'bearing', 'destinationNaptanId', 'destinationName', 'timestamp', 'timeToStation', 'currentLocation', 'towards', 'expectedArrival', 'timeToLive', 'modeName', 'timing']"
2026-07-16T20:52:48.291963,24676,smartcity_transit,?,json_manip,array_to_scalar,bert,0.0,0.002,[],"['$type', 'id', 'operationType', 'vehicleId', 'naptanId', 'stationName', 'lineId', 'lineName', 'platformName', 'bearing', 'destinationNaptanId', 'destinationName', 'timestamp', 'timeToStation', 'currentLocation', 'towards', 'expectedArrival', 'timeToLive', 'modeName', 'timing']"
2026-07-16T20:52:48.291979,24677,smartcity_transit,?,json_manip,field_join,bert,0.0,0.002,[],"['$type', 'id', 'operationType', 'vehicleId', 'naptanId', 'stationName', 'lineId', 'lineName', 'platformName', 'bearing', 'destinationNaptanId', 'destinationName', 'timestamp', 'timeToStation', 'currentLocation', 'towards', 'expectedArrival', 'timeToLive', 'modeName', 'timing']"
2026-07-16T20:52:48.291994,24695,smartcity_transit,?,json_manip,null_injection,bert,0.0,0.002,[],"['$type', 'id', 'operationType', 'vehicleId', 'naptanId', 'stationName', 'lineId', 'lineName', 'platformName', 'bearing', 'destinationNaptanId', 'destinationName', 'timestamp', 'timeToStation', 'currentLocation', 'towards', 'expectedArrival', 'timeToLive', 'modeName', 'timing']"
2026-07-16T20:52:48.292010,24705,smartcity_transit,?,json_manip,array_expansion,bert,0.0,0.002,[],"['$type', 'id', 'operationType', 'vehicleId', 'naptanId', 'stationName', 'lineId', 'lineName', 'platformName', 'bearing', 'destinationNaptanId', 'destinationName', 'timestamp', 'timeToStation', 'currentLocation', 'towards', 'expectedArrival', 'timeToLive', 'modeName', 'timing']"
2026-07-16T20:52:48.292041,24711,smartcity_transit,?,json_manip,field_merge_value,bert,0.0,0.002,[],"['$type', 'id', 'operationType', 'vehicleId', 'naptanId', 'stationName', 'lineId', 'lineName', 'platformName', 'bearing', 'destinationNaptanId', 'destinationName', 'timestamp', 'timeToStation', 'currentLocation', 'towards', 'expectedArrival', 'timeToLive', 'modeName', 'timing']"
2026-07-16T20:52:48.292057,24715,smartcity_transit,?,json_manip,field_merge_value,bert,0.0,0.002,[],"['$type', 'id', 'operationType', 'vehicleId', 'naptanId', 'stationName', 'lineId', 'lineName', 'platformName', 'bearing', 'destinationNaptanId', 'destinationName', 'timestamp', 'timeToStation', 'currentLocation', 'towards', 'expectedArrival', 'timeToLive', 'modeName', 'timing']"
2026-07-16T20:52:48.292073,24719,smartcity_transit,?,json_manip,scalar_to_array,bert,0.0,0.002,[],"['$type', 'id', 'operationType', 'vehicleId', 'naptanId', 'stationName', 'lineId', 'lineName', 'platformName', 'bearing', 'destinationNaptanId', 'destinationName', 'timestamp', 'timeToStation', 'currentLocation', 'towards', 'expectedArrival', 'timeToLive', 'modeName', 'timing']"
2026-07-16T20:52:48.292089,24724,smartcity_transit,?,json_manip,variable_drop,bert,0.0,0.002,[],"['$type', 'id', 'operationType', 'vehicleId', 'naptanId', 'stationName', 'lineId', 'lineName', 'platformName', 'bearing', 'destinationNaptanId', 'destinationName', 'timestamp', 'timeToStation', 'currentLocation', 'towards', 'expectedArrival', 'timeToLive', 'modeName', 'timing']"
2026-07-16T20:52:48.292117,24727,smartcity_transit,?,json_manip,scalar_to_array,bert,0.0,0.002,[],"['$type', 'id', 'operationType', 'vehicleId', 'naptanId', 'stationName', 'lineId', 'lineName', 'platformName', 'bearing', 'destinationNaptanId', 'destinationName', 'timestamp', 'timeToStation', 'currentLocation', 'towards', 'expectedArrival', 'timeToLive', 'modeName', 'timing']"
2026-07-16T20:52:48.292133,24738,smartcity_transit,?,json_manip,null_injection,bert,0.0,0.002,[],"['$type', 'id', 'operationType', 'vehicleId', 'naptanId', 'stationName', 'lineId', 'lineName', 'platformName', 'bearing', 'destinationNaptanId', 'destinationName', 'timestamp', 'timeToStation', 'currentLocation', 'towards', 'expectedArrival', 'timeToLive', 'modeName', 'timing']"
2026-07-16T20:52:48.292148,24743,smartcity_transit,?,json_manip,null_injection,bert,0.0,0.002,[],"['$type', 'id', 'operationType', 'vehicleId', 'naptanId', 'stationName', 'lineId', 'lineName', 'platformName', 'bearing', 'destinationNaptanId', 'destinationName', 'timestamp', 'timeToStation', 'currentLocation', 'towards', 'expectedArrival', 'timeToLive', 'modeName', 'timing']"
2026-07-16T20:52:48.292167,24757,smartcity_transit,?,json_manip,array_expansion,bert,0.0,0.002,[],"['$type', 'id', 'operationType', 'vehicleId', 'naptanId', 'stationName', 'lineId', 'lineName', 'platformName', 'bearing', 'destinationNaptanId', 'destinationName', 'timestamp', 'timeToStation', 'currentLocation', 'towards', 'expectedArrival', 'timeToLive', 'modeName', 'timing']"
2026-07-16T20:52:48.292192,24776,smartcity_transit,?,json_manip,scalar_to_array,bert,0.0,0.002,[],"['$type', 'id', 'operationType', 'vehicleId', 'naptanId', 'stationName', 'lineId', 'lineName', 'platformName', 'bearing', 'destinationNaptanId', 'destinationName', 'timestamp', 'timeToStation', 'currentLocation', 'towards', 'expectedArrival', 'timeToLive', 'modeName', 'timing']"
2026-07-16T20:52:48.292207,24777,smartcity_transit,?,json_manip,scalar_to_array,bert,0.0,0.002,[],"['$type', 'id', 'operationType', 'vehicleId', 'naptanId', 'stationName', 'lineId', 'lineName', 'platformName', 'bearing', 'destinationNaptanId', 'destinationName', 'timestamp', 'timeToStation', 'currentLocation', 'towards', 'expectedArrival', 'timeToLive', 'modeName', 'timing']"
2026-07-16T20:52:48.292223,24790,smartcity_transit,?,json_manip,array_expansion,bert,0.0,0.002,[],"['$type', 'id', 'operationType', 'vehicleId', 'naptanId', 'stationName', 'lineId', 'lineName', 'platformName', 'bearing', 'destinationNaptanId', 'destinationName', 'timestamp', 'timeToStation', 'currentLocation', 'towards', 'expectedArrival', 'timeToLive', 'modeName', 'timing']"
2026-07-16T20:52:48.292241,24791,smartcity_transit,?,json_manip,default_value_inject,bert,0.0,0.002,[],"['$type', 'id', 'operationType', 'vehicleId', 'naptanId', 'stationName', 'lineId', 'lineName', 'platformName', 'bearing', 'destinationNaptanId', 'destinationName', 'timestamp', 'timeToStation', 'currentLocation', 'towards', 'expectedArrival', 'timeToLive', 'modeName', 'timing']"
2026-07-16T20:52:48.292276,24793,smartcity_transit,?,json_manip,duplicate_field_inject,bert,0.0,0.003,[],"['$type', 'id', 'operationType', 'vehicleId', 'naptanId', 'stationName', 'lineId', 'lineName', 'platformName', 'bearing', 'destinationNaptanId', 'destinationName', 'timestamp', 'timeToStation', 'currentLocation', 'towards', 'expectedArrival', 'timeToLive', 'modeName', 'timing']"
2026-07-16T20:52:48.292293,24817,smartcity_transit,?,json_manip,variable_drop,bert,0.0,0.003,[],"['$type', 'id', 'operationType', 'vehicleId', 'naptanId', 'stationName', 'lineId', 'lineName', 'platformName', 'bearing', 'destinationNaptanId', 'destinationName', 'timestamp', 'timeToStation', 'currentLocation', 'towards', 'expectedArrival', 'timeToLive', 'modeName', 'timing']"
2026-07-16T20:52:48.292312,24857,smartcity_transit,?,json_manip,array_expansion,bert,0.0,0.003,[],"['$type', 'id', 'operationType', 'vehicleId', 'naptanId', 'stationName', 'lineId', 'lineName', 'platformName', 'bearing', 'destinationNaptanId', 'destinationName', 'timestamp', 'timeToStation', 'currentLocation', 'towards', 'expectedArrival', 'timeToLive', 'modeName', 'timing']"
2026-07-16T20:52:48.292328,24869,smartcity_transit,?,json_manip,array_to_scalar,bert,0.0,0.003,[],"['$type', 'id', 'operationType', 'vehicleId', 'naptanId', 'stationName', 'lineId', 'lineName', 'platformName', 'bearing', 'destinationNaptanId', 'destinationName', 'timestamp', 'timeToStation', 'currentLocation', 'towards', 'expectedArrival', 'timeToLive', 'modeName', 'timing']"
2026-07-16T20:52:48.292360,24894,smartcity_transit,?,json_manip,array_expansion,bert,0.0,0.002,[],"['$type', 'id', 'operationType', 'vehicleId', 'naptanId', 'stationName', 'lineId', 'lineName', 'platformName', 'bearing', 'destinationNaptanId', 'destinationName', 'timestamp', 'timeToStation', 'currentLocation', 'towards', 'expectedArrival', 'timeToLive', 'modeName', 'timing']"
2026-07-16T20:52:48.292376,24895,smartcity_transit,?,json_manip,scalar_to_array,bert,0.0,0.002,[],"['$type', 'id', 'operationType', 'vehicleId', 'naptanId', 'stationName', 'lineId', 'lineName', 'platformName', 'bearing', 'destinationNaptanId', 'destinationName', 'timestamp', 'timeToStation', 'currentLocation', 'towards', 'expectedArrival', 'timeToLive', 'modeName', 'timing']"
2026-07-16T20:52:48.292392,24903,smartcity_transit,?,json_manip,variable_drop,bert,0.0,0.002,[],"['$type', 'id', 'operationType', 'vehicleId', 'naptanId', 'stationName', 'lineId', 'lineName', 'platformName', 'bearing', 'destinationNaptanId', 'destinationName', 'timestamp', 'timeToStation', 'currentLocation', 'towards', 'expectedArrival', 'timeToLive', 'modeName', 'timing']"
2026-07-16T20:52:48.292410,24918,smartcity_transit,?,json_manip,variable_drop,bert,0.0,0.002,[],"['$type', 'id', 'operationType', 'vehicleId', 'naptanId', 'stationName', 'lineId', 'lineName', 'platformName', 'bearing', 'destinationNaptanId', 'destinationName', 'timestamp', 'timeToStation', 'currentLocation', 'towards', 'expectedArrival', 'timeToLive', 'modeName', 'timing']"
2026-07-16T20:52:48.292435,24920,smartcity_transit,?,json_manip,variable_drop,bert,0.0,0.002,[],"['$type', 'id', 'operationType', 'vehicleId', 'naptanId', 'stationName', 'lineId', 'lineName', 'platformName', 'bearing', 'destinationNaptanId', 'destinationName', 'timestamp', 'timeToStation', 'currentLocation', 'towards', 'expectedArrival', 'timeToLive', 'modeName', 'timing']"
2026-07-16T20:52:48.292451,24929,smartcity_transit,?,json_manip,array_to_scalar,bert,0.0,0.002,[],"['$type', 'id', 'operationType', 'vehicleId', 'naptanId', 'stationName', 'lineId', 'lineName', 'platformName', 'bearing', 'destinationNaptanId', 'destinationName', 'timestamp', 'timeToStation', 'currentLocation', 'towards', 'expectedArrival', 'timeToLive', 'modeName', 'timing']"
2026-07-16T20:52:48.292466,24935,smartcity_transit,?,json_manip,null_injection,bert,0.0,0.002,[],"['$type', 'id', 'operationType', 'vehicleId', 'naptanId', 'stationName', 'lineId', 'lineName', 'platformName', 'bearing', 'destinationNaptanId', 'destinationName', 'timestamp', 'timeToStation', 'currentLocation', 'towards', 'expectedArrival', 'timeToLive', 'modeName', 'timing']"
2026-07-16T20:52:48.292482,24938,smartcity_transit,?,json_manip,variable_drop,bert,0.0,0.002,[],"['$type', 'id', 'operationType', 'vehicleId', 'naptanId', 'stationName', 'lineId', 'lineName', 'platformName', 'bearing', 'destinationNaptanId', 'destinationName', 'timestamp', 'timeToStation', 'currentLocation', 'towards', 'expectedArrival', 'timeToLive', 'modeName', 'timing']"
2026-07-16T20:52:48.292503,24942,smartcity_transit,?,json_manip,duplicate_field_inject,bert,0.0,0.001,[],"['$type', 'id', 'operationType', 'vehicleId', 'naptanId', 'stationName', 'lineId', 'lineName', 'platformName', 'bearing', 'destinationNaptanId', 'destinationName', 'timestamp', 'timeToStation', 'currentLocation', 'towards', 'expectedArrival', 'timeToLive', 'modeName', 'timing']"
2026-07-16T20:52:48.292519,24945,smartcity_transit,?,json_manip,field_split,bert,0.0,0.001,[],"['$type', 'id', 'operationType', 'vehicleId', 'naptanId', 'stationName', 'lineId', 'lineName', 'platformName', 'bearing', 'destinationNaptanId', 'destinationName', 'timestamp', 'timeToStation', 'currentLocation', 'towards', 'expectedArrival', 'timeToLive', 'modeName', 'timing']"
2026-07-16T20:52:48.292536,24946,smartcity_transit,?,json_manip,duplicate_field_inject,bert,0.0,0.001,[],"['$type', 'id', 'operationType', 'vehicleId', 'naptanId', 'stationName', 'lineId', 'lineName', 'platformName', 'bearing', 'destinationNaptanId', 'destinationName', 'timestamp', 'timeToStation', 'currentLocation', 'towards', 'expectedArrival', 'timeToLive', 'modeName', 'timing']"
2026-07-16T20:52:48.292551,24947,smartcity_transit,?,json_manip,array_expansion,bert,0.0,0.001,[],"['$type', 'id', 'operationType', 'vehicleId', 'naptanId', 'stationName', 'lineId', 'lineName', 'platformName', 'bearing', 'destinationNaptanId', 'destinationName', 'timestamp', 'timeToStation', 'currentLocation', 'towards', 'expectedArrival', 'timeToLive', 'modeName', 'timing']"
2026-07-16T20:52:48.292583,24963,smartcity_transit,?,json_manip,default_value_inject,bert,0.0,0.002,[],"['$type', 'id', 'operationType', 'vehicleId', 'naptanId', 'stationName', 'lineId', 'lineName', 'platformName', 'bearing', 'destinationNaptanId', 'destinationName', 'timestamp', 'timeToStation', 'currentLocation', 'towards', 'expectedArrival', 'timeToLive', 'modeName', 'timing']"
2026-07-16T20:52:48.292599,24964,smartcity_transit,?,json_manip,scalar_to_array,bert,0.0,0.002,[],"['$type', 'id', 'operationType', 'vehicleId', 'naptanId', 'stationName', 'lineId', 'lineName', 'platformName', 'bearing', 'destinationNaptanId', 'destinationName', 'timestamp', 'timeToStation', 'currentLocation', 'towards', 'expectedArrival', 'timeToLive', 'modeName', 'timing']"
2026-07-16T20:52:48.292614,24970,smartcity_transit,?,json_manip,field_join,bert,0.0,0.002,[],"['$type', 'id', 'operationType', 'vehicleId', 'naptanId', 'stationName', 'lineId', 'lineName', 'platformName', 'bearing', 'destinationNaptanId', 'destinationName', 'timestamp', 'timeToStation', 'currentLocation', 'towards', 'expectedArrival', 'timeToLive', 'modeName', 'timing']"
2026-07-16T20:52:48.292630,24984,smartcity_transit,?,json_manip,field_join,bert,0.0,0.002,[],"['$type', 'id', 'operationType', 'vehicleId', 'naptanId', 'stationName', 'lineId', 'lineName', 'platformName', 'bearing', 'destinationNaptanId', 'destinationName', 'timestamp', 'timeToStation', 'currentLocation', 'towards', 'expectedArrival', 'timeToLive', 'modeName', 'timing']"
