packet_id,session,sensor,chaos_type,event_type,latency_ms,detected_or_recovered
6ac57f4aafae,spielberg_FP1,ecu_canbus,string_in_numeric,detection,0.0026,True
9a40db505a2c,spielberg_FP1,heart_rate,string_in_numeric,detection,0.0025,True
6a59ffebd0b7,spielberg_FP1,ecu_canbus,duplicate_timestamp,detection,0.0046,True
22127abfbcd5,spielberg_FP1,tyre_pressure,string_in_numeric,detection,0.0026,True
6afaf1c9a39e,spielberg_FP1,aero_load,string_in_numeric,detection,0.0029,True
5278dac8259d,spielberg_FP1,heart_rate,duplicate_timestamp,detection,0.0042,True
896235bbc479,spielberg_FP1,throttle,duplicate_timestamp,detection,0.0046,True
787da9fb6057,spielberg_FP1,ecu_canbus,string_in_numeric,detection,0.0025,True
29a10a365328,spielberg_FP1,engine_temp,duplicate_timestamp,detection,0.0045,True
e3e2bbaa5734,spielberg_FP1,heart_rate,string_in_numeric,detection,0.0027,True
da20e3482a77,spielberg_FP1,brake_temp,duplicate_timestamp,detection,0.0047,True
3e12d68ca90d,spielberg_FP1,rpm,duplicate_timestamp,detection,0.0048,True
6da2e2356b77,spielberg_FP1,rpm_raw,schema_drift,detection,0.0062,True
d24bc45cf441,spielberg_FP1,engine_temp,string_in_numeric,detection,0.01,True
d0283e91eabc,spielberg_FP1,rpm_alt,schema_drift,detection,0.0056,True
d1507ad11509,spielberg_FP1,tyre_pressure_v2,schema_drift,detection,0.0054,True
32f9df54ec45,spielberg_FP1,engine_temp,string_in_numeric,detection,0.0022,True
b0016999ac48,spielberg_FP1,aero_load,string_in_numeric,detection,0.0025,True
a1e475752c98,spielberg_FP1,brake_temp,string_in_numeric,detection,0.0023,True
31d4e0ea37ef,spielberg_FP1,ecu_canbus,duplicate_timestamp,detection,0.0047,True
eb9d9b4067e9,spielberg_FP1,g_force_lateral,duplicate_timestamp,detection,0.0043,True
482ac0679618,spielberg_FP1,tyre_pressure,string_in_numeric,detection,0.0026,True
f40210de6e9f,spielberg_FP1,speed_new,schema_drift,detection,0.0049,True
3456d78bc43b,spielberg_FP1,throttle,string_in_numeric,detection,0.0028,True
e424fe9ae17d,spielberg_FP1,engine_temp_raw,schema_drift,detection,0.0052,True
cc4f000e5ee5,spielberg_FP1,speed,duplicate_timestamp,detection,0.0047,True
0fe00118de9d,spielberg_FP1,speed,duplicate_timestamp,detection,0.0045,True
39dafd820a6c,spielberg_FP1,brake_temp,string_in_numeric,detection,0.0026,True
ea757bdb2c2e,spielberg_FP1,ecu_canbus,duplicate_timestamp,detection,0.0044,True
9796ab1cac72,spielberg_FP1,ecu_canbus,string_in_numeric,detection,0.0028,True
298c7cea574d,spielberg_FP1,speed,string_in_numeric,detection,0.0028,True
3ee437eb39dc,spielberg_FP1,brake_temp,duplicate_timestamp,detection,0.0049,True
460b8b1c4dd4,spielberg_FP1,throttle,string_in_numeric,detection,0.0023,True
ec8764ffebab,spielberg_FP1,g_force_lateral,string_in_numeric,detection,0.0029,True
5f7c7685f2db,spielberg_FP1,brake_temp_alt,schema_drift,detection,0.0051,True
51523a8764b9,spielberg_FP1,engine_temp,string_in_numeric,detection,0.0033,True
54fbefb60cec,spielberg_FP1,rpm,string_in_numeric,detection,0.0024,True
0f25936188f8,spielberg_FP1,heart_rate,duplicate_timestamp,detection,0.0042,True
a8aae0b6d38a,spielberg_FP1,heart_rate,duplicate_timestamp,detection,0.0048,True
5f34a6c2b793,spielberg_FP1,throttle,string_in_numeric,detection,0.0025,True
06a7127c1371,spielberg_FP1,tyre_pressure_alt,schema_drift,detection,0.0054,True
32eff89acdfd,spielberg_FP1,throttle,string_in_numeric,detection,0.0028,True
2196a3b80659,spielberg_FP1,rpm_v2,schema_drift,detection,0.0052,True
f437fa0d8429,spielberg_FP1,speed_raw,schema_drift,detection,0.0052,True
9f635630e988,spielberg_FP1,tyre_pressure,duplicate_timestamp,detection,0.006,True
b84c67dd7bc5,spielberg_FP1,engine_temp,duplicate_timestamp,detection,0.0038,True
8c5bee9ba5cb,spielberg_FP1,heart_rate_new,schema_drift,detection,0.005,True
9d9e980d8ff5,spielberg_FP1,heart_rate,string_in_numeric,detection,0.0027,True
d3f9969abb85,spielberg_FP1,throttle_raw,schema_drift,detection,0.0056,True
657da60cef32,spielberg_FP1,rpm_v2,schema_drift,detection,0.0061,True
60195f977d38,spielberg_FP1,engine_temp,duplicate_timestamp,detection,0.0118,True
2f9ee504ddfb,spielberg_FP1,engine_temp,duplicate_timestamp,detection,0.0045,True
a2c75e9d2de6,spielberg_FP1,engine_temp_v2,schema_drift,detection,0.0049,True
0af96b602329,spielberg_FP1,ecu_canbus,string_in_numeric,detection,0.0027,True
6e617a503383,spielberg_FP1,rpm_new,schema_drift,detection,0.0051,True
5aaefc976350,spielberg_FP1,tyre_pressure,string_in_numeric,detection,0.0029,True
7637125cff84,spielberg_FP1,speed_new,schema_drift,detection,0.0052,True
a9ab7ffdd814,spielberg_FP1,throttle_new,schema_drift,detection,0.009,True
0e82177c2882,spielberg_FP1,brake_temp,duplicate_timestamp,detection,0.0044,True
81a5ec297522,spielberg_FP1,brake_temp_canbus,schema_drift,detection,0.0053,True
c88c4102d810,spielberg_FP1,throttle_raw,schema_drift,detection,0.0053,True
d9e00e0a1753,spielberg_FP1,rpm_canbus,schema_drift,detection,0.0058,True
5f7b56026ae0,spielberg_FP1,tyre_pressure_canbus,schema_drift,detection,0.005,True
ae719f763a08,spielberg_FP1,brake_temp,string_in_numeric,detection,0.0024,True
375442c6a4b6,spielberg_FP1,g_force_lateral,duplicate_timestamp,detection,0.0045,True
0d88ca92cbbd,spielberg_FP1,ecu_canbus,string_in_numeric,detection,0.007,True
d26025e8b0d0,spielberg_FP1,aero_load_canbus,schema_drift,detection,0.0064,True
1394c18164bb,spielberg_FP1,ecu_canbus,duplicate_timestamp,detection,0.0045,True
3a58440185ec,spielberg_FP1,throttle,duplicate_timestamp,detection,0.0071,True
6e241be30730,spielberg_FP1,speed,string_in_numeric,detection,0.0043,True
0c74b8798faf,spielberg_FP1,speed_canbus,schema_drift,detection,0.0051,True
4d1525f8e91f,spielberg_FP1,speed,string_in_numeric,detection,0.0042,True
eb826c8e8792,spielberg_FP1,g_force_lateral,string_in_numeric,detection,0.0052,True
22f4385d148b,spielberg_FP1,throttle_new,schema_drift,detection,0.0094,True
9266e72845fe,spielberg_FP1,brake_temp,string_in_numeric,detection,0.0025,True
d5fb999a0d14,spielberg_FP1,throttle,string_in_numeric,detection,0.0026,True
109434725162,spielberg_FP1,tyre_pressure_alt,schema_drift,detection,0.0051,True
b02bfe2a44a3,spielberg_FP1,speed_raw,schema_drift,detection,0.0054,True
866547287676,spielberg_FP1,ecu_canbus,string_in_numeric,detection,0.004,True
258d85882a62,spielberg_FP1,ecu_canbus,duplicate_timestamp,detection,0.0047,True
dfa619f0bedd,spielberg_FP1,aero_load_raw,schema_drift,detection,0.0087,True
1e9946b64735,spielberg_FP1,speed_raw,schema_drift,detection,0.0113,True
a061ec17571f,spielberg_FP1,throttle,string_in_numeric,detection,0.0049,True
4dd849166a44,spielberg_FP1,aero_load,string_in_numeric,detection,0.0055,True
60d239f632c7,spielberg_FP1,tyre_pressure,string_in_numeric,detection,0.0028,True
c65243c4f8ee,spielberg_FP1,tyre_pressure,string_in_numeric,detection,0.0026,True
0784aba211ef,spielberg_FP1,speed,string_in_numeric,detection,0.0026,True
f884acd27ed9,spielberg_FP1,ecu_canbus,duplicate_timestamp,detection,0.0049,True
2f98f56c2da3,spielberg_FP1,g_force_lateral,string_in_numeric,detection,0.0026,True
bd38f2283bc2,spielberg_FP1,rpm,string_in_numeric,detection,0.0047,True
836b6e829656,spielberg_FP1,g_force_lateral,duplicate_timestamp,detection,0.0067,True
2c7afeb02e52,spielberg_FP1,tyre_pressure,duplicate_timestamp,detection,0.0075,True
ed9a2c043a35,spielberg_FP1,rpm_canbus,schema_drift,detection,0.0086,True
ab6086879ccb,spielberg_FP1,g_force_lateral_alt,schema_drift,detection,0.0055,True
3f6e3ee3da1d,spielberg_FP1,engine_temp,duplicate_timestamp,detection,0.0043,True
5f4c294f3d12,spielberg_FP1,brake_temp_canbus,schema_drift,detection,0.0088,True
fa21bb02ec18,spielberg_FP1,tyre_pressure,string_in_numeric,detection,0.0027,True
c27e21c2e3a4,spielberg_FP1,throttle,duplicate_timestamp,detection,0.0044,True
07bc8b1d926d,spielberg_FP1,brake_temp,string_in_numeric,detection,0.0026,True
a5dcfb7e1f42,spielberg_FP1,speed,string_in_numeric,detection,0.0026,True
02b8682806a0,spielberg_FP1,engine_temp,duplicate_timestamp,detection,0.0076,True
16ab5faf2f70,spielberg_FP1,aero_load,string_in_numeric,detection,0.0027,True
fd9a40b10400,spielberg_FP1,ecu_canbus,string_in_numeric,detection,0.0033,True
a8a0795a4008,spielberg_FP1,ecu_canbus,duplicate_timestamp,detection,0.0044,True
55fc4a4cb85f,spielberg_FP1,throttle,duplicate_timestamp,detection,0.0043,True
2dc200e608f7,spielberg_FP1,rpm,duplicate_timestamp,detection,0.0056,True
be80b675012c,spielberg_FP1,brake_temp_new,schema_drift,detection,0.0067,True
c77b3a150885,spielberg_FP1,brake_temp,duplicate_timestamp,detection,0.0045,True
528085d57809,spielberg_FP1,tyre_pressure_v2,schema_drift,detection,0.0051,True
35a1a3fd3cee,spielberg_FP1,heart_rate_canbus,schema_drift,detection,0.0098,True
d64b63d25730,spielberg_FP1,throttle,string_in_numeric,detection,0.0044,True
197672b81fa9,spielberg_FP1,g_force_lateral,string_in_numeric,detection,0.0049,True
8faaf5fd7642,spielberg_FP1,tyre_pressure,duplicate_timestamp,detection,0.0047,True
d6c4383b980f,spielberg_FP1,speed,string_in_numeric,detection,0.0043,True
6d30e2d7d5cb,spielberg_FP1,tyre_pressure,string_in_numeric,detection,0.005,True
7f345053a8e5,spielberg_FP1,speed,duplicate_timestamp,detection,0.0047,True
d0d1ddc0f587,spielberg_FP1,aero_load,duplicate_timestamp,detection,0.0055,True
0c6acd0792b5,spielberg_FP1,speed,duplicate_timestamp,detection,0.0043,True
7f2107f1b425,spielberg_FP1,throttle_new,schema_drift,detection,0.0103,True
fa13760a52e9,spielberg_FP1,tyre_pressure,string_in_numeric,detection,0.0054,True
f9521b6e531c,spielberg_FP1,aero_load,string_in_numeric,detection,0.0027,True
c5aa0fa8d740,spielberg_FP1,aero_load,duplicate_timestamp,detection,0.0052,True
1979966bdddf,spielberg_FP1,brake_temp,duplicate_timestamp,detection,0.0045,True
326ad70e8a5d,spielberg_FP1,aero_load_canbus,schema_drift,detection,0.0055,True
6f58206ddfc5,spielberg_FP1,aero_load,string_in_numeric,detection,0.0022,True
2bc7dfc05278,spielberg_FP1,g_force_lateral,string_in_numeric,detection,0.0051,True
0369ff7f94bf,spielberg_FP1,throttle,duplicate_timestamp,detection,0.0101,True
055835e05d79,spielberg_FP1,tyre_pressure,duplicate_timestamp,detection,0.0048,True
356cb6370ade,spielberg_FP1,engine_temp_v2,schema_drift,detection,0.0051,True
dd46ba2020f9,spielberg_FP1,brake_temp,string_in_numeric,detection,0.0026,True
600ecfbb56ae,spielberg_FP1,tyre_pressure,string_in_numeric,detection,0.0026,True
3a047f558ed0,spielberg_FP1,aero_load,duplicate_timestamp,detection,0.0048,True
cf58dd3691c3,spielberg_FP1,heart_rate,string_in_numeric,detection,0.0028,True
305937371ed9,spielberg_FP1,throttle_raw,schema_drift,detection,0.0105,True
77f3f7dbbe64,spielberg_FP1,g_force_lateral,string_in_numeric,detection,0.0026,True
13f5c8bd8811,spielberg_FP1,rpm,string_in_numeric,detection,0.0047,True
535054cf52d0,spielberg_FP1,engine_temp,duplicate_timestamp,detection,0.0056,True
957443852f63,spielberg_FP1,speed,duplicate_timestamp,detection,0.0044,True
b2788c7b82da,spielberg_FP1,brake_temp,string_in_numeric,detection,0.0027,True
dccce175ab83,spielberg_FP1,heart_rate_v2,schema_drift,detection,0.0054,True
c69066d0ddb3,spielberg_FP1,tyre_pressure_raw,schema_drift,detection,0.0052,True
751fe83cab25,spielberg_FP1,brake_temp_raw,schema_drift,detection,0.0052,True
d17c4bc0e59b,spielberg_FP1,speed,string_in_numeric,detection,0.0028,True
84bb1cd4aa06,spielberg_FP1,ecu_canbus_alt,schema_drift,detection,0.0054,True
b626d9c31e24,spielberg_FP1,g_force_lateral_v2,schema_drift,detection,0.0049,True
3366f13e6ad6,spielberg_FP1,throttle_raw,schema_drift,detection,0.0055,True
23956d806680,spielberg_FP1,g_force_lateral,string_in_numeric,detection,0.003,True
a60778b2ba97,spielberg_FP1,brake_temp,string_in_numeric,detection,0.0027,True
835fc7d75de2,spielberg_FP1,speed,string_in_numeric,detection,0.003,True
e4eeb4a7a8a0,spielberg_FP1,speed,string_in_numeric,detection,0.0029,True
b4a06d71aef9,spielberg_FP1,speed,duplicate_timestamp,detection,0.0049,True
e178d80e4cd7,spielberg_FP1,tyre_pressure_new,schema_drift,detection,0.005,True
e3c33902ce57,spielberg_FP1,brake_temp,string_in_numeric,detection,0.0023,True
0c71f7fcded3,spielberg_FP1,heart_rate,duplicate_timestamp,detection,0.0047,True
0c156b77db67,spielberg_FP1,rpm,duplicate_timestamp,detection,0.0045,True
d8d32f08d3fd,spielberg_FP1,brake_temp,duplicate_timestamp,detection,0.0042,True
c14646468e61,spielberg_FP1,ecu_canbus,duplicate_timestamp,detection,0.0045,True
a7264fbd1ac5,spielberg_FP1,ecu_canbus,duplicate_timestamp,detection,0.0052,True
311de63c486a,spielberg_FP1,speed_alt,schema_drift,detection,0.0052,True
fa307033e0e2,spielberg_FP1,ecu_canbus_raw,schema_drift,detection,0.0053,True
1663c88b2c4b,spielberg_FP1,aero_load,string_in_numeric,detection,0.0028,True
80f435b33da1,spielberg_FP1,g_force_lateral,duplicate_timestamp,detection,0.0048,True
3e80e31a39dd,spielberg_FP1,speed_new,schema_drift,detection,0.0059,True
f0770a9c7400,spielberg_FP1,heart_rate,string_in_numeric,detection,0.0028,True
d5388403c3ef,spielberg_FP1,ecu_canbus,string_in_numeric,detection,0.0024,True
912c3dc41e4a,spielberg_FP1,heart_rate,duplicate_timestamp,detection,0.0042,True
80d3e6c215ec,spielberg_FP1,brake_temp,string_in_numeric,detection,0.0063,True
38e5de5e43d4,spielberg_FP1,tyre_pressure,string_in_numeric,detection,0.0026,True
ca926a7fb66b,spielberg_FP1,ecu_canbus,duplicate_timestamp,detection,0.0109,True
eb10b939b2a6,spielberg_FP1,throttle,duplicate_timestamp,detection,0.0043,True
fbb41ff09282,spielberg_FP1,g_force_lateral,string_in_numeric,detection,0.0036,True
4b1c70d45927,spielberg_FP1,speed_new,schema_drift,detection,0.0053,True
72fd5b7a2716,spielberg_FP1,ecu_canbus,duplicate_timestamp,detection,0.0046,True
cba5fdd8812b,spielberg_FP1,g_force_lateral_v2,schema_drift,detection,0.0055,True
ebe60700a6dd,spielberg_FP1,rpm,string_in_numeric,detection,0.0028,True
71e83b9703a0,spielberg_FP1,heart_rate_alt,schema_drift,detection,0.0054,True
0fed7c701090,spielberg_FP1,throttle_raw,schema_drift,detection,0.0053,True
4aac2c141a60,spielberg_FP1,g_force_lateral,duplicate_timestamp,detection,0.005,True
49c41610c7e2,spielberg_FP1,g_force_lateral,string_in_numeric,detection,0.0026,True
de4137fd604f,spielberg_FP1,heart_rate_raw,schema_drift,detection,0.0053,True
43f72c37f4e9,spielberg_FP1,speed_alt,schema_drift,detection,0.0052,True
d3858c94fef1,spielberg_FP1,rpm_canbus,schema_drift,detection,0.0057,True
3e3390282206,spielberg_FP1,tyre_pressure,duplicate_timestamp,detection,0.0045,True
d83e8fb4a545,spielberg_FP1,aero_load,string_in_numeric,detection,0.0027,True
4e288e56573b,spielberg_FP1,throttle,string_in_numeric,detection,0.0027,True
97c594c7a5f8,spielberg_FP1,ecu_canbus_new,schema_drift,detection,0.0052,True
6d5a828ec3c2,spielberg_FP1,engine_temp,duplicate_timestamp,detection,0.0053,True
7368a5ce17a0,spielberg_FP1,heart_rate_canbus,schema_drift,detection,0.0054,True
5aa0c475486a,spielberg_FP1,rpm_canbus,schema_drift,detection,0.0092,True
292584a3d90e,spielberg_FP1,ecu_canbus,string_in_numeric,detection,0.0044,True
a8bdc065830f,spielberg_FP1,ecu_canbus_alt,schema_drift,detection,0.009,True
40fbfcd3b583,spielberg_FP1,ecu_canbus,string_in_numeric,detection,0.0048,True
bb5d9e2926b5,spielberg_FP1,brake_temp,duplicate_timestamp,detection,0.0077,True
dda352871648,spielberg_FP1,throttle,duplicate_timestamp,detection,0.0081,True
69c444693089,spielberg_FP1,engine_temp_alt,schema_drift,detection,0.0064,True
0c6685a46421,spielberg_FP1,engine_temp,duplicate_timestamp,detection,0.0044,True
85db637a5096,spielberg_FP1,heart_rate,string_in_numeric,detection,0.003,True
2de8b7291feb,spielberg_FP1,tyre_pressure,string_in_numeric,detection,0.0032,True
e0b2ca965a77,spielberg_FP1,throttle_v2,schema_drift,detection,0.0068,True
3836114ff33f,spielberg_FP1,brake_temp_v2,schema_drift,detection,0.0046,True
96e2200afcf9,spielberg_FP1,speed,duplicate_timestamp,detection,0.0046,True
906e4405b650,spielberg_FP1,ecu_canbus,string_in_numeric,detection,0.0044,True
0b350297bbf4,spielberg_FP1,engine_temp_raw,schema_drift,detection,0.0085,True
ebb939bea659,spielberg_FP1,ecu_canbus_raw,schema_drift,detection,0.0052,True
50d65a2fd791,spielberg_FP1,heart_rate,string_in_numeric,detection,0.0022,True
0353017b035f,spielberg_FP1,g_force_lateral,string_in_numeric,detection,0.0045,True
b1d9163107b0,spielberg_FP1,brake_temp_canbus,schema_drift,detection,0.0091,True
bf7c913169f3,spielberg_FP1,g_force_lateral,string_in_numeric,detection,0.0026,True
144c42640da0,spielberg_FP1,tyre_pressure_raw,schema_drift,detection,0.0084,True
863d847d0d6c,spielberg_FP1,rpm_new,schema_drift,detection,0.009,True
52cf0ef1a4ab,spielberg_FP1,g_force_lateral_raw,schema_drift,detection,0.0088,True
3c51788bcb10,spielberg_FP1,g_force_lateral_v2,schema_drift,detection,0.0056,True
a87037a4f01d,spielberg_FP1,g_force_lateral,duplicate_timestamp,detection,0.0053,True
dd7cc7d9a9ef,spielberg_FP1,rpm,string_in_numeric,detection,0.0045,True
fba6c287f388,spielberg_FP1,rpm_raw,schema_drift,detection,0.0059,True
3eac216aa2d0,spielberg_FP1,engine_temp_canbus,schema_drift,detection,0.0054,True
a6bb76e1cc54,spielberg_FP1,tyre_pressure,duplicate_timestamp,detection,0.0075,True
9dff6b415672,spielberg_FP1,ecu_canbus,string_in_numeric,detection,0.0029,True
aa0d21c22c68,spielberg_FP1,rpm,string_in_numeric,detection,0.0026,True
abac0d97e557,spielberg_FP1,g_force_lateral_canbus,schema_drift,detection,0.0051,True
8b715f4e1869,spielberg_FP1,tyre_pressure,string_in_numeric,detection,0.0029,True
8745dba30ad5,spielberg_FP1,aero_load,duplicate_timestamp,detection,0.0057,True
3676e39653bc,spielberg_FP1,aero_load,string_in_numeric,detection,0.0029,True
60676cf61bde,spielberg_FP1,speed,duplicate_timestamp,detection,0.0044,True
d17d281d94db,spielberg_FP1,throttle,duplicate_timestamp,detection,0.0042,True
3729b8f87c53,spielberg_FP1,brake_temp,duplicate_timestamp,detection,0.0042,True
7347e13841de,spielberg_FP1,heart_rate_raw,schema_drift,detection,0.0075,True
fd316ef09fb9,spielberg_FP1,g_force_lateral,duplicate_timestamp,detection,0.0048,True
9c6209b32701,spielberg_FP1,rpm,string_in_numeric,detection,0.0023,True
485559da04ba,spielberg_FP1,heart_rate,string_in_numeric,detection,0.0024,True
1dc42908a9e3,spielberg_FP1,throttle_v2,schema_drift,detection,0.0054,True
3977ca06b203,spielberg_FP1,aero_load_alt,schema_drift,detection,0.0076,True
cbfa9c3c9a97,spielberg_FP1,ecu_canbus,string_in_numeric,detection,0.0026,True
4f5c58309d7b,spielberg_FP1,throttle,string_in_numeric,detection,0.0033,True
49be4a999fce,spielberg_FP1,brake_temp,duplicate_timestamp,detection,0.0043,True
883a89e81095,spielberg_FP1,g_force_lateral,duplicate_timestamp,detection,0.0042,True
bcbfb8bfd003,spielberg_FP1,rpm_canbus,schema_drift,detection,0.005,True
ffdc483cce92,spielberg_FP1,throttle,string_in_numeric,detection,0.0026,True
e8645f69c57c,spielberg_FP1,brake_temp_raw,schema_drift,detection,0.0047,True
c2f67fea4970,spielberg_FP1,speed_new,schema_drift,detection,0.0057,True
6640d3c87169,spielberg_FP1,g_force_lateral,string_in_numeric,detection,0.0024,True
0a267d359636,spielberg_FP1,g_force_lateral,duplicate_timestamp,detection,0.0045,True
85e8504b99cf,spielberg_FP1,g_force_lateral_raw,schema_drift,detection,0.0052,True
b6ea53ddd1da,spielberg_FP1,tyre_pressure,duplicate_timestamp,detection,0.0042,True
84ebb0ce13b0,spielberg_FP1,heart_rate_raw,schema_drift,detection,0.0052,True
088a0881a680,spielberg_FP1,rpm,duplicate_timestamp,detection,0.004,True
5686d10f04fe,spielberg_FP1,heart_rate_v2,schema_drift,detection,0.0053,True
2ef64c54450f,spielberg_FP1,engine_temp,duplicate_timestamp,detection,0.0044,True
b4b7130dd571,spielberg_FP1,engine_temp,duplicate_timestamp,detection,0.0045,True
5849a03a70ab,spielberg_FP1,tyre_pressure,duplicate_timestamp,detection,0.0044,True
2858351b29bf,spielberg_FP1,aero_load_new,schema_drift,detection,0.0051,True
2ae814340963,spielberg_FP2,tyre_pressure_raw,schema_drift,detection,0.0051,True
8b4e30d9fd93,spielberg_FP2,tyre_pressure,string_in_numeric,detection,0.0026,True
85647067f692,spielberg_FP2,brake_temp_new,schema_drift,detection,0.0053,True
644cc2bc008a,spielberg_FP2,heart_rate_alt,schema_drift,detection,0.005,True
e78abd5f1cd3,spielberg_FP2,heart_rate_new,schema_drift,detection,0.005,True
51c1bfa3bf0d,spielberg_FP2,throttle_alt,schema_drift,detection,0.007,True
814c751fb8a3,spielberg_FP2,throttle_new,schema_drift,detection,0.0052,True
0406bbc9857a,spielberg_FP2,speed,duplicate_timestamp,detection,0.0047,True
b8fd6c0e69c8,spielberg_FP2,aero_load,duplicate_timestamp,detection,0.0046,True
be031d1c2c1a,spielberg_FP2,throttle,duplicate_timestamp,detection,0.0059,True
41f6129cc675,spielberg_FP2,tyre_pressure,duplicate_timestamp,detection,0.0042,True
929adf99de64,spielberg_FP2,ecu_canbus,duplicate_timestamp,detection,0.0046,True
d13d587bc7e4,spielberg_FP2,tyre_pressure,duplicate_timestamp,detection,0.0043,True
39a232039aec,spielberg_FP2,throttle_new,schema_drift,detection,0.0051,True
aafca4976880,spielberg_FP2,heart_rate_raw,schema_drift,detection,0.0052,True
ab25065e9822,spielberg_FP2,throttle,string_in_numeric,detection,0.0026,True
426d3d137bd0,spielberg_FP2,brake_temp_alt,schema_drift,detection,0.0051,True
f2ca7b1d9f88,spielberg_FP2,engine_temp,duplicate_timestamp,detection,0.0057,True
c221d47c541d,spielberg_FP2,brake_temp,duplicate_timestamp,detection,0.0046,True
df2501f26f49,spielberg_FP2,tyre_pressure_raw,schema_drift,detection,0.005,True
5d76b2906b8c,spielberg_FP2,throttle_new,schema_drift,detection,0.0051,True
be6f45e0b472,spielberg_FP2,rpm,string_in_numeric,detection,0.0025,True
49ce2276d3be,spielberg_FP2,rpm_v2,schema_drift,detection,0.005,True
0642aee5b33e,spielberg_FP2,engine_temp_raw,schema_drift,detection,0.0049,True
d2a5e587f698,spielberg_FP2,ecu_canbus,string_in_numeric,detection,0.0399,True
1db2bd273058,spielberg_FP2,aero_load,duplicate_timestamp,detection,0.0055,True
8004711fa4d1,spielberg_FP2,brake_temp,duplicate_timestamp,detection,0.0046,True
06233bf618fd,spielberg_FP2,heart_rate_v2,schema_drift,detection,0.0048,True
7fb57c69d22b,spielberg_FP2,brake_temp,string_in_numeric,detection,0.0029,True
0ec240ee4c92,spielberg_FP2,throttle,duplicate_timestamp,detection,0.0047,True
40e422dca43a,spielberg_FP2,aero_load,string_in_numeric,detection,0.0028,True
095909c02343,spielberg_FP2,throttle,string_in_numeric,detection,0.003,True
2febacc617f1,spielberg_FP2,throttle,string_in_numeric,detection,0.0025,True
bf480df2b7bd,spielberg_FP2,tyre_pressure,duplicate_timestamp,detection,0.0046,True
e446075fef58,spielberg_FP2,speed_new,schema_drift,detection,0.0053,True
314fa0fcad2b,spielberg_FP2,heart_rate_raw,schema_drift,detection,0.0051,True
49a670091642,spielberg_FP2,rpm_v2,schema_drift,detection,0.005,True
5647cdf0290d,spielberg_FP2,speed,string_in_numeric,detection,0.0029,True
d59a7ae8ac68,spielberg_FP2,heart_rate,duplicate_timestamp,detection,0.0043,True
9ec0c03d7d1f,spielberg_FP2,engine_temp,duplicate_timestamp,detection,0.0049,True
17c4125837d2,spielberg_FP2,tyre_pressure,duplicate_timestamp,detection,0.0139,True
f01a1eaedcec,spielberg_FP2,ecu_canbus,duplicate_timestamp,detection,0.0045,True
5dec03a94e61,spielberg_FP2,ecu_canbus,duplicate_timestamp,detection,0.0043,True
f7adcffeb72d,spielberg_FP2,rpm_canbus,schema_drift,detection,0.0052,True
09cb7cd31a1f,spielberg_FP2,heart_rate_new,schema_drift,detection,0.0051,True
b2bcadee3598,spielberg_FP2,speed_v2,schema_drift,detection,0.0052,True
1d4d358ff5b8,spielberg_FP2,ecu_canbus,duplicate_timestamp,detection,0.0047,True
b8a51f4d5e36,spielberg_FP2,heart_rate,string_in_numeric,detection,0.0024,True
1816cdbcd78c,spielberg_FP2,rpm_new,schema_drift,detection,0.0056,True
4650e92a5c6c,spielberg_FP2,g_force_lateral,duplicate_timestamp,detection,0.0047,True
fc04545e8d1a,spielberg_FP2,rpm,duplicate_timestamp,detection,0.0041,True
3cae48020a74,spielberg_FP2,brake_temp,string_in_numeric,detection,0.007,True
f87418b218be,spielberg_FP2,ecu_canbus_raw,schema_drift,detection,0.0056,True
95b95c6763ee,spielberg_FP2,throttle,duplicate_timestamp,detection,0.0044,True
4945330e2e8b,spielberg_FP2,throttle,string_in_numeric,detection,0.0026,True
4373213b9694,spielberg_FP2,heart_rate,duplicate_timestamp,detection,0.0039,True
882f972fe6ad,spielberg_FP2,rpm,string_in_numeric,detection,0.0026,True
d2bec566f82d,spielberg_FP2,heart_rate_canbus,schema_drift,detection,0.0051,True
8a6e6195b0b8,spielberg_FP2,engine_temp,string_in_numeric,detection,0.0028,True
e600739b3efd,spielberg_FP2,engine_temp_canbus,schema_drift,detection,0.0137,True
5e4265f4411c,spielberg_FP2,tyre_pressure_canbus,schema_drift,detection,0.0051,True
410019bdd58b,spielberg_FP2,engine_temp_raw,schema_drift,detection,0.0051,True
da0639c275b7,spielberg_FP2,heart_rate_canbus,schema_drift,detection,0.0055,True
0089e42f8a4e,spielberg_FP2,aero_load,string_in_numeric,detection,0.0031,True
d00473cf8b42,spielberg_FP2,tyre_pressure,string_in_numeric,detection,0.0025,True
ae9adfff77f7,spielberg_FP2,rpm,duplicate_timestamp,detection,0.0045,True
e68f1ce85b01,spielberg_FP2,aero_load_raw,schema_drift,detection,0.0055,True
c23fc5b5dfe6,spielberg_FP2,tyre_pressure_alt,schema_drift,detection,0.0056,True
952e47d329ed,spielberg_FP2,brake_temp_v2,schema_drift,detection,0.0051,True
ccbb1d2c0af1,spielberg_FP2,engine_temp,string_in_numeric,detection,0.0027,True
d28cc0eda7fd,spielberg_FP2,heart_rate_v2,schema_drift,detection,0.0048,True
07993e554cb9,spielberg_FP2,aero_load_canbus,schema_drift,detection,0.0055,True
642465d5aea7,spielberg_FP2,throttle_alt,schema_drift,detection,0.0053,True
1c0a03199570,spielberg_FP2,speed,string_in_numeric,detection,0.0029,True
fee41ad23739,spielberg_FP2,rpm_v2,schema_drift,detection,0.0048,True
3228c4c56fdc,spielberg_FP2,rpm_raw,schema_drift,detection,0.0056,True
d3530f6f651f,spielberg_FP2,speed_v2,schema_drift,detection,0.0052,True
f80d72c7f32f,spielberg_FP2,engine_temp,duplicate_timestamp,detection,0.0036,True
b3febb46304b,spielberg_FP2,throttle_v2,schema_drift,detection,0.005,True
5a5310d66a4a,spielberg_FP2,speed_v2,schema_drift,detection,0.0052,True
a14664fe6e64,spielberg_FP2,ecu_canbus,duplicate_timestamp,detection,0.004,True
db3f7f934da3,spielberg_FP2,rpm,duplicate_timestamp,detection,0.0045,True
6f336648d57a,spielberg_FP2,g_force_lateral,string_in_numeric,detection,0.0025,True
9e6e8a1e3457,spielberg_FP2,throttle_new,schema_drift,detection,0.0051,True
5d41bd400b75,spielberg_FP2,aero_load,string_in_numeric,detection,0.0024,True
db18be1da041,spielberg_FP2,engine_temp_alt,schema_drift,detection,0.0048,True
9f9f8d9652a3,spielberg_FP2,tyre_pressure,duplicate_timestamp,detection,0.0058,True
7251c575495e,spielberg_FP2,engine_temp,duplicate_timestamp,detection,0.0049,True
14f9996f5e54,spielberg_FP2,throttle,string_in_numeric,detection,0.0028,True
57dc6490ac72,spielberg_FP2,brake_temp,duplicate_timestamp,detection,0.0042,True
4b11bfed5c18,spielberg_FP2,brake_temp_canbus,schema_drift,detection,0.0056,True
6322f5f77bbc,spielberg_FP2,ecu_canbus,string_in_numeric,detection,0.0025,True
db4f4ebd49f7,spielberg_FP2,heart_rate,duplicate_timestamp,detection,0.0045,True
ab9dd6096415,spielberg_FP2,g_force_lateral_canbus,schema_drift,detection,0.0051,True
694baf21aee8,spielberg_FP2,g_force_lateral,string_in_numeric,detection,0.0027,True
e698d13b8e94,spielberg_FP2,throttle_new,schema_drift,detection,0.0051,True
1449bc494aaa,spielberg_FP2,g_force_lateral_canbus,schema_drift,detection,0.0049,True
b5c321884ce2,spielberg_FP2,throttle_v2,schema_drift,detection,0.005,True
fc5b83d3825a,spielberg_FP2,tyre_pressure,string_in_numeric,detection,0.0031,True
d23a176dd346,spielberg_FP2,ecu_canbus,duplicate_timestamp,detection,0.0043,True
27af2b15ac5a,spielberg_FP2,aero_load_raw,schema_drift,detection,0.0051,True
8822857ae184,spielberg_FP2,brake_temp,string_in_numeric,detection,0.0026,True
f123f9ff5448,spielberg_FP2,engine_temp,string_in_numeric,detection,0.0026,True
ebfcf65497fb,spielberg_FP2,brake_temp,string_in_numeric,detection,0.0033,True
22978b133ce7,spielberg_FP2,tyre_pressure_raw,schema_drift,detection,0.005,True
acf624370265,spielberg_FP2,engine_temp,string_in_numeric,detection,0.0039,True
3d3d3d0d4d80,spielberg_FP2,heart_rate,string_in_numeric,detection,0.0026,True
b3ab0f66c893,spielberg_FP2,aero_load,string_in_numeric,detection,0.0026,True
b80d65a8db21,spielberg_FP2,speed,duplicate_timestamp,detection,0.005,True
de82a01c13c6,spielberg_FP2,throttle,duplicate_timestamp,detection,0.0048,True
228bc1d76eaf,spielberg_FP2,ecu_canbus,duplicate_timestamp,detection,0.0047,True
cd86ce8baad6,spielberg_FP2,heart_rate,string_in_numeric,detection,0.0027,True
67748241bb14,spielberg_FP2,ecu_canbus,duplicate_timestamp,detection,0.0046,True
c93e961b7981,spielberg_FP2,brake_temp,string_in_numeric,detection,0.0036,True
9cb6e3b51cc4,spielberg_FP2,heart_rate,duplicate_timestamp,detection,0.0045,True
d548f825c04f,spielberg_FP2,engine_temp,duplicate_timestamp,detection,0.0069,True
1a162c16a08f,spielberg_FP2,g_force_lateral_alt,schema_drift,detection,0.0051,True
2cac4b3e5a6d,spielberg_FP2,brake_temp,duplicate_timestamp,detection,0.0048,True
9a4c511f7dc9,spielberg_FP2,rpm,string_in_numeric,detection,0.0026,True
16c724ca2077,spielberg_FP2,speed,string_in_numeric,detection,0.0029,True
37968b16789a,spielberg_FP2,heart_rate_raw,schema_drift,detection,0.0049,True
ed3a7bf69ea6,spielberg_FP2,aero_load,duplicate_timestamp,detection,0.0051,True
30f6aeb176dc,spielberg_FP2,engine_temp,string_in_numeric,detection,0.0024,True
13f63580ebda,spielberg_FP2,brake_temp_new,schema_drift,detection,0.0047,True
a1936b1bb371,spielberg_FP2,aero_load,string_in_numeric,detection,0.0023,True
7ac9fb0d7dbf,spielberg_FP2,ecu_canbus_v2,schema_drift,detection,0.0045,True
1d2d26568374,spielberg_FP2,aero_load_new,schema_drift,detection,0.0057,True
b4283a788b5a,spielberg_FP2,g_force_lateral_v2,schema_drift,detection,0.005,True
615e9f7ed1c6,spielberg_FP2,brake_temp,duplicate_timestamp,detection,0.0053,True
84d99889812d,spielberg_FP2,engine_temp_v2,schema_drift,detection,0.005,True
fd2f3d7f2fc7,spielberg_FP2,rpm,duplicate_timestamp,detection,0.0045,True
cee37501c446,spielberg_FP2,tyre_pressure,string_in_numeric,detection,0.0025,True
11eaffd95186,spielberg_FP2,tyre_pressure,duplicate_timestamp,detection,0.0045,True
e5b1897aea3c,spielberg_FP2,heart_rate,duplicate_timestamp,detection,0.0059,True
a91a721be991,spielberg_FP2,ecu_canbus,string_in_numeric,detection,0.0024,True
2d99240fdd38,spielberg_FP2,throttle,string_in_numeric,detection,0.0026,True
a135bfb72313,spielberg_FP2,tyre_pressure,duplicate_timestamp,detection,0.0042,True
e9cda237db67,spielberg_FP2,g_force_lateral,string_in_numeric,detection,0.0033,True
d2aae3ed629d,spielberg_FP2,aero_load,duplicate_timestamp,detection,0.0067,True
d4e026cc8a02,spielberg_FP2,brake_temp_canbus,schema_drift,detection,0.0056,True
cacf5effc25f,spielberg_FP2,rpm_v2,schema_drift,detection,0.0053,True
6639f4ae0151,spielberg_FP2,ecu_canbus,duplicate_timestamp,detection,0.0122,True
f33a335f822e,spielberg_FP2,g_force_lateral,string_in_numeric,detection,0.0027,True
c851ce467638,spielberg_FP2,ecu_canbus,string_in_numeric,detection,0.0026,True
d029ce75d331,spielberg_FP2,g_force_lateral,duplicate_timestamp,detection,0.0044,True
a25d2c1b4dc8,spielberg_FP2,rpm,string_in_numeric,detection,0.0044,True
594f6694d44f,spielberg_FP2,heart_rate,duplicate_timestamp,detection,0.0079,True
be9b8d18e43e,spielberg_FP2,tyre_pressure,string_in_numeric,detection,0.004,True
6aa30d9b1e61,spielberg_FP2,aero_load,duplicate_timestamp,detection,0.0069,True
7fb9c1833d10,spielberg_FP2,tyre_pressure,duplicate_timestamp,detection,0.0077,True
cc863b1c3483,spielberg_FP2,g_force_lateral_canbus,schema_drift,detection,0.0054,True
def3e95ab28e,spielberg_FP2,g_force_lateral,string_in_numeric,detection,0.0027,True
d1681bbff0ad,spielberg_FP2,engine_temp,duplicate_timestamp,detection,0.0081,True
8f8bc1309141,spielberg_FP2,throttle,string_in_numeric,detection,0.0027,True
d6896d70ad41,spielberg_FP2,rpm,duplicate_timestamp,detection,0.0039,True
13889fa94700,spielberg_FP2,ecu_canbus_v2,schema_drift,detection,0.005,True
9787e78578ea,spielberg_FP2,throttle_raw,schema_drift,detection,0.0082,True
bb69228960ec,spielberg_FP2,aero_load,duplicate_timestamp,detection,0.0084,True
e02b2e6e342f,spielberg_FP2,heart_rate_v2,schema_drift,detection,0.0097,True
0d1effd90c8b,spielberg_FP2,tyre_pressure_alt,schema_drift,detection,0.0094,True
f7c45705d0ba,spielberg_FP2,heart_rate,duplicate_timestamp,detection,0.0057,True
ccf62aa5b996,spielberg_FP2,heart_rate_raw,schema_drift,detection,0.0052,True
d9296e3dd9cb,spielberg_FP2,aero_load_new,schema_drift,detection,0.0054,True
659daa1eb33b,spielberg_FP2,throttle,duplicate_timestamp,detection,0.0073,True
e475c3d26036,spielberg_FP2,brake_temp_raw,schema_drift,detection,0.0176,True
7712db404df0,spielberg_FP2,g_force_lateral,duplicate_timestamp,detection,0.0046,True
f002c91e50a8,spielberg_FP2,engine_temp,duplicate_timestamp,detection,0.0105,True
92e5035c0441,spielberg_FP2,tyre_pressure,duplicate_timestamp,detection,0.0046,True
1a4f0324c1cb,spielberg_FP2,heart_rate,string_in_numeric,detection,0.0025,True
720eb0eb1efd,spielberg_FP2,g_force_lateral,string_in_numeric,detection,0.0045,True
d0107505ba7b,spielberg_FP2,tyre_pressure,duplicate_timestamp,detection,0.008,True
52d7d9637958,spielberg_FP2,heart_rate,duplicate_timestamp,detection,0.0076,True
85a0cc40a9c4,spielberg_FP2,rpm,string_in_numeric,detection,0.0025,True
ef2145eff6a9,spielberg_FP2,rpm,string_in_numeric,detection,0.0042,True
ffb975533aa8,spielberg_FP2,speed,duplicate_timestamp,detection,0.0059,True
afbe3d0a8086,spielberg_FP2,aero_load,duplicate_timestamp,detection,0.0046,True
5b6ee2c94027,spielberg_FP2,g_force_lateral_raw,schema_drift,detection,0.0053,True
5a44ea9e2aab,spielberg_FP2,ecu_canbus,string_in_numeric,detection,0.0025,True
afe2eb3132d4,spielberg_FP2,throttle,string_in_numeric,detection,0.0048,True
f54176d73bb2,spielberg_FP2,rpm,duplicate_timestamp,detection,0.0084,True
a24ebbe79a41,spielberg_FP2,tyre_pressure_canbus,schema_drift,detection,0.0053,True
b1170ba347d7,spielberg_FP2,engine_temp_new,schema_drift,detection,0.0091,True
909ac11ea1a2,spielberg_FP2,engine_temp_raw,schema_drift,detection,0.0085,True
5c709d02599f,spielberg_FP2,aero_load,string_in_numeric,detection,0.0049,True
2caf1c4f04c8,spielberg_FP2,speed_raw,schema_drift,detection,0.0101,True
f3c1d05d14a4,spielberg_FP2,ecu_canbus,string_in_numeric,detection,0.0026,True
a94ef0e5a95b,spielberg_FP2,g_force_lateral_new,schema_drift,detection,0.0053,True
7f9d559df1cc,spielberg_FP2,rpm_raw,schema_drift,detection,0.0052,True
5534ddbc5985,spielberg_FP2,rpm_v2,schema_drift,detection,0.009,True
fbef4755afe5,spielberg_FP2,engine_temp,duplicate_timestamp,detection,0.0093,True
36caf83c767f,spielberg_FP2,throttle_v2,schema_drift,detection,0.009,True
f993618ced83,spielberg_FP2,throttle,string_in_numeric,detection,0.0049,True
ee8e74ec79cd,spielberg_FP2,throttle,duplicate_timestamp,detection,0.0048,True
55e04f60ee3e,spielberg_FP2,aero_load,duplicate_timestamp,detection,0.0056,True
b5ac9f26cb58,spielberg_FP2,rpm_v2,schema_drift,detection,0.0054,True
8978971a3b85,spielberg_FP2,throttle,duplicate_timestamp,detection,0.0041,True
63963255f796,spielberg_FP2,g_force_lateral,duplicate_timestamp,detection,0.0056,True
50fb1f5f67c6,spielberg_FP2,tyre_pressure_raw,schema_drift,detection,0.0051,True
b3a863b32bcf,spielberg_FP2,aero_load,string_in_numeric,detection,0.0032,True
b2372b10d75f,spielberg_FP2,rpm_new,schema_drift,detection,0.0058,True
c8750f62d382,spielberg_FP2,rpm_new,schema_drift,detection,0.0054,True
82cddd217357,spielberg_FP2,g_force_lateral_canbus,schema_drift,detection,0.0051,True
a59a108942fa,spielberg_FP2,throttle,string_in_numeric,detection,0.0026,True
e810f6918cb5,spielberg_FP2,engine_temp,string_in_numeric,detection,0.0034,True
f2c0579fd446,spielberg_FP2,heart_rate,duplicate_timestamp,detection,0.0045,True
a1c2d7944868,spielberg_FP2,tyre_pressure,duplicate_timestamp,detection,0.0045,True
7e46bec9aecc,spielberg_FP2,throttle,duplicate_timestamp,detection,0.0046,True
e91e211afcf9,spielberg_FP2,engine_temp_new,schema_drift,detection,0.0053,True
5438592345dc,spielberg_FP2,aero_load,duplicate_timestamp,detection,0.0039,True
d88f83e4e8b2,spielberg_FP2,rpm,duplicate_timestamp,detection,0.0045,True
9737b9f96527,spielberg_FP2,engine_temp,duplicate_timestamp,detection,0.0047,True
bc1e9b04db5e,spielberg_FP2,tyre_pressure,duplicate_timestamp,detection,0.0041,True
893edc5373f6,spielberg_FP2,g_force_lateral_canbus,schema_drift,detection,0.0053,True
03b52fd38487,spielberg_FP2,g_force_lateral,string_in_numeric,detection,0.0029,True
49565ebbfc28,spielberg_FP2,tyre_pressure_alt,schema_drift,detection,0.0054,True
9b8d61590d35,spielberg_FP2,heart_rate,string_in_numeric,detection,0.0029,True
2952a75ef98d,spielberg_FP2,aero_load,duplicate_timestamp,detection,0.0051,True
23a3e144b7f7,spielberg_FP2,speed_raw,schema_drift,detection,0.0049,True
51ae3b498463,spielberg_FP2,heart_rate_new,schema_drift,detection,0.0057,True
dda8da6f9283,spielberg_FP2,g_force_lateral_new,schema_drift,detection,0.006,True
db152f6d9e12,spielberg_FP2,rpm_raw,schema_drift,detection,0.0048,True
cbc8d5faa57a,spielberg_FP2,rpm_canbus,schema_drift,detection,0.0046,True
a1d746a06d6f,spielberg_FP2,engine_temp_v2,schema_drift,detection,0.0053,True
b48b1482594b,spielberg_FP2,tyre_pressure,duplicate_timestamp,detection,0.0045,True
0f4820c093a7,spielberg_FP2,engine_temp,duplicate_timestamp,detection,0.0056,True
8a14d8bb8e5f,spielberg_FP2,aero_load,duplicate_timestamp,detection,0.0043,True
d307e6e97a43,spielberg_FP2,engine_temp_new,schema_drift,detection,0.0063,True
5c645a9bb2f9,spielberg_FP2,heart_rate_canbus,schema_drift,detection,0.0059,True
39c0e8dda787,spielberg_FP2,brake_temp_canbus,schema_drift,detection,0.0055,True
137151f32845,spielberg_FP2,aero_load_v2,schema_drift,detection,0.0049,True
1b3c5d2d8915,spielberg_FP2,ecu_canbus_raw,schema_drift,detection,0.0053,True
5180f1573daa,spielberg_FP2,tyre_pressure,duplicate_timestamp,detection,0.0048,True
893d57db1fd4,spielberg_FP2,speed,duplicate_timestamp,detection,0.0048,True
919590ccbf08,spielberg_FP2,engine_temp,duplicate_timestamp,detection,0.0045,True
96a63f2bb3ea,spielberg_FP2,rpm_alt,schema_drift,detection,0.0053,True
dc19692a33a5,spielberg_FP2,g_force_lateral,string_in_numeric,detection,0.0029,True
c169759a023b,spielberg_FP2,speed,duplicate_timestamp,detection,0.0045,True
afc7737b60ca,spielberg_FP2,speed_raw,schema_drift,detection,0.0054,True
b52532cf91da,spielberg_FP2,engine_temp_raw,schema_drift,detection,0.0092,True
47f2bca64789,spielberg_FP2,rpm,string_in_numeric,detection,0.0026,True
c67c71626a51,spielberg_FP2,tyre_pressure,string_in_numeric,detection,0.0026,True
c680c49f1b9b,spielberg_FP2,heart_rate,duplicate_timestamp,detection,0.0051,True
0340b1c47ea8,spielberg_FP2,g_force_lateral,duplicate_timestamp,detection,0.0046,True
c635284a7e39,spielberg_FP2,g_force_lateral,duplicate_timestamp,detection,0.0043,True
491b2c20552d,spielberg_FP2,rpm,duplicate_timestamp,detection,0.0089,True
1d6572bb80c8,spielberg_FP2,engine_temp,duplicate_timestamp,detection,0.0045,True
aface8bb085e,spielberg_FP2,heart_rate,string_in_numeric,detection,0.0026,True
a975a64692ec,spielberg_FP3,tyre_pressure,string_in_numeric,detection,0.0027,True
812953f43472,spielberg_FP3,speed,duplicate_timestamp,detection,0.0042,True
f639cecadd28,spielberg_FP3,tyre_pressure,string_in_numeric,detection,0.0029,True
a7aaf2ceb2ce,spielberg_FP3,aero_load_raw,schema_drift,detection,0.0052,True
29edeeeb23ac,spielberg_FP3,speed,string_in_numeric,detection,0.0027,True
55bc777ba12b,spielberg_FP3,speed_new,schema_drift,detection,0.0049,True
a1348ab237e5,spielberg_FP3,speed_v2,schema_drift,detection,0.0065,True
07de2d942f93,spielberg_FP3,aero_load,duplicate_timestamp,detection,0.0047,True
45d692a81d4b,spielberg_FP3,tyre_pressure,string_in_numeric,detection,0.0035,True
6e75116fc4d9,spielberg_FP3,aero_load_new,schema_drift,detection,0.0054,True
fd68140120d2,spielberg_FP3,g_force_lateral,duplicate_timestamp,detection,0.0046,True
d736951c8bf8,spielberg_FP3,aero_load,duplicate_timestamp,detection,0.0078,True
1769678de079,spielberg_FP3,speed,duplicate_timestamp,detection,0.0043,True
2d29a96f6819,spielberg_FP3,tyre_pressure,string_in_numeric,detection,0.003,True
d4d700ef5437,spielberg_FP3,rpm_canbus,schema_drift,detection,0.005,True
f9fe04b7d81e,spielberg_FP3,ecu_canbus,duplicate_timestamp,detection,0.0048,True
838ac15af928,spielberg_FP3,tyre_pressure,duplicate_timestamp,detection,0.0044,True
71673f62ac96,spielberg_FP3,engine_temp,duplicate_timestamp,detection,0.0065,True
c536df0bf54f,spielberg_FP3,tyre_pressure_raw,schema_drift,detection,0.0054,True
de93281f32c2,spielberg_FP3,engine_temp,string_in_numeric,detection,0.0029,True
58b0287c809f,spielberg_FP3,g_force_lateral,duplicate_timestamp,detection,0.0052,True
9911279ae5cb,spielberg_FP3,ecu_canbus,string_in_numeric,detection,0.0027,True
26e4dfbcf9cf,spielberg_FP3,engine_temp,string_in_numeric,detection,0.0025,True
ae2367f0a8ff,spielberg_FP3,throttle,duplicate_timestamp,detection,0.0046,True
0c6babaa12cf,spielberg_FP3,throttle,duplicate_timestamp,detection,0.005,True
8a2e835e2409,spielberg_FP3,ecu_canbus,duplicate_timestamp,detection,0.0047,True
395d8b17fdf3,spielberg_FP3,speed,duplicate_timestamp,detection,0.0051,True
754a1522ad6f,spielberg_FP3,engine_temp,duplicate_timestamp,detection,0.0052,True
87fd806b97e9,spielberg_FP3,g_force_lateral,duplicate_timestamp,detection,0.0047,True
4b6f6dc07c5b,spielberg_FP3,g_force_lateral,duplicate_timestamp,detection,0.0049,True
57573467ca35,spielberg_FP3,speed,string_in_numeric,detection,0.0032,True
722b8ab009b3,spielberg_FP3,brake_temp,string_in_numeric,detection,0.0027,True
34cee85d32cc,spielberg_FP3,throttle,duplicate_timestamp,detection,0.0053,True
3f78a1729ec3,spielberg_FP3,rpm,string_in_numeric,detection,0.0069,True
21129a704956,spielberg_FP3,brake_temp_new,schema_drift,detection,0.0052,True
8d652626ca22,spielberg_FP3,speed,duplicate_timestamp,detection,0.0049,True
38a6a76ff3b8,spielberg_FP3,rpm,string_in_numeric,detection,0.0033,True
0eefc99d8578,spielberg_FP3,brake_temp,duplicate_timestamp,detection,0.0044,True
580f5f3c1eb5,spielberg_FP3,tyre_pressure,duplicate_timestamp,detection,0.0048,True
257ec5c23c6f,spielberg_FP3,tyre_pressure,string_in_numeric,detection,0.0031,True
2c899d12e596,spielberg_FP3,aero_load,string_in_numeric,detection,0.0033,True
879f454999b2,spielberg_FP3,throttle,string_in_numeric,detection,0.0029,True
fa1904d6b1a4,spielberg_FP3,speed,duplicate_timestamp,detection,0.0051,True
b793648faac0,spielberg_FP3,throttle,string_in_numeric,detection,0.0026,True
cfad9fa85e48,spielberg_FP3,g_force_lateral,string_in_numeric,detection,0.0028,True
d4a5a77798f3,spielberg_FP3,engine_temp,string_in_numeric,detection,0.0066,True
82220813644e,spielberg_FP3,engine_temp_new,schema_drift,detection,0.0049,True
dc1f23e49cad,spielberg_FP3,g_force_lateral,duplicate_timestamp,detection,0.0043,True
3ac7624b50a4,spielberg_FP3,throttle,string_in_numeric,detection,0.0022,True
5672e343d508,spielberg_FP3,aero_load,duplicate_timestamp,detection,0.0049,True
5b79496c212c,spielberg_FP3,tyre_pressure,duplicate_timestamp,detection,0.0055,True
75126b1e597b,spielberg_FP3,engine_temp_canbus,schema_drift,detection,0.0051,True
23ba76ef7c2d,spielberg_FP3,aero_load_v2,schema_drift,detection,0.0135,True
41078bf421be,spielberg_FP3,engine_temp,string_in_numeric,detection,0.0034,True
3d17dc08299d,spielberg_FP3,brake_temp,string_in_numeric,detection,0.0028,True
ec9fb4e3aecc,spielberg_FP3,speed_raw,schema_drift,detection,0.0049,True
585e0e7eddce,spielberg_FP3,ecu_canbus,string_in_numeric,detection,0.0029,True
aab45fa0b82d,spielberg_FP3,ecu_canbus_new,schema_drift,detection,0.0051,True
e56e016d07b5,spielberg_FP3,ecu_canbus,duplicate_timestamp,detection,0.0068,True
cb1dcc4b20ed,spielberg_FP3,heart_rate_new,schema_drift,detection,0.0062,True
30624416ca41,spielberg_FP3,tyre_pressure_canbus,schema_drift,detection,0.0053,True
3f30cebec670,spielberg_FP3,brake_temp,string_in_numeric,detection,0.0026,True
02dd0795516e,spielberg_FP3,g_force_lateral_alt,schema_drift,detection,0.0056,True
f4c2114af0fe,spielberg_FP3,brake_temp,string_in_numeric,detection,0.0029,True
622e605a3d06,spielberg_FP3,engine_temp,duplicate_timestamp,detection,0.0054,True
781939858371,spielberg_FP3,aero_load_alt,schema_drift,detection,0.0049,True
09cf8eaecbae,spielberg_FP3,heart_rate_v2,schema_drift,detection,0.0053,True
3247afbb5f4b,spielberg_FP3,heart_rate,string_in_numeric,detection,0.0026,True
a3cafd1fd815,spielberg_FP3,engine_temp,string_in_numeric,detection,0.0028,True
1c25a0229989,spielberg_FP3,rpm,string_in_numeric,detection,0.0022,True
f01e70a425f0,spielberg_FP3,rpm_new,schema_drift,detection,0.0052,True
96e9db81c879,spielberg_FP3,aero_load,duplicate_timestamp,detection,0.0055,True
0aa8f8db980f,spielberg_FP3,engine_temp,duplicate_timestamp,detection,0.0045,True
ab6fd3fccb8c,spielberg_FP3,g_force_lateral_raw,schema_drift,detection,0.0045,True
8f2e7a770e1f,spielberg_FP3,rpm,string_in_numeric,detection,0.003,True
077d7ff5ed9a,spielberg_FP3,ecu_canbus_canbus,schema_drift,detection,0.0073,True
5683bc34d93d,spielberg_FP3,tyre_pressure,string_in_numeric,detection,0.0029,True
36621388a439,spielberg_FP3,aero_load,duplicate_timestamp,detection,0.0053,True
fc4a40659172,spielberg_FP3,speed,duplicate_timestamp,detection,0.0044,True
f3ac50edc27b,spielberg_FP3,throttle,string_in_numeric,detection,0.0029,True
b025ecac4530,spielberg_FP3,heart_rate,string_in_numeric,detection,0.0028,True
5df233a54860,spielberg_FP3,ecu_canbus,duplicate_timestamp,detection,0.0048,True
7362a34498a6,spielberg_FP3,tyre_pressure_alt,schema_drift,detection,0.0059,True
d530f2a076c7,spielberg_FP3,rpm,string_in_numeric,detection,0.0028,True
0a5afc034ec9,spielberg_FP3,ecu_canbus_new,schema_drift,detection,0.005,True
7f1e4f158a47,spielberg_FP3,ecu_canbus,duplicate_timestamp,detection,0.0055,True
3ca648b43d3c,spielberg_FP3,aero_load,duplicate_timestamp,detection,0.0045,True
7d64ae2f5597,spielberg_FP3,g_force_lateral,duplicate_timestamp,detection,0.0042,True
abb618775b18,spielberg_FP3,throttle,duplicate_timestamp,detection,0.0044,True
00812ae64593,spielberg_FP3,rpm,duplicate_timestamp,detection,0.0045,True
ece4827bc67e,spielberg_FP3,g_force_lateral,string_in_numeric,detection,0.0027,True
61ce26b3f435,spielberg_FP3,engine_temp,string_in_numeric,detection,0.0026,True
7c55e7ca9809,spielberg_FP3,speed,duplicate_timestamp,detection,0.0049,True
76780fffca58,spielberg_FP3,brake_temp,duplicate_timestamp,detection,0.0047,True
25ce309fd044,spielberg_FP3,aero_load_alt,schema_drift,detection,0.0058,True
e80378695672,spielberg_FP3,throttle,string_in_numeric,detection,0.0025,True
b0c6c0c2293e,spielberg_FP3,brake_temp_canbus,schema_drift,detection,0.0054,True
6e1d49c508d7,spielberg_FP3,heart_rate,duplicate_timestamp,detection,0.0055,True
06aef9e90b5a,spielberg_FP3,engine_temp,string_in_numeric,detection,0.0026,True
70e7c6415ba3,spielberg_FP3,rpm_raw,schema_drift,detection,0.0049,True
b6461f10e6f1,spielberg_FP3,brake_temp,duplicate_timestamp,detection,0.0054,True
f6a017973168,spielberg_FP3,ecu_canbus,duplicate_timestamp,detection,0.0047,True
7b1193a06cfc,spielberg_FP3,brake_temp_canbus,schema_drift,detection,0.006,True
13c12cd5f90b,spielberg_FP3,brake_temp_v2,schema_drift,detection,0.0055,True
56462945d5b9,spielberg_FP3,g_force_lateral,string_in_numeric,detection,0.0028,True
980ead115885,spielberg_FP3,ecu_canbus_canbus,schema_drift,detection,0.0048,True
8fcff0dfc5d2,spielberg_FP3,ecu_canbus,string_in_numeric,detection,0.0027,True
2056da5f9261,spielberg_FP3,engine_temp_new,schema_drift,detection,0.0057,True
2f05d8b13844,spielberg_FP3,engine_temp_raw,schema_drift,detection,0.0047,True
bc9ffdb02c1b,spielberg_FP3,tyre_pressure,string_in_numeric,detection,0.0028,True
272c8b1c5ecf,spielberg_FP3,aero_load,string_in_numeric,detection,0.0027,True
dd99fee27ef5,spielberg_FP3,brake_temp,duplicate_timestamp,detection,0.0042,True
3ed705a76563,spielberg_FP3,tyre_pressure,string_in_numeric,detection,0.0028,True
5c8b465d5801,spielberg_FP3,throttle,duplicate_timestamp,detection,0.0048,True
920872afbb8d,spielberg_FP3,tyre_pressure,string_in_numeric,detection,0.0029,True
dc7092395e49,spielberg_FP3,brake_temp_alt,schema_drift,detection,0.0047,True
642f5b9e854d,spielberg_FP3,speed,duplicate_timestamp,detection,0.0048,True
49aa58fd4d53,spielberg_FP3,ecu_canbus,duplicate_timestamp,detection,0.0049,True
f8e0a5f0e0e3,spielberg_FP3,aero_load_raw,schema_drift,detection,0.0054,True
89e11fbcd8d8,spielberg_FP3,throttle_canbus,schema_drift,detection,0.0058,True
45d54c83de70,spielberg_FP3,heart_rate_new,schema_drift,detection,0.0052,True
966898965bc2,spielberg_FP3,speed,string_in_numeric,detection,0.0029,True
455426f34f54,spielberg_FP3,ecu_canbus,duplicate_timestamp,detection,0.0045,True
8d51ca7b309b,spielberg_FP3,speed_canbus,schema_drift,detection,0.0068,True
1823098ace0f,spielberg_FP3,g_force_lateral_raw,schema_drift,detection,0.0054,True
55356537de1f,spielberg_FP3,aero_load_alt,schema_drift,detection,0.006,True
4928cd85d636,spielberg_FP3,speed_alt,schema_drift,detection,0.0053,True
2a5f43f53d35,spielberg_FP3,brake_temp,duplicate_timestamp,detection,0.0041,True
0c3cd2129f77,spielberg_FP3,brake_temp_raw,schema_drift,detection,0.0051,True
9b90fd942453,spielberg_FP3,speed,string_in_numeric,detection,0.0029,True
ab6e8271a293,spielberg_FP3,aero_load,string_in_numeric,detection,0.0028,True
d0022a4f9f82,spielberg_FP3,g_force_lateral,duplicate_timestamp,detection,0.0046,True
e46050c714da,spielberg_FP3,aero_load,duplicate_timestamp,detection,0.0045,True
3a0601d04fc4,spielberg_FP3,engine_temp,string_in_numeric,detection,0.0028,True
70dcf5910d35,spielberg_FP3,g_force_lateral,string_in_numeric,detection,0.0028,True
d2f978972515,spielberg_FP3,ecu_canbus_canbus,schema_drift,detection,0.0051,True
335a38b270bb,spielberg_FP3,throttle,duplicate_timestamp,detection,0.0048,True
9db321724c88,spielberg_FP3,brake_temp,string_in_numeric,detection,0.0032,True
993ccac511ef,spielberg_FP3,throttle,string_in_numeric,detection,0.0024,True
acccbffec6b6,spielberg_FP3,speed,duplicate_timestamp,detection,0.0041,True
7309c3dc74e9,spielberg_FP3,g_force_lateral,string_in_numeric,detection,0.0028,True
3391d5c9163e,spielberg_FP3,throttle_alt,schema_drift,detection,0.0053,True
89437ac66480,spielberg_FP3,engine_temp,string_in_numeric,detection,0.0027,True
f2813d004942,spielberg_FP3,ecu_canbus,duplicate_timestamp,detection,0.0045,True
8bb6795ac7c3,spielberg_FP3,g_force_lateral,duplicate_timestamp,detection,0.0059,True
0c4c2c7eb6fc,spielberg_FP3,heart_rate,duplicate_timestamp,detection,0.0047,True
b472ad45e8c5,spielberg_FP3,tyre_pressure,string_in_numeric,detection,0.0028,True
a62f9ba1106f,spielberg_FP3,engine_temp_raw,schema_drift,detection,0.0053,True
6219d90bc42e,spielberg_FP3,brake_temp,string_in_numeric,detection,0.0028,True
535f037b0323,spielberg_FP3,engine_temp,duplicate_timestamp,detection,0.0056,True
30605e13e504,spielberg_FP3,tyre_pressure_alt,schema_drift,detection,0.0054,True
97e1e53ec84f,spielberg_FP3,aero_load,string_in_numeric,detection,0.0026,True
073933933eee,spielberg_FP3,rpm,duplicate_timestamp,detection,0.0049,True
25d946628a6b,spielberg_FP3,rpm_v2,schema_drift,detection,0.0054,True
37db0b237049,spielberg_FP3,g_force_lateral,duplicate_timestamp,detection,0.0042,True
e38cfbe91a27,spielberg_FP3,brake_temp_v2,schema_drift,detection,0.0063,True
7a82a860e00f,spielberg_FP3,g_force_lateral,string_in_numeric,detection,0.0029,True
d35859c91cda,spielberg_FP3,heart_rate,duplicate_timestamp,detection,0.0051,True
187110de58b0,spielberg_FP3,rpm,string_in_numeric,detection,0.0031,True
0d67b9cd5e18,spielberg_FP3,throttle,string_in_numeric,detection,0.0027,True
3fbf63f9b939,spielberg_FP3,g_force_lateral_canbus,schema_drift,detection,0.0061,True
1cedbb1f86e2,spielberg_FP3,tyre_pressure,duplicate_timestamp,detection,0.0044,True
af8d33e22e11,spielberg_FP3,g_force_lateral_v2,schema_drift,detection,0.0055,True
2dd0e7b9aa9a,spielberg_FP3,g_force_lateral,string_in_numeric,detection,0.0033,True
fb46d16350e8,spielberg_FP3,speed,duplicate_timestamp,detection,0.0046,True
246fcdca4c0a,spielberg_FP3,aero_load,duplicate_timestamp,detection,0.0048,True
bcf4602b7e42,spielberg_FP3,throttle_alt,schema_drift,detection,0.0055,True
24fab9381bef,spielberg_FP3,rpm_raw,schema_drift,detection,0.0051,True
085833655201,spielberg_FP3,engine_temp_canbus,schema_drift,detection,0.0119,True
9c2e83310a7b,spielberg_FP3,brake_temp_alt,schema_drift,detection,0.0052,True
e9fbe3109c5f,spielberg_FP3,rpm,string_in_numeric,detection,0.0031,True
e3f1faa464f6,spielberg_FP3,g_force_lateral,duplicate_timestamp,detection,0.0043,True
5aa139704f0a,spielberg_FP3,engine_temp,string_in_numeric,detection,0.0026,True
362742737977,spielberg_FP3,ecu_canbus,string_in_numeric,detection,0.0028,True
85bbf84a4988,spielberg_FP3,engine_temp,duplicate_timestamp,detection,0.0042,True
aceb7d8a4103,spielberg_FP3,throttle,duplicate_timestamp,detection,0.0046,True
e5e3eb3f5572,spielberg_FP3,tyre_pressure_raw,schema_drift,detection,0.0049,True
3aed100da5b0,spielberg_FP3,g_force_lateral,duplicate_timestamp,detection,0.0118,True
087ed2cc6702,spielberg_FP3,engine_temp_alt,schema_drift,detection,0.0058,True
51d6d51538f2,spielberg_FP3,speed,duplicate_timestamp,detection,0.0046,True
615bfa20f275,spielberg_FP3,engine_temp,duplicate_timestamp,detection,0.0047,True
85fe5446a14b,spielberg_FP3,aero_load_v2,schema_drift,detection,0.0056,True
da448ce6a7d7,spielberg_FP3,speed_alt,schema_drift,detection,0.0053,True
a5a0e2cb55f5,spielberg_FP3,ecu_canbus,string_in_numeric,detection,0.0027,True
3f909e6d2270,spielberg_FP3,engine_temp,string_in_numeric,detection,0.0027,True
e5a9109ab0aa,spielberg_FP3,throttle,duplicate_timestamp,detection,0.0047,True
204ff14f89e1,spielberg_FP3,g_force_lateral,string_in_numeric,detection,0.0028,True
8de8c2ccb0d3,spielberg_FP3,throttle,duplicate_timestamp,detection,0.008,True
2156216d24b6,spielberg_FP3,speed_new,schema_drift,detection,0.005,True
e2a7e30a1d8c,spielberg_FP3,throttle_new,schema_drift,detection,0.0055,True
5223c04529fd,spielberg_FP3,rpm_raw,schema_drift,detection,0.0068,True
5aae5c8b8065,spielberg_FP3,speed,duplicate_timestamp,detection,0.0046,True
0d9f24d6e2ef,spielberg_FP3,aero_load_raw,schema_drift,detection,0.0051,True
b3f63b185a3e,spielberg_FP3,rpm,string_in_numeric,detection,0.0027,True
1186fa7f2844,spielberg_FP3,brake_temp_canbus,schema_drift,detection,0.0058,True
36b75ff93750,spielberg_FP3,rpm_canbus,schema_drift,detection,0.0063,True
20c6fe1897b9,spielberg_FP3,throttle,string_in_numeric,detection,0.0026,True
72e99b512dbb,spielberg_FP3,throttle_new,schema_drift,detection,0.0057,True
4e284c97c548,spielberg_FP3,rpm,duplicate_timestamp,detection,0.0056,True
2a5eb2967976,spielberg_FP3,g_force_lateral_v2,schema_drift,detection,0.0056,True
ed0bb79e2e16,spielberg_FP3,tyre_pressure,duplicate_timestamp,detection,0.0048,True
3fa5913a4165,spielberg_FP3,aero_load,string_in_numeric,detection,0.0029,True
2a7bb98f1f34,spielberg_FP3,rpm_canbus,schema_drift,detection,0.0053,True
064e80c9fdad,spielberg_FP3,speed_alt,schema_drift,detection,0.0053,True
0e32353f0f27,spielberg_FP3,heart_rate_new,schema_drift,detection,0.0055,True
1d7a20dde4e3,spielberg_FP3,engine_temp,duplicate_timestamp,detection,0.0042,True
323c2a6b81ba,spielberg_FP3,heart_rate,duplicate_timestamp,detection,0.0046,True
50ee8824fd0a,spielberg_FP3,g_force_lateral,duplicate_timestamp,detection,0.0122,True
04bf5074469d,spielberg_FP3,tyre_pressure_alt,schema_drift,detection,0.0054,True
267421471ea9,spielberg_FP3,tyre_pressure,duplicate_timestamp,detection,0.0049,True
409fe0d75086,spielberg_FP3,g_force_lateral_canbus,schema_drift,detection,0.0111,True
b9113c6cd637,spielberg_FP3,brake_temp,duplicate_timestamp,detection,0.005,True
23adb5a1dedf,spielberg_FP3,brake_temp_v2,schema_drift,detection,0.0048,True
86b8d0b1abb0,spielberg_FP3,aero_load_raw,schema_drift,detection,0.0053,True
8a3a8f9a0a6d,spielberg_FP3,aero_load_raw,schema_drift,detection,0.0054,True
8ae416686ecf,spielberg_FP3,speed,duplicate_timestamp,detection,0.0043,True
94e7d5433041,spielberg_FP3,brake_temp_raw,schema_drift,detection,0.0053,True
14c2cb4b4d10,spielberg_FP3,g_force_lateral,string_in_numeric,detection,0.003,True
4a589eb30a94,spielberg_FP3,throttle,string_in_numeric,detection,0.003,True
407a4e61e577,spielberg_FP3,g_force_lateral,string_in_numeric,detection,0.0028,True
611ec8c74d07,spielberg_FP3,throttle,duplicate_timestamp,detection,0.0043,True
c6f8a694b51c,spielberg_FP3,throttle,string_in_numeric,detection,0.0029,True
2db6cc915920,spielberg_FP3,brake_temp_alt,schema_drift,detection,0.0055,True
c0c1c7a480bf,spielberg_FP3,g_force_lateral,string_in_numeric,detection,0.0028,True
784a0c6a15c2,spielberg_FP3,brake_temp,duplicate_timestamp,detection,0.0043,True
3daefadfd741,spielberg_FP3,rpm,string_in_numeric,detection,0.0029,True
3371ba844c7b,spielberg_FP3,ecu_canbus,duplicate_timestamp,detection,0.0046,True
aa3c9bcdd452,spielberg_FP3,tyre_pressure,string_in_numeric,detection,0.003,True
884a6f4e4e7a,spielberg_FP3,engine_temp_raw,schema_drift,detection,0.0099,True
e4f912094f59,spielberg_FP3,tyre_pressure,duplicate_timestamp,detection,0.0048,True
dcd323bd5346,spielberg_FP3,speed_alt,schema_drift,detection,0.0055,True
90e92662a5f6,spielberg_FP3,tyre_pressure,string_in_numeric,detection,0.0028,True
2d3745c466c1,spielberg_FP3,rpm_new,schema_drift,detection,0.005,True
8f269d6ad7e9,spielberg_FP3,rpm_new,schema_drift,detection,0.0066,True
cbb5d57267f7,spielberg_FP3,heart_rate_raw,schema_drift,detection,0.0047,True
c34a20db82ce,spielberg_FP3,engine_temp,duplicate_timestamp,detection,0.0043,True
c15dea1808aa,spielberg_FP3,throttle,duplicate_timestamp,detection,0.0051,True
dfee24e6e679,spielberg_FP3,throttle,duplicate_timestamp,detection,0.0043,True
86a9fbfee7af,spielberg_FP3,g_force_lateral,string_in_numeric,detection,0.0029,True
0d8e9cf84b82,spielberg_FP3,rpm,duplicate_timestamp,detection,0.0048,True
37741abbc8ac,spielberg_FP3,heart_rate,string_in_numeric,detection,0.0029,True
fd9846e5f319,spielberg_FP3,tyre_pressure,duplicate_timestamp,detection,0.0044,True
b1dd56ea988c,spielberg_FP3,ecu_canbus_alt,schema_drift,detection,0.0049,True
7ffc75d3b0fd,spielberg_FP3,tyre_pressure_v2,schema_drift,detection,0.0052,True
54747a4d9d22,spielberg_FP3,aero_load_canbus,schema_drift,detection,0.0058,True
450f382148ad,spielberg_QUALI,tyre_pressure_new,schema_drift,detection,0.0053,True
69ded4639734,spielberg_QUALI,engine_temp_canbus,schema_drift,detection,0.0056,True
d020b4181fcb,spielberg_QUALI,tyre_pressure_v2,schema_drift,detection,0.0053,True
c94eaa931ffb,spielberg_QUALI,tyre_pressure,string_in_numeric,detection,0.0027,True
14fc37c46b56,spielberg_QUALI,g_force_lateral,string_in_numeric,detection,0.0028,True
6a1fa4375b39,spielberg_QUALI,tyre_pressure,duplicate_timestamp,detection,0.0076,True
f7fc838468b0,spielberg_QUALI,aero_load,string_in_numeric,detection,0.0027,True
63ab83d5230d,spielberg_QUALI,ecu_canbus,duplicate_timestamp,detection,0.0057,True
467e46401fa0,spielberg_QUALI,heart_rate_v2,schema_drift,detection,0.0058,True
5529e45c2203,spielberg_QUALI,ecu_canbus,string_in_numeric,detection,0.0027,True
e169d27d088b,spielberg_QUALI,heart_rate,string_in_numeric,detection,0.0029,True
c2ae5b6dc1c0,spielberg_QUALI,aero_load_new,schema_drift,detection,0.0057,True
c6e6fe828a37,spielberg_QUALI,tyre_pressure,duplicate_timestamp,detection,0.0043,True
5d90e8147e61,spielberg_QUALI,rpm,string_in_numeric,detection,0.0028,True
31086b775354,spielberg_QUALI,tyre_pressure_raw,schema_drift,detection,0.0055,True
b8d486487ea9,spielberg_QUALI,aero_load,duplicate_timestamp,detection,0.0046,True
dc8ccd07b43d,spielberg_QUALI,engine_temp,string_in_numeric,detection,0.0036,True
56fe48bc297e,spielberg_QUALI,g_force_lateral,duplicate_timestamp,detection,0.0047,True
2e2c47706ffd,spielberg_QUALI,aero_load,duplicate_timestamp,detection,0.0046,True
5579f3cc27d1,spielberg_QUALI,speed,duplicate_timestamp,detection,0.0052,True
a2841563d25d,spielberg_QUALI,speed_canbus,schema_drift,detection,0.0057,True
6c45f6bd0a37,spielberg_QUALI,rpm,string_in_numeric,detection,0.0026,True
7762a2387cff,spielberg_QUALI,rpm_canbus,schema_drift,detection,0.0056,True
f9a52d438bcf,spielberg_QUALI,tyre_pressure,string_in_numeric,detection,0.0028,True
fc41246c650f,spielberg_QUALI,throttle,duplicate_timestamp,detection,0.0044,True
8b6e5d52e120,spielberg_QUALI,g_force_lateral_v2,schema_drift,detection,0.0052,True
684627bd37c7,spielberg_QUALI,brake_temp,string_in_numeric,detection,0.003,True
92b62dbb1d31,spielberg_QUALI,throttle,duplicate_timestamp,detection,0.0044,True
9f9c1c31f335,spielberg_QUALI,brake_temp,string_in_numeric,detection,0.0028,True
73173e100c87,spielberg_QUALI,engine_temp,duplicate_timestamp,detection,0.0049,True
319e0ecb4d6a,spielberg_QUALI,heart_rate,duplicate_timestamp,detection,0.0046,True
6c162daac72f,spielberg_QUALI,rpm_canbus,schema_drift,detection,0.0117,True
5a4e44d421de,spielberg_QUALI,throttle_v2,schema_drift,detection,0.007,True
8e74c26e63b3,spielberg_QUALI,aero_load,duplicate_timestamp,detection,0.0047,True
145d6a01cfb3,spielberg_QUALI,aero_load,string_in_numeric,detection,0.0027,True
5e7e5872821a,spielberg_QUALI,rpm,duplicate_timestamp,detection,0.0049,True
6e154ce2c97f,spielberg_QUALI,heart_rate,duplicate_timestamp,detection,0.0047,True
d2d98db0ed99,spielberg_QUALI,aero_load,string_in_numeric,detection,0.0027,True
657cc2da0c57,spielberg_QUALI,speed,duplicate_timestamp,detection,0.005,True
dd55374e1ac9,spielberg_QUALI,tyre_pressure_raw,schema_drift,detection,0.005,True
4859f3a91852,spielberg_QUALI,aero_load_new,schema_drift,detection,0.0051,True
83a0be6d20c1,spielberg_QUALI,throttle_v2,schema_drift,detection,0.0049,True
fd14d98f5b5b,spielberg_QUALI,speed_new,schema_drift,detection,0.0053,True
9d550cfa4cce,spielberg_QUALI,g_force_lateral,duplicate_timestamp,detection,0.0045,True
48f25ffc54d8,spielberg_QUALI,g_force_lateral,duplicate_timestamp,detection,0.0055,True
128fc32de1fc,spielberg_QUALI,engine_temp,string_in_numeric,detection,0.0029,True
6b24555225fa,spielberg_QUALI,speed,duplicate_timestamp,detection,0.0044,True
f13c302feaa7,spielberg_QUALI,engine_temp,string_in_numeric,detection,0.0033,True
b1c65788d228,spielberg_QUALI,throttle,string_in_numeric,detection,0.0028,True
3aca6128acfd,spielberg_QUALI,rpm,string_in_numeric,detection,0.0026,True
98f531810de1,spielberg_QUALI,heart_rate_raw,schema_drift,detection,0.0051,True
396dd66b4cb8,spielberg_QUALI,aero_load_raw,schema_drift,detection,0.0055,True
8fb5eae90546,spielberg_QUALI,heart_rate,duplicate_timestamp,detection,0.005,True
6a1702661988,spielberg_QUALI,rpm_raw,schema_drift,detection,0.0048,True
11f3139bccd1,spielberg_QUALI,g_force_lateral,duplicate_timestamp,detection,0.0065,True
95eeb1274db5,spielberg_QUALI,tyre_pressure,duplicate_timestamp,detection,0.0041,True
8727d214985f,spielberg_QUALI,tyre_pressure,duplicate_timestamp,detection,0.0059,True
d334a0aeb090,spielberg_QUALI,aero_load,duplicate_timestamp,detection,0.0042,True
ce721844ed02,spielberg_QUALI,aero_load,string_in_numeric,detection,0.0026,True
24b4fe49b28d,spielberg_QUALI,ecu_canbus,string_in_numeric,detection,0.0027,True
47a97517496d,spielberg_QUALI,rpm,string_in_numeric,detection,0.0026,True
dda0b3fc57b6,spielberg_QUALI,tyre_pressure_canbus,schema_drift,detection,0.0055,True
c8187c68db52,spielberg_QUALI,tyre_pressure,duplicate_timestamp,detection,0.0044,True
44078f7657a1,spielberg_QUALI,aero_load,duplicate_timestamp,detection,0.0046,True
b44161dc2593,spielberg_QUALI,heart_rate,string_in_numeric,detection,0.0032,True
064b266380e0,spielberg_QUALI,speed,string_in_numeric,detection,0.0026,True
1e4906e10c10,spielberg_QUALI,ecu_canbus_new,schema_drift,detection,0.0055,True
07ba4cbbb9ea,spielberg_QUALI,g_force_lateral,duplicate_timestamp,detection,0.0048,True
32b7f7a45c78,spielberg_QUALI,ecu_canbus,duplicate_timestamp,detection,0.0047,True
a44387dcab28,spielberg_QUALI,rpm_new,schema_drift,detection,0.0055,True
85e1996c5639,spielberg_QUALI,brake_temp,duplicate_timestamp,detection,0.0045,True
563528bc1849,spielberg_QUALI,rpm,duplicate_timestamp,detection,0.0045,True
9139a00f9b7c,spielberg_QUALI,brake_temp,string_in_numeric,detection,0.0026,True
6b5d0ada5d34,spielberg_QUALI,ecu_canbus_v2,schema_drift,detection,0.005,True
69e38a4d7cdf,spielberg_QUALI,throttle,duplicate_timestamp,detection,0.0047,True
7d5765e0188b,spielberg_QUALI,tyre_pressure,duplicate_timestamp,detection,0.0045,True
0b1d87b37ed8,spielberg_QUALI,rpm,duplicate_timestamp,detection,0.0043,True
0101423af3ab,spielberg_QUALI,speed,string_in_numeric,detection,0.003,True
b9b7807df6ab,spielberg_QUALI,ecu_canbus,duplicate_timestamp,detection,0.012,True
bfdc685ccc30,spielberg_QUALI,heart_rate,duplicate_timestamp,detection,0.0045,True
854635e20bfc,spielberg_QUALI,rpm_new,schema_drift,detection,0.0055,True
3072a7041681,spielberg_QUALI,g_force_lateral,string_in_numeric,detection,0.003,True
a27e88b90bca,spielberg_QUALI,speed_raw,schema_drift,detection,0.005,True
1814feea76eb,spielberg_QUALI,speed,duplicate_timestamp,detection,0.0045,True
dcfc28ee9584,spielberg_QUALI,engine_temp_new,schema_drift,detection,0.0054,True
90b25882c19f,spielberg_QUALI,brake_temp,string_in_numeric,detection,0.0025,True
c462253e2a09,spielberg_QUALI,throttle,string_in_numeric,detection,0.0032,True
cd7c8b728525,spielberg_QUALI,rpm,duplicate_timestamp,detection,0.0041,True
539d1e8afbe4,spielberg_QUALI,heart_rate,duplicate_timestamp,detection,0.0046,True
9645e8c13324,spielberg_QUALI,rpm,string_in_numeric,detection,0.0065,True
b4cff47ac15e,spielberg_QUALI,speed_canbus,schema_drift,detection,0.006,True
f189581a2360,spielberg_QUALI,g_force_lateral,string_in_numeric,detection,0.0026,True
e832cf537388,spielberg_QUALI,heart_rate,duplicate_timestamp,detection,0.0044,True
4fe6302d40e1,spielberg_QUALI,engine_temp,string_in_numeric,detection,0.0025,True
7b8dd8e83601,spielberg_QUALI,rpm,string_in_numeric,detection,0.0027,True
b35cb23bb27d,spielberg_QUALI,engine_temp,string_in_numeric,detection,0.0031,True
d21be19c186f,spielberg_QUALI,g_force_lateral,string_in_numeric,detection,0.0027,True
69b3e0458b82,spielberg_QUALI,tyre_pressure_v2,schema_drift,detection,0.0051,True
f38842d0b12f,spielberg_QUALI,speed_raw,schema_drift,detection,0.0054,True
5ef88936314b,spielberg_QUALI,engine_temp,duplicate_timestamp,detection,0.0051,True
5f37f215bf95,spielberg_QUALI,brake_temp,duplicate_timestamp,detection,0.0045,True
b0e27dbc9290,spielberg_QUALI,ecu_canbus_canbus,schema_drift,detection,0.0057,True
c28b814a8aba,spielberg_QUALI,aero_load_v2,schema_drift,detection,0.0111,True
0d460e360061,spielberg_QUALI,rpm,string_in_numeric,detection,0.0028,True
b1a4dec070a4,spielberg_QUALI,speed_raw,schema_drift,detection,0.0053,True
963eb502a5f0,spielberg_QUALI,g_force_lateral,duplicate_timestamp,detection,0.0065,True
106c861674af,spielberg_QUALI,g_force_lateral_v2,schema_drift,detection,0.0067,True
47817642beb7,spielberg_QUALI,brake_temp_alt,schema_drift,detection,0.0061,True
d75602245e4d,spielberg_QUALI,g_force_lateral,string_in_numeric,detection,0.0029,True
337cc8a82042,spielberg_QUALI,g_force_lateral,string_in_numeric,detection,0.0027,True
bb7c00bd08d8,spielberg_QUALI,speed,duplicate_timestamp,detection,0.0043,True
ffd203b3e379,spielberg_QUALI,g_force_lateral,string_in_numeric,detection,0.0029,True
0dc21cd0cf1b,spielberg_QUALI,brake_temp,duplicate_timestamp,detection,0.0052,True
57bc95451020,spielberg_QUALI,speed,string_in_numeric,detection,0.0027,True
d13f06a8ac7e,spielberg_QUALI,engine_temp_raw,schema_drift,detection,0.0053,True
f9d442384f64,spielberg_QUALI,heart_rate,string_in_numeric,detection,0.0025,True
f2852502f96a,spielberg_QUALI,engine_temp_alt,schema_drift,detection,0.0048,True
7844ab149306,spielberg_QUALI,throttle,string_in_numeric,detection,0.0031,True
f88741b494f8,spielberg_QUALI,rpm,duplicate_timestamp,detection,0.004,True
f7b2a5c4f762,spielberg_QUALI,engine_temp_canbus,schema_drift,detection,0.0057,True
6cd7b7f614f1,spielberg_QUALI,tyre_pressure,string_in_numeric,detection,0.0026,True
1e67c8a110f1,spielberg_QUALI,engine_temp,duplicate_timestamp,detection,0.0046,True
a491467e937c,spielberg_QUALI,brake_temp,duplicate_timestamp,detection,0.0113,True
f5ea8bf530e7,spielberg_QUALI,aero_load,duplicate_timestamp,detection,0.0046,True
63e59cbe7c1b,spielberg_QUALI,throttle,duplicate_timestamp,detection,0.0047,True
1b5e4bd0ff61,spielberg_QUALI,ecu_canbus,duplicate_timestamp,detection,0.0049,True
f7bc1473102d,spielberg_QUALI,g_force_lateral,string_in_numeric,detection,0.0028,True
33007d8803b0,spielberg_QUALI,tyre_pressure,duplicate_timestamp,detection,0.0108,True
7032a98c3d6b,spielberg_QUALI,brake_temp_raw,schema_drift,detection,0.0048,True
30abec9b3fe6,spielberg_QUALI,throttle_v2,schema_drift,detection,0.0051,True
9072567e46d6,spielberg_QUALI,g_force_lateral_new,schema_drift,detection,0.0058,True
1ec61acbd2e9,spielberg_QUALI,aero_load,duplicate_timestamp,detection,0.0051,True
f9704f7726ef,spielberg_QUALI,g_force_lateral,duplicate_timestamp,detection,0.0045,True
29332972d4c0,spielberg_QUALI,aero_load,duplicate_timestamp,detection,0.0047,True
c4067c837fd9,spielberg_QUALI,ecu_canbus,string_in_numeric,detection,0.0029,True
49b8a5009eed,spielberg_QUALI,throttle,duplicate_timestamp,detection,0.0051,True
5399647b4f88,spielberg_QUALI,g_force_lateral,string_in_numeric,detection,0.0035,True
f120fee95a8f,spielberg_QUALI,engine_temp,string_in_numeric,detection,0.0027,True
e43e117b560e,spielberg_QUALI,brake_temp_raw,schema_drift,detection,0.0055,True
c85406875935,spielberg_QUALI,engine_temp,duplicate_timestamp,detection,0.0043,True
1eb88d938ced,spielberg_QUALI,g_force_lateral,string_in_numeric,detection,0.003,True
8a7e16210163,spielberg_QUALI,throttle_v2,schema_drift,detection,0.005,True
ea659b091be1,spielberg_QUALI,heart_rate,string_in_numeric,detection,0.0028,True
516ebc966ebd,spielberg_QUALI,rpm,string_in_numeric,detection,0.0028,True
63901623ab02,spielberg_QUALI,throttle,duplicate_timestamp,detection,0.0046,True
3484d2476361,spielberg_QUALI,brake_temp,duplicate_timestamp,detection,0.0044,True
6f9d4af3257f,spielberg_QUALI,rpm,string_in_numeric,detection,0.0025,True
e67e43a57f51,spielberg_QUALI,ecu_canbus_canbus,schema_drift,detection,0.0063,True
655f059440b4,spielberg_QUALI,speed,duplicate_timestamp,detection,0.0052,True
e0b02190974e,spielberg_QUALI,brake_temp,string_in_numeric,detection,0.0029,True
491385851ea3,spielberg_QUALI,heart_rate,duplicate_timestamp,detection,0.0038,True
81107c56c701,spielberg_QUALI,throttle,string_in_numeric,detection,0.0029,True
457d7e64d5cd,spielberg_QUALI,rpm,duplicate_timestamp,detection,0.005,True
db0dc9b24493,spielberg_QUALI,brake_temp,duplicate_timestamp,detection,0.004,True
ccf59278585d,spielberg_QUALI,heart_rate,duplicate_timestamp,detection,0.0048,True
a4b1379ef828,spielberg_QUALI,speed,duplicate_timestamp,detection,0.0045,True
f8393d180c7b,spielberg_QUALI,engine_temp,duplicate_timestamp,detection,0.0049,True
dbf4a97bcd3d,spielberg_QUALI,g_force_lateral,string_in_numeric,detection,0.003,True
b836fb73829f,spielberg_QUALI,engine_temp_alt,schema_drift,detection,0.0054,True
6b540d86f0af,spielberg_QUALI,rpm,string_in_numeric,detection,0.0034,True
c0b2a4fe037c,spielberg_QUALI,heart_rate_canbus,schema_drift,detection,0.0062,True
7d2fe48e0a62,spielberg_QUALI,speed,duplicate_timestamp,detection,0.0478,True
aeffb0179c4f,spielberg_QUALI,aero_load,string_in_numeric,detection,0.0028,True
69926aa9bb28,spielberg_QUALI,heart_rate_raw,schema_drift,detection,0.0053,True
16ac0bf0fddb,spielberg_QUALI,g_force_lateral,duplicate_timestamp,detection,0.0048,True
2626c6870b7f,spielberg_QUALI,tyre_pressure,duplicate_timestamp,detection,0.0085,True
6cf681051d4b,spielberg_QUALI,ecu_canbus,string_in_numeric,detection,0.0028,True
9780f4686612,spielberg_QUALI,brake_temp_v2,schema_drift,detection,0.0054,True
9225ae0eb5f7,spielberg_QUALI,aero_load,duplicate_timestamp,detection,0.0055,True
8613da3f1ead,spielberg_QUALI,throttle,string_in_numeric,detection,0.0029,True
0de5a72aba2e,spielberg_QUALI,aero_load_alt,schema_drift,detection,0.0057,True
a8ea33fe9951,spielberg_QUALI,g_force_lateral_new,schema_drift,detection,0.0091,True
abb7e396b22f,spielberg_QUALI,brake_temp,duplicate_timestamp,detection,0.0073,True
89981e2c017c,spielberg_QUALI,engine_temp_new,schema_drift,detection,0.0082,True
a250e5ee0f55,spielberg_QUALI,engine_temp,string_in_numeric,detection,0.0047,True
ec2a1fc0d4d0,spielberg_QUALI,aero_load,duplicate_timestamp,detection,0.0073,True
9e9ad4188516,spielberg_QUALI,speed_canbus,schema_drift,detection,0.0097,True
1ed08b0b8a18,spielberg_QUALI,engine_temp,duplicate_timestamp,detection,0.0045,True
8a3c1919bbec,spielberg_QUALI,g_force_lateral_canbus,schema_drift,detection,0.0051,True
be354644af57,spielberg_QUALI,speed,string_in_numeric,detection,0.0025,True
2fb0f6c7ed98,spielberg_QUALI,tyre_pressure,string_in_numeric,detection,0.0027,True
b2c1cae678dd,spielberg_QUALI,tyre_pressure,duplicate_timestamp,detection,0.0046,True
507a3d9d7886,spielberg_QUALI,speed,string_in_numeric,detection,0.0033,True
c9d4a6dfa70d,spielberg_QUALI,engine_temp_new,schema_drift,detection,0.0047,True
7882ac03ea77,spielberg_QUALI,rpm,string_in_numeric,detection,0.0029,True
9eedb81991da,spielberg_QUALI,brake_temp_v2,schema_drift,detection,0.0049,True
ee8180072afb,spielberg_QUALI,rpm,duplicate_timestamp,detection,0.005,True
3c91a3546920,spielberg_QUALI,aero_load,string_in_numeric,detection,0.003,True
ab02a5b73d2e,spielberg_QUALI,rpm,string_in_numeric,detection,0.0027,True
d0cedd05ba44,spielberg_QUALI,tyre_pressure,string_in_numeric,detection,0.0028,True
f0eaf12a392e,spielberg_QUALI,throttle,duplicate_timestamp,detection,0.0049,True
a9f032c46f67,spielberg_QUALI,heart_rate_v2,schema_drift,detection,0.0053,True
8c18bfd7153a,spielberg_QUALI,tyre_pressure,string_in_numeric,detection,0.0031,True
2dc41bde1919,spielberg_QUALI,throttle,duplicate_timestamp,detection,0.005,True
c5049c9ab161,spielberg_QUALI,tyre_pressure,string_in_numeric,detection,0.003,True
0cbc70f52d6f,spielberg_QUALI,throttle,duplicate_timestamp,detection,0.006,True
1356032e6dc2,spielberg_QUALI,heart_rate,string_in_numeric,detection,0.0029,True
da92f16e8559,spielberg_QUALI,engine_temp_v2,schema_drift,detection,0.0053,True
f12d6e83509e,spielberg_QUALI,engine_temp,string_in_numeric,detection,0.0031,True
04bd42dfc783,spielberg_QUALI,brake_temp_new,schema_drift,detection,0.0051,True
6b52c1375b3b,spielberg_QUALI,engine_temp_v2,schema_drift,detection,0.0049,True
e44eb0c7686d,spielberg_QUALI,tyre_pressure,string_in_numeric,detection,0.0031,True
055950e0e40d,spielberg_QUALI,ecu_canbus,duplicate_timestamp,detection,0.0044,True
d41bba249f6a,spielberg_QUALI,brake_temp,string_in_numeric,detection,0.0026,True
47a3abcdde4e,spielberg_QUALI,brake_temp,duplicate_timestamp,detection,0.0046,True
e20fe7781f1c,spielberg_QUALI,speed,string_in_numeric,detection,0.0029,True
07f83e18f5ae,spielberg_QUALI,engine_temp,string_in_numeric,detection,0.0027,True
6b597cca2373,spielberg_QUALI,heart_rate_canbus,schema_drift,detection,0.0054,True
0f7ec1af4451,spielberg_QUALI,brake_temp_alt,schema_drift,detection,0.0051,True
ff40cb677cb8,spielberg_QUALI,heart_rate,duplicate_timestamp,detection,0.0047,True
b130476b8181,spielberg_QUALI,heart_rate,string_in_numeric,detection,0.0026,True
e2b17e4c9b69,spielberg_QUALI,throttle_canbus,schema_drift,detection,0.0051,True
e75f22d8ace6,spielberg_QUALI,g_force_lateral_alt,schema_drift,detection,0.0059,True
637daf534691,spielberg_QUALI,g_force_lateral,string_in_numeric,detection,0.003,True
375c049fe9cc,spielberg_QUALI,throttle_canbus,schema_drift,detection,0.0055,True
29af4227b19a,spielberg_QUALI,tyre_pressure,duplicate_timestamp,detection,0.0051,True
5f6a4abb8f5e,spielberg_QUALI,g_force_lateral,duplicate_timestamp,detection,0.0056,True
9212d61facc2,spielberg_QUALI,ecu_canbus_alt,schema_drift,detection,0.0056,True
50b52ea9fd0d,spielberg_QUALI,tyre_pressure,string_in_numeric,detection,0.0033,True
7a1def761641,spielberg_QUALI,heart_rate_raw,schema_drift,detection,0.0048,True
dc115742fb93,spielberg_QUALI,heart_rate,duplicate_timestamp,detection,0.0048,True
c5320a53ca43,spielberg_QUALI,brake_temp,duplicate_timestamp,detection,0.0047,True
288bdb6cac49,spielberg_QUALI,aero_load_new,schema_drift,detection,0.0059,True
ae0fe3cf8752,spielberg_QUALI,throttle_alt,schema_drift,detection,0.0058,True
e5359dd01673,spielberg_QUALI,brake_temp,string_in_numeric,detection,0.0027,True
aca667a491c0,spielberg_QUALI,throttle_raw,schema_drift,detection,0.0057,True
8083f724d2d4,spielberg_QUALI,engine_temp,string_in_numeric,detection,0.0029,True
743e83a4a6a4,spielberg_QUALI,engine_temp,string_in_numeric,detection,0.0031,True
5f83c071cc7c,spielberg_QUALI,engine_temp,duplicate_timestamp,detection,0.0046,True
f1adcdffaf5a,spielberg_QUALI,aero_load,duplicate_timestamp,detection,0.0051,True
5fdf61328c72,spielberg_QUALI,brake_temp,duplicate_timestamp,detection,0.0062,True
5f5bd331e8fb,spielberg_QUALI,ecu_canbus,string_in_numeric,detection,0.003,True
d1a2e026ec86,spielberg_QUALI,rpm_raw,schema_drift,detection,0.0053,True
c3521534c4a3,spielberg_QUALI,tyre_pressure,duplicate_timestamp,detection,0.0046,True
e169da546394,spielberg_QUALI,ecu_canbus,string_in_numeric,detection,0.0027,True
af53adbd696c,spielberg_QUALI,heart_rate,duplicate_timestamp,detection,0.0053,True
5cedf6ca8fd8,spielberg_QUALI,brake_temp,duplicate_timestamp,detection,0.0044,True
b607678f96c2,spielberg_QUALI,aero_load_new,schema_drift,detection,0.0054,True
47720e0748d1,spielberg_QUALI,engine_temp,duplicate_timestamp,detection,0.0048,True
bec622df1464,spielberg_QUALI,rpm,string_in_numeric,detection,0.0027,True
df954f36c1c6,spielberg_QUALI,engine_temp_new,schema_drift,detection,0.0052,True
47086fce0660,spielberg_QUALI,brake_temp_alt,schema_drift,detection,0.0097,True
9162b8cd6a24,spielberg_QUALI,engine_temp,string_in_numeric,detection,0.0026,True
9ceb2a923dee,spielberg_QUALI,throttle,duplicate_timestamp,detection,0.0072,True
d280d9dbaa0b,spielberg_QUALI,rpm_raw,schema_drift,detection,0.0087,True
e25d3a3b59fe,spielberg_QUALI,brake_temp_canbus,schema_drift,detection,0.0102,True
449ef3df7f52,spielberg_QUALI,rpm,duplicate_timestamp,detection,0.0081,True
20dc05d52ef1,spielberg_QUALI,brake_temp,string_in_numeric,detection,0.005,True
186f07330e86,spielberg_QUALI,rpm,string_in_numeric,detection,0.004,True
9b6776076bf8,spielberg_QUALI,rpm_canbus,schema_drift,detection,0.006,True
99ff5956df2d,spielberg_QUALI,brake_temp,string_in_numeric,detection,0.0028,True
a81e2a08e41d,spielberg_QUALI,engine_temp_alt,schema_drift,detection,0.0068,True
a1fab02fa083,spielberg_RACE,engine_temp,string_in_numeric,detection,0.0027,True
c168233bc6fc,spielberg_RACE,speed_v2,schema_drift,detection,0.0057,True
3a581351c0f2,spielberg_RACE,tyre_pressure,duplicate_timestamp,detection,0.0049,True
2c4fbeaa4348,spielberg_RACE,aero_load,string_in_numeric,detection,0.0027,True
e1bdaabc55a3,spielberg_RACE,heart_rate,duplicate_timestamp,detection,0.0048,True
8f9fca8cff7c,spielberg_RACE,engine_temp,duplicate_timestamp,detection,0.0062,True
3cb4e7bfab45,spielberg_RACE,g_force_lateral_canbus,schema_drift,detection,0.0053,True
8666647afce8,spielberg_RACE,throttle,string_in_numeric,detection,0.0028,True
55e39cc3ede4,spielberg_RACE,heart_rate_alt,schema_drift,detection,0.0053,True
83677958c83b,spielberg_RACE,throttle,duplicate_timestamp,detection,0.0045,True
d1a6cb65f721,spielberg_RACE,aero_load,string_in_numeric,detection,0.0026,True
1cd6275f6267,spielberg_RACE,tyre_pressure_new,schema_drift,detection,0.0061,True
784805e0cff6,spielberg_RACE,engine_temp,string_in_numeric,detection,0.0027,True
95347c49ac62,spielberg_RACE,speed,string_in_numeric,detection,0.0025,True
5fc57ec3a092,spielberg_RACE,brake_temp,duplicate_timestamp,detection,0.0043,True
9553c3454f78,spielberg_RACE,rpm,duplicate_timestamp,detection,0.0043,True
c6254c2c237b,spielberg_RACE,ecu_canbus,duplicate_timestamp,detection,0.0049,True
2ac7da38a76e,spielberg_RACE,brake_temp,string_in_numeric,detection,0.0026,True
454c78004a37,spielberg_RACE,g_force_lateral,string_in_numeric,detection,0.0029,True
74436580eab1,spielberg_RACE,heart_rate_new,schema_drift,detection,0.0054,True
d323501e83a7,spielberg_RACE,ecu_canbus,string_in_numeric,detection,0.0027,True
666588b3829b,spielberg_RACE,aero_load_raw,schema_drift,detection,0.0055,True
61ad7de5d0da,spielberg_RACE,brake_temp,string_in_numeric,detection,0.0028,True
752f28368f0e,spielberg_RACE,g_force_lateral_v2,schema_drift,detection,0.0055,True
a96848b53a78,spielberg_RACE,brake_temp,string_in_numeric,detection,0.0029,True
93af6fdf7aa2,spielberg_RACE,aero_load,string_in_numeric,detection,0.0035,True
4e8f761e76e2,spielberg_RACE,speed,duplicate_timestamp,detection,0.0045,True
8fde46b2dbba,spielberg_RACE,throttle_alt,schema_drift,detection,0.0054,True
96dc9781e625,spielberg_RACE,brake_temp_v2,schema_drift,detection,0.005,True
19e26a933c7e,spielberg_RACE,throttle,duplicate_timestamp,detection,0.0039,True
88de423c4da5,spielberg_RACE,ecu_canbus_raw,schema_drift,detection,0.0048,True
a03054c6a69c,spielberg_RACE,rpm,string_in_numeric,detection,0.0028,True
ab923e4d14ac,spielberg_RACE,rpm,duplicate_timestamp,detection,0.0047,True
bd113c0ed25f,spielberg_RACE,aero_load,duplicate_timestamp,detection,0.0115,True
da5e7de41c57,spielberg_RACE,heart_rate,string_in_numeric,detection,0.0033,True
5acbf82edaf9,spielberg_RACE,tyre_pressure,duplicate_timestamp,detection,0.0048,True
7f21bf0638c5,spielberg_RACE,ecu_canbus,string_in_numeric,detection,0.0026,True
3662d820f4c8,spielberg_RACE,brake_temp_alt,schema_drift,detection,0.0052,True
8e7e690fe3f1,spielberg_RACE,g_force_lateral,string_in_numeric,detection,0.0026,True
a99e8533a9e4,spielberg_RACE,rpm,duplicate_timestamp,detection,0.0054,True
9b425aeeb109,spielberg_RACE,aero_load_v2,schema_drift,detection,0.0051,True
30ad6dcd56bd,spielberg_RACE,tyre_pressure,string_in_numeric,detection,0.0028,True
dddc3851f647,spielberg_RACE,rpm_new,schema_drift,detection,0.0074,True
3ab2e6b00bb6,spielberg_RACE,engine_temp,string_in_numeric,detection,0.0029,True
89498be75627,spielberg_RACE,engine_temp_new,schema_drift,detection,0.0047,True
a990b97bf11b,spielberg_RACE,heart_rate,duplicate_timestamp,detection,0.0048,True
15c861759845,spielberg_RACE,ecu_canbus_raw,schema_drift,detection,0.0057,True
973e6a474612,spielberg_RACE,engine_temp,duplicate_timestamp,detection,0.0043,True
fe7910da01d1,spielberg_RACE,g_force_lateral,string_in_numeric,detection,0.0033,True
89620cee1627,spielberg_RACE,heart_rate,string_in_numeric,detection,0.0032,True
17bbd0210274,spielberg_RACE,brake_temp_alt,schema_drift,detection,0.0056,True
2df6f199c983,spielberg_RACE,tyre_pressure,duplicate_timestamp,detection,0.0044,True
e3df531b57e6,spielberg_RACE,speed,duplicate_timestamp,detection,0.0045,True
41d108a4fc1d,spielberg_RACE,rpm_raw,schema_drift,detection,0.005,True
c8116af4c083,spielberg_RACE,ecu_canbus_canbus,schema_drift,detection,0.0055,True
2e73de47485e,spielberg_RACE,throttle,string_in_numeric,detection,0.0034,True
35efdda6fe4f,spielberg_RACE,rpm,string_in_numeric,detection,0.0029,True
7c4c4353e5c2,spielberg_RACE,ecu_canbus,string_in_numeric,detection,0.0034,True
835be53d75ff,spielberg_RACE,brake_temp,duplicate_timestamp,detection,0.0051,True
e56e3b166428,spielberg_RACE,brake_temp,duplicate_timestamp,detection,0.0041,True
adfe09bbc775,spielberg_RACE,aero_load,string_in_numeric,detection,0.0028,True
1ad9cdf14d35,spielberg_RACE,aero_load,duplicate_timestamp,detection,0.0057,True
396985be358b,spielberg_RACE,engine_temp,string_in_numeric,detection,0.0028,True
3a45ccedadfe,spielberg_RACE,speed,string_in_numeric,detection,0.0024,True
d3d02ada2f85,spielberg_RACE,aero_load,string_in_numeric,detection,0.0027,True
f0cc5a711375,spielberg_RACE,tyre_pressure,duplicate_timestamp,detection,0.0043,True
c3f2146445ab,spielberg_RACE,ecu_canbus,string_in_numeric,detection,0.0033,True
4dca26688d15,spielberg_RACE,heart_rate_new,schema_drift,detection,0.0055,True
169402bdcb28,spielberg_RACE,rpm_raw,schema_drift,detection,0.0055,True
90ada9e3bb05,spielberg_RACE,engine_temp,duplicate_timestamp,detection,0.0058,True
2f1e322c8986,spielberg_RACE,throttle_new,schema_drift,detection,0.0058,True
bdd95dd7439a,spielberg_RACE,speed_new,schema_drift,detection,0.0054,True
be95508821c6,spielberg_RACE,ecu_canbus,string_in_numeric,detection,0.003,True
f292d5cd5374,spielberg_RACE,heart_rate_new,schema_drift,detection,0.0056,True
a43c5bb9bf67,spielberg_RACE,speed,string_in_numeric,detection,0.0027,True
dc2486c2c88e,spielberg_RACE,g_force_lateral_canbus,schema_drift,detection,0.0052,True
547523a56235,spielberg_RACE,throttle_alt,schema_drift,detection,0.0048,True
7bb77c5fded9,spielberg_RACE,ecu_canbus,string_in_numeric,detection,0.003,True
41adcbffb394,spielberg_RACE,g_force_lateral,string_in_numeric,detection,0.0029,True
b092aecce502,spielberg_RACE,engine_temp,duplicate_timestamp,detection,0.0042,True
065ad17aa9eb,spielberg_RACE,brake_temp,duplicate_timestamp,detection,0.0046,True
38f9a042cc0f,spielberg_RACE,throttle_alt,schema_drift,detection,0.0055,True
0fcf58855369,spielberg_RACE,aero_load_v2,schema_drift,detection,0.0056,True
a85dfd5c9f4f,spielberg_RACE,ecu_canbus,duplicate_timestamp,detection,0.0048,True
8446e4afa152,spielberg_RACE,speed,duplicate_timestamp,detection,0.0045,True
1a9666dfa6e9,spielberg_RACE,ecu_canbus,duplicate_timestamp,detection,0.0054,True
bc7f81f60e7f,spielberg_RACE,tyre_pressure,duplicate_timestamp,detection,0.0061,True
fff6f7740c29,spielberg_RACE,aero_load,string_in_numeric,detection,0.0028,True
5adf62998196,spielberg_RACE,ecu_canbus,string_in_numeric,detection,0.0026,True
821727493d98,spielberg_RACE,speed_raw,schema_drift,detection,0.0051,True
5c9b5152be00,spielberg_RACE,ecu_canbus,duplicate_timestamp,detection,0.0048,True
e7bef4cbd5e4,spielberg_RACE,aero_load_v2,schema_drift,detection,0.0052,True
2c40ddbbc46d,spielberg_RACE,g_force_lateral,string_in_numeric,detection,0.0028,True
97f7c24d57fd,spielberg_RACE,throttle,string_in_numeric,detection,0.0027,True
68cf694c254a,spielberg_RACE,engine_temp,duplicate_timestamp,detection,0.0044,True
5df3063a8c36,spielberg_RACE,rpm,string_in_numeric,detection,0.0026,True
022d7a69ac4c,spielberg_RACE,ecu_canbus_v2,schema_drift,detection,0.0058,True
f463cc89e94a,spielberg_RACE,aero_load,duplicate_timestamp,detection,0.0051,True
636c906f6e5d,spielberg_RACE,heart_rate,string_in_numeric,detection,0.0029,True
f635cfb6516e,spielberg_RACE,heart_rate_alt,schema_drift,detection,0.0055,True
3029bd69ce12,spielberg_RACE,brake_temp_canbus,schema_drift,detection,0.0051,True
f86bfd70742e,spielberg_RACE,throttle,duplicate_timestamp,detection,0.0048,True
15ee147b5b4d,spielberg_RACE,tyre_pressure,duplicate_timestamp,detection,0.0041,True
a941d3486194,spielberg_RACE,rpm,string_in_numeric,detection,0.0024,True
6678f28c7f64,spielberg_RACE,ecu_canbus_canbus,schema_drift,detection,0.0052,True
ec77cd6e9a99,spielberg_RACE,g_force_lateral_raw,schema_drift,detection,0.0052,True
24789f38073c,spielberg_RACE,brake_temp,string_in_numeric,detection,0.0028,True
0d0ef5b1210b,spielberg_RACE,ecu_canbus,duplicate_timestamp,detection,0.0047,True
c5bc4da48f5a,spielberg_RACE,g_force_lateral,string_in_numeric,detection,0.0026,True
ca1a970fd375,spielberg_RACE,ecu_canbus,string_in_numeric,detection,0.0027,True
a931d86bccc6,spielberg_RACE,throttle,duplicate_timestamp,detection,0.0047,True
aa1eb967cdaa,spielberg_RACE,brake_temp,duplicate_timestamp,detection,0.0054,True
b8397d064fda,spielberg_RACE,speed,string_in_numeric,detection,0.0029,True
2469bf0b897e,spielberg_RACE,speed,duplicate_timestamp,detection,0.0043,True
5ddef2b0beec,spielberg_RACE,brake_temp,duplicate_timestamp,detection,0.0046,True
33268b6870a6,spielberg_RACE,rpm,duplicate_timestamp,detection,0.0044,True
4191c1ae6bc0,spielberg_RACE,brake_temp,string_in_numeric,detection,0.0028,True
4f2cf3270186,spielberg_RACE,rpm,string_in_numeric,detection,0.0027,True
5850dfe61ce2,spielberg_RACE,rpm,string_in_numeric,detection,0.0029,True
d8c45f2cea8d,spielberg_RACE,throttle,duplicate_timestamp,detection,0.0045,True
32c3ea6e3a90,spielberg_RACE,engine_temp,string_in_numeric,detection,0.0031,True
96e9746c6a93,spielberg_RACE,g_force_lateral,duplicate_timestamp,detection,0.0046,True
0ac6e968d31a,spielberg_RACE,engine_temp,duplicate_timestamp,detection,0.0053,True
d89dcec2791f,spielberg_RACE,speed,duplicate_timestamp,detection,0.0047,True
7ce8a208841f,spielberg_RACE,tyre_pressure,duplicate_timestamp,detection,0.005,True
629b6a8a89b2,spielberg_RACE,heart_rate,duplicate_timestamp,detection,0.0044,True
b0717b2892d5,spielberg_RACE,heart_rate,duplicate_timestamp,detection,0.0045,True
4933935051d2,spielberg_RACE,engine_temp,string_in_numeric,detection,0.0028,True
015aca5ac445,spielberg_RACE,brake_temp_raw,schema_drift,detection,0.0058,True
c274dbde4c4d,spielberg_RACE,heart_rate_v2,schema_drift,detection,0.0051,True
7c28661a20d4,spielberg_RACE,brake_temp_raw,schema_drift,detection,0.0054,True
dd5521fc4126,spielberg_RACE,throttle,duplicate_timestamp,detection,0.0046,True
325927da7535,spielberg_RACE,engine_temp,duplicate_timestamp,detection,0.0044,True
d2e44939c0d0,spielberg_RACE,engine_temp,duplicate_timestamp,detection,0.0047,True
ab77d2cad336,spielberg_RACE,engine_temp_canbus,schema_drift,detection,0.0052,True
d3827a6a2aea,spielberg_RACE,engine_temp_new,schema_drift,detection,0.005,True
544652749a5a,spielberg_RACE,engine_temp,duplicate_timestamp,detection,0.0047,True
b78a32b884c7,spielberg_RACE,engine_temp,string_in_numeric,detection,0.0029,True
f338a9899de9,spielberg_RACE,engine_temp_alt,schema_drift,detection,0.0052,True
fab67305d03c,spielberg_RACE,speed,duplicate_timestamp,detection,0.0045,True
a2bcfba2076f,spielberg_RACE,aero_load,string_in_numeric,detection,0.0025,True
f86448cf15f7,spielberg_RACE,tyre_pressure,duplicate_timestamp,detection,0.0046,True
d88c44d6eee7,spielberg_RACE,heart_rate,duplicate_timestamp,detection,0.0043,True
9255ceadbba7,spielberg_RACE,g_force_lateral_raw,schema_drift,detection,0.0056,True
eda9fd2a2165,spielberg_RACE,throttle,duplicate_timestamp,detection,0.0046,True
b4ac8e362217,spielberg_RACE,ecu_canbus,duplicate_timestamp,detection,0.0048,True
e015d671d9d3,spielberg_RACE,throttle_alt,schema_drift,detection,0.0051,True
bc9dcf38e126,spielberg_RACE,speed_alt,schema_drift,detection,0.0065,True
fc1568cffd99,spielberg_RACE,ecu_canbus,string_in_numeric,detection,0.0028,True
d4552a835b4b,spielberg_RACE,brake_temp,duplicate_timestamp,detection,0.0047,True
9affcd2a7dfa,spielberg_RACE,tyre_pressure_canbus,schema_drift,detection,0.0055,True
180e12c413d7,spielberg_RACE,heart_rate,string_in_numeric,detection,0.003,True
97f6bae25999,spielberg_RACE,brake_temp,string_in_numeric,detection,0.0059,True
7d18a8d18c2e,spielberg_RACE,ecu_canbus_raw,schema_drift,detection,0.0053,True
6941a9414300,spielberg_RACE,engine_temp,string_in_numeric,detection,0.0026,True
d9c25443b76a,spielberg_RACE,ecu_canbus,string_in_numeric,detection,0.0031,True
01d47f33aabb,spielberg_RACE,brake_temp,string_in_numeric,detection,0.0026,True
812831b47668,spielberg_RACE,ecu_canbus,string_in_numeric,detection,0.0029,True
39dff14fdb2b,spielberg_RACE,rpm_canbus,schema_drift,detection,0.0051,True
4e1113a3a653,spielberg_RACE,engine_temp,duplicate_timestamp,detection,0.0048,True
25bd5a658c3d,spielberg_RACE,throttle,duplicate_timestamp,detection,0.0048,True
9fbc33432e85,spielberg_RACE,heart_rate_new,schema_drift,detection,0.0054,True
ca02fe2f1be4,spielberg_RACE,tyre_pressure,string_in_numeric,detection,0.003,True
1382e466a191,spielberg_RACE,rpm,string_in_numeric,detection,0.0023,True
65b5a637f97d,spielberg_RACE,brake_temp,duplicate_timestamp,detection,0.0053,True
db58ebc00784,spielberg_RACE,g_force_lateral,duplicate_timestamp,detection,0.0048,True
2dc4c3609d8d,spielberg_RACE,rpm,duplicate_timestamp,detection,0.0045,True
4840c3a05095,spielberg_RACE,throttle_new,schema_drift,detection,0.0051,True
4ffe57a5d727,spielberg_RACE,speed_raw,schema_drift,detection,0.0053,True
dcf60ff45807,spielberg_RACE,g_force_lateral,duplicate_timestamp,detection,0.0052,True
1ccf731f69f4,spielberg_RACE,brake_temp_new,schema_drift,detection,0.0056,True
e8f1a5ed29f8,spielberg_RACE,heart_rate,duplicate_timestamp,detection,0.0057,True
6492d80e1d06,spielberg_RACE,speed,string_in_numeric,detection,0.0028,True
52a277b63ba0,spielberg_RACE,rpm,string_in_numeric,detection,0.0026,True
6ca1b799369a,spielberg_RACE,brake_temp,string_in_numeric,detection,0.0025,True
eeb0d461cfcd,spielberg_RACE,heart_rate,string_in_numeric,detection,0.0027,True
9c3044b28e8d,spielberg_RACE,heart_rate,duplicate_timestamp,detection,0.0051,True
397a173468d9,spielberg_RACE,aero_load,string_in_numeric,detection,0.0032,True
32e3de7635de,spielberg_RACE,rpm_canbus,schema_drift,detection,0.0059,True
a498cf598328,spielberg_RACE,speed_v2,schema_drift,detection,0.0046,True
f5b3d6e7ee82,spielberg_RACE,ecu_canbus,duplicate_timestamp,detection,0.005,True
021adaed46c0,spielberg_RACE,rpm,duplicate_timestamp,detection,0.0045,True
5a0fff4d5962,spielberg_RACE,rpm,string_in_numeric,detection,0.0026,True
3ed8dbbb086b,spielberg_RACE,speed_alt,schema_drift,detection,0.0056,True
86db738b5e15,spielberg_RACE,speed,duplicate_timestamp,detection,0.0045,True
d600dbb38f87,spielberg_RACE,brake_temp,string_in_numeric,detection,0.003,True
8a61c77cd489,spielberg_RACE,g_force_lateral,string_in_numeric,detection,0.0027,True
0f9b584ac10b,spielberg_RACE,throttle,string_in_numeric,detection,0.0028,True
a066bfacc371,spielberg_RACE,speed,string_in_numeric,detection,0.0025,True
6cf812b9ac3b,spielberg_RACE,speed_new,schema_drift,detection,0.0051,True
fde2d61fa367,spielberg_RACE,rpm,string_in_numeric,detection,0.0029,True
e9e2ee51c5a7,spielberg_RACE,g_force_lateral_new,schema_drift,detection,0.0061,True
540341b9ce56,spielberg_RACE,brake_temp,string_in_numeric,detection,0.0024,True
28e88ea73773,spielberg_RACE,rpm,string_in_numeric,detection,0.0027,True
72ffebc53a6d,spielberg_RACE,tyre_pressure,duplicate_timestamp,detection,0.0052,True
dae72fe3c1f2,spielberg_RACE,brake_temp_raw,schema_drift,detection,0.005,True
b21357356cc6,spielberg_RACE,aero_load_new,schema_drift,detection,0.0072,True
af57d8246748,spielberg_RACE,aero_load,duplicate_timestamp,detection,0.0043,True
6892994a0728,spielberg_RACE,aero_load_new,schema_drift,detection,0.0054,True
f535d7bb4c83,spielberg_RACE,ecu_canbus,string_in_numeric,detection,0.0031,True
8970ce284c08,spielberg_RACE,g_force_lateral_alt,schema_drift,detection,0.0057,True
14681c10034e,spielberg_RACE,speed,string_in_numeric,detection,0.0029,True
89df7b667c2f,spielberg_RACE,heart_rate,duplicate_timestamp,detection,0.0068,True
c3b347fc0853,spielberg_RACE,throttle,string_in_numeric,detection,0.0029,True
91850cdae497,spielberg_RACE,speed_canbus,schema_drift,detection,0.0051,True
77d9fe2be4c7,spielberg_RACE,heart_rate_new,schema_drift,detection,0.0056,True
063703e0a6f9,spielberg_RACE,engine_temp,string_in_numeric,detection,0.0026,True
649202fafd75,spielberg_RACE,throttle,string_in_numeric,detection,0.003,True
32651ae0bf38,spielberg_RACE,aero_load,duplicate_timestamp,detection,0.0059,True
b42afe8cbbde,spielberg_RACE,rpm_canbus,schema_drift,detection,0.0052,True
b20c856bc0da,spielberg_RACE,tyre_pressure,duplicate_timestamp,detection,0.0046,True
27aea1bbdec5,spielberg_RACE,heart_rate,string_in_numeric,detection,0.0027,True
740a61ededc0,spielberg_RACE,speed,string_in_numeric,detection,0.0025,True
fb655b51b904,spielberg_RACE,ecu_canbus,string_in_numeric,detection,0.0029,True
ccff3b411a5c,spielberg_RACE,aero_load,duplicate_timestamp,detection,0.0057,True
fcf9595bd6fd,spielberg_RACE,rpm,duplicate_timestamp,detection,0.005,True
77ead3a22177,spielberg_RACE,tyre_pressure_new,schema_drift,detection,0.0053,True
8e6e33433271,spielberg_RACE,g_force_lateral,duplicate_timestamp,detection,0.0049,True
6f19a949d6c1,spielberg_RACE,speed_v2,schema_drift,detection,0.0062,True
07d2aa385903,spielberg_RACE,engine_temp,string_in_numeric,detection,0.0027,True
9ed32d531707,spielberg_RACE,engine_temp_alt,schema_drift,detection,0.0051,True
5ba476519f8e,spielberg_RACE,engine_temp_v2,schema_drift,detection,0.0041,True
09902596c353,spielberg_RACE,tyre_pressure_canbus,schema_drift,detection,0.0085,True
c7ba37b6d13a,spielberg_RACE,tyre_pressure,duplicate_timestamp,detection,0.0054,True
902e676f29a2,spielberg_RACE,aero_load,duplicate_timestamp,detection,0.0047,True
e500327c4407,spielberg_RACE,ecu_canbus_alt,schema_drift,detection,0.0054,True
2659b29b282c,spielberg_RACE,brake_temp_canbus,schema_drift,detection,0.0068,True
79e276a56e41,spielberg_RACE,speed,string_in_numeric,detection,0.0028,True
6a206d9c8973,spielberg_RACE,ecu_canbus,string_in_numeric,detection,0.003,True
0b632e1ee1ea,spielberg_RACE,brake_temp,string_in_numeric,detection,0.0028,True
20e7a31cde25,spielberg_RACE,brake_temp,duplicate_timestamp,detection,0.0048,True
76cb89c714f2,spielberg_RACE,engine_temp,string_in_numeric,detection,0.0026,True
1620de50bddc,spielberg_RACE,g_force_lateral,string_in_numeric,detection,0.0025,True
d95024fa5fc1,spielberg_RACE,rpm_new,schema_drift,detection,0.0053,True
0b8f1dcdefbf,spielberg_RACE,heart_rate_raw,schema_drift,detection,0.0054,True
1fb2911aca6a,spielberg_RACE,aero_load,string_in_numeric,detection,0.0032,True
c0766bd56bf1,spielberg_RACE,brake_temp_v2,schema_drift,detection,0.0053,True
c36318173ac1,spielberg_RACE,throttle,string_in_numeric,detection,0.0028,True
058d09eded68,spielberg_RACE,engine_temp,string_in_numeric,detection,0.0029,True
16cea4d7c44e,spielberg_RACE,throttle,duplicate_timestamp,detection,0.0048,True
509a9d7ed843,spielberg_RACE,tyre_pressure,string_in_numeric,detection,0.0027,True
f5529cdd017a,spielberg_RACE,ecu_canbus,duplicate_timestamp,detection,0.0065,True
01a1dcac21ae,spielberg_RACE,engine_temp,duplicate_timestamp,detection,0.0047,True
9f8cd96226db,spielberg_RACE,speed,string_in_numeric,detection,0.0026,True
786c87c0572b,spielberg_RACE,tyre_pressure,string_in_numeric,detection,0.0037,True
11dce72da0f5,spielberg_RACE,g_force_lateral,duplicate_timestamp,detection,0.0045,True
3d99673c20f4,spielberg_RACE,speed_alt,schema_drift,detection,0.0057,True
7ebe6dfc1a91,spielberg_RACE,tyre_pressure,string_in_numeric,detection,0.0028,True
3562fee19c81,spielberg_RACE,tyre_pressure,duplicate_timestamp,detection,0.0061,True
86ccfd2e9891,spielberg_RACE,g_force_lateral,duplicate_timestamp,detection,0.006,True
70689f9e2c79,spielberg_RACE,heart_rate,duplicate_timestamp,detection,0.0047,True
34490a06c585,spielberg_RACE,ecu_canbus_raw,schema_drift,detection,0.0085,True
139118490cd3,spielberg_RACE,rpm,string_in_numeric,detection,0.0025,True
8ee1e29e527d,silverstone_FP1,heart_rate,string_in_numeric,detection,0.0029,True
25e0e076b945,silverstone_FP1,brake_temp,duplicate_timestamp,detection,0.0043,True
b6c64db0801b,silverstone_FP1,brake_temp_canbus,schema_drift,detection,0.0054,True
b7d17b605604,silverstone_FP1,engine_temp,duplicate_timestamp,detection,0.0049,True
d01d4cb57c2b,silverstone_FP1,brake_temp_raw,schema_drift,detection,0.0054,True
07abeb937f85,silverstone_FP1,tyre_pressure_raw,schema_drift,detection,0.0057,True
d8faf9e3e207,silverstone_FP1,ecu_canbus_v2,schema_drift,detection,0.0053,True
fd3f5cfae28c,silverstone_FP1,speed_new,schema_drift,detection,0.0054,True
d5ff3d3a5d21,silverstone_FP1,g_force_lateral_raw,schema_drift,detection,0.0054,True
b3e576bba637,silverstone_FP1,g_force_lateral_canbus,schema_drift,detection,0.0055,True
2c9a144a4bd0,silverstone_FP1,engine_temp,duplicate_timestamp,detection,0.0045,True
fb3eae60e415,silverstone_FP1,tyre_pressure,duplicate_timestamp,detection,0.0041,True
8b09b36de2dd,silverstone_FP1,engine_temp,string_in_numeric,detection,0.0026,True
0793d0f7b107,silverstone_FP1,throttle_new,schema_drift,detection,0.0062,True
4440e6f33bcf,silverstone_FP1,tyre_pressure_alt,schema_drift,detection,0.005,True
e6f47094f8fb,silverstone_FP1,aero_load,string_in_numeric,detection,0.0027,True
e43688a59443,silverstone_FP1,ecu_canbus,string_in_numeric,detection,0.0031,True
c00b03eb5e57,silverstone_FP1,ecu_canbus,duplicate_timestamp,detection,0.0048,True
ad4196ae97f9,silverstone_FP1,tyre_pressure,string_in_numeric,detection,0.0027,True
7dff91031e62,silverstone_FP1,aero_load,string_in_numeric,detection,0.0028,True
a3570c832c34,silverstone_FP1,throttle_alt,schema_drift,detection,0.0056,True
13c9f6a49bc3,silverstone_FP1,engine_temp,duplicate_timestamp,detection,0.0047,True
336d13737706,silverstone_FP1,engine_temp_canbus,schema_drift,detection,0.0062,True
4e7684e2fe7d,silverstone_FP1,rpm,duplicate_timestamp,detection,0.0042,True
73c79be8e70e,silverstone_FP1,heart_rate,string_in_numeric,detection,0.0025,True
1cc618196534,silverstone_FP1,tyre_pressure_new,schema_drift,detection,0.0055,True
e1545b669013,silverstone_FP1,rpm_alt,schema_drift,detection,0.0054,True
05e35660ed4f,silverstone_FP1,ecu_canbus,string_in_numeric,detection,0.0025,True
f70e6d8b2313,silverstone_FP1,speed,string_in_numeric,detection,0.0026,True
d13f0454dc03,silverstone_FP1,heart_rate_alt,schema_drift,detection,0.0051,True
89690b9bce21,silverstone_FP1,ecu_canbus,duplicate_timestamp,detection,0.0044,True
69ab0cf147fe,silverstone_FP1,rpm,duplicate_timestamp,detection,0.0061,True
565433a1801e,silverstone_FP1,tyre_pressure,string_in_numeric,detection,0.0027,True
7670f8a2462f,silverstone_FP1,engine_temp_new,schema_drift,detection,0.0055,True
5408971a3715,silverstone_FP1,brake_temp_canbus,schema_drift,detection,0.0057,True
0ee316ca2821,silverstone_FP1,g_force_lateral,string_in_numeric,detection,0.0025,True
9dcf3c907c2f,silverstone_FP1,aero_load,duplicate_timestamp,detection,0.0062,True
80620fabfae0,silverstone_FP1,brake_temp,duplicate_timestamp,detection,0.0046,True
0b0d81a2c240,silverstone_FP1,brake_temp_v2,schema_drift,detection,0.0054,True
e7f3f1aba00a,silverstone_FP1,rpm,string_in_numeric,detection,0.0026,True
87572d5fe8fb,silverstone_FP1,tyre_pressure,duplicate_timestamp,detection,0.0049,True
dcd85af1f25f,silverstone_FP1,rpm_alt,schema_drift,detection,0.0061,True
6b0886c7955e,silverstone_FP1,aero_load_new,schema_drift,detection,0.0114,True
29de571482ea,silverstone_FP1,throttle_v2,schema_drift,detection,0.0057,True
5098645f0b9e,silverstone_FP1,throttle,string_in_numeric,detection,0.0027,True
52bff16e55e7,silverstone_FP1,aero_load_new,schema_drift,detection,0.0052,True
c90033bd10fc,silverstone_FP1,tyre_pressure,duplicate_timestamp,detection,0.0045,True
79c8cf979c9f,silverstone_FP1,aero_load,duplicate_timestamp,detection,0.0045,True
c4a564368416,silverstone_FP1,heart_rate_new,schema_drift,detection,0.0052,True
b787e749f483,silverstone_FP1,heart_rate_v2,schema_drift,detection,0.0051,True
a2e973f033a3,silverstone_FP1,heart_rate,duplicate_timestamp,detection,0.005,True
92d11cb0c585,silverstone_FP1,ecu_canbus_canbus,schema_drift,detection,0.0052,True
78f56a5785f5,silverstone_FP1,tyre_pressure_v2,schema_drift,detection,0.0048,True
9487299e5bff,silverstone_FP1,throttle_new,schema_drift,detection,0.0053,True
c506c806f451,silverstone_FP1,g_force_lateral_alt,schema_drift,detection,0.0059,True
ad5bff1a3247,silverstone_FP1,throttle_raw,schema_drift,detection,0.0049,True
5a5405050c44,silverstone_FP1,engine_temp,string_in_numeric,detection,0.0031,True
bf8843aa883d,silverstone_FP1,brake_temp_raw,schema_drift,detection,0.0047,True
9171a1b8896b,silverstone_FP1,engine_temp,string_in_numeric,detection,0.0026,True
533b0facce3c,silverstone_FP1,g_force_lateral,string_in_numeric,detection,0.0023,True
a117af0aebcd,silverstone_FP1,ecu_canbus,duplicate_timestamp,detection,0.0053,True
6dc38d1c3359,silverstone_FP1,ecu_canbus,duplicate_timestamp,detection,0.0044,True
d4f52fd3ffbe,silverstone_FP1,heart_rate_new,schema_drift,detection,0.0051,True
93d77a85e16e,silverstone_FP1,throttle,string_in_numeric,detection,0.0025,True
16b8275aa7c6,silverstone_FP1,brake_temp_canbus,schema_drift,detection,0.0055,True
9b3c03291969,silverstone_FP1,tyre_pressure,duplicate_timestamp,detection,0.005,True
c1bebc34a2d4,silverstone_FP1,rpm,string_in_numeric,detection,0.0024,True
a88e775be505,silverstone_FP1,brake_temp,string_in_numeric,detection,0.0028,True
23cb14fd82a4,silverstone_FP1,aero_load,duplicate_timestamp,detection,0.0044,True
132c8e313163,silverstone_FP1,aero_load,duplicate_timestamp,detection,0.0076,True
a8b38a080f9f,silverstone_FP1,brake_temp,string_in_numeric,detection,0.0048,True
67a4ff20d173,silverstone_FP1,heart_rate,duplicate_timestamp,detection,0.0074,True
903eb5b67b9f,silverstone_FP1,heart_rate,string_in_numeric,detection,0.005,True
3f9dc99bbd0c,silverstone_FP1,heart_rate_alt,schema_drift,detection,0.0096,True
cc3a73708405,silverstone_FP1,g_force_lateral,duplicate_timestamp,detection,0.008,True
b7041b8ed4e8,silverstone_FP1,rpm,string_in_numeric,detection,0.0049,True
d539f1f2c316,silverstone_FP1,rpm,duplicate_timestamp,detection,0.0041,True
d2e98a78d901,silverstone_FP1,engine_temp,string_in_numeric,detection,0.0048,True
6fb4cdaa29ec,silverstone_FP1,speed,duplicate_timestamp,detection,0.0109,True
97468c753146,silverstone_FP1,throttle,string_in_numeric,detection,0.0057,True
accf62fc848e,silverstone_FP1,heart_rate,duplicate_timestamp,detection,0.007,True
debf41e02e7c,silverstone_FP1,g_force_lateral_new,schema_drift,detection,0.0095,True
7abc0c890c28,silverstone_FP1,aero_load_alt,schema_drift,detection,0.0085,True
027e46985652,silverstone_FP1,ecu_canbus_canbus,schema_drift,detection,0.0055,True
d069ad970754,silverstone_FP1,speed,duplicate_timestamp,detection,0.0067,True
821dd8e46e87,silverstone_FP1,ecu_canbus_new,schema_drift,detection,0.0139,True
3942b1b2e906,silverstone_FP1,heart_rate,string_in_numeric,detection,0.004,True
3356eabc2530,silverstone_FP1,tyre_pressure,string_in_numeric,detection,0.0025,True
f3708aa266d1,silverstone_FP1,ecu_canbus,string_in_numeric,detection,0.0029,True
9cd5be447c09,silverstone_FP1,ecu_canbus,duplicate_timestamp,detection,0.0077,True
d5166ea57b08,silverstone_FP1,g_force_lateral_canbus,schema_drift,detection,0.0112,True
c47c3be296bc,silverstone_FP1,g_force_lateral,string_in_numeric,detection,0.003,True
cf97d242e34a,silverstone_FP1,brake_temp,string_in_numeric,detection,0.0049,True
2f43471cb785,silverstone_FP1,aero_load,string_in_numeric,detection,0.0041,True
80d8220cf8f2,silverstone_FP1,ecu_canbus,string_in_numeric,detection,0.0025,True
c783b35bc468,silverstone_FP1,brake_temp,duplicate_timestamp,detection,0.0044,True
4db77845b706,silverstone_FP1,speed,duplicate_timestamp,detection,0.005,True
58d19667682f,silverstone_FP1,heart_rate,duplicate_timestamp,detection,0.0078,True
11e283d28ec6,silverstone_FP1,brake_temp_v2,schema_drift,detection,0.0051,True
84dd2e631ab8,silverstone_FP1,g_force_lateral,duplicate_timestamp,detection,0.0053,True
8dc3dc0e0c4b,silverstone_FP1,ecu_canbus,string_in_numeric,detection,0.0052,True
508ea4f1a5e6,silverstone_FP1,heart_rate_canbus,schema_drift,detection,0.0053,True
f1cb82b789f4,silverstone_FP1,brake_temp,string_in_numeric,detection,0.0028,True
55bd58b33f1f,silverstone_FP1,rpm,duplicate_timestamp,detection,0.0045,True
97ebdf915ea4,silverstone_FP1,speed,duplicate_timestamp,detection,0.0051,True
62d6ed0c4c99,silverstone_FP1,throttle,duplicate_timestamp,detection,0.01,True
67c8456fb97b,silverstone_FP1,heart_rate,string_in_numeric,detection,0.005,True
c17a601b25e1,silverstone_FP1,heart_rate,duplicate_timestamp,detection,0.0047,True
769fb568b691,silverstone_FP1,rpm,string_in_numeric,detection,0.0031,True
94ba9f65b5be,silverstone_FP1,rpm_new,schema_drift,detection,0.0059,True
45307581ffdf,silverstone_FP1,rpm,string_in_numeric,detection,0.0046,True
eaa5e4032659,silverstone_FP1,ecu_canbus,string_in_numeric,detection,0.0048,True
1d37b3f61fbf,silverstone_FP1,tyre_pressure,string_in_numeric,detection,0.005,True
7988fc902893,silverstone_FP1,ecu_canbus,string_in_numeric,detection,0.003,True
73b235fd3fea,silverstone_FP1,throttle,duplicate_timestamp,detection,0.0053,True
9d3fed4b520a,silverstone_FP1,speed_new,schema_drift,detection,0.005,True
c9222506b876,silverstone_FP1,engine_temp_raw,schema_drift,detection,0.0046,True
c068238a4c00,silverstone_FP1,speed_raw,schema_drift,detection,0.009,True
d8df7ff1ce12,silverstone_FP1,aero_load,duplicate_timestamp,detection,0.0078,True
8d47053c144d,silverstone_FP1,speed,duplicate_timestamp,detection,0.0073,True
e29fea39f919,silverstone_FP1,throttle,string_in_numeric,detection,0.003,True
025f2b0370de,silverstone_FP1,tyre_pressure,string_in_numeric,detection,0.0053,True
2d955eb69b50,silverstone_FP1,brake_temp,string_in_numeric,detection,0.0046,True
365e8c2fd371,silverstone_FP1,throttle_canbus,schema_drift,detection,0.0095,True
1493ffad0492,silverstone_FP1,heart_rate_new,schema_drift,detection,0.0096,True
191dda8c86b1,silverstone_FP1,ecu_canbus,string_in_numeric,detection,0.0053,True
844ebd0c9ae2,silverstone_FP1,aero_load,string_in_numeric,detection,0.0042,True
6c9e368a4ee1,silverstone_FP1,tyre_pressure_new,schema_drift,detection,0.0054,True
5316e1f0579d,silverstone_FP1,aero_load_canbus,schema_drift,detection,0.0098,True
a50bf404f1bf,silverstone_FP1,g_force_lateral,string_in_numeric,detection,0.0027,True
67978050f589,silverstone_FP1,throttle_canbus,schema_drift,detection,0.005,True
f1f2b72f79f5,silverstone_FP1,tyre_pressure,string_in_numeric,detection,0.0034,True
550a58816b40,silverstone_FP1,throttle,string_in_numeric,detection,0.0051,True
03021f306da6,silverstone_FP1,throttle,string_in_numeric,detection,0.0027,True
963888ca43fd,silverstone_FP1,aero_load,duplicate_timestamp,detection,0.0086,True
406d4ca7050f,silverstone_FP1,g_force_lateral,duplicate_timestamp,detection,0.0049,True
02384492e724,silverstone_FP1,g_force_lateral_raw,schema_drift,detection,0.0088,True
6c4881da2a93,silverstone_FP1,rpm,duplicate_timestamp,detection,0.0078,True
e655723c8cfd,silverstone_FP1,rpm,duplicate_timestamp,detection,0.0093,True
20f6b9c69253,silverstone_FP1,speed,string_in_numeric,detection,0.0025,True
32cec222ba3c,silverstone_FP1,speed,string_in_numeric,detection,0.0029,True
7b60dc576b63,silverstone_FP1,engine_temp_v2,schema_drift,detection,0.0094,True
8beba65d89d4,silverstone_FP1,speed_new,schema_drift,detection,0.0052,True
04871183d134,silverstone_FP1,tyre_pressure,duplicate_timestamp,detection,0.0048,True
ff35e5d67d79,silverstone_FP1,throttle,string_in_numeric,detection,0.0028,True
26277cd29a4a,silverstone_FP1,ecu_canbus,duplicate_timestamp,detection,0.0046,True
e86dd5abe0be,silverstone_FP1,speed,duplicate_timestamp,detection,0.0105,True
ff750264a737,silverstone_FP1,ecu_canbus,string_in_numeric,detection,0.0036,True
af8c17116bec,silverstone_FP1,tyre_pressure_v2,schema_drift,detection,0.0054,True
b3c35c274cc1,silverstone_FP1,throttle,duplicate_timestamp,detection,0.0093,True
e837ea2e6244,silverstone_FP1,engine_temp,string_in_numeric,detection,0.0055,True
7208931c1806,silverstone_FP1,brake_temp,duplicate_timestamp,detection,0.0081,True
522fbb942740,silverstone_FP1,rpm,duplicate_timestamp,detection,0.0047,True
f14c99ab4220,silverstone_FP1,throttle,string_in_numeric,detection,0.003,True
1d97bffeb21a,silverstone_FP1,rpm,duplicate_timestamp,detection,0.0071,True
bf807b62bfc5,silverstone_FP1,rpm_alt,schema_drift,detection,0.0096,True
db82e6102552,silverstone_FP1,engine_temp,duplicate_timestamp,detection,0.0045,True
243bd38d96fe,silverstone_FP1,rpm,duplicate_timestamp,detection,0.0079,True
e1dc094d8b85,silverstone_FP1,speed,string_in_numeric,detection,0.0041,True
0912e4c86e9b,silverstone_FP1,ecu_canbus,duplicate_timestamp,detection,0.0046,True
7283d6c53dbf,silverstone_FP1,heart_rate_raw,schema_drift,detection,0.0055,True
94ad69c88128,silverstone_FP1,brake_temp,string_in_numeric,detection,0.0047,True
3e38a591881c,silverstone_FP1,tyre_pressure,string_in_numeric,detection,0.0045,True
c79e16874881,silverstone_FP1,speed_canbus,schema_drift,detection,0.0057,True
37d468e2f8c3,silverstone_FP1,heart_rate_canbus,schema_drift,detection,0.0096,True
293467c8b36e,silverstone_FP1,throttle,duplicate_timestamp,detection,0.0046,True
23ad8df072dd,silverstone_FP1,brake_temp_canbus,schema_drift,detection,0.0092,True
444c5871485e,silverstone_FP1,aero_load,duplicate_timestamp,detection,0.0085,True
7fe6efa81065,silverstone_FP1,ecu_canbus,string_in_numeric,detection,0.0029,True
8b5c3f4115fa,silverstone_FP1,rpm_canbus,schema_drift,detection,0.0055,True
0de8a6b6e3b3,silverstone_FP1,speed,duplicate_timestamp,detection,0.0048,True
0bb71152cc0c,silverstone_FP1,rpm_v2,schema_drift,detection,0.0125,True
f40daa8e7f75,silverstone_FP1,speed_v2,schema_drift,detection,0.01,True
f65c6ba3faa1,silverstone_FP1,throttle,string_in_numeric,detection,0.0052,True
c8f1a012460e,silverstone_FP1,g_force_lateral_canbus,schema_drift,detection,0.0099,True
e3d0d4023749,silverstone_FP1,rpm,duplicate_timestamp,detection,0.0083,True
df24e77e81d1,silverstone_FP1,speed,duplicate_timestamp,detection,0.0044,True
7598f97221a2,silverstone_FP1,rpm,string_in_numeric,detection,0.003,True
58506b40f378,silverstone_FP1,throttle,string_in_numeric,detection,0.0028,True
3a0fe2b95d04,silverstone_FP1,tyre_pressure_canbus,schema_drift,detection,0.0102,True
8fee7eebb8c1,silverstone_FP1,rpm_raw,schema_drift,detection,0.0089,True
5f9979ac9138,silverstone_FP1,ecu_canbus,duplicate_timestamp,detection,0.006,True
62fedb08c201,silverstone_FP1,engine_temp_canbus,schema_drift,detection,0.0051,True
4ca399fc232c,silverstone_FP1,rpm,string_in_numeric,detection,0.005,True
5971043fe2e5,silverstone_FP1,speed,duplicate_timestamp,detection,0.0068,True
4005a7ecfec9,silverstone_FP1,heart_rate_v2,schema_drift,detection,0.0059,True
df242e0339d9,silverstone_FP1,throttle,duplicate_timestamp,detection,0.008,True
b0b7b9e438af,silverstone_FP1,heart_rate,duplicate_timestamp,detection,0.0096,True
5779447fa5d9,silverstone_FP1,engine_temp_alt,schema_drift,detection,0.0047,True
b9de7d69e17c,silverstone_FP1,tyre_pressure,duplicate_timestamp,detection,0.0053,True
78c6e4937d3d,silverstone_FP1,ecu_canbus,duplicate_timestamp,detection,0.0049,True
81bb1d0491b3,silverstone_FP1,speed,string_in_numeric,detection,0.005,True
828886135a20,silverstone_FP1,brake_temp,duplicate_timestamp,detection,0.0075,True
0f181d640961,silverstone_FP1,ecu_canbus,duplicate_timestamp,detection,0.0046,True
370e36be3ef4,silverstone_FP1,throttle_v2,schema_drift,detection,0.0058,True
1ca2a15c04df,silverstone_FP1,tyre_pressure,duplicate_timestamp,detection,0.0085,True
5e64fa765142,silverstone_FP1,brake_temp,string_in_numeric,detection,0.0046,True
6c80a3960db4,silverstone_FP1,speed,duplicate_timestamp,detection,0.0075,True
ec3859552534,silverstone_FP1,g_force_lateral,string_in_numeric,detection,0.0052,True
844b242c6175,silverstone_FP1,brake_temp,duplicate_timestamp,detection,0.0044,True
dc9af06f8488,silverstone_FP1,rpm,duplicate_timestamp,detection,0.0091,True
07afcecc9634,silverstone_FP1,tyre_pressure_alt,schema_drift,detection,0.0091,True
8980a46b91af,silverstone_FP1,brake_temp,string_in_numeric,detection,0.005,True
db010d9352c4,silverstone_FP1,g_force_lateral,duplicate_timestamp,detection,0.0706,True
a1f51f35dd9d,silverstone_FP1,heart_rate_v2,schema_drift,detection,0.0085,True
7904aae584da,silverstone_FP1,g_force_lateral,string_in_numeric,detection,0.0028,True
ab7dce7106c0,silverstone_FP1,throttle_raw,schema_drift,detection,0.006,True
87b47fafba61,silverstone_FP1,brake_temp,string_in_numeric,detection,0.0029,True
b40ccc5fce67,silverstone_FP1,heart_rate,string_in_numeric,detection,0.0051,True
982de1db3cc9,silverstone_FP1,speed,duplicate_timestamp,detection,0.0056,True
cbe1e1364972,silverstone_FP1,engine_temp_raw,schema_drift,detection,0.0091,True
a14eb0df392d,silverstone_FP1,throttle,string_in_numeric,detection,0.0046,True
53b7c713632f,silverstone_FP1,rpm,duplicate_timestamp,detection,0.0051,True
791b99cef1cb,silverstone_FP1,tyre_pressure,duplicate_timestamp,detection,0.0083,True
4b9b63db2a14,silverstone_FP1,aero_load,string_in_numeric,detection,0.0026,True
69006b5fff21,silverstone_FP1,aero_load,duplicate_timestamp,detection,0.0046,True
f988830146d3,silverstone_FP2,rpm_canbus,schema_drift,detection,0.0049,True
ef7c9b2b57a2,silverstone_FP2,speed,string_in_numeric,detection,0.0051,True
26a65cd955c3,silverstone_FP2,tyre_pressure,string_in_numeric,detection,0.0027,True
4155911bad78,silverstone_FP2,tyre_pressure_raw,schema_drift,detection,0.0053,True
82b0d8c804d1,silverstone_FP2,heart_rate_new,schema_drift,detection,0.0047,True
9026871a75bb,silverstone_FP2,speed,string_in_numeric,detection,0.0047,True
67918f2700c1,silverstone_FP2,g_force_lateral_new,schema_drift,detection,0.0098,True
3326b2dc74dd,silverstone_FP2,g_force_lateral,duplicate_timestamp,detection,0.0088,True
24e63a59a097,silverstone_FP2,throttle_raw,schema_drift,detection,0.0053,True
9f351c4c1c96,silverstone_FP2,aero_load,string_in_numeric,detection,0.0039,True
e3b186bed5a7,silverstone_FP2,throttle,duplicate_timestamp,detection,0.0048,True
73ba7de5f235,silverstone_FP2,aero_load,duplicate_timestamp,detection,0.005,True
b853bbfba833,silverstone_FP2,engine_temp,string_in_numeric,detection,0.005,True
72614b3d0500,silverstone_FP2,aero_load,duplicate_timestamp,detection,0.0041,True
28cc5c04542c,silverstone_FP2,heart_rate,duplicate_timestamp,detection,0.0047,True
8320532917d7,silverstone_FP2,engine_temp,duplicate_timestamp,detection,0.0082,True
3d4f01f38681,silverstone_FP2,throttle,string_in_numeric,detection,0.0029,True
559b61368412,silverstone_FP2,aero_load,string_in_numeric,detection,0.005,True
23c0d891cb06,silverstone_FP2,rpm,duplicate_timestamp,detection,0.007,True
3b7c8f963fd1,silverstone_FP2,rpm,string_in_numeric,detection,0.0046,True
b5dd890841d9,silverstone_FP2,heart_rate_v2,schema_drift,detection,0.0096,True
73d03e227316,silverstone_FP2,brake_temp_alt,schema_drift,detection,0.0081,True
4775b75e2d2b,silverstone_FP2,throttle,duplicate_timestamp,detection,0.0077,True
955ea539ebc3,silverstone_FP2,ecu_canbus,duplicate_timestamp,detection,0.0079,True
625b23187090,silverstone_FP2,rpm,duplicate_timestamp,detection,0.0087,True
8e7e791763de,silverstone_FP2,engine_temp_alt,schema_drift,detection,0.005,True
f6dc98496eb8,silverstone_FP2,brake_temp,string_in_numeric,detection,0.0047,True
b1e0445a87ed,silverstone_FP2,tyre_pressure,string_in_numeric,detection,0.0044,True
ccf9cd93a2af,silverstone_FP2,ecu_canbus,duplicate_timestamp,detection,0.0078,True
e6efbbe12c0f,silverstone_FP2,ecu_canbus,duplicate_timestamp,detection,0.0045,True
f87fc1c7cd9b,silverstone_FP2,brake_temp,duplicate_timestamp,detection,0.005,True
a8ac249a0e0d,silverstone_FP2,aero_load,duplicate_timestamp,detection,0.0073,True
9782188cba07,silverstone_FP2,g_force_lateral,string_in_numeric,detection,0.0058,True
60a1612ee2a7,silverstone_FP2,throttle_alt,schema_drift,detection,0.0086,True
1e76787943e3,silverstone_FP2,heart_rate_new,schema_drift,detection,0.0089,True
ee49340e1e14,silverstone_FP2,heart_rate_v2,schema_drift,detection,0.0093,True
d93969437367,silverstone_FP2,brake_temp,duplicate_timestamp,detection,0.009,True
262706b90ba2,silverstone_FP2,aero_load_v2,schema_drift,detection,0.0054,True
d44d8736c695,silverstone_FP2,heart_rate,duplicate_timestamp,detection,0.0045,True
d98b6816c98a,silverstone_FP2,engine_temp,string_in_numeric,detection,0.0028,True
f7b9daaf6280,silverstone_FP2,aero_load_new,schema_drift,detection,0.0097,True
0ef5a4cb786a,silverstone_FP2,brake_temp,duplicate_timestamp,detection,0.0079,True
aafdb8d74a58,silverstone_FP2,throttle,duplicate_timestamp,detection,0.007,True
1385c2749725,silverstone_FP2,throttle,duplicate_timestamp,detection,0.0079,True
3d68979bf342,silverstone_FP2,g_force_lateral,duplicate_timestamp,detection,0.0043,True
ca22b9a38488,silverstone_FP2,engine_temp_new,schema_drift,detection,0.0049,True
0c78ddca644d,silverstone_FP2,engine_temp_v2,schema_drift,detection,0.0091,True
71f8ef1b5729,silverstone_FP2,heart_rate,duplicate_timestamp,detection,0.0083,True
f8bb60e8d7fd,silverstone_FP2,engine_temp_new,schema_drift,detection,0.0088,True
3b8f8f5038ef,silverstone_FP2,ecu_canbus,duplicate_timestamp,detection,0.0099,True
847e0f9d03a2,silverstone_FP2,aero_load_alt,schema_drift,detection,0.0108,True
d0498a383275,silverstone_FP2,ecu_canbus_v2,schema_drift,detection,0.0054,True
a12602aff9a0,silverstone_FP2,brake_temp_v2,schema_drift,detection,0.01,True
55a52fe1c053,silverstone_FP2,g_force_lateral,string_in_numeric,detection,0.005,True
032c835a27d5,silverstone_FP2,engine_temp,string_in_numeric,detection,0.0042,True
c6696d875dbe,silverstone_FP2,heart_rate_v2,schema_drift,detection,0.0097,True
895657847318,silverstone_FP2,heart_rate,string_in_numeric,detection,0.0043,True
0bda054e5dc4,silverstone_FP2,speed_new,schema_drift,detection,0.0056,True
dde5cab78f61,silverstone_FP2,g_force_lateral_alt,schema_drift,detection,0.0095,True
35ef3527290e,silverstone_FP2,tyre_pressure_raw,schema_drift,detection,0.0095,True
76ad075e56e3,silverstone_FP2,ecu_canbus,string_in_numeric,detection,0.0052,True
d1252fe1432e,silverstone_FP2,tyre_pressure_new,schema_drift,detection,0.0064,True
12fc4c20ae23,silverstone_FP2,brake_temp_canbus,schema_drift,detection,0.0059,True
42c83f85e3c0,silverstone_FP2,throttle,duplicate_timestamp,detection,0.0095,True
4b315c50e73f,silverstone_FP2,tyre_pressure,duplicate_timestamp,detection,0.0085,True
7e6cca5aadc7,silverstone_FP2,throttle,string_in_numeric,detection,0.0043,True
c40e250e9cb6,silverstone_FP2,heart_rate_v2,schema_drift,detection,0.0051,True
38c57dfdd836,silverstone_FP2,tyre_pressure,duplicate_timestamp,detection,0.0053,True
e9fb692cebbc,silverstone_FP2,heart_rate,duplicate_timestamp,detection,0.0045,True
a1a2c48b88e3,silverstone_FP2,g_force_lateral,string_in_numeric,detection,0.0048,True
5cc95b4af786,silverstone_FP2,throttle_new,schema_drift,detection,0.0056,True
63faeb6b06fc,silverstone_FP2,engine_temp,string_in_numeric,detection,0.0053,True
f76573aa5739,silverstone_FP2,tyre_pressure,duplicate_timestamp,detection,0.0046,True
e77ed452ffc0,silverstone_FP2,g_force_lateral_raw,schema_drift,detection,0.0109,True
cac029eedbaa,silverstone_FP2,ecu_canbus_raw,schema_drift,detection,0.0108,True
8c1ebf148072,silverstone_FP2,brake_temp,duplicate_timestamp,detection,0.0076,True
b27b89df5e67,silverstone_FP2,speed,duplicate_timestamp,detection,0.0061,True
3999df35234b,silverstone_FP2,tyre_pressure_new,schema_drift,detection,0.005,True
9a74a20dbbd2,silverstone_FP2,engine_temp,string_in_numeric,detection,0.0043,True
814d91f0aec2,silverstone_FP2,aero_load,string_in_numeric,detection,0.0029,True
82ecc6859c78,silverstone_FP2,ecu_canbus,duplicate_timestamp,detection,0.0056,True
31d4ac869213,silverstone_FP2,heart_rate,string_in_numeric,detection,0.003,True
74189ab6bea4,silverstone_FP2,rpm_v2,schema_drift,detection,0.0057,True
70f57eca83c9,silverstone_FP2,heart_rate_new,schema_drift,detection,0.0075,True
3e38c1946dd5,silverstone_FP2,speed_v2,schema_drift,detection,0.0046,True
a1604477a691,silverstone_FP2,heart_rate,duplicate_timestamp,detection,0.0047,True
dcb6eac3e461,silverstone_FP2,speed,duplicate_timestamp,detection,0.0052,True
e6f6a8e3c219,silverstone_FP2,tyre_pressure,string_in_numeric,detection,0.0025,True
2600558fb1f7,silverstone_FP2,brake_temp,duplicate_timestamp,detection,0.0048,True
9cf1ed5035ed,silverstone_FP2,throttle_new,schema_drift,detection,0.006,True
beda407dabbc,silverstone_FP2,brake_temp_raw,schema_drift,detection,0.0063,True
cf595ef3b5ac,silverstone_FP2,engine_temp,duplicate_timestamp,detection,0.0059,True
c0835e191869,silverstone_FP2,brake_temp,string_in_numeric,detection,0.0029,True
086555684b53,silverstone_FP2,engine_temp,duplicate_timestamp,detection,0.0061,True
41fceb18eccc,silverstone_FP2,aero_load,string_in_numeric,detection,0.0024,True
25a35601b6a5,silverstone_FP2,speed,string_in_numeric,detection,0.0027,True
46ae05a5488c,silverstone_FP2,speed_new,schema_drift,detection,0.0051,True
5f842900260d,silverstone_FP2,heart_rate,duplicate_timestamp,detection,0.0075,True
b031ae4675b8,silverstone_FP2,rpm_raw,schema_drift,detection,0.0053,True
52cb8723e944,silverstone_FP2,aero_load,string_in_numeric,detection,0.0031,True
6e39386f5018,silverstone_FP2,ecu_canbus,duplicate_timestamp,detection,0.0051,True
1bbc7742fff6,silverstone_FP2,throttle_raw,schema_drift,detection,0.0084,True
c1818e8cd46e,silverstone_FP2,tyre_pressure_canbus,schema_drift,detection,0.0087,True
24163f715e9c,silverstone_FP2,heart_rate_raw,schema_drift,detection,0.0098,True
abe04c26ce35,silverstone_FP2,engine_temp,duplicate_timestamp,detection,0.0083,True
01c7e059dbe9,silverstone_FP2,g_force_lateral,duplicate_timestamp,detection,0.0081,True
c743ad51fc91,silverstone_FP2,heart_rate,string_in_numeric,detection,0.0053,True
4fa31049b491,silverstone_FP2,brake_temp,duplicate_timestamp,detection,0.0083,True
2d8130fd50fe,silverstone_FP2,engine_temp_raw,schema_drift,detection,0.013,True
faf5d8cb4f1f,silverstone_FP2,engine_temp_raw,schema_drift,detection,0.0092,True
62d590ec637d,silverstone_FP2,speed,duplicate_timestamp,detection,0.0077,True
561689d192ef,silverstone_FP2,speed,duplicate_timestamp,detection,0.0087,True
2db5ea81d364,silverstone_FP2,tyre_pressure_alt,schema_drift,detection,0.0064,True
68c8437e950e,silverstone_FP2,throttle_raw,schema_drift,detection,0.0088,True
20c037613b54,silverstone_FP2,rpm_raw,schema_drift,detection,0.0098,True
1ee3080dfc1a,silverstone_FP2,tyre_pressure,duplicate_timestamp,detection,0.0076,True
1947849a4c38,silverstone_FP2,speed_raw,schema_drift,detection,0.0094,True
cb107dfe42a3,silverstone_FP2,ecu_canbus,string_in_numeric,detection,0.005,True
6e96c8c3cdfe,silverstone_FP2,brake_temp,duplicate_timestamp,detection,0.0078,True
dccc4cf3f7a9,silverstone_FP2,brake_temp,string_in_numeric,detection,0.0048,True
dcff0f2cb7a6,silverstone_FP2,brake_temp,string_in_numeric,detection,0.0046,True
8ff00c0fe33b,silverstone_FP2,engine_temp,duplicate_timestamp,detection,0.0086,True
9133e24c8884,silverstone_FP2,ecu_canbus,string_in_numeric,detection,0.0049,True
bf6493b8cda1,silverstone_FP2,g_force_lateral,duplicate_timestamp,detection,0.005,True
c0979282a4be,silverstone_FP2,speed_new,schema_drift,detection,0.0092,True
858cdf487988,silverstone_FP2,rpm,duplicate_timestamp,detection,0.0083,True
8575e408cf7b,silverstone_FP2,engine_temp,string_in_numeric,detection,0.0116,True
dbcdc0073750,silverstone_FP2,ecu_canbus,duplicate_timestamp,detection,0.0047,True
09702590c444,silverstone_FP2,g_force_lateral,duplicate_timestamp,detection,0.0084,True
f83f7eb2a2dc,silverstone_FP2,speed_new,schema_drift,detection,0.0114,True
29eb4ab51f7e,silverstone_FP2,rpm_alt,schema_drift,detection,0.0052,True
27b9c2ceaee1,silverstone_FP2,throttle,string_in_numeric,detection,0.0027,True
042541ef6484,silverstone_FP2,g_force_lateral,duplicate_timestamp,detection,0.0087,True
d3d03f6c7dce,silverstone_FP2,speed,duplicate_timestamp,detection,0.0076,True
ab1acd14e19e,silverstone_FP2,engine_temp,string_in_numeric,detection,0.005,True
36bd205f657b,silverstone_FP2,throttle,duplicate_timestamp,detection,0.0086,True
30c2e0cecc6b,silverstone_FP2,ecu_canbus_new,schema_drift,detection,0.0061,True
3032cda061ba,silverstone_FP2,speed,string_in_numeric,detection,0.003,True
0b11758789b4,silverstone_FP2,brake_temp,duplicate_timestamp,detection,0.0048,True
a347218e1e15,silverstone_FP2,tyre_pressure,string_in_numeric,detection,0.0049,True
28b9570debc9,silverstone_FP2,speed_alt,schema_drift,detection,0.0092,True
c7181d2ff4e0,silverstone_FP2,rpm,string_in_numeric,detection,0.0052,True
2916097f8e74,silverstone_FP2,ecu_canbus,string_in_numeric,detection,0.0026,True
6d8741d81157,silverstone_FP2,speed_canbus,schema_drift,detection,0.0099,True
1052c1bdc1d6,silverstone_FP2,aero_load,string_in_numeric,detection,0.0049,True
1b92164915b4,silverstone_FP2,tyre_pressure_alt,schema_drift,detection,0.0096,True
eac2fc39b197,silverstone_FP2,ecu_canbus_canbus,schema_drift,detection,0.0088,True
8b50ad047757,silverstone_FP2,ecu_canbus_v2,schema_drift,detection,0.009,True
3670489b5d7c,silverstone_FP2,throttle_v2,schema_drift,detection,0.0098,True
e6bb59775315,silverstone_FP2,throttle,duplicate_timestamp,detection,0.0082,True
50c5a68e9bb3,silverstone_FP2,heart_rate,string_in_numeric,detection,0.0047,True
82ecd891e962,silverstone_FP2,rpm_new,schema_drift,detection,0.0095,True
8c6257f9be71,silverstone_FP2,speed_canbus,schema_drift,detection,0.0099,True
7fe7ccffcc73,silverstone_FP2,speed,duplicate_timestamp,detection,0.0085,True
0475f3fd521b,silverstone_FP2,rpm,string_in_numeric,detection,0.0049,True
62988863e318,silverstone_FP2,speed,string_in_numeric,detection,0.0028,True
ad688c592314,silverstone_FP2,aero_load,string_in_numeric,detection,0.0027,True
fa31920de6c3,silverstone_FP2,throttle_new,schema_drift,detection,0.0097,True
8f64b519c160,silverstone_FP2,aero_load,duplicate_timestamp,detection,0.0093,True
a357078a5ffc,silverstone_FP2,rpm,duplicate_timestamp,detection,0.0084,True
c6b0c2fb5826,silverstone_FP2,engine_temp,duplicate_timestamp,detection,0.0085,True
4df5301aed0b,silverstone_FP2,rpm_raw,schema_drift,detection,0.0058,True
cc3dfeabd37e,silverstone_FP2,aero_load_new,schema_drift,detection,0.0099,True
b4772ce0cbeb,silverstone_FP2,rpm_alt,schema_drift,detection,0.0095,True
4c78c060b044,silverstone_FP2,tyre_pressure_new,schema_drift,detection,0.0058,True
80452258116a,silverstone_FP2,brake_temp_v2,schema_drift,detection,0.0101,True
891833bd9373,silverstone_FP2,aero_load,string_in_numeric,detection,0.007,True
7141a3a15b3b,silverstone_FP2,speed,string_in_numeric,detection,0.0043,True
7618e1566d43,silverstone_FP2,tyre_pressure_raw,schema_drift,detection,0.0052,True
7c81c4b46f27,silverstone_FP2,engine_temp_raw,schema_drift,detection,0.0055,True
1eeac9875139,silverstone_FP2,rpm,duplicate_timestamp,detection,0.005,True
c581fa5db0bd,silverstone_FP2,throttle_canbus,schema_drift,detection,0.016,True
57f0a31a7989,silverstone_FP2,g_force_lateral,string_in_numeric,detection,0.0126,True
52518e9cab7e,silverstone_FP2,ecu_canbus,string_in_numeric,detection,0.0054,True
41f9495418b7,silverstone_FP2,throttle,duplicate_timestamp,detection,0.0083,True
7ac2c0a2478a,silverstone_FP2,aero_load,duplicate_timestamp,detection,0.0076,True
581fc3c9dc8c,silverstone_FP2,ecu_canbus,string_in_numeric,detection,0.0052,True
0171d962e1ea,silverstone_FP2,g_force_lateral,string_in_numeric,detection,0.0046,True
4cf038614132,silverstone_FP2,ecu_canbus_new,schema_drift,detection,0.0142,True
9d7bda9519b8,silverstone_FP2,brake_temp,string_in_numeric,detection,0.0045,True
900d02e0f94a,silverstone_FP2,speed,duplicate_timestamp,detection,0.0071,True
62937940465e,silverstone_FP2,tyre_pressure,string_in_numeric,detection,0.0054,True
b65297404e5a,silverstone_FP2,engine_temp,string_in_numeric,detection,0.0049,True
00820f5a0c67,silverstone_FP2,engine_temp,string_in_numeric,detection,0.0027,True
dfc4ebd5c263,silverstone_FP2,brake_temp,string_in_numeric,detection,0.0042,True
d7a6859a9331,silverstone_FP2,engine_temp_raw,schema_drift,detection,0.0051,True
d2e6b8f85ff4,silverstone_FP2,aero_load_v2,schema_drift,detection,0.0087,True
f3d2f9f571ca,silverstone_FP2,engine_temp,string_in_numeric,detection,0.003,True
fb464af41abe,silverstone_FP2,speed,string_in_numeric,detection,0.0045,True
f08ed0d0ce87,silverstone_FP2,speed,duplicate_timestamp,detection,0.008,True
6c7ac2416e86,silverstone_FP2,throttle,duplicate_timestamp,detection,0.0086,True
1a71bddd4b90,silverstone_FP2,engine_temp_v2,schema_drift,detection,0.0122,True
c3ed2aa7548b,silverstone_FP2,ecu_canbus,duplicate_timestamp,detection,0.005,True
3904e4988a64,silverstone_FP2,engine_temp_alt,schema_drift,detection,0.0048,True
326911a49d29,silverstone_FP2,aero_load,duplicate_timestamp,detection,0.0044,True
eac50bf3606d,silverstone_FP2,aero_load,string_in_numeric,detection,0.0061,True
361c5c7ae0c0,silverstone_FP2,speed,string_in_numeric,detection,0.0048,True
fafb5457b3d1,silverstone_FP2,ecu_canbus,duplicate_timestamp,detection,0.0074,True
b846657f3602,silverstone_FP2,speed,duplicate_timestamp,detection,0.0073,True
168745e65ce7,silverstone_FP2,engine_temp_alt,schema_drift,detection,0.0049,True
807754141ec6,silverstone_FP2,brake_temp,duplicate_timestamp,detection,0.0042,True
f508d1234a51,silverstone_FP2,ecu_canbus,duplicate_timestamp,detection,0.0046,True
5ffb931f3d23,silverstone_FP2,aero_load,string_in_numeric,detection,0.0063,True
f240c3ec1c48,silverstone_FP2,engine_temp,duplicate_timestamp,detection,0.0049,True
9ca3632805e3,silverstone_FP2,heart_rate_canbus,schema_drift,detection,0.006,True
b0c7ca499d1c,silverstone_FP2,g_force_lateral,duplicate_timestamp,detection,0.0057,True
9f608cab2719,silverstone_FP2,speed,duplicate_timestamp,detection,0.0047,True
07553567b137,silverstone_FP2,heart_rate,string_in_numeric,detection,0.0049,True
2541644cee44,silverstone_FP2,aero_load,duplicate_timestamp,detection,0.0047,True
392403da4bb5,silverstone_FP2,heart_rate,string_in_numeric,detection,0.0026,True
44d8e6947f35,silverstone_FP2,brake_temp,string_in_numeric,detection,0.0025,True
0cab69af5f28,silverstone_FP2,speed,duplicate_timestamp,detection,0.0082,True
c9e00876c52e,silverstone_FP2,rpm,duplicate_timestamp,detection,0.0083,True
161281216e2b,silverstone_FP2,ecu_canbus,string_in_numeric,detection,0.0041,True
de3d93086efb,silverstone_FP2,brake_temp,duplicate_timestamp,detection,0.0076,True
aaa53438b795,silverstone_FP2,g_force_lateral,string_in_numeric,detection,0.0044,True
78341b8323b4,silverstone_FP2,heart_rate_alt,schema_drift,detection,0.01,True
32b51849677b,silverstone_FP3,speed,duplicate_timestamp,detection,0.008,True
66a5888eea19,silverstone_FP3,brake_temp,duplicate_timestamp,detection,0.0073,True
d056ebdbaebd,silverstone_FP3,brake_temp,duplicate_timestamp,detection,0.0046,True
4f26f8b0c183,silverstone_FP3,g_force_lateral,duplicate_timestamp,detection,0.0048,True
5c7345a178b9,silverstone_FP3,ecu_canbus,string_in_numeric,detection,0.0029,True
26932e61279f,silverstone_FP3,engine_temp,string_in_numeric,detection,0.0045,True
a1fd461d23da,silverstone_FP3,brake_temp,duplicate_timestamp,detection,0.0078,True
6398aa7ff2ba,silverstone_FP3,aero_load,string_in_numeric,detection,0.0046,True
4f90d443d2e4,silverstone_FP3,rpm,duplicate_timestamp,detection,0.0046,True
f41c4e7e8fee,silverstone_FP3,rpm_alt,schema_drift,detection,0.0054,True
f4edff0e2267,silverstone_FP3,aero_load,duplicate_timestamp,detection,0.0046,True
37b4742372f0,silverstone_FP3,speed_alt,schema_drift,detection,0.0095,True
23661beeb152,silverstone_FP3,ecu_canbus_v2,schema_drift,detection,0.0085,True
28e56a470993,silverstone_FP3,engine_temp,string_in_numeric,detection,0.0028,True
ba0ca8fa9ed8,silverstone_FP3,ecu_canbus_v2,schema_drift,detection,0.0055,True
460a3fdfaeb0,silverstone_FP3,aero_load,duplicate_timestamp,detection,0.0086,True
bb6b625dd8d0,silverstone_FP3,ecu_canbus,string_in_numeric,detection,0.005,True
cc8668359531,silverstone_FP3,rpm,duplicate_timestamp,detection,0.0078,True
4c2f848bb650,silverstone_FP3,throttle,duplicate_timestamp,detection,0.0083,True
53569c4dfdcd,silverstone_FP3,ecu_canbus,duplicate_timestamp,detection,0.008,True
a641431868ab,silverstone_FP3,engine_temp_alt,schema_drift,detection,0.0089,True
e576568ccae3,silverstone_FP3,engine_temp,duplicate_timestamp,detection,0.0083,True
48dd2bfb8bba,silverstone_FP3,engine_temp_alt,schema_drift,detection,0.0067,True
b24ad38c30c7,silverstone_FP3,throttle,string_in_numeric,detection,0.0026,True
6acb86725bfb,silverstone_FP3,brake_temp,duplicate_timestamp,detection,0.0079,True
05b2027199f3,silverstone_FP3,brake_temp,string_in_numeric,detection,0.0023,True
53e8a2e7587f,silverstone_FP3,rpm,string_in_numeric,detection,0.0046,True
4086ca958762,silverstone_FP3,engine_temp,string_in_numeric,detection,0.0055,True
2d20e07b32fb,silverstone_FP3,rpm_new,schema_drift,detection,0.0094,True
3f864b604a63,silverstone_FP3,tyre_pressure,string_in_numeric,detection,0.0057,True
b0c100997323,silverstone_FP3,heart_rate_new,schema_drift,detection,0.0054,True
c18922cc606c,silverstone_FP3,engine_temp,string_in_numeric,detection,0.0027,True
4d6490e6defa,silverstone_FP3,engine_temp,string_in_numeric,detection,0.0029,True
935b4612d80c,silverstone_FP3,engine_temp,string_in_numeric,detection,0.0049,True
41e5ed899453,silverstone_FP3,throttle,duplicate_timestamp,detection,0.0072,True
5a6d1b79976e,silverstone_FP3,ecu_canbus,string_in_numeric,detection,0.0044,True
d430c0e9f828,silverstone_FP3,aero_load,duplicate_timestamp,detection,0.0072,True
3e792e8abf84,silverstone_FP3,aero_load,duplicate_timestamp,detection,0.0083,True
8cece1fd1ccf,silverstone_FP3,g_force_lateral_raw,schema_drift,detection,0.0095,True
1c9b8c7c85fa,silverstone_FP3,heart_rate,string_in_numeric,detection,0.0046,True
a8e0d02b252b,silverstone_FP3,g_force_lateral,duplicate_timestamp,detection,0.0079,True
5fc04fb7931e,silverstone_FP3,speed_raw,schema_drift,detection,0.0084,True
450551024473,silverstone_FP3,throttle,duplicate_timestamp,detection,0.0073,True
3aa7af62fb2e,silverstone_FP3,speed_new,schema_drift,detection,0.0088,True
41175b86e725,silverstone_FP3,speed,string_in_numeric,detection,0.0029,True
eda6bcc74b34,silverstone_FP3,heart_rate_new,schema_drift,detection,0.0091,True
c218c76fa801,silverstone_FP3,rpm,string_in_numeric,detection,0.0045,True
c8c28295338b,silverstone_FP3,ecu_canbus,string_in_numeric,detection,0.0051,True
8b471992dd26,silverstone_FP3,brake_temp_new,schema_drift,detection,0.0058,True
4005d58b2b24,silverstone_FP3,rpm_alt,schema_drift,detection,0.0054,True
4769c4137f0e,silverstone_FP3,heart_rate,string_in_numeric,detection,0.0103,True
baca160c38a2,silverstone_FP3,aero_load,string_in_numeric,detection,0.0043,True
5b92b30fa707,silverstone_FP3,ecu_canbus,string_in_numeric,detection,0.005,True
8b9fed82b4b0,silverstone_FP3,aero_load,string_in_numeric,detection,0.0042,True
17765a21b926,silverstone_FP3,tyre_pressure_canbus,schema_drift,detection,0.0097,True
dd9fdc1c0d92,silverstone_FP3,engine_temp,string_in_numeric,detection,0.0056,True
68e6ad948fcb,silverstone_FP3,rpm,duplicate_timestamp,detection,0.0077,True
fca2b92920fe,silverstone_FP3,aero_load,duplicate_timestamp,detection,0.0074,True
b131fceca701,silverstone_FP3,g_force_lateral,string_in_numeric,detection,0.0051,True
1547705e12df,silverstone_FP3,rpm,string_in_numeric,detection,0.006,True
951860a73d79,silverstone_FP3,heart_rate_v2,schema_drift,detection,0.0091,True
93308a5a5442,silverstone_FP3,rpm,string_in_numeric,detection,0.0049,True
63bfc1259801,silverstone_FP3,ecu_canbus_v2,schema_drift,detection,0.0054,True
3d89551d517f,silverstone_FP3,brake_temp,duplicate_timestamp,detection,0.0045,True
1118f4051ffa,silverstone_FP3,rpm_raw,schema_drift,detection,0.0052,True
65fed6a21cee,silverstone_FP3,heart_rate,duplicate_timestamp,detection,0.0081,True
88b78750b481,silverstone_FP3,g_force_lateral,duplicate_timestamp,detection,0.0086,True
5caf36a118dd,silverstone_FP3,aero_load_canbus,schema_drift,detection,0.0131,True
6166dced187b,silverstone_FP3,engine_temp_v2,schema_drift,detection,0.009,True
ec666243c44f,silverstone_FP3,throttle,string_in_numeric,detection,0.0031,True
367875532848,silverstone_FP3,engine_temp_canbus,schema_drift,detection,0.0055,True
070150e0ae23,silverstone_FP3,rpm,duplicate_timestamp,detection,0.005,True
f00a98b7deb3,silverstone_FP3,tyre_pressure_canbus,schema_drift,detection,0.0056,True
8cd6b97940e0,silverstone_FP3,speed_new,schema_drift,detection,0.0055,True
3fad7b75ce00,silverstone_FP3,engine_temp_alt,schema_drift,detection,0.0188,True
b184f5a74c17,silverstone_FP3,engine_temp,duplicate_timestamp,detection,0.0083,True
42636f48e498,silverstone_FP3,ecu_canbus_v2,schema_drift,detection,0.0092,True
efc8687d5d56,silverstone_FP3,ecu_canbus,duplicate_timestamp,detection,0.0068,True
c22ddda7886f,silverstone_FP3,brake_temp,duplicate_timestamp,detection,0.0048,True
555354ecb065,silverstone_FP3,heart_rate,string_in_numeric,detection,0.0055,True
30d5c5e2d176,silverstone_FP3,aero_load_raw,schema_drift,detection,0.0142,True
538b3688e37e,silverstone_FP3,brake_temp,duplicate_timestamp,detection,0.0079,True
2bbfdc3d23ff,silverstone_FP3,ecu_canbus,duplicate_timestamp,detection,0.0083,True
020ec0a71ec2,silverstone_FP3,throttle,duplicate_timestamp,detection,0.0074,True
4f83b1616210,silverstone_FP3,aero_load,string_in_numeric,detection,0.0026,True
793d5e0c1484,silverstone_FP3,aero_load,duplicate_timestamp,detection,0.0084,True
a65b57d3f6ca,silverstone_FP3,brake_temp,duplicate_timestamp,detection,0.0083,True
77350f23563a,silverstone_FP3,speed,duplicate_timestamp,detection,0.0075,True
bf4aa16902f6,silverstone_FP3,brake_temp,string_in_numeric,detection,0.0048,True
2f882c02fac7,silverstone_FP3,heart_rate,duplicate_timestamp,detection,0.0084,True
733964573ca9,silverstone_FP3,g_force_lateral_new,schema_drift,detection,0.0052,True
d9cfb1699b1b,silverstone_FP3,engine_temp,duplicate_timestamp,detection,0.0053,True
76591efff68d,silverstone_FP3,engine_temp,string_in_numeric,detection,0.0052,True
7ce12be5ef6b,silverstone_FP3,g_force_lateral,string_in_numeric,detection,0.0049,True
d3dc2b98f396,silverstone_FP3,aero_load,string_in_numeric,detection,0.0067,True
d409909e7df3,silverstone_FP3,aero_load,duplicate_timestamp,detection,0.0086,True
5135869c6741,silverstone_FP3,brake_temp,duplicate_timestamp,detection,0.0044,True
38f2b6dd44c9,silverstone_FP3,g_force_lateral,string_in_numeric,detection,0.003,True
bfa55781f4bc,silverstone_FP3,brake_temp,duplicate_timestamp,detection,0.0086,True
94cbed5637d0,silverstone_FP3,rpm_new,schema_drift,detection,0.0096,True
ef0897b9aa64,silverstone_FP3,heart_rate,duplicate_timestamp,detection,0.0083,True
f1f63e0a7ef7,silverstone_FP3,rpm,duplicate_timestamp,detection,0.0049,True
a9091f5ed044,silverstone_FP3,g_force_lateral_alt,schema_drift,detection,0.0099,True
481cc8ea1cb0,silverstone_FP3,tyre_pressure_v2,schema_drift,detection,0.0055,True
07b7eea84d7c,silverstone_FP3,heart_rate,duplicate_timestamp,detection,0.0062,True
6e208ed26910,silverstone_FP3,aero_load,duplicate_timestamp,detection,0.0076,True
1950618f781a,silverstone_FP3,g_force_lateral,duplicate_timestamp,detection,0.0089,True
3ed1ea6f08ee,silverstone_FP3,throttle,string_in_numeric,detection,0.0025,True
6fe33b05e717,silverstone_FP3,rpm,duplicate_timestamp,detection,0.0084,True
159b9b423e00,silverstone_FP3,engine_temp,duplicate_timestamp,detection,0.0127,True
d97c2c64cc04,silverstone_FP3,throttle_canbus,schema_drift,detection,0.0176,True
f7b893f6e59a,silverstone_FP3,throttle,duplicate_timestamp,detection,0.0054,True
250eced7e1f0,silverstone_FP3,ecu_canbus,duplicate_timestamp,detection,0.0223,True
785e2ea09bdb,silverstone_FP3,ecu_canbus,string_in_numeric,detection,0.0028,True
39af6214c3e3,silverstone_FP3,rpm,duplicate_timestamp,detection,0.0077,True
990ef93cb0f7,silverstone_FP3,speed_raw,schema_drift,detection,0.0098,True
228cbe553b2d,silverstone_FP3,throttle,duplicate_timestamp,detection,0.0074,True
6fea595153e5,silverstone_FP3,rpm_raw,schema_drift,detection,0.0095,True
04ce608dc42e,silverstone_FP3,rpm,string_in_numeric,detection,0.0028,True
5129c0f0a9ab,silverstone_FP3,engine_temp_new,schema_drift,detection,0.0053,True
0d835a90f1f1,silverstone_FP3,rpm_alt,schema_drift,detection,0.0097,True
e456dbd26901,silverstone_FP3,aero_load,duplicate_timestamp,detection,0.0079,True
fb60ce5da8b6,silverstone_FP3,rpm,string_in_numeric,detection,0.0046,True
70cc2e2cab79,silverstone_FP3,g_force_lateral,string_in_numeric,detection,0.0031,True
1750ee247666,silverstone_FP3,ecu_canbus,string_in_numeric,detection,0.0047,True
02161dd99234,silverstone_FP3,brake_temp,duplicate_timestamp,detection,0.0076,True
0d317ed7abd7,silverstone_FP3,g_force_lateral,duplicate_timestamp,detection,0.0089,True
84b0d2e6f57b,silverstone_FP3,rpm,duplicate_timestamp,detection,0.0083,True
c4136a5cf969,silverstone_FP3,brake_temp_v2,schema_drift,detection,0.0053,True
6ee17b9ea0d9,silverstone_FP3,brake_temp,string_in_numeric,detection,0.005,True
03dbe40c5e62,silverstone_FP3,speed,string_in_numeric,detection,0.0046,True
bfdd75346bc6,silverstone_FP3,heart_rate,string_in_numeric,detection,0.0054,True
98a6549450fd,silverstone_FP3,heart_rate,string_in_numeric,detection,0.0056,True
0989f248ac74,silverstone_FP3,g_force_lateral_alt,schema_drift,detection,0.0103,True
4b271206dc59,silverstone_FP3,rpm,duplicate_timestamp,detection,0.0045,True
181c0c669642,silverstone_FP3,tyre_pressure_new,schema_drift,detection,0.0124,True
4ec72b6c5a2f,silverstone_FP3,aero_load,string_in_numeric,detection,0.0049,True
a2443f656eab,silverstone_FP3,aero_load,string_in_numeric,detection,0.0044,True
f89722128b70,silverstone_FP3,g_force_lateral_v2,schema_drift,detection,0.0094,True
cafcc16664f4,silverstone_FP3,g_force_lateral,duplicate_timestamp,detection,0.0076,True
59306001cbf3,silverstone_FP3,g_force_lateral,duplicate_timestamp,detection,0.0051,True
47eb82a0714c,silverstone_FP3,engine_temp,duplicate_timestamp,detection,0.0099,True
6183e732a0c3,silverstone_FP3,heart_rate_v2,schema_drift,detection,0.0088,True
788a559c720f,silverstone_FP3,engine_temp,duplicate_timestamp,detection,0.0046,True
eb1ee1766ca7,silverstone_FP3,heart_rate,duplicate_timestamp,detection,0.0079,True
8785f4026fb9,silverstone_FP3,brake_temp,string_in_numeric,detection,0.0048,True
244e81984823,silverstone_FP3,heart_rate,string_in_numeric,detection,0.0045,True
99fd855a1bfe,silverstone_FP3,throttle_v2,schema_drift,detection,0.0102,True
3b76709a4a9a,silverstone_FP3,engine_temp_new,schema_drift,detection,0.0053,True
4d5a5b510773,silverstone_FP3,rpm,string_in_numeric,detection,0.0043,True
3cbfa44c1346,silverstone_FP3,aero_load,duplicate_timestamp,detection,0.0091,True
4709c782cb14,silverstone_FP3,rpm,string_in_numeric,detection,0.0043,True
c5ade2393ef9,silverstone_FP3,speed_canbus,schema_drift,detection,0.0096,True
5cb18cf8fb36,silverstone_FP3,brake_temp_raw,schema_drift,detection,0.0106,True
c05169ea4770,silverstone_FP3,ecu_canbus,duplicate_timestamp,detection,0.0043,True
16e9a33f7d0e,silverstone_FP3,heart_rate,string_in_numeric,detection,0.0051,True
d00818987c54,silverstone_FP3,aero_load,duplicate_timestamp,detection,0.0158,True
ac34ecf9bc84,silverstone_FP3,heart_rate,string_in_numeric,detection,0.004,True
f785989d9499,silverstone_FP3,engine_temp_alt,schema_drift,detection,0.0054,True
07f6b18f5746,silverstone_FP3,g_force_lateral_new,schema_drift,detection,0.009,True
b8b59357be3c,silverstone_FP3,speed,duplicate_timestamp,detection,0.0078,True
bee3eda46a54,silverstone_FP3,tyre_pressure,duplicate_timestamp,detection,0.0074,True
ddf2dea584e3,silverstone_FP3,g_force_lateral_alt,schema_drift,detection,0.0095,True
924012eb6a25,silverstone_FP3,throttle_v2,schema_drift,detection,0.0089,True
17a4500a4db8,silverstone_FP3,engine_temp,string_in_numeric,detection,0.0031,True
edf9196b1259,silverstone_FP3,ecu_canbus,string_in_numeric,detection,0.0051,True
97306348fbcd,silverstone_FP3,engine_temp,string_in_numeric,detection,0.0103,True
a7ffe152b230,silverstone_FP3,aero_load_canbus,schema_drift,detection,0.0053,True
2e488bf05d8c,silverstone_FP3,aero_load,duplicate_timestamp,detection,0.0084,True
0afb19728a8b,silverstone_FP3,throttle_alt,schema_drift,detection,0.0084,True
c350b5086377,silverstone_FP3,rpm,duplicate_timestamp,detection,0.0045,True
68a8fc50a1b8,silverstone_FP3,brake_temp_v2,schema_drift,detection,0.0048,True
3811ee711c05,silverstone_FP3,brake_temp,duplicate_timestamp,detection,0.0084,True
e1308141a59e,silverstone_FP3,rpm,duplicate_timestamp,detection,0.0076,True
089795e309c8,silverstone_FP3,tyre_pressure_alt,schema_drift,detection,0.0102,True
8142610a6b7e,silverstone_FP3,ecu_canbus_new,schema_drift,detection,0.0105,True
bee81c9ead90,silverstone_FP3,tyre_pressure_alt,schema_drift,detection,0.0097,True
51438c4d6b71,silverstone_FP3,brake_temp,duplicate_timestamp,detection,0.005,True
5649306ff3f0,silverstone_FP3,throttle_canbus,schema_drift,detection,0.0054,True
ac2af5d91801,silverstone_FP3,engine_temp,string_in_numeric,detection,0.004,True
86db2738aca0,silverstone_FP3,brake_temp,string_in_numeric,detection,0.0044,True
a18513969ab3,silverstone_FP3,rpm_new,schema_drift,detection,0.0055,True
7900f646062d,silverstone_FP3,speed,duplicate_timestamp,detection,0.0046,True
665237394354,silverstone_FP3,rpm_new,schema_drift,detection,0.0053,True
186ca4fdd132,silverstone_FP3,throttle,string_in_numeric,detection,0.0028,True
7cdf7709e17b,silverstone_FP3,tyre_pressure,duplicate_timestamp,detection,0.0049,True
c332b92492d9,silverstone_FP3,aero_load,string_in_numeric,detection,0.0027,True
ae0dc8fb439e,silverstone_FP3,ecu_canbus_canbus,schema_drift,detection,0.0115,True
5f4e71b0d06c,silverstone_FP3,speed,string_in_numeric,detection,0.0048,True
5972feb14ed0,silverstone_FP3,g_force_lateral,string_in_numeric,detection,0.0048,True
1de79ad09881,silverstone_FP3,g_force_lateral,duplicate_timestamp,detection,0.0086,True
5c941122f53f,silverstone_FP3,g_force_lateral,duplicate_timestamp,detection,0.0119,True
151769af3c37,silverstone_FP3,g_force_lateral,string_in_numeric,detection,0.0059,True
5f3a61aa7956,silverstone_FP3,aero_load_canbus,schema_drift,detection,0.0095,True
72a89904b4f7,silverstone_FP3,rpm_canbus,schema_drift,detection,0.0096,True
6b974cf65729,silverstone_FP3,rpm_raw,schema_drift,detection,0.0091,True
9b0f8dce2df2,silverstone_FP3,rpm,duplicate_timestamp,detection,0.0083,True
f66eca36504e,silverstone_FP3,aero_load,string_in_numeric,detection,0.0027,True
805acacb5041,silverstone_FP3,aero_load,duplicate_timestamp,detection,0.0121,True
340b89217264,silverstone_FP3,g_force_lateral_v2,schema_drift,detection,0.0096,True
fdc024e07adc,silverstone_FP3,tyre_pressure_alt,schema_drift,detection,0.01,True
110f9c73c438,silverstone_FP3,heart_rate,string_in_numeric,detection,0.005,True
677972142c0a,silverstone_FP3,g_force_lateral,duplicate_timestamp,detection,0.006,True
ec7f0540cedc,silverstone_FP3,engine_temp,string_in_numeric,detection,0.0029,True
11afeffcb7e2,silverstone_FP3,heart_rate,string_in_numeric,detection,0.0026,True
c203e3fb64b4,silverstone_FP3,tyre_pressure,duplicate_timestamp,detection,0.0088,True
31fa5dc9635e,silverstone_FP3,ecu_canbus_v2,schema_drift,detection,0.0054,True
0870e0b4e2ef,silverstone_FP3,tyre_pressure,string_in_numeric,detection,0.0028,True
4162f125f801,silverstone_FP3,throttle,duplicate_timestamp,detection,0.0059,True
d811ac6d387a,silverstone_FP3,engine_temp,duplicate_timestamp,detection,0.0047,True
f617028e8fbb,silverstone_FP3,g_force_lateral,string_in_numeric,detection,0.0029,True
1ee2dfc5000e,silverstone_FP3,engine_temp,duplicate_timestamp,detection,0.0082,True
21cde9a7cd75,silverstone_FP3,aero_load,duplicate_timestamp,detection,0.0087,True
eeaf68217789,silverstone_FP3,tyre_pressure_canbus,schema_drift,detection,0.0091,True
0b01eea693c7,silverstone_FP3,rpm,string_in_numeric,detection,0.005,True
69296bbbfc0f,silverstone_FP3,engine_temp,duplicate_timestamp,detection,0.0077,True
b73158fb6b56,silverstone_FP3,throttle,duplicate_timestamp,detection,0.0048,True
e7422628a326,silverstone_FP3,ecu_canbus,duplicate_timestamp,detection,0.0049,True
f17eb5da3476,silverstone_FP3,ecu_canbus,duplicate_timestamp,detection,0.0085,True
0e15e0a3f31c,silverstone_FP3,throttle,duplicate_timestamp,detection,0.0079,True
750ecd3a8c75,silverstone_FP3,heart_rate,string_in_numeric,detection,0.005,True
d12990f1a715,silverstone_FP3,aero_load,string_in_numeric,detection,0.0115,True
aefec4376e8f,silverstone_FP3,ecu_canbus,duplicate_timestamp,detection,0.0043,True
be864130a147,silverstone_FP3,heart_rate_canbus,schema_drift,detection,0.0056,True
fd72998fbc19,silverstone_FP3,rpm,duplicate_timestamp,detection,0.0075,True
4815e61efe27,silverstone_FP3,speed,duplicate_timestamp,detection,0.0047,True
8af31734f9d9,silverstone_FP3,ecu_canbus_alt,schema_drift,detection,0.005,True
d60c479d3b8b,silverstone_FP3,engine_temp,duplicate_timestamp,detection,0.0086,True
414a12c5623d,silverstone_FP3,g_force_lateral_new,schema_drift,detection,0.0057,True
4a990b616d11,silverstone_FP3,throttle,duplicate_timestamp,detection,0.0075,True
8602c65e5f2b,silverstone_FP3,rpm_v2,schema_drift,detection,0.005,True
8eaba0985856,silverstone_FP3,tyre_pressure,duplicate_timestamp,detection,0.0058,True
dcf27def1a4e,silverstone_FP3,engine_temp,string_in_numeric,detection,0.0051,True
30b626b8cf12,silverstone_FP3,heart_rate,string_in_numeric,detection,0.0046,True
43a153510806,silverstone_FP3,speed,string_in_numeric,detection,0.0047,True
95823aeb8b21,silverstone_FP3,g_force_lateral,string_in_numeric,detection,0.0051,True
c64035ab8b74,silverstone_FP3,ecu_canbus,string_in_numeric,detection,0.0031,True
c8327516a669,silverstone_FP3,tyre_pressure,duplicate_timestamp,detection,0.0091,True
e84e7920d6b4,silverstone_FP3,rpm,duplicate_timestamp,detection,0.0082,True
932dac84d2de,silverstone_FP3,engine_temp,string_in_numeric,detection,0.0027,True
8a2d0ef405be,silverstone_FP3,rpm_alt,schema_drift,detection,0.005,True
d44b8199c87a,silverstone_FP3,throttle_raw,schema_drift,detection,0.0055,True
2de057c74b46,silverstone_FP3,aero_load_alt,schema_drift,detection,0.0145,True
d7ef44c1ff0f,silverstone_FP3,rpm,duplicate_timestamp,detection,0.0045,True
fe3fe4f9ef26,silverstone_FP3,heart_rate,duplicate_timestamp,detection,0.0084,True
22994789b15e,silverstone_FP3,brake_temp_v2,schema_drift,detection,0.0094,True
904e471a05a3,silverstone_FP3,aero_load_v2,schema_drift,detection,0.0121,True
51ebf09a7fe9,silverstone_FP3,aero_load,string_in_numeric,detection,0.0027,True
275d733b3f86,silverstone_FP3,g_force_lateral,duplicate_timestamp,detection,0.0047,True
2a361e526350,silverstone_FP3,ecu_canbus_canbus,schema_drift,detection,0.0096,True
71e3ef8299f3,silverstone_FP3,ecu_canbus_raw,schema_drift,detection,0.0092,True
b811d98d1575,silverstone_FP3,g_force_lateral,string_in_numeric,detection,0.0029,True
dbcc5f3f146c,silverstone_FP3,heart_rate_canbus,schema_drift,detection,0.0119,True
92563ec024bd,silverstone_FP3,rpm,duplicate_timestamp,detection,0.0047,True
b8fc5c1e368e,silverstone_FP3,tyre_pressure_v2,schema_drift,detection,0.0059,True
d65a29b52fe2,silverstone_FP3,brake_temp_new,schema_drift,detection,0.008,True
f792f91e8e73,silverstone_FP3,g_force_lateral,string_in_numeric,detection,0.0058,True
64d41003ecb7,silverstone_FP3,tyre_pressure,duplicate_timestamp,detection,0.0084,True
f06dbef117e5,silverstone_FP3,heart_rate,string_in_numeric,detection,0.0028,True
9d0f13a28501,silverstone_QUALI,heart_rate,duplicate_timestamp,detection,0.0048,True
614ac4611445,silverstone_QUALI,ecu_canbus,string_in_numeric,detection,0.0027,True
6d89422cac53,silverstone_QUALI,heart_rate,string_in_numeric,detection,0.0025,True
b9c69336d2fc,silverstone_QUALI,engine_temp,string_in_numeric,detection,0.006,True
d7365d17a541,silverstone_QUALI,tyre_pressure_raw,schema_drift,detection,0.0085,True
1768502a180f,silverstone_QUALI,throttle,string_in_numeric,detection,0.0033,True
db3285bd3e3f,silverstone_QUALI,speed_new,schema_drift,detection,0.0103,True
d4965a1411f8,silverstone_QUALI,brake_temp_alt,schema_drift,detection,0.0085,True
4a8aeb1c573e,silverstone_QUALI,tyre_pressure_canbus,schema_drift,detection,0.0095,True
5b85ec27abe1,silverstone_QUALI,ecu_canbus,string_in_numeric,detection,0.0056,True
567ed258ceb8,silverstone_QUALI,g_force_lateral_canbus,schema_drift,detection,0.0105,True
34b13054e92a,silverstone_QUALI,rpm,string_in_numeric,detection,0.0045,True
a6b3a0a9c8f4,silverstone_QUALI,ecu_canbus,duplicate_timestamp,detection,0.0089,True
390537533a74,silverstone_QUALI,throttle,string_in_numeric,detection,0.0047,True
221312642a7a,silverstone_QUALI,engine_temp_canbus,schema_drift,detection,0.0086,True
4d33852bb594,silverstone_QUALI,g_force_lateral,string_in_numeric,detection,0.0043,True
73b993ff4081,silverstone_QUALI,aero_load,duplicate_timestamp,detection,0.0076,True
488b7dc27153,silverstone_QUALI,ecu_canbus,string_in_numeric,detection,0.0027,True
bb31e1f2bb15,silverstone_QUALI,tyre_pressure,duplicate_timestamp,detection,0.009,True
fa17331191de,silverstone_QUALI,speed,duplicate_timestamp,detection,0.0079,True
b5d18dd9602a,silverstone_QUALI,g_force_lateral_canbus,schema_drift,detection,0.0098,True
9d414787037d,silverstone_QUALI,ecu_canbus,duplicate_timestamp,detection,0.0102,True
6373b762d944,silverstone_QUALI,throttle_raw,schema_drift,detection,0.0099,True
bef6f8a98cca,silverstone_QUALI,throttle,string_in_numeric,detection,0.0049,True
7470701e9f64,silverstone_QUALI,heart_rate_canbus,schema_drift,detection,0.0111,True
8628616e5385,silverstone_QUALI,rpm,duplicate_timestamp,detection,0.0076,True
38fe5f09a954,silverstone_QUALI,tyre_pressure,duplicate_timestamp,detection,0.0083,True
fbf0d1142eb8,silverstone_QUALI,engine_temp,string_in_numeric,detection,0.003,True
d2773b1208cb,silverstone_QUALI,aero_load,string_in_numeric,detection,0.0048,True
0fb9061cae59,silverstone_QUALI,throttle,string_in_numeric,detection,0.0049,True
3354c1734ef5,silverstone_QUALI,speed,duplicate_timestamp,detection,0.0078,True
c3d43b1c8842,silverstone_QUALI,g_force_lateral,string_in_numeric,detection,0.0041,True
1cdecff471d4,silverstone_QUALI,aero_load_raw,schema_drift,detection,0.0094,True
28ada01a4449,silverstone_QUALI,speed_new,schema_drift,detection,0.014,True
ea0383d9b30c,silverstone_QUALI,aero_load_v2,schema_drift,detection,0.0065,True
8ad7f05d4e27,silverstone_QUALI,tyre_pressure,string_in_numeric,detection,0.0031,True
39bde2e8b2ce,silverstone_QUALI,tyre_pressure,duplicate_timestamp,detection,0.0049,True
306863d72344,silverstone_QUALI,tyre_pressure,duplicate_timestamp,detection,0.0091,True
887ccfe77928,silverstone_QUALI,throttle_raw,schema_drift,detection,0.0092,True
81afaf9aec76,silverstone_QUALI,aero_load,string_in_numeric,detection,0.0047,True
309e5d33dd63,silverstone_QUALI,speed,duplicate_timestamp,detection,0.0163,True
b3898c4a5094,silverstone_QUALI,g_force_lateral_alt,schema_drift,detection,0.0054,True
d1fd5ab489b7,silverstone_QUALI,brake_temp,string_in_numeric,detection,0.0045,True
abad1000c2bb,silverstone_QUALI,engine_temp,duplicate_timestamp,detection,0.0073,True
7a80ec75ea80,silverstone_QUALI,brake_temp,duplicate_timestamp,detection,0.0065,True
3eb12be140f7,silverstone_QUALI,g_force_lateral_new,schema_drift,detection,0.0152,True
c776a812531d,silverstone_QUALI,speed_new,schema_drift,detection,0.0123,True
ab9a1fb62fc3,silverstone_QUALI,speed,string_in_numeric,detection,0.0036,True
8f92ff18cce6,silverstone_QUALI,aero_load,duplicate_timestamp,detection,0.0079,True
1cec8586a23e,silverstone_QUALI,brake_temp_canbus,schema_drift,detection,0.0054,True
892548cc2f4a,silverstone_QUALI,g_force_lateral,duplicate_timestamp,detection,0.0083,True
07fce5846844,silverstone_QUALI,g_force_lateral,string_in_numeric,detection,0.003,True
a092b9234662,silverstone_QUALI,tyre_pressure,duplicate_timestamp,detection,0.0052,True
6c1ac8234d32,silverstone_QUALI,brake_temp_v2,schema_drift,detection,0.0091,True
49d4bf28e041,silverstone_QUALI,heart_rate_v2,schema_drift,detection,0.0053,True
44d1c47254af,silverstone_QUALI,throttle,duplicate_timestamp,detection,0.0072,True
75c34ef2a179,silverstone_QUALI,aero_load_canbus,schema_drift,detection,0.0089,True
8b0cbf2c4b78,silverstone_QUALI,speed,string_in_numeric,detection,0.0049,True
c755c217a8e0,silverstone_QUALI,speed,string_in_numeric,detection,0.0042,True
eb53423e6498,silverstone_QUALI,heart_rate_alt,schema_drift,detection,0.0053,True
9614895fba04,silverstone_QUALI,g_force_lateral,string_in_numeric,detection,0.0028,True
4ae096753bf4,silverstone_QUALI,engine_temp,string_in_numeric,detection,0.0027,True
292380773606,silverstone_QUALI,aero_load,duplicate_timestamp,detection,0.0079,True
6bf827323468,silverstone_QUALI,ecu_canbus,string_in_numeric,detection,0.005,True
99a404261753,silverstone_QUALI,rpm,string_in_numeric,detection,0.0055,True
a994a7176135,silverstone_QUALI,tyre_pressure_raw,schema_drift,detection,0.0049,True
9a5f731c2be1,silverstone_QUALI,heart_rate,string_in_numeric,detection,0.0023,True
5e01168b2925,silverstone_QUALI,g_force_lateral,duplicate_timestamp,detection,0.0084,True
2a1a7ecc8480,silverstone_QUALI,aero_load,duplicate_timestamp,detection,0.0078,True
7e3c8a38620c,silverstone_QUALI,ecu_canbus_v2,schema_drift,detection,0.0096,True
36f8d282de2e,silverstone_QUALI,engine_temp,string_in_numeric,detection,0.0048,True
55fedb5a1df6,silverstone_QUALI,tyre_pressure,duplicate_timestamp,detection,0.0047,True
20a26320a952,silverstone_QUALI,aero_load_alt,schema_drift,detection,0.0056,True
283846eefc61,silverstone_QUALI,engine_temp,string_in_numeric,detection,0.0049,True
96fabdde67c4,silverstone_QUALI,throttle_v2,schema_drift,detection,0.0056,True
a39b839c420f,silverstone_QUALI,rpm_v2,schema_drift,detection,0.0103,True
1c2c4f9fb231,silverstone_QUALI,brake_temp_v2,schema_drift,detection,0.0062,True
d70a40ae7ec5,silverstone_QUALI,engine_temp,string_in_numeric,detection,0.003,True
6f0f4ff982ae,silverstone_QUALI,rpm,duplicate_timestamp,detection,0.0078,True
980449788e29,silverstone_QUALI,throttle_raw,schema_drift,detection,0.0054,True
9c95bb616ae0,silverstone_QUALI,brake_temp_raw,schema_drift,detection,0.0067,True
a442d2ba8a65,silverstone_QUALI,speed_raw,schema_drift,detection,0.01,True
0a3363406cb5,silverstone_QUALI,ecu_canbus,string_in_numeric,detection,0.0049,True
d1ecbeee5821,silverstone_QUALI,engine_temp_alt,schema_drift,detection,0.0128,True
ba677854fcdf,silverstone_QUALI,engine_temp,duplicate_timestamp,detection,0.0073,True
8c73a8e25a8d,silverstone_QUALI,throttle,string_in_numeric,detection,0.0046,True
266796ee17a6,silverstone_QUALI,g_force_lateral_v2,schema_drift,detection,0.0094,True
d60b633891ef,silverstone_QUALI,throttle_v2,schema_drift,detection,0.01,True
78337da29418,silverstone_QUALI,brake_temp,string_in_numeric,detection,0.003,True
ac814e1c215c,silverstone_QUALI,ecu_canbus_new,schema_drift,detection,0.0106,True
cec35fc0224b,silverstone_QUALI,aero_load,string_in_numeric,detection,0.0048,True
73219bfb23a3,silverstone_QUALI,rpm_new,schema_drift,detection,0.0137,True
b5ec18d34bfe,silverstone_QUALI,heart_rate_raw,schema_drift,detection,0.0096,True
81c814eed14f,silverstone_QUALI,ecu_canbus,string_in_numeric,detection,0.0045,True
b2afbe916e63,silverstone_QUALI,g_force_lateral_raw,schema_drift,detection,0.0054,True
ea7b84e4a281,silverstone_QUALI,heart_rate_v2,schema_drift,detection,0.0092,True
a55eb680261b,silverstone_QUALI,engine_temp_v2,schema_drift,detection,0.0093,True
4a1ad38128c2,silverstone_QUALI,heart_rate,duplicate_timestamp,detection,0.0079,True
a761f5ca21f3,silverstone_QUALI,speed,duplicate_timestamp,detection,0.0043,True
9ecea55dd4ea,silverstone_QUALI,throttle_raw,schema_drift,detection,0.0093,True
20a0a69dc100,silverstone_QUALI,engine_temp,duplicate_timestamp,detection,0.0051,True
738cb1682545,silverstone_QUALI,brake_temp,string_in_numeric,detection,0.0028,True
28c069223093,silverstone_QUALI,speed,duplicate_timestamp,detection,0.0081,True
dec6a94bf7c3,silverstone_QUALI,engine_temp,string_in_numeric,detection,0.003,True
8fdfff1b514a,silverstone_QUALI,tyre_pressure,duplicate_timestamp,detection,0.0093,True
849b8c694b8c,silverstone_QUALI,throttle,duplicate_timestamp,detection,0.0083,True
39050f2c6c50,silverstone_QUALI,rpm_alt,schema_drift,detection,0.0092,True
0d23ff3b80a8,silverstone_QUALI,g_force_lateral,string_in_numeric,detection,0.005,True
c1869f532e06,silverstone_QUALI,speed,string_in_numeric,detection,0.0051,True
34f5e94818bc,silverstone_QUALI,brake_temp_raw,schema_drift,detection,0.0109,True
641aaa1d18bf,silverstone_QUALI,brake_temp,string_in_numeric,detection,0.0043,True
7d0f36f64b67,silverstone_QUALI,rpm,string_in_numeric,detection,0.0054,True
956365ba4c1c,silverstone_QUALI,g_force_lateral,string_in_numeric,detection,0.0048,True
056e2c915b7f,silverstone_QUALI,throttle,string_in_numeric,detection,0.0047,True
8a8000cfbf97,silverstone_QUALI,tyre_pressure,string_in_numeric,detection,0.005,True
9440c5cb9d68,silverstone_QUALI,brake_temp,duplicate_timestamp,detection,0.0077,True
9f3260dfc088,silverstone_QUALI,heart_rate,string_in_numeric,detection,0.005,True
b82cea924ca7,silverstone_QUALI,g_force_lateral,duplicate_timestamp,detection,0.0084,True
aebee367efe0,silverstone_QUALI,aero_load_v2,schema_drift,detection,0.0057,True
e4456b8748a2,silverstone_QUALI,brake_temp,duplicate_timestamp,detection,0.0047,True
b11e495abdd5,silverstone_QUALI,rpm_raw,schema_drift,detection,0.0101,True
0b61a2ec91c5,silverstone_QUALI,g_force_lateral,duplicate_timestamp,detection,0.0087,True
9853bf729653,silverstone_QUALI,engine_temp,duplicate_timestamp,detection,0.0052,True
8fc39d6e1b02,silverstone_QUALI,speed,string_in_numeric,detection,0.0049,True
cae632432ef2,silverstone_QUALI,heart_rate,duplicate_timestamp,detection,0.0052,True
d6bcc567abe5,silverstone_QUALI,rpm_v2,schema_drift,detection,0.0073,True
5666bf96c607,silverstone_QUALI,aero_load_raw,schema_drift,detection,0.0099,True
24aece20a09e,silverstone_QUALI,speed,string_in_numeric,detection,0.0044,True
515abd30c0d9,silverstone_QUALI,speed,string_in_numeric,detection,0.0045,True
6e1f722ef45a,silverstone_QUALI,engine_temp,duplicate_timestamp,detection,0.0081,True
153668c4dd11,silverstone_QUALI,tyre_pressure_canbus,schema_drift,detection,0.0101,True
0213d628ca81,silverstone_QUALI,heart_rate,duplicate_timestamp,detection,0.008,True
a21f7b2304fd,silverstone_QUALI,brake_temp,duplicate_timestamp,detection,0.007,True
e959d52b1f03,silverstone_QUALI,g_force_lateral,duplicate_timestamp,detection,0.0053,True
2e578f26ef27,silverstone_QUALI,brake_temp,string_in_numeric,detection,0.0046,True
249c013cb5c8,silverstone_QUALI,heart_rate_v2,schema_drift,detection,0.0086,True
31c2a42912e7,silverstone_QUALI,engine_temp_raw,schema_drift,detection,0.0089,True
3f30c205673b,silverstone_QUALI,aero_load,string_in_numeric,detection,0.0049,True
aa72643ab31c,silverstone_QUALI,engine_temp,duplicate_timestamp,detection,0.0078,True
7bb044986643,silverstone_QUALI,brake_temp_canbus,schema_drift,detection,0.0103,True
2344640e9968,silverstone_QUALI,tyre_pressure_alt,schema_drift,detection,0.0101,True
f692a181226f,silverstone_QUALI,rpm,string_in_numeric,detection,0.0043,True
5cf2d99fd574,silverstone_QUALI,heart_rate_new,schema_drift,detection,0.01,True
13a0d9a83668,silverstone_QUALI,aero_load_canbus,schema_drift,detection,0.006,True
2fa8575dc89c,silverstone_QUALI,engine_temp,string_in_numeric,detection,0.0028,True
6aa9f83b4b85,silverstone_QUALI,g_force_lateral,duplicate_timestamp,detection,0.0095,True
9818ac7b08bb,silverstone_QUALI,g_force_lateral_v2,schema_drift,detection,0.0098,True
785ba794ea47,silverstone_QUALI,speed_v2,schema_drift,detection,0.0054,True
33de8656db8c,silverstone_QUALI,brake_temp,string_in_numeric,detection,0.0028,True
9679c59845f6,silverstone_QUALI,tyre_pressure,duplicate_timestamp,detection,0.0049,True
8c435c06ec8b,silverstone_QUALI,engine_temp_v2,schema_drift,detection,0.0054,True
092e414463ac,silverstone_QUALI,aero_load_v2,schema_drift,detection,0.0096,True
cbc33e4de885,silverstone_QUALI,throttle,string_in_numeric,detection,0.0043,True
4becb360e983,silverstone_QUALI,throttle,duplicate_timestamp,detection,0.0049,True
6ec79092d487,silverstone_QUALI,rpm,duplicate_timestamp,detection,0.005,True
6bff71529b58,silverstone_QUALI,brake_temp,duplicate_timestamp,detection,0.0046,True
9c558178f817,silverstone_QUALI,engine_temp,string_in_numeric,detection,0.0054,True
ee68053bc078,silverstone_QUALI,brake_temp,duplicate_timestamp,detection,0.0077,True
ac98c164a423,silverstone_QUALI,throttle,duplicate_timestamp,detection,0.0043,True
135dcb79f174,silverstone_QUALI,aero_load,duplicate_timestamp,detection,0.0095,True
8cb7274a33b3,silverstone_QUALI,rpm_canbus,schema_drift,detection,0.0055,True
39cc6682b574,silverstone_QUALI,rpm,duplicate_timestamp,detection,0.0079,True
776ca6f76155,silverstone_QUALI,g_force_lateral_alt,schema_drift,detection,0.0114,True
280c3fb5b13c,silverstone_QUALI,engine_temp_canbus,schema_drift,detection,0.0092,True
ea8fb68a6cd4,silverstone_QUALI,speed,string_in_numeric,detection,0.005,True
bbc4e25d508a,silverstone_QUALI,engine_temp,duplicate_timestamp,detection,0.0081,True
97c7dfb3a0ff,silverstone_QUALI,ecu_canbus,string_in_numeric,detection,0.0047,True
db59e6777876,silverstone_QUALI,aero_load,duplicate_timestamp,detection,0.0075,True
0dbe119806d7,silverstone_QUALI,g_force_lateral,duplicate_timestamp,detection,0.0093,True
b9591f153bc8,silverstone_QUALI,rpm,duplicate_timestamp,detection,0.009,True
a16514e8d515,silverstone_QUALI,aero_load,string_in_numeric,detection,0.0047,True
e61216cd9d8d,silverstone_QUALI,tyre_pressure_alt,schema_drift,detection,0.009,True
06f68fc8e6bc,silverstone_QUALI,g_force_lateral,string_in_numeric,detection,0.0051,True
fafa5a23883f,silverstone_QUALI,aero_load_canbus,schema_drift,detection,0.0105,True
f68b96952943,silverstone_QUALI,heart_rate,duplicate_timestamp,detection,0.0077,True
280f11d721ad,silverstone_QUALI,aero_load,duplicate_timestamp,detection,0.0084,True
3743176914c7,silverstone_QUALI,throttle_v2,schema_drift,detection,0.0103,True
8239f0a721af,silverstone_QUALI,g_force_lateral,string_in_numeric,detection,0.0048,True
53d59c414de2,silverstone_QUALI,engine_temp,string_in_numeric,detection,0.0054,True
1659f58c1d89,silverstone_QUALI,g_force_lateral,duplicate_timestamp,detection,0.0046,True
8ab5651fc64d,silverstone_QUALI,aero_load,string_in_numeric,detection,0.0051,True
2b66b5b6cc71,silverstone_QUALI,speed,duplicate_timestamp,detection,0.0083,True
e61960a2e3cc,silverstone_QUALI,speed,duplicate_timestamp,detection,0.0088,True
1d36a587d347,silverstone_QUALI,tyre_pressure_raw,schema_drift,detection,0.0051,True
26ad10a7bd94,silverstone_QUALI,engine_temp_canbus,schema_drift,detection,0.0098,True
58a21e6243c3,silverstone_QUALI,aero_load_new,schema_drift,detection,0.0057,True
e25d7681f94a,silverstone_QUALI,heart_rate_raw,schema_drift,detection,0.0093,True
e44055e99288,silverstone_QUALI,aero_load,string_in_numeric,detection,0.0053,True
834895be0160,silverstone_QUALI,throttle,string_in_numeric,detection,0.003,True
e71a93d22f5e,silverstone_QUALI,tyre_pressure_canbus,schema_drift,detection,0.0055,True
c86b175c443e,silverstone_QUALI,g_force_lateral_canbus,schema_drift,detection,0.0054,True
8ad4ac9ac9b1,silverstone_QUALI,aero_load,duplicate_timestamp,detection,0.0058,True
f1689ea54f81,silverstone_QUALI,g_force_lateral,duplicate_timestamp,detection,0.0102,True
e3d057941f0a,silverstone_QUALI,rpm,duplicate_timestamp,detection,0.0086,True
4750d911cc30,silverstone_QUALI,tyre_pressure_v2,schema_drift,detection,0.0097,True
18c8e6c380e6,silverstone_QUALI,aero_load,duplicate_timestamp,detection,0.0077,True
6f4b6d52a3bc,silverstone_QUALI,g_force_lateral,string_in_numeric,detection,0.0048,True
3930c098c4a2,silverstone_QUALI,engine_temp,string_in_numeric,detection,0.0045,True
0d1e9df7e109,silverstone_QUALI,g_force_lateral_v2,schema_drift,detection,0.0057,True
dbb254d296bd,silverstone_QUALI,ecu_canbus,duplicate_timestamp,detection,0.0047,True
67c828722a26,silverstone_QUALI,speed_alt,schema_drift,detection,0.0055,True
f074acdf2d4a,silverstone_QUALI,brake_temp,duplicate_timestamp,detection,0.0088,True
7c6bf7ef50ed,silverstone_QUALI,aero_load,string_in_numeric,detection,0.0047,True
9b90d6ed7b3b,silverstone_QUALI,engine_temp,string_in_numeric,detection,0.0048,True
53ba1b9b5453,silverstone_QUALI,heart_rate_canbus,schema_drift,detection,0.0099,True
a2c64fd40d3c,silverstone_QUALI,aero_load,duplicate_timestamp,detection,0.0041,True
4694c46b0fbf,silverstone_QUALI,engine_temp,duplicate_timestamp,detection,0.0053,True
93ccbb8807d0,silverstone_QUALI,ecu_canbus,duplicate_timestamp,detection,0.0075,True
c741afaf070d,silverstone_QUALI,speed_v2,schema_drift,detection,0.0093,True
d6eea1845ec2,silverstone_QUALI,engine_temp,duplicate_timestamp,detection,0.0078,True
db811a8dc4d4,silverstone_QUALI,aero_load_raw,schema_drift,detection,0.0055,True
a65626e5d239,silverstone_QUALI,g_force_lateral_v2,schema_drift,detection,0.0095,True
bedccb0c6451,silverstone_QUALI,brake_temp,string_in_numeric,detection,0.0045,True
7c9e9b516c57,silverstone_QUALI,ecu_canbus,duplicate_timestamp,detection,0.008,True
be2b971ff67e,silverstone_QUALI,aero_load,duplicate_timestamp,detection,0.0085,True
b87c80837ea3,silverstone_QUALI,aero_load,duplicate_timestamp,detection,0.0085,True
11594b50de8b,silverstone_QUALI,speed_v2,schema_drift,detection,0.0091,True
507fe6146a35,silverstone_QUALI,ecu_canbus,string_in_numeric,detection,0.0049,True
0a24e6aa1fd8,silverstone_QUALI,brake_temp,string_in_numeric,detection,0.0042,True
35a1fcc13e98,silverstone_QUALI,brake_temp_raw,schema_drift,detection,0.0053,True
8782d2eddc5f,silverstone_QUALI,aero_load,duplicate_timestamp,detection,0.0043,True
45150f787f14,silverstone_QUALI,throttle_raw,schema_drift,detection,0.0055,True
70b27170adc5,silverstone_QUALI,speed,duplicate_timestamp,detection,0.0054,True
44352cdb5e88,silverstone_QUALI,aero_load,duplicate_timestamp,detection,0.0054,True
5e4699b40814,silverstone_QUALI,tyre_pressure,duplicate_timestamp,detection,0.0083,True
732502702535,silverstone_QUALI,speed,duplicate_timestamp,detection,0.0095,True
178d6c1f07e2,silverstone_QUALI,rpm_alt,schema_drift,detection,0.0053,True
8db30f32341f,silverstone_QUALI,brake_temp,duplicate_timestamp,detection,0.0081,True
594b68022617,silverstone_QUALI,engine_temp_raw,schema_drift,detection,0.0056,True
2a33c1cbd161,silverstone_QUALI,engine_temp_alt,schema_drift,detection,0.0094,True
792b899a2bca,silverstone_QUALI,heart_rate,duplicate_timestamp,detection,0.0076,True
c46cb06d9b1a,silverstone_QUALI,heart_rate,duplicate_timestamp,detection,0.0048,True
1f2d96113a59,silverstone_QUALI,g_force_lateral_raw,schema_drift,detection,0.0095,True
9ecfa747e516,silverstone_QUALI,heart_rate,duplicate_timestamp,detection,0.0083,True
e539e4047e64,silverstone_QUALI,ecu_canbus,string_in_numeric,detection,0.0028,True
87f24837702a,silverstone_QUALI,throttle_canbus,schema_drift,detection,0.0099,True
d6fe118dcc6b,silverstone_QUALI,g_force_lateral,duplicate_timestamp,detection,0.0083,True
225bbb5b0e66,silverstone_QUALI,tyre_pressure,duplicate_timestamp,detection,0.0085,True
ef690ba9a8be,silverstone_QUALI,brake_temp,duplicate_timestamp,detection,0.0073,True
cfe874d44203,silverstone_QUALI,tyre_pressure,duplicate_timestamp,detection,0.0048,True
67ec4d7aabe6,silverstone_QUALI,ecu_canbus,string_in_numeric,detection,0.005,True
4192a4b61a77,silverstone_QUALI,engine_temp,duplicate_timestamp,detection,0.0049,True
bdc74de932a2,silverstone_RACE,heart_rate_alt,schema_drift,detection,0.0098,True
94716dcb11e7,silverstone_RACE,engine_temp_canbus,schema_drift,detection,0.0052,True
f4d36285ad0d,silverstone_RACE,speed_v2,schema_drift,detection,0.0098,True
ab44691e5ef7,silverstone_RACE,tyre_pressure_alt,schema_drift,detection,0.0088,True
04928181da83,silverstone_RACE,throttle,string_in_numeric,detection,0.0027,True
6effc91c42b2,silverstone_RACE,g_force_lateral,duplicate_timestamp,detection,0.0084,True
03fd6c81e34d,silverstone_RACE,speed,duplicate_timestamp,detection,0.0486,True
7932382ec1f4,silverstone_RACE,aero_load_alt,schema_drift,detection,0.0098,True
4a481607e12f,silverstone_RACE,engine_temp_v2,schema_drift,detection,0.0091,True
00b70a2aa2d9,silverstone_RACE,ecu_canbus_canbus,schema_drift,detection,0.0109,True
8cd2f70dbb09,silverstone_RACE,aero_load,duplicate_timestamp,detection,0.0049,True
3f1de752235b,silverstone_RACE,rpm_alt,schema_drift,detection,0.0052,True
ffbe0c8ae80f,silverstone_RACE,heart_rate,string_in_numeric,detection,0.0046,True
ddf726821ca1,silverstone_RACE,brake_temp_new,schema_drift,detection,0.0054,True
11f07e947df2,silverstone_RACE,throttle_v2,schema_drift,detection,0.0091,True
e07716253030,silverstone_RACE,rpm,duplicate_timestamp,detection,0.0098,True
ec4d07712675,silverstone_RACE,aero_load_raw,schema_drift,detection,0.0087,True
370b126888ef,silverstone_RACE,aero_load,duplicate_timestamp,detection,0.0081,True
784b39472818,silverstone_RACE,tyre_pressure,string_in_numeric,detection,0.0057,True
eec8555b75ca,silverstone_RACE,brake_temp,string_in_numeric,detection,0.0026,True
eaf8fcab39a3,silverstone_RACE,aero_load_v2,schema_drift,detection,0.005,True
8422ac913523,silverstone_RACE,rpm,string_in_numeric,detection,0.0025,True
a6e7afd5a107,silverstone_RACE,engine_temp,string_in_numeric,detection,0.0025,True
497c1ee21c98,silverstone_RACE,rpm,string_in_numeric,detection,0.0027,True
fc0e379b8c4c,silverstone_RACE,rpm,duplicate_timestamp,detection,0.0049,True
0fe627b1650f,silverstone_RACE,brake_temp,string_in_numeric,detection,0.0026,True
3052cd5d2744,silverstone_RACE,throttle_raw,schema_drift,detection,0.0089,True
b85035db7b9b,silverstone_RACE,heart_rate,string_in_numeric,detection,0.0027,True
8d36a4aae9a7,silverstone_RACE,tyre_pressure_raw,schema_drift,detection,0.0065,True
08ffa73cc882,silverstone_RACE,ecu_canbus,duplicate_timestamp,detection,0.0051,True
e54d8a14254f,silverstone_RACE,engine_temp,string_in_numeric,detection,0.0049,True
cb08e16fb5e8,silverstone_RACE,engine_temp,string_in_numeric,detection,0.0046,True
caa665567a42,silverstone_RACE,throttle,string_in_numeric,detection,0.0028,True
cfc26b947733,silverstone_RACE,g_force_lateral,duplicate_timestamp,detection,0.005,True
15d5bb1072b3,silverstone_RACE,speed,duplicate_timestamp,detection,0.0044,True
a604f137a2c3,silverstone_RACE,ecu_canbus,string_in_numeric,detection,0.0043,True
ce41dffe4260,silverstone_RACE,speed_new,schema_drift,detection,0.0091,True
adab3c295c48,silverstone_RACE,tyre_pressure_v2,schema_drift,detection,0.0099,True
da635e963eba,silverstone_RACE,ecu_canbus_canbus,schema_drift,detection,0.0096,True
cefcfb0e2de5,silverstone_RACE,brake_temp_alt,schema_drift,detection,0.0093,True
ce9e5e101ea6,silverstone_RACE,g_force_lateral_v2,schema_drift,detection,0.0056,True
d7b1853d4c29,silverstone_RACE,tyre_pressure,string_in_numeric,detection,0.005,True
d0aa3ce4b47e,silverstone_RACE,g_force_lateral_v2,schema_drift,detection,0.0056,True
662e1de0d9a3,silverstone_RACE,aero_load,duplicate_timestamp,detection,0.0078,True
50a9f6babd71,silverstone_RACE,heart_rate,duplicate_timestamp,detection,0.007,True
a2237209251f,silverstone_RACE,ecu_canbus,duplicate_timestamp,detection,0.0048,True
602d90262467,silverstone_RACE,rpm,duplicate_timestamp,detection,0.0079,True
e60394d20412,silverstone_RACE,tyre_pressure_canbus,schema_drift,detection,0.0101,True
431e9604b60c,silverstone_RACE,heart_rate_new,schema_drift,detection,0.0094,True
bcf4b3fcff59,silverstone_RACE,ecu_canbus,duplicate_timestamp,detection,0.0052,True
0bdadeaad40b,silverstone_RACE,throttle,duplicate_timestamp,detection,0.0073,True
769d1147ad25,silverstone_RACE,engine_temp_raw,schema_drift,detection,0.0049,True
9e7139d1c949,silverstone_RACE,throttle_canbus,schema_drift,detection,0.0097,True
6cf1e994d4cf,silverstone_RACE,speed_raw,schema_drift,detection,0.0084,True
619e263d4615,silverstone_RACE,heart_rate_v2,schema_drift,detection,0.0095,True
ff49333a27f9,silverstone_RACE,throttle,duplicate_timestamp,detection,0.0079,True
871172717e3b,silverstone_RACE,rpm_v2,schema_drift,detection,0.0056,True
36c2d55993ee,silverstone_RACE,speed,duplicate_timestamp,detection,0.0084,True
43f79e0cbf57,silverstone_RACE,aero_load_new,schema_drift,detection,0.0055,True
3639450982b8,silverstone_RACE,rpm_canbus,schema_drift,detection,0.009,True
3c5bd98fa4d2,silverstone_RACE,g_force_lateral,string_in_numeric,detection,0.0049,True
0cbefa530524,silverstone_RACE,g_force_lateral_new,schema_drift,detection,0.0089,True
21b1176204ec,silverstone_RACE,throttle,duplicate_timestamp,detection,0.0043,True
7d8166d3571a,silverstone_RACE,throttle,duplicate_timestamp,detection,0.0075,True
fafce9c3bbbf,silverstone_RACE,speed,duplicate_timestamp,detection,0.0082,True
b940081f94f0,silverstone_RACE,aero_load,string_in_numeric,detection,0.0046,True
9d99bc4519ac,silverstone_RACE,brake_temp,string_in_numeric,detection,0.0052,True
d1e90af6c48d,silverstone_RACE,throttle,duplicate_timestamp,detection,0.0085,True
6fa704ce0a00,silverstone_RACE,ecu_canbus,string_in_numeric,detection,0.0029,True
055f1c5ef1c0,silverstone_RACE,aero_load,string_in_numeric,detection,0.0043,True
f37b44369746,silverstone_RACE,engine_temp_canbus,schema_drift,detection,0.0095,True
2eeab836d808,silverstone_RACE,heart_rate,string_in_numeric,detection,0.0049,True
154d44f8a4f7,silverstone_RACE,brake_temp_new,schema_drift,detection,0.0087,True
9de074ba5ed6,silverstone_RACE,g_force_lateral,string_in_numeric,detection,0.0048,True
fa2ef8cf556c,silverstone_RACE,throttle,string_in_numeric,detection,0.0046,True
24dee7addb56,silverstone_RACE,tyre_pressure_raw,schema_drift,detection,0.0094,True
4fa461218937,silverstone_RACE,ecu_canbus,duplicate_timestamp,detection,0.0099,True
66c03e101dbe,silverstone_RACE,tyre_pressure,duplicate_timestamp,detection,0.0102,True
faea3f769a98,silverstone_RACE,tyre_pressure_canbus,schema_drift,detection,0.0057,True
303a1362a0fd,silverstone_RACE,aero_load,duplicate_timestamp,detection,0.0047,True
330fa6b00939,silverstone_RACE,g_force_lateral,duplicate_timestamp,detection,0.0052,True
13a511f39368,silverstone_RACE,throttle_alt,schema_drift,detection,0.0053,True
d96ed3468a29,silverstone_RACE,ecu_canbus,duplicate_timestamp,detection,0.0043,True
8d976dfbd35c,silverstone_RACE,rpm_raw,schema_drift,detection,0.0086,True
09c27607708b,silverstone_RACE,heart_rate,duplicate_timestamp,detection,0.005,True
2f3d277b87c6,silverstone_RACE,g_force_lateral_canbus,schema_drift,detection,0.0051,True
2fd3f8c852c4,silverstone_RACE,ecu_canbus_alt,schema_drift,detection,0.0095,True
6c6d999917c2,silverstone_RACE,speed_v2,schema_drift,detection,0.0097,True
76f9430e4a6d,silverstone_RACE,ecu_canbus,duplicate_timestamp,detection,0.0049,True
786cd2e9b7ab,silverstone_RACE,ecu_canbus,string_in_numeric,detection,0.0056,True
bfa67f63c248,silverstone_RACE,brake_temp,duplicate_timestamp,detection,0.008,True
e720543e7f3b,silverstone_RACE,speed,string_in_numeric,detection,0.0025,True
b7194b2bbadf,silverstone_RACE,g_force_lateral_v2,schema_drift,detection,0.0095,True
5255638a7240,silverstone_RACE,tyre_pressure,duplicate_timestamp,detection,0.0046,True
9adf6a109fa5,silverstone_RACE,heart_rate_new,schema_drift,detection,0.0056,True
e827d348d888,silverstone_RACE,brake_temp_v2,schema_drift,detection,0.0087,True
89a392c95bfc,silverstone_RACE,heart_rate_alt,schema_drift,detection,0.01,True
13a279cd1998,silverstone_RACE,ecu_canbus,string_in_numeric,detection,0.003,True
7276be524224,silverstone_RACE,heart_rate,duplicate_timestamp,detection,0.0092,True
b3b81b6f7677,silverstone_RACE,engine_temp,string_in_numeric,detection,0.005,True
dec85cde74d6,silverstone_RACE,heart_rate_alt,schema_drift,detection,0.009,True
4527ae85b3ee,silverstone_RACE,heart_rate,duplicate_timestamp,detection,0.0081,True
8c0928b839a0,silverstone_RACE,tyre_pressure_raw,schema_drift,detection,0.016,True
d5a692872e4b,silverstone_RACE,speed,duplicate_timestamp,detection,0.0049,True
945378eaaa6d,silverstone_RACE,rpm,string_in_numeric,detection,0.0028,True
3895db9e02eb,silverstone_RACE,ecu_canbus,duplicate_timestamp,detection,0.0048,True
b2304cc03698,silverstone_RACE,ecu_canbus,string_in_numeric,detection,0.0028,True
5ab982cb0438,silverstone_RACE,engine_temp,duplicate_timestamp,detection,0.0052,True
de0a9d1d05b0,silverstone_RACE,g_force_lateral,string_in_numeric,detection,0.0054,True
c8297891be85,silverstone_RACE,throttle,duplicate_timestamp,detection,0.0046,True
b1c11b5429e9,silverstone_RACE,heart_rate,string_in_numeric,detection,0.0046,True
87eec6dfdc8b,silverstone_RACE,rpm,string_in_numeric,detection,0.0047,True
784e05157d63,silverstone_RACE,brake_temp,string_in_numeric,detection,0.0046,True
1622e1760152,silverstone_RACE,heart_rate,duplicate_timestamp,detection,0.0088,True
fbafb099d9ef,silverstone_RACE,aero_load_v2,schema_drift,detection,0.0089,True
555501ab79f0,silverstone_RACE,brake_temp,string_in_numeric,detection,0.0042,True
a4177e192bd1,silverstone_RACE,rpm_new,schema_drift,detection,0.0094,True
5fa9418b6ab8,silverstone_RACE,throttle,duplicate_timestamp,detection,0.0049,True
95750cd37def,silverstone_RACE,heart_rate_alt,schema_drift,detection,0.01,True
f9bc7b90df92,silverstone_RACE,heart_rate_v2,schema_drift,detection,0.0052,True
c43ef202b704,silverstone_RACE,ecu_canbus_new,schema_drift,detection,0.0065,True
3cebb0055fd7,silverstone_RACE,throttle,string_in_numeric,detection,0.0049,True
8823ff057db6,silverstone_RACE,brake_temp,duplicate_timestamp,detection,0.0047,True
7914072466c6,silverstone_RACE,speed_new,schema_drift,detection,0.0097,True
98d8a5d62f55,silverstone_RACE,speed,duplicate_timestamp,detection,0.0157,True
c5cd658f3188,silverstone_RACE,heart_rate_new,schema_drift,detection,0.0096,True
aec22ab481ea,silverstone_RACE,engine_temp,string_in_numeric,detection,0.003,True
ca16cb718cf0,silverstone_RACE,tyre_pressure,duplicate_timestamp,detection,0.0079,True
ed7758b5c96f,silverstone_RACE,brake_temp,duplicate_timestamp,detection,0.0086,True
9021c379b86b,silverstone_RACE,brake_temp,string_in_numeric,detection,0.0048,True
eb96a9d22ca0,silverstone_RACE,aero_load,string_in_numeric,detection,0.0043,True
d0747b4f93ab,silverstone_RACE,ecu_canbus,duplicate_timestamp,detection,0.0084,True
55a33e388d78,silverstone_RACE,aero_load,string_in_numeric,detection,0.005,True
feef47524b69,silverstone_RACE,g_force_lateral,string_in_numeric,detection,0.0044,True
dab2564b1b50,silverstone_RACE,rpm,duplicate_timestamp,detection,0.007,True
f7e9d3d7f6e7,silverstone_RACE,aero_load,duplicate_timestamp,detection,0.0077,True
4f368ade963b,silverstone_RACE,heart_rate,string_in_numeric,detection,0.0048,True
27e7293e28cf,silverstone_RACE,brake_temp,duplicate_timestamp,detection,0.0083,True
eca170e7db00,silverstone_RACE,g_force_lateral,string_in_numeric,detection,0.005,True
ee1a036b7963,silverstone_RACE,brake_temp,string_in_numeric,detection,0.0049,True
7ca40101a6d6,silverstone_RACE,speed,duplicate_timestamp,detection,0.0046,True
3d183aab06e2,silverstone_RACE,engine_temp,string_in_numeric,detection,0.003,True
572300e5a08f,silverstone_RACE,tyre_pressure_alt,schema_drift,detection,0.01,True
94218ae6390b,silverstone_RACE,ecu_canbus_v2,schema_drift,detection,0.0093,True
fa46fe4b6e95,silverstone_RACE,heart_rate,string_in_numeric,detection,0.0049,True
77ed55e5d131,silverstone_RACE,engine_temp,duplicate_timestamp,detection,0.0068,True
87bb27b259c5,silverstone_RACE,heart_rate_raw,schema_drift,detection,0.0087,True
3400a965c099,silverstone_RACE,rpm,string_in_numeric,detection,0.003,True
29d6b4475b60,silverstone_RACE,throttle,string_in_numeric,detection,0.0093,True
551e381755d9,silverstone_RACE,brake_temp_alt,schema_drift,detection,0.0093,True
dd80cdccc324,silverstone_RACE,heart_rate_new,schema_drift,detection,0.0099,True
6a8e75af5c14,silverstone_RACE,heart_rate_alt,schema_drift,detection,0.0086,True
8bcb16075bb9,silverstone_RACE,tyre_pressure_canbus,schema_drift,detection,0.0112,True
62d860df42dd,silverstone_RACE,ecu_canbus,string_in_numeric,detection,0.0068,True
10b194f0c528,silverstone_RACE,heart_rate,duplicate_timestamp,detection,0.0042,True
9244296ac171,silverstone_RACE,g_force_lateral,duplicate_timestamp,detection,0.0043,True
89e769b590c9,silverstone_RACE,rpm,duplicate_timestamp,detection,0.0085,True
381608b070e3,silverstone_RACE,g_force_lateral,duplicate_timestamp,detection,0.009,True
86cd5094d728,silverstone_RACE,engine_temp,string_in_numeric,detection,0.0027,True
2eef98ab0389,silverstone_RACE,engine_temp_alt,schema_drift,detection,0.0085,True
b48ea9ec9346,silverstone_RACE,heart_rate,string_in_numeric,detection,0.0068,True
a21de627c774,silverstone_RACE,tyre_pressure_v2,schema_drift,detection,0.0068,True
60b39f335ed6,silverstone_RACE,ecu_canbus_alt,schema_drift,detection,0.0051,True
43f35dd0d0b4,silverstone_RACE,heart_rate,string_in_numeric,detection,0.0026,True
7d9599811ece,silverstone_RACE,ecu_canbus,string_in_numeric,detection,0.0046,True
e899e226c0e2,silverstone_RACE,aero_load_new,schema_drift,detection,0.0093,True
f17c2be6c159,silverstone_RACE,rpm_raw,schema_drift,detection,0.005,True
b85416e0c7e3,silverstone_RACE,throttle,duplicate_timestamp,detection,0.0045,True
5340e0529b4d,silverstone_RACE,aero_load_raw,schema_drift,detection,0.0097,True
4895af232ee5,silverstone_RACE,throttle,duplicate_timestamp,detection,0.0081,True
747921a1c9d6,silverstone_RACE,brake_temp,string_in_numeric,detection,0.0053,True
aa8462bf4960,silverstone_RACE,tyre_pressure,string_in_numeric,detection,0.0026,True
167d07b0893e,silverstone_RACE,brake_temp,duplicate_timestamp,detection,0.0072,True
5460469306e8,silverstone_RACE,engine_temp_v2,schema_drift,detection,0.0097,True
61f715e1a9a7,silverstone_RACE,rpm,string_in_numeric,detection,0.0047,True
9f7113d0c4ee,silverstone_RACE,heart_rate_v2,schema_drift,detection,0.0162,True
e2e0c3e54ca9,silverstone_RACE,brake_temp_alt,schema_drift,detection,0.0092,True
408aa0fb82b6,silverstone_RACE,tyre_pressure_v2,schema_drift,detection,0.0064,True
f548b50f3610,silverstone_RACE,aero_load,string_in_numeric,detection,0.0028,True
1d76890d5d47,silverstone_RACE,brake_temp,duplicate_timestamp,detection,0.0088,True
0e6f18ded831,silverstone_RACE,engine_temp_raw,schema_drift,detection,0.0054,True
cdd5ab36b022,silverstone_RACE,speed,string_in_numeric,detection,0.0051,True
6985f5175c35,silverstone_RACE,heart_rate_alt,schema_drift,detection,0.0093,True
8494d39b5824,silverstone_RACE,g_force_lateral,duplicate_timestamp,detection,0.0074,True
d1b3aacb5df4,silverstone_RACE,rpm_canbus,schema_drift,detection,0.0049,True
5ba783f318d9,silverstone_RACE,throttle_raw,schema_drift,detection,0.0091,True
77451e321c22,silverstone_RACE,rpm,string_in_numeric,detection,0.0026,True
8dd72cfd4163,silverstone_RACE,throttle_v2,schema_drift,detection,0.0058,True
870c2a2eb178,silverstone_RACE,speed,string_in_numeric,detection,0.0069,True
1c19068c9de3,silverstone_RACE,brake_temp,string_in_numeric,detection,0.0043,True
83ec7c971161,silverstone_RACE,speed,string_in_numeric,detection,0.005,True
67c9a3c8aa65,silverstone_RACE,throttle,string_in_numeric,detection,0.0042,True
e8911493422e,silverstone_RACE,engine_temp,duplicate_timestamp,detection,0.0049,True
d778eb92ee7d,silverstone_RACE,tyre_pressure_alt,schema_drift,detection,0.0091,True
ab27c3877a89,silverstone_RACE,aero_load_v2,schema_drift,detection,0.0054,True
b59c08969e4b,silverstone_RACE,aero_load,duplicate_timestamp,detection,0.0086,True
2174bb73f26b,silverstone_RACE,g_force_lateral_alt,schema_drift,detection,0.01,True
4066bee0ac2a,silverstone_RACE,heart_rate,duplicate_timestamp,detection,0.055,True
22696da795d4,silverstone_RACE,brake_temp,string_in_numeric,detection,0.0062,True
f6d9fddbaf6f,silverstone_RACE,ecu_canbus,string_in_numeric,detection,0.0045,True
c6442c1216ba,silverstone_RACE,g_force_lateral,duplicate_timestamp,detection,0.0052,True
53d58d5317dc,silverstone_RACE,throttle,duplicate_timestamp,detection,0.0088,True
b354044b280f,silverstone_RACE,rpm,duplicate_timestamp,detection,0.0047,True
75467c85fba8,silverstone_RACE,g_force_lateral,duplicate_timestamp,detection,0.0087,True
df7bd8166e1f,silverstone_RACE,brake_temp,duplicate_timestamp,detection,0.0082,True
9ea2f0b9a419,silverstone_RACE,ecu_canbus,string_in_numeric,detection,0.0038,True
b036262072b3,silverstone_RACE,heart_rate,string_in_numeric,detection,0.0046,True
a882f7a6e577,silverstone_RACE,heart_rate_canbus,schema_drift,detection,0.0106,True
36884c8008b9,silverstone_RACE,speed_raw,schema_drift,detection,0.0102,True
4cba42b76892,silverstone_RACE,heart_rate_v2,schema_drift,detection,0.0091,True
1a1557dbc00e,silverstone_RACE,brake_temp_new,schema_drift,detection,0.0096,True
ceb119e96e2d,silverstone_RACE,engine_temp,duplicate_timestamp,detection,0.0045,True
b9945eba76ef,silverstone_RACE,throttle,duplicate_timestamp,detection,0.0049,True
e257b922b1f4,silverstone_RACE,tyre_pressure,duplicate_timestamp,detection,0.008,True
14549f74ff94,silverstone_RACE,rpm_new,schema_drift,detection,0.0097,True
f7da1b078aeb,silverstone_RACE,rpm,duplicate_timestamp,detection,0.0073,True
2f5c30617d67,silverstone_RACE,brake_temp,duplicate_timestamp,detection,0.0073,True
8cce12e172c9,silverstone_RACE,aero_load,string_in_numeric,detection,0.0039,True
ac4fe252c57b,silverstone_RACE,rpm,duplicate_timestamp,detection,0.0074,True
ba8981cf5385,silverstone_RACE,speed,duplicate_timestamp,detection,0.008,True
a8d5e6d708cf,silverstone_RACE,brake_temp,duplicate_timestamp,detection,0.0053,True
7228a29280ee,silverstone_RACE,ecu_canbus_alt,schema_drift,detection,0.0056,True
5c0789c6d5c8,silverstone_RACE,rpm,duplicate_timestamp,detection,0.0049,True
d2c91ab3c415,silverstone_RACE,rpm,string_in_numeric,detection,0.0051,True
ff262c176be0,silverstone_RACE,g_force_lateral,string_in_numeric,detection,0.0049,True
5828c28597ca,silverstone_RACE,rpm,string_in_numeric,detection,0.0041,True
16b41a20c3a9,silverstone_RACE,g_force_lateral,duplicate_timestamp,detection,0.0078,True
6060a874f0a3,budapest_FP1,heart_rate,string_in_numeric,detection,0.0048,True
5a9e921e9070,budapest_FP1,g_force_lateral,duplicate_timestamp,detection,0.0085,True
c56e5d13c3da,budapest_FP1,ecu_canbus,duplicate_timestamp,detection,0.0179,True
31ffcc1b4e3e,budapest_FP1,aero_load,duplicate_timestamp,detection,0.0084,True
015e335dbc6d,budapest_FP1,throttle,duplicate_timestamp,detection,0.0079,True
590384fa7374,budapest_FP1,engine_temp,string_in_numeric,detection,0.0049,True
da36c8b252d3,budapest_FP1,aero_load,duplicate_timestamp,detection,0.0075,True
74ae1643d002,budapest_FP1,g_force_lateral,string_in_numeric,detection,0.005,True
3451d855bceb,budapest_FP1,speed,duplicate_timestamp,detection,0.0078,True
ff5eb3b5ec46,budapest_FP1,speed_new,schema_drift,detection,0.0048,True
3fa3f7f8a2ea,budapest_FP1,rpm,duplicate_timestamp,detection,0.0086,True
6a53b32e16fd,budapest_FP1,tyre_pressure,string_in_numeric,detection,0.0074,True
3c63b3a01f2f,budapest_FP1,engine_temp,duplicate_timestamp,detection,0.0104,True
130e3d03ca24,budapest_FP1,rpm,string_in_numeric,detection,0.0046,True
d53e6d8a70c3,budapest_FP1,throttle,string_in_numeric,detection,0.0049,True
5b010b1e4261,budapest_FP1,aero_load,duplicate_timestamp,detection,0.0068,True
dca65a91becb,budapest_FP1,heart_rate,string_in_numeric,detection,0.0027,True
07dec40960d0,budapest_FP1,g_force_lateral,duplicate_timestamp,detection,0.0048,True
d437286f344c,budapest_FP1,aero_load,duplicate_timestamp,detection,0.0048,True
f231c6b8bb6b,budapest_FP1,engine_temp_new,schema_drift,detection,0.0054,True
46c845bba499,budapest_FP1,speed,duplicate_timestamp,detection,0.005,True
98125b480a8c,budapest_FP1,ecu_canbus_canbus,schema_drift,detection,0.0056,True
70f27bbe9488,budapest_FP1,ecu_canbus_v2,schema_drift,detection,0.0047,True
740f17c93107,budapest_FP1,speed_alt,schema_drift,detection,0.0071,True
8d5022b11d83,budapest_FP1,ecu_canbus,duplicate_timestamp,detection,0.005,True
8ab74baec4ad,budapest_FP1,tyre_pressure,string_in_numeric,detection,0.0039,True
c954153a1df6,budapest_FP1,g_force_lateral,duplicate_timestamp,detection,0.0045,True
68fd4a0df72c,budapest_FP1,engine_temp_canbus,schema_drift,detection,0.005,True
cca3278923a8,budapest_FP1,throttle_alt,schema_drift,detection,0.0056,True
2e274287c775,budapest_FP1,aero_load_canbus,schema_drift,detection,0.006,True
2060923ac39a,budapest_FP1,g_force_lateral,duplicate_timestamp,detection,0.0068,True
67cd9bcd224d,budapest_FP1,rpm,duplicate_timestamp,detection,0.0059,True
a366eb7f157b,budapest_FP1,engine_temp_new,schema_drift,detection,0.0056,True
eed1d2b08fc3,budapest_FP1,speed_canbus,schema_drift,detection,0.0053,True
8463a78473ed,budapest_FP1,speed,string_in_numeric,detection,0.0028,True
3a511c43e561,budapest_FP1,throttle,string_in_numeric,detection,0.0025,True
4e35f7c61282,budapest_FP1,tyre_pressure,string_in_numeric,detection,0.0067,True
03dc9f00bb58,budapest_FP1,g_force_lateral,string_in_numeric,detection,0.0031,True
56e18fa53b75,budapest_FP1,ecu_canbus,string_in_numeric,detection,0.0028,True
3a2960c08cab,budapest_FP1,rpm,string_in_numeric,detection,0.0023,True
52975ef4f631,budapest_FP1,throttle_canbus,schema_drift,detection,0.0057,True
4953f82eac00,budapest_FP1,ecu_canbus_v2,schema_drift,detection,0.0055,True
806e8bb291c9,budapest_FP1,throttle,duplicate_timestamp,detection,0.0049,True
fd60da40ca44,budapest_FP1,throttle,string_in_numeric,detection,0.0025,True
cfddcb0a999d,budapest_FP1,throttle_alt,schema_drift,detection,0.0057,True
df4497ab9c45,budapest_FP1,heart_rate,string_in_numeric,detection,0.0031,True
6b8b342981c2,budapest_FP1,engine_temp_canbus,schema_drift,detection,0.0062,True
5a9bd6776456,budapest_FP1,rpm,duplicate_timestamp,detection,0.0041,True
85038b49badb,budapest_FP1,engine_temp,string_in_numeric,detection,0.0029,True
40fd2ea08e53,budapest_FP1,throttle,string_in_numeric,detection,0.0029,True
9078e8bd784d,budapest_FP1,rpm,string_in_numeric,detection,0.0024,True
b368b50b1ff9,budapest_FP1,throttle_new,schema_drift,detection,0.0054,True
c2d33272aa55,budapest_FP1,rpm_new,schema_drift,detection,0.0042,True
74b95e77b539,budapest_FP1,ecu_canbus,string_in_numeric,detection,0.0026,True
63c1b1f647cb,budapest_FP1,heart_rate,string_in_numeric,detection,0.0027,True
85309a615dd3,budapest_FP1,brake_temp,string_in_numeric,detection,0.003,True
b6009899a8ca,budapest_FP1,rpm,string_in_numeric,detection,0.0031,True
2381c43d7cba,budapest_FP1,engine_temp,duplicate_timestamp,detection,0.005,True
be64b7925155,budapest_FP1,g_force_lateral,duplicate_timestamp,detection,0.0047,True
eb0cd6407547,budapest_FP1,g_force_lateral,string_in_numeric,detection,0.0028,True
b5970f3b47b0,budapest_FP1,brake_temp,duplicate_timestamp,detection,0.0048,True
df4e82a72074,budapest_FP1,heart_rate_raw,schema_drift,detection,0.006,True
fc46992a67e2,budapest_FP1,speed_raw,schema_drift,detection,0.0054,True
52fb16ffa804,budapest_FP1,ecu_canbus,duplicate_timestamp,detection,0.0047,True
dc74eab6019f,budapest_FP1,rpm_new,schema_drift,detection,0.0052,True
b6c6dd1b45c2,budapest_FP1,heart_rate_canbus,schema_drift,detection,0.0056,True
2d18f2a6547c,budapest_FP1,speed,string_in_numeric,detection,0.003,True
31f13b6fbf93,budapest_FP1,heart_rate,string_in_numeric,detection,0.0028,True
30170d5acd7b,budapest_FP1,tyre_pressure,duplicate_timestamp,detection,0.0051,True
eae1a34f565c,budapest_FP1,tyre_pressure,string_in_numeric,detection,0.0029,True
fd04b4793f4a,budapest_FP1,speed,string_in_numeric,detection,0.0028,True
44525d269648,budapest_FP1,rpm,string_in_numeric,detection,0.0029,True
c33c3155d87b,budapest_FP1,g_force_lateral,duplicate_timestamp,detection,0.0051,True
755b1f472847,budapest_FP1,ecu_canbus_new,schema_drift,detection,0.0056,True
bbe62d25902e,budapest_FP1,brake_temp_v2,schema_drift,detection,0.0053,True
7533be2fdb78,budapest_FP1,g_force_lateral,string_in_numeric,detection,0.0029,True
f2fcbcd84231,budapest_FP1,g_force_lateral,duplicate_timestamp,detection,0.0045,True
6bf8736569ee,budapest_FP1,g_force_lateral_canbus,schema_drift,detection,0.0055,True
9ea5052077f4,budapest_FP1,speed,string_in_numeric,detection,0.0024,True
b56f0f0a55b2,budapest_FP1,tyre_pressure_v2,schema_drift,detection,0.0057,True
3330fbd0d63c,budapest_FP1,speed,duplicate_timestamp,detection,0.0043,True
f3471355c62a,budapest_FP1,rpm,string_in_numeric,detection,0.0026,True
ca04ac002d4c,budapest_FP1,g_force_lateral_alt,schema_drift,detection,0.0052,True
3d7ee2f009a1,budapest_FP1,rpm,duplicate_timestamp,detection,0.0047,True
bc500f26a71b,budapest_FP1,ecu_canbus,string_in_numeric,detection,0.0029,True
9f89ded9946a,budapest_FP1,tyre_pressure_v2,schema_drift,detection,0.0075,True
010fe482c1d7,budapest_FP1,heart_rate_alt,schema_drift,detection,0.006,True
e47e04e921ae,budapest_FP1,aero_load,duplicate_timestamp,detection,0.0046,True
17d1cfe86b16,budapest_FP1,speed,duplicate_timestamp,detection,0.0045,True
af1be9d3a578,budapest_FP1,engine_temp,duplicate_timestamp,detection,0.0046,True
2a45b93de42a,budapest_FP1,ecu_canbus_alt,schema_drift,detection,0.0056,True
ce5d1da9bfe8,budapest_FP1,engine_temp_raw,schema_drift,detection,0.0051,True
5fc23b688d11,budapest_FP1,throttle,string_in_numeric,detection,0.0027,True
e06bbe54c9cf,budapest_FP1,speed,string_in_numeric,detection,0.0027,True
a890ef2e987c,budapest_FP1,engine_temp,duplicate_timestamp,detection,0.0053,True
299fb1d05f97,budapest_FP1,g_force_lateral,duplicate_timestamp,detection,0.0064,True
25f9445991e3,budapest_FP1,aero_load_alt,schema_drift,detection,0.0051,True
c131c0239f30,budapest_FP1,brake_temp_new,schema_drift,detection,0.0055,True
ee14ddb2857e,budapest_FP1,aero_load,string_in_numeric,detection,0.0026,True
caff4c153296,budapest_FP1,throttle,string_in_numeric,detection,0.0027,True
68e776398edb,budapest_FP1,rpm,duplicate_timestamp,detection,0.0045,True
624e23254e66,budapest_FP1,heart_rate,duplicate_timestamp,detection,0.0046,True
4af1b00e01b7,budapest_FP1,brake_temp,string_in_numeric,detection,0.0046,True
fefa7377ce8f,budapest_FP1,tyre_pressure_raw,schema_drift,detection,0.0094,True
2fb4a939b1eb,budapest_FP1,rpm,duplicate_timestamp,detection,0.0045,True
421142d0cf29,budapest_FP1,aero_load,string_in_numeric,detection,0.0096,True
72988c4cca47,budapest_FP1,heart_rate_new,schema_drift,detection,0.0098,True
01780cac6a64,budapest_FP1,throttle,string_in_numeric,detection,0.0048,True
129ea7d4222c,budapest_FP1,g_force_lateral_canbus,schema_drift,detection,0.0094,True
7b5f697e6bb3,budapest_FP1,speed,duplicate_timestamp,detection,0.0086,True
ced7bf07468e,budapest_FP1,engine_temp_canbus,schema_drift,detection,0.01,True
06b6370db4ca,budapest_FP1,heart_rate,duplicate_timestamp,detection,0.0086,True
998e929c0e04,budapest_FP1,brake_temp,duplicate_timestamp,detection,0.0073,True
6c981fcc1bca,budapest_FP1,ecu_canbus_new,schema_drift,detection,0.0093,True
8c16e3ac27b2,budapest_FP1,tyre_pressure,string_in_numeric,detection,0.0058,True
0ce133187662,budapest_FP1,heart_rate_v2,schema_drift,detection,0.0091,True
85b2e52489b5,budapest_FP1,rpm_alt,schema_drift,detection,0.0055,True
fb895eac0482,budapest_FP1,brake_temp,duplicate_timestamp,detection,0.0077,True
30589be8292a,budapest_FP1,ecu_canbus_alt,schema_drift,detection,0.0051,True
ebf1f4247aa2,budapest_FP1,engine_temp,string_in_numeric,detection,0.0025,True
fa9809f0ce34,budapest_FP1,speed,string_in_numeric,detection,0.0029,True
1cf89a7a378a,budapest_FP1,heart_rate,string_in_numeric,detection,0.0024,True
0ca5ae497f84,budapest_FP1,speed_canbus,schema_drift,detection,0.0101,True
f40d20cb8adb,budapest_FP1,throttle_raw,schema_drift,detection,0.0052,True
666e9e06f623,budapest_FP1,throttle,string_in_numeric,detection,0.0027,True
31f2c1a6f119,budapest_FP1,g_force_lateral_new,schema_drift,detection,0.0096,True
942d7a9970b1,budapest_FP1,tyre_pressure,string_in_numeric,detection,0.0048,True
c07d01b3df4b,budapest_FP1,engine_temp,string_in_numeric,detection,0.0047,True
9ce60db846db,budapest_FP1,brake_temp_alt,schema_drift,detection,0.0054,True
07883c7b7d58,budapest_FP1,engine_temp,duplicate_timestamp,detection,0.0086,True
382b2a028915,budapest_FP1,heart_rate_canbus,schema_drift,detection,0.0099,True
0ba09a50d914,budapest_FP1,g_force_lateral,string_in_numeric,detection,0.005,True
9c207ea50b3a,budapest_FP1,tyre_pressure,string_in_numeric,detection,0.005,True
37427f43d038,budapest_FP1,engine_temp_v2,schema_drift,detection,0.0095,True
42cda06d159c,budapest_FP1,ecu_canbus,string_in_numeric,detection,0.0047,True
adf9ef94ed0c,budapest_FP1,throttle_alt,schema_drift,detection,0.0086,True
681f171a02de,budapest_FP1,engine_temp,duplicate_timestamp,detection,0.0084,True
21379891d8d0,budapest_FP1,ecu_canbus_raw,schema_drift,detection,0.0196,True
deb15bba90b6,budapest_FP1,speed,duplicate_timestamp,detection,0.0085,True
3a5ab4e24ecd,budapest_FP1,tyre_pressure,string_in_numeric,detection,0.0027,True
1d1a871c1705,budapest_FP1,aero_load,string_in_numeric,detection,0.0028,True
1f3c23b527ed,budapest_FP1,aero_load,string_in_numeric,detection,0.003,True
699d0c4d035c,budapest_FP1,throttle_new,schema_drift,detection,0.0094,True
cd69678f242f,budapest_FP1,tyre_pressure,duplicate_timestamp,detection,0.0088,True
47a5ba143293,budapest_FP1,aero_load,duplicate_timestamp,detection,0.008,True
da16bed76f99,budapest_FP1,heart_rate_new,schema_drift,detection,0.0094,True
37d9012ec211,budapest_FP1,throttle,duplicate_timestamp,detection,0.0043,True
da1227eaa7b0,budapest_FP1,brake_temp_v2,schema_drift,detection,0.0048,True
dded5410c873,budapest_FP1,aero_load,string_in_numeric,detection,0.0054,True
af2e69286e6a,budapest_FP1,ecu_canbus,string_in_numeric,detection,0.0049,True
3ca8f43730e8,budapest_FP1,ecu_canbus,duplicate_timestamp,detection,0.0084,True
40a7c659b376,budapest_FP1,rpm_v2,schema_drift,detection,0.009,True
acf56e7c5566,budapest_FP1,ecu_canbus,string_in_numeric,detection,0.005,True
9ec361f1f74f,budapest_FP1,speed_v2,schema_drift,detection,0.0085,True
13c641d9dddb,budapest_FP1,brake_temp_v2,schema_drift,detection,0.0049,True
9619fd92d2df,budapest_FP1,rpm,string_in_numeric,detection,0.0027,True
4fd836108d9b,budapest_FP1,rpm,string_in_numeric,detection,0.0028,True
165a85e65c6e,budapest_FP1,g_force_lateral,duplicate_timestamp,detection,0.0081,True
72536e7342bb,budapest_FP1,speed_alt,schema_drift,detection,0.0096,True
052a5110887e,budapest_FP1,ecu_canbus,duplicate_timestamp,detection,0.0072,True
6afb3fec939f,budapest_FP1,throttle,duplicate_timestamp,detection,0.005,True
cad8afea5193,budapest_FP1,brake_temp_raw,schema_drift,detection,0.0085,True
8747f0818b50,budapest_FP1,rpm,duplicate_timestamp,detection,0.0077,True
4932d92e4bda,budapest_FP1,brake_temp,duplicate_timestamp,detection,0.0091,True
438c1bf0b89b,budapest_FP1,throttle_canbus,schema_drift,detection,0.0101,True
7ffaf3a97d57,budapest_FP1,speed,duplicate_timestamp,detection,0.0174,True
9008026f3a17,budapest_FP1,tyre_pressure,string_in_numeric,detection,0.0046,True
74e64dbe419d,budapest_FP1,heart_rate,string_in_numeric,detection,0.0039,True
4a29f3d0d4a9,budapest_FP1,engine_temp,duplicate_timestamp,detection,0.006,True
9d446d445591,budapest_FP1,aero_load,duplicate_timestamp,detection,0.0063,True
d94f14b365f4,budapest_FP1,aero_load,duplicate_timestamp,detection,0.0081,True
898ccd94f21f,budapest_FP1,rpm_new,schema_drift,detection,0.0055,True
ebd3e01c4007,budapest_FP1,rpm,duplicate_timestamp,detection,0.0051,True
f75cc7ca6b4b,budapest_FP1,rpm,string_in_numeric,detection,0.0063,True
887b28bb5650,budapest_FP1,rpm,duplicate_timestamp,detection,0.0041,True
7efcd5910ea9,budapest_FP1,brake_temp,duplicate_timestamp,detection,0.0091,True
34f72111f559,budapest_FP1,brake_temp_alt,schema_drift,detection,0.0068,True
5aa302d47d47,budapest_FP1,brake_temp,duplicate_timestamp,detection,0.0094,True
114a5d5f23f7,budapest_FP1,speed_canbus,schema_drift,detection,0.0103,True
1cdd8e2dc51b,budapest_FP1,rpm,string_in_numeric,detection,0.0051,True
d31a62fe612b,budapest_FP1,aero_load_alt,schema_drift,detection,0.0093,True
93014f65344b,budapest_FP1,heart_rate,duplicate_timestamp,detection,0.0114,True
a778d9c35a09,budapest_FP1,brake_temp_alt,schema_drift,detection,0.0086,True
3141548f616a,budapest_FP1,rpm,string_in_numeric,detection,0.005,True
596aef2c878b,budapest_FP1,rpm,duplicate_timestamp,detection,0.0091,True
c5817e196f4b,budapest_FP1,ecu_canbus_raw,schema_drift,detection,0.0095,True
5c3b7f5cf3f9,budapest_FP1,engine_temp,string_in_numeric,detection,0.0052,True
8ca83e1ff3b4,budapest_FP1,throttle_canbus,schema_drift,detection,0.0089,True
4006ec257954,budapest_FP1,ecu_canbus,string_in_numeric,detection,0.0049,True
8614b6bd09be,budapest_FP1,heart_rate,string_in_numeric,detection,0.0028,True
249295e38b77,budapest_FP1,heart_rate_new,schema_drift,detection,0.0096,True
3e54a4b651d9,budapest_FP1,brake_temp,duplicate_timestamp,detection,0.0088,True
4331b03a6d2e,budapest_FP1,heart_rate,duplicate_timestamp,detection,0.0088,True
8e7e4cafdc49,budapest_FP1,rpm_canbus,schema_drift,detection,0.0097,True
42f79e26e3df,budapest_FP1,throttle,duplicate_timestamp,detection,0.0089,True
3ac0ca877b4e,budapest_FP1,ecu_canbus,duplicate_timestamp,detection,0.0081,True
8fc74033a9e9,budapest_FP1,throttle_new,schema_drift,detection,0.0176,True
4845ffed943c,budapest_FP1,speed,string_in_numeric,detection,0.0049,True
26ad6a212dfb,budapest_FP1,brake_temp,string_in_numeric,detection,0.0053,True
7fb8288092f9,budapest_FP1,heart_rate,duplicate_timestamp,detection,0.0131,True
4a3acec11f9a,budapest_FP1,engine_temp_raw,schema_drift,detection,0.0053,True
65cc0f0cd8fc,budapest_FP1,heart_rate,duplicate_timestamp,detection,0.004,True
6524ba57e1da,budapest_FP1,tyre_pressure_alt,schema_drift,detection,0.0085,True
89bea9d2f1be,budapest_FP1,brake_temp,string_in_numeric,detection,0.0049,True
e550d4191b05,budapest_FP1,engine_temp,string_in_numeric,detection,0.0029,True
98d4f12aee78,budapest_FP1,brake_temp,string_in_numeric,detection,0.0047,True
c9ae8baba775,budapest_FP1,tyre_pressure,duplicate_timestamp,detection,0.0158,True
4bc5b1da51fd,budapest_FP1,tyre_pressure_new,schema_drift,detection,0.0096,True
ad609bbbf81a,budapest_FP1,throttle_canbus,schema_drift,detection,0.006,True
ffa6849860bd,budapest_FP1,aero_load,string_in_numeric,detection,0.0058,True
f7b01ba8068c,budapest_FP1,brake_temp_alt,schema_drift,detection,0.0096,True
3e48c44988dc,budapest_FP1,ecu_canbus,string_in_numeric,detection,0.0028,True
4bcb37f2b77f,budapest_FP1,ecu_canbus,duplicate_timestamp,detection,0.0081,True
42556fd3ac89,budapest_FP1,ecu_canbus,string_in_numeric,detection,0.005,True
50fddb055a8c,budapest_FP1,aero_load_v2,schema_drift,detection,0.0057,True
812272944044,budapest_FP1,speed,duplicate_timestamp,detection,0.0051,True
b77f0d4f8215,budapest_FP1,aero_load,duplicate_timestamp,detection,0.0083,True
7ca4682fb747,budapest_FP1,heart_rate,duplicate_timestamp,detection,0.0081,True
9b01ba19f90b,budapest_FP1,throttle_new,schema_drift,detection,0.0094,True
31da8eb36a8f,budapest_FP1,heart_rate_v2,schema_drift,detection,0.0094,True
9c197f19e52f,budapest_FP1,rpm,string_in_numeric,detection,0.0051,True
88d8a56d6a71,budapest_FP1,engine_temp_alt,schema_drift,detection,0.0052,True
64d2bba736f8,budapest_FP1,tyre_pressure,duplicate_timestamp,detection,0.0082,True
c4fd4d856c27,budapest_FP1,brake_temp_canbus,schema_drift,detection,0.0096,True
4a3840128035,budapest_FP1,ecu_canbus_alt,schema_drift,detection,0.0053,True
d7b510b76cac,budapest_FP1,throttle_alt,schema_drift,detection,0.0052,True
e09294df66ef,budapest_FP1,aero_load,string_in_numeric,detection,0.0026,True
a023a772c813,budapest_FP1,rpm,duplicate_timestamp,detection,0.0053,True
cface09ca5fa,budapest_FP1,throttle,duplicate_timestamp,detection,0.0085,True
180f320e3f66,budapest_FP1,heart_rate,duplicate_timestamp,detection,0.0044,True
e51c9925e68d,budapest_FP1,throttle,string_in_numeric,detection,0.0048,True
65990ec73976,budapest_FP1,g_force_lateral_new,schema_drift,detection,0.0086,True
f1be7d13de3f,budapest_FP1,heart_rate_new,schema_drift,detection,0.0093,True
7422e2d86aca,budapest_FP1,g_force_lateral_canbus,schema_drift,detection,0.0054,True
facfb6a38c58,budapest_FP1,rpm_alt,schema_drift,detection,0.0064,True
9b8b9cab93c2,budapest_FP1,speed,string_in_numeric,detection,0.0061,True
416445a3257b,budapest_FP1,engine_temp_v2,schema_drift,detection,0.0092,True
6397b3c8870c,budapest_FP1,engine_temp_new,schema_drift,detection,0.0089,True
0089dd391e58,budapest_FP1,aero_load,string_in_numeric,detection,0.0052,True
342760835fb9,budapest_FP1,throttle,duplicate_timestamp,detection,0.0085,True
e756da73791b,budapest_FP1,brake_temp_v2,schema_drift,detection,0.0054,True
1279f4c3bac8,budapest_FP1,heart_rate,duplicate_timestamp,detection,0.0044,True
b1af5d701205,budapest_FP1,throttle_new,schema_drift,detection,0.011,True
d557c832f76a,budapest_FP1,brake_temp,duplicate_timestamp,detection,0.006,True
00a04c04e336,budapest_FP1,g_force_lateral,duplicate_timestamp,detection,0.0051,True
23d5a1c9846a,budapest_FP1,throttle,duplicate_timestamp,detection,0.0047,True
ce70ca944eb7,budapest_FP1,heart_rate,string_in_numeric,detection,0.0048,True
83ec51538131,budapest_FP1,ecu_canbus_alt,schema_drift,detection,0.0101,True
43ef0f160cb3,budapest_FP1,ecu_canbus,duplicate_timestamp,detection,0.0098,True
a80168bf8a5d,budapest_FP1,ecu_canbus,duplicate_timestamp,detection,0.0043,True
23268158d4bc,budapest_FP1,throttle_v2,schema_drift,detection,0.0059,True
be0c00b49f43,budapest_FP1,throttle,duplicate_timestamp,detection,0.0048,True
111b351d5d55,budapest_FP1,engine_temp,duplicate_timestamp,detection,0.0048,True
dbdc15de21dc,budapest_FP2,heart_rate,string_in_numeric,detection,0.0028,True
7ed0513cd366,budapest_FP2,brake_temp_canbus,schema_drift,detection,0.0101,True
fc7e4c4ab0c7,budapest_FP2,speed,string_in_numeric,detection,0.0048,True
50645a6928bd,budapest_FP2,speed_raw,schema_drift,detection,0.0096,True
e8072f8d640d,budapest_FP2,speed_alt,schema_drift,detection,0.0099,True
fdfc4d692b20,budapest_FP2,heart_rate,string_in_numeric,detection,0.0025,True
7a3b0aa7c48b,budapest_FP2,aero_load,duplicate_timestamp,detection,0.0083,True
db9874e8fee3,budapest_FP2,brake_temp,string_in_numeric,detection,0.0045,True
4f24d2ace23d,budapest_FP2,g_force_lateral,duplicate_timestamp,detection,0.0089,True
dafef37f4957,budapest_FP2,rpm_raw,schema_drift,detection,0.0096,True
5061bdc681bd,budapest_FP2,brake_temp,string_in_numeric,detection,0.0029,True
d9a736a13d6e,budapest_FP2,aero_load,string_in_numeric,detection,0.0052,True
5dd58e2ea189,budapest_FP2,tyre_pressure_alt,schema_drift,detection,0.0088,True
283bb3fbe5bb,budapest_FP2,rpm,string_in_numeric,detection,0.0049,True
ceeb529ab8b4,budapest_FP2,aero_load,string_in_numeric,detection,0.0046,True
25216d431681,budapest_FP2,engine_temp,string_in_numeric,detection,0.0044,True
ede62243a345,budapest_FP2,aero_load,duplicate_timestamp,detection,0.0045,True
68ae0208c77d,budapest_FP2,engine_temp,string_in_numeric,detection,0.0109,True
5119bab786e5,budapest_FP2,speed_v2,schema_drift,detection,0.0087,True
8045d5238bfe,budapest_FP2,heart_rate,duplicate_timestamp,detection,0.0051,True
54c7c145f746,budapest_FP2,throttle,duplicate_timestamp,detection,0.0045,True
49756e3b81ba,budapest_FP2,throttle,string_in_numeric,detection,0.005,True
24b693d2583d,budapest_FP2,ecu_canbus_v2,schema_drift,detection,0.0088,True
6180b5bb1a3f,budapest_FP2,throttle,duplicate_timestamp,detection,0.0048,True
3d037d7b5cba,budapest_FP2,g_force_lateral_alt,schema_drift,detection,0.0095,True
eeebc5767b1d,budapest_FP2,speed,duplicate_timestamp,detection,0.0073,True
32194f38fb7f,budapest_FP2,g_force_lateral_alt,schema_drift,detection,0.0057,True
e03d835c8212,budapest_FP2,brake_temp,string_in_numeric,detection,0.005,True
4d6864bc8836,budapest_FP2,ecu_canbus_raw,schema_drift,detection,0.0083,True
92344d8daa38,budapest_FP2,speed,duplicate_timestamp,detection,0.0081,True
7c9a8a5646b6,budapest_FP2,g_force_lateral,string_in_numeric,detection,0.0048,True
9088e855d53a,budapest_FP2,speed_v2,schema_drift,detection,0.0091,True
241df2e298ce,budapest_FP2,engine_temp,string_in_numeric,detection,0.0049,True
db4c6c2cf942,budapest_FP2,ecu_canbus,duplicate_timestamp,detection,0.0079,True
ba93b82f4301,budapest_FP2,heart_rate,duplicate_timestamp,detection,0.0089,True
6f05a6383fa9,budapest_FP2,aero_load,duplicate_timestamp,detection,0.0079,True
2599db679542,budapest_FP2,rpm,string_in_numeric,detection,0.0047,True
fce6124819bc,budapest_FP2,brake_temp,duplicate_timestamp,detection,0.0099,True
07eded65d162,budapest_FP2,rpm_new,schema_drift,detection,0.0069,True
4aff7ad60a94,budapest_FP2,g_force_lateral,duplicate_timestamp,detection,0.0078,True
1eb44da513ef,budapest_FP2,engine_temp_v2,schema_drift,detection,0.0085,True
c489a609c212,budapest_FP2,aero_load_canbus,schema_drift,detection,0.0059,True
497bfa87b7ef,budapest_FP2,speed,duplicate_timestamp,detection,0.0046,True
a8b5fe4c032f,budapest_FP2,brake_temp,string_in_numeric,detection,0.005,True
4800086a6ae9,budapest_FP2,throttle,string_in_numeric,detection,0.0031,True
ca5b797605b4,budapest_FP2,heart_rate,string_in_numeric,detection,0.0047,True
b631489d2e3a,budapest_FP2,speed_canbus,schema_drift,detection,0.0057,True
e5e7f36419ff,budapest_FP2,heart_rate,duplicate_timestamp,detection,0.0085,True
b4efaa853ccb,budapest_FP2,ecu_canbus,duplicate_timestamp,detection,0.008,True
a3f058ea5dc5,budapest_FP2,aero_load_alt,schema_drift,detection,0.0106,True
1c280bdfc06a,budapest_FP2,ecu_canbus,duplicate_timestamp,detection,0.0083,True
76a003cdbb2e,budapest_FP2,aero_load_alt,schema_drift,detection,0.0093,True
ec307deb5d35,budapest_FP2,aero_load,string_in_numeric,detection,0.0047,True
c96a66fc39b6,budapest_FP2,throttle,duplicate_timestamp,detection,0.008,True
dc5f5ab3038c,budapest_FP2,brake_temp_new,schema_drift,detection,0.0096,True
343e04ba08d2,budapest_FP2,g_force_lateral,duplicate_timestamp,detection,0.0051,True
f2d4b86fae80,budapest_FP2,speed,duplicate_timestamp,detection,0.0094,True
80bd06e1b535,budapest_FP2,g_force_lateral,string_in_numeric,detection,0.005,True
fa4f325ac8e0,budapest_FP2,aero_load,duplicate_timestamp,detection,0.0083,True
c615cebea985,budapest_FP2,engine_temp_raw,schema_drift,detection,0.005,True
c4046945b09e,budapest_FP2,ecu_canbus,duplicate_timestamp,detection,0.0081,True
5036b12f8bc4,budapest_FP2,tyre_pressure,duplicate_timestamp,detection,0.0087,True
ec09e2f4c454,budapest_FP2,heart_rate,duplicate_timestamp,detection,0.0087,True
511cbae8c283,budapest_FP2,throttle,duplicate_timestamp,detection,0.0044,True
25e32fe4b8f8,budapest_FP2,brake_temp,duplicate_timestamp,detection,0.0082,True
19fb4e7ca486,budapest_FP2,heart_rate,string_in_numeric,detection,0.0046,True
9e68ffd6cf5a,budapest_FP2,brake_temp_new,schema_drift,detection,0.0089,True
5a595d82c55b,budapest_FP2,engine_temp_alt,schema_drift,detection,0.0088,True
ef68bccb45ae,budapest_FP2,g_force_lateral,duplicate_timestamp,detection,0.0096,True
995fe5adfb7a,budapest_FP2,brake_temp,duplicate_timestamp,detection,0.0082,True
9120df4cb215,budapest_FP2,heart_rate,duplicate_timestamp,detection,0.0083,True
6b767fab9cce,budapest_FP2,tyre_pressure,string_in_numeric,detection,0.0046,True
ff3b42a62a63,budapest_FP2,throttle,duplicate_timestamp,detection,0.0085,True
cf5335b52f05,budapest_FP2,g_force_lateral,string_in_numeric,detection,0.0046,True
fbb75eb79b8a,budapest_FP2,throttle,duplicate_timestamp,detection,0.0046,True
58a5b70a8855,budapest_FP2,rpm,string_in_numeric,detection,0.0046,True
4fa7548a4763,budapest_FP2,rpm,duplicate_timestamp,detection,0.0044,True
1a001e3d160e,budapest_FP2,tyre_pressure,string_in_numeric,detection,0.0027,True
4c3d61bc3dd4,budapest_FP2,aero_load_alt,schema_drift,detection,0.0054,True
d0c1ffd84d98,budapest_FP2,throttle_canbus,schema_drift,detection,0.0072,True
2b0083a9368d,budapest_FP2,rpm,duplicate_timestamp,detection,0.0238,True
1e0f3c453e8e,budapest_FP2,aero_load,duplicate_timestamp,detection,0.007,True
7ee69290f1e1,budapest_FP2,ecu_canbus_alt,schema_drift,detection,0.0088,True
54df10e3b9d1,budapest_FP2,ecu_canbus,string_in_numeric,detection,0.0033,True
f3a372f6a247,budapest_FP2,heart_rate,duplicate_timestamp,detection,0.0044,True
9d2fc7b3224c,budapest_FP2,brake_temp,duplicate_timestamp,detection,0.0049,True
c57cf1750c68,budapest_FP2,aero_load_alt,schema_drift,detection,0.0097,True
a649acd89788,budapest_FP2,aero_load,string_in_numeric,detection,0.0051,True
de3d59e16749,budapest_FP2,g_force_lateral,string_in_numeric,detection,0.0049,True
cc50f4ec2fb2,budapest_FP2,aero_load_new,schema_drift,detection,0.0095,True
b5c3dd004548,budapest_FP2,rpm,string_in_numeric,detection,0.0043,True
d17ce805f0ac,budapest_FP2,speed,string_in_numeric,detection,0.0023,True
ff3d48d2d2ea,budapest_FP2,aero_load,string_in_numeric,detection,0.0051,True
d3de85df1345,budapest_FP2,g_force_lateral_v2,schema_drift,detection,0.009,True
7604cd56c9c0,budapest_FP2,ecu_canbus_v2,schema_drift,detection,0.0094,True
abdfc6eb9af2,budapest_FP2,speed,duplicate_timestamp,detection,0.0044,True
d92d89e80c5b,budapest_FP2,ecu_canbus,duplicate_timestamp,detection,0.0085,True
787a2cd1817a,budapest_FP2,rpm,string_in_numeric,detection,0.003,True
121f2989b86b,budapest_FP2,aero_load_raw,schema_drift,detection,0.0055,True
51f0cfb73104,budapest_FP2,heart_rate_v2,schema_drift,detection,0.0051,True
8eff4af41cc2,budapest_FP2,speed_alt,schema_drift,detection,0.0095,True
8f061bc9ab0c,budapest_FP2,rpm,duplicate_timestamp,detection,0.0085,True
39c1895626cc,budapest_FP2,ecu_canbus_canbus,schema_drift,detection,0.009,True
f57359da72ac,budapest_FP2,aero_load,duplicate_timestamp,detection,0.0079,True
cb36a4dbf445,budapest_FP2,throttle_new,schema_drift,detection,0.01,True
12ded5e11857,budapest_FP2,engine_temp,string_in_numeric,detection,0.0028,True
2b30feb60825,budapest_FP2,aero_load,string_in_numeric,detection,0.0053,True
d56fa3eb7dbf,budapest_FP2,tyre_pressure,string_in_numeric,detection,0.0097,True
dc63a46f8f38,budapest_FP2,tyre_pressure_alt,schema_drift,detection,0.0086,True
2c77ddfa6361,budapest_FP2,rpm_new,schema_drift,detection,0.0087,True
61968b854fbb,budapest_FP2,speed,string_in_numeric,detection,0.0047,True
c450105cad74,budapest_FP2,brake_temp_raw,schema_drift,detection,0.0094,True
08c01244e437,budapest_FP2,rpm,string_in_numeric,detection,0.0048,True
a118c39884ed,budapest_FP2,ecu_canbus_v2,schema_drift,detection,0.0097,True
017058a0c31d,budapest_FP2,aero_load,string_in_numeric,detection,0.0082,True
04664e495023,budapest_FP2,speed,string_in_numeric,detection,0.0048,True
49ac9b3c2f79,budapest_FP2,ecu_canbus,duplicate_timestamp,detection,0.005,True
71d1ddb73e86,budapest_FP2,throttle,string_in_numeric,detection,0.0043,True
3b366dccab4a,budapest_FP2,brake_temp,string_in_numeric,detection,0.0031,True
e240b15c7046,budapest_FP2,g_force_lateral,duplicate_timestamp,detection,0.0085,True
a84609d1fec8,budapest_FP2,tyre_pressure,string_in_numeric,detection,0.0044,True
f057aae7295f,budapest_FP2,tyre_pressure,string_in_numeric,detection,0.0044,True
5f9931dc2dcc,budapest_FP2,g_force_lateral,duplicate_timestamp,detection,0.0085,True
771925c9bf7b,budapest_FP2,aero_load,string_in_numeric,detection,0.0031,True
f271d174d882,budapest_FP2,heart_rate,string_in_numeric,detection,0.0055,True
5ab06a642c60,budapest_FP2,engine_temp,duplicate_timestamp,detection,0.0092,True
dda65caf652d,budapest_FP2,g_force_lateral_v2,schema_drift,detection,0.0099,True
cb84e87e2675,budapest_FP2,g_force_lateral_new,schema_drift,detection,0.0091,True
62b92d4951eb,budapest_FP2,speed,string_in_numeric,detection,0.0052,True
625abed7ce98,budapest_FP2,brake_temp_raw,schema_drift,detection,0.0086,True
9421ff305efe,budapest_FP2,engine_temp_canbus,schema_drift,detection,0.0092,True
279ae3a32f07,budapest_FP2,engine_temp_new,schema_drift,detection,0.009,True
2aa5a70ea990,budapest_FP2,g_force_lateral,duplicate_timestamp,detection,0.0089,True
49df0db2e7f6,budapest_FP2,brake_temp,string_in_numeric,detection,0.0048,True
18d01c81e4ba,budapest_FP2,engine_temp,string_in_numeric,detection,0.0052,True
a0661cbe9bc5,budapest_FP2,tyre_pressure_v2,schema_drift,detection,0.0053,True
aad63c4d5596,budapest_FP2,brake_temp,duplicate_timestamp,detection,0.008,True
9ab20b43d4e6,budapest_FP2,g_force_lateral_canbus,schema_drift,detection,0.0049,True
899242708caa,budapest_FP2,engine_temp,string_in_numeric,detection,0.0043,True
3f42dd3c60d1,budapest_FP2,rpm,duplicate_timestamp,detection,0.0088,True
f4c442452f7f,budapest_FP2,aero_load,string_in_numeric,detection,0.0038,True
4214c38444be,budapest_FP2,tyre_pressure,string_in_numeric,detection,0.0026,True
190390c2e4c4,budapest_FP2,ecu_canbus,duplicate_timestamp,detection,0.0051,True
3bf923b22782,budapest_FP2,tyre_pressure,string_in_numeric,detection,0.0051,True
bcffc2af8e16,budapest_FP2,ecu_canbus,string_in_numeric,detection,0.005,True
3bd04a8c6c1c,budapest_FP2,aero_load,duplicate_timestamp,detection,0.0083,True
06c44664e64a,budapest_FP2,aero_load,duplicate_timestamp,detection,0.0077,True
99bad7396a63,budapest_FP2,tyre_pressure_canbus,schema_drift,detection,0.0093,True
adb00e1aaf2f,budapest_FP2,g_force_lateral,duplicate_timestamp,detection,0.0089,True
05757b0df61c,budapest_FP2,heart_rate,string_in_numeric,detection,0.0048,True
ee52a34b6569,budapest_FP2,rpm_v2,schema_drift,detection,0.0084,True
c40f328eb356,budapest_FP2,speed,string_in_numeric,detection,0.0027,True
d582f21cefc7,budapest_FP2,ecu_canbus,duplicate_timestamp,detection,0.0042,True
d58006a0aae2,budapest_FP2,aero_load,duplicate_timestamp,detection,0.0046,True
3aa322a42e9f,budapest_FP2,g_force_lateral_v2,schema_drift,detection,0.0096,True
ce8f2f360470,budapest_FP2,brake_temp,duplicate_timestamp,detection,0.0049,True
c926d5b65de6,budapest_FP2,speed,string_in_numeric,detection,0.0049,True
87c2cfa2cb46,budapest_FP2,ecu_canbus,duplicate_timestamp,detection,0.0087,True
a0970f042a49,budapest_FP2,rpm,string_in_numeric,detection,0.0044,True
f7aa4c83d4bd,budapest_FP2,throttle,string_in_numeric,detection,0.0024,True
f91d39b4325e,budapest_FP2,speed_raw,schema_drift,detection,0.0048,True
d6e3441d0555,budapest_FP2,aero_load,string_in_numeric,detection,0.0045,True
89f857b5d53b,budapest_FP2,g_force_lateral_raw,schema_drift,detection,0.0095,True
eb28f73d0a32,budapest_FP2,ecu_canbus,string_in_numeric,detection,0.0051,True
07f8d535b6b5,budapest_FP2,tyre_pressure,duplicate_timestamp,detection,0.0074,True
6aec0af087fe,budapest_FP2,throttle,duplicate_timestamp,detection,0.005,True
ef41d73444d7,budapest_FP2,speed,duplicate_timestamp,detection,0.0047,True
a5b4eafd78a7,budapest_FP2,rpm,duplicate_timestamp,detection,0.0084,True
225b5bda7051,budapest_FP2,engine_temp,duplicate_timestamp,detection,0.0065,True
abbfa4defcd6,budapest_FP2,speed,string_in_numeric,detection,0.0027,True
30c33cd87b4a,budapest_FP2,heart_rate,duplicate_timestamp,detection,0.0087,True
804cce557930,budapest_FP2,rpm_alt,schema_drift,detection,0.01,True
5ac6a2ec37d3,budapest_FP2,heart_rate_raw,schema_drift,detection,0.0056,True
1e5255453fbf,budapest_FP2,g_force_lateral_new,schema_drift,detection,0.0091,True
078f724041a0,budapest_FP2,throttle,duplicate_timestamp,detection,0.0086,True
37fb02364882,budapest_FP2,rpm_alt,schema_drift,detection,0.0097,True
61157bd0528b,budapest_FP2,aero_load,string_in_numeric,detection,0.0047,True
96eb8ad0eaed,budapest_FP2,throttle,string_in_numeric,detection,0.0023,True
421a473b9759,budapest_FP2,brake_temp,string_in_numeric,detection,0.0044,True
41165f946cc4,budapest_FP2,tyre_pressure,string_in_numeric,detection,0.003,True
ee0a82adc7be,budapest_FP2,engine_temp_new,schema_drift,detection,0.0095,True
07a0fa442d1d,budapest_FP2,brake_temp_raw,schema_drift,detection,0.0054,True
8a107f11ebfb,budapest_FP2,tyre_pressure,duplicate_timestamp,detection,0.0084,True
eccebf0196b7,budapest_FP2,heart_rate_v2,schema_drift,detection,0.0094,True
b4d3d3a7d7d3,budapest_FP2,engine_temp_v2,schema_drift,detection,0.0053,True
9d4ea8321a52,budapest_FP2,speed_alt,schema_drift,detection,0.0051,True
87bb9fbbbe13,budapest_FP2,g_force_lateral,string_in_numeric,detection,0.0028,True
c7ef8e886f84,budapest_FP2,aero_load,duplicate_timestamp,detection,0.0062,True
0bda27678584,budapest_FP2,speed,string_in_numeric,detection,0.0025,True
16e6ebe65801,budapest_FP2,rpm_alt,schema_drift,detection,0.0093,True
a867a03dbed0,budapest_FP2,rpm_new,schema_drift,detection,0.01,True
88f1ccf43d7e,budapest_FP2,throttle,string_in_numeric,detection,0.0055,True
adaef21024b0,budapest_FP2,g_force_lateral,duplicate_timestamp,detection,0.008,True
30d7e59ebcbb,budapest_FP2,brake_temp,string_in_numeric,detection,0.0028,True
ae1bc1064926,budapest_FP2,speed,duplicate_timestamp,detection,0.0048,True
e9ff8fe67b6d,budapest_FP2,aero_load,string_in_numeric,detection,0.0025,True
a6f5959e462b,budapest_FP2,engine_temp,string_in_numeric,detection,0.0048,True
51a1f526bfd8,budapest_FP2,ecu_canbus_v2,schema_drift,detection,0.0057,True
2110db0755c3,budapest_FP2,g_force_lateral,string_in_numeric,detection,0.0028,True
f601980e737e,budapest_FP2,throttle,duplicate_timestamp,detection,0.004,True
dce9ca05f640,budapest_FP2,tyre_pressure,string_in_numeric,detection,0.0029,True
38771ac292cf,budapest_FP2,heart_rate,duplicate_timestamp,detection,0.0082,True
52e58fb8331b,budapest_FP2,engine_temp,string_in_numeric,detection,0.0047,True
3628afc6ef33,budapest_FP2,throttle_new,schema_drift,detection,0.0101,True
36c060d0ffcd,budapest_FP2,tyre_pressure_alt,schema_drift,detection,0.0088,True
665627a4cc68,budapest_FP2,engine_temp,duplicate_timestamp,detection,0.0091,True
46b5cc7da449,budapest_FP2,brake_temp,string_in_numeric,detection,0.0046,True
7a2a6856ef85,budapest_FP2,rpm,duplicate_timestamp,detection,0.0044,True
6c921d484b54,budapest_FP2,throttle_new,schema_drift,detection,0.0055,True
5affe5cb97a0,budapest_FP2,engine_temp,duplicate_timestamp,detection,0.0079,True
f46622c5787f,budapest_FP2,tyre_pressure_new,schema_drift,detection,0.0394,True
0e6b638165aa,budapest_FP2,heart_rate,string_in_numeric,detection,0.0047,True
a1d3a082684e,budapest_FP2,throttle,string_in_numeric,detection,0.0043,True
bc6ce5007478,budapest_FP2,ecu_canbus,duplicate_timestamp,detection,0.0082,True
af6dbd43bb94,budapest_FP2,throttle,string_in_numeric,detection,0.0063,True
44b55a861ed5,budapest_FP2,speed_new,schema_drift,detection,0.0053,True
d00f638b2193,budapest_FP2,engine_temp_new,schema_drift,detection,0.0095,True
38b573827f0a,budapest_FP2,aero_load,duplicate_timestamp,detection,0.008,True
30d472ccda3f,budapest_FP2,heart_rate,string_in_numeric,detection,0.0048,True
b466a4dc72fe,budapest_FP2,throttle_new,schema_drift,detection,0.0091,True
44f6edba92b5,budapest_FP2,brake_temp,string_in_numeric,detection,0.0048,True
c31951e70c69,budapest_FP2,speed,duplicate_timestamp,detection,0.0047,True
869368444b9c,budapest_FP2,ecu_canbus,string_in_numeric,detection,0.0066,True
9873ac4cb712,budapest_FP2,engine_temp_raw,schema_drift,detection,0.0097,True
bb5b0c695dc8,budapest_FP2,brake_temp_new,schema_drift,detection,0.01,True
96ec8256ddcc,budapest_FP2,g_force_lateral,string_in_numeric,detection,0.0052,True
ff27c3ca42c3,budapest_FP2,aero_load,duplicate_timestamp,detection,0.0087,True
99c258288a1c,budapest_FP2,aero_load,string_in_numeric,detection,0.003,True
82226fa082c6,budapest_FP2,throttle,duplicate_timestamp,detection,0.0045,True
78cb7b174450,budapest_FP2,engine_temp,duplicate_timestamp,detection,0.0082,True
5446ca69e939,budapest_FP2,throttle_canbus,schema_drift,detection,0.0082,True
f05e349c84d8,budapest_FP2,throttle_alt,schema_drift,detection,0.0101,True
9e4293fc2b1e,budapest_FP2,heart_rate,string_in_numeric,detection,0.0051,True
8eb385daf8aa,budapest_FP2,tyre_pressure,duplicate_timestamp,detection,0.0082,True
90aea716a9eb,budapest_FP2,aero_load,string_in_numeric,detection,0.0029,True
d3f2b82771b2,budapest_FP2,speed,duplicate_timestamp,detection,0.0044,True
29ca65602c78,budapest_FP2,g_force_lateral,string_in_numeric,detection,0.0057,True
4bfe96c6fb3c,budapest_FP2,aero_load_canbus,schema_drift,detection,0.0091,True
be993b88be2a,budapest_FP2,tyre_pressure,duplicate_timestamp,detection,0.009,True
87b8cea2e828,budapest_FP2,engine_temp,duplicate_timestamp,detection,0.0045,True
dd0145aedf85,budapest_FP2,speed,duplicate_timestamp,detection,0.0068,True
9b23260b9efc,budapest_FP2,brake_temp,string_in_numeric,detection,0.0046,True
bf0d0f8f9ea3,budapest_FP2,heart_rate,duplicate_timestamp,detection,0.0043,True
43018f524ac3,budapest_FP2,heart_rate,duplicate_timestamp,detection,0.0081,True
6b1aba731752,budapest_FP2,tyre_pressure,duplicate_timestamp,detection,0.0073,True
69fcda3e8314,budapest_FP2,tyre_pressure_v2,schema_drift,detection,0.0066,True
7f5b091f7ce5,budapest_FP2,speed,string_in_numeric,detection,0.0049,True
78697da14f77,budapest_FP2,aero_load,duplicate_timestamp,detection,0.0082,True
ddf94ef61f48,budapest_FP2,aero_load_v2,schema_drift,detection,0.0086,True
9292c2f732c5,budapest_FP2,throttle_canbus,schema_drift,detection,0.0057,True
f5da8b2cc526,budapest_FP2,tyre_pressure,duplicate_timestamp,detection,0.0098,True
a047ed03d83a,budapest_FP2,brake_temp,duplicate_timestamp,detection,0.0082,True
9c1fa1153b0c,budapest_FP3,heart_rate,string_in_numeric,detection,0.005,True
a227bf0c02fe,budapest_FP3,aero_load,duplicate_timestamp,detection,0.0079,True
578e28a0eba6,budapest_FP3,throttle_new,schema_drift,detection,0.0061,True
ee09d2d72dab,budapest_FP3,brake_temp_alt,schema_drift,detection,0.0097,True
25800dd107da,budapest_FP3,engine_temp_v2,schema_drift,detection,0.0086,True
926470c74e13,budapest_FP3,throttle_v2,schema_drift,detection,0.0103,True
a01c68e5e209,budapest_FP3,throttle_raw,schema_drift,detection,0.0056,True
21467b725de9,budapest_FP3,throttle,string_in_numeric,detection,0.0047,True
6adb5bb1bd59,budapest_FP3,speed_alt,schema_drift,detection,0.0103,True
0b25da757db1,budapest_FP3,tyre_pressure,duplicate_timestamp,detection,0.0049,True
4953bef55d35,budapest_FP3,heart_rate,duplicate_timestamp,detection,0.0082,True
9b8f5469aa66,budapest_FP3,heart_rate,string_in_numeric,detection,0.0044,True
8ee20a73f398,budapest_FP3,aero_load,duplicate_timestamp,detection,0.0089,True
cafda2f498fc,budapest_FP3,rpm,string_in_numeric,detection,0.0046,True
da02db8b2548,budapest_FP3,aero_load_alt,schema_drift,detection,0.0139,True
b9a14a96846f,budapest_FP3,engine_temp,duplicate_timestamp,detection,0.0044,True
35f9244bddaf,budapest_FP3,speed,duplicate_timestamp,detection,0.0044,True
6fff79e610b1,budapest_FP3,aero_load,duplicate_timestamp,detection,0.0044,True
4a1456503c49,budapest_FP3,heart_rate,duplicate_timestamp,detection,0.0078,True
4b2eb5a880b1,budapest_FP3,aero_load,duplicate_timestamp,detection,0.0089,True
646937f4d832,budapest_FP3,aero_load,duplicate_timestamp,detection,0.008,True
e9fda4931089,budapest_FP3,g_force_lateral,duplicate_timestamp,detection,0.0076,True
5bc77f6e4a66,budapest_FP3,brake_temp_raw,schema_drift,detection,0.0054,True
665ee29c5d9d,budapest_FP3,speed_raw,schema_drift,detection,0.005,True
fdfc16b7d134,budapest_FP3,g_force_lateral,duplicate_timestamp,detection,0.0087,True
16bc4ab214ff,budapest_FP3,engine_temp,duplicate_timestamp,detection,0.0051,True
c1ac9f953cc5,budapest_FP3,speed,string_in_numeric,detection,0.0027,True
51f682eaf25b,budapest_FP3,engine_temp,duplicate_timestamp,detection,0.0045,True
fcde11430707,budapest_FP3,rpm,duplicate_timestamp,detection,0.0074,True
07bd1a10d7c4,budapest_FP3,tyre_pressure,string_in_numeric,detection,0.0031,True
2b8aceb5317c,budapest_FP3,ecu_canbus,duplicate_timestamp,detection,0.0046,True
b31dd2bbc64e,budapest_FP3,rpm,duplicate_timestamp,detection,0.0044,True
a93181e18e86,budapest_FP3,ecu_canbus,duplicate_timestamp,detection,0.0075,True
7e9abaa67ab3,budapest_FP3,ecu_canbus_canbus,schema_drift,detection,0.0095,True
b55db338b998,budapest_FP3,brake_temp,string_in_numeric,detection,0.0045,True
58d8cd60c41f,budapest_FP3,aero_load,duplicate_timestamp,detection,0.0087,True
e0a7dd3c3524,budapest_FP3,speed,duplicate_timestamp,detection,0.0048,True
98b350c9e688,budapest_FP3,speed,string_in_numeric,detection,0.005,True
f730e1db350f,budapest_FP3,g_force_lateral,string_in_numeric,detection,0.005,True
1d1c0419e68c,budapest_FP3,engine_temp,duplicate_timestamp,detection,0.0085,True
f40b45a5910e,budapest_FP3,brake_temp,duplicate_timestamp,detection,0.008,True
d37e72176ce1,budapest_FP3,speed_new,schema_drift,detection,0.0121,True
90ae78dafbef,budapest_FP3,heart_rate,duplicate_timestamp,detection,0.0205,True
a3e66c92babb,budapest_FP3,tyre_pressure,duplicate_timestamp,detection,0.0044,True
6d727ddf067a,budapest_FP3,throttle,duplicate_timestamp,detection,0.0046,True
df9c061556f2,budapest_FP3,tyre_pressure,duplicate_timestamp,detection,0.01,True
5d12d27c42da,budapest_FP3,engine_temp,string_in_numeric,detection,0.005,True
0741e09de5c6,budapest_FP3,rpm,string_in_numeric,detection,0.0049,True
44272b719c7a,budapest_FP3,throttle,duplicate_timestamp,detection,0.0079,True
4ed851928048,budapest_FP3,g_force_lateral_canbus,schema_drift,detection,0.0049,True
94811c499dc4,budapest_FP3,tyre_pressure_canbus,schema_drift,detection,0.0087,True
72f24b9a43e0,budapest_FP3,engine_temp,duplicate_timestamp,detection,0.0074,True
2cc7422388fc,budapest_FP3,ecu_canbus,string_in_numeric,detection,0.0038,True
b406e99c9504,budapest_FP3,speed_new,schema_drift,detection,0.0051,True
0cd86c47cb1a,budapest_FP3,speed_new,schema_drift,detection,0.0089,True
fe055640aa79,budapest_FP3,engine_temp,duplicate_timestamp,detection,0.0048,True
d20a88d9611c,budapest_FP3,speed_canbus,schema_drift,detection,0.0096,True
d73de112d93e,budapest_FP3,rpm_v2,schema_drift,detection,0.0054,True
674e41192725,budapest_FP3,engine_temp,duplicate_timestamp,detection,0.0051,True
0a5052a2fae1,budapest_FP3,heart_rate,duplicate_timestamp,detection,0.0048,True
f82c9a4402d9,budapest_FP3,brake_temp_canbus,schema_drift,detection,0.0059,True
435875772270,budapest_FP3,speed_v2,schema_drift,detection,0.0095,True
caca8abe09bc,budapest_FP3,ecu_canbus,string_in_numeric,detection,0.005,True
2e6e45c4b0ed,budapest_FP3,brake_temp,string_in_numeric,detection,0.0049,True
5f6aad798867,budapest_FP3,rpm,string_in_numeric,detection,0.0045,True
31824a118643,budapest_FP3,heart_rate,duplicate_timestamp,detection,0.0076,True
43a046dbedfb,budapest_FP3,speed,string_in_numeric,detection,0.005,True
9da8a0eaef58,budapest_FP3,engine_temp,duplicate_timestamp,detection,0.0083,True
7b1e301fcca2,budapest_FP3,throttle,duplicate_timestamp,detection,0.0087,True
4e94256016e8,budapest_FP3,g_force_lateral,duplicate_timestamp,detection,0.0047,True
8a54173dfc2b,budapest_FP3,heart_rate,duplicate_timestamp,detection,0.0074,True
ac948b349977,budapest_FP3,rpm,duplicate_timestamp,detection,0.0086,True
43f4320b8672,budapest_FP3,tyre_pressure,duplicate_timestamp,detection,0.009,True
16c4bcd04b42,budapest_FP3,ecu_canbus,duplicate_timestamp,detection,0.0085,True
bc61e4aa3c27,budapest_FP3,ecu_canbus,duplicate_timestamp,detection,0.0122,True
306cf8e990fc,budapest_FP3,g_force_lateral,duplicate_timestamp,detection,0.0045,True
d478591dece7,budapest_FP3,brake_temp,string_in_numeric,detection,0.0046,True
834c7da86e0b,budapest_FP3,throttle,string_in_numeric,detection,0.003,True
8caf1c900ea1,budapest_FP3,heart_rate_v2,schema_drift,detection,0.005,True
970eeff206ce,budapest_FP3,heart_rate_raw,schema_drift,detection,0.0095,True
db0eada92fab,budapest_FP3,engine_temp,duplicate_timestamp,detection,0.0081,True
d4aea68aaa55,budapest_FP3,ecu_canbus,duplicate_timestamp,detection,0.0075,True
993b6459ef84,budapest_FP3,engine_temp,string_in_numeric,detection,0.005,True
d2df0aae0493,budapest_FP3,heart_rate,duplicate_timestamp,detection,0.0079,True
60edef64bc17,budapest_FP3,heart_rate,duplicate_timestamp,detection,0.0081,True
e3f8ab1188c9,budapest_FP3,g_force_lateral_alt,schema_drift,detection,0.0098,True
99758bde574d,budapest_FP3,rpm,duplicate_timestamp,detection,0.0095,True
7956b82fd1b9,budapest_FP3,brake_temp_raw,schema_drift,detection,0.0098,True
f55b7f556b3a,budapest_FP3,heart_rate_alt,schema_drift,detection,0.0085,True
4caa21d74b76,budapest_FP3,ecu_canbus,duplicate_timestamp,detection,0.0087,True
9fc0cda07087,budapest_FP3,heart_rate,duplicate_timestamp,detection,0.0082,True
0126c05c214f,budapest_FP3,aero_load,duplicate_timestamp,detection,0.0095,True
2e736d426375,budapest_FP3,speed,duplicate_timestamp,detection,0.0063,True
512fe31bd80a,budapest_FP3,throttle_v2,schema_drift,detection,0.0051,True
6d7fe78155fd,budapest_FP3,aero_load,string_in_numeric,detection,0.0053,True
85ca26875528,budapest_FP3,brake_temp_new,schema_drift,detection,0.0052,True
aa415cea9df0,budapest_FP3,engine_temp,string_in_numeric,detection,0.0028,True
9c78655e4d2f,budapest_FP3,speed,string_in_numeric,detection,0.0037,True
83d2abc94c11,budapest_FP3,rpm_canbus,schema_drift,detection,0.0091,True
860d6e8acbbf,budapest_FP3,speed,duplicate_timestamp,detection,0.009,True
eaf5d9fc0b71,budapest_FP3,tyre_pressure,duplicate_timestamp,detection,0.0048,True
becb199dfe73,budapest_FP3,rpm,string_in_numeric,detection,0.0043,True
e9f595286b6c,budapest_FP3,brake_temp,duplicate_timestamp,detection,0.0066,True
5119cbe5587e,budapest_FP3,engine_temp_v2,schema_drift,detection,0.0089,True
c047cdc82f77,budapest_FP3,speed_new,schema_drift,detection,0.0054,True
e6a68d63aacd,budapest_FP3,rpm,duplicate_timestamp,detection,0.0081,True
5a726a98223e,budapest_FP3,aero_load,string_in_numeric,detection,0.0048,True
a51afe76ba42,budapest_FP3,ecu_canbus,duplicate_timestamp,detection,0.0048,True
8ad8887d35c6,budapest_FP3,engine_temp,duplicate_timestamp,detection,0.005,True
e033199f7a34,budapest_FP3,rpm,string_in_numeric,detection,0.0047,True
21452053f3b1,budapest_FP3,throttle_raw,schema_drift,detection,0.0097,True
f3b19068f557,budapest_FP3,brake_temp,string_in_numeric,detection,0.0053,True
7ea223885900,budapest_FP3,ecu_canbus_new,schema_drift,detection,0.0097,True
4439a4499960,budapest_FP3,speed_alt,schema_drift,detection,0.0095,True
5b0b3fd852da,budapest_FP3,brake_temp,duplicate_timestamp,detection,0.0086,True
786da2bf6dfb,budapest_FP3,g_force_lateral,string_in_numeric,detection,0.0049,True
a4d09e6a30de,budapest_FP3,g_force_lateral,duplicate_timestamp,detection,0.0047,True
c187a48fc241,budapest_FP3,heart_rate,duplicate_timestamp,detection,0.0084,True
0601422a7921,budapest_FP3,tyre_pressure_v2,schema_drift,detection,0.0094,True
ddb7a46dd25a,budapest_FP3,tyre_pressure,string_in_numeric,detection,0.0056,True
9633281678d8,budapest_FP3,speed,duplicate_timestamp,detection,0.0076,True
086bea399eab,budapest_FP3,engine_temp_new,schema_drift,detection,0.0055,True
8a81adf3c020,budapest_FP3,throttle,string_in_numeric,detection,0.0042,True
a54d626ddaea,budapest_FP3,aero_load,duplicate_timestamp,detection,0.0084,True
0b62dab4d5b6,budapest_FP3,throttle_canbus,schema_drift,detection,0.0101,True
f54c21e52120,budapest_FP3,throttle,string_in_numeric,detection,0.0044,True
0034d5ec5a5b,budapest_FP3,ecu_canbus,duplicate_timestamp,detection,0.0086,True
3a3479eaee47,budapest_FP3,rpm,string_in_numeric,detection,0.0064,True
dc4f0f4fee2e,budapest_FP3,ecu_canbus_alt,schema_drift,detection,0.0099,True
554ff6b2977b,budapest_FP3,tyre_pressure_v2,schema_drift,detection,0.0094,True
72b2396d9b3a,budapest_FP3,g_force_lateral,string_in_numeric,detection,0.005,True
1b6f5aa34b46,budapest_FP3,speed,string_in_numeric,detection,0.0047,True
0ed7b1089c89,budapest_FP3,heart_rate,duplicate_timestamp,detection,0.0083,True
126cfd36fb1a,budapest_FP3,heart_rate_alt,schema_drift,detection,0.0098,True
108fd519c78c,budapest_FP3,rpm,string_in_numeric,detection,0.005,True
dffa31580731,budapest_FP3,brake_temp,duplicate_timestamp,detection,0.0082,True
fbda48e57700,budapest_FP3,tyre_pressure,duplicate_timestamp,detection,0.0171,True
605d2234965a,budapest_FP3,rpm,string_in_numeric,detection,0.0049,True
47775ccc540e,budapest_FP3,aero_load,duplicate_timestamp,detection,0.0047,True
1a3bf40c083a,budapest_FP3,speed,string_in_numeric,detection,0.0042,True
a2768d20def5,budapest_FP3,brake_temp,duplicate_timestamp,detection,0.008,True
b45092af8e6f,budapest_FP3,aero_load_new,schema_drift,detection,0.0104,True
90b1b153afab,budapest_FP3,brake_temp,duplicate_timestamp,detection,0.0085,True
6595919e8d1b,budapest_FP3,g_force_lateral_alt,schema_drift,detection,0.0138,True
0d920db0a613,budapest_FP3,brake_temp,duplicate_timestamp,detection,0.0084,True
949e9f24d5ec,budapest_FP3,speed,duplicate_timestamp,detection,0.0079,True
3be6b718a844,budapest_FP3,engine_temp_new,schema_drift,detection,0.0098,True
ef3bf8a30da1,budapest_FP3,engine_temp,duplicate_timestamp,detection,0.0086,True
acdf46ea131f,budapest_FP3,ecu_canbus,string_in_numeric,detection,0.0045,True
d975508ea640,budapest_FP3,heart_rate,string_in_numeric,detection,0.0046,True
ffe2336dde50,budapest_FP3,brake_temp,string_in_numeric,detection,0.0051,True
e1bcc7e1e93a,budapest_FP3,g_force_lateral,string_in_numeric,detection,0.0049,True
699e56b11ca6,budapest_FP3,ecu_canbus_canbus,schema_drift,detection,0.0054,True
eff70dec48cd,budapest_FP3,engine_temp_v2,schema_drift,detection,0.0094,True
cd281d8ed706,budapest_FP3,engine_temp_v2,schema_drift,detection,0.0096,True
480914d91386,budapest_FP3,heart_rate,duplicate_timestamp,detection,0.0085,True
d8b3aa283093,budapest_FP3,brake_temp_new,schema_drift,detection,0.0056,True
39ed4844fd2c,budapest_FP3,aero_load_raw,schema_drift,detection,0.0052,True
7f33b3b4c5e0,budapest_FP3,speed,duplicate_timestamp,detection,0.0082,True
ab901b329d94,budapest_FP3,rpm_new,schema_drift,detection,0.0079,True
0d8c80b7433b,budapest_FP3,rpm,duplicate_timestamp,detection,0.007,True
b28680667ebd,budapest_FP3,aero_load_canbus,schema_drift,detection,0.0102,True
7a0798d0935c,budapest_FP3,rpm,string_in_numeric,detection,0.0026,True
11031084ea6e,budapest_FP3,g_force_lateral,string_in_numeric,detection,0.0051,True
d157511128f1,budapest_FP3,rpm,duplicate_timestamp,detection,0.0085,True
77bf353ad9ba,budapest_FP3,engine_temp,string_in_numeric,detection,0.0029,True
7b9641145a13,budapest_FP3,throttle,duplicate_timestamp,detection,0.0073,True
0da5008ac363,budapest_FP3,rpm_canbus,schema_drift,detection,0.0096,True
744359c5a79c,budapest_FP3,aero_load,duplicate_timestamp,detection,0.0051,True
bc33ea1aed97,budapest_FP3,rpm_canbus,schema_drift,detection,0.0057,True
33af90f0ae76,budapest_FP3,rpm,string_in_numeric,detection,0.0028,True
89d19aaf76e8,budapest_FP3,tyre_pressure_v2,schema_drift,detection,0.01,True
fa194bb36369,budapest_FP3,brake_temp,string_in_numeric,detection,0.0055,True
84a7e5ae4065,budapest_FP3,brake_temp_raw,schema_drift,detection,0.0089,True
67a3455d26d1,budapest_FP3,tyre_pressure_alt,schema_drift,detection,0.0086,True
8e439dc6d245,budapest_FP3,rpm,string_in_numeric,detection,0.0024,True
0924bc3fcb4b,budapest_FP3,aero_load,duplicate_timestamp,detection,0.0072,True
3806f99d703a,budapest_FP3,rpm,string_in_numeric,detection,0.0043,True
1ce16f48c7f6,budapest_FP3,aero_load,duplicate_timestamp,detection,0.0081,True
9d7c5c699ffa,budapest_FP3,rpm,string_in_numeric,detection,0.0068,True
9b8974bf56ae,budapest_FP3,engine_temp_raw,schema_drift,detection,0.0053,True
638f8c18ac98,budapest_FP3,ecu_canbus_new,schema_drift,detection,0.0054,True
8e51f2faea8c,budapest_FP3,tyre_pressure,duplicate_timestamp,detection,0.0105,True
4142980eb0ec,budapest_FP3,rpm,string_in_numeric,detection,0.0065,True
861204299d27,budapest_FP3,aero_load,duplicate_timestamp,detection,0.0045,True
c176110d0b9d,budapest_FP3,ecu_canbus,duplicate_timestamp,detection,0.0089,True
9f550c04ee2f,budapest_FP3,throttle,string_in_numeric,detection,0.0023,True
526e1f2c6227,budapest_FP3,speed,duplicate_timestamp,detection,0.0078,True
e84999d747b7,budapest_FP3,tyre_pressure,duplicate_timestamp,detection,0.0083,True
fc3929f4e810,budapest_FP3,rpm,string_in_numeric,detection,0.003,True
6b986b09713b,budapest_FP3,rpm_canbus,schema_drift,detection,0.0059,True
92198dac53c2,budapest_FP3,ecu_canbus_new,schema_drift,detection,0.0061,True
e072754da6c8,budapest_FP3,g_force_lateral,duplicate_timestamp,detection,0.0159,True
65ebf87a09fa,budapest_FP3,aero_load_alt,schema_drift,detection,0.0099,True
c39e71c49647,budapest_FP3,tyre_pressure,duplicate_timestamp,detection,0.0102,True
ae055d3f3506,budapest_FP3,throttle,duplicate_timestamp,detection,0.0045,True
b9cc289ad1ac,budapest_FP3,brake_temp,duplicate_timestamp,detection,0.008,True
10344204d2b1,budapest_FP3,tyre_pressure,string_in_numeric,detection,0.0047,True
772cc017a66a,budapest_FP3,ecu_canbus_raw,schema_drift,detection,0.0095,True
8132eecf48b1,budapest_FP3,heart_rate_alt,schema_drift,detection,0.0061,True
46aa7bf49c61,budapest_FP3,ecu_canbus,string_in_numeric,detection,0.0027,True
a15e632c921a,budapest_FP3,throttle,string_in_numeric,detection,0.0049,True
47d561594120,budapest_FP3,rpm_canbus,schema_drift,detection,0.0057,True
763212fa9389,budapest_FP3,g_force_lateral_v2,schema_drift,detection,0.0109,True
4591fa3160a8,budapest_FP3,rpm,duplicate_timestamp,detection,0.0083,True
ef98654cf0fb,budapest_FP3,g_force_lateral,duplicate_timestamp,detection,0.0086,True
02aa7f97bf7e,budapest_FP3,brake_temp,duplicate_timestamp,detection,0.0081,True
523ca757579e,budapest_FP3,g_force_lateral_new,schema_drift,detection,0.0121,True
0061f144bc03,budapest_FP3,engine_temp,string_in_numeric,detection,0.0047,True
b6b16dbfc506,budapest_FP3,brake_temp,string_in_numeric,detection,0.0028,True
68f081ff442e,budapest_FP3,heart_rate_alt,schema_drift,detection,0.0078,True
b606528ff9ba,budapest_FP3,aero_load,duplicate_timestamp,detection,0.0045,True
62e2c5f24c22,budapest_FP3,brake_temp,duplicate_timestamp,detection,0.008,True
23a90de8e2a9,budapest_FP3,brake_temp_v2,schema_drift,detection,0.0053,True
3ef14dec9900,budapest_FP3,aero_load,duplicate_timestamp,detection,0.008,True
4ada8bb32fae,budapest_FP3,g_force_lateral,duplicate_timestamp,detection,0.0045,True
bcb38fb034c6,budapest_FP3,rpm,string_in_numeric,detection,0.0026,True
7de9743e1802,budapest_FP3,engine_temp_canbus,schema_drift,detection,0.0056,True
4009b27f53bb,budapest_FP3,heart_rate,string_in_numeric,detection,0.005,True
2fd4b3b554b6,budapest_FP3,speed,duplicate_timestamp,detection,0.0081,True
24b058ba09ef,budapest_FP3,ecu_canbus,string_in_numeric,detection,0.0096,True
41a188df8e44,budapest_FP3,ecu_canbus,duplicate_timestamp,detection,0.0079,True
8bd1340c6067,budapest_FP3,rpm,string_in_numeric,detection,0.0051,True
55c532942a3a,budapest_FP3,engine_temp,duplicate_timestamp,detection,0.0088,True
a1b54d3e9715,budapest_FP3,brake_temp,duplicate_timestamp,detection,0.0094,True
fb6ddf6ac005,budapest_FP3,heart_rate,duplicate_timestamp,detection,0.0087,True
88c16be546df,budapest_FP3,throttle,duplicate_timestamp,detection,0.0081,True
dbc57dd5c317,budapest_FP3,ecu_canbus,string_in_numeric,detection,0.0052,True
34ed626b40d9,budapest_FP3,speed_new,schema_drift,detection,0.0095,True
c135f47b3536,budapest_FP3,tyre_pressure,string_in_numeric,detection,0.0057,True
27d767eac43e,budapest_FP3,rpm,string_in_numeric,detection,0.0028,True
43d17b74a90e,budapest_FP3,tyre_pressure,string_in_numeric,detection,0.0047,True
951edf27fe6c,budapest_FP3,aero_load,duplicate_timestamp,detection,0.0093,True
750509a432a0,budapest_FP3,throttle,string_in_numeric,detection,0.0053,True
effbf6aaa462,budapest_QUALI,aero_load,string_in_numeric,detection,0.0029,True
59f2f5bc1558,budapest_QUALI,speed_new,schema_drift,detection,0.0054,True
177d0ec772e9,budapest_QUALI,heart_rate_new,schema_drift,detection,0.0096,True
5e3de8e7b247,budapest_QUALI,engine_temp,string_in_numeric,detection,0.0047,True
5c3484a6900a,budapest_QUALI,brake_temp_canbus,schema_drift,detection,0.0078,True
47603d3b791a,budapest_QUALI,ecu_canbus,duplicate_timestamp,detection,0.0077,True
93cd09055411,budapest_QUALI,aero_load,string_in_numeric,detection,0.0045,True
7d330f7b6483,budapest_QUALI,engine_temp_new,schema_drift,detection,0.0087,True
c8c881c6e2d1,budapest_QUALI,tyre_pressure,string_in_numeric,detection,0.0049,True
028fe9ead884,budapest_QUALI,brake_temp,string_in_numeric,detection,0.0039,True
6a342aa5adbd,budapest_QUALI,tyre_pressure,duplicate_timestamp,detection,0.0052,True
03aba56ee12b,budapest_QUALI,g_force_lateral,duplicate_timestamp,detection,0.0048,True
4c53bddb9af3,budapest_QUALI,g_force_lateral,string_in_numeric,detection,0.0057,True
a7b7b18aa549,budapest_QUALI,throttle,string_in_numeric,detection,0.0032,True
ee094cbd59f7,budapest_QUALI,brake_temp,duplicate_timestamp,detection,0.0093,True
08bc78ac2c66,budapest_QUALI,aero_load,string_in_numeric,detection,0.0028,True
f92a579dcb0d,budapest_QUALI,aero_load,duplicate_timestamp,detection,0.005,True
0c422d939131,budapest_QUALI,g_force_lateral,duplicate_timestamp,detection,0.0046,True
78d51c04458b,budapest_QUALI,aero_load,duplicate_timestamp,detection,0.0046,True
5d0748001169,budapest_QUALI,throttle_raw,schema_drift,detection,0.0099,True
500ce4d9f5d4,budapest_QUALI,engine_temp,string_in_numeric,detection,0.0044,True
023fd2f558ad,budapest_QUALI,g_force_lateral,duplicate_timestamp,detection,0.0078,True
386279424f8e,budapest_QUALI,tyre_pressure,duplicate_timestamp,detection,0.0043,True
c097a997080f,budapest_QUALI,throttle_canbus,schema_drift,detection,0.0053,True
1b1f4e6e8bde,budapest_QUALI,engine_temp_alt,schema_drift,detection,0.0049,True
03816adfe4a3,budapest_QUALI,speed_canbus,schema_drift,detection,0.0081,True
31fe3bfec0d7,budapest_QUALI,aero_load_raw,schema_drift,detection,0.0092,True
89bb594e64f2,budapest_QUALI,speed,string_in_numeric,detection,0.0045,True
2abf559c2168,budapest_QUALI,throttle,string_in_numeric,detection,0.0044,True
11396c7908b0,budapest_QUALI,rpm,duplicate_timestamp,detection,0.0044,True
9bf12dea1180,budapest_QUALI,throttle_raw,schema_drift,detection,0.0101,True
67d6a4d94064,budapest_QUALI,heart_rate_alt,schema_drift,detection,0.0054,True
8d0ff19dca28,budapest_QUALI,brake_temp,string_in_numeric,detection,0.0027,True
e6dd2ce4ae61,budapest_QUALI,engine_temp_new,schema_drift,detection,0.0097,True
87804ed7ff28,budapest_QUALI,speed_new,schema_drift,detection,0.0058,True
22c1a71d880c,budapest_QUALI,tyre_pressure_v2,schema_drift,detection,0.0055,True
f19cd227d0fc,budapest_QUALI,engine_temp,duplicate_timestamp,detection,0.0043,True
f915e96f708d,budapest_QUALI,aero_load,duplicate_timestamp,detection,0.0049,True
a058e3521332,budapest_QUALI,throttle,duplicate_timestamp,detection,0.0051,True
88e558585b07,budapest_QUALI,heart_rate,duplicate_timestamp,detection,0.0059,True
a35506c73268,budapest_QUALI,tyre_pressure,duplicate_timestamp,detection,0.0072,True
cda60feab3e0,budapest_QUALI,aero_load_v2,schema_drift,detection,0.0094,True
444ed0c84ef8,budapest_QUALI,ecu_canbus,string_in_numeric,detection,0.0027,True
a8dbb773ef9f,budapest_QUALI,rpm,duplicate_timestamp,detection,0.0047,True
9bf068c01447,budapest_QUALI,engine_temp,duplicate_timestamp,detection,0.0049,True
40a094eb7b94,budapest_QUALI,aero_load,string_in_numeric,detection,0.0028,True
b3d5ed01621e,budapest_QUALI,engine_temp,string_in_numeric,detection,0.0046,True
439c38a5a0e9,budapest_QUALI,rpm_new,schema_drift,detection,0.01,True
0022e7355f01,budapest_QUALI,g_force_lateral_raw,schema_drift,detection,0.0103,True
29764fc420ea,budapest_QUALI,engine_temp,duplicate_timestamp,detection,0.0089,True
8c294b6a70ef,budapest_QUALI,ecu_canbus_canbus,schema_drift,detection,0.0174,True
505a35524a94,budapest_QUALI,tyre_pressure,string_in_numeric,detection,0.0052,True
4ca4cc29bc0a,budapest_QUALI,aero_load,string_in_numeric,detection,0.003,True
35acf1d6e5b5,budapest_QUALI,ecu_canbus,string_in_numeric,detection,0.0028,True
4dddad3c3b7e,budapest_QUALI,aero_load_new,schema_drift,detection,0.0058,True
6419698dd6cb,budapest_QUALI,rpm,duplicate_timestamp,detection,0.0047,True
3d47d1688154,budapest_QUALI,speed,duplicate_timestamp,detection,0.0075,True
b7f066a81fd3,budapest_QUALI,engine_temp,string_in_numeric,detection,0.0053,True
0d4fcfc3faf6,budapest_QUALI,engine_temp,duplicate_timestamp,detection,0.0088,True
b67d0bcae9b2,budapest_QUALI,tyre_pressure_alt,schema_drift,detection,0.0085,True
23c8ec82c448,budapest_QUALI,ecu_canbus,string_in_numeric,detection,0.0052,True
ffb7e51de44f,budapest_QUALI,throttle,string_in_numeric,detection,0.003,True
01c635191907,budapest_QUALI,aero_load,duplicate_timestamp,detection,0.0049,True
72ac5d3de81e,budapest_QUALI,heart_rate_canbus,schema_drift,detection,0.0059,True
ffd13e5e0db1,budapest_QUALI,rpm,duplicate_timestamp,detection,0.0047,True
7e99eb09a4cb,budapest_QUALI,engine_temp,string_in_numeric,detection,0.0028,True
8ddbc938ec14,budapest_QUALI,ecu_canbus,duplicate_timestamp,detection,0.008,True
8ccec4aa262d,budapest_QUALI,heart_rate_canbus,schema_drift,detection,0.0059,True
d6a9bc2c2a20,budapest_QUALI,rpm,duplicate_timestamp,detection,0.0082,True
cb4b2cf2b28e,budapest_QUALI,g_force_lateral,duplicate_timestamp,detection,0.0085,True
5d5684b88454,budapest_QUALI,aero_load,duplicate_timestamp,detection,0.0095,True
e3733ec75b10,budapest_QUALI,aero_load,duplicate_timestamp,detection,0.0086,True
716a6d143813,budapest_QUALI,rpm_v2,schema_drift,detection,0.0091,True
a975b490c29f,budapest_QUALI,g_force_lateral,string_in_numeric,detection,0.0049,True
e4f404b3d855,budapest_QUALI,ecu_canbus,duplicate_timestamp,detection,0.0083,True
74e023a959c1,budapest_QUALI,g_force_lateral_alt,schema_drift,detection,0.0057,True
39e15e9a2e0c,budapest_QUALI,tyre_pressure,string_in_numeric,detection,0.0049,True
8ff04c2e1fd2,budapest_QUALI,tyre_pressure,string_in_numeric,detection,0.0028,True
a76a32880c55,budapest_QUALI,rpm,string_in_numeric,detection,0.0048,True
4da7887588ca,budapest_QUALI,aero_load_raw,schema_drift,detection,0.0102,True
0ff9b0b7b4d2,budapest_QUALI,g_force_lateral,string_in_numeric,detection,0.0044,True
fbea6f3969f5,budapest_QUALI,ecu_canbus,duplicate_timestamp,detection,0.0086,True
b3222715bad2,budapest_QUALI,engine_temp,string_in_numeric,detection,0.0053,True
fa62f338e712,budapest_QUALI,g_force_lateral_raw,schema_drift,detection,0.0088,True
473e08f8afeb,budapest_QUALI,throttle,string_in_numeric,detection,0.0048,True
7492c6138f38,budapest_QUALI,aero_load,duplicate_timestamp,detection,0.0188,True
bcf70b0f04fe,budapest_QUALI,g_force_lateral,duplicate_timestamp,detection,0.0084,True
3baf48eeb5da,budapest_QUALI,brake_temp,string_in_numeric,detection,0.0045,True
c387c77ce1fb,budapest_QUALI,brake_temp,duplicate_timestamp,detection,0.007,True
3be64193740d,budapest_QUALI,throttle,duplicate_timestamp,detection,0.0081,True
b4fb2752e0c3,budapest_QUALI,ecu_canbus,duplicate_timestamp,detection,0.0051,True
ead9d53cf4d3,budapest_QUALI,heart_rate,duplicate_timestamp,detection,0.0049,True
5457b02cc3d9,budapest_QUALI,engine_temp,duplicate_timestamp,detection,0.0079,True
01f3161389a6,budapest_QUALI,engine_temp_alt,schema_drift,detection,0.0096,True
ee42d3c20b3d,budapest_QUALI,throttle,duplicate_timestamp,detection,0.0083,True
038b4dee5807,budapest_QUALI,rpm,duplicate_timestamp,detection,0.008,True
1afb14f2cd96,budapest_QUALI,heart_rate,string_in_numeric,detection,0.0028,True
9cd7662c6d06,budapest_QUALI,throttle_alt,schema_drift,detection,0.009,True
a95c4e23f0f2,budapest_QUALI,aero_load_v2,schema_drift,detection,0.0089,True
b1203bbfbbd0,budapest_QUALI,aero_load_alt,schema_drift,detection,0.0097,True
0db214abfe00,budapest_QUALI,brake_temp,string_in_numeric,detection,0.0049,True
130b3e8f8ecc,budapest_QUALI,throttle_new,schema_drift,detection,0.0059,True
79d027f636b5,budapest_QUALI,throttle,duplicate_timestamp,detection,0.0069,True
05007d98aaa6,budapest_QUALI,engine_temp,duplicate_timestamp,detection,0.0049,True
7f55bd385892,budapest_QUALI,g_force_lateral_raw,schema_drift,detection,0.0096,True
2d6c2ad32ce2,budapest_QUALI,ecu_canbus,duplicate_timestamp,detection,0.0046,True
cdf00c05be22,budapest_QUALI,brake_temp,string_in_numeric,detection,0.0052,True
4b38a372354c,budapest_QUALI,throttle,duplicate_timestamp,detection,0.0083,True
99e85c3ae9fb,budapest_QUALI,g_force_lateral_canbus,schema_drift,detection,0.0094,True
f9b62c782973,budapest_QUALI,throttle,duplicate_timestamp,detection,0.0045,True
8af7d23a02f0,budapest_QUALI,ecu_canbus,duplicate_timestamp,detection,0.0052,True
b8e71d391037,budapest_QUALI,aero_load_raw,schema_drift,detection,0.0192,True
8fe0a4975c64,budapest_QUALI,throttle_v2,schema_drift,detection,0.0102,True
87a099576f86,budapest_QUALI,tyre_pressure,string_in_numeric,detection,0.005,True
00c7a5a5020a,budapest_QUALI,g_force_lateral,duplicate_timestamp,detection,0.0093,True
94e32dc69eb1,budapest_QUALI,g_force_lateral,string_in_numeric,detection,0.0027,True
baa3623fa7a5,budapest_QUALI,speed,string_in_numeric,detection,0.0044,True
349d64a3f01b,budapest_QUALI,throttle,string_in_numeric,detection,0.0047,True
27e773a78ad0,budapest_QUALI,ecu_canbus,string_in_numeric,detection,0.003,True
6b71c929217d,budapest_QUALI,tyre_pressure,string_in_numeric,detection,0.0026,True
7fdcc2b7b16b,budapest_QUALI,engine_temp,duplicate_timestamp,detection,0.0087,True
ad1bfe9ae380,budapest_QUALI,tyre_pressure,string_in_numeric,detection,0.0029,True
5913ce065757,budapest_QUALI,brake_temp,string_in_numeric,detection,0.0029,True
e3eeb2c4f91d,budapest_QUALI,g_force_lateral,string_in_numeric,detection,0.0053,True
662e0a3dcc50,budapest_QUALI,ecu_canbus,string_in_numeric,detection,0.005,True
ae1947f1c604,budapest_QUALI,tyre_pressure_canbus,schema_drift,detection,0.0103,True
c782ab8c400e,budapest_QUALI,engine_temp,duplicate_timestamp,detection,0.0046,True
2ba56720d4da,budapest_QUALI,brake_temp,string_in_numeric,detection,0.0049,True
ae4c496e019b,budapest_QUALI,throttle,string_in_numeric,detection,0.0047,True
529510936dc3,budapest_QUALI,heart_rate,duplicate_timestamp,detection,0.0077,True
1b0c9e96d829,budapest_QUALI,rpm_raw,schema_drift,detection,0.0097,True
94148e3dc451,budapest_QUALI,rpm,string_in_numeric,detection,0.0041,True
0472e1a73c01,budapest_QUALI,ecu_canbus_canbus,schema_drift,detection,0.0101,True
730a3b99c946,budapest_QUALI,tyre_pressure_new,schema_drift,detection,0.0049,True
0ee90ba8a768,budapest_QUALI,heart_rate,duplicate_timestamp,detection,0.0075,True
95dcb006469f,budapest_QUALI,engine_temp,duplicate_timestamp,detection,0.0085,True
d0882c769168,budapest_QUALI,throttle,string_in_numeric,detection,0.0047,True
c3c606978534,budapest_QUALI,heart_rate,string_in_numeric,detection,0.0041,True
d0bbdaac736d,budapest_QUALI,rpm,string_in_numeric,detection,0.0048,True
90a4dcee367d,budapest_QUALI,heart_rate,string_in_numeric,detection,0.0049,True
92399309763b,budapest_QUALI,tyre_pressure,duplicate_timestamp,detection,0.0101,True
4f3bd032fe58,budapest_QUALI,heart_rate,string_in_numeric,detection,0.0046,True
82c3f6451063,budapest_QUALI,speed,duplicate_timestamp,detection,0.009,True
645e8148a318,budapest_QUALI,rpm,string_in_numeric,detection,0.0055,True
23f690700ed8,budapest_QUALI,rpm,duplicate_timestamp,detection,0.005,True
4ab66b0f24cc,budapest_QUALI,tyre_pressure,string_in_numeric,detection,0.003,True
7361ac1e72e9,budapest_QUALI,speed_alt,schema_drift,detection,0.011,True
9f96fe574a90,budapest_QUALI,brake_temp_new,schema_drift,detection,0.0056,True
53601bd83e0f,budapest_QUALI,tyre_pressure,duplicate_timestamp,detection,0.0048,True
6074f28a45e6,budapest_QUALI,speed,string_in_numeric,detection,0.0042,True
c9d2c9d1c276,budapest_QUALI,aero_load,duplicate_timestamp,detection,0.0089,True
ad5d1806521e,budapest_QUALI,g_force_lateral,string_in_numeric,detection,0.0031,True
533450621c13,budapest_QUALI,ecu_canbus,duplicate_timestamp,detection,0.0045,True
9b94432b5e1e,budapest_QUALI,ecu_canbus_canbus,schema_drift,detection,0.0091,True
4753d7261d58,budapest_QUALI,heart_rate_new,schema_drift,detection,0.0083,True
4dc9b0584e98,budapest_QUALI,rpm_canbus,schema_drift,detection,0.0097,True
6ab359527201,budapest_QUALI,tyre_pressure,duplicate_timestamp,detection,0.0085,True
94fb9ab6464e,budapest_QUALI,engine_temp_canbus,schema_drift,detection,0.0061,True
b65c8f4f79fa,budapest_QUALI,g_force_lateral,string_in_numeric,detection,0.0031,True
e0a3cb722dfb,budapest_QUALI,tyre_pressure,string_in_numeric,detection,0.0052,True
cbaf1d48da47,budapest_QUALI,brake_temp,string_in_numeric,detection,0.0051,True
af36ab20ebd6,budapest_QUALI,ecu_canbus_raw,schema_drift,detection,0.0062,True
a9aa0b668ed9,budapest_QUALI,ecu_canbus_new,schema_drift,detection,0.0054,True
572bbe514767,budapest_QUALI,ecu_canbus_v2,schema_drift,detection,0.0091,True
a97a02a40c28,budapest_QUALI,g_force_lateral_new,schema_drift,detection,0.0105,True
5f4d6a85bfbc,budapest_QUALI,speed,string_in_numeric,detection,0.0039,True
923f92f106e3,budapest_QUALI,speed,duplicate_timestamp,detection,0.0051,True
f1abe4c6444b,budapest_QUALI,brake_temp,duplicate_timestamp,detection,0.009,True
80768412fec4,budapest_QUALI,rpm_canbus,schema_drift,detection,0.0059,True
833f3ed96d41,budapest_QUALI,throttle,duplicate_timestamp,detection,0.0087,True
ccd5c71b8a31,budapest_QUALI,g_force_lateral,duplicate_timestamp,detection,0.086,True
94bdbb4ca88b,budapest_QUALI,brake_temp,duplicate_timestamp,detection,0.0076,True
354682a669a9,budapest_QUALI,brake_temp_alt,schema_drift,detection,0.0092,True
2768c404f337,budapest_QUALI,aero_load_raw,schema_drift,detection,0.0097,True
fedbc62ac4c9,budapest_QUALI,throttle_raw,schema_drift,detection,0.0099,True
1ff844cfb16c,budapest_QUALI,rpm,duplicate_timestamp,detection,0.0077,True
3f2ddebeb316,budapest_QUALI,g_force_lateral,string_in_numeric,detection,0.0029,True
620b7426d065,budapest_QUALI,g_force_lateral_raw,schema_drift,detection,0.009,True
70f5856175a8,budapest_QUALI,brake_temp_raw,schema_drift,detection,0.0091,True
4e16fc2c1e88,budapest_QUALI,speed,duplicate_timestamp,detection,0.0088,True
e4bb04611b70,budapest_QUALI,rpm,string_in_numeric,detection,0.0047,True
f48936064098,budapest_QUALI,tyre_pressure,string_in_numeric,detection,0.0048,True
e70be7d6c5a5,budapest_QUALI,aero_load,string_in_numeric,detection,0.0046,True
4d305fb1221b,budapest_QUALI,brake_temp,string_in_numeric,detection,0.0043,True
2fc3f9235e98,budapest_QUALI,heart_rate,duplicate_timestamp,detection,0.007,True
ae15f055610e,budapest_QUALI,brake_temp_canbus,schema_drift,detection,0.0104,True
c1367b9784c0,budapest_QUALI,brake_temp,string_in_numeric,detection,0.0047,True
33936cda4cec,budapest_QUALI,rpm_new,schema_drift,detection,0.0096,True
bfcf456a539d,budapest_QUALI,heart_rate,duplicate_timestamp,detection,0.0083,True
98e92beb0cdc,budapest_QUALI,brake_temp,duplicate_timestamp,detection,0.0081,True
bfaed895de39,budapest_QUALI,engine_temp_alt,schema_drift,detection,0.0092,True
cbbdb1839323,budapest_QUALI,throttle,duplicate_timestamp,detection,0.0045,True
58a4057e9434,budapest_QUALI,speed,string_in_numeric,detection,0.0048,True
9a6599f27543,budapest_QUALI,g_force_lateral_new,schema_drift,detection,0.0101,True
01ac82344ef9,budapest_QUALI,tyre_pressure_canbus,schema_drift,detection,0.0097,True
60f926916c35,budapest_QUALI,speed_alt,schema_drift,detection,0.0101,True
7a8326ff7fca,budapest_QUALI,throttle,string_in_numeric,detection,0.0052,True
829f426d740c,budapest_QUALI,heart_rate_canbus,schema_drift,detection,0.0078,True
926688225ff1,budapest_QUALI,g_force_lateral,string_in_numeric,detection,0.0029,True
e8baf72da139,budapest_QUALI,speed,duplicate_timestamp,detection,0.0079,True
f00b8b4067ad,budapest_QUALI,throttle_alt,schema_drift,detection,0.0101,True
fb4bfe6a3651,budapest_QUALI,heart_rate,duplicate_timestamp,detection,0.0058,True
d45c2b303e7f,budapest_QUALI,speed,string_in_numeric,detection,0.0026,True
3b832040aac6,budapest_QUALI,brake_temp_alt,schema_drift,detection,0.005,True
b8a8464e3b98,budapest_QUALI,throttle_raw,schema_drift,detection,0.0091,True
2482c6b17e1e,budapest_QUALI,g_force_lateral,string_in_numeric,detection,0.0049,True
d66d77cdc414,budapest_QUALI,heart_rate,string_in_numeric,detection,0.0052,True
cd04f26afd61,budapest_QUALI,aero_load,string_in_numeric,detection,0.0047,True
cf67e3f08f19,budapest_QUALI,heart_rate_canbus,schema_drift,detection,0.0106,True
b390af599767,budapest_QUALI,speed,duplicate_timestamp,detection,0.0087,True
b097fe1c1d84,budapest_QUALI,g_force_lateral,string_in_numeric,detection,0.0052,True
721e5b21250a,budapest_QUALI,tyre_pressure,string_in_numeric,detection,0.0055,True
ceb402e3967d,budapest_QUALI,g_force_lateral_v2,schema_drift,detection,0.0097,True
f402c40ffffe,budapest_QUALI,speed,string_in_numeric,detection,0.0047,True
bc853e11e424,budapest_QUALI,rpm,duplicate_timestamp,detection,0.0044,True
80a0aa99aed7,budapest_QUALI,engine_temp,duplicate_timestamp,detection,0.0058,True
d604ece693f9,budapest_QUALI,engine_temp,duplicate_timestamp,detection,0.009,True
8f6e805d59db,budapest_QUALI,heart_rate,duplicate_timestamp,detection,0.0078,True
7cf9b277994d,budapest_QUALI,g_force_lateral,duplicate_timestamp,detection,0.0072,True
ec52794ed396,budapest_QUALI,rpm,duplicate_timestamp,detection,0.0082,True
d934f8d939fc,budapest_QUALI,rpm,string_in_numeric,detection,0.0047,True
14a35d70f660,budapest_QUALI,heart_rate_new,schema_drift,detection,0.0093,True
a701a1f65b35,budapest_QUALI,brake_temp,string_in_numeric,detection,0.0049,True
d07b642c66cb,budapest_QUALI,ecu_canbus_raw,schema_drift,detection,0.0091,True
46ff32cd2fe7,budapest_QUALI,g_force_lateral,duplicate_timestamp,detection,0.0086,True
c3f27ab573e5,budapest_QUALI,aero_load,string_in_numeric,detection,0.0029,True
451e25d3b876,budapest_QUALI,engine_temp,string_in_numeric,detection,0.0032,True
762fa3838bc6,budapest_QUALI,aero_load,duplicate_timestamp,detection,0.0047,True
ece015f31f02,budapest_QUALI,brake_temp_raw,schema_drift,detection,0.0086,True
04b1cd892c22,budapest_QUALI,engine_temp,duplicate_timestamp,detection,0.0081,True
5fb379735417,budapest_QUALI,throttle,string_in_numeric,detection,0.0048,True
7ee7d227eb56,budapest_QUALI,tyre_pressure,string_in_numeric,detection,0.0044,True
edd8ac7dee05,budapest_QUALI,heart_rate,string_in_numeric,detection,0.003,True
1c1a2ca027ef,budapest_QUALI,throttle,string_in_numeric,detection,0.0064,True
649bf0d7ac4c,budapest_QUALI,throttle,string_in_numeric,detection,0.0052,True
c235aab9c918,budapest_QUALI,tyre_pressure,duplicate_timestamp,detection,0.0073,True
ef1d9b11685d,budapest_QUALI,ecu_canbus,duplicate_timestamp,detection,0.0048,True
5d7dcc0f81f5,budapest_QUALI,rpm_alt,schema_drift,detection,0.0086,True
7e071ce1763f,budapest_QUALI,heart_rate_canbus,schema_drift,detection,0.0109,True
b581d4f1d723,budapest_QUALI,speed_v2,schema_drift,detection,0.0089,True
df5dd3e5f062,budapest_QUALI,throttle,duplicate_timestamp,detection,0.009,True
ab466b2e645b,budapest_QUALI,speed,duplicate_timestamp,detection,0.0044,True
6b62c1e16894,budapest_QUALI,aero_load_new,schema_drift,detection,0.0069,True
270c239777be,budapest_QUALI,ecu_canbus,string_in_numeric,detection,0.0028,True
6790a3abd774,budapest_QUALI,speed_v2,schema_drift,detection,0.0054,True
d8386345b199,budapest_QUALI,rpm,duplicate_timestamp,detection,0.0081,True
400cd4ae99fe,budapest_RACE,tyre_pressure_canbus,schema_drift,detection,0.0093,True
a2a6db212089,budapest_RACE,ecu_canbus,string_in_numeric,detection,0.003,True
780d91957427,budapest_RACE,speed,string_in_numeric,detection,0.0029,True
0d6a625b4e95,budapest_RACE,g_force_lateral,string_in_numeric,detection,0.0026,True
6daf2a6e3929,budapest_RACE,tyre_pressure,string_in_numeric,detection,0.0044,True
8c5708675f0f,budapest_RACE,speed,string_in_numeric,detection,0.003,True
12611f2d5af2,budapest_RACE,engine_temp,string_in_numeric,detection,0.0047,True
2bc1fe0224bd,budapest_RACE,heart_rate,duplicate_timestamp,detection,0.0076,True
0fef2e2c2b83,budapest_RACE,speed_raw,schema_drift,detection,0.0049,True
e9a18dc3264c,budapest_RACE,speed_alt,schema_drift,detection,0.0051,True
f2a14eba13e8,budapest_RACE,heart_rate,string_in_numeric,detection,0.0026,True
fe59dc985129,budapest_RACE,tyre_pressure,duplicate_timestamp,detection,0.0076,True
79b23831d152,budapest_RACE,aero_load,duplicate_timestamp,detection,0.0092,True
938dee984cae,budapest_RACE,ecu_canbus_v2,schema_drift,detection,0.0053,True
30f576c6c43b,budapest_RACE,ecu_canbus_raw,schema_drift,detection,0.0123,True
0fedfca7c750,budapest_RACE,rpm_raw,schema_drift,detection,0.0132,True
0c13b545da61,budapest_RACE,throttle,duplicate_timestamp,detection,0.0069,True
8ac384aef366,budapest_RACE,g_force_lateral,duplicate_timestamp,detection,0.0096,True
4ae77aa0b678,budapest_RACE,brake_temp,string_in_numeric,detection,0.0047,True
b925e515bbf1,budapest_RACE,heart_rate,duplicate_timestamp,detection,0.0063,True
ae6c5d7dc8ac,budapest_RACE,speed,string_in_numeric,detection,0.0026,True
d6f77de77cfe,budapest_RACE,aero_load_new,schema_drift,detection,0.0056,True
14e5f81f6723,budapest_RACE,g_force_lateral,duplicate_timestamp,detection,0.0046,True
59a82e7c8379,budapest_RACE,g_force_lateral_new,schema_drift,detection,0.009,True
d81752d075e6,budapest_RACE,heart_rate,duplicate_timestamp,detection,0.0091,True
8f60666b8900,budapest_RACE,g_force_lateral,string_in_numeric,detection,0.0061,True
805777b9980c,budapest_RACE,brake_temp,string_in_numeric,detection,0.0045,True
ebfa2059fdc2,budapest_RACE,brake_temp_alt,schema_drift,detection,0.0106,True
6915ec98c1f1,budapest_RACE,heart_rate,string_in_numeric,detection,0.005,True
ff9ab6834897,budapest_RACE,engine_temp,duplicate_timestamp,detection,0.0076,True
eaf907c309f5,budapest_RACE,throttle_raw,schema_drift,detection,0.0093,True
806df2c16547,budapest_RACE,speed_canbus,schema_drift,detection,0.0105,True
155b50c43d58,budapest_RACE,brake_temp_canbus,schema_drift,detection,0.007,True
df5f145e555d,budapest_RACE,g_force_lateral,duplicate_timestamp,detection,0.008,True
f99d8cba15b0,budapest_RACE,ecu_canbus_alt,schema_drift,detection,0.0091,True
1b64c4eba74c,budapest_RACE,tyre_pressure_canbus,schema_drift,detection,0.0095,True
09d57de7e3f5,budapest_RACE,engine_temp,duplicate_timestamp,detection,0.0049,True
c9edd15cd205,budapest_RACE,g_force_lateral_alt,schema_drift,detection,0.0093,True
3c8810994bb9,budapest_RACE,tyre_pressure_alt,schema_drift,detection,0.009,True
cb51354c6c4f,budapest_RACE,rpm_raw,schema_drift,detection,0.0093,True
ef8c6047f4f8,budapest_RACE,throttle,string_in_numeric,detection,0.0044,True
c446e16242f7,budapest_RACE,tyre_pressure,duplicate_timestamp,detection,0.005,True
1fadc4fae415,budapest_RACE,aero_load_canbus,schema_drift,detection,0.0057,True
07a54e079395,budapest_RACE,tyre_pressure,duplicate_timestamp,detection,0.0045,True
bbbf2ea73a3f,budapest_RACE,speed,string_in_numeric,detection,0.0044,True
5508e8c38cb2,budapest_RACE,rpm,duplicate_timestamp,detection,0.0084,True
38bb29076a77,budapest_RACE,aero_load,string_in_numeric,detection,0.0049,True
24aa528fa7e1,budapest_RACE,g_force_lateral,duplicate_timestamp,detection,0.0092,True
d4b1846c3dd1,budapest_RACE,ecu_canbus,duplicate_timestamp,detection,0.0084,True
301d15642250,budapest_RACE,ecu_canbus,duplicate_timestamp,detection,0.0046,True
0bdff0952bb5,budapest_RACE,throttle_raw,schema_drift,detection,0.0052,True
a706b840df38,budapest_RACE,heart_rate,string_in_numeric,detection,0.005,True
48a362dfc96f,budapest_RACE,engine_temp_alt,schema_drift,detection,0.0087,True
de51dbd3f490,budapest_RACE,speed_alt,schema_drift,detection,0.0051,True
97b4d94f97a1,budapest_RACE,throttle,duplicate_timestamp,detection,0.0044,True
d5b9ea7fb8aa,budapest_RACE,aero_load,duplicate_timestamp,detection,0.0083,True
2c4515241091,budapest_RACE,g_force_lateral,duplicate_timestamp,detection,0.0083,True
c78603309138,budapest_RACE,throttle_alt,schema_drift,detection,0.0094,True
efe7ba141239,budapest_RACE,ecu_canbus,string_in_numeric,detection,0.0026,True
1599add3b5c5,budapest_RACE,tyre_pressure,duplicate_timestamp,detection,0.0045,True
9a9d2ed85391,budapest_RACE,brake_temp,duplicate_timestamp,detection,0.0048,True
6e2523b8a7b5,budapest_RACE,ecu_canbus,duplicate_timestamp,detection,0.005,True
72933b069869,budapest_RACE,g_force_lateral,duplicate_timestamp,detection,0.0047,True
ab667c46014b,budapest_RACE,tyre_pressure,string_in_numeric,detection,0.003,True
7ee2c4ddff92,budapest_RACE,tyre_pressure,string_in_numeric,detection,0.0026,True
29eca3ce0ada,budapest_RACE,heart_rate_raw,schema_drift,detection,0.0054,True
15c217fb6ed4,budapest_RACE,speed,string_in_numeric,detection,0.0027,True
c94c1e5a64e5,budapest_RACE,g_force_lateral,string_in_numeric,detection,0.0029,True
33230895448f,budapest_RACE,throttle_raw,schema_drift,detection,0.0054,True
dde14c79d7ec,budapest_RACE,engine_temp,duplicate_timestamp,detection,0.0056,True
202b52f8de56,budapest_RACE,brake_temp,string_in_numeric,detection,0.0027,True
27192168d44e,budapest_RACE,aero_load,string_in_numeric,detection,0.0024,True
7ba12652d533,budapest_RACE,ecu_canbus_raw,schema_drift,detection,0.0053,True
6e0ac242b123,budapest_RACE,speed,string_in_numeric,detection,0.0029,True
85b1f8c47fd4,budapest_RACE,brake_temp_v2,schema_drift,detection,0.0057,True
582b26a4d69b,budapest_RACE,ecu_canbus_new,schema_drift,detection,0.0049,True
b823da2bef86,budapest_RACE,heart_rate_v2,schema_drift,detection,0.0055,True
f54958bf70b0,budapest_RACE,ecu_canbus_v2,schema_drift,detection,0.0056,True
3be564e79e96,budapest_RACE,tyre_pressure,duplicate_timestamp,detection,0.0058,True
62a22e813474,budapest_RACE,heart_rate,string_in_numeric,detection,0.0025,True
14ca8c6f2920,budapest_RACE,engine_temp_new,schema_drift,detection,0.0053,True
6d0e059c6c24,budapest_RACE,brake_temp_alt,schema_drift,detection,0.0056,True
67fa39f5c86a,budapest_RACE,heart_rate_new,schema_drift,detection,0.0054,True
f35477d2942b,budapest_RACE,engine_temp,string_in_numeric,detection,0.0032,True
09a376cd6021,budapest_RACE,rpm,string_in_numeric,detection,0.0032,True
6885b8e33c7d,budapest_RACE,throttle_raw,schema_drift,detection,0.0059,True
f1590f6180c6,budapest_RACE,g_force_lateral,string_in_numeric,detection,0.0032,True
a7bf6aa245c2,budapest_RACE,heart_rate,string_in_numeric,detection,0.0033,True
e498350f8f0a,budapest_RACE,brake_temp,duplicate_timestamp,detection,0.0061,True
561e37b23cd5,budapest_RACE,brake_temp,duplicate_timestamp,detection,0.0047,True
1a0c1693fc8a,budapest_RACE,speed_alt,schema_drift,detection,0.0054,True
5fc9793ec69b,budapest_RACE,heart_rate,duplicate_timestamp,detection,0.0051,True
8cc6e5252975,budapest_RACE,speed,string_in_numeric,detection,0.0027,True
b31e2043ab3d,budapest_RACE,speed,duplicate_timestamp,detection,0.005,True
fc12bbcbb2b1,budapest_RACE,ecu_canbus,duplicate_timestamp,detection,0.0051,True
ea2e3807b154,budapest_RACE,g_force_lateral,duplicate_timestamp,detection,0.008,True
2e7bc80e906b,budapest_RACE,engine_temp,duplicate_timestamp,detection,0.0089,True
f22d4f38712b,budapest_RACE,throttle,duplicate_timestamp,detection,0.0084,True
52fab4574307,budapest_RACE,tyre_pressure,duplicate_timestamp,detection,0.0046,True
8a51cc588f59,budapest_RACE,rpm,duplicate_timestamp,detection,0.0085,True
997d3bc2e3d5,budapest_RACE,engine_temp,string_in_numeric,detection,0.0052,True
1eeb994461af,budapest_RACE,ecu_canbus_canbus,schema_drift,detection,0.0099,True
b8fde4f49812,budapest_RACE,rpm_new,schema_drift,detection,0.0097,True
10ed674fd5d3,budapest_RACE,brake_temp,string_in_numeric,detection,0.0027,True
6d2c55942039,budapest_RACE,g_force_lateral,string_in_numeric,detection,0.0028,True
6121c71d1b9d,budapest_RACE,brake_temp_canbus,schema_drift,detection,0.0058,True
7026663a397e,budapest_RACE,g_force_lateral,string_in_numeric,detection,0.0028,True
e085b614bbcf,budapest_RACE,engine_temp,duplicate_timestamp,detection,0.0049,True
f6c3bb82d24f,budapest_RACE,ecu_canbus,string_in_numeric,detection,0.0026,True
2302c1b565f1,budapest_RACE,g_force_lateral,string_in_numeric,detection,0.0029,True
d34d9b36633b,budapest_RACE,speed,duplicate_timestamp,detection,0.005,True
627cb2681401,budapest_RACE,ecu_canbus_canbus,schema_drift,detection,0.0072,True
2f7c5965ce9b,budapest_RACE,engine_temp,string_in_numeric,detection,0.0028,True
048d95927429,budapest_RACE,rpm,string_in_numeric,detection,0.0025,True
ad09a756815a,budapest_RACE,speed_raw,schema_drift,detection,0.0055,True
3b8940218bb1,budapest_RACE,engine_temp,duplicate_timestamp,detection,0.0047,True
b509b4d31f09,budapest_RACE,ecu_canbus,duplicate_timestamp,detection,0.0039,True
e76f08686f21,budapest_RACE,heart_rate,duplicate_timestamp,detection,0.0044,True
9f72a620f717,budapest_RACE,ecu_canbus_new,schema_drift,detection,0.0051,True
e0494e10a91e,budapest_RACE,g_force_lateral,string_in_numeric,detection,0.0029,True
e47969712987,budapest_RACE,throttle,string_in_numeric,detection,0.003,True
44772aa2bf68,budapest_RACE,throttle_canbus,schema_drift,detection,0.006,True
2e3b84930d68,budapest_RACE,rpm_canbus,schema_drift,detection,0.0064,True
44a6cbafbf98,budapest_RACE,ecu_canbus_canbus,schema_drift,detection,0.0065,True
df657fa15951,budapest_RACE,engine_temp,duplicate_timestamp,detection,0.0051,True
aef48259de08,budapest_RACE,g_force_lateral_alt,schema_drift,detection,0.0052,True
e9343dfbc61d,budapest_RACE,g_force_lateral,string_in_numeric,detection,0.0029,True
fd6f737a1630,budapest_RACE,brake_temp,string_in_numeric,detection,0.0022,True
32f52218002c,budapest_RACE,ecu_canbus,string_in_numeric,detection,0.0037,True
71fe2f6831d1,budapest_RACE,rpm_canbus,schema_drift,detection,0.0056,True
219d132fe67c,budapest_RACE,throttle_alt,schema_drift,detection,0.0052,True
89c802fd8363,budapest_RACE,engine_temp,duplicate_timestamp,detection,0.0044,True
f3f209b81b01,budapest_RACE,g_force_lateral,duplicate_timestamp,detection,0.0048,True
959565c85cfc,budapest_RACE,heart_rate,duplicate_timestamp,detection,0.0053,True
4df3ab1f3852,budapest_RACE,g_force_lateral,string_in_numeric,detection,0.0029,True
b765d4d6855b,budapest_RACE,rpm,duplicate_timestamp,detection,0.0042,True
e20935f27c54,budapest_RACE,ecu_canbus,string_in_numeric,detection,0.0024,True
000f7131d7ac,budapest_RACE,ecu_canbus_alt,schema_drift,detection,0.007,True
3d2bb875aa09,budapest_RACE,speed,duplicate_timestamp,detection,0.0064,True
ddf7cbec5fc8,budapest_RACE,engine_temp_alt,schema_drift,detection,0.0067,True
9263a2054cbc,budapest_RACE,heart_rate_v2,schema_drift,detection,0.0053,True
92349b1035fc,budapest_RACE,tyre_pressure,string_in_numeric,detection,0.0029,True
d553f4da2758,budapest_RACE,aero_load,string_in_numeric,detection,0.0028,True
c567339c64c3,budapest_RACE,brake_temp,string_in_numeric,detection,0.0027,True
36eb852ac764,budapest_RACE,heart_rate,duplicate_timestamp,detection,0.0042,True
0a8c6d1dc014,budapest_RACE,heart_rate,string_in_numeric,detection,0.0027,True
05d959287477,budapest_RACE,tyre_pressure_new,schema_drift,detection,0.0054,True
1b0f683745c4,budapest_RACE,throttle,duplicate_timestamp,detection,0.0045,True
6826f9fa9cb1,budapest_RACE,speed,duplicate_timestamp,detection,0.0052,True
c03c16f72334,budapest_RACE,ecu_canbus,duplicate_timestamp,detection,0.0102,True
089223add828,budapest_RACE,engine_temp_raw,schema_drift,detection,0.0053,True
1db2cc598468,budapest_RACE,speed_raw,schema_drift,detection,0.0047,True
6abcf4cb13ea,budapest_RACE,tyre_pressure_v2,schema_drift,detection,0.0054,True
42ffba76e293,budapest_RACE,engine_temp,string_in_numeric,detection,0.0031,True
8b26e30ed515,budapest_RACE,speed,duplicate_timestamp,detection,0.0047,True
23d74ecfce53,budapest_RACE,heart_rate_raw,schema_drift,detection,0.0065,True
9d81e2e2ba83,budapest_RACE,aero_load_canbus,schema_drift,detection,0.0058,True
7a395d014a97,budapest_RACE,engine_temp,duplicate_timestamp,detection,0.0052,True
fee5cd6ae2ec,budapest_RACE,engine_temp,duplicate_timestamp,detection,0.0046,True
efc95f6740ec,budapest_RACE,ecu_canbus,string_in_numeric,detection,0.0026,True
dbfd76fc9d74,budapest_RACE,rpm,duplicate_timestamp,detection,0.006,True
67f4293ef2dc,budapest_RACE,aero_load,duplicate_timestamp,detection,0.0042,True
7afa97c6feb0,budapest_RACE,heart_rate,duplicate_timestamp,detection,0.0048,True
5ccefc6ce59a,budapest_RACE,g_force_lateral_raw,schema_drift,detection,0.0052,True
b17e119f927b,budapest_RACE,aero_load_canbus,schema_drift,detection,0.0057,True
a33d97b36b53,budapest_RACE,g_force_lateral,duplicate_timestamp,detection,0.0048,True
8ec9f4f2cb83,budapest_RACE,aero_load_raw,schema_drift,detection,0.0102,True
fea25c900edf,budapest_RACE,throttle_v2,schema_drift,detection,0.0049,True
f91b804cfc57,budapest_RACE,speed,string_in_numeric,detection,0.003,True
1da2405fa13f,budapest_RACE,throttle,duplicate_timestamp,detection,0.0043,True
1c805f4ac9e8,budapest_RACE,throttle_canbus,schema_drift,detection,0.0061,True
d92c5d17842b,budapest_RACE,engine_temp,duplicate_timestamp,detection,0.0041,True
bc43e0d4c107,budapest_RACE,speed_raw,schema_drift,detection,0.0054,True
95b67362d4e9,budapest_RACE,heart_rate_alt,schema_drift,detection,0.0056,True
1a5b762b1e8f,budapest_RACE,ecu_canbus,string_in_numeric,detection,0.0027,True
002411bdd628,budapest_RACE,heart_rate,duplicate_timestamp,detection,0.0048,True
c105c78d9767,budapest_RACE,ecu_canbus,string_in_numeric,detection,0.0027,True
4993c6f14793,budapest_RACE,engine_temp,string_in_numeric,detection,0.0037,True
1fe71ccaab2a,budapest_RACE,throttle,string_in_numeric,detection,0.003,True
b9e1ad30fccf,budapest_RACE,aero_load,duplicate_timestamp,detection,0.0051,True
43a8253b3e42,budapest_RACE,throttle_alt,schema_drift,detection,0.0051,True
6ed75d94150f,budapest_RACE,g_force_lateral,duplicate_timestamp,detection,0.0043,True
2f76e07a95e9,budapest_RACE,aero_load,string_in_numeric,detection,0.0027,True
a69909ef4327,budapest_RACE,ecu_canbus,duplicate_timestamp,detection,0.0045,True
0ebf545126b8,budapest_RACE,aero_load,string_in_numeric,detection,0.0027,True
ae00ec796cc4,budapest_RACE,tyre_pressure_canbus,schema_drift,detection,0.0064,True
3da2a01e3216,budapest_RACE,speed,duplicate_timestamp,detection,0.0045,True
b5ebbdb52676,budapest_RACE,heart_rate,string_in_numeric,detection,0.0033,True
553185f48130,budapest_RACE,tyre_pressure,duplicate_timestamp,detection,0.0054,True
18a9488039a1,budapest_RACE,throttle,duplicate_timestamp,detection,0.005,True
191a2a16986e,budapest_RACE,aero_load,duplicate_timestamp,detection,0.0045,True
d36514f158d1,budapest_RACE,heart_rate_alt,schema_drift,detection,0.006,True
b257dc9b1d17,budapest_RACE,ecu_canbus_new,schema_drift,detection,0.0052,True
546060a0bed4,budapest_RACE,rpm_new,schema_drift,detection,0.0056,True
77a0d8f4a33e,budapest_RACE,aero_load_canbus,schema_drift,detection,0.03,True
ab166c8bc73a,budapest_RACE,heart_rate,duplicate_timestamp,detection,0.0049,True
3fd8805a408c,budapest_RACE,tyre_pressure,string_in_numeric,detection,0.0023,True
aa686536b7d4,budapest_RACE,heart_rate,duplicate_timestamp,detection,0.0046,True
7012e7b27eba,budapest_RACE,heart_rate,duplicate_timestamp,detection,0.0041,True
d8813043b8ac,budapest_RACE,throttle,string_in_numeric,detection,0.0029,True
a4490c234520,budapest_RACE,brake_temp,string_in_numeric,detection,0.0028,True
835005ab3b02,budapest_RACE,throttle,string_in_numeric,detection,0.0025,True
f59ffd495e09,budapest_RACE,speed,string_in_numeric,detection,0.0028,True
1dc05b60c437,budapest_RACE,rpm,duplicate_timestamp,detection,0.0051,True
8876ee479ee8,budapest_RACE,aero_load,string_in_numeric,detection,0.003,True
95eb3acc4c6b,budapest_RACE,engine_temp,duplicate_timestamp,detection,0.0046,True
a9613420668e,budapest_RACE,brake_temp_alt,schema_drift,detection,0.0059,True
8524578fe544,budapest_RACE,throttle_raw,schema_drift,detection,0.0054,True
398896e7af1c,budapest_RACE,tyre_pressure_alt,schema_drift,detection,0.0055,True
8aa3603ea84d,budapest_RACE,g_force_lateral,duplicate_timestamp,detection,0.0045,True
042dd9c2f199,budapest_RACE,ecu_canbus,duplicate_timestamp,detection,0.0047,True
b18425e203a5,budapest_RACE,rpm_v2,schema_drift,detection,0.0052,True
d643a138dc6a,budapest_RACE,ecu_canbus,duplicate_timestamp,detection,0.0198,True
ebc34a6eac95,budapest_RACE,g_force_lateral,duplicate_timestamp,detection,0.0049,True
cd539b27f8cf,budapest_RACE,tyre_pressure,string_in_numeric,detection,0.0026,True
19ce58cd9283,budapest_RACE,brake_temp_v2,schema_drift,detection,0.0053,True
9d63205a14a6,budapest_RACE,brake_temp_canbus,schema_drift,detection,0.0075,True
8d2f8d2aaeec,budapest_RACE,throttle,duplicate_timestamp,detection,0.0044,True
01aa32ecef90,budapest_RACE,heart_rate_v2,schema_drift,detection,0.0053,True
d31368a08265,budapest_RACE,speed,duplicate_timestamp,detection,0.0046,True
40fb93e58c82,budapest_RACE,g_force_lateral_v2,schema_drift,detection,0.008,True
1d23dd8731bd,budapest_RACE,tyre_pressure,string_in_numeric,detection,0.0034,True
92ae2278b6f4,budapest_RACE,throttle,duplicate_timestamp,detection,0.0062,True
318475fdb4fa,budapest_RACE,heart_rate,string_in_numeric,detection,0.0026,True
aa7cc00889a3,budapest_RACE,g_force_lateral,duplicate_timestamp,detection,0.0052,True
1745dc2105be,budapest_RACE,throttle,string_in_numeric,detection,0.0038,True
6c4b92c6fe88,budapest_RACE,speed_new,schema_drift,detection,0.0065,True
6f0e48aac917,budapest_RACE,speed,string_in_numeric,detection,0.0037,True
b8e2056f201e,budapest_RACE,throttle,string_in_numeric,detection,0.0043,True
fd5ec2f5ba01,budapest_RACE,heart_rate,string_in_numeric,detection,0.0029,True
7f2883f3befc,budapest_RACE,speed,duplicate_timestamp,detection,0.0046,True
890aaefa5d37,budapest_RACE,brake_temp,string_in_numeric,detection,0.0027,True
9fc4abce4058,budapest_RACE,brake_temp,string_in_numeric,detection,0.0026,True
1cde83036b71,budapest_RACE,rpm,duplicate_timestamp,detection,0.005,True
9fe546ccc784,budapest_RACE,brake_temp,duplicate_timestamp,detection,0.0046,True
001cb54c4067,budapest_RACE,rpm,duplicate_timestamp,detection,0.005,True
6ac57f4aafae,,,dlq_repair,repair,0.0259,False
6a59ffebd0b7,,,dlq_repair,repair,0.0879,True
787da9fb6057,,,dlq_repair,repair,0.0214,False
29a10a365328,,,dlq_repair,repair,0.0316,True
da20e3482a77,,,dlq_repair,repair,0.0223,False
d24bc45cf441,,,dlq_repair,repair,0.0066,False
32f9df54ec45,,,dlq_repair,repair,0.0054,False
a1e475752c98,,,dlq_repair,repair,0.0127,False
31d4e0ea37ef,,,dlq_repair,repair,0.0155,True
39dafd820a6c,,,dlq_repair,repair,0.0098,False
ea757bdb2c2e,,,dlq_repair,repair,0.0145,True
9796ab1cac72,,,dlq_repair,repair,0.0059,False
3ee437eb39dc,,,dlq_repair,repair,0.0148,False
51523a8764b9,,,dlq_repair,repair,0.0066,False
b84c67dd7bc5,,,dlq_repair,repair,0.0135,True
60195f977d38,,,dlq_repair,repair,0.0118,True
2f9ee504ddfb,,,dlq_repair,repair,0.0115,True
0af96b602329,,,dlq_repair,repair,0.0059,False
0e82177c2882,,,dlq_repair,repair,0.0143,False
ae719f763a08,,,dlq_repair,repair,0.0057,False
0d88ca92cbbd,,,dlq_repair,repair,0.0057,False
1394c18164bb,,,dlq_repair,repair,0.0131,True
9266e72845fe,,,dlq_repair,repair,0.0053,False
866547287676,,,dlq_repair,repair,0.0052,False
258d85882a62,,,dlq_repair,repair,0.0132,True
f884acd27ed9,,,dlq_repair,repair,0.0122,True
3f6e3ee3da1d,,,dlq_repair,repair,0.0127,True
07bc8b1d926d,,,dlq_repair,repair,0.0052,False
02b8682806a0,,,dlq_repair,repair,0.0121,True
fd9a40b10400,,,dlq_repair,repair,0.0055,False
a8a0795a4008,,,dlq_repair,repair,0.0118,True
c77b3a150885,,,dlq_repair,repair,0.0147,False
1979966bdddf,,,dlq_repair,repair,0.0132,False
dd46ba2020f9,,,dlq_repair,repair,0.005,False
535054cf52d0,,,dlq_repair,repair,0.0124,True
b2788c7b82da,,,dlq_repair,repair,0.0048,False
a60778b2ba97,,,dlq_repair,repair,0.0043,False
e3c33902ce57,,,dlq_repair,repair,0.0039,False
d8d32f08d3fd,,,dlq_repair,repair,0.0135,False
c14646468e61,,,dlq_repair,repair,0.0118,True
a7264fbd1ac5,,,dlq_repair,repair,0.0116,True
d5388403c3ef,,,dlq_repair,repair,0.0049,False
80d3e6c215ec,,,dlq_repair,repair,0.0048,False
ca926a7fb66b,,,dlq_repair,repair,0.0122,True
72fd5b7a2716,,,dlq_repair,repair,0.012,True
6d5a828ec3c2,,,dlq_repair,repair,0.0122,True
292584a3d90e,,,dlq_repair,repair,0.0051,False
40fbfcd3b583,,,dlq_repair,repair,0.0052,False
bb5d9e2926b5,,,dlq_repair,repair,0.0143,False
0c6685a46421,,,dlq_repair,repair,0.0123,True
906e4405b650,,,dlq_repair,repair,0.0052,False
9dff6b415672,,,dlq_repair,repair,0.0046,False
3729b8f87c53,,,dlq_repair,repair,0.013,False
cbfa9c3c9a97,,,dlq_repair,repair,0.0049,False
49be4a999fce,,,dlq_repair,repair,0.0126,False
2ef64c54450f,,,dlq_repair,repair,0.0116,True
b4b7130dd571,,,dlq_repair,repair,0.0117,True
929adf99de64,,,dlq_repair,repair,0.0141,True
f2ca7b1d9f88,,,dlq_repair,repair,0.0111,True
c221d47c541d,,,dlq_repair,repair,0.0132,False
d2a5e587f698,,,dlq_repair,repair,0.0052,False
8004711fa4d1,,,dlq_repair,repair,0.0128,False
7fb57c69d22b,,,dlq_repair,repair,0.0054,False
9ec0c03d7d1f,,,dlq_repair,repair,0.0131,True
f01a1eaedcec,,,dlq_repair,repair,0.0127,True
5dec03a94e61,,,dlq_repair,repair,0.011,True
1d4d358ff5b8,,,dlq_repair,repair,0.0111,True
3cae48020a74,,,dlq_repair,repair,0.0049,False
8a6e6195b0b8,,,dlq_repair,repair,0.0053,False
ccbb1d2c0af1,,,dlq_repair,repair,0.0054,False
f80d72c7f32f,,,dlq_repair,repair,0.0124,True
a14664fe6e64,,,dlq_repair,repair,0.0116,True
7251c575495e,,,dlq_repair,repair,0.0118,True
57dc6490ac72,,,dlq_repair,repair,0.0148,False
6322f5f77bbc,,,dlq_repair,repair,0.0053,False
d23a176dd346,,,dlq_repair,repair,0.0123,True
8822857ae184,,,dlq_repair,repair,0.0051,False
f123f9ff5448,,,dlq_repair,repair,0.0056,False
ebfcf65497fb,,,dlq_repair,repair,0.0049,False
acf624370265,,,dlq_repair,repair,0.0051,False
228bc1d76eaf,,,dlq_repair,repair,0.0125,True
67748241bb14,,,dlq_repair,repair,0.0123,True
c93e961b7981,,,dlq_repair,repair,0.0048,False
d548f825c04f,,,dlq_repair,repair,0.0123,True
2cac4b3e5a6d,,,dlq_repair,repair,0.0127,False
30f6aeb176dc,,,dlq_repair,repair,0.0053,False
615e9f7ed1c6,,,dlq_repair,repair,0.0132,False
a91a721be991,,,dlq_repair,repair,0.005,False
6639f4ae0151,,,dlq_repair,repair,0.0115,True
c851ce467638,,,dlq_repair,repair,0.0055,False
d1681bbff0ad,,,dlq_repair,repair,0.0118,True
f002c91e50a8,,,dlq_repair,repair,0.0109,True
5a44ea9e2aab,,,dlq_repair,repair,0.0048,False
f3c1d05d14a4,,,dlq_repair,repair,0.0049,False
fbef4755afe5,,,dlq_repair,repair,0.0118,True
e810f6918cb5,,,dlq_repair,repair,0.0052,False
9737b9f96527,,,dlq_repair,repair,0.0113,True
0f4820c093a7,,,dlq_repair,repair,0.0107,True
919590ccbf08,,,dlq_repair,repair,0.0115,True
1d6572bb80c8,,,dlq_repair,repair,0.0108,True
f9fe04b7d81e,,,dlq_repair,repair,0.0132,True
71673f62ac96,,,dlq_repair,repair,0.0112,True
de93281f32c2,,,dlq_repair,repair,0.0048,False
9911279ae5cb,,,dlq_repair,repair,0.0051,False
26e4dfbcf9cf,,,dlq_repair,repair,0.0046,False
8a2e835e2409,,,dlq_repair,repair,0.0113,True
754a1522ad6f,,,dlq_repair,repair,0.011,True
722b8ab009b3,,,dlq_repair,repair,0.0049,False
0eefc99d8578,,,dlq_repair,repair,0.0139,False
d4a5a77798f3,,,dlq_repair,repair,0.0057,False
41078bf421be,,,dlq_repair,repair,0.0047,False
3d17dc08299d,,,dlq_repair,repair,0.0042,False
585e0e7eddce,,,dlq_repair,repair,0.0049,False
e56e016d07b5,,,dlq_repair,repair,0.0116,True
3f30cebec670,,,dlq_repair,repair,0.0043,False
f4c2114af0fe,,,dlq_repair,repair,0.0043,False
622e605a3d06,,,dlq_repair,repair,0.0131,True
a3cafd1fd815,,,dlq_repair,repair,0.0047,False
0aa8f8db980f,,,dlq_repair,repair,0.0117,True
5df233a54860,,,dlq_repair,repair,0.0114,True
7f1e4f158a47,,,dlq_repair,repair,0.0109,True
61ce26b3f435,,,dlq_repair,repair,0.0048,False
76780fffca58,,,dlq_repair,repair,0.0134,False
06aef9e90b5a,,,dlq_repair,repair,0.0051,False
b6461f10e6f1,,,dlq_repair,repair,0.0136,False
f6a017973168,,,dlq_repair,repair,0.0118,True
8fcff0dfc5d2,,,dlq_repair,repair,0.0046,False
dd99fee27ef5,,,dlq_repair,repair,0.0124,False
49aa58fd4d53,,,dlq_repair,repair,0.0107,True
455426f34f54,,,dlq_repair,repair,0.0104,True
2a5f43f53d35,,,dlq_repair,repair,0.0122,False
3a0601d04fc4,,,dlq_repair,repair,0.0056,False
9db321724c88,,,dlq_repair,repair,0.0055,False
89437ac66480,,,dlq_repair,repair,0.0053,False
f2813d004942,,,dlq_repair,repair,0.0127,True
6219d90bc42e,,,dlq_repair,repair,0.0043,False
535f037b0323,,,dlq_repair,repair,0.012,True
5aa139704f0a,,,dlq_repair,repair,0.0043,False
362742737977,,,dlq_repair,repair,0.0045,False
85bbf84a4988,,,dlq_repair,repair,0.0111,True
615bfa20f275,,,dlq_repair,repair,0.0111,True
a5a0e2cb55f5,,,dlq_repair,repair,0.0051,False
3f909e6d2270,,,dlq_repair,repair,0.0048,False
1d7a20dde4e3,,,dlq_repair,repair,0.0112,True
b9113c6cd637,,,dlq_repair,repair,0.0131,False
784a0c6a15c2,,,dlq_repair,repair,0.0122,False
3371ba844c7b,,,dlq_repair,repair,0.0125,True
c34a20db82ce,,,dlq_repair,repair,0.012,True
63ab83d5230d,,,dlq_repair,repair,0.0142,True
5529e45c2203,,,dlq_repair,repair,0.0053,False
dc8ccd07b43d,,,dlq_repair,repair,0.0055,False
684627bd37c7,,,dlq_repair,repair,0.0049,False
9f9c1c31f335,,,dlq_repair,repair,0.0044,False
73173e100c87,,,dlq_repair,repair,0.0124,True
128fc32de1fc,,,dlq_repair,repair,0.0052,False
f13c302feaa7,,,dlq_repair,repair,0.0047,False
24b4fe49b28d,,,dlq_repair,repair,0.0047,False
32b7f7a45c78,,,dlq_repair,repair,0.012,True
85e1996c5639,,,dlq_repair,repair,0.0126,False
9139a00f9b7c,,,dlq_repair,repair,0.0045,False
b9b7807df6ab,,,dlq_repair,repair,0.0114,True
90b25882c19f,,,dlq_repair,repair,0.0042,False
4fe6302d40e1,,,dlq_repair,repair,0.0049,False
b35cb23bb27d,,,dlq_repair,repair,0.0043,False
5ef88936314b,,,dlq_repair,repair,0.0111,True
5f37f215bf95,,,dlq_repair,repair,0.013,False
0dc21cd0cf1b,,,dlq_repair,repair,0.012,False
1e67c8a110f1,,,dlq_repair,repair,0.0111,True
a491467e937c,,,dlq_repair,repair,0.0115,False
1b5e4bd0ff61,,,dlq_repair,repair,0.0111,True
c4067c837fd9,,,dlq_repair,repair,0.0047,False
f120fee95a8f,,,dlq_repair,repair,0.0048,False
c85406875935,,,dlq_repair,repair,0.0115,True
3484d2476361,,,dlq_repair,repair,0.0123,False
e0b02190974e,,,dlq_repair,repair,0.0045,False
db0dc9b24493,,,dlq_repair,repair,0.0127,False
f8393d180c7b,,,dlq_repair,repair,0.011,True
6cf681051d4b,,,dlq_repair,repair,0.0048,False
abb7e396b22f,,,dlq_repair,repair,0.012,False
a250e5ee0f55,,,dlq_repair,repair,0.0046,False
1ed08b0b8a18,,,dlq_repair,repair,0.0108,True
f12d6e83509e,,,dlq_repair,repair,0.0045,False
055950e0e40d,,,dlq_repair,repair,0.0116,True
d41bba249f6a,,,dlq_repair,repair,0.0044,False
47a3abcdde4e,,,dlq_repair,repair,0.0125,False
07f83e18f5ae,,,dlq_repair,repair,0.0054,False
c5320a53ca43,,,dlq_repair,repair,0.0119,False
e5359dd01673,,,dlq_repair,repair,0.0043,False
8083f724d2d4,,,dlq_repair,repair,0.0048,False
743e83a4a6a4,,,dlq_repair,repair,0.0045,False
5f83c071cc7c,,,dlq_repair,repair,0.0112,True
5fdf61328c72,,,dlq_repair,repair,0.0131,False
5f5bd331e8fb,,,dlq_repair,repair,0.0049,False
e169da546394,,,dlq_repair,repair,0.0051,False
5cedf6ca8fd8,,,dlq_repair,repair,0.0125,False
47720e0748d1,,,dlq_repair,repair,0.0112,True
9162b8cd6a24,,,dlq_repair,repair,0.005,False
20dc05d52ef1,,,dlq_repair,repair,0.0044,False
99ff5956df2d,,,dlq_repair,repair,0.004,False
a1fab02fa083,,,dlq_repair,repair,0.006,False
