packet_id,session,sensor,chaos_type,event_type,latency_ms,detected_or_recovered
58a96ae7effb,spielberg_FP1,aero_load,bit_flip_high,detection,0.0202,True
54c5a4b05ca5,spielberg_FP1,aero_load_v2,schema_drift,detection,0.0154,True
8a1be21f2ffd,spielberg_FP1,engine_temp,sensor_dropout,detection,0.0111,True
de5f52ed4f85,spielberg_FP1,heart_rate_alt,schema_drift,detection,0.0138,True
0cf25e79abb8,spielberg_FP1,speed,string_in_numeric,detection,0.0073,True
ea79efcbea1c,spielberg_FP1,throttle,sensor_dropout,detection,0.0113,True
d95744637fdf,spielberg_FP1,engine_temp,null_value,detection,0.0116,True
a55a170b3a07,spielberg_FP1,rpm_canbus,schema_drift,detection,0.0147,True
4905fe618b7f,spielberg_FP1,g_force_lateral,bit_flip_high,detection,0.0256,True
642c521f6f35,spielberg_FP1,throttle,duplicate_timestamp,detection,0.012,True
7ebb6aca6d50,spielberg_FP1,brake_temp,sensor_dropout,detection,0.011,True
8993fda3a076,spielberg_FP1,tyre_pressure,string_in_numeric,detection,0.0071,True
c43314ce10b5,spielberg_FP1,ecu_canbus,null_value,detection,0.0118,True
50ca4f0e46a9,spielberg_FP1,brake_temp,duplicate_timestamp,detection,0.0119,True
5915a2bf5660,spielberg_FP1,heart_rate,bit_flip_high,detection,0.0196,True
3983123cee87,spielberg_FP1,rpm,bit_flip_low,detection,0.0189,True
592891d371bf,spielberg_FP1,tyre_pressure,null_value,detection,0.0106,True
2189728f3dee,spielberg_FP1,brake_temp_v2,schema_drift,detection,0.0156,True
a301938d2c17,spielberg_FP1,ecu_canbus,bit_flip_high,detection,0.0192,True
21f34a9438f2,spielberg_FP1,heart_rate,sensor_dropout,detection,0.0114,True
37a4dbf4f736,spielberg_FP1,engine_temp,bit_flip_high,detection,0.0185,True
cf4683a69190,spielberg_FP1,speed,null_value,detection,0.0104,True
4e7442ba01a7,spielberg_FP1,g_force_lateral,bit_flip_low,detection,0.0185,True
d2fd2c9b048e,spielberg_FP1,rpm_alt,schema_drift,detection,0.0145,True
961e584b40b8,spielberg_FP1,throttle_raw,schema_drift,detection,0.0138,True
4bd775e1dcff,spielberg_FP1,g_force_lateral,bit_flip_high,detection,0.0183,True
744b0ccaba9d,spielberg_FP1,brake_temp,sensor_dropout,detection,0.0138,True
299887924237,spielberg_FP1,speed_canbus,schema_drift,detection,0.0155,True
f0f6216c429b,spielberg_FP1,aero_load,sensor_dropout,detection,0.0124,True
ff9aa0e3e4a4,spielberg_FP1,brake_temp_alt,schema_drift,detection,0.0149,True
1d7e0bbddccb,spielberg_FP1,tyre_pressure,sensor_dropout,detection,0.0122,True
561c490b6415,spielberg_FP1,g_force_lateral,string_in_numeric,detection,0.0086,True
744a07415d8e,spielberg_FP1,brake_temp,bit_flip_high,detection,0.015,True
9110ca98298a,spielberg_FP1,aero_load,duplicate_timestamp,detection,0.0097,True
f8da50eab90c,spielberg_FP1,engine_temp,duplicate_timestamp,detection,0.0094,True
00a2261ea6b7,spielberg_FP1,ecu_canbus,bit_flip_high,detection,0.0146,True
95ce9d9ed87c,spielberg_FP1,throttle,duplicate_timestamp,detection,0.0091,True
2bce50d545f9,spielberg_FP1,speed,string_in_numeric,detection,0.0052,True
d0780aa76fcd,spielberg_FP1,tyre_pressure,sensor_dropout,detection,0.0084,True
2a7d61b9ab6b,spielberg_FP1,rpm,duplicate_timestamp,detection,0.0089,True
fcff977e8d1a,spielberg_FP1,aero_load,string_in_numeric,detection,0.0062,True
05e7f11716d6,spielberg_FP1,brake_temp,bit_flip_high,detection,0.0139,True
67ca6eeb70a4,spielberg_FP1,rpm,null_value,detection,0.0089,True
0b468d22cb86,spielberg_FP1,aero_load,null_value,detection,0.0093,True
cc366ccaf9a6,spielberg_FP1,g_force_lateral,bit_flip_high,detection,0.0136,True
b02d08c5ff05,spielberg_FP1,tyre_pressure,sensor_dropout,detection,0.0082,True
4f106098c2bd,spielberg_FP1,rpm,duplicate_timestamp,detection,0.01,True
bf12359f7fbf,spielberg_FP1,aero_load,string_in_numeric,detection,0.0059,True
e86842c3529b,spielberg_FP1,rpm,null_value,detection,0.008,True
325f5f140399,spielberg_FP1,tyre_pressure,bit_flip_high,detection,0.0205,True
c18aa70152c4,spielberg_FP1,speed,bit_flip_high,detection,0.014,True
73b3ba838cb7,spielberg_FP1,rpm,string_in_numeric,detection,0.005,True
5a92dd5b5a2e,spielberg_FP1,heart_rate,null_value,detection,0.008,True
453b85283409,spielberg_FP1,tyre_pressure,duplicate_timestamp,detection,0.0091,True
728298818c72,spielberg_FP1,ecu_canbus,bit_flip_high,detection,0.0142,True
33004a42b5f3,spielberg_FP1,aero_load,null_value,detection,0.0082,True
545a24d2990f,spielberg_FP1,ecu_canbus,duplicate_timestamp,detection,0.0086,True
6542aa6c9a27,spielberg_FP1,speed,string_in_numeric,detection,0.0052,True
bc917dcb983f,spielberg_FP1,throttle_raw,schema_drift,detection,0.0107,True
c089ba3320cc,spielberg_FP1,aero_load,sensor_dropout,detection,0.0089,True
9fff6da215ad,spielberg_FP1,tyre_pressure,null_value,detection,0.0086,True
d4a6f0987b5d,spielberg_FP1,g_force_lateral,string_in_numeric,detection,0.0053,True
87848c6a14b2,spielberg_FP1,brake_temp,bit_flip_high,detection,0.0132,True
91cb991f33f9,spielberg_FP1,engine_temp,bit_flip_low,detection,0.0134,True
ed337fd8084e,spielberg_FP1,heart_rate,sensor_dropout,detection,0.0079,True
aca8b75904f6,spielberg_FP1,speed,bit_flip_high,detection,0.0132,True
5204b61a23d7,spielberg_FP1,heart_rate,null_value,detection,0.0077,True
554c1192247c,spielberg_FP1,speed_alt,schema_drift,detection,0.0097,True
1fcf7efd3450,spielberg_FP1,throttle,bit_flip_high,detection,0.0133,True
11510524e42d,spielberg_FP1,throttle,string_in_numeric,detection,0.0049,True
d7b7d5203c94,spielberg_FP1,engine_temp,duplicate_timestamp,detection,0.0085,True
19ab8243cdeb,spielberg_FP1,aero_load,bit_flip_low,detection,0.0135,True
03679dd90d34,spielberg_FP1,ecu_canbus,sensor_dropout,detection,0.0075,True
f84e9af7389a,spielberg_FP1,aero_load,bit_flip_low,detection,0.0127,True
0a1c69a04f52,spielberg_FP1,brake_temp_raw,schema_drift,detection,0.0096,True
325741be07ff,spielberg_FP1,engine_temp,sensor_dropout,detection,0.011,True
a270c1be3938,spielberg_FP1,ecu_canbus,string_in_numeric,detection,0.005,True
8ddef901c920,spielberg_FP1,brake_temp_raw,schema_drift,detection,0.009,True
b3ec7fcb6ec6,spielberg_FP1,engine_temp,null_value,detection,0.0075,True
a50c9efc1b1d,spielberg_FP1,aero_load,string_in_numeric,detection,0.0046,True
ef12bbf8654f,spielberg_FP1,g_force_lateral,bit_flip_high,detection,0.013,True
bdc9c4f0c647,spielberg_FP1,g_force_lateral,null_value,detection,0.0078,True
b08d7c295c9b,spielberg_FP1,aero_load,duplicate_timestamp,detection,0.0096,True
237e351a2db0,spielberg_FP1,speed,bit_flip_high,detection,0.0138,True
642aa4b0ec62,spielberg_FP1,g_force_lateral_canbus,schema_drift,detection,0.0096,True
9620e7658eaa,spielberg_FP1,throttle,sensor_dropout,detection,0.0081,True
30f5bbf917a2,spielberg_FP1,heart_rate,bit_flip_low,detection,0.0133,True
dc9f30024d9b,spielberg_FP1,aero_load,string_in_numeric,detection,0.0054,True
1a8258b33653,spielberg_FP1,throttle,string_in_numeric,detection,0.0047,True
a4407cf5985b,spielberg_FP1,tyre_pressure,null_value,detection,0.0078,True
820a7f2fb43b,spielberg_FP1,rpm,bit_flip_high,detection,0.0133,True
76d85f6846d2,spielberg_FP1,engine_temp,string_in_numeric,detection,0.0047,True
c9dbeda47d52,spielberg_FP1,engine_temp_v2,schema_drift,detection,0.0093,True
8ee05f1f79f7,spielberg_FP1,aero_load,null_value,detection,0.0073,True
c7c83a45a791,spielberg_FP1,heart_rate,bit_flip_low,detection,0.0181,True
9e26887d7341,spielberg_FP1,speed,bit_flip_high,detection,0.0173,True
566113bb753b,spielberg_FP1,aero_load,null_value,detection,0.008,True
b03f0032f028,spielberg_FP1,throttle,duplicate_timestamp,detection,0.0086,True
f7da59ee76d1,spielberg_FP1,speed,sensor_dropout,detection,0.0074,True
bf0894e76977,spielberg_FP1,brake_temp,bit_flip_low,detection,0.0133,True
72a4c096965d,spielberg_FP1,speed_v2,schema_drift,detection,0.0096,True
ac022962fc3d,spielberg_FP1,brake_temp,sensor_dropout,detection,0.0073,True
6c61f273da6e,spielberg_FP1,tyre_pressure,bit_flip_high,detection,0.0126,True
8313e9cebeef,spielberg_FP1,rpm,duplicate_timestamp,detection,0.0084,True
2ef58741c726,spielberg_FP1,ecu_canbus,duplicate_timestamp,detection,0.0087,True
a57760afc70c,spielberg_FP1,brake_temp,null_value,detection,0.0078,True
620fccc19ab5,spielberg_FP1,ecu_canbus,string_in_numeric,detection,0.0045,True
81657a7ded20,spielberg_FP1,tyre_pressure,bit_flip_low,detection,0.0122,True
8d48dd22a7bb,spielberg_FP1,tyre_pressure,bit_flip_low,detection,0.0136,True
ec860e7fe73c,spielberg_FP1,ecu_canbus_canbus,schema_drift,detection,0.0098,True
4ae66e0b9d01,spielberg_FP1,ecu_canbus,sensor_dropout,detection,0.008,True
7bfd99ded296,spielberg_FP1,aero_load,bit_flip_high,detection,0.0131,True
410c3fbf823c,spielberg_FP1,g_force_lateral_canbus,schema_drift,detection,0.0091,True
022152b7f916,spielberg_FP1,rpm,bit_flip_high,detection,0.0134,True
f37fad073ec7,spielberg_FP1,aero_load,null_value,detection,0.0076,True
cc613ab05f01,spielberg_FP1,throttle,null_value,detection,0.0071,True
57e417267f91,spielberg_FP1,tyre_pressure,string_in_numeric,detection,0.0053,True
8d30bf7f8485,spielberg_FP1,g_force_lateral,string_in_numeric,detection,0.0068,True
d40f16e99add,spielberg_FP1,throttle,duplicate_timestamp,detection,0.0107,True
9a57cd618fbf,spielberg_FP1,aero_load,bit_flip_low,detection,0.0156,True
0f956483cc95,spielberg_FP1,tyre_pressure_raw,schema_drift,detection,0.0124,True
3c579dd8936b,spielberg_FP1,aero_load,string_in_numeric,detection,0.0056,True
085d23ae13c2,spielberg_FP1,tyre_pressure,bit_flip_high,detection,0.0237,True
ff2c1b0e548b,spielberg_FP1,speed,bit_flip_high,detection,0.0161,True
538a79316427,spielberg_FP1,brake_temp,bit_flip_high,detection,0.0145,True
7c649c5ec36b,spielberg_FP1,throttle,duplicate_timestamp,detection,0.0095,True
f5bb447b5864,spielberg_FP1,engine_temp_raw,schema_drift,detection,0.0136,True
b0e48b40073f,spielberg_FP1,aero_load,null_value,detection,0.0126,True
5115b57e7c8e,spielberg_FP1,heart_rate,null_value,detection,0.0082,True
7d9d81784bad,spielberg_FP1,ecu_canbus_v2,schema_drift,detection,0.01,True
43fbe55efd3c,spielberg_FP1,ecu_canbus_alt,schema_drift,detection,0.01,True
889cec795c3c,spielberg_FP1,aero_load,null_value,detection,0.0076,True
99defb7769df,spielberg_FP1,g_force_lateral,sensor_dropout,detection,0.0084,True
3f01ef9a8962,spielberg_FP1,rpm,null_value,detection,0.0073,True
7089028f1452,spielberg_FP1,aero_load,bit_flip_high,detection,0.0157,True
de0754f1069d,spielberg_FP1,rpm,sensor_dropout,detection,0.0077,True
d2bf3754cdd4,spielberg_FP1,g_force_lateral,null_value,detection,0.008,True
7d6d051e2640,spielberg_FP1,throttle,duplicate_timestamp,detection,0.0085,True
2b9eb56d4318,spielberg_FP1,aero_load,null_value,detection,0.0088,True
bdbb3cf2f185,spielberg_FP1,heart_rate,null_value,detection,0.0078,True
0ccbf3db8ae3,spielberg_FP1,rpm,null_value,detection,0.0081,True
4e629c6ef553,spielberg_FP1,heart_rate,sensor_dropout,detection,0.0152,True
e85afdbd539a,spielberg_FP1,speed,duplicate_timestamp,detection,0.0103,True
5410e46169b5,spielberg_FP1,aero_load,bit_flip_high,detection,0.0172,True
1f3c795fc6ec,spielberg_FP1,brake_temp_raw,schema_drift,detection,0.0117,True
1e6f31f899e9,spielberg_FP1,aero_load_alt,schema_drift,detection,0.0118,True
6ab07a48071a,spielberg_FP1,speed,bit_flip_high,detection,0.0161,True
92b39c0d7f55,spielberg_FP1,ecu_canbus,string_in_numeric,detection,0.0064,True
b9a8c5c26887,spielberg_FP1,heart_rate,duplicate_timestamp,detection,0.0109,True
a710fa182cae,spielberg_FP1,aero_load,string_in_numeric,detection,0.0058,True
df5c3500d3ee,spielberg_FP1,throttle,null_value,detection,0.0095,True
33412a51704a,spielberg_FP1,ecu_canbus_raw,schema_drift,detection,0.0108,True
8ec679bb722b,spielberg_FP1,engine_temp_alt,schema_drift,detection,0.0146,True
f6ee9e79ef10,spielberg_FP1,tyre_pressure,null_value,detection,0.0102,True
7d66bc6ae333,spielberg_FP1,throttle,string_in_numeric,detection,0.0059,True
8f5b4afb6879,spielberg_FP1,engine_temp,sensor_dropout,detection,0.0094,True
9bf55d5e49d9,spielberg_FP1,throttle,bit_flip_low,detection,0.0156,True
f8a3153d2532,spielberg_FP1,aero_load,duplicate_timestamp,detection,0.0103,True
fcd4486824a1,spielberg_FP1,g_force_lateral,duplicate_timestamp,detection,0.0101,True
3a0e8a27dfc2,spielberg_FP1,tyre_pressure,null_value,detection,0.0091,True
3aa77f6e0bab,spielberg_FP1,ecu_canbus_new,schema_drift,detection,0.0114,True
05e24cc2acc7,spielberg_FP1,ecu_canbus,bit_flip_low,detection,0.0156,True
f47cc782d74f,spielberg_FP1,tyre_pressure,sensor_dropout,detection,0.0087,True
23450b1f3225,spielberg_FP1,rpm,sensor_dropout,detection,0.0084,True
8d89b2e74813,spielberg_FP1,heart_rate,string_in_numeric,detection,0.0055,True
1546ec9c8547,spielberg_FP1,aero_load,duplicate_timestamp,detection,0.0097,True
77e1c2dc8c83,spielberg_FP1,rpm,sensor_dropout,detection,0.0204,True
88954d42080e,spielberg_FP1,engine_temp,sensor_dropout,detection,0.0114,True
aa8f3c480e01,spielberg_FP1,tyre_pressure,bit_flip_low,detection,0.0185,True
ca8ca7760e6c,spielberg_FP1,heart_rate,bit_flip_high,detection,0.0189,True
e028345edf3a,spielberg_FP1,brake_temp,sensor_dropout,detection,0.0117,True
1f92cd24086f,spielberg_FP1,rpm,sensor_dropout,detection,0.0107,True
d27fa363db51,spielberg_FP1,tyre_pressure,null_value,detection,0.0116,True
dd9dddce262e,spielberg_FP1,engine_temp,string_in_numeric,detection,0.0141,True
fc6fc26b338d,spielberg_FP1,speed,string_in_numeric,detection,0.0103,True
d3de2d22e40b,spielberg_FP1,brake_temp,bit_flip_low,detection,0.0174,True
0e2fc1dce247,spielberg_FP1,aero_load,bit_flip_low,detection,0.0171,True
93bbb3cc2ad4,spielberg_FP1,aero_load,bit_flip_high,detection,0.0209,True
a256a3c97a5e,spielberg_FP1,rpm,duplicate_timestamp,detection,0.0104,True
dd197a6700a0,spielberg_FP1,brake_temp,null_value,detection,0.0093,True
7f9915ed41ee,spielberg_FP1,throttle_canbus,schema_drift,detection,0.0127,True
d19a072e56f2,spielberg_FP1,brake_temp,bit_flip_low,detection,0.0158,True
e95f791ad8d0,spielberg_FP1,engine_temp,bit_flip_high,detection,0.0155,True
fd22955769c1,spielberg_FP1,ecu_canbus,bit_flip_high,detection,0.0163,True
5435676a1522,spielberg_FP1,throttle,bit_flip_high,detection,0.0164,True
ec723d45fa67,spielberg_FP1,aero_load,null_value,detection,0.0095,True
a3231430a63e,spielberg_FP1,ecu_canbus,string_in_numeric,detection,0.006,True
7cb196c14a86,spielberg_FP1,g_force_lateral,bit_flip_low,detection,0.0152,True
a69e14f99f2d,spielberg_FP1,speed,sensor_dropout,detection,0.0099,True
172a50a2f2b0,spielberg_FP1,rpm,bit_flip_low,detection,0.0176,True
c94dcc741952,spielberg_FP1,aero_load,bit_flip_high,detection,0.0159,True
a3d3c598f280,spielberg_FP1,speed,bit_flip_low,detection,0.0165,True
9ac6e6c45732,spielberg_FP1,throttle,string_in_numeric,detection,0.0057,True
a70ea2f27280,spielberg_FP1,tyre_pressure,bit_flip_low,detection,0.0322,True
aa50a1cd08de,spielberg_FP1,heart_rate,bit_flip_high,detection,0.0172,True
97aeb784a8c9,spielberg_FP1,g_force_lateral,duplicate_timestamp,detection,0.0094,True
a4445c4a8c85,spielberg_FP1,speed_raw,schema_drift,detection,0.0111,True
25da7ac62ffc,spielberg_FP1,throttle,bit_flip_low,detection,0.0147,True
05009bef1a20,spielberg_FP1,engine_temp,sensor_dropout,detection,0.0084,True
e84746924ee8,spielberg_FP1,tyre_pressure,string_in_numeric,detection,0.0056,True
74878a83715a,spielberg_FP1,tyre_pressure,sensor_dropout,detection,0.0087,True
6f7d45de7118,spielberg_FP1,engine_temp,sensor_dropout,detection,0.0111,True
ca897d44f1b0,spielberg_FP1,speed,null_value,detection,0.008,True
1cfed748bb44,spielberg_FP1,engine_temp,null_value,detection,0.0083,True
34c1dfb71e98,spielberg_FP1,brake_temp,bit_flip_high,detection,0.0141,True
24a5e28134ea,spielberg_FP1,tyre_pressure,sensor_dropout,detection,0.0082,True
5726b8e0fbca,spielberg_FP1,tyre_pressure,duplicate_timestamp,detection,0.0092,True
68b9ef0a88a2,spielberg_FP1,brake_temp,bit_flip_high,detection,0.0151,True
f887580b6be0,spielberg_FP1,throttle,duplicate_timestamp,detection,0.0097,True
92a1003ad07e,spielberg_FP1,engine_temp,null_value,detection,0.0083,True
8a84034a27d9,spielberg_FP1,brake_temp,duplicate_timestamp,detection,0.0102,True
26004e255990,spielberg_FP1,rpm_v2,schema_drift,detection,0.0102,True
3ad673adf88b,spielberg_FP1,g_force_lateral,null_value,detection,0.0074,True
6f913193c5e0,spielberg_FP1,g_force_lateral,string_in_numeric,detection,0.0053,True
46b626a88a46,spielberg_FP1,tyre_pressure,string_in_numeric,detection,0.0049,True
873e08d5e828,spielberg_FP1,brake_temp,sensor_dropout,detection,0.0105,True
c6eb7edeb46e,spielberg_FP1,ecu_canbus,null_value,detection,0.008,True
43f28793a85f,spielberg_FP1,throttle,duplicate_timestamp,detection,0.0091,True
0509130f173a,spielberg_FP1,aero_load,duplicate_timestamp,detection,0.0085,True
72637d2bc84c,spielberg_FP1,heart_rate,bit_flip_low,detection,0.016,True
adb76b60e01b,spielberg_FP1,engine_temp,duplicate_timestamp,detection,0.009,True
a7f0665a4245,spielberg_FP1,tyre_pressure,duplicate_timestamp,detection,0.0089,True
3f59ba58ae90,spielberg_FP1,rpm,bit_flip_high,detection,0.0134,True
14e2859f55d7,spielberg_FP1,aero_load,string_in_numeric,detection,0.0048,True
253e53c8d520,spielberg_FP1,heart_rate,bit_flip_low,detection,0.0134,True
afbcb1ac7c51,spielberg_FP1,tyre_pressure_raw,schema_drift,detection,0.0095,True
4add7afbf5d4,spielberg_FP1,tyre_pressure,duplicate_timestamp,detection,0.0084,True
764e73d9ed42,spielberg_FP1,g_force_lateral,null_value,detection,0.0073,True
d10a02906d96,spielberg_FP1,ecu_canbus,duplicate_timestamp,detection,0.0082,True
daf0841420cc,spielberg_FP1,speed,bit_flip_high,detection,0.013,True
5eb199e1f8e0,spielberg_FP1,heart_rate,duplicate_timestamp,detection,0.0087,True
ed22a60215df,spielberg_FP1,throttle,duplicate_timestamp,detection,0.0082,True
8ccff6dcc085,spielberg_FP1,aero_load,bit_flip_low,detection,0.013,True
55be569762e5,spielberg_FP1,brake_temp,string_in_numeric,detection,0.0046,True
593d5bd53dee,spielberg_FP1,engine_temp,string_in_numeric,detection,0.0045,True
41cf0c01060d,spielberg_FP1,ecu_canbus,bit_flip_low,detection,0.0088,False
e754196021a3,spielberg_FP1,aero_load,bit_flip_high,detection,0.0146,True
23c25163771f,spielberg_FP1,aero_load,null_value,detection,0.0078,True
9451eb4c645f,spielberg_FP1,tyre_pressure,bit_flip_low,detection,0.0132,True
9577d4e23bbc,spielberg_FP1,ecu_canbus_v2,schema_drift,detection,0.0095,True
38f816746204,spielberg_FP1,throttle,sensor_dropout,detection,0.0078,True
7bf4407c7bb4,spielberg_FP1,aero_load,null_value,detection,0.0074,True
cec0050452ea,spielberg_FP1,heart_rate,bit_flip_low,detection,0.0124,True
bc8936b34f40,spielberg_FP1,heart_rate_raw,schema_drift,detection,0.0091,True
85af085635fa,spielberg_FP1,tyre_pressure,string_in_numeric,detection,0.0052,True
f5ad98886d0d,spielberg_FP1,rpm,bit_flip_low,detection,0.0143,True
89c7444fa510,spielberg_FP1,throttle,null_value,detection,0.0075,True
b44f9a3775e1,spielberg_FP1,engine_temp,bit_flip_high,detection,0.0174,True
533a0c9c93a3,spielberg_FP1,throttle_raw,schema_drift,detection,0.0098,True
adbbd9514aa1,spielberg_FP1,brake_temp,duplicate_timestamp,detection,0.009,True
ac46a595ea6c,spielberg_FP1,aero_load,duplicate_timestamp,detection,0.0084,True
6e1e961aee92,spielberg_FP1,brake_temp,bit_flip_low,detection,0.0127,True
28475e65465a,spielberg_FP1,rpm,null_value,detection,0.0074,True
8b0dfabe1b6d,spielberg_FP1,throttle,string_in_numeric,detection,0.0049,True
bf0a0afd85d1,spielberg_FP1,engine_temp_new,schema_drift,detection,0.0149,True
b2e51905ab53,spielberg_FP1,aero_load_v2,schema_drift,detection,0.0128,True
c14ec78541cf,spielberg_FP1,speed_raw,schema_drift,detection,0.0115,True
7642a3dc7a58,spielberg_FP1,rpm,duplicate_timestamp,detection,0.0115,True
2aeab62209d5,spielberg_FP1,g_force_lateral,bit_flip_high,detection,0.0154,True
622c8d9ae7a8,spielberg_FP1,speed_canbus,schema_drift,detection,0.0117,True
4f363c48a0e4,spielberg_FP1,brake_temp,sensor_dropout,detection,0.0089,True
21b39b0b0def,spielberg_FP1,speed,bit_flip_low,detection,0.0129,True
89cf1809186b,spielberg_FP1,rpm,bit_flip_high,detection,0.0133,True
7f181efb962f,spielberg_FP1,brake_temp,bit_flip_low,detection,0.0129,True
5e18e4ce7c86,spielberg_FP1,rpm,string_in_numeric,detection,0.0046,True
5f2cc01c9435,spielberg_FP1,rpm,sensor_dropout,detection,0.0078,True
2ce01e1b3a34,spielberg_FP1,engine_temp,bit_flip_low,detection,0.0128,True
97548c6922c4,spielberg_FP1,brake_temp_new,schema_drift,detection,0.0101,True
678bdf612d7a,spielberg_FP1,aero_load,null_value,detection,0.0075,True
4773f8cbc81e,spielberg_FP1,tyre_pressure,string_in_numeric,detection,0.0052,True
74a1b0964bec,spielberg_FP1,g_force_lateral,bit_flip_low,detection,0.0091,False
8f7439a62df3,spielberg_FP1,rpm,bit_flip_high,detection,0.0157,True
a77a6a400bbf,spielberg_FP1,ecu_canbus,bit_flip_high,detection,0.0131,True
34b986949322,spielberg_FP1,engine_temp,bit_flip_high,detection,0.013,True
be5700c6eb1f,spielberg_FP1,speed,duplicate_timestamp,detection,0.0082,True
eab447681721,spielberg_FP1,rpm,sensor_dropout,detection,0.0073,True
8c9e38cb1d52,spielberg_FP1,g_force_lateral_alt,schema_drift,detection,0.0094,True
fc2b987dbe14,spielberg_FP1,heart_rate,null_value,detection,0.0077,True
bd0e49a17eab,spielberg_FP1,aero_load,string_in_numeric,detection,0.0047,True
bc392fb1b9c1,spielberg_FP1,ecu_canbus,string_in_numeric,detection,0.0044,True
ff7210ef14bb,spielberg_FP1,aero_load,null_value,detection,0.012,True
411435ecf473,spielberg_FP1,g_force_lateral_alt,schema_drift,detection,0.0095,True
36a5366576f5,spielberg_FP1,brake_temp,string_in_numeric,detection,0.005,True
fc8727430584,spielberg_FP1,engine_temp_raw,schema_drift,detection,0.0093,True
51ea51cefa84,spielberg_FP1,tyre_pressure_new,schema_drift,detection,0.0094,True
875d985137cc,spielberg_FP1,speed,string_in_numeric,detection,0.0047,True
42b2bb64e286,spielberg_FP1,brake_temp,bit_flip_high,detection,0.0129,True
b0172bd24efb,spielberg_FP1,tyre_pressure,bit_flip_high,detection,0.0131,True
b20b28d2d8cc,spielberg_FP1,ecu_canbus,sensor_dropout,detection,0.0081,True
5588585286c5,spielberg_FP1,brake_temp_v2,schema_drift,detection,0.0094,True
9172d061795a,spielberg_FP1,rpm,null_value,detection,0.0087,True
a7f24b648714,spielberg_FP1,heart_rate,string_in_numeric,detection,0.0048,True
3bc3777a2b02,spielberg_FP1,rpm,duplicate_timestamp,detection,0.0089,True
f2d51b628f49,spielberg_FP1,heart_rate,bit_flip_low,detection,0.0124,True
ce8564970502,spielberg_FP1,speed,sensor_dropout,detection,0.0074,True
f18e9ee6811e,spielberg_FP1,brake_temp,null_value,detection,0.0072,True
2553260e3067,spielberg_FP1,speed,bit_flip_low,detection,0.0127,True
b3de62a089ab,spielberg_FP1,speed_alt,schema_drift,detection,0.0105,True
59da3d1e2c08,spielberg_FP1,throttle,bit_flip_high,detection,0.0141,True
3a7d9f67391a,spielberg_FP1,engine_temp,string_in_numeric,detection,0.0056,True
c62c070be071,spielberg_FP1,speed,bit_flip_low,detection,0.0135,True
d39156b2a847,spielberg_FP1,throttle,bit_flip_low,detection,0.0131,True
dc36e17751e5,spielberg_FP1,engine_temp,duplicate_timestamp,detection,0.0084,True
c628d64a8fb3,spielberg_FP1,speed,duplicate_timestamp,detection,0.0085,True
dd0cf9d5ee99,spielberg_FP1,aero_load,string_in_numeric,detection,0.0046,True
d661c80bd67f,spielberg_FP1,engine_temp_raw,schema_drift,detection,0.0095,True
306dfe331b43,spielberg_FP1,ecu_canbus,duplicate_timestamp,detection,0.0082,True
58301b32222d,spielberg_FP1,heart_rate,null_value,detection,0.0095,True
58d50177f272,spielberg_FP1,tyre_pressure,sensor_dropout,detection,0.008,True
ff6df92deb1f,spielberg_FP1,rpm,sensor_dropout,detection,0.0073,True
e4977287fcd3,spielberg_FP1,heart_rate,duplicate_timestamp,detection,0.0082,True
115cc284202b,spielberg_FP1,rpm,duplicate_timestamp,detection,0.0079,True
498b0153bb9d,spielberg_FP1,aero_load,null_value,detection,0.0083,True
ece494b552da,spielberg_FP1,g_force_lateral_alt,schema_drift,detection,0.0094,True
71d30b551984,spielberg_FP1,brake_temp,bit_flip_high,detection,0.0131,True
93badc8bf069,spielberg_FP1,g_force_lateral,duplicate_timestamp,detection,0.0084,True
6d6298aa8fae,spielberg_FP1,brake_temp,bit_flip_low,detection,0.013,True
bd63ee809218,spielberg_FP1,brake_temp,bit_flip_high,detection,0.0124,True
99b932cff734,spielberg_FP1,tyre_pressure,bit_flip_low,detection,0.0121,True
2f7934500d08,spielberg_FP1,g_force_lateral,sensor_dropout,detection,0.0078,True
7fa6e1eeef8e,spielberg_FP1,heart_rate,sensor_dropout,detection,0.0083,True
57826c210c8a,spielberg_FP1,heart_rate,string_in_numeric,detection,0.0047,True
275c290cadf5,spielberg_FP1,g_force_lateral_new,schema_drift,detection,0.009,True
6499bd19aced,spielberg_FP1,tyre_pressure,string_in_numeric,detection,0.0046,True
b73e59019400,spielberg_FP1,heart_rate,null_value,detection,0.0073,True
30ab9f0973d8,spielberg_FP1,rpm,bit_flip_low,detection,0.0129,True
b6af04211c04,spielberg_FP1,throttle,sensor_dropout,detection,0.0076,True
5c7c71bc876a,spielberg_FP1,throttle,duplicate_timestamp,detection,0.0086,True
6ecc4ff2a1ae,spielberg_FP1,engine_temp,string_in_numeric,detection,0.0046,True
4d26da69ee8a,spielberg_FP1,ecu_canbus,bit_flip_high,detection,0.013,True
b1588d0c2e74,spielberg_FP1,engine_temp,string_in_numeric,detection,0.0051,True
a8d9c159d2ac,spielberg_FP1,ecu_canbus,duplicate_timestamp,detection,0.0088,True
19c2dab50fd6,spielberg_FP1,brake_temp,bit_flip_low,detection,0.0131,True
4b62aa1d4efc,spielberg_FP1,speed,null_value,detection,0.0078,True
63e980214242,spielberg_FP1,throttle,bit_flip_low,detection,0.0133,True
a68d743c2ce1,spielberg_FP1,g_force_lateral,duplicate_timestamp,detection,0.0085,True
29040b4cc11e,spielberg_FP1,rpm,duplicate_timestamp,detection,0.0083,True
15ca4a7ab083,spielberg_FP1,brake_temp,duplicate_timestamp,detection,0.0086,True
40103eb2a2a8,spielberg_FP1,g_force_lateral,bit_flip_low,detection,0.0125,True
7256b4965a86,spielberg_FP1,rpm,sensor_dropout,detection,0.0078,True
35f8fe60ced6,spielberg_FP1,g_force_lateral,bit_flip_high,detection,0.0121,True
f6cc3042148e,spielberg_FP1,ecu_canbus,null_value,detection,0.0077,True
9886c1b07835,spielberg_FP1,speed,duplicate_timestamp,detection,0.0081,True
dbb172ff91c4,spielberg_FP1,rpm_new,schema_drift,detection,0.0099,True
7c266d858e9c,spielberg_FP1,throttle_canbus,schema_drift,detection,0.0098,True
ebda14796331,spielberg_FP1,aero_load,bit_flip_low,detection,0.0125,True
aab39186bfc9,spielberg_FP1,engine_temp_alt,schema_drift,detection,0.0094,True
96a2a59d1dea,spielberg_FP1,tyre_pressure,null_value,detection,0.0076,True
c54e8d8f7c8e,spielberg_FP1,heart_rate,sensor_dropout,detection,0.0091,True
73f1f3ae3b78,spielberg_FP1,throttle,sensor_dropout,detection,0.0077,True
6b9b85a1421e,spielberg_FP1,brake_temp,sensor_dropout,detection,0.0078,True
aa68be1f9398,spielberg_FP1,speed_canbus,schema_drift,detection,0.0166,True
f731fc7591d6,spielberg_FP1,engine_temp_new,schema_drift,detection,0.0156,True
fd59d23ec70d,spielberg_FP1,throttle,sensor_dropout,detection,0.0133,True
5b33a03fcfb7,spielberg_FP1,brake_temp,duplicate_timestamp,detection,0.0249,True
6247eab23888,spielberg_FP1,ecu_canbus,sensor_dropout,detection,0.0166,True
80291f518d26,spielberg_FP1,aero_load,string_in_numeric,detection,0.0104,True
7ace547f5dc7,spielberg_FP1,engine_temp,sensor_dropout,detection,0.0137,True
f4d5ee4bc585,spielberg_FP1,g_force_lateral,sensor_dropout,detection,0.0107,True
1cb42820953e,spielberg_FP1,speed,duplicate_timestamp,detection,0.0112,True
c12929bedb41,spielberg_FP1,ecu_canbus,sensor_dropout,detection,0.0097,True
ddfa9fa32641,spielberg_FP1,heart_rate,null_value,detection,0.0095,True
f945f521b299,spielberg_FP1,rpm,null_value,detection,0.0092,True
c8ce18503c19,spielberg_FP1,tyre_pressure,bit_flip_low,detection,0.0163,True
909e7f314cf5,spielberg_FP1,g_force_lateral,null_value,detection,0.01,True
14d283d68fe7,spielberg_FP1,rpm,bit_flip_low,detection,0.0162,True
2f365d0e1655,spielberg_FP1,tyre_pressure,bit_flip_high,detection,0.0154,True
55441d4114a3,spielberg_FP1,g_force_lateral_new,schema_drift,detection,0.0112,True
b6de15baccb8,spielberg_FP1,g_force_lateral_new,schema_drift,detection,0.0114,True
3799b4c00602,spielberg_FP1,brake_temp_v2,schema_drift,detection,0.0114,True
e5967f71a877,spielberg_FP1,tyre_pressure_alt,schema_drift,detection,0.012,True
3ef56e5dc063,spielberg_FP1,brake_temp_alt,schema_drift,detection,0.0115,True
554c50c39a36,spielberg_FP1,aero_load,bit_flip_low,detection,0.0154,True
7721ab9c7b08,spielberg_FP1,ecu_canbus_canbus,schema_drift,detection,0.0114,True
797a69cc9730,spielberg_FP1,throttle,null_value,detection,0.0098,True
ebd5b25155f4,spielberg_FP1,tyre_pressure,duplicate_timestamp,detection,0.0106,True
80b9a72e1e20,spielberg_FP1,g_force_lateral_alt,schema_drift,detection,0.0128,True
93cf8faa7428,spielberg_FP1,engine_temp,bit_flip_high,detection,0.0175,True
9684b521a9f9,spielberg_FP1,aero_load,string_in_numeric,detection,0.0069,True
22b96826b585,spielberg_FP1,aero_load,null_value,detection,0.0084,True
54fdcf010fb1,spielberg_FP1,aero_load_new,schema_drift,detection,0.0127,True
430615612d00,spielberg_FP1,heart_rate_alt,schema_drift,detection,0.011,True
7765a7edeea6,spielberg_FP1,speed,duplicate_timestamp,detection,0.0095,True
c1622403dd95,spielberg_FP1,throttle,duplicate_timestamp,detection,0.0092,True
e8d3b62f26b4,spielberg_FP1,brake_temp,sensor_dropout,detection,0.0085,True
92ed9e8d1d29,spielberg_FP1,engine_temp,sensor_dropout,detection,0.011,True
663594e11886,spielberg_FP1,tyre_pressure,string_in_numeric,detection,0.0077,True
5b2502feb566,spielberg_FP1,engine_temp,duplicate_timestamp,detection,0.012,True
a207a907c5e5,spielberg_FP1,tyre_pressure,sensor_dropout,detection,0.0088,True
df0a2a40efdc,spielberg_FP1,heart_rate,bit_flip_low,detection,0.0133,True
7905aa668852,spielberg_FP1,rpm,bit_flip_low,detection,0.02,True
640a42d32f5e,spielberg_FP1,throttle,bit_flip_high,detection,0.0158,True
9ef41d246ef1,spielberg_FP1,aero_load_alt,schema_drift,detection,0.0103,True
6437ca7dffa3,spielberg_FP1,ecu_canbus,bit_flip_low,detection,0.0105,True
7f96fbfa5dec,spielberg_FP1,brake_temp,sensor_dropout,detection,0.0082,True
dcc545f99b69,spielberg_FP1,speed,bit_flip_high,detection,0.0149,True
531bf080d00a,spielberg_FP1,tyre_pressure,bit_flip_high,detection,0.0128,True
1c00b4226d38,spielberg_FP1,ecu_canbus,sensor_dropout,detection,0.0076,True
01001e322ac4,spielberg_FP1,g_force_lateral,sensor_dropout,detection,0.008,True
868760f99312,spielberg_FP1,aero_load,null_value,detection,0.0085,True
e9341c8689f7,spielberg_FP1,ecu_canbus,null_value,detection,0.0077,True
d354669102d2,spielberg_FP1,brake_temp,duplicate_timestamp,detection,0.0085,True
0bde4eeb7be6,spielberg_FP1,engine_temp,duplicate_timestamp,detection,0.0082,True
f24c24b66f0e,spielberg_FP1,aero_load,bit_flip_low,detection,0.0143,True
85276c6517aa,spielberg_FP1,rpm,bit_flip_low,detection,0.0133,True
2f17b24407d1,spielberg_FP1,engine_temp,sensor_dropout,detection,0.0115,True
9bd9aa054aa6,spielberg_FP1,g_force_lateral_v2,schema_drift,detection,0.013,True
8de5b118b8ec,spielberg_FP1,speed,bit_flip_low,detection,0.0185,True
fee59124b22e,spielberg_FP1,aero_load,sensor_dropout,detection,0.0118,True
b103a60564b3,spielberg_FP1,heart_rate,sensor_dropout,detection,0.0101,True
85bca1207d02,spielberg_FP1,g_force_lateral,null_value,detection,0.0121,True
c2e6a1eceb9e,spielberg_FP1,heart_rate,sensor_dropout,detection,0.0081,True
562a8644dbce,spielberg_FP1,rpm,duplicate_timestamp,detection,0.0094,True
31443564c6c3,spielberg_FP1,ecu_canbus,sensor_dropout,detection,0.012,True
508e5625f05b,spielberg_FP1,heart_rate,string_in_numeric,detection,0.0048,True
89c1bff59207,spielberg_FP1,speed,bit_flip_high,detection,0.0135,True
3af7958d4247,spielberg_FP1,engine_temp,bit_flip_low,detection,0.0125,True
1e1f501427af,spielberg_FP1,tyre_pressure,null_value,detection,0.0081,True
ac9b49b4800e,spielberg_FP1,ecu_canbus,null_value,detection,0.0079,True
4fee2e98f282,spielberg_FP1,g_force_lateral,bit_flip_high,detection,0.0131,True
222d5ead9119,spielberg_FP1,throttle,bit_flip_high,detection,0.0142,True
7737f2fe7bdc,spielberg_FP1,brake_temp,string_in_numeric,detection,0.0048,True
1b3d7bcf7432,spielberg_FP1,aero_load,bit_flip_high,detection,0.0131,True
74f48f4de22c,spielberg_FP1,heart_rate,string_in_numeric,detection,0.0046,True
fb06f086ea40,spielberg_FP1,g_force_lateral,sensor_dropout,detection,0.0085,True
b3aa0441d1d0,spielberg_FP1,speed,null_value,detection,0.0077,True
43c88dbbeb0f,spielberg_FP1,ecu_canbus,null_value,detection,0.0121,True
c0f709a705bc,spielberg_FP1,rpm,bit_flip_low,detection,0.0136,True
e2b26e638c44,spielberg_FP1,brake_temp_new,schema_drift,detection,0.0095,True
5c8da9561653,spielberg_FP1,throttle,bit_flip_low,detection,0.0126,True
305d683c561a,spielberg_FP1,engine_temp,bit_flip_low,detection,0.0121,True
cf45553438a7,spielberg_FP1,aero_load_new,schema_drift,detection,0.0103,True
a35511f7ae12,spielberg_FP1,speed,bit_flip_low,detection,0.0285,True
8c0650ad6325,spielberg_FP1,tyre_pressure,null_value,detection,0.0072,True
b98fa04daedc,spielberg_FP1,g_force_lateral,string_in_numeric,detection,0.0058,True
2821fc471330,spielberg_FP1,rpm_new,schema_drift,detection,0.01,True
fedd3bdbf722,spielberg_FP1,throttle,bit_flip_low,detection,0.0133,True
ae4c654b47b2,spielberg_FP1,rpm,string_in_numeric,detection,0.0045,True
62d132de3481,spielberg_FP1,aero_load,sensor_dropout,detection,0.0076,True
f2b77feca31d,spielberg_FP1,ecu_canbus,bit_flip_high,detection,0.0125,True
5b4ff072a385,spielberg_FP1,rpm_new,schema_drift,detection,0.0095,True
f93e5ab54a19,spielberg_FP1,speed,bit_flip_low,detection,0.0126,True
fd6af32f46a5,spielberg_FP1,tyre_pressure,bit_flip_low,detection,0.0129,True
9210531aacd4,spielberg_FP1,ecu_canbus,string_in_numeric,detection,0.0048,True
1d6653174cf1,spielberg_FP1,brake_temp,bit_flip_low,detection,0.0125,True
4d04b2aa23af,spielberg_FP1,heart_rate,bit_flip_low,detection,0.0135,True
cbe648a8414b,spielberg_FP1,brake_temp,duplicate_timestamp,detection,0.0082,True
951edd02d2e6,spielberg_FP1,engine_temp,bit_flip_high,detection,0.0122,True
3828eb272c07,spielberg_FP1,engine_temp,duplicate_timestamp,detection,0.0108,True
0afc7055a44f,spielberg_FP1,throttle,string_in_numeric,detection,0.0046,True
218280e07af6,spielberg_FP1,brake_temp,bit_flip_low,detection,0.0251,True
9e0f01c13f1f,spielberg_FP1,ecu_canbus,sensor_dropout,detection,0.011,True
28c45eb551e8,spielberg_FP1,g_force_lateral_new,schema_drift,detection,0.0134,True
afd7b219fc2a,spielberg_FP1,ecu_canbus,null_value,detection,0.0104,True
854d1886884a,spielberg_FP1,throttle,bit_flip_low,detection,0.0126,True
c7a9e4a2af7d,spielberg_FP1,tyre_pressure,bit_flip_high,detection,0.0121,True
d8555b37f374,spielberg_FP1,ecu_canbus,string_in_numeric,detection,0.0046,True
fbdae2615442,spielberg_FP1,speed_v2,schema_drift,detection,0.0101,True
f5e004d7431c,spielberg_FP1,brake_temp_raw,schema_drift,detection,0.0092,True
f78e8687c3bf,spielberg_FP1,heart_rate,string_in_numeric,detection,0.0046,True
95add2159832,spielberg_FP1,heart_rate,bit_flip_high,detection,0.0123,True
22854e71242d,spielberg_FP1,g_force_lateral_new,schema_drift,detection,0.009,True
5023a1868c5a,spielberg_FP1,rpm,null_value,detection,0.007,True
31702d3a3c95,spielberg_FP1,g_force_lateral,null_value,detection,0.0072,True
3e5d78d66669,spielberg_FP1,g_force_lateral,duplicate_timestamp,detection,0.0131,True
1fe1f6f7a147,spielberg_FP1,engine_temp,bit_flip_high,detection,0.0122,True
59ec45c90d88,spielberg_FP1,tyre_pressure,sensor_dropout,detection,0.008,True
b639d19291a3,spielberg_FP1,tyre_pressure,bit_flip_low,detection,0.0143,True
878f3c68b302,spielberg_FP1,throttle,sensor_dropout,detection,0.0073,True
bfd81ffb6638,spielberg_FP1,rpm_alt,schema_drift,detection,0.0095,True
5aba7c37dcd1,spielberg_FP1,aero_load,bit_flip_high,detection,0.0127,True
b3d49b859b79,spielberg_FP1,throttle,bit_flip_low,detection,0.0126,True
f0a04bfcb759,spielberg_FP1,tyre_pressure,null_value,detection,0.0075,True
9600bc6f6e79,spielberg_FP1,ecu_canbus,bit_flip_low,detection,0.013,True
188661b6da89,spielberg_FP1,engine_temp,sensor_dropout,detection,0.0078,True
4c189c0d0a99,spielberg_FP2,speed,string_in_numeric,detection,0.0045,True
42a3ca0aaea7,spielberg_FP2,tyre_pressure,sensor_dropout,detection,0.0077,True
a3d6492266ba,spielberg_FP2,ecu_canbus,null_value,detection,0.0074,True
761cc112ae8b,spielberg_FP2,engine_temp,null_value,detection,0.0071,True
d335194f29d7,spielberg_FP2,heart_rate,bit_flip_low,detection,0.013,True
ee681640ec40,spielberg_FP2,engine_temp,duplicate_timestamp,detection,0.0107,True
25b4c87fb6af,spielberg_FP2,speed,bit_flip_high,detection,0.014,True
ee2e917a0c27,spielberg_FP2,rpm,string_in_numeric,detection,0.0046,True
3b278847d4d7,spielberg_FP2,engine_temp_raw,schema_drift,detection,0.0088,True
6770f4e05e42,spielberg_FP2,engine_temp,string_in_numeric,detection,0.0043,True
23875f2d9014,spielberg_FP2,rpm,string_in_numeric,detection,0.0042,True
2adf82f7e1d2,spielberg_FP2,tyre_pressure,bit_flip_low,detection,0.0129,True
48ce5a169e79,spielberg_FP2,brake_temp,sensor_dropout,detection,0.0081,True
ae14f423d0e6,spielberg_FP2,speed,bit_flip_low,detection,0.0125,True
c66da7ebafac,spielberg_FP2,throttle,bit_flip_low,detection,0.0119,True
65fbbf114eb0,spielberg_FP2,aero_load,bit_flip_low,detection,0.0122,True
843e60dfc5cd,spielberg_FP2,brake_temp,bit_flip_low,detection,0.0121,True
969a772dfe0b,spielberg_FP2,heart_rate,bit_flip_low,detection,0.0126,True
ed3b6303fcc2,spielberg_FP2,brake_temp,sensor_dropout,detection,0.0072,True
d99d3f984d1f,spielberg_FP2,engine_temp,duplicate_timestamp,detection,0.0086,True
c3063f1742b7,spielberg_FP2,throttle_alt,schema_drift,detection,0.0094,True
1a6b13963420,spielberg_FP2,speed,bit_flip_high,detection,0.0126,True
071481d31712,spielberg_FP2,aero_load,bit_flip_low,detection,0.0145,True
9be5e4bcd780,spielberg_FP2,ecu_canbus,bit_flip_low,detection,0.0093,True
cfadb54378df,spielberg_FP2,speed,null_value,detection,0.0072,True
ae73265dea9f,spielberg_FP2,g_force_lateral_raw,schema_drift,detection,0.0095,True
0faef5e85970,spielberg_FP2,speed,bit_flip_low,detection,0.0134,True
484ccf4d76ae,spielberg_FP2,brake_temp,string_in_numeric,detection,0.0049,True
8b64c81c1254,spielberg_FP2,engine_temp,sensor_dropout,detection,0.0078,True
abf1366df165,spielberg_FP2,ecu_canbus,duplicate_timestamp,detection,0.0089,True
3237ecaab343,spielberg_FP2,tyre_pressure,sensor_dropout,detection,0.0074,True
7041107b92dd,spielberg_FP2,ecu_canbus,bit_flip_high,detection,0.0128,True
13ff99e500a3,spielberg_FP2,ecu_canbus,bit_flip_low,detection,0.0127,True
8039d19c8f91,spielberg_FP2,g_force_lateral,bit_flip_high,detection,0.0121,True
0fe256591e75,spielberg_FP2,g_force_lateral,sensor_dropout,detection,0.0076,True
c60f52527924,spielberg_FP2,tyre_pressure,bit_flip_high,detection,0.0121,True
0cf5fa17493d,spielberg_FP2,throttle,sensor_dropout,detection,0.0073,True
42ca0d011c37,spielberg_FP2,rpm,duplicate_timestamp,detection,0.0082,True
1da634deb0d4,spielberg_FP2,throttle,string_in_numeric,detection,0.0048,True
6cb8946b3203,spielberg_FP2,rpm,string_in_numeric,detection,0.0046,True
76dd3b29af96,spielberg_FP2,heart_rate,bit_flip_high,detection,0.0145,True
1214d58a80b9,spielberg_FP2,ecu_canbus,bit_flip_high,detection,0.0132,True
7d070a6e6d1f,spielberg_FP2,engine_temp,duplicate_timestamp,detection,0.0084,True
7f46346112dc,spielberg_FP2,heart_rate,bit_flip_low,detection,0.0136,True
f873b14045cf,spielberg_FP2,g_force_lateral,bit_flip_low,detection,0.0137,False
99a275afbd2b,spielberg_FP2,throttle_v2,schema_drift,detection,0.0104,True
c2358805704b,spielberg_FP2,tyre_pressure_v2,schema_drift,detection,0.0098,True
dad318bde9ab,spielberg_FP2,brake_temp_alt,schema_drift,detection,0.0096,True
a4ad53464016,spielberg_FP2,rpm,sensor_dropout,detection,0.0072,True
e7e03e8afa96,spielberg_FP2,engine_temp,bit_flip_low,detection,0.0139,True
cc48de899480,spielberg_FP2,throttle_new,schema_drift,detection,0.0095,True
729ac2622baa,spielberg_FP2,speed_alt,schema_drift,detection,0.0099,True
2fae05ed17f5,spielberg_FP2,g_force_lateral,null_value,detection,0.0076,True
f138f2512d65,spielberg_FP2,speed,null_value,detection,0.0074,True
58f841f556b6,spielberg_FP2,brake_temp,sensor_dropout,detection,0.0073,True
e82bb303a06a,spielberg_FP2,engine_temp,duplicate_timestamp,detection,0.0146,True
1f1145afb30a,spielberg_FP2,tyre_pressure,null_value,detection,0.0103,True
32cff6019961,spielberg_FP2,ecu_canbus,bit_flip_low,detection,0.0173,True
90c7e512bdbf,spielberg_FP2,heart_rate,sensor_dropout,detection,0.0091,True
f465e754f102,spielberg_FP2,speed,null_value,detection,0.0086,True
69352953c217,spielberg_FP2,ecu_canbus,bit_flip_low,detection,0.0096,False
a854033e854b,spielberg_FP2,heart_rate,bit_flip_high,detection,0.0127,True
2f97bc9014fc,spielberg_FP2,rpm,bit_flip_low,detection,0.0126,True
dfa8d585c1c9,spielberg_FP2,throttle,duplicate_timestamp,detection,0.008,True
7d014426736e,spielberg_FP2,heart_rate,string_in_numeric,detection,0.0043,True
323b920d58ae,spielberg_FP2,g_force_lateral,null_value,detection,0.0075,True
9ec2a7296561,spielberg_FP2,rpm,sensor_dropout,detection,0.0072,True
0bb43dd5d1f7,spielberg_FP2,heart_rate,null_value,detection,0.0096,True
b22d7e2c178d,spielberg_FP2,g_force_lateral,null_value,detection,0.0083,True
7454ea1fd1f4,spielberg_FP2,speed,string_in_numeric,detection,0.0056,True
f7d4be7bcd48,spielberg_FP2,throttle,bit_flip_high,detection,0.0171,True
e6fa0aeb0255,spielberg_FP2,engine_temp,null_value,detection,0.0083,True
5954bec57137,spielberg_FP2,ecu_canbus,bit_flip_high,detection,0.0133,True
3ba98da60d47,spielberg_FP2,throttle,duplicate_timestamp,detection,0.0084,True
c4230b7dcc95,spielberg_FP2,brake_temp,bit_flip_high,detection,0.0128,True
d881d76f89a4,spielberg_FP2,ecu_canbus,bit_flip_low,detection,0.0096,False
2233c1f10178,spielberg_FP2,speed,bit_flip_high,detection,0.0139,True
20c80dd8ca22,spielberg_FP2,speed,string_in_numeric,detection,0.0047,True
f240e25547de,spielberg_FP2,brake_temp,string_in_numeric,detection,0.0045,True
4ef47df2d831,spielberg_FP2,engine_temp,bit_flip_low,detection,0.0129,True
2d601d0ef027,spielberg_FP2,speed_canbus,schema_drift,detection,0.0098,True
e22a903f9bd4,spielberg_FP2,brake_temp,string_in_numeric,detection,0.0045,True
1fe4593c91ec,spielberg_FP2,engine_temp,duplicate_timestamp,detection,0.0087,True
8bd62e69d4d3,spielberg_FP2,aero_load,sensor_dropout,detection,0.0074,True
a2b7ce5e7ddb,spielberg_FP2,heart_rate,bit_flip_low,detection,0.0123,True
9eba581cb404,spielberg_FP2,rpm,sensor_dropout,detection,0.0072,True
307d9315c562,spielberg_FP2,brake_temp,duplicate_timestamp,detection,0.0083,True
54883eb1f598,spielberg_FP2,brake_temp,bit_flip_low,detection,0.0116,True
cd8dee027a6a,spielberg_FP2,rpm,bit_flip_high,detection,0.0123,True
d9637fae10f9,spielberg_FP2,aero_load,duplicate_timestamp,detection,0.0088,True
87230b054a43,spielberg_FP2,heart_rate,string_in_numeric,detection,0.0046,True
61a2fe7f1501,spielberg_FP2,ecu_canbus,bit_flip_low,detection,0.0085,False
a0a769e143fd,spielberg_FP2,throttle,bit_flip_high,detection,0.0122,True
460d038f10e4,spielberg_FP2,engine_temp_canbus,schema_drift,detection,0.0114,True
e3867c329beb,spielberg_FP2,speed_new,schema_drift,detection,0.0092,True
8604c2a5674b,spielberg_FP2,throttle,sensor_dropout,detection,0.0072,True
92b8c88f9850,spielberg_FP2,throttle_canbus,schema_drift,detection,0.0143,True
1d5c5ad8ad87,spielberg_FP2,throttle,sensor_dropout,detection,0.0109,True
bb966748b261,spielberg_FP2,engine_temp,bit_flip_high,detection,0.0185,True
a9860a29fe3a,spielberg_FP2,tyre_pressure,null_value,detection,0.0108,True
9761f003a985,spielberg_FP2,ecu_canbus,bit_flip_low,detection,0.0142,False
d1822e3c2b22,spielberg_FP2,throttle,bit_flip_low,detection,0.0189,True
721bf2c0e52f,spielberg_FP2,rpm,string_in_numeric,detection,0.0068,True
23ef14aa61ca,spielberg_FP2,engine_temp,bit_flip_low,detection,0.018,True
29c872322b91,spielberg_FP2,ecu_canbus,bit_flip_high,detection,0.0179,True
428c88b9ec21,spielberg_FP2,brake_temp,bit_flip_high,detection,0.0176,True
f81e45040fba,spielberg_FP2,tyre_pressure,bit_flip_high,detection,0.0183,True
41daed30015e,spielberg_FP2,heart_rate,null_value,detection,0.0108,True
13efbab079d1,spielberg_FP2,tyre_pressure,string_in_numeric,detection,0.007,True
2a540b13fa76,spielberg_FP2,ecu_canbus,null_value,detection,0.0114,True
b6420fe21f10,spielberg_FP2,engine_temp,bit_flip_high,detection,0.0179,True
4deef679b2b4,spielberg_FP2,g_force_lateral,bit_flip_high,detection,0.0172,True
e694cb317e09,spielberg_FP2,aero_load,duplicate_timestamp,detection,0.012,True
c704f520a2d8,spielberg_FP2,aero_load,sensor_dropout,detection,0.009,True
fe42fb8c3647,spielberg_FP2,throttle,string_in_numeric,detection,0.005,True
5d53dd7c412a,spielberg_FP2,throttle,bit_flip_low,detection,0.0205,True
c00892a26e3a,spielberg_FP2,rpm,null_value,detection,0.0084,True
0d88c1074f49,spielberg_FP2,g_force_lateral,duplicate_timestamp,detection,0.009,True
9034e10123e7,spielberg_FP2,aero_load,bit_flip_low,detection,0.0203,True
c34913fb71a8,spielberg_FP2,tyre_pressure,bit_flip_high,detection,0.0199,True
a3ba26446927,spielberg_FP2,ecu_canbus,bit_flip_low,detection,0.0194,True
4b1370663340,spielberg_FP2,aero_load,null_value,detection,0.0076,True
6fa13c79ef1c,spielberg_FP2,ecu_canbus,duplicate_timestamp,detection,0.0097,True
7c1b3a4fadf8,spielberg_FP2,throttle,duplicate_timestamp,detection,0.009,True
d9ba567e64ca,spielberg_FP2,g_force_lateral,bit_flip_high,detection,0.0126,True
8fd858feecec,spielberg_FP2,heart_rate,string_in_numeric,detection,0.0049,True
1f96d7af6233,spielberg_FP2,tyre_pressure,sensor_dropout,detection,0.008,True
245de45a1e26,spielberg_FP2,speed,bit_flip_low,detection,0.0133,True
f23ccfbb99d7,spielberg_FP2,ecu_canbus,bit_flip_low,detection,0.0094,False
eec296529117,spielberg_FP2,rpm,bit_flip_low,detection,0.013,True
936b533fe7cb,spielberg_FP2,tyre_pressure,string_in_numeric,detection,0.005,True
1b570df7664f,spielberg_FP2,engine_temp,duplicate_timestamp,detection,0.0084,True
4be0861e2ff9,spielberg_FP2,aero_load,duplicate_timestamp,detection,0.0086,True
4373593a9d19,spielberg_FP2,speed,duplicate_timestamp,detection,0.0086,True
13357089d360,spielberg_FP2,brake_temp,sensor_dropout,detection,0.0075,True
94ee40ec5d1d,spielberg_FP2,aero_load,bit_flip_high,detection,0.013,True
de4159c35617,spielberg_FP2,speed,bit_flip_high,detection,0.0126,True
04bfa7e378b9,spielberg_FP2,heart_rate,bit_flip_low,detection,0.014,True
be81565d4a7e,spielberg_FP2,speed,duplicate_timestamp,detection,0.0096,True
fd2db7a3765d,spielberg_FP2,heart_rate,sensor_dropout,detection,0.0099,True
02689c9f954d,spielberg_FP2,speed,bit_flip_high,detection,0.017,True
4d6e78bf62b1,spielberg_FP2,brake_temp,sensor_dropout,detection,0.0102,True
b2782f8bf839,spielberg_FP2,heart_rate,bit_flip_high,detection,0.0128,True
74b08260163d,spielberg_FP2,g_force_lateral,string_in_numeric,detection,0.0051,True
8bd8559fd1b7,spielberg_FP2,ecu_canbus,bit_flip_low,detection,0.0099,True
2a8dfa0ee392,spielberg_FP2,aero_load,string_in_numeric,detection,0.0048,True
b249fe79bcdb,spielberg_FP2,tyre_pressure,bit_flip_high,detection,0.013,True
7f60010d0c92,spielberg_FP2,ecu_canbus,null_value,detection,0.008,True
24a47555ec2a,spielberg_FP2,engine_temp,bit_flip_low,detection,0.0122,True
aadc764db5b0,spielberg_FP2,aero_load,bit_flip_low,detection,0.0127,True
2062dda5faed,spielberg_FP2,speed,duplicate_timestamp,detection,0.0082,True
5688af652b8b,spielberg_FP2,rpm,string_in_numeric,detection,0.0045,True
313466dea292,spielberg_FP2,ecu_canbus_canbus,schema_drift,detection,0.0094,True
786e79462413,spielberg_FP2,speed,null_value,detection,0.0078,True
107e837de8b5,spielberg_FP2,aero_load,string_in_numeric,detection,0.0045,True
5939d30d13f0,spielberg_FP2,ecu_canbus_v2,schema_drift,detection,0.0094,True
da6885a11192,spielberg_FP2,tyre_pressure,bit_flip_high,detection,0.0127,True
1b8de89756e6,spielberg_FP2,engine_temp_alt,schema_drift,detection,0.0095,True
b75c8f2e26e6,spielberg_FP2,throttle,bit_flip_high,detection,0.0132,True
012494a3bc5d,spielberg_FP2,engine_temp,sensor_dropout,detection,0.0099,True
9be21ef0b8d6,spielberg_FP2,g_force_lateral_new,schema_drift,detection,0.0095,True
26ceef112576,spielberg_FP2,throttle,bit_flip_low,detection,0.0128,True
69d40ae2d198,spielberg_FP2,speed,string_in_numeric,detection,0.0048,True
53beb990346b,spielberg_FP2,throttle_raw,schema_drift,detection,0.01,True
0716d2fd8ac5,spielberg_FP2,brake_temp,null_value,detection,0.0075,True
809e03e5d225,spielberg_FP2,g_force_lateral,bit_flip_high,detection,0.0124,True
ec4490cd09f6,spielberg_FP2,rpm,null_value,detection,0.0072,True
a17908a4afd1,spielberg_FP2,aero_load_v2,schema_drift,detection,0.0093,True
a8bace001c9f,spielberg_FP2,heart_rate,bit_flip_high,detection,0.0123,True
f9239e3c8970,spielberg_FP2,g_force_lateral,string_in_numeric,detection,0.0052,True
c5ce62370678,spielberg_FP2,engine_temp,duplicate_timestamp,detection,0.012,True
17ff63e204ad,spielberg_FP2,heart_rate,duplicate_timestamp,detection,0.0087,True
47b291b65dcb,spielberg_FP2,ecu_canbus,bit_flip_high,detection,0.0136,True
69b648344f25,spielberg_FP2,heart_rate,string_in_numeric,detection,0.0051,True
e075dffef2d0,spielberg_FP2,throttle_raw,schema_drift,detection,0.0099,True
570327d506dd,spielberg_FP2,engine_temp,string_in_numeric,detection,0.0047,True
788da1c7e510,spielberg_FP2,tyre_pressure,duplicate_timestamp,detection,0.0087,True
700d49f6b049,spielberg_FP2,engine_temp,bit_flip_high,detection,0.0126,True
2ab270ece622,spielberg_FP2,tyre_pressure,duplicate_timestamp,detection,0.0085,True
fad1dfbcc7f7,spielberg_FP2,speed,duplicate_timestamp,detection,0.0083,True
f92ee9da7a2b,spielberg_FP2,g_force_lateral,duplicate_timestamp,detection,0.0083,True
4fddcae6bcc9,spielberg_FP2,heart_rate,string_in_numeric,detection,0.0048,True
29ac9f6bdb0b,spielberg_FP2,speed,bit_flip_low,detection,0.0133,True
24bd27d778df,spielberg_FP2,throttle,bit_flip_low,detection,0.0126,True
b9a47d6fe113,spielberg_FP2,rpm,duplicate_timestamp,detection,0.008,True
3a07133cf924,spielberg_FP2,aero_load,sensor_dropout,detection,0.0083,True
773feaa9c872,spielberg_FP2,engine_temp,sensor_dropout,detection,0.0076,True
8bbcee60d225,spielberg_FP2,aero_load,duplicate_timestamp,detection,0.0112,True
69c23d726edd,spielberg_FP2,heart_rate,sensor_dropout,detection,0.0094,True
b62f959330c5,spielberg_FP2,g_force_lateral,string_in_numeric,detection,0.0077,True
9135316e2c44,spielberg_FP2,rpm_canbus,schema_drift,detection,0.0115,True
ea85a5085540,spielberg_FP2,engine_temp,bit_flip_high,detection,0.0136,True
cbda98606bcb,spielberg_FP2,aero_load,string_in_numeric,detection,0.0049,True
aa6b40901a82,spielberg_FP2,ecu_canbus,sensor_dropout,detection,0.0077,True
994d91a31ca3,spielberg_FP2,aero_load,bit_flip_high,detection,0.0216,True
3c9f34c250d1,spielberg_FP2,ecu_canbus,bit_flip_low,detection,0.0092,True
a6efa9b219da,spielberg_FP2,throttle,null_value,detection,0.0071,True
caf83fc9ec32,spielberg_FP2,speed,sensor_dropout,detection,0.0074,True
5e19c8a6e5b5,spielberg_FP2,heart_rate,string_in_numeric,detection,0.0044,True
e75914c9a250,spielberg_FP2,rpm,bit_flip_low,detection,0.0128,True
5faa11afffd4,spielberg_FP2,tyre_pressure,duplicate_timestamp,detection,0.0091,True
b7a19284019c,spielberg_FP2,aero_load,null_value,detection,0.0086,True
5699b9683427,spielberg_FP2,speed,bit_flip_high,detection,0.0139,True
71b2ab8b7e6d,spielberg_FP2,g_force_lateral,duplicate_timestamp,detection,0.0089,True
f0df2aac0804,spielberg_FP2,heart_rate,bit_flip_low,detection,0.0137,True
5501baaff709,spielberg_FP2,rpm,string_in_numeric,detection,0.0048,True
4f7783acf445,spielberg_FP2,brake_temp_new,schema_drift,detection,0.0101,True
067b2ec1023f,spielberg_FP2,g_force_lateral,bit_flip_high,detection,0.0142,True
64231c62ec1c,spielberg_FP2,throttle,duplicate_timestamp,detection,0.0155,True
e687496b6566,spielberg_FP2,tyre_pressure_new,schema_drift,detection,0.0148,True
f68e0df62861,spielberg_FP2,g_force_lateral,sensor_dropout,detection,0.0117,True
82f9e677fdbd,spielberg_FP2,aero_load_alt,schema_drift,detection,0.012,True
7f688f3477ab,spielberg_FP2,heart_rate,sensor_dropout,detection,0.0089,True
e4c7056683f9,spielberg_FP2,speed,duplicate_timestamp,detection,0.0108,True
ecca2c1d7aa9,spielberg_FP2,aero_load,sensor_dropout,detection,0.0076,True
c589208be65a,spielberg_FP2,brake_temp,string_in_numeric,detection,0.0049,True
c25ba7c34d23,spielberg_FP2,g_force_lateral_raw,schema_drift,detection,0.0092,True
f16218abc66a,spielberg_FP2,aero_load,string_in_numeric,detection,0.0046,True
cdbcbfae3845,spielberg_FP2,rpm,bit_flip_low,detection,0.0138,True
8a162911d9cb,spielberg_FP2,throttle_new,schema_drift,detection,0.0102,True
13eda74f3266,spielberg_FP2,rpm,string_in_numeric,detection,0.0055,True
07c826817d7c,spielberg_FP2,tyre_pressure,bit_flip_low,detection,0.0144,True
232976a68eb7,spielberg_FP2,heart_rate,bit_flip_high,detection,0.0149,True
0ec7c1cdbd99,spielberg_FP2,aero_load,string_in_numeric,detection,0.0055,True
f6e0b5b37c50,spielberg_FP2,speed,null_value,detection,0.0076,True
f0e874dd83a4,spielberg_FP2,tyre_pressure,string_in_numeric,detection,0.0057,True
25e82492edd7,spielberg_FP2,engine_temp,null_value,detection,0.0109,True
0f6bcb3bfb4c,spielberg_FP2,rpm,sensor_dropout,detection,0.0077,True
a49a34f5c66c,spielberg_FP2,aero_load,duplicate_timestamp,detection,0.0086,True
54394881b9b7,spielberg_FP2,ecu_canbus,null_value,detection,0.0072,True
501ea2177bd8,spielberg_FP2,engine_temp,string_in_numeric,detection,0.0046,True
e30a2fe304e7,spielberg_FP2,g_force_lateral,null_value,detection,0.0073,True
d2a0ba491f25,spielberg_FP2,engine_temp,sensor_dropout,detection,0.0097,True
d0570f0a5081,spielberg_FP2,ecu_canbus,bit_flip_low,detection,0.0096,False
8b1a2c3ac103,spielberg_FP2,speed_raw,schema_drift,detection,0.0094,True
be789e1a8cfb,spielberg_FP2,rpm,bit_flip_low,detection,0.0135,True
108c198ca855,spielberg_FP2,speed,bit_flip_low,detection,0.0135,True
849b60ab8850,spielberg_FP2,engine_temp_v2,schema_drift,detection,0.0092,True
abd0b5c7d0b0,spielberg_FP2,g_force_lateral,duplicate_timestamp,detection,0.0083,True
c138e17207da,spielberg_FP2,rpm,bit_flip_low,detection,0.0132,True
6688dfd2ee9c,spielberg_FP2,rpm_alt,schema_drift,detection,0.0097,True
f3eb0f9a85e3,spielberg_FP2,throttle,string_in_numeric,detection,0.0047,True
73991f623e74,spielberg_FP2,ecu_canbus,null_value,detection,0.0139,True
3d5757ef114c,spielberg_FP2,ecu_canbus,bit_flip_high,detection,0.0128,True
98ebc257f1f3,spielberg_FP2,throttle,null_value,detection,0.0072,True
3ee5c554c0ca,spielberg_FP2,speed,bit_flip_high,detection,0.0128,True
dcc498320235,spielberg_FP2,engine_temp,bit_flip_low,detection,0.0126,True
cb660eafc79b,spielberg_FP2,throttle,bit_flip_low,detection,0.0358,True
e1c5f357424e,spielberg_FP2,g_force_lateral,string_in_numeric,detection,0.0046,True
16d5d863057b,spielberg_FP2,brake_temp,null_value,detection,0.0074,True
0c58d1088afd,spielberg_FP2,speed,string_in_numeric,detection,0.0047,True
2cf13bbe4a0c,spielberg_FP2,aero_load_canbus,schema_drift,detection,0.0097,True
f45245976e34,spielberg_FP2,throttle,sensor_dropout,detection,0.0075,True
7d7489842120,spielberg_FP2,ecu_canbus,bit_flip_high,detection,0.0089,True
a3736d6b95f2,spielberg_FP2,engine_temp,string_in_numeric,detection,0.0047,True
05c63c0894fb,spielberg_FP2,tyre_pressure,bit_flip_high,detection,0.0128,True
cc6749cf276b,spielberg_FP2,heart_rate,bit_flip_high,detection,0.0126,True
a5d78ada7fd8,spielberg_FP2,speed_v2,schema_drift,detection,0.0091,True
5974625b5bec,spielberg_FP2,throttle,string_in_numeric,detection,0.0046,True
6a35ffc6a94f,spielberg_FP2,heart_rate,duplicate_timestamp,detection,0.008,True
501e70a06708,spielberg_FP2,engine_temp_new,schema_drift,detection,0.0101,True
6c844108610e,spielberg_FP2,tyre_pressure_canbus,schema_drift,detection,0.0098,True
016fd866479f,spielberg_FP2,tyre_pressure,sensor_dropout,detection,0.0079,True
80405f4f73ab,spielberg_FP2,engine_temp,bit_flip_high,detection,0.0173,True
9621563c86bc,spielberg_FP2,aero_load,bit_flip_high,detection,0.0179,True
a9610688cf53,spielberg_FP2,heart_rate,duplicate_timestamp,detection,0.0092,True
ee4c6cc01c20,spielberg_FP2,brake_temp,bit_flip_low,detection,0.0128,True
fb44cef81681,spielberg_FP2,heart_rate,null_value,detection,0.0077,True
d2cb05e79161,spielberg_FP2,tyre_pressure,bit_flip_low,detection,0.0126,True
84dab83959fb,spielberg_FP2,speed,null_value,detection,0.008,True
c3fc3f90c965,spielberg_FP2,g_force_lateral_raw,schema_drift,detection,0.0094,True
51a12955fea8,spielberg_FP2,speed_alt,schema_drift,detection,0.0096,True
93f958bca394,spielberg_FP2,engine_temp,string_in_numeric,detection,0.0045,True
aba39088e0bc,spielberg_FP2,aero_load,string_in_numeric,detection,0.0056,True
84f0359813f1,spielberg_FP2,engine_temp,string_in_numeric,detection,0.0047,True
23e845630a91,spielberg_FP2,rpm,sensor_dropout,detection,0.0071,True
df9e1405f99d,spielberg_FP2,brake_temp,duplicate_timestamp,detection,0.0083,True
4934ecceabad,spielberg_FP2,tyre_pressure,bit_flip_high,detection,0.0129,True
609da1d9c28d,spielberg_FP2,engine_temp_v2,schema_drift,detection,0.0095,True
4fed03bccdcb,spielberg_FP2,g_force_lateral_alt,schema_drift,detection,0.0101,True
66a780e6c8cb,spielberg_FP2,engine_temp,bit_flip_low,detection,0.0173,True
73fc0d66e19d,spielberg_FP2,aero_load_raw,schema_drift,detection,0.0098,True
bf337468f398,spielberg_FP2,aero_load,duplicate_timestamp,detection,0.0092,True
c6331cf86c9a,spielberg_FP2,speed,null_value,detection,0.0084,True
c2204b472cd8,spielberg_FP2,aero_load,bit_flip_high,detection,0.0148,True
9aff74e59da5,spielberg_FP2,engine_temp,bit_flip_high,detection,0.0124,True
7e3c7331c385,spielberg_FP2,throttle,bit_flip_low,detection,0.0132,True
68e966b5e408,spielberg_FP2,brake_temp_canbus,schema_drift,detection,0.0102,True
3d655008c36b,spielberg_FP2,rpm,duplicate_timestamp,detection,0.0083,True
8451341eeb36,spielberg_FP2,tyre_pressure_raw,schema_drift,detection,0.0098,True
6bae4f35a920,spielberg_FP2,heart_rate,sensor_dropout,detection,0.0078,True
cd6b73726cc7,spielberg_FP2,speed_alt,schema_drift,detection,0.0101,True
0ad40da8752e,spielberg_FP2,rpm,null_value,detection,0.0078,True
8f738b18c858,spielberg_FP2,engine_temp_canbus,schema_drift,detection,0.0095,True
25b4a94946fd,spielberg_FP2,tyre_pressure,string_in_numeric,detection,0.005,True
ade191af6976,spielberg_FP2,rpm,string_in_numeric,detection,0.0052,True
de8385bcd7d3,spielberg_FP2,brake_temp,sensor_dropout,detection,0.0076,True
668e69a15e48,spielberg_FP2,aero_load,bit_flip_high,detection,0.0131,True
d38fc8407e14,spielberg_FP2,tyre_pressure_canbus,schema_drift,detection,0.0095,True
7bf88b529421,spielberg_FP2,heart_rate,bit_flip_low,detection,0.0128,True
b92fa8c54fb0,spielberg_FP2,heart_rate,bit_flip_high,detection,0.0317,True
3517dfc3fb63,spielberg_FP2,throttle,null_value,detection,0.0086,True
7ff64fd32e97,spielberg_FP2,brake_temp,bit_flip_low,detection,0.0136,True
a4f561a559a0,spielberg_FP2,ecu_canbus,string_in_numeric,detection,0.005,True
de616967628d,spielberg_FP2,g_force_lateral,string_in_numeric,detection,0.0051,True
ef12b968b235,spielberg_FP2,brake_temp,bit_flip_high,detection,0.0132,True
816404342195,spielberg_FP2,tyre_pressure,sensor_dropout,detection,0.0072,True
dbf4bcec073b,spielberg_FP2,g_force_lateral,bit_flip_high,detection,0.0127,True
f0ce503ff93c,spielberg_FP2,brake_temp_new,schema_drift,detection,0.0092,True
9a30a99d4e6d,spielberg_FP2,aero_load,duplicate_timestamp,detection,0.0096,True
23fc3c9936dc,spielberg_FP2,rpm_new,schema_drift,detection,0.0164,True
c476cea5a9b8,spielberg_FP2,tyre_pressure_canbus,schema_drift,detection,0.0096,True
b27293b5a1c0,spielberg_FP2,throttle,bit_flip_high,detection,0.0136,True
f2da66d51cb8,spielberg_FP2,ecu_canbus,bit_flip_high,detection,0.013,True
d920dbfb4993,spielberg_FP2,g_force_lateral,sensor_dropout,detection,0.0078,True
da8fb0233617,spielberg_FP2,engine_temp,duplicate_timestamp,detection,0.0118,True
2e385329c667,spielberg_FP2,brake_temp,null_value,detection,0.0233,True
20ff775ad6d3,spielberg_FP2,tyre_pressure,sensor_dropout,detection,0.0169,True
5e8533c6d3a0,spielberg_FP2,aero_load,string_in_numeric,detection,0.0097,True
1857a65b9cae,spielberg_FP2,ecu_canbus,bit_flip_low,detection,0.012,False
b8b004352be0,spielberg_FP2,g_force_lateral,null_value,detection,0.0107,True
1da6ab3d378d,spielberg_FP2,throttle,duplicate_timestamp,detection,0.0114,True
087ded9af8a2,spielberg_FP2,tyre_pressure,duplicate_timestamp,detection,0.0126,True
065bfdef9f77,spielberg_FP2,heart_rate,string_in_numeric,detection,0.0065,True
3128ecd581ae,spielberg_FP2,g_force_lateral,sensor_dropout,detection,0.0106,True
65579f76fa3e,spielberg_FP2,g_force_lateral_canbus,schema_drift,detection,0.0133,True
725f34856c40,spielberg_FP2,aero_load,null_value,detection,0.0103,True
896ec02e34b4,spielberg_FP2,tyre_pressure,bit_flip_high,detection,0.0184,True
d7d0e28070ac,spielberg_FP2,heart_rate,bit_flip_low,detection,0.0168,True
91dbdca0e029,spielberg_FP2,rpm,bit_flip_high,detection,0.0186,True
22a83323ff42,spielberg_FP2,ecu_canbus,bit_flip_high,detection,0.0193,True
9ee2fce6ef73,spielberg_FP2,speed,bit_flip_low,detection,0.018,True
889347e82d1c,spielberg_FP2,speed,string_in_numeric,detection,0.0064,True
ac0770362f2e,spielberg_FP2,ecu_canbus,bit_flip_high,detection,0.0184,True
ff7492b5dccc,spielberg_FP2,brake_temp_canbus,schema_drift,detection,0.0132,True
62210abca6b0,spielberg_FP2,engine_temp,sensor_dropout,detection,0.0108,True
8d590b62ac47,spielberg_FP2,heart_rate,sensor_dropout,detection,0.0104,True
344364d0d03f,spielberg_FP2,heart_rate,bit_flip_high,detection,0.018,True
84d6d00a80c8,spielberg_FP2,g_force_lateral,null_value,detection,0.0112,True
15526e0d3e12,spielberg_FP2,throttle_alt,schema_drift,detection,0.0144,True
833d5a8470ba,spielberg_FP2,g_force_lateral,sensor_dropout,detection,0.0083,True
7dd2fc15afde,spielberg_FP2,rpm,bit_flip_high,detection,0.0147,True
0da66857b70a,spielberg_FP2,brake_temp,null_value,detection,0.0079,True
53b5fbcab180,spielberg_FP2,aero_load,string_in_numeric,detection,0.0049,True
6621813da870,spielberg_FP2,rpm,duplicate_timestamp,detection,0.0085,True
1cdda1d62bb0,spielberg_FP2,throttle,duplicate_timestamp,detection,0.0087,True
5890718e1816,spielberg_FP2,engine_temp,duplicate_timestamp,detection,0.0088,True
6f3e78088d3a,spielberg_FP2,speed,sensor_dropout,detection,0.0076,True
64fd73c64107,spielberg_FP2,throttle_canbus,schema_drift,detection,0.01,True
568631d11625,spielberg_FP2,brake_temp,bit_flip_high,detection,0.0138,True
a7d49ef620b1,spielberg_FP2,g_force_lateral,null_value,detection,0.0077,True
6330ecb0c0b2,spielberg_FP2,ecu_canbus_alt,schema_drift,detection,0.0096,True
4b747a8692d0,spielberg_FP2,g_force_lateral,null_value,detection,0.0077,True
10785443fa7f,spielberg_FP2,throttle,null_value,detection,0.0075,True
f7cf3d00e191,spielberg_FP2,ecu_canbus,null_value,detection,0.0076,True
e1b3ecd18b43,spielberg_FP2,g_force_lateral,null_value,detection,0.0079,True
3b644553acb4,spielberg_FP2,rpm,bit_flip_low,detection,0.0136,True
c3acc32b273f,spielberg_FP2,ecu_canbus,bit_flip_low,detection,0.0126,True
c261d7c3b8d5,spielberg_FP2,heart_rate,bit_flip_high,detection,0.0125,True
223364c852fe,spielberg_FP2,rpm,duplicate_timestamp,detection,0.025,True
b1f3e12773e9,spielberg_FP2,brake_temp,string_in_numeric,detection,0.0046,True
c0ff4a908de0,spielberg_FP2,ecu_canbus,duplicate_timestamp,detection,0.0082,True
510d4eb48d2d,spielberg_FP2,tyre_pressure,bit_flip_low,detection,0.0148,True
4b554878595a,spielberg_FP2,ecu_canbus,string_in_numeric,detection,0.0064,True
f3f54d81e828,spielberg_FP2,rpm,string_in_numeric,detection,0.0069,True
09861e6c61ff,spielberg_FP2,tyre_pressure,sensor_dropout,detection,0.0103,True
da62e95e3678,spielberg_FP2,throttle,string_in_numeric,detection,0.0065,True
430af28cf172,spielberg_FP2,rpm,duplicate_timestamp,detection,0.0081,True
6da2600dfb74,spielberg_FP2,g_force_lateral,bit_flip_low,detection,0.0119,True
8ec52f80d03e,spielberg_FP2,throttle,string_in_numeric,detection,0.005,True
336bc5be52eb,spielberg_FP2,brake_temp,sensor_dropout,detection,0.011,True
f25eabb8f9d4,spielberg_FP2,brake_temp,bit_flip_high,detection,0.0229,True
ac8206ea2d76,spielberg_FP2,ecu_canbus,sensor_dropout,detection,0.0074,True
222fa43183a3,spielberg_FP2,throttle,duplicate_timestamp,detection,0.0081,True
036616e1f418,spielberg_FP2,aero_load,sensor_dropout,detection,0.0084,True
cf8c35ddfcec,spielberg_FP2,rpm,bit_flip_low,detection,0.0135,True
a829a788e9f6,spielberg_FP2,tyre_pressure,null_value,detection,0.0072,True
085282906576,spielberg_FP2,speed,bit_flip_low,detection,0.0122,True
a2bc55676100,spielberg_FP2,rpm,string_in_numeric,detection,0.0046,True
8e49dbdac70c,spielberg_FP2,heart_rate,null_value,detection,0.0071,True
a04f58605189,spielberg_FP2,engine_temp,string_in_numeric,detection,0.0058,True
05b335e549ce,spielberg_FP2,aero_load,string_in_numeric,detection,0.0047,True
813446276ac5,spielberg_FP2,g_force_lateral,sensor_dropout,detection,0.0084,True
b9272ac46eed,spielberg_FP2,speed,bit_flip_high,detection,0.0157,True
1189a8f914ca,spielberg_FP2,g_force_lateral,bit_flip_low,detection,0.0125,True
3f997df255b9,spielberg_FP2,aero_load,sensor_dropout,detection,0.0077,True
2a43f43a594a,spielberg_FP2,brake_temp_canbus,schema_drift,detection,0.0092,True
c353f5b69ef3,spielberg_FP2,rpm,bit_flip_low,detection,0.0138,True
3381ee586010,spielberg_FP2,rpm_raw,schema_drift,detection,0.0097,True
f84e516a5c62,spielberg_FP2,g_force_lateral_canbus,schema_drift,detection,0.0097,True
d81122549884,spielberg_FP2,rpm,bit_flip_high,detection,0.0135,True
95ea1841b2d3,spielberg_FP2,ecu_canbus,sensor_dropout,detection,0.0079,True
e314734b817e,spielberg_FP2,speed,bit_flip_high,detection,0.0133,True
cd52ffb46410,spielberg_FP2,throttle,duplicate_timestamp,detection,0.0086,True
31a193b76fbd,spielberg_FP2,engine_temp,bit_flip_low,detection,0.0165,True
29235095779a,spielberg_FP2,heart_rate,sensor_dropout,detection,0.0074,True
1a2b56cc8815,spielberg_FP2,ecu_canbus,bit_flip_high,detection,0.0138,True
5d1009a236a7,spielberg_FP2,speed,bit_flip_low,detection,0.0137,True
4c52ba8c2897,spielberg_FP2,tyre_pressure,sensor_dropout,detection,0.0083,True
37cc01830c1e,spielberg_FP2,g_force_lateral,duplicate_timestamp,detection,0.009,True
99422f9d3ff3,spielberg_FP2,heart_rate,bit_flip_low,detection,0.0132,True
c0fd90937296,spielberg_FP2,g_force_lateral,duplicate_timestamp,detection,0.0087,True
293cec4b5fc8,spielberg_FP2,speed,bit_flip_low,detection,0.0129,True
136bef9f82e1,spielberg_FP2,engine_temp_alt,schema_drift,detection,0.0105,True
93e1941ccb5e,spielberg_FP2,heart_rate,sensor_dropout,detection,0.008,True
532761b0b6b8,spielberg_FP2,ecu_canbus,bit_flip_high,detection,0.0133,True
8fb9b0b3c0cf,spielberg_FP2,speed,bit_flip_low,detection,0.0193,True
229f288bdea1,spielberg_FP2,rpm,null_value,detection,0.0112,True
9989b7502eae,spielberg_FP2,throttle,bit_flip_low,detection,0.0184,True
f6ca3842e9b2,spielberg_FP2,brake_temp,string_in_numeric,detection,0.0066,True
be574d67e94a,spielberg_FP2,g_force_lateral,bit_flip_high,detection,0.0161,True
7915f31fb64f,spielberg_FP2,rpm_alt,schema_drift,detection,0.0135,True
373218f468d4,spielberg_FP2,throttle,bit_flip_low,detection,0.0174,True
6dc89924e441,spielberg_FP2,tyre_pressure_raw,schema_drift,detection,0.0126,True
94a8e413fc3d,spielberg_FP2,rpm,bit_flip_low,detection,0.0152,True
b8583e8d8394,spielberg_FP2,tyre_pressure,bit_flip_high,detection,0.0136,True
207bb79d4171,spielberg_FP2,throttle,duplicate_timestamp,detection,0.0091,True
907936f47174,spielberg_FP2,engine_temp,bit_flip_high,detection,0.0136,True
905af1d65abc,spielberg_FP2,aero_load,bit_flip_low,detection,0.0137,True
faab7b7b4cee,spielberg_FP2,brake_temp,sensor_dropout,detection,0.0073,True
b7b372db596d,spielberg_FP2,tyre_pressure,null_value,detection,0.0074,True
31641e96f610,spielberg_FP2,g_force_lateral,null_value,detection,0.0075,True
f35e32ac0ab1,spielberg_FP2,ecu_canbus,bit_flip_high,detection,0.0149,True
ae8641f0a14d,spielberg_FP2,engine_temp,null_value,detection,0.0079,True
dc5d1d72e9b4,spielberg_FP2,ecu_canbus,null_value,detection,0.0077,True
67c9899e3e61,spielberg_FP2,g_force_lateral_alt,schema_drift,detection,0.0095,True
96dfa8c177e4,spielberg_FP2,throttle,null_value,detection,0.0075,True
b6e86be00a43,spielberg_FP2,aero_load,null_value,detection,0.0079,True
bf488e9fa17e,spielberg_FP2,rpm,string_in_numeric,detection,0.0049,True
b4a4ea5d5246,spielberg_FP2,throttle,string_in_numeric,detection,0.0072,True
fecc9fb7de57,spielberg_FP2,brake_temp_new,schema_drift,detection,0.0123,True
73d0bc4bbd1f,spielberg_FP2,ecu_canbus,bit_flip_low,detection,0.0185,True
6903640580bb,spielberg_FP2,g_force_lateral,sensor_dropout,detection,0.0107,True
917b63a3a059,spielberg_FP2,ecu_canbus,bit_flip_low,detection,0.0152,False
ced96e1628bd,spielberg_FP2,ecu_canbus,duplicate_timestamp,detection,0.0084,True
3b66e4896282,spielberg_FP2,aero_load,sensor_dropout,detection,0.008,True
03184e23dacd,spielberg_FP2,ecu_canbus,bit_flip_high,detection,0.0134,True
74541032058d,spielberg_FP2,g_force_lateral,string_in_numeric,detection,0.0106,True
c117c7bec7b1,spielberg_FP2,speed,null_value,detection,0.0147,True
be03b3f1c4f3,spielberg_FP2,brake_temp_v2,schema_drift,detection,0.0148,True
f9569c2cd7bf,spielberg_FP2,engine_temp,bit_flip_high,detection,0.0199,True
0cf8b76219c5,spielberg_FP2,throttle,sensor_dropout,detection,0.0397,True
0ad8a04f8484,spielberg_FP2,g_force_lateral,null_value,detection,0.0077,True
0feb74ee7010,spielberg_FP2,speed_canbus,schema_drift,detection,0.0101,True
0d2b16725907,spielberg_FP2,ecu_canbus,bit_flip_low,detection,0.0134,True
dc4c3ef967bb,spielberg_FP2,brake_temp,sensor_dropout,detection,0.0073,True
751d59308730,spielberg_FP2,g_force_lateral_raw,schema_drift,detection,0.0091,True
75282425c520,spielberg_FP2,rpm,bit_flip_high,detection,0.0141,True
22a9b64d3419,spielberg_FP2,throttle,bit_flip_high,detection,0.0323,True
d7a43e5980ec,spielberg_FP2,ecu_canbus,bit_flip_low,detection,0.0106,True
b840955abf56,spielberg_FP2,heart_rate,sensor_dropout,detection,0.0077,True
e0bddfa4f832,spielberg_FP2,heart_rate,bit_flip_high,detection,0.0136,True
35c1aae7c9c5,spielberg_FP2,brake_temp,string_in_numeric,detection,0.0047,True
0de72018b0da,spielberg_FP2,brake_temp,string_in_numeric,detection,0.005,True
8102c943e62d,spielberg_FP2,aero_load,sensor_dropout,detection,0.0073,True
0b4a55208fd1,spielberg_FP2,brake_temp,sensor_dropout,detection,0.0076,True
95ab775c984c,spielberg_FP2,ecu_canbus,duplicate_timestamp,detection,0.0085,True
7b878139cf8b,spielberg_FP2,g_force_lateral,bit_flip_high,detection,0.0133,True
2067acb91f6f,spielberg_FP2,g_force_lateral,bit_flip_high,detection,0.0125,True
5c38ae34cf8d,spielberg_FP2,speed,sensor_dropout,detection,0.0075,True
418510a453ca,spielberg_FP2,tyre_pressure,bit_flip_low,detection,0.0126,True
6f2f3afc6b12,spielberg_FP2,ecu_canbus,bit_flip_low,detection,0.0127,True
ca58e8d9e5e4,spielberg_FP2,brake_temp,bit_flip_high,detection,0.0123,True
d96d37500e4f,spielberg_FP2,aero_load,duplicate_timestamp,detection,0.0084,True
801febc000be,spielberg_FP2,speed,duplicate_timestamp,detection,0.0083,True
ed4fbbccfc7c,spielberg_FP2,throttle,bit_flip_low,detection,0.0134,True
94275d226bae,spielberg_FP2,ecu_canbus,sensor_dropout,detection,0.0078,True
867e9280974e,spielberg_FP3,aero_load,bit_flip_high,detection,0.0155,True
f07cf86f072e,spielberg_FP3,tyre_pressure,null_value,detection,0.0084,True
60db0731c8e2,spielberg_FP3,speed,bit_flip_low,detection,0.013,True
afc0e5cc2b0c,spielberg_FP3,aero_load,bit_flip_low,detection,0.0129,True
3dda4c14da83,spielberg_FP3,ecu_canbus,duplicate_timestamp,detection,0.0085,True
b7ebd3c54de1,spielberg_FP3,tyre_pressure,null_value,detection,0.0073,True
f8dc15fbd23d,spielberg_FP3,g_force_lateral,duplicate_timestamp,detection,0.0085,True
30b13c05c075,spielberg_FP3,engine_temp,sensor_dropout,detection,0.0098,True
a0d9bc2bcda6,spielberg_FP3,engine_temp,duplicate_timestamp,detection,0.0086,True
6d37ccfe9c55,spielberg_FP3,tyre_pressure,string_in_numeric,detection,0.0047,True
385628e65a0a,spielberg_FP3,ecu_canbus,bit_flip_low,detection,0.0128,True
501570ea8d48,spielberg_FP3,engine_temp,sensor_dropout,detection,0.0075,True
029f5b57c8e4,spielberg_FP3,brake_temp,bit_flip_low,detection,0.0142,True
91a5203f5048,spielberg_FP3,engine_temp,bit_flip_low,detection,0.0133,True
b293e1b8d88b,spielberg_FP3,heart_rate_raw,schema_drift,detection,0.0098,True
b9298588c6b2,spielberg_FP3,g_force_lateral,string_in_numeric,detection,0.0051,True
87499f1474c0,spielberg_FP3,speed,sensor_dropout,detection,0.0078,True
5756b001e8e6,spielberg_FP3,engine_temp,bit_flip_low,detection,0.0126,True
7f434a3b3aaa,spielberg_FP3,aero_load,null_value,detection,0.0077,True
9a4f4fc308ae,spielberg_FP3,ecu_canbus,duplicate_timestamp,detection,0.0085,True
36b91980ec03,spielberg_FP3,aero_load,bit_flip_low,detection,0.0153,True
e40472709503,spielberg_FP3,throttle,null_value,detection,0.0071,True
1822009463fc,spielberg_FP3,rpm_raw,schema_drift,detection,0.0099,True
5d725c581cfd,spielberg_FP3,ecu_canbus,duplicate_timestamp,detection,0.0088,True
b0e1b1e87070,spielberg_FP3,aero_load,string_in_numeric,detection,0.0048,True
be4fbdccdd0f,spielberg_FP3,engine_temp,bit_flip_high,detection,0.0126,True
f09123045a0b,spielberg_FP3,speed,bit_flip_high,detection,0.0135,True
0f33cbca00b0,spielberg_FP3,heart_rate,bit_flip_high,detection,0.0131,True
32953c923dbf,spielberg_FP3,throttle,bit_flip_high,detection,0.0126,True
59aaa2f8351c,spielberg_FP3,aero_load,string_in_numeric,detection,0.0048,True
901d2cd8540b,spielberg_FP3,aero_load,string_in_numeric,detection,0.0046,True
aaa85ff444c6,spielberg_FP3,speed,null_value,detection,0.0077,True
9a85651e5576,spielberg_FP3,heart_rate,bit_flip_low,detection,0.0134,True
e5076eba9ea3,spielberg_FP3,speed_v2,schema_drift,detection,0.0092,True
34394b177942,spielberg_FP3,tyre_pressure_alt,schema_drift,detection,0.0099,True
aab3f1f747d8,spielberg_FP3,aero_load,duplicate_timestamp,detection,0.0084,True
972d8a18ce37,spielberg_FP3,heart_rate,bit_flip_high,detection,0.0151,True
495f7ef2947c,spielberg_FP3,ecu_canbus,string_in_numeric,detection,0.0047,True
8bf7b64b3798,spielberg_FP3,g_force_lateral,duplicate_timestamp,detection,0.0089,True
dbcce361dd95,spielberg_FP3,tyre_pressure_alt,schema_drift,detection,0.0095,True
8023dde05255,spielberg_FP3,rpm_alt,schema_drift,detection,0.0103,True
beb4092f684d,spielberg_FP3,throttle,string_in_numeric,detection,0.005,True
db34da5b7ae7,spielberg_FP3,heart_rate,string_in_numeric,detection,0.0047,True
4cc0f92f3eb6,spielberg_FP3,speed,string_in_numeric,detection,0.0045,True
226a4a66c4e3,spielberg_FP3,ecu_canbus_v2,schema_drift,detection,0.0097,True
1d3604cb020f,spielberg_FP3,ecu_canbus,duplicate_timestamp,detection,0.0088,True
bff1753b5049,spielberg_FP3,speed_canbus,schema_drift,detection,0.0102,True
ede25914806c,spielberg_FP3,aero_load,bit_flip_low,detection,0.0127,True
fa597a04a275,spielberg_FP3,speed,duplicate_timestamp,detection,0.0081,True
ef3d1e2f9048,spielberg_FP3,speed,string_in_numeric,detection,0.005,True
7e5b6196ded7,spielberg_FP3,speed_canbus,schema_drift,detection,0.0132,True
45d1f28ea764,spielberg_FP3,heart_rate_v2,schema_drift,detection,0.0107,True
e6e2cacb1f99,spielberg_FP3,tyre_pressure,duplicate_timestamp,detection,0.0096,True
ab715aea7394,spielberg_FP3,brake_temp,string_in_numeric,detection,0.0048,True
7cb2968082c1,spielberg_FP3,tyre_pressure,null_value,detection,0.0076,True
4c8623852281,spielberg_FP3,g_force_lateral,duplicate_timestamp,detection,0.0084,True
771471092d1a,spielberg_FP3,rpm,string_in_numeric,detection,0.0048,True
57b800b8dbd7,spielberg_FP3,ecu_canbus_raw,schema_drift,detection,0.0098,True
39bd9777d8d4,spielberg_FP3,tyre_pressure_new,schema_drift,detection,0.0097,True
185860edad5c,spielberg_FP3,g_force_lateral,bit_flip_high,detection,0.0126,True
fdf92a2b5acb,spielberg_FP3,aero_load,null_value,detection,0.0077,True
d8faba02ec80,spielberg_FP3,speed_alt,schema_drift,detection,0.0097,True
26e174dddfad,spielberg_FP3,engine_temp,null_value,detection,0.0076,True
6c5a6eb217d1,spielberg_FP3,brake_temp,bit_flip_low,detection,0.0185,True
16f4674643c0,spielberg_FP3,speed,string_in_numeric,detection,0.007,True
aa963f3a7d12,spielberg_FP3,throttle,sensor_dropout,detection,0.0111,True
fd986f00570e,spielberg_FP3,g_force_lateral,null_value,detection,0.0081,True
bee1905e96e8,spielberg_FP3,brake_temp,null_value,detection,0.0071,True
a16a8738bfa5,spielberg_FP3,engine_temp,string_in_numeric,detection,0.0046,True
c42287f7b4eb,spielberg_FP3,tyre_pressure,bit_flip_low,detection,0.0125,True
2c4a7b4d09b9,spielberg_FP3,brake_temp,duplicate_timestamp,detection,0.0086,True
6328f5c02dd9,spielberg_FP3,rpm,bit_flip_low,detection,0.0131,True
85c0c228a170,spielberg_FP3,brake_temp,string_in_numeric,detection,0.0047,True
0650f479698d,spielberg_FP3,engine_temp,null_value,detection,0.0131,True
c42f2fa3d305,spielberg_FP3,engine_temp,string_in_numeric,detection,0.008,True
269cbeef40fc,spielberg_FP3,speed,sensor_dropout,detection,0.0118,True
958129c23be4,spielberg_FP3,aero_load,string_in_numeric,detection,0.0057,True
c2f165f5e3d4,spielberg_FP3,g_force_lateral,bit_flip_high,detection,0.0152,True
d49e8c93c6d7,spielberg_FP3,rpm,sensor_dropout,detection,0.0088,True
e9d9696c0b05,spielberg_FP3,brake_temp_alt,schema_drift,detection,0.0118,True
2642f3c0bfc8,spielberg_FP3,tyre_pressure,bit_flip_high,detection,0.017,True
704a243d103e,spielberg_FP3,rpm,bit_flip_high,detection,0.0136,True
767b70d678e9,spielberg_FP3,ecu_canbus,duplicate_timestamp,detection,0.0094,True
256c571756a4,spielberg_FP3,aero_load,bit_flip_high,detection,0.0145,True
b533fe9508c9,spielberg_FP3,rpm,bit_flip_high,detection,0.0129,True
dc86d53bf0ad,spielberg_FP3,throttle,null_value,detection,0.0075,True
f6d826000db6,spielberg_FP3,brake_temp,string_in_numeric,detection,0.0047,True
42747d616d67,spielberg_FP3,ecu_canbus,bit_flip_low,detection,0.0319,True
cd02fbc326cb,spielberg_FP3,aero_load,null_value,detection,0.0184,True
cde9f078bea3,spielberg_FP3,ecu_canbus_alt,schema_drift,detection,0.0237,True
8b3ff0fe1faf,spielberg_FP3,speed,sensor_dropout,detection,0.0075,True
22290167e336,spielberg_FP3,aero_load,bit_flip_low,detection,0.0128,True
add729e2bbd0,spielberg_FP3,speed,bit_flip_low,detection,0.0129,True
3854578a79fa,spielberg_FP3,throttle_v2,schema_drift,detection,0.0101,True
ffdbc4db0f06,spielberg_FP3,rpm,duplicate_timestamp,detection,0.0083,True
9db1af166f06,spielberg_FP3,throttle,string_in_numeric,detection,0.0047,True
f5b51655d7d9,spielberg_FP3,tyre_pressure_canbus,schema_drift,detection,0.0095,True
a7f7b15fef56,spielberg_FP3,g_force_lateral,null_value,detection,0.0082,True
8db8b5f7d25f,spielberg_FP3,rpm,duplicate_timestamp,detection,0.0083,True
f2a50abf0da8,spielberg_FP3,g_force_lateral,string_in_numeric,detection,0.0051,True
23117b3ce2c9,spielberg_FP3,engine_temp,bit_flip_high,detection,0.0125,True
2af05f06da26,spielberg_FP3,ecu_canbus_v2,schema_drift,detection,0.0091,True
cc9fa157ae7d,spielberg_FP3,aero_load,sensor_dropout,detection,0.0082,True
bdf8687c932a,spielberg_FP3,tyre_pressure,bit_flip_high,detection,0.0136,True
c0ae8649584b,spielberg_FP3,brake_temp_new,schema_drift,detection,0.058,True
9483536a3d55,spielberg_FP3,engine_temp_new,schema_drift,detection,0.0095,True
bd9eaaa34ae3,spielberg_FP3,g_force_lateral,bit_flip_low,detection,0.0127,True
e80eaad851d5,spielberg_FP3,speed,string_in_numeric,detection,0.0048,True
3250b2bbe302,spielberg_FP3,engine_temp_alt,schema_drift,detection,0.01,True
8521cce5a4f5,spielberg_FP3,g_force_lateral,bit_flip_high,detection,0.014,True
490b37b0709e,spielberg_FP3,ecu_canbus,null_value,detection,0.0147,True
527111780a20,spielberg_FP3,brake_temp,sensor_dropout,detection,0.008,True
75eaa8496ffe,spielberg_FP3,tyre_pressure,sensor_dropout,detection,0.0084,True
00ae00d18af5,spielberg_FP3,g_force_lateral_raw,schema_drift,detection,0.0097,True
b1e139dfe872,spielberg_FP3,brake_temp,bit_flip_high,detection,0.0125,True
310bdf97d017,spielberg_FP3,engine_temp,string_in_numeric,detection,0.0049,True
063d607f35bb,spielberg_FP3,speed,string_in_numeric,detection,0.0046,True
ef519c26b82c,spielberg_FP3,throttle,null_value,detection,0.0078,True
58bed54e84c6,spielberg_FP3,engine_temp,bit_flip_high,detection,0.0124,True
caf6809e7a91,spielberg_FP3,engine_temp,sensor_dropout,detection,0.0074,True
a3d4d402217e,spielberg_FP3,throttle,bit_flip_high,detection,0.0128,True
49091e4486d6,spielberg_FP3,ecu_canbus,bit_flip_high,detection,0.0128,True
244d13539590,spielberg_FP3,speed,sensor_dropout,detection,0.0076,True
3e5a7b54b23f,spielberg_FP3,heart_rate,string_in_numeric,detection,0.0049,True
3202efc71dac,spielberg_FP3,brake_temp,duplicate_timestamp,detection,0.0089,True
6e5524a72688,spielberg_FP3,engine_temp_alt,schema_drift,detection,0.0096,True
cca84317375a,spielberg_FP3,aero_load,duplicate_timestamp,detection,0.0094,True
c2e492f17802,spielberg_FP3,tyre_pressure,string_in_numeric,detection,0.0052,True
be78d3784546,spielberg_FP3,speed,sensor_dropout,detection,0.0076,True
c5aa42b2f367,spielberg_FP3,throttle,null_value,detection,0.0074,True
71dd13dbc059,spielberg_FP3,engine_temp,duplicate_timestamp,detection,0.0082,True
30e76d6c223b,spielberg_FP3,rpm,string_in_numeric,detection,0.0105,True
b4eb3a063439,spielberg_FP3,tyre_pressure,string_in_numeric,detection,0.0049,True
791cf635f4af,spielberg_FP3,heart_rate,string_in_numeric,detection,0.0046,True
58161ec60844,spielberg_FP3,heart_rate,sensor_dropout,detection,0.0072,True
d52ff0114d47,spielberg_FP3,tyre_pressure,bit_flip_low,detection,0.0122,True
a89fca958280,spielberg_FP3,aero_load,string_in_numeric,detection,0.0054,True
4c4ead1a5029,spielberg_FP3,ecu_canbus,string_in_numeric,detection,0.0047,True
ab248656a610,spielberg_FP3,g_force_lateral,bit_flip_low,detection,0.0118,True
9a9c0f8e30ac,spielberg_FP3,rpm_alt,schema_drift,detection,0.0097,True
0808874fdd3e,spielberg_FP3,engine_temp,bit_flip_low,detection,0.0143,True
e748a5b6cac2,spielberg_FP3,tyre_pressure,bit_flip_low,detection,0.0282,True
016340add1ad,spielberg_FP3,g_force_lateral,null_value,detection,0.0075,True
f1972b2203c7,spielberg_FP3,engine_temp,sensor_dropout,detection,0.0083,True
acee67c4b18c,spielberg_FP3,rpm,string_in_numeric,detection,0.0045,True
408934949112,spielberg_FP3,aero_load,bit_flip_low,detection,0.0127,True
a00913db8867,spielberg_FP3,throttle,duplicate_timestamp,detection,0.0082,True
442f76bb1625,spielberg_FP3,tyre_pressure,sensor_dropout,detection,0.0078,True
480c19cd4825,spielberg_FP3,heart_rate,bit_flip_low,detection,0.0128,True
f88c866794bb,spielberg_FP3,rpm,bit_flip_high,detection,0.0129,True
fa8a4badfe15,spielberg_FP3,engine_temp,null_value,detection,0.0071,True
1569567fb1d1,spielberg_FP3,ecu_canbus_canbus,schema_drift,detection,0.0096,True
3b4e76f5f164,spielberg_FP3,rpm,duplicate_timestamp,detection,0.008,True
1d924b27e49f,spielberg_FP3,engine_temp,bit_flip_high,detection,0.0133,True
52ae128e24de,spielberg_FP3,aero_load,string_in_numeric,detection,0.0053,True
f8c832a66305,spielberg_FP3,engine_temp,sensor_dropout,detection,0.0111,True
21b2c61ac82d,spielberg_FP3,heart_rate,null_value,detection,0.0076,True
e6ee6bb3238f,spielberg_FP3,g_force_lateral,bit_flip_high,detection,0.0129,True
c78e3ed01622,spielberg_FP3,engine_temp,bit_flip_low,detection,0.0123,True
f2e2fedd3655,spielberg_FP3,tyre_pressure,string_in_numeric,detection,0.0049,True
56b4482bce1c,spielberg_FP3,throttle,sensor_dropout,detection,0.0076,True
64d6067d3d07,spielberg_FP3,engine_temp,null_value,detection,0.0076,True
990babd9c9dc,spielberg_FP3,aero_load,null_value,detection,0.0088,True
d38ae5e7d9a5,spielberg_FP3,heart_rate,sensor_dropout,detection,0.0075,True
8a2a45fd95a2,spielberg_FP3,tyre_pressure_canbus,schema_drift,detection,0.0098,True
eb93023c6e7f,spielberg_FP3,aero_load,bit_flip_high,detection,0.0134,True
0f12e8a41e46,spielberg_FP3,speed,sensor_dropout,detection,0.0075,True
797c1ef2b0d9,spielberg_FP3,aero_load,sensor_dropout,detection,0.0074,True
77d95d41cc58,spielberg_FP3,tyre_pressure,null_value,detection,0.0077,True
a87213e1ceb1,spielberg_FP3,heart_rate,null_value,detection,0.0073,True
6b72d6ddcd43,spielberg_FP3,tyre_pressure,sensor_dropout,detection,0.0083,True
b0d36bfd0d38,spielberg_FP3,heart_rate,sensor_dropout,detection,0.0074,True
733b1f954c55,spielberg_FP3,engine_temp,null_value,detection,0.0077,True
18c9b7d58028,spielberg_FP3,aero_load,bit_flip_low,detection,0.0129,True
ddcce1bddc1d,spielberg_FP3,tyre_pressure,bit_flip_low,detection,0.0279,True
a2c150dbf186,spielberg_FP3,throttle,null_value,detection,0.0118,True
9c6be081d27d,spielberg_FP3,speed,null_value,detection,0.022,True
4ecd2f6ca523,spielberg_FP3,ecu_canbus,null_value,detection,0.0202,True
835418f7caff,spielberg_FP3,engine_temp,duplicate_timestamp,detection,0.0113,True
a8de872e20dd,spielberg_FP3,heart_rate,bit_flip_high,detection,0.0141,True
df674b80206e,spielberg_FP3,rpm,null_value,detection,0.0075,True
65e1374bef0b,spielberg_FP3,rpm,null_value,detection,0.0076,True
fe952f410cfb,spielberg_FP3,engine_temp,bit_flip_low,detection,0.0173,True
6cd1185e79b1,spielberg_FP3,heart_rate,duplicate_timestamp,detection,0.0082,True
8e85e8d9d02a,spielberg_FP3,brake_temp,bit_flip_high,detection,0.0124,True
45b500b44ac4,spielberg_FP3,aero_load,sensor_dropout,detection,0.0074,True
7def33126675,spielberg_FP3,heart_rate_v2,schema_drift,detection,0.01,True
0f092e5236de,spielberg_FP3,brake_temp,sensor_dropout,detection,0.0076,True
fe85962a484d,spielberg_FP3,tyre_pressure_alt,schema_drift,detection,0.0332,True
bcfc65a4d402,spielberg_FP3,g_force_lateral,string_in_numeric,detection,0.0066,True
6232b9db8bb5,spielberg_FP3,throttle_alt,schema_drift,detection,0.0138,True
834abcf6d548,spielberg_FP3,brake_temp,bit_flip_low,detection,0.0175,True
c317f926b415,spielberg_FP3,speed_alt,schema_drift,detection,0.0106,True
4c5715d0e4d9,spielberg_FP3,ecu_canbus,duplicate_timestamp,detection,0.0085,True
442dc441faeb,spielberg_FP3,throttle,bit_flip_low,detection,0.0134,True
230753116e54,spielberg_FP3,g_force_lateral,bit_flip_high,detection,0.0123,True
df97570577b6,spielberg_FP3,tyre_pressure,duplicate_timestamp,detection,0.0089,True
1ae5cf9d9f79,spielberg_FP3,tyre_pressure,sensor_dropout,detection,0.0092,True
53e9f4702c06,spielberg_FP3,rpm,bit_flip_high,detection,0.0242,True
6ae71ada9ec7,spielberg_FP3,rpm,string_in_numeric,detection,0.0089,True
d1c7055dda88,spielberg_FP3,brake_temp,duplicate_timestamp,detection,0.0162,True
a456cddfccca,spielberg_FP3,ecu_canbus,bit_flip_low,detection,0.0412,True
367bf9cd8c90,spielberg_FP3,engine_temp,string_in_numeric,detection,0.0049,True
8df0ec48cbbc,spielberg_FP3,aero_load,bit_flip_low,detection,0.0141,True
8efee4989dee,spielberg_FP3,aero_load,null_value,detection,0.0073,True
d5a2067594e7,spielberg_FP3,aero_load,null_value,detection,0.011,True
70c437c71b57,spielberg_FP3,rpm,duplicate_timestamp,detection,0.0082,True
8472c3857028,spielberg_FP3,heart_rate,bit_flip_low,detection,0.0136,True
7f80c696be93,spielberg_FP3,rpm,string_in_numeric,detection,0.005,True
1087e26ab3a3,spielberg_FP3,throttle,sensor_dropout,detection,0.0084,True
1037807cef58,spielberg_FP3,aero_load,string_in_numeric,detection,0.005,True
c3ab9bf1b779,spielberg_FP3,aero_load,duplicate_timestamp,detection,0.0087,True
f76f0444494f,spielberg_FP3,rpm,null_value,detection,0.0079,True
440c4d118b41,spielberg_FP3,aero_load,bit_flip_low,detection,0.0135,True
dbecdc2e2043,spielberg_FP3,engine_temp,sensor_dropout,detection,0.0074,True
e588653d2cb7,spielberg_FP3,engine_temp,string_in_numeric,detection,0.0049,True
b625debf7b15,spielberg_FP3,throttle,null_value,detection,0.0194,True
31dd949882b9,spielberg_FP3,tyre_pressure,duplicate_timestamp,detection,0.0092,True
3bda75ca900f,spielberg_FP3,heart_rate,null_value,detection,0.0108,True
6c8b3e716b68,spielberg_FP3,speed,bit_flip_high,detection,0.0455,True
5e33c0c3cb2a,spielberg_FP3,aero_load,bit_flip_low,detection,0.013,True
cea4ba8fb0af,spielberg_FP3,tyre_pressure,null_value,detection,0.0081,True
a771bfd8361b,spielberg_FP3,ecu_canbus_canbus,schema_drift,detection,0.01,True
41547027cb1b,spielberg_FP3,heart_rate,bit_flip_high,detection,0.0135,True
0b031220fc12,spielberg_FP3,aero_load,null_value,detection,0.0074,True
edfb575c48df,spielberg_FP3,rpm,string_in_numeric,detection,0.0046,True
1fc44363d811,spielberg_FP3,ecu_canbus,bit_flip_low,detection,0.0126,True
ba279a63609f,spielberg_FP3,brake_temp,null_value,detection,0.0077,True
10f20e8430cf,spielberg_FP3,throttle,string_in_numeric,detection,0.0053,True
6381484ec9a8,spielberg_FP3,speed,null_value,detection,0.0077,True
d28d8b3bf7ae,spielberg_FP3,brake_temp,string_in_numeric,detection,0.0048,True
cbe78bea53e4,spielberg_FP3,speed,sensor_dropout,detection,0.0078,True
65873b208797,spielberg_FP3,throttle,duplicate_timestamp,detection,0.0087,True
7f1d75ab92b3,spielberg_FP3,aero_load_new,schema_drift,detection,0.0097,True
720477c7ce12,spielberg_FP3,engine_temp_new,schema_drift,detection,0.0097,True
39fa6aeada30,spielberg_FP3,speed,null_value,detection,0.0082,True
b38ebf990c1d,spielberg_FP3,rpm,bit_flip_low,detection,0.0187,True
354107151f43,spielberg_FP3,aero_load,bit_flip_high,detection,0.0154,True
04d56f1f91dd,spielberg_FP3,heart_rate,string_in_numeric,detection,0.0053,True
f820e5b3d3ce,spielberg_FP3,rpm_alt,schema_drift,detection,0.0099,True
832920352846,spielberg_FP3,heart_rate,string_in_numeric,detection,0.0047,True
f0261ca63a11,spielberg_FP3,speed,string_in_numeric,detection,0.0124,True
f41924e35227,spielberg_FP3,engine_temp,sensor_dropout,detection,0.0091,True
e3553a069617,spielberg_FP3,speed_raw,schema_drift,detection,0.0122,True
092c0b7ec2d0,spielberg_FP3,rpm,duplicate_timestamp,detection,0.0099,True
ff7ea4165e38,spielberg_FP3,ecu_canbus,string_in_numeric,detection,0.0045,True
3b07b425ebfe,spielberg_FP3,aero_load,string_in_numeric,detection,0.0049,True
d676623992b2,spielberg_FP3,ecu_canbus,bit_flip_low,detection,0.0092,True
531c77169d7f,spielberg_FP3,rpm_canbus,schema_drift,detection,0.0097,True
9102db40ccb5,spielberg_FP3,aero_load,duplicate_timestamp,detection,0.008,True
7ba5f9b2d738,spielberg_FP3,rpm,bit_flip_low,detection,0.0128,True
32d6b01d7a93,spielberg_FP3,throttle,bit_flip_high,detection,0.012,True
1127c4add98f,spielberg_FP3,tyre_pressure,bit_flip_low,detection,0.0118,True
d88bb1ff4d4e,spielberg_FP3,heart_rate,bit_flip_low,detection,0.0114,True
37d832432987,spielberg_FP3,speed,null_value,detection,0.0088,True
31b025596336,spielberg_FP3,brake_temp,duplicate_timestamp,detection,0.0086,True
07d3a0415608,spielberg_FP3,aero_load,string_in_numeric,detection,0.0047,True
becb32e53204,spielberg_FP3,tyre_pressure,null_value,detection,0.0079,True
3bee23524027,spielberg_FP3,speed,duplicate_timestamp,detection,0.0078,True
52d8d72d944b,spielberg_FP3,heart_rate,null_value,detection,0.0184,True
c7afb1480c01,spielberg_FP3,heart_rate,bit_flip_low,detection,0.0123,True
1085e6df7877,spielberg_FP3,engine_temp,sensor_dropout,detection,0.0074,True
d64933cbc57f,spielberg_FP3,brake_temp,sensor_dropout,detection,0.0071,True
024bb131580a,spielberg_FP3,ecu_canbus,null_value,detection,0.0075,True
b6d82f09332b,spielberg_FP3,tyre_pressure_v2,schema_drift,detection,0.0091,True
13981e348f38,spielberg_FP3,engine_temp,bit_flip_low,detection,0.0122,True
146b4d2211bc,spielberg_FP3,rpm,string_in_numeric,detection,0.0075,True
e4cf6a2354e3,spielberg_FP3,engine_temp,sensor_dropout,detection,0.0134,True
09429ba49cf8,spielberg_FP3,throttle,bit_flip_high,detection,0.0183,True
b7633baaaa9b,spielberg_FP3,g_force_lateral,duplicate_timestamp,detection,0.0135,True
448fdb996d33,spielberg_FP3,ecu_canbus,sensor_dropout,detection,0.0105,True
fe7b5879aa6a,spielberg_FP3,heart_rate,bit_flip_low,detection,0.0185,True
0d8778dd1300,spielberg_FP3,throttle,sensor_dropout,detection,0.0105,True
dbf522db9016,spielberg_FP3,engine_temp,sensor_dropout,detection,0.0104,True
bbf33a66484e,spielberg_FP3,aero_load,string_in_numeric,detection,0.0068,True
9023bf0e527e,spielberg_FP3,rpm,duplicate_timestamp,detection,0.0111,True
ad3b15069d18,spielberg_FP3,tyre_pressure,null_value,detection,0.0105,True
0f5b9dbeafd2,spielberg_FP3,g_force_lateral,string_in_numeric,detection,0.0068,True
4f57dc57844a,spielberg_FP3,ecu_canbus,string_in_numeric,detection,0.0071,True
ea6ca845c4f9,spielberg_FP3,brake_temp,bit_flip_high,detection,0.018,True
3fe1eb582dbc,spielberg_FP3,engine_temp,bit_flip_high,detection,0.0176,True
9ee76eb09d14,spielberg_FP3,heart_rate,duplicate_timestamp,detection,0.0118,True
1a34ea5ebb3e,spielberg_FP3,speed,string_in_numeric,detection,0.0069,True
121674327e07,spielberg_FP3,brake_temp,duplicate_timestamp,detection,0.0122,True
01ac0e4a431a,spielberg_FP3,tyre_pressure,duplicate_timestamp,detection,0.0128,True
916f25faed2c,spielberg_FP3,aero_load_v2,schema_drift,detection,0.0135,True
f1dc86424712,spielberg_FP3,engine_temp,bit_flip_low,detection,0.0179,True
e973e0c568ef,spielberg_FP3,ecu_canbus_canbus,schema_drift,detection,0.0287,True
679ca69d3910,spielberg_FP3,engine_temp,sensor_dropout,detection,0.0199,True
515c8c622922,spielberg_FP3,aero_load,bit_flip_high,detection,0.0186,True
119e904be8a0,spielberg_FP3,brake_temp,null_value,detection,0.0103,True
31e88132675e,spielberg_FP3,heart_rate,bit_flip_high,detection,0.0177,True
0b43efdb4f7f,spielberg_FP3,heart_rate,bit_flip_high,detection,0.0183,True
72ae59cbdbde,spielberg_FP3,g_force_lateral,string_in_numeric,detection,0.0072,True
f70ea193ac68,spielberg_FP3,speed_canbus,schema_drift,detection,0.0158,True
53b579e19c06,spielberg_FP3,throttle,bit_flip_high,detection,0.0202,True
a6c72a2c8b3d,spielberg_FP3,g_force_lateral,null_value,detection,0.0109,True
228e9829989c,spielberg_FP3,engine_temp,bit_flip_low,detection,0.0331,True
328fa1d427ee,spielberg_FP3,rpm,sensor_dropout,detection,0.0113,True
f4bd544f1f64,spielberg_FP3,aero_load,bit_flip_low,detection,0.0191,True
8ad49f7072b4,spielberg_FP3,engine_temp,bit_flip_low,detection,0.0177,True
900ce52eea4f,spielberg_FP3,speed,duplicate_timestamp,detection,0.0122,True
a50bb0b84bd5,spielberg_FP3,brake_temp,duplicate_timestamp,detection,0.012,True
5d7dcbb61c7a,spielberg_FP3,ecu_canbus,duplicate_timestamp,detection,0.0125,True
2055023ed0e1,spielberg_FP3,speed,null_value,detection,0.0114,True
83746d1b6c01,spielberg_FP3,ecu_canbus,sensor_dropout,detection,0.0108,True
26a6e385342f,spielberg_FP3,rpm,null_value,detection,0.0107,True
b6272697773a,spielberg_FP3,tyre_pressure,bit_flip_low,detection,0.0177,True
16a173ef6051,spielberg_FP3,brake_temp,string_in_numeric,detection,0.0082,True
bff362ed5e42,spielberg_FP3,heart_rate,sensor_dropout,detection,0.0115,True
dd5f92417d55,spielberg_FP3,brake_temp,duplicate_timestamp,detection,0.0123,True
5e6c73493e90,spielberg_FP3,brake_temp,sensor_dropout,detection,0.0191,True
6a90266de2ac,spielberg_FP3,ecu_canbus,bit_flip_high,detection,0.0323,True
5f708a08272b,spielberg_FP3,rpm,bit_flip_low,detection,0.0323,True
38bcee20a63d,spielberg_FP3,brake_temp,sensor_dropout,detection,0.0112,True
209999f4121d,spielberg_FP3,engine_temp,duplicate_timestamp,detection,0.0157,True
d7879a152570,spielberg_FP3,ecu_canbus,duplicate_timestamp,detection,0.013,True
b23bcaca81a8,spielberg_FP3,g_force_lateral,sensor_dropout,detection,0.0109,True
af905c911ad2,spielberg_FP3,speed,null_value,detection,0.0116,True
6d2ab4ebb274,spielberg_FP3,rpm,bit_flip_high,detection,0.0196,True
8b1e9f740efd,spielberg_FP3,tyre_pressure_v2,schema_drift,detection,0.0154,True
3423fd8a6884,spielberg_FP3,speed,bit_flip_high,detection,0.0194,True
8aff813cb08c,spielberg_FP3,engine_temp_v2,schema_drift,detection,0.0133,True
b1a01162cf02,spielberg_FP3,heart_rate,string_in_numeric,detection,0.0067,True
b9c5a7f425cc,spielberg_FP3,engine_temp,bit_flip_low,detection,0.0183,True
f600784840b2,spielberg_FP3,throttle,duplicate_timestamp,detection,0.0122,True
2fcd304f2587,spielberg_FP3,brake_temp,null_value,detection,0.011,True
b3156826e420,spielberg_FP3,engine_temp,bit_flip_low,detection,0.0194,True
bc0f37372b57,spielberg_FP3,rpm,bit_flip_low,detection,0.0187,True
61d75592555f,spielberg_FP3,g_force_lateral_v2,schema_drift,detection,0.0136,True
f5775e8ca04e,spielberg_FP3,heart_rate,sensor_dropout,detection,0.0107,True
879d11bee174,spielberg_FP3,heart_rate,null_value,detection,0.0079,True
a7c501db962a,spielberg_FP3,engine_temp_alt,schema_drift,detection,0.0821,True
892b7e0d965e,spielberg_FP3,speed,sensor_dropout,detection,0.008,True
a2f480c6317b,spielberg_FP3,g_force_lateral,null_value,detection,0.0089,True
2d46b0907e98,spielberg_FP3,speed,bit_flip_low,detection,0.0148,True
b0d1d8c66ad3,spielberg_FP3,aero_load,duplicate_timestamp,detection,0.0098,True
8e71d388b2ec,spielberg_FP3,aero_load,duplicate_timestamp,detection,0.0085,True
1ca072721e93,spielberg_FP3,tyre_pressure,bit_flip_low,detection,0.0127,True
84adda180215,spielberg_FP3,throttle_new,schema_drift,detection,0.0107,True
717bf614c0ba,spielberg_FP3,aero_load,bit_flip_high,detection,0.013,True
6b9432aa4366,spielberg_FP3,tyre_pressure,bit_flip_high,detection,0.0126,True
e8b2bb1cb447,spielberg_FP3,g_force_lateral,duplicate_timestamp,detection,0.0087,True
0059bffb8e67,spielberg_FP3,speed,bit_flip_high,detection,0.013,True
ef2ef3f9cf3f,spielberg_FP3,brake_temp,bit_flip_low,detection,0.0127,True
33d7a7406a3d,spielberg_FP3,aero_load,bit_flip_high,detection,0.0154,True
9f86527ebc79,spielberg_FP3,g_force_lateral,string_in_numeric,detection,0.0053,True
9a26699cb3bb,spielberg_FP3,engine_temp,bit_flip_high,detection,0.0127,True
55c152a7fd59,spielberg_FP3,aero_load_new,schema_drift,detection,0.0094,True
0f2259f2586f,spielberg_FP3,throttle_new,schema_drift,detection,0.0095,True
87e5b0b79235,spielberg_FP3,speed,bit_flip_high,detection,0.0126,True
01ad8734be53,spielberg_FP3,g_force_lateral,duplicate_timestamp,detection,0.009,True
2cb145bdb6be,spielberg_FP3,ecu_canbus,bit_flip_low,detection,0.0098,False
738646bba2d9,spielberg_FP3,speed,bit_flip_low,detection,0.0489,True
eaf1ae19b8eb,spielberg_FP3,engine_temp,sensor_dropout,detection,0.0081,True
4b83fc6e575b,spielberg_FP3,heart_rate_v2,schema_drift,detection,0.0096,True
9f602d60b0e7,spielberg_FP3,speed,duplicate_timestamp,detection,0.0084,True
306cfa8c12f5,spielberg_FP3,throttle,null_value,detection,0.0075,True
f2dfe447bad7,spielberg_FP3,ecu_canbus,null_value,detection,0.0088,True
564ef2e280bd,spielberg_FP3,heart_rate,string_in_numeric,detection,0.0054,True
5d8161f0558f,spielberg_FP3,throttle,bit_flip_low,detection,0.0132,True
fe555262442a,spielberg_FP3,heart_rate,null_value,detection,0.0073,True
76f0fbd0a023,spielberg_FP3,throttle_raw,schema_drift,detection,0.0094,True
677f72c57fcf,spielberg_FP3,heart_rate,null_value,detection,0.0072,True
f7650f2ff989,spielberg_FP3,rpm,sensor_dropout,detection,0.007,True
cd6029bba9da,spielberg_FP3,throttle,null_value,detection,0.0069,True
bb0e09dcce2e,spielberg_FP3,engine_temp,duplicate_timestamp,detection,0.0111,True
2742082040b7,spielberg_FP3,g_force_lateral,bit_flip_low,detection,0.0118,True
02704fd198a6,spielberg_FP3,speed,sensor_dropout,detection,0.0075,True
5901e48fa324,spielberg_FP3,throttle,duplicate_timestamp,detection,0.0082,True
4516cee352fb,spielberg_FP3,brake_temp,bit_flip_low,detection,0.0122,True
8f4f7008a241,spielberg_FP3,brake_temp,bit_flip_low,detection,0.0119,True
d309cab55f06,spielberg_FP3,engine_temp,null_value,detection,0.0071,True
6661cf5d2ab1,spielberg_FP3,ecu_canbus,bit_flip_low,detection,0.0089,True
9a41109c8814,spielberg_FP3,brake_temp,string_in_numeric,detection,0.0072,True
8004eb6447d2,spielberg_FP3,throttle,null_value,detection,0.0079,True
2f847d63fe61,spielberg_FP3,engine_temp,string_in_numeric,detection,0.0047,True
a14a844e1dea,spielberg_FP3,g_force_lateral,duplicate_timestamp,detection,0.0083,True
ada24861d189,spielberg_FP3,rpm,null_value,detection,0.0069,True
75395972099d,spielberg_FP3,brake_temp,sensor_dropout,detection,0.0071,True
bf6e823ccf06,spielberg_FP3,heart_rate,sensor_dropout,detection,0.0072,True
851a459a8d02,spielberg_FP3,aero_load,null_value,detection,0.008,True
7b28667848b1,spielberg_FP3,aero_load,null_value,detection,0.0075,True
a0abb91e31f4,spielberg_FP3,g_force_lateral,bit_flip_low,detection,0.0118,True
436e4a94cd97,spielberg_FP3,speed,duplicate_timestamp,detection,0.008,True
2a73e9f7aa83,spielberg_FP3,throttle,bit_flip_low,detection,0.0125,True
e981dbad2fc6,spielberg_FP3,aero_load_canbus,schema_drift,detection,0.0094,True
4823ac649a45,spielberg_FP3,g_force_lateral,string_in_numeric,detection,0.0048,True
afc6c1b23b26,spielberg_FP3,engine_temp,string_in_numeric,detection,0.0049,True
4e51481ff1c1,spielberg_FP3,brake_temp_canbus,schema_drift,detection,0.0088,True
c0a1a71e1097,spielberg_FP3,aero_load,bit_flip_low,detection,0.013,True
f6e4865b140f,spielberg_FP3,g_force_lateral,null_value,detection,0.0071,True
86ed6a32828b,spielberg_FP3,engine_temp_new,schema_drift,detection,0.0089,True
363a0f2b5eb0,spielberg_FP3,aero_load,bit_flip_low,detection,0.0126,True
e0e30778b179,spielberg_FP3,speed,sensor_dropout,detection,0.008,True
418b11c1d83e,spielberg_FP3,ecu_canbus,sensor_dropout,detection,0.0101,True
469ae081435e,spielberg_FP3,brake_temp,duplicate_timestamp,detection,0.0105,True
237947e5c8aa,spielberg_FP3,rpm_new,schema_drift,detection,0.012,True
c1073b81ce49,spielberg_FP3,ecu_canbus,duplicate_timestamp,detection,0.0094,True
d241ada30d2f,spielberg_FP3,heart_rate,bit_flip_low,detection,0.0142,True
16ef6481e10a,spielberg_FP3,brake_temp,string_in_numeric,detection,0.0046,True
f8d352b6215d,spielberg_FP3,brake_temp,null_value,detection,0.007,True
5e44acad520c,spielberg_FP3,throttle,null_value,detection,0.0087,True
3e04b738296d,spielberg_FP3,engine_temp,sensor_dropout,detection,0.0085,True
458389ca55a6,spielberg_FP3,tyre_pressure,null_value,detection,0.0196,True
50e3d7f939a8,spielberg_FP3,ecu_canbus_v2,schema_drift,detection,0.0242,True
3d2ae60dbfbe,spielberg_FP3,throttle,bit_flip_low,detection,0.0326,True
09ae1ca89162,spielberg_FP3,speed,bit_flip_low,detection,0.0309,True
874e42ded058,spielberg_FP3,g_force_lateral_canbus,schema_drift,detection,0.0098,True
cd3189cad26e,spielberg_FP3,engine_temp_alt,schema_drift,detection,0.0096,True
a9f3ee43760a,spielberg_FP3,tyre_pressure,bit_flip_high,detection,0.013,True
0fce10dd34ec,spielberg_FP3,ecu_canbus,sensor_dropout,detection,0.0111,True
0112d5e472f0,spielberg_FP3,g_force_lateral,duplicate_timestamp,detection,0.0085,True
8e607b09698d,spielberg_FP3,rpm,bit_flip_high,detection,0.013,True
6779e6b9a79b,spielberg_FP3,throttle,sensor_dropout,detection,0.0075,True
3f9f3ddf5f76,spielberg_FP3,speed,duplicate_timestamp,detection,0.008,True
f8caa5ac6086,spielberg_FP3,aero_load_canbus,schema_drift,detection,0.0097,True
797412f2b9c1,spielberg_FP3,tyre_pressure,null_value,detection,0.0076,True
472ad3cb92ac,spielberg_FP3,speed,sensor_dropout,detection,0.0074,True
9ced1241e813,spielberg_FP3,throttle,null_value,detection,0.0072,True
c6d5f0486c3f,spielberg_FP3,brake_temp,sensor_dropout,detection,0.0072,True
c558d61180b6,spielberg_FP3,rpm,bit_flip_low,detection,0.0129,True
badc94abe6c0,spielberg_FP3,g_force_lateral,bit_flip_high,detection,0.0114,True
9bdf50a86759,spielberg_FP3,speed,duplicate_timestamp,detection,0.0092,True
96cf50696bee,spielberg_FP3,tyre_pressure,sensor_dropout,detection,0.0088,True
0cfa0ab41ff1,spielberg_FP3,tyre_pressure,bit_flip_high,detection,0.0126,True
fd2ae0d0e359,spielberg_FP3,throttle_canbus,schema_drift,detection,0.0098,True
bfc619279941,spielberg_FP3,throttle,duplicate_timestamp,detection,0.0216,True
613ad02e4711,spielberg_FP3,rpm,null_value,detection,0.0175,True
46f46b5cef73,spielberg_FP3,engine_temp,string_in_numeric,detection,0.0063,True
c2ab1f1282aa,spielberg_FP3,tyre_pressure,bit_flip_low,detection,0.0121,True
c4660dd2bc64,spielberg_FP3,speed_raw,schema_drift,detection,0.0111,True
cc9e9ede1115,spielberg_FP3,speed,sensor_dropout,detection,0.0078,True
3d8c8b9d9613,spielberg_FP3,throttle,bit_flip_low,detection,0.0131,True
05509d5746d4,spielberg_FP3,brake_temp,bit_flip_high,detection,0.1001,True
aca3f8c12a76,spielberg_FP3,speed,null_value,detection,0.0079,True
b33da04ed9d5,spielberg_FP3,tyre_pressure,null_value,detection,0.0076,True
5af84313eb5a,spielberg_FP3,ecu_canbus,bit_flip_high,detection,0.0135,True
8a13990d01d6,spielberg_FP3,engine_temp_raw,schema_drift,detection,0.0091,True
05588c8988bb,spielberg_FP3,brake_temp,sensor_dropout,detection,0.0074,True
a2c3fe8c2e43,spielberg_FP3,tyre_pressure,null_value,detection,0.0083,True
45652921f7b8,spielberg_FP3,ecu_canbus,bit_flip_high,detection,0.0136,True
9137e9fac5f6,spielberg_FP3,g_force_lateral,string_in_numeric,detection,0.0049,True
6fac2ff19273,spielberg_FP3,aero_load,bit_flip_low,detection,0.0128,True
05936c7a67e1,spielberg_FP3,ecu_canbus,null_value,detection,0.0074,True
3c4ef192f121,spielberg_FP3,g_force_lateral,bit_flip_high,detection,0.0124,True
2beeed3f4f71,spielberg_FP3,brake_temp_raw,schema_drift,detection,0.0091,True
52ef3efa08d1,spielberg_FP3,g_force_lateral,bit_flip_low,detection,0.012,True
f4fb5b64cd45,spielberg_FP3,brake_temp,sensor_dropout,detection,0.0072,True
417c7da4c800,spielberg_FP3,brake_temp,string_in_numeric,detection,0.0046,True
df3d550887c3,spielberg_FP3,tyre_pressure,null_value,detection,0.0085,True
06c3fcc68c22,spielberg_FP3,heart_rate,bit_flip_low,detection,0.0134,True
ff370f7d5188,spielberg_FP3,heart_rate_alt,schema_drift,detection,0.0118,True
eebe98558794,spielberg_FP3,heart_rate,null_value,detection,0.0079,True
30b37792527b,spielberg_FP3,g_force_lateral,bit_flip_high,detection,0.0132,True
9fefd143189f,spielberg_FP3,engine_temp,string_in_numeric,detection,0.0047,True
66b15100bd70,spielberg_FP3,tyre_pressure,sensor_dropout,detection,0.008,True
9b5a2a956d9a,spielberg_FP3,heart_rate,string_in_numeric,detection,0.0043,True
691024d8f418,spielberg_QUALI,throttle,duplicate_timestamp,detection,0.0087,True
e4fa40bfaeac,spielberg_QUALI,heart_rate,string_in_numeric,detection,0.0044,True
fcb54e701193,spielberg_QUALI,rpm,null_value,detection,0.0071,True
de539a5ae680,spielberg_QUALI,brake_temp,bit_flip_low,detection,0.0128,True
c47311a16f05,spielberg_QUALI,speed,bit_flip_high,detection,0.0136,True
90bcad0da5ad,spielberg_QUALI,throttle,sensor_dropout,detection,0.0076,True
f65bddb7eb86,spielberg_QUALI,brake_temp_alt,schema_drift,detection,0.0096,True
dc644727e18b,spielberg_QUALI,aero_load,duplicate_timestamp,detection,0.0105,True
9a191b205b1c,spielberg_QUALI,rpm,duplicate_timestamp,detection,0.0081,True
438be9117d81,spielberg_QUALI,engine_temp,string_in_numeric,detection,0.0047,True
dd9b217ac36a,spielberg_QUALI,tyre_pressure,sensor_dropout,detection,0.0105,True
33ec77999914,spielberg_QUALI,rpm,duplicate_timestamp,detection,0.0084,True
a8038ea61bdf,spielberg_QUALI,brake_temp,sensor_dropout,detection,0.027,True
dc2dc960d7e4,spielberg_QUALI,tyre_pressure,bit_flip_low,detection,0.0132,True
24218469879c,spielberg_QUALI,rpm,bit_flip_low,detection,0.0131,True
89ca3a0000c3,spielberg_QUALI,heart_rate,string_in_numeric,detection,0.0051,True
5eee3aecdcd5,spielberg_QUALI,aero_load_v2,schema_drift,detection,0.0108,True
fb177f59632d,spielberg_QUALI,ecu_canbus,sensor_dropout,detection,0.0089,True
aa7e2931a749,spielberg_QUALI,throttle,bit_flip_low,detection,0.0146,True
8d8bf8b35efa,spielberg_QUALI,speed,null_value,detection,0.0074,True
5dabb5083322,spielberg_QUALI,tyre_pressure,null_value,detection,0.0223,True
d7ee5ef9738c,spielberg_QUALI,ecu_canbus,null_value,detection,0.0072,True
db46a9b0c24a,spielberg_QUALI,brake_temp,bit_flip_low,detection,0.0144,True
5f7454946377,spielberg_QUALI,aero_load,bit_flip_high,detection,0.0125,True
162ce1712999,spielberg_QUALI,g_force_lateral,bit_flip_low,detection,0.0138,True
5a6e3d1c4960,spielberg_QUALI,speed,duplicate_timestamp,detection,0.0086,True
eda347e4711d,spielberg_QUALI,brake_temp,string_in_numeric,detection,0.0046,True
c52b40faa4de,spielberg_QUALI,ecu_canbus,string_in_numeric,detection,0.0046,True
a758ce4e9659,spielberg_QUALI,heart_rate,sensor_dropout,detection,0.0075,True
9b8b174d9473,spielberg_QUALI,ecu_canbus,sensor_dropout,detection,0.007,True
d9431fe5262d,spielberg_QUALI,ecu_canbus,string_in_numeric,detection,0.0044,True
3182b2b72c14,spielberg_QUALI,ecu_canbus,sensor_dropout,detection,0.0082,True
b10421cca7a2,spielberg_QUALI,engine_temp,null_value,detection,0.008,True
5cef67345a87,spielberg_QUALI,tyre_pressure,sensor_dropout,detection,0.0078,True
2abde5d0d4fc,spielberg_QUALI,tyre_pressure_raw,schema_drift,detection,0.0091,True
9971db168742,spielberg_QUALI,throttle,sensor_dropout,detection,0.0071,True
b3200cd5810a,spielberg_QUALI,engine_temp,bit_flip_high,detection,0.0122,True
a85c2aa047ec,spielberg_QUALI,ecu_canbus,duplicate_timestamp,detection,0.0081,True
135166b02312,spielberg_QUALI,heart_rate,null_value,detection,0.0136,True
3ad9065c2896,spielberg_QUALI,heart_rate,string_in_numeric,detection,0.0059,True
6e364ff50223,spielberg_QUALI,g_force_lateral,bit_flip_low,detection,0.0118,True
ff0524ecf25d,spielberg_QUALI,rpm,duplicate_timestamp,detection,0.0079,True
67dc4d862834,spielberg_QUALI,ecu_canbus,sensor_dropout,detection,0.0073,True
984736348d4a,spielberg_QUALI,speed,duplicate_timestamp,detection,0.0078,True
d09da55fa486,spielberg_QUALI,g_force_lateral,string_in_numeric,detection,0.0052,True
0428a5362c57,spielberg_QUALI,heart_rate,bit_flip_high,detection,0.013,True
9f0224eabe6f,spielberg_QUALI,speed,string_in_numeric,detection,0.0048,True
d8d2fa004fee,spielberg_QUALI,engine_temp,null_value,detection,0.0091,True
8ffbc51f075b,spielberg_QUALI,tyre_pressure,bit_flip_high,detection,0.0136,True
236a11d8b6cb,spielberg_QUALI,rpm,bit_flip_low,detection,0.0151,True
96fdfe846cbe,spielberg_QUALI,brake_temp,duplicate_timestamp,detection,0.022,True
f97de474b847,spielberg_QUALI,aero_load_raw,schema_drift,detection,0.0107,True
a9c8a583d104,spielberg_QUALI,ecu_canbus,duplicate_timestamp,detection,0.0098,True
2dd4ce778a32,spielberg_QUALI,rpm,duplicate_timestamp,detection,0.0092,True
7d94368c6433,spielberg_QUALI,engine_temp,bit_flip_high,detection,0.0139,True
53c8e444b5c8,spielberg_QUALI,speed,duplicate_timestamp,detection,0.0076,True
82b087caa888,spielberg_QUALI,aero_load,string_in_numeric,detection,0.0049,True
20b474bb03db,spielberg_QUALI,speed_canbus,schema_drift,detection,0.0103,True
09cad21358d8,spielberg_QUALI,throttle,sensor_dropout,detection,0.0077,True
dbb7f316435c,spielberg_QUALI,rpm,bit_flip_low,detection,0.0129,True
67128f217694,spielberg_QUALI,brake_temp_alt,schema_drift,detection,0.0097,True
3acf95aee46a,spielberg_QUALI,ecu_canbus,duplicate_timestamp,detection,0.0083,True
f1e2e5e44562,spielberg_QUALI,heart_rate_canbus,schema_drift,detection,0.0099,True
bd7fcafbd7b4,spielberg_QUALI,heart_rate,bit_flip_low,detection,0.0146,True
c88a3c9d5066,spielberg_QUALI,rpm,sensor_dropout,detection,0.0085,True
3ef34558a15d,spielberg_QUALI,engine_temp,duplicate_timestamp,detection,0.0084,True
5d4ea7d71dc4,spielberg_QUALI,rpm,duplicate_timestamp,detection,0.008,True
320d172dfcf0,spielberg_QUALI,rpm,duplicate_timestamp,detection,0.008,True
39d8f62b5d17,spielberg_QUALI,speed,duplicate_timestamp,detection,0.008,True
6bceac0f0adb,spielberg_QUALI,brake_temp,duplicate_timestamp,detection,0.008,True
59bd9a890fd1,spielberg_QUALI,brake_temp,sensor_dropout,detection,0.007,True
bb2ed5fa5744,spielberg_QUALI,ecu_canbus,bit_flip_high,detection,0.0122,True
aac0ca2488e2,spielberg_QUALI,heart_rate,null_value,detection,0.0071,True
c7ec7a85e782,spielberg_QUALI,tyre_pressure,string_in_numeric,detection,0.0047,True
5df621e33410,spielberg_QUALI,ecu_canbus,string_in_numeric,detection,0.0054,True
fcc8bed37f31,spielberg_QUALI,throttle,null_value,detection,0.0074,True
2c0889c5d54c,spielberg_QUALI,ecu_canbus,duplicate_timestamp,detection,0.0081,True
188180ee7ea1,spielberg_QUALI,throttle_canbus,schema_drift,detection,0.0093,True
bb3fa32d7634,spielberg_QUALI,throttle,duplicate_timestamp,detection,0.0083,True
8a93c1c7bc27,spielberg_QUALI,rpm,bit_flip_low,detection,0.0126,True
796b453f9082,spielberg_QUALI,heart_rate,sensor_dropout,detection,0.0074,True
c9ce68b34ba8,spielberg_QUALI,g_force_lateral,bit_flip_low,detection,0.0119,True
46484123844e,spielberg_QUALI,speed,string_in_numeric,detection,0.0045,True
cf5dab212ed2,spielberg_QUALI,aero_load,sensor_dropout,detection,0.0076,True
d232029deb58,spielberg_QUALI,heart_rate,sensor_dropout,detection,0.0072,True
a46f0c130866,spielberg_QUALI,speed_new,schema_drift,detection,0.0092,True
018f34f92917,spielberg_QUALI,engine_temp,string_in_numeric,detection,0.0058,True
5e5c25bc22de,spielberg_QUALI,rpm,bit_flip_high,detection,0.0131,True
ad210de3b53f,spielberg_QUALI,aero_load,string_in_numeric,detection,0.0045,True
d8495d2cfc19,spielberg_QUALI,g_force_lateral,sensor_dropout,detection,0.0074,True
8a7857718613,spielberg_QUALI,rpm,duplicate_timestamp,detection,0.008,True
22cd87532093,spielberg_QUALI,heart_rate,null_value,detection,0.0078,True
5a08509ae82f,spielberg_QUALI,ecu_canbus,bit_flip_low,detection,0.0129,True
775418ced502,spielberg_QUALI,speed,bit_flip_high,detection,0.0125,True
25a0bde8004f,spielberg_QUALI,throttle,duplicate_timestamp,detection,0.0083,True
7c46d88300f8,spielberg_QUALI,aero_load,duplicate_timestamp,detection,0.0087,True
872d7ff4717e,spielberg_QUALI,rpm_new,schema_drift,detection,0.0095,True
4af0c9bab1c2,spielberg_QUALI,rpm,bit_flip_low,detection,0.0134,True
c7615279c290,spielberg_QUALI,g_force_lateral,bit_flip_low,detection,0.0124,True
13dab07ad783,spielberg_QUALI,rpm,bit_flip_low,detection,0.0126,True
26a47de6e8ba,spielberg_QUALI,throttle,string_in_numeric,detection,0.0047,True
81f3832faecf,spielberg_QUALI,brake_temp,sensor_dropout,detection,0.0074,True
6c1410add600,spielberg_QUALI,ecu_canbus,bit_flip_low,detection,0.0128,True
91299d285977,spielberg_QUALI,g_force_lateral,null_value,detection,0.0074,True
760e89af9b13,spielberg_QUALI,speed_new,schema_drift,detection,0.0094,True
eb64c83e0188,spielberg_QUALI,ecu_canbus,bit_flip_low,detection,0.0123,True
72766db0a2c4,spielberg_QUALI,engine_temp,duplicate_timestamp,detection,0.0098,True
ac82ed4d7a4a,spielberg_QUALI,tyre_pressure,duplicate_timestamp,detection,0.0098,True
af00a5337192,spielberg_QUALI,heart_rate,sensor_dropout,detection,0.0089,True
9f6332ea1a8e,spielberg_QUALI,rpm,bit_flip_high,detection,0.0152,True
829c574ab664,spielberg_QUALI,engine_temp,string_in_numeric,detection,0.0054,True
730e4489a465,spielberg_QUALI,aero_load_raw,schema_drift,detection,0.0113,True
227f2fe115ad,spielberg_QUALI,g_force_lateral,bit_flip_low,detection,0.0143,True
e839da1367e8,spielberg_QUALI,ecu_canbus_v2,schema_drift,detection,0.0105,True
4d876d9c05c2,spielberg_QUALI,tyre_pressure,null_value,detection,0.0081,True
9a85d99539c7,spielberg_QUALI,speed,string_in_numeric,detection,0.0045,True
cfb19e71ccf4,spielberg_QUALI,g_force_lateral,bit_flip_low,detection,0.0128,True
56aa65c5bbae,spielberg_QUALI,throttle,bit_flip_low,detection,0.0124,True
0b6896bc1214,spielberg_QUALI,heart_rate,bit_flip_high,detection,0.0124,True
cd1976fbcdf4,spielberg_QUALI,throttle,null_value,detection,0.0073,True
5340f8ab92d7,spielberg_QUALI,tyre_pressure_alt,schema_drift,detection,0.0095,True
584779975b2c,spielberg_QUALI,rpm,sensor_dropout,detection,0.0073,True
ce33298000b3,spielberg_QUALI,brake_temp,sensor_dropout,detection,0.0074,True
aa0f1a619c11,spielberg_QUALI,engine_temp,bit_flip_high,detection,0.0122,True
b40c15512f1d,spielberg_QUALI,aero_load,null_value,detection,0.0078,True
a3421e01c96f,spielberg_QUALI,throttle,null_value,detection,0.0079,True
ee4ccbd0a7db,spielberg_QUALI,speed,sensor_dropout,detection,0.0076,True
4ec9a5332e40,spielberg_QUALI,ecu_canbus,bit_flip_high,detection,0.0121,True
e46bfd72703a,spielberg_QUALI,heart_rate_v2,schema_drift,detection,0.0093,True
ef3c97bc812b,spielberg_QUALI,tyre_pressure,bit_flip_high,detection,0.0158,True
507d02b93b06,spielberg_QUALI,engine_temp,sensor_dropout,detection,0.0077,True
5187a3f21493,spielberg_QUALI,aero_load_v2,schema_drift,detection,0.009,True
eb18cddd17ac,spielberg_QUALI,throttle,duplicate_timestamp,detection,0.0085,True
ab86e1e005f4,spielberg_QUALI,brake_temp,bit_flip_high,detection,0.0126,True
bab98448795a,spielberg_QUALI,tyre_pressure,string_in_numeric,detection,0.0047,True
c27e577f8a6c,spielberg_QUALI,aero_load,null_value,detection,0.0073,True
2569d1564d07,spielberg_QUALI,rpm,bit_flip_high,detection,0.0128,True
e14321ea6ca2,spielberg_QUALI,throttle,string_in_numeric,detection,0.0048,True
788dbcab41cf,spielberg_QUALI,heart_rate,null_value,detection,0.0076,True
a3370158081c,spielberg_QUALI,engine_temp,bit_flip_high,detection,0.0121,True
047a578c1931,spielberg_QUALI,throttle,sensor_dropout,detection,0.0071,True
05dd758b1eca,spielberg_QUALI,aero_load,bit_flip_high,detection,0.013,True
f1acd4118457,spielberg_QUALI,heart_rate,null_value,detection,0.007,True
b3241c0a3ac3,spielberg_QUALI,rpm,string_in_numeric,detection,0.0045,True
eae9aed993bc,spielberg_QUALI,heart_rate_new,schema_drift,detection,0.0107,True
e47934bd1365,spielberg_QUALI,tyre_pressure,bit_flip_low,detection,0.0133,True
92e0bb646488,spielberg_QUALI,heart_rate,sensor_dropout,detection,0.0082,True
c3387e1bac8d,spielberg_QUALI,speed,sensor_dropout,detection,0.0077,True
3fb57d37ba52,spielberg_QUALI,aero_load,duplicate_timestamp,detection,0.0087,True
a847a6bfd50b,spielberg_QUALI,heart_rate,sensor_dropout,detection,0.0072,True
d978efdb7d5f,spielberg_QUALI,aero_load,bit_flip_high,detection,0.0128,True
ebff6ec6cca9,spielberg_QUALI,heart_rate,null_value,detection,0.0075,True
960af888a1d1,spielberg_QUALI,speed,bit_flip_high,detection,0.0126,True
d27817265ae4,spielberg_QUALI,tyre_pressure,duplicate_timestamp,detection,0.0108,True
80069d055553,spielberg_QUALI,throttle,string_in_numeric,detection,0.0051,True
88812b7ef707,spielberg_QUALI,aero_load_raw,schema_drift,detection,0.0096,True
843e6d63a2e2,spielberg_QUALI,rpm,sensor_dropout,detection,0.0071,True
5d7889d0d6aa,spielberg_QUALI,ecu_canbus,sensor_dropout,detection,0.0073,True
45d0f4583850,spielberg_QUALI,tyre_pressure,string_in_numeric,detection,0.0053,True
1d06a9e51663,spielberg_QUALI,g_force_lateral,null_value,detection,0.0097,True
48c75683403e,spielberg_QUALI,engine_temp,sensor_dropout,detection,0.0076,True
ca7f6590a06b,spielberg_QUALI,tyre_pressure_new,schema_drift,detection,0.0093,True
b3d799e8ce33,spielberg_QUALI,engine_temp_canbus,schema_drift,detection,0.0091,True
34c09430e266,spielberg_QUALI,g_force_lateral,sensor_dropout,detection,0.0077,True
1f0e2e0816bb,spielberg_QUALI,speed,null_value,detection,0.0068,True
4451535e6a4b,spielberg_QUALI,tyre_pressure,duplicate_timestamp,detection,0.0083,True
e2f968c4f610,spielberg_QUALI,throttle_canbus,schema_drift,detection,0.0098,True
c8c37cecc8b7,spielberg_QUALI,speed,string_in_numeric,detection,0.0047,True
102315a9e333,spielberg_QUALI,throttle,sensor_dropout,detection,0.0076,True
d28b25d6448c,spielberg_QUALI,brake_temp,sensor_dropout,detection,0.007,True
0bfdcac86000,spielberg_QUALI,heart_rate,bit_flip_low,detection,0.0129,True
4c034307ebe2,spielberg_QUALI,speed,bit_flip_high,detection,0.0121,True
840912898c46,spielberg_QUALI,rpm,sensor_dropout,detection,0.0072,True
b0c84cd50ce4,spielberg_QUALI,tyre_pressure,duplicate_timestamp,detection,0.0083,True
754ba49b33f8,spielberg_QUALI,heart_rate_v2,schema_drift,detection,0.009,True
45720bb96d15,spielberg_QUALI,g_force_lateral_new,schema_drift,detection,0.0086,True
2202cb22b9c5,spielberg_QUALI,rpm,bit_flip_high,detection,0.0179,True
1e1d515e8124,spielberg_QUALI,ecu_canbus,bit_flip_low,detection,0.0132,True
792c64aba53b,spielberg_QUALI,speed,sensor_dropout,detection,0.0074,True
16dd6eee448f,spielberg_QUALI,throttle_v2,schema_drift,detection,0.0095,True
673e7bd32f3f,spielberg_QUALI,aero_load,bit_flip_high,detection,0.0124,True
608ff9c1da47,spielberg_QUALI,tyre_pressure_new,schema_drift,detection,0.0093,True
3aff0f4bfd1f,spielberg_QUALI,aero_load_canbus,schema_drift,detection,0.0095,True
7abff53403d8,spielberg_QUALI,speed,bit_flip_low,detection,0.0122,True
fce179b0cf5f,spielberg_QUALI,engine_temp,bit_flip_low,detection,0.0117,True
34e237b5dc19,spielberg_QUALI,throttle,bit_flip_low,detection,0.0126,True
a065756362d3,spielberg_QUALI,brake_temp,null_value,detection,0.0074,True
16f1a7daef7a,spielberg_QUALI,engine_temp,string_in_numeric,detection,0.0046,True
06d9d6187c2e,spielberg_QUALI,aero_load,string_in_numeric,detection,0.0042,True
feaee30f8056,spielberg_QUALI,tyre_pressure,sensor_dropout,detection,0.0105,True
bb8d70bb3699,spielberg_QUALI,ecu_canbus,bit_flip_high,detection,0.0122,True
5095ecb9c1da,spielberg_QUALI,aero_load,sensor_dropout,detection,0.0071,True
1d1418788cbb,spielberg_QUALI,aero_load,bit_flip_high,detection,0.0121,True
31fca9d589c2,spielberg_QUALI,heart_rate,bit_flip_high,detection,0.0122,True
4affb3c1f455,spielberg_QUALI,brake_temp,duplicate_timestamp,detection,0.0082,True
7cdc99e01051,spielberg_QUALI,engine_temp,string_in_numeric,detection,0.0044,True
5ba8e44ce520,spielberg_QUALI,tyre_pressure,duplicate_timestamp,detection,0.0105,True
f82838726491,spielberg_QUALI,aero_load,bit_flip_high,detection,0.0125,True
adc781781f01,spielberg_QUALI,tyre_pressure,bit_flip_low,detection,0.0123,True
e8d37c7b51e4,spielberg_QUALI,g_force_lateral,sensor_dropout,detection,0.0073,True
77a1a1ff964f,spielberg_QUALI,aero_load,sensor_dropout,detection,0.0073,True
04b2bd283429,spielberg_QUALI,engine_temp,bit_flip_low,detection,0.0122,True
22c02e0f338d,spielberg_QUALI,ecu_canbus,null_value,detection,0.0077,True
ae42df4e9207,spielberg_QUALI,engine_temp,sensor_dropout,detection,0.007,True
4e0abac2396b,spielberg_QUALI,ecu_canbus,duplicate_timestamp,detection,0.0082,True
f15a7bccdb48,spielberg_QUALI,throttle,duplicate_timestamp,detection,0.0081,True
1af28b4bb11b,spielberg_QUALI,tyre_pressure,sensor_dropout,detection,0.0073,True
70e8a7a9804f,spielberg_QUALI,tyre_pressure,null_value,detection,0.0074,True
ad02dfccb571,spielberg_QUALI,ecu_canbus,string_in_numeric,detection,0.0046,True
7252abc27963,spielberg_QUALI,heart_rate,bit_flip_low,detection,0.0129,True
e9c33c86a0ba,spielberg_QUALI,throttle,bit_flip_high,detection,0.0124,True
503dc078a662,spielberg_QUALI,engine_temp_new,schema_drift,detection,0.0088,True
78899c4412b5,spielberg_QUALI,engine_temp,bit_flip_low,detection,0.0123,True
4b7f0dc0291b,spielberg_QUALI,speed_alt,schema_drift,detection,0.0095,True
099e8d4aa19f,spielberg_QUALI,ecu_canbus,duplicate_timestamp,detection,0.0079,True
d2751e62ed41,spielberg_QUALI,ecu_canbus,bit_flip_high,detection,0.0126,True
e214e7a27723,spielberg_QUALI,heart_rate,bit_flip_low,detection,0.0121,True
1875ecb9739b,spielberg_QUALI,heart_rate_canbus,schema_drift,detection,0.0096,True
5621f018aa1b,spielberg_QUALI,aero_load_canbus,schema_drift,detection,0.0092,True
9e3068894c5d,spielberg_QUALI,speed,sensor_dropout,detection,0.0074,True
757b66ad0391,spielberg_QUALI,aero_load,sensor_dropout,detection,0.007,True
54852e9b18c6,spielberg_QUALI,rpm,string_in_numeric,detection,0.0052,True
340f1ce0dd27,spielberg_QUALI,engine_temp,bit_flip_low,detection,0.012,True
2d70fa25687e,spielberg_QUALI,g_force_lateral,null_value,detection,0.0079,True
1ae9bc5492b3,spielberg_QUALI,engine_temp,duplicate_timestamp,detection,0.0098,True
fc6b05d49636,spielberg_QUALI,speed,sensor_dropout,detection,0.0076,True
20a95fde69a8,spielberg_QUALI,aero_load,string_in_numeric,detection,0.0047,True
19dd4a9cd0fd,spielberg_QUALI,tyre_pressure,bit_flip_high,detection,0.0125,True
ebfd491a601a,spielberg_QUALI,speed,bit_flip_high,detection,0.0121,True
77bd1c3e617b,spielberg_QUALI,brake_temp,string_in_numeric,detection,0.0048,True
fe789c08d499,spielberg_QUALI,speed,string_in_numeric,detection,0.0055,True
49d848455dca,spielberg_QUALI,g_force_lateral,bit_flip_high,detection,0.012,True
ccfb4ca4fa9d,spielberg_QUALI,speed,null_value,detection,0.0076,True
eee0e02846a6,spielberg_QUALI,aero_load,bit_flip_low,detection,0.0125,True
eadee612a7b0,spielberg_QUALI,tyre_pressure,bit_flip_high,detection,0.0161,True
3aec6882ffc8,spielberg_QUALI,brake_temp_canbus,schema_drift,detection,0.01,True
f49802c40122,spielberg_QUALI,throttle,string_in_numeric,detection,0.0047,True
e9e026b487d5,spielberg_QUALI,aero_load,string_in_numeric,detection,0.0046,True
782aa4463bfb,spielberg_QUALI,rpm,bit_flip_high,detection,0.0124,True
a91640387633,spielberg_QUALI,brake_temp,bit_flip_high,detection,0.0126,True
260564dd005d,spielberg_QUALI,throttle,bit_flip_high,detection,0.0129,True
a62db46dd5b3,spielberg_QUALI,tyre_pressure,duplicate_timestamp,detection,0.0082,True
595eceec8c7a,spielberg_QUALI,throttle,duplicate_timestamp,detection,0.0081,True
d4248f792d74,spielberg_QUALI,aero_load,duplicate_timestamp,detection,0.0081,True
c27eac8d657a,spielberg_QUALI,engine_temp_canbus,schema_drift,detection,0.0094,True
73bb4875a29f,spielberg_QUALI,heart_rate,sensor_dropout,detection,0.0076,True
c384ac8993ba,spielberg_QUALI,speed,bit_flip_low,detection,0.0128,True
f7823b6e56fb,spielberg_QUALI,brake_temp,duplicate_timestamp,detection,0.0088,True
86ab7615eb1d,spielberg_QUALI,ecu_canbus,bit_flip_low,detection,0.0128,True
33bdaf99a100,spielberg_QUALI,heart_rate,duplicate_timestamp,detection,0.0088,True
b389ad1b1365,spielberg_QUALI,tyre_pressure,string_in_numeric,detection,0.0049,True
e14b4269ac9f,spielberg_QUALI,g_force_lateral,sensor_dropout,detection,0.0075,True
49842c5b6791,spielberg_QUALI,tyre_pressure,duplicate_timestamp,detection,0.0079,True
a10f1bea9717,spielberg_QUALI,ecu_canbus,bit_flip_high,detection,0.0126,True
46fa68b8ae77,spielberg_QUALI,speed,bit_flip_high,detection,0.0332,True
6bf98ded316e,spielberg_QUALI,engine_temp,duplicate_timestamp,detection,0.0081,True
ad0740dfa5e2,spielberg_QUALI,tyre_pressure,duplicate_timestamp,detection,0.008,True
3b03cebd5260,spielberg_QUALI,throttle,bit_flip_low,detection,0.0125,True
18cb3492d215,spielberg_QUALI,brake_temp,bit_flip_low,detection,0.0334,True
3fc0d54d326e,spielberg_QUALI,ecu_canbus,duplicate_timestamp,detection,0.0242,True
01d045dbcf8e,spielberg_QUALI,rpm,sensor_dropout,detection,0.0072,True
6ba1e28bf873,spielberg_QUALI,brake_temp,bit_flip_high,detection,0.0134,True
2747305aa31a,spielberg_QUALI,engine_temp,string_in_numeric,detection,0.0049,True
40f14fa2a9cf,spielberg_QUALI,ecu_canbus,string_in_numeric,detection,0.0047,True
71207f24e980,spielberg_QUALI,g_force_lateral,sensor_dropout,detection,0.0078,True
65e76cf47ffe,spielberg_QUALI,tyre_pressure,duplicate_timestamp,detection,0.0107,True
0b0bb88d998f,spielberg_QUALI,ecu_canbus_new,schema_drift,detection,0.0102,True
e13969f650f0,spielberg_QUALI,throttle,null_value,detection,0.0085,True
521bc3587d5f,spielberg_QUALI,engine_temp,bit_flip_high,detection,0.0144,True
4a6362c83f40,spielberg_QUALI,heart_rate,duplicate_timestamp,detection,0.0087,True
099d6e3911a4,spielberg_QUALI,engine_temp_raw,schema_drift,detection,0.0092,True
221c96df0843,spielberg_QUALI,aero_load,bit_flip_high,detection,0.0123,True
37826690427e,spielberg_QUALI,heart_rate,string_in_numeric,detection,0.0053,True
7071f0efa970,spielberg_QUALI,speed,null_value,detection,0.0071,True
27fad229a465,spielberg_QUALI,throttle,bit_flip_low,detection,0.0221,True
4aced39c51f8,spielberg_QUALI,speed,bit_flip_low,detection,0.0212,True
ec236917483d,spielberg_QUALI,rpm,null_value,detection,0.0123,True
c6c8d0c2e4d6,spielberg_QUALI,brake_temp_v2,schema_drift,detection,0.0104,True
c59ddbdf2a19,spielberg_QUALI,heart_rate_canbus,schema_drift,detection,0.0108,True
23d1316dcc5b,spielberg_QUALI,heart_rate,bit_flip_low,detection,0.0122,True
9e8ed152229d,spielberg_QUALI,rpm,string_in_numeric,detection,0.0047,True
85e0efec6e0b,spielberg_QUALI,throttle,sensor_dropout,detection,0.0075,True
ac65b917cd8e,spielberg_QUALI,aero_load_v2,schema_drift,detection,0.0092,True
293b2d0b583b,spielberg_QUALI,g_force_lateral,null_value,detection,0.0074,True
c686f7754f3b,spielberg_QUALI,g_force_lateral_new,schema_drift,detection,0.0092,True
6d919fda3d5c,spielberg_QUALI,brake_temp,duplicate_timestamp,detection,0.008,True
b1b45fe458cd,spielberg_QUALI,throttle,bit_flip_high,detection,0.0121,True
6b1d3ac96a81,spielberg_QUALI,speed,string_in_numeric,detection,0.0045,True
6aec95620a5b,spielberg_QUALI,aero_load,string_in_numeric,detection,0.0046,True
26327f8d0054,spielberg_QUALI,heart_rate,null_value,detection,0.0075,True
561008d71d84,spielberg_QUALI,g_force_lateral,bit_flip_low,detection,0.0126,True
efe19754426e,spielberg_QUALI,rpm,bit_flip_low,detection,0.0125,True
8461503a95fb,spielberg_QUALI,throttle,duplicate_timestamp,detection,0.0082,True
1b6b5c3b96ee,spielberg_QUALI,heart_rate,duplicate_timestamp,detection,0.0085,True
c1ba055c5fa5,spielberg_QUALI,g_force_lateral,sensor_dropout,detection,0.0073,True
aaa18bf6f579,spielberg_QUALI,tyre_pressure,duplicate_timestamp,detection,0.0104,True
b9b5c9a8f8a7,spielberg_QUALI,heart_rate,duplicate_timestamp,detection,0.0093,True
3a6c2948a93c,spielberg_QUALI,throttle,duplicate_timestamp,detection,0.0084,True
ee4aa87dc892,spielberg_QUALI,g_force_lateral,bit_flip_low,detection,0.0121,True
ff95b12a3d60,spielberg_QUALI,engine_temp_v2,schema_drift,detection,0.0093,True
34256fe2f48b,spielberg_QUALI,brake_temp,bit_flip_high,detection,0.0134,True
693e8ffe992b,spielberg_QUALI,tyre_pressure,sensor_dropout,detection,0.0108,True
52c8ca7db4ce,spielberg_QUALI,brake_temp,bit_flip_low,detection,0.0127,True
a2364366d605,spielberg_QUALI,rpm,string_in_numeric,detection,0.0045,True
543c2feaddfe,spielberg_QUALI,throttle,bit_flip_high,detection,0.0126,True
6ea9de8d0c90,spielberg_QUALI,aero_load_raw,schema_drift,detection,0.0092,True
a85d535de727,spielberg_QUALI,engine_temp_alt,schema_drift,detection,0.0101,True
e0b2e48f3c89,spielberg_QUALI,tyre_pressure,bit_flip_low,detection,0.0166,True
86081ad28fdf,spielberg_QUALI,g_force_lateral_v2,schema_drift,detection,0.0099,True
15c7731726c3,spielberg_QUALI,heart_rate_v2,schema_drift,detection,0.0095,True
6224970c260b,spielberg_QUALI,speed_raw,schema_drift,detection,0.0097,True
c28387286f11,spielberg_QUALI,heart_rate,bit_flip_high,detection,0.0128,True
e802240df1e8,spielberg_QUALI,tyre_pressure,bit_flip_high,detection,0.0128,True
cd57953e28b3,spielberg_QUALI,tyre_pressure_v2,schema_drift,detection,0.0102,True
e72f4e35c3ce,spielberg_QUALI,speed,bit_flip_high,detection,0.0137,True
8aecd034f4b4,spielberg_QUALI,speed,sensor_dropout,detection,0.009,True
7ca8e5b87086,spielberg_QUALI,throttle,null_value,detection,0.0084,True
490ef139edda,spielberg_QUALI,ecu_canbus,duplicate_timestamp,detection,0.0086,True
14117d6c46d1,spielberg_QUALI,g_force_lateral,sensor_dropout,detection,0.0076,True
1c8ae98d90fd,spielberg_QUALI,throttle,duplicate_timestamp,detection,0.0084,True
5f7d159d5dad,spielberg_QUALI,speed,string_in_numeric,detection,0.0047,True
4f8fc2286738,spielberg_QUALI,throttle,null_value,detection,0.0076,True
f6384b2bd478,spielberg_QUALI,tyre_pressure,sensor_dropout,detection,0.0099,True
67e589d30dc6,spielberg_QUALI,throttle,string_in_numeric,detection,0.0053,True
ed2d227aa43a,spielberg_QUALI,engine_temp_alt,schema_drift,detection,0.009,True
14ba373a0bb6,spielberg_QUALI,tyre_pressure,null_value,detection,0.0074,True
59071705bc89,spielberg_QUALI,heart_rate,string_in_numeric,detection,0.0046,True
b5321ab03c8c,spielberg_QUALI,brake_temp,bit_flip_low,detection,0.0124,True
a297011c6bb9,spielberg_QUALI,engine_temp,null_value,detection,0.0075,True
dfec20f8ab92,spielberg_QUALI,heart_rate,bit_flip_high,detection,0.0145,True
019041e77cd6,spielberg_QUALI,rpm,null_value,detection,0.0076,True
11e0afec3a4a,spielberg_QUALI,rpm_alt,schema_drift,detection,0.0141,True
0ec966501e93,spielberg_QUALI,engine_temp,null_value,detection,0.0085,True
bd07f7d03877,spielberg_QUALI,aero_load,sensor_dropout,detection,0.0076,True
b01af40d19d4,spielberg_QUALI,ecu_canbus,bit_flip_low,detection,0.0122,True
bc48ecb39e49,spielberg_QUALI,heart_rate,bit_flip_low,detection,0.0127,True
bff1b1d6d364,spielberg_QUALI,g_force_lateral,bit_flip_high,detection,0.0119,True
e1df3a934c0b,spielberg_QUALI,aero_load_new,schema_drift,detection,0.0091,True
42005801f9df,spielberg_QUALI,heart_rate,sensor_dropout,detection,0.0071,True
2894537226df,spielberg_QUALI,engine_temp,null_value,detection,0.0075,True
4d32aa37b34c,spielberg_QUALI,tyre_pressure,sensor_dropout,detection,0.0072,True
43e5af32faf0,spielberg_QUALI,tyre_pressure_new,schema_drift,detection,0.0092,True
256b40e77ee0,spielberg_QUALI,engine_temp,bit_flip_high,detection,0.0124,True
f8bfe00232b8,spielberg_QUALI,speed,null_value,detection,0.0073,True
80d0f4010bcd,spielberg_QUALI,tyre_pressure,bit_flip_high,detection,0.014,True
2b7e9c200691,spielberg_QUALI,brake_temp,bit_flip_low,detection,0.0141,True
bd9486685b35,spielberg_QUALI,throttle_new,schema_drift,detection,0.0109,True
27b66ecb4c05,spielberg_QUALI,tyre_pressure_new,schema_drift,detection,0.0087,True
86591e9c7317,spielberg_QUALI,heart_rate,bit_flip_high,detection,0.0123,True
19aafd34593f,spielberg_QUALI,rpm,sensor_dropout,detection,0.0086,True
7a8311fa02e6,spielberg_QUALI,brake_temp,sensor_dropout,detection,0.0078,True
986f955b1b22,spielberg_QUALI,throttle,duplicate_timestamp,detection,0.0079,True
6f2f474b25a1,spielberg_QUALI,engine_temp_alt,schema_drift,detection,0.0088,True
ab3346785a27,spielberg_QUALI,aero_load,bit_flip_high,detection,0.0122,True
ee33d6015c04,spielberg_QUALI,brake_temp,duplicate_timestamp,detection,0.0084,True
9b037540a16e,spielberg_QUALI,heart_rate,string_in_numeric,detection,0.0046,True
fff4fcdb43f7,spielberg_QUALI,g_force_lateral,bit_flip_low,detection,0.013,True
bbacfd0dc680,spielberg_QUALI,brake_temp,duplicate_timestamp,detection,0.0082,True
25c2f4e342ec,spielberg_QUALI,throttle,string_in_numeric,detection,0.0044,True
31df1ef1c770,spielberg_QUALI,aero_load,duplicate_timestamp,detection,0.0084,True
df975dc402c6,spielberg_QUALI,heart_rate,bit_flip_low,detection,0.0193,True
687663f2181d,spielberg_QUALI,throttle,string_in_numeric,detection,0.0071,True
fae5c9ae4751,spielberg_QUALI,heart_rate,bit_flip_high,detection,0.0125,True
98bca5cf011d,spielberg_QUALI,speed,string_in_numeric,detection,0.0046,True
def45861d068,spielberg_QUALI,g_force_lateral,string_in_numeric,detection,0.0045,True
d0c9a21a471e,spielberg_QUALI,heart_rate,duplicate_timestamp,detection,0.0083,True
b51600083bcc,spielberg_QUALI,tyre_pressure,duplicate_timestamp,detection,0.0081,True
5e5233eb86a6,spielberg_QUALI,aero_load_alt,schema_drift,detection,0.0092,True
af9c2d31410c,spielberg_QUALI,brake_temp,bit_flip_high,detection,0.0125,True
3b3a37f7a24b,spielberg_QUALI,ecu_canbus,duplicate_timestamp,detection,0.0111,True
d804c21fcdc1,spielberg_QUALI,heart_rate,null_value,detection,0.0092,True
695777aa40f5,spielberg_QUALI,brake_temp,null_value,detection,0.0071,True
011616c9a72f,spielberg_QUALI,speed,duplicate_timestamp,detection,0.0079,True
428707c45bb6,spielberg_QUALI,tyre_pressure,string_in_numeric,detection,0.0047,True
bf0e237539f4,spielberg_QUALI,rpm,duplicate_timestamp,detection,0.0081,True
576e4b499272,spielberg_QUALI,speed_new,schema_drift,detection,0.0092,True
ea1cd6e645ae,spielberg_QUALI,rpm,null_value,detection,0.0071,True
39ffc5711812,spielberg_QUALI,g_force_lateral,null_value,detection,0.0076,True
022a33368443,spielberg_QUALI,speed_raw,schema_drift,detection,0.0095,True
c69987ad4058,spielberg_QUALI,brake_temp,bit_flip_low,detection,0.0122,True
742984a946c6,spielberg_QUALI,rpm,string_in_numeric,detection,0.0046,True
0561901e4182,spielberg_QUALI,engine_temp_new,schema_drift,detection,0.0092,True
b0a5a7f6e442,spielberg_QUALI,ecu_canbus,sensor_dropout,detection,0.0074,True
4ae65b824c19,spielberg_QUALI,ecu_canbus,bit_flip_low,detection,0.0194,True
a446ab4e1fde,spielberg_QUALI,g_force_lateral_raw,schema_drift,detection,0.014,True
e443e8e345f0,spielberg_QUALI,engine_temp,duplicate_timestamp,detection,0.0121,True
d05dfa76a1be,spielberg_QUALI,aero_load,string_in_numeric,detection,0.0047,True
8d324a9e7254,spielberg_QUALI,engine_temp_v2,schema_drift,detection,0.009,True
11daba0cf210,spielberg_QUALI,g_force_lateral_canbus,schema_drift,detection,0.0092,True
a7346b06c34f,spielberg_QUALI,g_force_lateral,bit_flip_low,detection,0.0116,True
dd4da74e5c97,spielberg_QUALI,speed_v2,schema_drift,detection,0.0094,True
efd0b123ef90,spielberg_QUALI,rpm,bit_flip_high,detection,0.0131,True
4112f3308db9,spielberg_QUALI,throttle,null_value,detection,0.0084,True
8def7b7bb611,spielberg_QUALI,brake_temp,string_in_numeric,detection,0.0045,True
3ac337a6a200,spielberg_QUALI,heart_rate,duplicate_timestamp,detection,0.0079,True
b37ccb10bfa0,spielberg_QUALI,engine_temp_canbus,schema_drift,detection,0.0091,True
3a2dc1ebc63b,spielberg_QUALI,engine_temp,duplicate_timestamp,detection,0.0089,True
0b979bee43d6,spielberg_QUALI,engine_temp,null_value,detection,0.0073,True
0f8dbef27ce7,spielberg_QUALI,aero_load_v2,schema_drift,detection,0.0095,True
1f5465ecd51d,spielberg_QUALI,tyre_pressure,bit_flip_high,detection,0.0122,True
c8750129c674,spielberg_QUALI,brake_temp,duplicate_timestamp,detection,0.0082,True
1453f6360c8d,spielberg_QUALI,heart_rate,string_in_numeric,detection,0.0046,True
6fdab98402ee,spielberg_QUALI,g_force_lateral,null_value,detection,0.0081,True
f3675af9e3ab,spielberg_QUALI,speed_alt,schema_drift,detection,0.0101,True
04984b1895ae,spielberg_QUALI,heart_rate,null_value,detection,0.0076,True
1b0ec2ab4934,spielberg_QUALI,ecu_canbus,null_value,detection,0.0075,True
4900f2b417b8,spielberg_QUALI,throttle,sensor_dropout,detection,0.0073,True
af4223551d00,spielberg_QUALI,throttle,bit_flip_low,detection,0.0133,True
068c6a912567,spielberg_QUALI,brake_temp,bit_flip_high,detection,0.0125,True
f7b4e3d50a71,spielberg_QUALI,tyre_pressure,bit_flip_high,detection,0.0161,True
f35af00539ab,spielberg_QUALI,heart_rate_canbus,schema_drift,detection,0.011,True
3dfaa3ca4f54,spielberg_QUALI,throttle,bit_flip_high,detection,0.0129,True
8094f8dd815f,spielberg_QUALI,aero_load,sensor_dropout,detection,0.0075,True
e74abf7696e2,spielberg_QUALI,throttle,string_in_numeric,detection,0.0048,True
a0881c9a5ce6,spielberg_QUALI,aero_load_raw,schema_drift,detection,0.0096,True
51a6d914406a,spielberg_QUALI,heart_rate,bit_flip_high,detection,0.0132,True
2f464e0d8732,spielberg_QUALI,speed,bit_flip_low,detection,0.0155,True
ee712db3b04b,spielberg_QUALI,throttle,bit_flip_high,detection,0.0151,True
a55ac49328cb,spielberg_QUALI,aero_load,string_in_numeric,detection,0.0049,True
a02bef342ad9,spielberg_QUALI,heart_rate_canbus,schema_drift,detection,0.0098,True
56a702accc75,spielberg_QUALI,aero_load,sensor_dropout,detection,0.0074,True
bd7b0c3670ec,spielberg_QUALI,ecu_canbus,sensor_dropout,detection,0.0085,True
48d99afbdfc9,spielberg_QUALI,aero_load,bit_flip_low,detection,0.0127,True
3021e60b670f,spielberg_QUALI,tyre_pressure_new,schema_drift,detection,0.0123,True
fe71641b69c5,spielberg_QUALI,ecu_canbus,null_value,detection,0.0083,True
1080fccc7201,spielberg_QUALI,brake_temp,sensor_dropout,detection,0.0072,True
d0b55e18432f,spielberg_QUALI,brake_temp_new,schema_drift,detection,0.0094,True
1abf71cd2856,spielberg_QUALI,engine_temp,duplicate_timestamp,detection,0.0086,True
8bf392935815,spielberg_QUALI,aero_load,sensor_dropout,detection,0.007,True
6e9a3da6f81a,spielberg_QUALI,ecu_canbus,string_in_numeric,detection,0.0044,True
9f2e589dc2e5,spielberg_QUALI,ecu_canbus,duplicate_timestamp,detection,0.0083,True
84ab4edccd45,spielberg_QUALI,throttle,null_value,detection,0.0076,True
334390c7fae9,spielberg_QUALI,engine_temp,sensor_dropout,detection,0.0083,True
9666a58bc2f0,spielberg_QUALI,rpm,bit_flip_low,detection,0.0138,True
cf80c173373e,spielberg_QUALI,throttle,bit_flip_low,detection,0.0226,True
813503da71cc,spielberg_QUALI,rpm,duplicate_timestamp,detection,0.0077,True
2a618f2f55a4,spielberg_QUALI,tyre_pressure,sensor_dropout,detection,0.0411,True
091001906229,spielberg_QUALI,heart_rate,sensor_dropout,detection,0.0097,True
08b5b238b2ac,spielberg_QUALI,g_force_lateral,sensor_dropout,detection,0.0094,True
952f8bbdcf51,spielberg_QUALI,engine_temp,sensor_dropout,detection,0.0289,True
cb4c1798ab21,spielberg_QUALI,throttle_raw,schema_drift,detection,0.0093,True
c3f3572aa346,spielberg_QUALI,tyre_pressure,null_value,detection,0.0074,True
1f05d097f813,spielberg_QUALI,ecu_canbus,bit_flip_high,detection,0.0125,True
71df992df302,spielberg_QUALI,aero_load,sensor_dropout,detection,0.0069,True
d542bfa11c87,spielberg_QUALI,tyre_pressure,bit_flip_high,detection,0.0192,True
24d8078c3a9a,spielberg_QUALI,rpm,duplicate_timestamp,detection,0.0084,True
080a9352dfc1,spielberg_QUALI,brake_temp,null_value,detection,0.0071,True
af478042ddd1,spielberg_QUALI,aero_load,duplicate_timestamp,detection,0.0124,True
4cc7c5fd37e3,spielberg_QUALI,heart_rate,bit_flip_low,detection,0.0136,True
0c77f4e53a09,spielberg_QUALI,aero_load,string_in_numeric,detection,0.0049,True
ec5d2635de98,spielberg_QUALI,heart_rate,sensor_dropout,detection,0.0089,True
088687f060c3,spielberg_QUALI,ecu_canbus,duplicate_timestamp,detection,0.0102,True
c389caa4e333,spielberg_QUALI,g_force_lateral,string_in_numeric,detection,0.0057,True
664eba6069f1,spielberg_QUALI,engine_temp,bit_flip_low,detection,0.0149,True
d75fdb350893,spielberg_QUALI,aero_load,null_value,detection,0.0091,True
01c85c576044,spielberg_QUALI,throttle,null_value,detection,0.0078,True
eeeb957e000e,spielberg_QUALI,brake_temp,null_value,detection,0.0098,True
460084af1715,spielberg_QUALI,aero_load_alt,schema_drift,detection,0.0128,True
af3b1bb64bc1,spielberg_QUALI,heart_rate,bit_flip_high,detection,0.0169,True
5f1db8299ab5,spielberg_QUALI,aero_load,sensor_dropout,detection,0.0099,True
9160956bcd2e,spielberg_QUALI,speed,duplicate_timestamp,detection,0.0076,True
4d4330380c4d,spielberg_QUALI,brake_temp_canbus,schema_drift,detection,0.0091,True
478f5a23f071,spielberg_RACE,engine_temp,bit_flip_high,detection,0.0192,True
1fcf294109a1,spielberg_RACE,tyre_pressure,null_value,detection,0.0081,True
49e9ef377c50,spielberg_RACE,heart_rate,bit_flip_low,detection,0.012,True
5bb5084cbf64,spielberg_RACE,g_force_lateral,bit_flip_high,detection,0.0114,True
e92f26b5a1dd,spielberg_RACE,tyre_pressure,null_value,detection,0.0113,True
bb432e4dd573,spielberg_RACE,brake_temp_raw,schema_drift,detection,0.0123,True
bca8f16d5115,spielberg_RACE,g_force_lateral,string_in_numeric,detection,0.0047,True
e550496e8661,spielberg_RACE,aero_load_canbus,schema_drift,detection,0.0096,True
b47778ce081d,spielberg_RACE,ecu_canbus,sensor_dropout,detection,0.0076,True
b5dcc45f7cf7,spielberg_RACE,heart_rate,null_value,detection,0.0067,True
e3effe292f73,spielberg_RACE,speed,string_in_numeric,detection,0.0044,True
fefa147d219a,spielberg_RACE,throttle_alt,schema_drift,detection,0.0098,True
e87bf0774c53,spielberg_RACE,g_force_lateral,bit_flip_low,detection,0.0121,True
aebc1d4db769,spielberg_RACE,rpm,bit_flip_low,detection,0.0126,True
1f9f1b9d85c9,spielberg_RACE,engine_temp,bit_flip_high,detection,0.0121,True
1ffcb93ae985,spielberg_RACE,ecu_canbus_v2,schema_drift,detection,0.0096,True
6a9baf8b87ba,spielberg_RACE,ecu_canbus,bit_flip_high,detection,0.0121,True
b244c1423b7c,spielberg_RACE,heart_rate,sensor_dropout,detection,0.0074,True
2e0c05b52f7d,spielberg_RACE,heart_rate,bit_flip_low,detection,0.0123,True
730615a65487,spielberg_RACE,aero_load,bit_flip_low,detection,0.0142,True
334b67bf6a2d,spielberg_RACE,throttle,null_value,detection,0.0072,True
a52673386337,spielberg_RACE,aero_load,duplicate_timestamp,detection,0.0081,True
efb5229e2297,spielberg_RACE,heart_rate,string_in_numeric,detection,0.0045,True
951b1eadbfec,spielberg_RACE,speed,null_value,detection,0.008,True
ff365ff048fe,spielberg_RACE,engine_temp,bit_flip_high,detection,0.0119,True
f1db15f1eaeb,spielberg_RACE,aero_load,bit_flip_low,detection,0.0169,True
c0883d9123d1,spielberg_RACE,heart_rate_new,schema_drift,detection,0.0096,True
fb38043cabf2,spielberg_RACE,brake_temp,bit_flip_low,detection,0.0125,True
32c1bd6833f0,spielberg_RACE,engine_temp,bit_flip_high,detection,0.012,True
a8913f833fa2,spielberg_RACE,throttle_v2,schema_drift,detection,0.0122,True
af01d9fa4754,spielberg_RACE,ecu_canbus_v2,schema_drift,detection,0.0117,True
26e4eedf5b21,spielberg_RACE,throttle_alt,schema_drift,detection,0.0119,True
e3a448f3a730,spielberg_RACE,aero_load,duplicate_timestamp,detection,0.0089,True
0a13947fef97,spielberg_RACE,heart_rate,duplicate_timestamp,detection,0.0088,True
3a990fe29d7d,spielberg_RACE,brake_temp,bit_flip_high,detection,0.0126,True
fae63d18d725,spielberg_RACE,tyre_pressure,sensor_dropout,detection,0.0079,True
67864b330f33,spielberg_RACE,rpm,duplicate_timestamp,detection,0.0085,True
1bd55da39d38,spielberg_RACE,aero_load,bit_flip_high,detection,0.0164,True
12d23c36435e,spielberg_RACE,brake_temp,sensor_dropout,detection,0.0074,True
0393cfb902db,spielberg_RACE,ecu_canbus,null_value,detection,0.0138,True
c0dcac52c75e,spielberg_RACE,speed,bit_flip_low,detection,0.0126,True
165fb96f43fd,spielberg_RACE,ecu_canbus,null_value,detection,0.0086,True
1a6dca8d9678,spielberg_RACE,heart_rate,bit_flip_high,detection,0.0129,True
174bd280c3d7,spielberg_RACE,speed,null_value,detection,0.0073,True
bf4f6f4b99f3,spielberg_RACE,rpm,sensor_dropout,detection,0.0071,True
bf4d472a5384,spielberg_RACE,engine_temp,bit_flip_high,detection,0.012,True
dadef75dc95e,spielberg_RACE,tyre_pressure,sensor_dropout,detection,0.0072,True
bdf346595c55,spielberg_RACE,ecu_canbus,string_in_numeric,detection,0.0046,True
4795634ba946,spielberg_RACE,speed,bit_flip_high,detection,0.0123,True
b711c59315c7,spielberg_RACE,rpm,null_value,detection,0.007,True
48c1abcbbd51,spielberg_RACE,aero_load,sensor_dropout,detection,0.0097,True
4d3101c2d218,spielberg_RACE,rpm_raw,schema_drift,detection,0.0097,True
3059b224c2b1,spielberg_RACE,rpm,sensor_dropout,detection,0.0072,True
6bb54583eacb,spielberg_RACE,ecu_canbus_v2,schema_drift,detection,0.012,True
cc496db69f40,spielberg_RACE,throttle,bit_flip_high,detection,0.0157,True
2973f8cc4bae,spielberg_RACE,aero_load,null_value,detection,0.0089,True
e2adf6d18b94,spielberg_RACE,speed,sensor_dropout,detection,0.0087,True
a20360f6e26c,spielberg_RACE,throttle,duplicate_timestamp,detection,0.0086,True
2dd1d4077170,spielberg_RACE,tyre_pressure,bit_flip_high,detection,0.0123,True
eb96e3d62f83,spielberg_RACE,engine_temp,duplicate_timestamp,detection,0.0086,True
de5719ab2af1,spielberg_RACE,rpm,bit_flip_high,detection,0.0132,True
49748b7c5546,spielberg_RACE,speed,null_value,detection,0.0074,True
3bdcc3e5e9f1,spielberg_RACE,heart_rate_raw,schema_drift,detection,0.0106,True
7cd8ada1d326,spielberg_RACE,g_force_lateral_raw,schema_drift,detection,0.0095,True
6143f345e54a,spielberg_RACE,speed,string_in_numeric,detection,0.0048,True
dcf60428862b,spielberg_RACE,rpm,bit_flip_low,detection,0.0142,True
b2235b6e5f02,spielberg_RACE,throttle,duplicate_timestamp,detection,0.0083,True
45fab7d1c5f5,spielberg_RACE,tyre_pressure,bit_flip_high,detection,0.0121,True
6eeb09c2df96,spielberg_RACE,g_force_lateral,string_in_numeric,detection,0.0047,True
31454ceb0770,spielberg_RACE,tyre_pressure_raw,schema_drift,detection,0.0106,True
78bcce87793f,spielberg_RACE,ecu_canbus,sensor_dropout,detection,0.008,True
c66c5f3b0b96,spielberg_RACE,aero_load,null_value,detection,0.0073,True
cc75a5ef0bfd,spielberg_RACE,heart_rate,sensor_dropout,detection,0.0086,True
2829c926388b,spielberg_RACE,g_force_lateral,null_value,detection,0.0078,True
19e027386980,spielberg_RACE,tyre_pressure_canbus,schema_drift,detection,0.0092,True
254a44ab3404,spielberg_RACE,brake_temp,sensor_dropout,detection,0.0081,True
8ceeefbf2f77,spielberg_RACE,ecu_canbus,string_in_numeric,detection,0.0045,True
9746d89479a4,spielberg_RACE,speed_canbus,schema_drift,detection,0.0094,True
be4b9f0dc577,spielberg_RACE,heart_rate_raw,schema_drift,detection,0.0096,True
d7946bb3b4f4,spielberg_RACE,brake_temp,bit_flip_high,detection,0.0126,True
80ecd9b69b68,spielberg_RACE,tyre_pressure,string_in_numeric,detection,0.0061,True
c89a58f0bb12,spielberg_RACE,heart_rate,bit_flip_high,detection,0.0158,True
332daa7627e4,spielberg_RACE,engine_temp,null_value,detection,0.01,True
7c559d1e0e1a,spielberg_RACE,rpm,sensor_dropout,detection,0.0073,True
3b832740637b,spielberg_RACE,ecu_canbus_canbus,schema_drift,detection,0.0104,True
fabaf990a8d9,spielberg_RACE,ecu_canbus,null_value,detection,0.0078,True
d27a22dcb00c,spielberg_RACE,tyre_pressure,bit_flip_low,detection,0.0125,True
82f62ce32ab5,spielberg_RACE,engine_temp_raw,schema_drift,detection,0.0134,True
bfdd83704734,spielberg_RACE,aero_load,duplicate_timestamp,detection,0.01,True
bc88ddcb669b,spielberg_RACE,engine_temp,duplicate_timestamp,detection,0.0082,True
7a65ce7c74f8,spielberg_RACE,rpm,bit_flip_low,detection,0.0127,True
79997b0a6aeb,spielberg_RACE,heart_rate,duplicate_timestamp,detection,0.0079,True
81510e6cc68a,spielberg_RACE,g_force_lateral,duplicate_timestamp,detection,0.008,True
45c729e09185,spielberg_RACE,throttle,string_in_numeric,detection,0.0045,True
7aa380a34b0f,spielberg_RACE,aero_load,null_value,detection,0.0074,True
b888adc66281,spielberg_RACE,g_force_lateral,bit_flip_high,detection,0.0122,True
b84e37dd9a5d,spielberg_RACE,engine_temp,null_value,detection,0.0071,True
2642315bdc44,spielberg_RACE,heart_rate,null_value,detection,0.0072,True
c17a1e3a050b,spielberg_RACE,g_force_lateral,sensor_dropout,detection,0.0076,True
5f9e99c8b5ca,spielberg_RACE,ecu_canbus,string_in_numeric,detection,0.0043,True
bb566a057115,spielberg_RACE,heart_rate,bit_flip_low,detection,0.0124,True
b824dc784d32,spielberg_RACE,throttle_canbus,schema_drift,detection,0.0092,True
a80a00aa4cca,spielberg_RACE,tyre_pressure,null_value,detection,0.0074,True
1a21a805711b,spielberg_RACE,engine_temp,bit_flip_low,detection,0.0116,True
b2c106235b35,spielberg_RACE,heart_rate,duplicate_timestamp,detection,0.0083,True
9fb75be08b21,spielberg_RACE,tyre_pressure,duplicate_timestamp,detection,0.0308,True
5d791d6f5d7b,spielberg_RACE,g_force_lateral_v2,schema_drift,detection,0.02,True
be8587fe1e31,spielberg_RACE,speed,duplicate_timestamp,detection,0.0103,True
3894818d5a34,spielberg_RACE,aero_load,duplicate_timestamp,detection,0.0126,True
d13d79129d77,spielberg_RACE,tyre_pressure,null_value,detection,0.0088,True
aff3cf8184fd,spielberg_RACE,speed,string_in_numeric,detection,0.0047,True
9819382a2dc2,spielberg_RACE,rpm,bit_flip_high,detection,0.0133,True
f2c84b263ae1,spielberg_RACE,aero_load,null_value,detection,0.0074,True
9867eed9490f,spielberg_RACE,ecu_canbus,null_value,detection,0.0073,True
48887f154d54,spielberg_RACE,ecu_canbus,bit_flip_high,detection,0.0132,True
41f13010bfc3,spielberg_RACE,g_force_lateral,duplicate_timestamp,detection,0.0081,True
7d287e37e609,spielberg_RACE,throttle,sensor_dropout,detection,0.0071,True
f462adbf0fa4,spielberg_RACE,engine_temp,bit_flip_low,detection,0.0131,True
3af37c7cab50,spielberg_RACE,throttle,bit_flip_high,detection,0.0122,True
7c074428a197,spielberg_RACE,aero_load,bit_flip_low,detection,0.0126,True
5b0dbd35406b,spielberg_RACE,tyre_pressure,bit_flip_high,detection,0.0116,True
b4d023c29e47,spielberg_RACE,heart_rate,duplicate_timestamp,detection,0.0083,True
b0245d2fa8d2,spielberg_RACE,tyre_pressure,sensor_dropout,detection,0.0076,True
9dc612becef6,spielberg_RACE,rpm,duplicate_timestamp,detection,0.0084,True
75eea4a42ae8,spielberg_RACE,tyre_pressure,string_in_numeric,detection,0.0045,True
6a4b3dc49916,spielberg_RACE,throttle,bit_flip_low,detection,0.0279,True
1a871360f49c,spielberg_RACE,ecu_canbus,string_in_numeric,detection,0.0068,True
f94ccedaa9b7,spielberg_RACE,ecu_canbus,sensor_dropout,detection,0.0073,True
622b1c6bd272,spielberg_RACE,aero_load,bit_flip_low,detection,0.0123,True
4ef02863ef62,spielberg_RACE,tyre_pressure,bit_flip_high,detection,0.0117,True
265c1f376f30,spielberg_RACE,brake_temp,bit_flip_low,detection,0.0128,True
f7451c0c9b93,spielberg_RACE,brake_temp,bit_flip_low,detection,0.0125,True
37c78cdd19d1,spielberg_RACE,engine_temp,bit_flip_high,detection,0.0295,True
dccd8f9af126,spielberg_RACE,g_force_lateral,bit_flip_low,detection,0.0114,True
ed133810c2f6,spielberg_RACE,g_force_lateral,duplicate_timestamp,detection,0.0088,True
c489ac5c088d,spielberg_RACE,g_force_lateral,bit_flip_low,detection,0.0119,True
2430e2a5c47a,spielberg_RACE,aero_load,sensor_dropout,detection,0.0068,True
7cd07fdab6da,spielberg_RACE,ecu_canbus_v2,schema_drift,detection,0.0085,True
9acfe96faf95,spielberg_RACE,brake_temp,string_in_numeric,detection,0.0045,True
b949545d70f7,spielberg_RACE,heart_rate,string_in_numeric,detection,0.0043,True
2a424da742c4,spielberg_RACE,speed,string_in_numeric,detection,0.0044,True
26f9cf1e231f,spielberg_RACE,tyre_pressure_canbus,schema_drift,detection,0.0092,True
31e030199339,spielberg_RACE,ecu_canbus,duplicate_timestamp,detection,0.0082,True
d45311fc362d,spielberg_RACE,aero_load,bit_flip_low,detection,0.0128,True
b3f1704e2d42,spielberg_RACE,speed,duplicate_timestamp,detection,0.0079,True
f919fc2c2e7a,spielberg_RACE,throttle,bit_flip_high,detection,0.0123,True
b7556c5f8642,spielberg_RACE,ecu_canbus,bit_flip_low,detection,0.0165,True
6862a7f12b4d,spielberg_RACE,engine_temp,string_in_numeric,detection,0.0061,True
52cf268ea870,spielberg_RACE,engine_temp,bit_flip_high,detection,0.0122,True
31e6391c7a56,spielberg_RACE,brake_temp,duplicate_timestamp,detection,0.0083,True
9bb2d0dd2fc8,spielberg_RACE,engine_temp,sensor_dropout,detection,0.0111,True
6ad8e9f3d758,spielberg_RACE,heart_rate,bit_flip_low,detection,0.0131,True
506d2522e7a8,spielberg_RACE,brake_temp_canbus,schema_drift,detection,0.0099,True
6d6a0161b667,spielberg_RACE,speed,duplicate_timestamp,detection,0.0103,True
f571f2cffffa,spielberg_RACE,speed,bit_flip_low,detection,0.0135,True
081cfe57c1d5,spielberg_RACE,ecu_canbus,string_in_numeric,detection,0.0047,True
af3708653bda,spielberg_RACE,rpm,sensor_dropout,detection,0.0074,True
2028a828591c,spielberg_RACE,speed,duplicate_timestamp,detection,0.0087,True
7b493204b53b,spielberg_RACE,ecu_canbus,bit_flip_high,detection,0.0146,True
b764384d3f4d,spielberg_RACE,g_force_lateral,bit_flip_low,detection,0.0125,True
da476231bded,spielberg_RACE,engine_temp,string_in_numeric,detection,0.005,True
a230407ed016,spielberg_RACE,throttle,duplicate_timestamp,detection,0.0089,True
74fd58e53380,spielberg_RACE,rpm,duplicate_timestamp,detection,0.0101,True
68e954d9681c,spielberg_RACE,rpm,bit_flip_high,detection,0.0132,True
d27411b41dd0,spielberg_RACE,engine_temp,sensor_dropout,detection,0.0074,True
61771da848aa,spielberg_RACE,rpm,string_in_numeric,detection,0.0049,True
ddb62e9bca45,spielberg_RACE,ecu_canbus,null_value,detection,0.0075,True
7cf2352687c2,spielberg_RACE,brake_temp,bit_flip_high,detection,0.0123,True
53e735a13eb7,spielberg_RACE,ecu_canbus,bit_flip_low,detection,0.0106,False
7b6d293957c1,spielberg_RACE,g_force_lateral,null_value,detection,0.0085,True
1a40d5ef99f8,spielberg_RACE,speed,bit_flip_high,detection,0.0155,True
4620d4c49422,spielberg_RACE,aero_load,bit_flip_low,detection,0.0149,True
a663294656fb,spielberg_RACE,throttle,sensor_dropout,detection,0.0087,True
27e9beed821e,spielberg_RACE,ecu_canbus,bit_flip_low,detection,0.0126,True
7c0ebbd638b1,spielberg_RACE,aero_load,duplicate_timestamp,detection,0.0113,True
9cacbdb0fc16,spielberg_RACE,g_force_lateral,bit_flip_low,detection,0.0116,True
e422669cd100,spielberg_RACE,ecu_canbus,string_in_numeric,detection,0.0045,True
2c9ddd4aee63,spielberg_RACE,heart_rate,duplicate_timestamp,detection,0.008,True
c85ba26704ad,spielberg_RACE,ecu_canbus,sensor_dropout,detection,0.0077,True
d6c25eb134f1,spielberg_RACE,engine_temp,sensor_dropout,detection,0.0073,True
84345bd94c59,spielberg_RACE,tyre_pressure,null_value,detection,0.0085,True
85c17530a03e,spielberg_RACE,ecu_canbus,null_value,detection,0.0073,True
090e2223707d,spielberg_RACE,brake_temp_raw,schema_drift,detection,0.0087,True
c8486eabdf9e,spielberg_RACE,ecu_canbus,duplicate_timestamp,detection,0.0084,True
6f096c6c07aa,spielberg_RACE,brake_temp,sensor_dropout,detection,0.007,True
fbef525d923f,spielberg_RACE,aero_load,string_in_numeric,detection,0.0055,True
8ac1fe25a2ba,spielberg_RACE,rpm,string_in_numeric,detection,0.0061,True
28a6bd45abce,spielberg_RACE,speed,string_in_numeric,detection,0.0045,True
92bef305fa94,spielberg_RACE,tyre_pressure,bit_flip_high,detection,0.0132,True
0b939a2b70fb,spielberg_RACE,tyre_pressure,string_in_numeric,detection,0.0081,True
75ac85f9db98,spielberg_RACE,brake_temp_v2,schema_drift,detection,0.0206,True
17f02ad9b594,spielberg_RACE,engine_temp,sensor_dropout,detection,0.0098,True
f1bc8814ca1f,spielberg_RACE,throttle,bit_flip_high,detection,0.0125,True
2b1ae0b36c77,spielberg_RACE,brake_temp,bit_flip_high,detection,0.012,True
b85b5e62fe4b,spielberg_RACE,brake_temp,string_in_numeric,detection,0.0047,True
51edc0680103,spielberg_RACE,rpm,duplicate_timestamp,detection,0.0082,True
b76e75385ba1,spielberg_RACE,heart_rate,bit_flip_low,detection,0.0121,True
7e7001c64d7a,spielberg_RACE,brake_temp,string_in_numeric,detection,0.0046,True
f7b4e0fa819b,spielberg_RACE,g_force_lateral,null_value,detection,0.0076,True
73da45e2d22e,spielberg_RACE,speed,bit_flip_low,detection,0.0129,True
3e544be5b3f1,spielberg_RACE,heart_rate,duplicate_timestamp,detection,0.0082,True
93b1eabef2ca,spielberg_RACE,rpm,duplicate_timestamp,detection,0.0078,True
b9543af97301,spielberg_RACE,speed,null_value,detection,0.0077,True
e111145738e4,spielberg_RACE,tyre_pressure,duplicate_timestamp,detection,0.0094,True
32384c1420e7,spielberg_RACE,throttle,sensor_dropout,detection,0.0073,True
7815529ebcdf,spielberg_RACE,speed,string_in_numeric,detection,0.0044,True
b81a32e6526a,spielberg_RACE,aero_load,bit_flip_high,detection,0.0162,True
844850e3f89f,spielberg_RACE,heart_rate,duplicate_timestamp,detection,0.0078,True
1b805b60c0a6,spielberg_RACE,ecu_canbus_raw,schema_drift,detection,0.0093,True
cc63058c7f79,spielberg_RACE,tyre_pressure,null_value,detection,0.0073,True
35362cb69ee3,spielberg_RACE,g_force_lateral_raw,schema_drift,detection,0.0102,True
ae9ce9e9e168,spielberg_RACE,speed,string_in_numeric,detection,0.0052,True
483a681864d5,spielberg_RACE,tyre_pressure_v2,schema_drift,detection,0.0106,True
d21f6b187909,spielberg_RACE,brake_temp_alt,schema_drift,detection,0.0088,True
9c69fd419e64,spielberg_RACE,aero_load,bit_flip_low,detection,0.013,True
1d8bac661740,spielberg_RACE,throttle,duplicate_timestamp,detection,0.0083,True
cb5c1fc6b7e6,spielberg_RACE,aero_load,null_value,detection,0.0071,True
0b8c4099aa56,spielberg_RACE,tyre_pressure,duplicate_timestamp,detection,0.0084,True
03fd25c53622,spielberg_RACE,g_force_lateral,bit_flip_high,detection,0.0122,True
993370ae6986,spielberg_RACE,throttle,sensor_dropout,detection,0.0074,True
d4872184ca26,spielberg_RACE,g_force_lateral,null_value,detection,0.0074,True
64c81f584d82,spielberg_RACE,ecu_canbus,string_in_numeric,detection,0.0046,True
110404fb1d7d,spielberg_RACE,aero_load,string_in_numeric,detection,0.0047,True
a234326baf80,spielberg_RACE,engine_temp,sensor_dropout,detection,0.0073,True
91fc425a323e,spielberg_RACE,speed,duplicate_timestamp,detection,0.0083,True
314ebf127e37,spielberg_RACE,heart_rate,null_value,detection,0.008,True
c3378111dcc6,spielberg_RACE,engine_temp_raw,schema_drift,detection,0.0093,True
6a8e707998c0,spielberg_RACE,ecu_canbus,bit_flip_low,detection,0.0087,False
8a7276cc127d,spielberg_RACE,rpm,bit_flip_low,detection,0.0128,True
64ff6b418640,spielberg_RACE,throttle_v2,schema_drift,detection,0.0098,True
531926aed62c,spielberg_RACE,aero_load,null_value,detection,0.007,True
7d0f8b6778bf,spielberg_RACE,rpm,bit_flip_high,detection,0.0129,True
0e9853070b9a,spielberg_RACE,brake_temp,string_in_numeric,detection,0.0046,True
135269d4057b,spielberg_RACE,brake_temp_canbus,schema_drift,detection,0.0088,True
0db7039c0959,spielberg_RACE,tyre_pressure,bit_flip_low,detection,0.0142,True
dcd73f9ff386,spielberg_RACE,heart_rate,null_value,detection,0.0078,True
7fe7b4b6065c,spielberg_RACE,heart_rate,string_in_numeric,detection,0.0044,True
8813051680e4,spielberg_RACE,rpm,duplicate_timestamp,detection,0.008,True
d56d7642f145,spielberg_RACE,rpm,null_value,detection,0.0083,True
9c1d29fcbba1,spielberg_RACE,throttle,string_in_numeric,detection,0.0053,True
282ff3b556ef,spielberg_RACE,g_force_lateral,sensor_dropout,detection,0.0079,True
366810fd88e6,spielberg_RACE,aero_load_raw,schema_drift,detection,0.0102,True
b133879cae65,spielberg_RACE,tyre_pressure,duplicate_timestamp,detection,0.0092,True
a7a329eb43de,spielberg_RACE,ecu_canbus,string_in_numeric,detection,0.0045,True
0d11a6c270ff,spielberg_RACE,engine_temp,string_in_numeric,detection,0.0045,True
8ba51bcdef97,spielberg_RACE,aero_load,bit_flip_low,detection,0.0124,True
ad37e62c0992,spielberg_RACE,throttle,sensor_dropout,detection,0.0074,True
0af40801143c,spielberg_RACE,engine_temp,sensor_dropout,detection,0.0073,True
e996ab639dab,spielberg_RACE,rpm,null_value,detection,0.0067,True
7d54b11b0842,spielberg_RACE,g_force_lateral_alt,schema_drift,detection,0.009,True
ba5947745604,spielberg_RACE,rpm,bit_flip_low,detection,0.0129,True
79a5f26d17c9,spielberg_RACE,heart_rate,bit_flip_low,detection,0.0121,True
da6bf702efc6,spielberg_RACE,engine_temp,sensor_dropout,detection,0.0073,True
c96f13200680,spielberg_RACE,tyre_pressure,sensor_dropout,detection,0.0082,True
d8e11ebb86d8,spielberg_RACE,heart_rate,bit_flip_low,detection,0.0126,True
10148ffa44e0,spielberg_RACE,brake_temp,bit_flip_high,detection,0.0121,True
5fe2612a0289,spielberg_RACE,brake_temp,bit_flip_low,detection,0.0118,True
95183fe34cd0,spielberg_RACE,tyre_pressure,null_value,detection,0.0078,True
45f72564a283,spielberg_RACE,heart_rate,null_value,detection,0.0077,True
bf7c479a963f,spielberg_RACE,g_force_lateral,sensor_dropout,detection,0.0078,True
3b94183251c1,spielberg_RACE,ecu_canbus,duplicate_timestamp,detection,0.0092,True
5ccb869b6960,spielberg_RACE,engine_temp,bit_flip_low,detection,0.0124,True
cc3f29263972,spielberg_RACE,g_force_lateral,sensor_dropout,detection,0.0073,True
ca0fe58c2a7d,spielberg_RACE,throttle,bit_flip_high,detection,0.0131,True
a7c3ca7499fa,spielberg_RACE,ecu_canbus,duplicate_timestamp,detection,0.008,True
9755152b5350,spielberg_RACE,rpm,null_value,detection,0.0071,True
0d0917df48fc,spielberg_RACE,throttle,duplicate_timestamp,detection,0.0086,True
3b3a05cdefa9,spielberg_RACE,tyre_pressure,string_in_numeric,detection,0.0045,True
de085a271b97,spielberg_RACE,rpm,string_in_numeric,detection,0.0105,True
e4b3108d867f,spielberg_RACE,brake_temp,sensor_dropout,detection,0.0073,True
7d9c499d3812,spielberg_RACE,ecu_canbus,sensor_dropout,detection,0.0086,True
fbf8af570440,spielberg_RACE,rpm,bit_flip_low,detection,0.014,True
3c4065275e20,spielberg_RACE,tyre_pressure,bit_flip_low,detection,0.0159,True
0932db20f244,spielberg_RACE,ecu_canbus,sensor_dropout,detection,0.0275,True
0f0bc56ea5c8,spielberg_RACE,rpm,string_in_numeric,detection,0.0118,True
c7795d0e2640,spielberg_RACE,brake_temp,duplicate_timestamp,detection,0.021,True
2d8c160c61ab,spielberg_RACE,rpm_canbus,schema_drift,detection,0.0096,True
ac105f40ca62,spielberg_RACE,aero_load,string_in_numeric,detection,0.0046,True
b097b4a542a0,spielberg_RACE,aero_load,string_in_numeric,detection,0.0048,True
e687fb86627a,spielberg_RACE,throttle,duplicate_timestamp,detection,0.008,True
665f9724dc20,spielberg_RACE,heart_rate,null_value,detection,0.0112,True
920f87dd6a2e,spielberg_RACE,aero_load,bit_flip_low,detection,0.0161,True
13688f8a2133,spielberg_RACE,tyre_pressure,null_value,detection,0.0089,True
7205dd4fad6b,spielberg_RACE,speed,duplicate_timestamp,detection,0.0082,True
1904549af5d9,spielberg_RACE,rpm,duplicate_timestamp,detection,0.0079,True
744bf3d11f7c,spielberg_RACE,throttle,string_in_numeric,detection,0.0045,True
ba28df156bbb,spielberg_RACE,heart_rate,string_in_numeric,detection,0.0045,True
a1bceeb49d30,spielberg_RACE,ecu_canbus_alt,schema_drift,detection,0.0096,True
7d47bd8584ba,spielberg_RACE,heart_rate,bit_flip_high,detection,0.0201,True
e701d20de754,spielberg_RACE,ecu_canbus,string_in_numeric,detection,0.012,True
36493ffda6e2,spielberg_RACE,speed,string_in_numeric,detection,0.0105,True
7de5a2b3727b,spielberg_RACE,rpm_v2,schema_drift,detection,0.029,True
84f23c3b240f,spielberg_RACE,aero_load_canbus,schema_drift,detection,0.0101,True
cd624e40a38e,spielberg_RACE,engine_temp,sensor_dropout,detection,0.0075,True
6430c626a093,spielberg_RACE,brake_temp,string_in_numeric,detection,0.0046,True
7be079a2475a,spielberg_RACE,g_force_lateral,string_in_numeric,detection,0.0049,True
5b8beecfeec7,spielberg_RACE,brake_temp,null_value,detection,0.0075,True
a1f36aa3c16f,spielberg_RACE,ecu_canbus_canbus,schema_drift,detection,0.0099,True
0d0f0e005403,spielberg_RACE,tyre_pressure,duplicate_timestamp,detection,0.0082,True
b72c07ac68c7,spielberg_RACE,g_force_lateral,bit_flip_high,detection,0.0125,True
d05888c80b4a,spielberg_RACE,speed,string_in_numeric,detection,0.0047,True
2601ea5f4e22,spielberg_RACE,aero_load,bit_flip_low,detection,0.0126,True
da137a286b97,spielberg_RACE,heart_rate,string_in_numeric,detection,0.0044,True
a7da29029713,spielberg_RACE,speed_alt,schema_drift,detection,0.0163,True
776bebb413e7,spielberg_RACE,tyre_pressure_canbus,schema_drift,detection,0.0095,True
885936edb578,spielberg_RACE,rpm,bit_flip_high,detection,0.0132,True
93822aa8c164,spielberg_RACE,heart_rate,string_in_numeric,detection,0.0046,True
69bea6a8b99a,spielberg_RACE,speed,bit_flip_high,detection,0.0148,True
9aea6fd8312a,spielberg_RACE,speed,string_in_numeric,detection,0.0051,True
0ab059d462d4,spielberg_RACE,tyre_pressure,null_value,detection,0.0073,True
be07ce12c8fc,spielberg_RACE,throttle,string_in_numeric,detection,0.0044,True
81c4ee37bca7,spielberg_RACE,aero_load_v2,schema_drift,detection,0.0126,True
76281f669694,spielberg_RACE,engine_temp,duplicate_timestamp,detection,0.0083,True
6df819fb4096,spielberg_RACE,speed,bit_flip_low,detection,0.0127,True
de0f8588181e,spielberg_RACE,aero_load,bit_flip_high,detection,0.0141,True
5d4bcdc6d774,spielberg_RACE,ecu_canbus,bit_flip_low,detection,0.0101,False
64c883a70819,spielberg_RACE,g_force_lateral,bit_flip_low,detection,0.0124,True
fd0376d34a7d,spielberg_RACE,throttle,string_in_numeric,detection,0.0048,True
0e5ae0e1724e,spielberg_RACE,brake_temp,duplicate_timestamp,detection,0.0089,True
64b036dcbf7e,spielberg_RACE,ecu_canbus,bit_flip_high,detection,0.0121,True
4bd8fdf50e74,spielberg_RACE,speed,null_value,detection,0.0073,True
22db3f4d620c,spielberg_RACE,throttle,bit_flip_high,detection,0.013,True
d722c4e3426a,spielberg_RACE,brake_temp,duplicate_timestamp,detection,0.0083,True
f7e4aacb522f,spielberg_RACE,aero_load,string_in_numeric,detection,0.006,True
314fa272606c,spielberg_RACE,aero_load,bit_flip_low,detection,0.0125,True
c2526ef38aec,spielberg_RACE,g_force_lateral,duplicate_timestamp,detection,0.0084,True
c8d8bd7fc469,spielberg_RACE,tyre_pressure,bit_flip_low,detection,0.0119,True
ab301852234b,spielberg_RACE,heart_rate_canbus,schema_drift,detection,0.0094,True
aa2626cb92d2,spielberg_RACE,g_force_lateral,bit_flip_low,detection,0.0125,True
7fef5e846ede,spielberg_RACE,heart_rate,bit_flip_high,detection,0.0129,True
701405bc374b,spielberg_RACE,speed,bit_flip_low,detection,0.0184,True
d93268d54a22,spielberg_RACE,rpm_canbus,schema_drift,detection,0.0138,True
df11a65a25ee,spielberg_RACE,heart_rate,bit_flip_low,detection,0.0162,True
dd5a5c4cd463,spielberg_RACE,g_force_lateral,sensor_dropout,detection,0.01,True
c026de8d07e4,spielberg_RACE,speed,sensor_dropout,detection,0.0092,True
0bdd26d108fb,spielberg_RACE,engine_temp,bit_flip_low,detection,0.016,True
650e50ad18fd,spielberg_RACE,brake_temp,sensor_dropout,detection,0.0076,True
0c02765a2c96,spielberg_RACE,ecu_canbus_canbus,schema_drift,detection,0.0102,True
27f38ef482c5,spielberg_RACE,heart_rate,null_value,detection,0.008,True
6c6718279084,spielberg_RACE,g_force_lateral,sensor_dropout,detection,0.0076,True
d95c8f82f82d,spielberg_RACE,rpm,sensor_dropout,detection,0.0073,True
953257b502ec,spielberg_RACE,heart_rate,null_value,detection,0.0073,True
6d1f3ab0b3a7,spielberg_RACE,throttle,string_in_numeric,detection,0.0046,True
a6f133a12d77,spielberg_RACE,tyre_pressure,null_value,detection,0.0082,True
f0b191db6d92,spielberg_RACE,heart_rate,null_value,detection,0.0073,True
aa1c264590aa,spielberg_RACE,rpm,duplicate_timestamp,detection,0.0087,True
15931cd828fe,spielberg_RACE,speed,sensor_dropout,detection,0.0084,True
4ee4c42ef8be,spielberg_RACE,throttle,string_in_numeric,detection,0.0049,True
f64ec70e921d,spielberg_RACE,g_force_lateral,bit_flip_low,detection,0.0125,True
474a8a7e872e,spielberg_RACE,throttle,sensor_dropout,detection,0.0076,True
e110c8a2824d,spielberg_RACE,tyre_pressure,bit_flip_low,detection,0.0123,True
0abe3da09e71,spielberg_RACE,brake_temp,sensor_dropout,detection,0.0073,True
25409dc1ec34,spielberg_RACE,brake_temp,null_value,detection,0.0086,True
1252561178aa,spielberg_RACE,aero_load_v2,schema_drift,detection,0.0124,True
3018225425de,spielberg_RACE,speed,string_in_numeric,detection,0.0051,True
58c4c72f9c91,spielberg_RACE,speed,null_value,detection,0.0076,True
1e9551e00cc6,spielberg_RACE,throttle,bit_flip_low,detection,0.013,True
9545a652efa2,spielberg_RACE,tyre_pressure,null_value,detection,0.0074,True
d0dddde55104,spielberg_RACE,g_force_lateral,bit_flip_high,detection,0.0121,True
05e500d81e1c,spielberg_RACE,speed,sensor_dropout,detection,0.0074,True
0119425c7f60,spielberg_RACE,throttle,sensor_dropout,detection,0.0074,True
c320336751aa,spielberg_RACE,g_force_lateral,duplicate_timestamp,detection,0.0083,True
255e3a0d54d2,spielberg_RACE,g_force_lateral,string_in_numeric,detection,0.0047,True
18112887906b,spielberg_RACE,heart_rate,null_value,detection,0.0071,True
df44393e38ce,spielberg_RACE,throttle_raw,schema_drift,detection,0.0094,True
681c33d1eaec,spielberg_RACE,heart_rate,bit_flip_high,detection,0.0122,True
9e1c42cebb01,spielberg_RACE,throttle,bit_flip_high,detection,0.0123,True
5d9ba39c6722,spielberg_RACE,rpm,duplicate_timestamp,detection,0.0085,True
4ddad61cc101,spielberg_RACE,brake_temp,sensor_dropout,detection,0.008,True
e0c2a399aead,spielberg_RACE,heart_rate,string_in_numeric,detection,0.0046,True
5260cebdd030,spielberg_RACE,engine_temp,string_in_numeric,detection,0.0049,True
871af200a464,spielberg_RACE,tyre_pressure,bit_flip_low,detection,0.0125,True
9f964e1866c9,spielberg_RACE,speed,sensor_dropout,detection,0.0078,True
8fa48b789693,spielberg_RACE,brake_temp,bit_flip_low,detection,0.0135,True
3d411581ccb2,spielberg_RACE,g_force_lateral,bit_flip_low,detection,0.0129,True
b10c5d99f197,spielberg_RACE,throttle,null_value,detection,0.0077,True
d020baf6b3ed,spielberg_RACE,aero_load_v2,schema_drift,detection,0.0131,True
f71ff665b116,spielberg_RACE,engine_temp,sensor_dropout,detection,0.018,True
efd38db68eef,spielberg_RACE,heart_rate,sensor_dropout,detection,0.0184,True
a914a584a353,spielberg_RACE,throttle_v2,schema_drift,detection,0.0239,True
3887585a2583,spielberg_RACE,speed,sensor_dropout,detection,0.0265,True
0d4e822e8882,spielberg_RACE,tyre_pressure,null_value,detection,0.0144,True
9fca935f8988,spielberg_RACE,g_force_lateral,bit_flip_high,detection,0.0129,True
09c8796963e9,spielberg_RACE,speed,bit_flip_high,detection,0.0129,True
6c6f1a4d75c3,spielberg_RACE,brake_temp,bit_flip_high,detection,0.0124,True
a20fa6b6e4a7,spielberg_RACE,heart_rate,sensor_dropout,detection,0.0071,True
fc87fd465b8e,spielberg_RACE,tyre_pressure,sensor_dropout,detection,0.0077,True
d5dbbde537df,spielberg_RACE,speed,null_value,detection,0.0072,True
7fca004e73d1,spielberg_RACE,aero_load,bit_flip_low,detection,0.0133,True
472b83a69ae5,spielberg_RACE,tyre_pressure,bit_flip_low,detection,0.0126,True
ff506f07f1ce,spielberg_RACE,heart_rate,null_value,detection,0.0072,True
81984a563799,spielberg_RACE,g_force_lateral,sensor_dropout,detection,0.0073,True
d4a9446b3248,spielberg_RACE,throttle,string_in_numeric,detection,0.0047,True
e0b6ca140259,spielberg_RACE,brake_temp,duplicate_timestamp,detection,0.0087,True
bd7ebaefa763,spielberg_RACE,ecu_canbus,null_value,detection,0.0075,True
19e5b1861673,spielberg_RACE,throttle_new,schema_drift,detection,0.0097,True
0c5532e8c9de,spielberg_RACE,brake_temp,sensor_dropout,detection,0.0087,True
aef781724a65,spielberg_RACE,ecu_canbus,duplicate_timestamp,detection,0.0081,True
4a512ad4535d,spielberg_RACE,g_force_lateral,null_value,detection,0.0075,True
9ea422da7c98,spielberg_RACE,throttle_alt,schema_drift,detection,0.0135,True
9973ed508654,spielberg_RACE,tyre_pressure,string_in_numeric,detection,0.005,True
ca9f2ccd9b16,spielberg_RACE,rpm,sensor_dropout,detection,0.0076,True
74347842e989,spielberg_RACE,throttle,bit_flip_low,detection,0.0128,True
386fd6535846,spielberg_RACE,brake_temp,bit_flip_low,detection,0.0116,True
da9059593d67,spielberg_RACE,rpm,null_value,detection,0.0076,True
c09f5c69604d,spielberg_RACE,rpm,null_value,detection,0.0074,True
47a9f007d045,spielberg_RACE,throttle_new,schema_drift,detection,0.0092,True
b77b0a40b1eb,spielberg_RACE,engine_temp,sensor_dropout,detection,0.0073,True
135e22582d35,spielberg_RACE,aero_load,sensor_dropout,detection,0.0069,True
a61ae7f64df6,spielberg_RACE,heart_rate,bit_flip_high,detection,0.0124,True
a79824393f4d,spielberg_RACE,throttle_canbus,schema_drift,detection,0.0095,True
74ac9d65f387,spielberg_RACE,rpm,string_in_numeric,detection,0.0057,True
f5d8bce64e72,spielberg_RACE,engine_temp,bit_flip_low,detection,0.0129,True
7d0b6f5fc16f,spielberg_RACE,heart_rate,null_value,detection,0.0077,True
ab622dc1c656,spielberg_RACE,engine_temp,bit_flip_low,detection,0.012,True
8079a8dbae27,spielberg_RACE,heart_rate,sensor_dropout,detection,0.007,True
4373cbecbde4,spielberg_RACE,aero_load,string_in_numeric,detection,0.0061,True
2cec589cab78,spielberg_RACE,tyre_pressure,duplicate_timestamp,detection,0.0097,True
9b97162da367,spielberg_RACE,heart_rate,bit_flip_low,detection,0.0118,True
80552936a57f,spielberg_RACE,throttle,bit_flip_low,detection,0.0123,True
b4cd925d012b,spielberg_RACE,aero_load,string_in_numeric,detection,0.0051,True
3ad4d585ba51,spielberg_RACE,ecu_canbus,duplicate_timestamp,detection,0.0085,True
0f82bf90e01c,spielberg_RACE,throttle_raw,schema_drift,detection,0.0096,True
f354ae6b09a8,spielberg_RACE,engine_temp,bit_flip_high,detection,0.0135,True
38f1f72281e9,spielberg_RACE,aero_load,null_value,detection,0.0092,True
44e8976634a0,spielberg_RACE,g_force_lateral,bit_flip_high,detection,0.0128,True
b2b1adbaede8,spielberg_RACE,tyre_pressure,bit_flip_low,detection,0.0135,True
5fe1072193a3,spielberg_RACE,brake_temp,null_value,detection,0.0075,True
a8afa66be455,spielberg_RACE,rpm_alt,schema_drift,detection,0.0101,True
b499d46d11b1,spielberg_RACE,ecu_canbus,bit_flip_low,detection,0.0123,True
abc812f8e6b1,spielberg_RACE,aero_load,duplicate_timestamp,detection,0.0118,True
0e4758961a6b,spielberg_RACE,g_force_lateral,duplicate_timestamp,detection,0.0085,True
b0ab79513270,spielberg_RACE,aero_load_new,schema_drift,detection,0.0094,True
5e1b344c88d9,spielberg_RACE,tyre_pressure,string_in_numeric,detection,0.0047,True
986a6835ec1d,spielberg_RACE,heart_rate,null_value,detection,0.0074,True
06b6423e062e,spielberg_RACE,engine_temp_v2,schema_drift,detection,0.009,True
58b5dc4203d2,spielberg_RACE,throttle,string_in_numeric,detection,0.0047,True
666250a2e66a,spielberg_RACE,heart_rate,bit_flip_low,detection,0.0122,True
ba6541b1e64a,spielberg_RACE,brake_temp,sensor_dropout,detection,0.0071,True
d5635f5aecab,spielberg_RACE,ecu_canbus,bit_flip_high,detection,0.0122,True
0132ce0f5886,spielberg_RACE,g_force_lateral,duplicate_timestamp,detection,0.0083,True
6c550bf457cb,spielberg_RACE,aero_load,sensor_dropout,detection,0.0096,True
1df0ff2e4d5b,spielberg_RACE,aero_load_raw,schema_drift,detection,0.0093,True
ec4c506e0d8a,spielberg_RACE,throttle,bit_flip_high,detection,0.0132,True
d0b5af0a79ff,spielberg_RACE,brake_temp,sensor_dropout,detection,0.0073,True
b5b3fbff654d,spielberg_RACE,heart_rate,bit_flip_low,detection,0.013,True
cfe56f06690e,spielberg_RACE,rpm,null_value,detection,0.0074,True
c68bcbdbcf52,spielberg_RACE,throttle,duplicate_timestamp,detection,0.0086,True
b4f4b8d2dac3,spielberg_RACE,aero_load,duplicate_timestamp,detection,0.0081,True
17b0b49bcbda,spielberg_RACE,throttle,string_in_numeric,detection,0.0048,True
92cb6eba8403,spielberg_RACE,speed,bit_flip_high,detection,0.0127,True
57b33eca050b,spielberg_RACE,engine_temp,string_in_numeric,detection,0.0045,True
ffe26eec1d99,spielberg_RACE,throttle,bit_flip_low,detection,0.0126,True
6a7d4f814340,spielberg_RACE,brake_temp,null_value,detection,0.0075,True
768726223d6c,spielberg_RACE,g_force_lateral,sensor_dropout,detection,0.0071,True
2b3b1d0cca0e,spielberg_RACE,engine_temp,null_value,detection,0.0076,True
a867c97b02b9,spielberg_RACE,throttle,duplicate_timestamp,detection,0.0082,True
a481bcd4b8dc,spielberg_RACE,rpm_new,schema_drift,detection,0.0094,True
28471c7ad86f,spielberg_RACE,throttle,bit_flip_high,detection,0.0125,True
69db56b6cb10,spielberg_RACE,brake_temp,duplicate_timestamp,detection,0.0083,True
10aa90fe5ae3,spielberg_RACE,engine_temp,sensor_dropout,detection,0.0072,True
a7fd54e30d6e,spielberg_RACE,brake_temp,string_in_numeric,detection,0.0048,True
44be0522f93c,spielberg_RACE,engine_temp_canbus,schema_drift,detection,0.0095,True
8cd5e2a82305,spielberg_RACE,aero_load,null_value,detection,0.0075,True
18f030ca9323,spielberg_RACE,heart_rate,sensor_dropout,detection,0.0073,True
03c005612576,spielberg_RACE,speed,bit_flip_high,detection,0.0127,True
ca6ba5975ce9,spielberg_RACE,throttle,bit_flip_high,detection,0.0124,True
99154f886ae4,spielberg_RACE,aero_load,string_in_numeric,detection,0.0063,True
f7747ea1f7d9,spielberg_RACE,ecu_canbus,string_in_numeric,detection,0.0057,True
30c684ac2f74,spielberg_RACE,engine_temp_v2,schema_drift,detection,0.0112,True
1a18d20d0c76,spielberg_RACE,tyre_pressure,duplicate_timestamp,detection,0.0253,True
1164a822e10a,spielberg_RACE,engine_temp_new,schema_drift,detection,0.0091,True
3e72dde94d99,spielberg_RACE,rpm,duplicate_timestamp,detection,0.008,True
f69913543988,spielberg_RACE,engine_temp,null_value,detection,0.0072,True
a49ab7a37c75,spielberg_RACE,tyre_pressure,bit_flip_low,detection,0.0122,True
ad5299e0d73d,spielberg_RACE,speed,string_in_numeric,detection,0.0051,True
3b89595bf543,spielberg_RACE,rpm,sensor_dropout,detection,0.0084,True
df8a7e8c6aa3,spielberg_RACE,speed,string_in_numeric,detection,0.0046,True
b3360c08a5cc,spielberg_RACE,throttle,null_value,detection,0.0076,True
fa680e06d663,spielberg_RACE,engine_temp,duplicate_timestamp,detection,0.0083,True
3f8caa7cb2ca,spielberg_RACE,aero_load,null_value,detection,0.0169,True
6d3225f5a9cb,spielberg_RACE,heart_rate,sensor_dropout,detection,0.0075,True
20cd41d92514,spielberg_RACE,aero_load_new,schema_drift,detection,0.0098,True
885fa3624598,spielberg_RACE,speed,duplicate_timestamp,detection,0.0081,True
5a430f4b7e7f,spielberg_RACE,brake_temp_alt,schema_drift,detection,0.0114,True
ea1da52352bc,spielberg_RACE,engine_temp,bit_flip_high,detection,0.0143,True
6af170072d68,spielberg_RACE,ecu_canbus,sensor_dropout,detection,0.0074,True
db9738ef870c,spielberg_RACE,engine_temp,bit_flip_low,detection,0.0127,True
34668c6cee9d,silverstone_FP1,rpm_canbus,schema_drift,detection,0.0095,True
646c6d12c7ec,silverstone_FP1,throttle,bit_flip_low,detection,0.0128,True
07606ba89b0e,silverstone_FP1,throttle,null_value,detection,0.0078,True
ba2f09047912,silverstone_FP1,tyre_pressure,bit_flip_low,detection,0.0129,True
8bba9063847e,silverstone_FP1,tyre_pressure,bit_flip_high,detection,0.0118,True
bf7eef0c2ab5,silverstone_FP1,aero_load,string_in_numeric,detection,0.0166,True
7296c35564ac,silverstone_FP1,ecu_canbus,string_in_numeric,detection,0.0133,True
b8c0206560f2,silverstone_FP1,speed_new,schema_drift,detection,0.0251,True
ba5088cff961,silverstone_FP1,engine_temp,sensor_dropout,detection,0.0108,True
a596759e18c6,silverstone_FP1,speed,bit_flip_low,detection,0.0291,True
b12d9e5290f0,silverstone_FP1,aero_load,bit_flip_low,detection,0.0179,True
045768002d84,silverstone_FP1,tyre_pressure,bit_flip_high,detection,0.0175,True
5737276b07fa,silverstone_FP1,g_force_lateral,bit_flip_high,detection,0.0167,True
23809fa7708b,silverstone_FP1,rpm,duplicate_timestamp,detection,0.0114,True
b1f479b65d91,silverstone_FP1,heart_rate,duplicate_timestamp,detection,0.0117,True
acce64ee142f,silverstone_FP1,g_force_lateral,bit_flip_high,detection,0.0177,True
03db898381f2,silverstone_FP1,heart_rate,bit_flip_high,detection,0.0186,True
f206c7e55fd8,silverstone_FP1,rpm,sensor_dropout,detection,0.0102,True
7f146d62e692,silverstone_FP1,throttle,null_value,detection,0.0103,True
1f63d118c0c0,silverstone_FP1,speed_new,schema_drift,detection,0.0143,True
fadffe609728,silverstone_FP1,ecu_canbus_canbus,schema_drift,detection,0.0138,True
0b865e0b17a3,silverstone_FP1,throttle,duplicate_timestamp,detection,0.0129,True
0c630f13a18b,silverstone_FP1,throttle,bit_flip_low,detection,0.0196,True
5e43c8da6dd5,silverstone_FP1,aero_load,duplicate_timestamp,detection,0.0124,True
a1831480ff13,silverstone_FP1,g_force_lateral,sensor_dropout,detection,0.0111,True
024141534522,silverstone_FP1,g_force_lateral,bit_flip_high,detection,0.0183,True
b1e3c8a911e6,silverstone_FP1,throttle,bit_flip_high,detection,0.0187,True
a903f847556d,silverstone_FP1,aero_load,bit_flip_high,detection,0.0187,True
df0c0078c6c6,silverstone_FP1,ecu_canbus_raw,schema_drift,detection,0.0127,True
b9360fa43eff,silverstone_FP1,engine_temp,bit_flip_high,detection,0.0165,True
e7c73d9e6192,silverstone_FP1,tyre_pressure,duplicate_timestamp,detection,0.0107,True
ebb3f314b8d6,silverstone_FP1,engine_temp,bit_flip_high,detection,0.0138,True
1119ba37151e,silverstone_FP1,ecu_canbus_canbus,schema_drift,detection,0.0105,True
573bd6a9f522,silverstone_FP1,rpm,bit_flip_high,detection,0.0145,True
3880250ace7b,silverstone_FP1,throttle,bit_flip_low,detection,0.014,True
e15e4611d569,silverstone_FP1,speed,bit_flip_low,detection,0.0186,True
f39f2828faec,silverstone_FP1,speed,sensor_dropout,detection,0.0075,True
759730a5c098,silverstone_FP1,aero_load,bit_flip_low,detection,0.0136,True
1b662b15ca68,silverstone_FP1,ecu_canbus,bit_flip_low,detection,0.013,True
cf6e874173cd,silverstone_FP1,g_force_lateral_v2,schema_drift,detection,0.0094,True
09622f28c31c,silverstone_FP1,engine_temp,duplicate_timestamp,detection,0.0087,True
8a3f7c9098a2,silverstone_FP1,rpm,sensor_dropout,detection,0.0077,True
9c9e05fd8230,silverstone_FP1,tyre_pressure,bit_flip_low,detection,0.0126,True
5791b212a430,silverstone_FP1,rpm,null_value,detection,0.0074,True
414e184816e1,silverstone_FP1,aero_load,sensor_dropout,detection,0.0074,True
72717123660f,silverstone_FP1,engine_temp,sensor_dropout,detection,0.0073,True
bf65b9a7878d,silverstone_FP1,tyre_pressure_v2,schema_drift,detection,0.0094,True
1f9ad25c6d75,silverstone_FP1,g_force_lateral,bit_flip_low,detection,0.0122,True
d2cef1c33e26,silverstone_FP1,speed,null_value,detection,0.0074,True
67d00dcebafd,silverstone_FP1,speed,bit_flip_low,detection,0.0129,True
10be29c386dc,silverstone_FP1,tyre_pressure,bit_flip_high,detection,0.0121,True
7960f886f65c,silverstone_FP1,heart_rate,null_value,detection,0.0113,True
d1b336ba9d7e,silverstone_FP1,throttle,bit_flip_high,detection,0.0173,True
d10227ba0a1e,silverstone_FP1,brake_temp,sensor_dropout,detection,0.011,True
b885e32a2d7b,silverstone_FP1,aero_load,sensor_dropout,detection,0.0096,True
89f8fc6630cd,silverstone_FP1,g_force_lateral,null_value,detection,0.0078,True
135ab893afa4,silverstone_FP1,aero_load,string_in_numeric,detection,0.0051,True
caa2ee88f352,silverstone_FP1,speed,null_value,detection,0.008,True
1fcf54d2b85f,silverstone_FP1,ecu_canbus,bit_flip_high,detection,0.0137,True
a691913657d3,silverstone_FP1,ecu_canbus,duplicate_timestamp,detection,0.0098,True
8e0a51cfa60e,silverstone_FP1,rpm,null_value,detection,0.0081,True
06185c905eed,silverstone_FP1,brake_temp,bit_flip_high,detection,0.0132,True
73b38aad8f4b,silverstone_FP1,aero_load_canbus,schema_drift,detection,0.0099,True
ce15eea6e2d3,silverstone_FP1,speed,bit_flip_low,detection,0.0134,True
a5183264c667,silverstone_FP1,tyre_pressure,bit_flip_low,detection,0.0129,True
169e4c4d8df1,silverstone_FP1,rpm,null_value,detection,0.0075,True
d387ece44467,silverstone_FP1,brake_temp_new,schema_drift,detection,0.0098,True
d2096bbc649a,silverstone_FP1,throttle_v2,schema_drift,detection,0.0101,True
a09e34f55c13,silverstone_FP1,brake_temp,sensor_dropout,detection,0.0076,True
d7be7f8a8e35,silverstone_FP1,ecu_canbus,bit_flip_high,detection,0.0097,True
fafdcaa573ce,silverstone_FP1,throttle,bit_flip_high,detection,0.0129,True
eb91bca81c6a,silverstone_FP1,tyre_pressure,bit_flip_high,detection,0.0123,True
687f716fe0a9,silverstone_FP1,ecu_canbus,string_in_numeric,detection,0.0053,True
0f7cfd11d825,silverstone_FP1,throttle,null_value,detection,0.0082,True
9f80225db336,silverstone_FP1,brake_temp,bit_flip_high,detection,0.0126,True
e3469b1078b2,silverstone_FP1,engine_temp,null_value,detection,0.0282,True
e38bf81effe8,silverstone_FP1,speed,bit_flip_high,detection,0.0165,True
5d1c8537c4ae,silverstone_FP1,g_force_lateral,string_in_numeric,detection,0.005,True
4cd78a9d74f2,silverstone_FP1,throttle,null_value,detection,0.0079,True
7e5bfcd3d6c1,silverstone_FP1,tyre_pressure,duplicate_timestamp,detection,0.0091,True
2efe619ecc7a,silverstone_FP1,tyre_pressure_v2,schema_drift,detection,0.0098,True
ae6e4b5c1faa,silverstone_FP1,g_force_lateral,bit_flip_low,detection,0.013,True
11b69e132fe2,silverstone_FP1,ecu_canbus,null_value,detection,0.008,True
b87569506064,silverstone_FP1,rpm,null_value,detection,0.0079,True
8e7d2c8b23be,silverstone_FP1,ecu_canbus_raw,schema_drift,detection,0.0098,True
7bca920de982,silverstone_FP1,engine_temp,string_in_numeric,detection,0.0049,True
c5eabde294ed,silverstone_FP1,tyre_pressure,string_in_numeric,detection,0.005,True
d920f403c509,silverstone_FP1,ecu_canbus_new,schema_drift,detection,0.0094,True
15da5a836e90,silverstone_FP1,rpm,bit_flip_low,detection,0.0372,True
77d0af56807a,silverstone_FP1,brake_temp,string_in_numeric,detection,0.0077,True
2500b20fe0ec,silverstone_FP1,heart_rate,duplicate_timestamp,detection,0.0137,True
81c30b21d0a6,silverstone_FP1,g_force_lateral,bit_flip_low,detection,0.0125,True
45f4d078a606,silverstone_FP1,engine_temp,sensor_dropout,detection,0.0198,True
e12accb59890,silverstone_FP1,aero_load,string_in_numeric,detection,0.0055,True
d5ab88bed20b,silverstone_FP1,brake_temp,bit_flip_low,detection,0.0151,True
372781f16ce3,silverstone_FP1,ecu_canbus,bit_flip_low,detection,0.0094,False
e65ea32e361e,silverstone_FP1,heart_rate,sensor_dropout,detection,0.0078,True
523b360b8270,silverstone_FP1,engine_temp,duplicate_timestamp,detection,0.0111,True
b96cc3cd36fd,silverstone_FP1,ecu_canbus,bit_flip_high,detection,0.017,True
5a6fb30c19f3,silverstone_FP1,g_force_lateral,bit_flip_low,detection,0.0178,True
f899555b62af,silverstone_FP1,throttle,bit_flip_high,detection,0.015,True
7b3f302dd8b4,silverstone_FP1,heart_rate,null_value,detection,0.008,True
3bedfe2510a1,silverstone_FP1,rpm,duplicate_timestamp,detection,0.0096,True
39c7a5e3e04e,silverstone_FP1,throttle,null_value,detection,0.0087,True
761fa1a31d80,silverstone_FP1,heart_rate,bit_flip_low,detection,0.0385,True
23964579dbec,silverstone_FP1,ecu_canbus,bit_flip_low,detection,0.0326,True
60b87e511cd2,silverstone_FP1,aero_load,null_value,detection,0.0094,True
1e05c25a2834,silverstone_FP1,heart_rate,bit_flip_low,detection,0.0128,True
e4144725428b,silverstone_FP1,speed,bit_flip_high,detection,0.0126,True
2520e51954d1,silverstone_FP1,speed,sensor_dropout,detection,0.0076,True
b1d7859394a3,silverstone_FP1,brake_temp,duplicate_timestamp,detection,0.0086,True
63f48826fb4f,silverstone_FP1,aero_load,bit_flip_low,detection,0.013,True
ae0964956b0e,silverstone_FP1,heart_rate,bit_flip_high,detection,0.0134,True
e1ddba9ee796,silverstone_FP1,speed,sensor_dropout,detection,0.0123,True
3fb4468f3d67,silverstone_FP1,engine_temp_new,schema_drift,detection,0.0097,True
49fdcae4f55c,silverstone_FP1,engine_temp_alt,schema_drift,detection,0.0096,True
b425793d4708,silverstone_FP1,g_force_lateral,sensor_dropout,detection,0.0078,True
91e098741856,silverstone_FP1,speed,bit_flip_high,detection,0.0137,True
90dbee616d94,silverstone_FP1,heart_rate,sensor_dropout,detection,0.0079,True
ba4ff1a5360c,silverstone_FP1,throttle_new,schema_drift,detection,0.0121,True
bf33b5ce18fe,silverstone_FP1,g_force_lateral_new,schema_drift,detection,0.0095,True
e4ce5133b685,silverstone_FP1,engine_temp,bit_flip_low,detection,0.0126,True
845d7eeda3b4,silverstone_FP1,throttle,duplicate_timestamp,detection,0.0083,True
1b945cb7237c,silverstone_FP1,aero_load,duplicate_timestamp,detection,0.0093,True
a4c700ee2bc1,silverstone_FP1,rpm,string_in_numeric,detection,0.006,True
a6667f1b69ec,silverstone_FP1,throttle_alt,schema_drift,detection,0.0137,True
5bcf71a53e72,silverstone_FP1,g_force_lateral,duplicate_timestamp,detection,0.0105,True
ce4457c4023c,silverstone_FP1,brake_temp,bit_flip_low,detection,0.0158,True
667cc5d65fdb,silverstone_FP1,aero_load,bit_flip_high,detection,0.0179,True
01e9b41661ff,silverstone_FP1,g_force_lateral,sensor_dropout,detection,0.0088,True
ea98a4ef9423,silverstone_FP1,engine_temp,string_in_numeric,detection,0.0049,True
8bc69769ecc7,silverstone_FP1,engine_temp_v2,schema_drift,detection,0.0093,True
0509a4158557,silverstone_FP1,speed,bit_flip_low,detection,0.0146,True
a31ec83ec89d,silverstone_FP1,throttle,null_value,detection,0.0079,True
f8db92ab8996,silverstone_FP1,g_force_lateral,string_in_numeric,detection,0.005,True
09d02a17958a,silverstone_FP1,heart_rate,bit_flip_high,detection,0.0128,True
933577cbd363,silverstone_FP1,rpm,sensor_dropout,detection,0.0073,True
b4b5b1dd4a1d,silverstone_FP1,brake_temp_v2,schema_drift,detection,0.0093,True
5d7eb8564103,silverstone_FP1,brake_temp,string_in_numeric,detection,0.0045,True
4725ca7a2484,silverstone_FP1,heart_rate,null_value,detection,0.0078,True
83878424283b,silverstone_FP1,speed,null_value,detection,0.0074,True
656d06e5de84,silverstone_FP1,brake_temp,string_in_numeric,detection,0.0049,True
505298ca1ef9,silverstone_FP1,aero_load,null_value,detection,0.0076,True
4f2fb8164c04,silverstone_FP1,ecu_canbus,sensor_dropout,detection,0.0073,True
ceefbf47ed30,silverstone_FP1,g_force_lateral,string_in_numeric,detection,0.0049,True
c21ff1a8f287,silverstone_FP1,engine_temp,bit_flip_high,detection,0.0123,True
fb0eac91344d,silverstone_FP1,speed_v2,schema_drift,detection,0.0118,True
8fb5cd9c50ef,silverstone_FP1,brake_temp,duplicate_timestamp,detection,0.0107,True
d016f41c5b42,silverstone_FP1,g_force_lateral_raw,schema_drift,detection,0.0113,True
4f72d546d8d1,silverstone_FP1,rpm,null_value,detection,0.0079,True
066035256b52,silverstone_FP1,tyre_pressure_raw,schema_drift,detection,0.0121,True
43af0b91efa9,silverstone_FP1,ecu_canbus,null_value,detection,0.009,True
06ca3bebe0b5,silverstone_FP1,throttle,duplicate_timestamp,detection,0.0092,True
b8dd1bc52a5d,silverstone_FP1,tyre_pressure,bit_flip_low,detection,0.0124,True
8e8ec495b9d7,silverstone_FP1,rpm_canbus,schema_drift,detection,0.0105,True
9cede6b6469d,silverstone_FP1,heart_rate,null_value,detection,0.0087,True
6ca3543f4a9d,silverstone_FP1,rpm_v2,schema_drift,detection,0.0284,True
3b20c51a00db,silverstone_FP1,aero_load_canbus,schema_drift,detection,0.0095,True
e06af41c615e,silverstone_FP1,heart_rate,sensor_dropout,detection,0.0075,True
309aced089df,silverstone_FP1,speed,string_in_numeric,detection,0.0055,True
0db9b76d071a,silverstone_FP1,rpm,bit_flip_low,detection,0.0161,True
7e1f89c986cb,silverstone_FP1,tyre_pressure,null_value,detection,0.0076,True
1ed867e9e036,silverstone_FP1,g_force_lateral,duplicate_timestamp,detection,0.0094,True
b07a8dc2734e,silverstone_FP1,speed_canbus,schema_drift,detection,0.0264,True
dec9be3a2efa,silverstone_FP1,engine_temp,string_in_numeric,detection,0.0046,True
2d15582a4dad,silverstone_FP1,brake_temp,bit_flip_high,detection,0.0146,True
e15b4d10cd6f,silverstone_FP1,tyre_pressure,null_value,detection,0.0073,True
c872cacf2377,silverstone_FP1,engine_temp,bit_flip_high,detection,0.0142,True
1244d8ec2758,silverstone_FP1,ecu_canbus,string_in_numeric,detection,0.0046,True
4655192f21aa,silverstone_FP1,throttle,null_value,detection,0.0073,True
87397610712c,silverstone_FP1,heart_rate,bit_flip_high,detection,0.0125,True
de5e81bc6e22,silverstone_FP1,g_force_lateral,duplicate_timestamp,detection,0.0088,True
34c406c409d9,silverstone_FP1,g_force_lateral,duplicate_timestamp,detection,0.0086,True
d6c532f50084,silverstone_FP1,rpm_raw,schema_drift,detection,0.0112,True
5e076736d7c7,silverstone_FP1,throttle,null_value,detection,0.0084,True
4040f26c004c,silverstone_FP1,rpm,duplicate_timestamp,detection,0.0107,True
95348d4b8f26,silverstone_FP1,engine_temp,duplicate_timestamp,detection,0.0098,True
98348dbc9c3f,silverstone_FP1,speed,bit_flip_low,detection,0.0141,True
1d3875b05861,silverstone_FP1,rpm,string_in_numeric,detection,0.0052,True
5477952a74e4,silverstone_FP1,tyre_pressure,sensor_dropout,detection,0.0079,True
f5aabaf46195,silverstone_FP1,heart_rate,duplicate_timestamp,detection,0.0081,True
0d6375c82a0f,silverstone_FP1,speed,sensor_dropout,detection,0.0083,True
89481ebdb701,silverstone_FP1,rpm,bit_flip_high,detection,0.0136,True
3494fbcc82a3,silverstone_FP1,ecu_canbus_canbus,schema_drift,detection,0.0164,True
4027d5b14ac5,silverstone_FP1,rpm,null_value,detection,0.0121,True
47adde557188,silverstone_FP1,throttle,sensor_dropout,detection,0.0127,True
cba7a24d63d6,silverstone_FP1,brake_temp,bit_flip_low,detection,0.022,True
f0b45de5483a,silverstone_FP1,aero_load,bit_flip_high,detection,0.0129,True
2e0500f18492,silverstone_FP1,heart_rate,null_value,detection,0.0074,True
87e3d8d5f709,silverstone_FP1,ecu_canbus,sensor_dropout,detection,0.0076,True
d70ee924ffa2,silverstone_FP1,aero_load,null_value,detection,0.0077,True
9e5b775967c1,silverstone_FP1,tyre_pressure,string_in_numeric,detection,0.0051,True
d04cebb6e654,silverstone_FP1,tyre_pressure,string_in_numeric,detection,0.005,True
8f300ccd0b21,silverstone_FP1,rpm,bit_flip_high,detection,0.0132,True
6e641f8616bb,silverstone_FP1,aero_load,bit_flip_high,detection,0.0142,True
08ba65cb2aa1,silverstone_FP1,rpm,bit_flip_high,detection,0.0137,True
61bb2e515584,silverstone_FP1,tyre_pressure,string_in_numeric,detection,0.0056,True
1d9a9baa07c1,silverstone_FP1,tyre_pressure,null_value,detection,0.0092,True
e92ed4dcec6a,silverstone_FP1,brake_temp,string_in_numeric,detection,0.0046,True
41cc45cc8639,silverstone_FP1,speed,string_in_numeric,detection,0.0048,True
08379abf7fdc,silverstone_FP1,aero_load,sensor_dropout,detection,0.0072,True
d1ee56c08022,silverstone_FP1,rpm,duplicate_timestamp,detection,0.0082,True
7901a1f64dbc,silverstone_FP1,aero_load_canbus,schema_drift,detection,0.0091,True
40c841368628,silverstone_FP1,tyre_pressure,null_value,detection,0.0079,True
9ce72ad4f892,silverstone_FP1,g_force_lateral,string_in_numeric,detection,0.0046,True
b5798e547f7b,silverstone_FP1,heart_rate,bit_flip_high,detection,0.0126,True
bce8c1250ec6,silverstone_FP1,throttle,duplicate_timestamp,detection,0.0095,True
51373d894462,silverstone_FP1,tyre_pressure,duplicate_timestamp,detection,0.0086,True
4a684a819ffe,silverstone_FP1,heart_rate,sensor_dropout,detection,0.0076,True
1570a423d0dd,silverstone_FP1,throttle,string_in_numeric,detection,0.0046,True
a0062421ac2f,silverstone_FP1,engine_temp,null_value,detection,0.0072,True
3981af532dd5,silverstone_FP1,ecu_canbus,bit_flip_high,detection,0.013,True
f237aefa4bc3,silverstone_FP1,aero_load,string_in_numeric,detection,0.0049,True
6b983e2b062f,silverstone_FP1,heart_rate,bit_flip_high,detection,0.014,True
d979a98e766c,silverstone_FP1,rpm,bit_flip_low,detection,0.0132,True
017fb3afd25d,silverstone_FP1,ecu_canbus,string_in_numeric,detection,0.0052,True
69818acb9714,silverstone_FP1,brake_temp,bit_flip_high,detection,0.0194,True
d9f3243bb4df,silverstone_FP1,engine_temp,string_in_numeric,detection,0.0076,True
2f38a7496a07,silverstone_FP1,speed,sensor_dropout,detection,0.0094,True
4d5b604f1317,silverstone_FP1,rpm,string_in_numeric,detection,0.0056,True
bf58844a956a,silverstone_FP1,g_force_lateral,string_in_numeric,detection,0.0057,True
ce5b344bb0da,silverstone_FP1,brake_temp,sensor_dropout,detection,0.0076,True
89e62646cd53,silverstone_FP1,rpm,sensor_dropout,detection,0.0078,True
ee55f3cc58b0,silverstone_FP1,engine_temp,duplicate_timestamp,detection,0.0084,True
f8dba8cde73f,silverstone_FP1,aero_load,string_in_numeric,detection,0.0047,True
5f1dd7e5cb44,silverstone_FP1,rpm_v2,schema_drift,detection,0.0095,True
6cf27c5dc170,silverstone_FP1,rpm_new,schema_drift,detection,0.0096,True
48addb059770,silverstone_FP1,engine_temp,duplicate_timestamp,detection,0.0081,True
fadf550e7ff2,silverstone_FP1,aero_load,null_value,detection,0.0069,True
974da47998ec,silverstone_FP1,tyre_pressure,bit_flip_high,detection,0.0124,True
7deca596504b,silverstone_FP1,g_force_lateral,null_value,detection,0.0071,True
7118f64a746c,silverstone_FP1,speed_raw,schema_drift,detection,0.0097,True
81e31497dacd,silverstone_FP1,throttle,duplicate_timestamp,detection,0.0095,True
cd25ec4e8c4d,silverstone_FP1,g_force_lateral_new,schema_drift,detection,0.009,True
717a0e46563d,silverstone_FP1,engine_temp,bit_flip_high,detection,0.0125,True
19a295d763a5,silverstone_FP1,speed,string_in_numeric,detection,0.0048,True
8fdb573ec76f,silverstone_FP1,rpm,null_value,detection,0.0076,True
421836000505,silverstone_FP1,throttle,string_in_numeric,detection,0.0046,True
102611c1b7a2,silverstone_FP1,rpm,bit_flip_low,detection,0.0128,True
bd17c4b878e1,silverstone_FP1,heart_rate,string_in_numeric,detection,0.0045,True
23cd12a4a39c,silverstone_FP1,speed_canbus,schema_drift,detection,0.01,True
aca13bc12df5,silverstone_FP1,aero_load,duplicate_timestamp,detection,0.0138,True
2de0e2988d2e,silverstone_FP1,speed,string_in_numeric,detection,0.0048,True
8d1486adf840,silverstone_FP1,ecu_canbus,string_in_numeric,detection,0.0046,True
31da7fbd8a4f,silverstone_FP1,tyre_pressure,bit_flip_high,detection,0.0126,True
7ac37a76d944,silverstone_FP1,rpm,sensor_dropout,detection,0.0076,True
fbe434c776ac,silverstone_FP1,throttle,bit_flip_low,detection,0.0127,True
8e568d8cde98,silverstone_FP1,throttle_v2,schema_drift,detection,0.0098,True
0ccb124e94a6,silverstone_FP1,brake_temp_raw,schema_drift,detection,0.0091,True
3c4fe6d48523,silverstone_FP1,heart_rate,bit_flip_high,detection,0.0127,True
493ce4f10105,silverstone_FP1,engine_temp,duplicate_timestamp,detection,0.0084,True
98c4cd15a6d7,silverstone_FP1,ecu_canbus,bit_flip_low,detection,0.0098,True
514940a785f4,silverstone_FP1,speed,bit_flip_low,detection,0.0129,True
e9859681680e,silverstone_FP1,heart_rate,bit_flip_high,detection,0.0125,True
575b25fdd870,silverstone_FP1,g_force_lateral,null_value,detection,0.0078,True
ee6f54413eee,silverstone_FP1,engine_temp_raw,schema_drift,detection,0.031,True
9572abfd7b2b,silverstone_FP1,tyre_pressure,string_in_numeric,detection,0.0054,True
4e896ca65621,silverstone_FP1,g_force_lateral,duplicate_timestamp,detection,0.0089,True
39268f4285d2,silverstone_FP1,aero_load,null_value,detection,0.0075,True
9c342453c3c6,silverstone_FP1,throttle,string_in_numeric,detection,0.0047,True
6983b80f000d,silverstone_FP1,brake_temp,sensor_dropout,detection,0.0082,True
c6e66bb7f482,silverstone_FP1,ecu_canbus,bit_flip_low,detection,0.0144,True
6d17bd2666bc,silverstone_FP1,heart_rate,string_in_numeric,detection,0.0051,True
ab4a3acd8c58,silverstone_FP1,rpm,duplicate_timestamp,detection,0.0085,True
f4a8907b42cd,silverstone_FP1,aero_load,null_value,detection,0.0077,True
f9986ea00bfd,silverstone_FP1,g_force_lateral,string_in_numeric,detection,0.0072,True
efbfb65b6ead,silverstone_FP1,throttle_alt,schema_drift,detection,0.0102,True
c0193c02d8bb,silverstone_FP1,brake_temp,string_in_numeric,detection,0.0048,True
582a6d74d827,silverstone_FP1,g_force_lateral,string_in_numeric,detection,0.0047,True
5627982d61b3,silverstone_FP1,aero_load_new,schema_drift,detection,0.0096,True
c60b34d3795f,silverstone_FP1,engine_temp,bit_flip_high,detection,0.0128,True
0608fe759c5f,silverstone_FP1,rpm,bit_flip_low,detection,0.013,True
2505e6a57489,silverstone_FP1,heart_rate_v2,schema_drift,detection,0.0095,True
c25b135be886,silverstone_FP1,speed_canbus,schema_drift,detection,0.0104,True
a5a705e30755,silverstone_FP1,g_force_lateral_v2,schema_drift,detection,0.0093,True
6ae417693e58,silverstone_FP1,brake_temp,bit_flip_high,detection,0.0128,True
df7797c0de3b,silverstone_FP1,engine_temp,string_in_numeric,detection,0.0048,True
425b4d141929,silverstone_FP1,ecu_canbus,duplicate_timestamp,detection,0.0083,True
e832ce6ed0e9,silverstone_FP1,rpm,null_value,detection,0.0072,True
75f23ea65487,silverstone_FP1,engine_temp,bit_flip_high,detection,0.0122,True
cf03322ac1f3,silverstone_FP1,ecu_canbus,duplicate_timestamp,detection,0.0088,True
ad9ca9c3f6af,silverstone_FP1,g_force_lateral,bit_flip_high,detection,0.0133,True
6f978784e696,silverstone_FP1,ecu_canbus_canbus,schema_drift,detection,0.0096,True
8e97f3a15a03,silverstone_FP1,g_force_lateral,bit_flip_low,detection,0.0122,True
79e40c7f42c7,silverstone_FP1,brake_temp,duplicate_timestamp,detection,0.0084,True
b45c0b70d524,silverstone_FP1,tyre_pressure,sensor_dropout,detection,0.0076,True
ae0f65abfeca,silverstone_FP1,ecu_canbus,bit_flip_high,detection,0.0126,True
285f01aa7df3,silverstone_FP1,rpm,null_value,detection,0.008,True
174bf66d385a,silverstone_FP1,aero_load,string_in_numeric,detection,0.0046,True
e77a8f429bf3,silverstone_FP1,g_force_lateral,sensor_dropout,detection,0.0079,True
19afa58cd0c3,silverstone_FP1,brake_temp_canbus,schema_drift,detection,0.0095,True
9a319568ad38,silverstone_FP1,engine_temp_new,schema_drift,detection,0.0091,True
33e87a63b9c2,silverstone_FP1,throttle,duplicate_timestamp,detection,0.008,True
8c026b50f55f,silverstone_FP1,engine_temp,null_value,detection,0.0084,True
d6adbfcecc32,silverstone_FP1,engine_temp,bit_flip_high,detection,0.0129,True
33214bad332b,silverstone_FP1,tyre_pressure,duplicate_timestamp,detection,0.0085,True
c2edde48c147,silverstone_FP1,tyre_pressure,string_in_numeric,detection,0.0049,True
1b5419d8bd4f,silverstone_FP1,speed,duplicate_timestamp,detection,0.0083,True
56586d2d362d,silverstone_FP1,aero_load,null_value,detection,0.026,True
47b5d8e67bcc,silverstone_FP1,brake_temp,duplicate_timestamp,detection,0.0088,True
9ea5aa69a68c,silverstone_FP1,engine_temp,bit_flip_high,detection,0.0128,True
34fbf1a4f216,silverstone_FP1,ecu_canbus_raw,schema_drift,detection,0.0091,True
719f995d54e5,silverstone_FP1,rpm,string_in_numeric,detection,0.0045,True
8cd39e9d3048,silverstone_FP1,tyre_pressure,bit_flip_low,detection,0.0129,True
7960ad5cd6e2,silverstone_FP1,brake_temp,sensor_dropout,detection,0.0072,True
8f78bf293135,silverstone_FP1,engine_temp,bit_flip_low,detection,0.0128,True
1fe6aacea160,silverstone_FP1,speed_new,schema_drift,detection,0.0095,True
da7d876a2f76,silverstone_FP1,throttle,bit_flip_high,detection,0.0125,True
820b427d6b8b,silverstone_FP1,brake_temp,bit_flip_low,detection,0.0121,True
f0d45a2c5d5b,silverstone_FP1,g_force_lateral,bit_flip_high,detection,0.012,True
a391e8aa0ab6,silverstone_FP1,heart_rate_canbus,schema_drift,detection,0.014,True
cff696c4f782,silverstone_FP1,heart_rate,bit_flip_high,detection,0.0129,True
0e55171956f2,silverstone_FP1,speed,sensor_dropout,detection,0.0076,True
45e047c26edd,silverstone_FP1,g_force_lateral,string_in_numeric,detection,0.0046,True
c7bf05737ee5,silverstone_FP1,heart_rate,bit_flip_low,detection,0.0133,True
ee08c2173c98,silverstone_FP1,brake_temp_v2,schema_drift,detection,0.0089,True
e518a34b8f15,silverstone_FP1,heart_rate,null_value,detection,0.0075,True
8f9643ee6301,silverstone_FP1,aero_load,bit_flip_high,detection,0.0164,True
d4f7567d6cd0,silverstone_FP1,engine_temp,duplicate_timestamp,detection,0.0086,True
a57e259b33fc,silverstone_FP1,aero_load,bit_flip_high,detection,0.0131,True
edaf671de73a,silverstone_FP1,tyre_pressure,duplicate_timestamp,detection,0.0091,True
b3a8a18e4ba6,silverstone_FP1,tyre_pressure,bit_flip_low,detection,0.0123,True
a1445d400fd5,silverstone_FP1,ecu_canbus,bit_flip_low,detection,0.0124,True
5f9e0c29558c,silverstone_FP1,speed_new,schema_drift,detection,0.0095,True
6e840e2c3ca9,silverstone_FP1,speed,bit_flip_high,detection,0.0127,True
3d68d47dcb4c,silverstone_FP1,rpm,bit_flip_high,detection,0.0343,True
d32e85ce1588,silverstone_FP1,aero_load,sensor_dropout,detection,0.0297,True
8cca8534b9ce,silverstone_FP1,tyre_pressure,null_value,detection,0.0086,True
1c3bd64cf223,silverstone_FP1,heart_rate,sensor_dropout,detection,0.0082,True
ec33bad2ea98,silverstone_FP1,engine_temp,bit_flip_low,detection,0.0123,True
9e236c0b2eaf,silverstone_FP1,ecu_canbus,duplicate_timestamp,detection,0.0086,True
4fe7c0116df0,silverstone_FP1,tyre_pressure,null_value,detection,0.0076,True
15f99353df0b,silverstone_FP1,heart_rate,duplicate_timestamp,detection,0.0083,True
1511d3af1632,silverstone_FP1,g_force_lateral,duplicate_timestamp,detection,0.0081,True
fe573d4def67,silverstone_FP1,rpm_v2,schema_drift,detection,0.0102,True
17d084f6025e,silverstone_FP1,throttle,sensor_dropout,detection,0.0075,True
fcf45a756475,silverstone_FP1,tyre_pressure,bit_flip_high,detection,0.013,True
ccbf15544a51,silverstone_FP1,heart_rate,string_in_numeric,detection,0.0049,True
9f82887b7b9c,silverstone_FP1,engine_temp,bit_flip_high,detection,0.0129,True
5e9e90608dcc,silverstone_FP1,g_force_lateral,duplicate_timestamp,detection,0.0086,True
dace00f648ab,silverstone_FP1,speed,null_value,detection,0.0079,True
fa43839d414e,silverstone_FP1,tyre_pressure,duplicate_timestamp,detection,0.0082,True
6da60e7c9696,silverstone_FP1,throttle,bit_flip_low,detection,0.0133,True
1edfaa7c467b,silverstone_FP1,speed,string_in_numeric,detection,0.0049,True
10b5b96dc00d,silverstone_FP1,heart_rate,bit_flip_low,detection,0.0128,True
51367da43aeb,silverstone_FP1,g_force_lateral_v2,schema_drift,detection,0.0097,True
f07ef09470c2,silverstone_FP1,speed,null_value,detection,0.0078,True
58e00dd3542b,silverstone_FP1,aero_load_v2,schema_drift,detection,0.0145,True
9518d77fcb6b,silverstone_FP1,ecu_canbus,sensor_dropout,detection,0.0085,True
c132b59bf14e,silverstone_FP1,heart_rate,sensor_dropout,detection,0.008,True
4c227627a8af,silverstone_FP1,g_force_lateral,duplicate_timestamp,detection,0.009,True
757821240656,silverstone_FP1,brake_temp,null_value,detection,0.0078,True
fd0c19b6f280,silverstone_FP1,speed,sensor_dropout,detection,0.0077,True
c693ae307cc0,silverstone_FP1,ecu_canbus,bit_flip_low,detection,0.0135,True
4413a86eec30,silverstone_FP1,speed,bit_flip_low,detection,0.0133,True
dfdaa8528efe,silverstone_FP1,tyre_pressure,duplicate_timestamp,detection,0.0088,True
ef162658fafa,silverstone_FP1,g_force_lateral,bit_flip_high,detection,0.0146,True
80b15f74fc92,silverstone_FP1,rpm_v2,schema_drift,detection,0.0104,True
610d4b64c3ec,silverstone_FP1,brake_temp_canbus,schema_drift,detection,0.0096,True
03ea2ef15682,silverstone_FP1,engine_temp,bit_flip_high,detection,0.013,True
0c9408301aea,silverstone_FP1,ecu_canbus_new,schema_drift,detection,0.0092,True
57aaafb80613,silverstone_FP1,g_force_lateral,string_in_numeric,detection,0.0048,True
97048d8126e1,silverstone_FP1,speed,string_in_numeric,detection,0.0047,True
c48fb4a8e0a7,silverstone_FP1,engine_temp,sensor_dropout,detection,0.007,True
1bd7bbdd30f0,silverstone_FP1,tyre_pressure,null_value,detection,0.0076,True
71abe5b75a5e,silverstone_FP1,ecu_canbus,bit_flip_high,detection,0.0128,True
b242a022c365,silverstone_FP1,g_force_lateral,sensor_dropout,detection,0.0073,True
e0ecb3f8214d,silverstone_FP1,ecu_canbus,null_value,detection,0.0084,True
53a1a9f80b96,silverstone_FP1,heart_rate,bit_flip_low,detection,0.0131,True
56d3aebb3e79,silverstone_FP1,engine_temp,string_in_numeric,detection,0.0052,True
a5f51b2af087,silverstone_FP1,engine_temp,sensor_dropout,detection,0.0079,True
365a363b56e8,silverstone_FP1,heart_rate,duplicate_timestamp,detection,0.0081,True
ba324b110c20,silverstone_FP1,rpm,null_value,detection,0.0075,True
58782c51adc3,silverstone_FP1,engine_temp,bit_flip_low,detection,0.0127,True
ce855df1e43f,silverstone_FP1,brake_temp_v2,schema_drift,detection,0.0092,True
8fb789dfe16d,silverstone_FP1,g_force_lateral,null_value,detection,0.0073,True
4f9bc997a0e9,silverstone_FP1,engine_temp,bit_flip_high,detection,0.0128,True
73226e00c626,silverstone_FP1,heart_rate,duplicate_timestamp,detection,0.0134,True
7ececded3bcb,silverstone_FP1,tyre_pressure_alt,schema_drift,detection,0.0096,True
17d63bbd30de,silverstone_FP1,ecu_canbus,duplicate_timestamp,detection,0.012,True
4789b8b9cc26,silverstone_FP1,brake_temp,bit_flip_low,detection,0.0153,True
3835aad3e70b,silverstone_FP1,tyre_pressure,null_value,detection,0.0082,True
a130fd71a6d8,silverstone_FP1,speed,duplicate_timestamp,detection,0.0086,True
7d67bc3e63f9,silverstone_FP1,tyre_pressure,duplicate_timestamp,detection,0.0085,True
fb7ae6b2fdab,silverstone_FP1,g_force_lateral_v2,schema_drift,detection,0.0092,True
2172cc93c3a5,silverstone_FP1,heart_rate,bit_flip_low,detection,0.0125,True
db88b1c4287c,silverstone_FP1,speed,null_value,detection,0.0084,True
8415010fd401,silverstone_FP1,aero_load,string_in_numeric,detection,0.0049,True
7d214535d56c,silverstone_FP1,speed,duplicate_timestamp,detection,0.0095,True
e6308b879422,silverstone_FP1,engine_temp,bit_flip_high,detection,0.0165,True
db3304c54023,silverstone_FP1,ecu_canbus,duplicate_timestamp,detection,0.011,True
a7ad5cf807e0,silverstone_FP1,throttle,duplicate_timestamp,detection,0.0241,True
c97c777f82eb,silverstone_FP1,throttle,bit_flip_low,detection,0.0144,True
85ad0f05bffa,silverstone_FP1,brake_temp,sensor_dropout,detection,0.0223,True
62b1e0605fda,silverstone_FP1,aero_load,null_value,detection,0.008,True
44d94b45459d,silverstone_FP1,rpm,null_value,detection,0.0079,True
9c10a770d83c,silverstone_FP1,engine_temp_alt,schema_drift,detection,0.0103,True
0ecd497b546b,silverstone_FP1,tyre_pressure,null_value,detection,0.008,True
09dbc424e2be,silverstone_FP1,engine_temp,string_in_numeric,detection,0.0047,True
51deda3f7e5c,silverstone_FP1,g_force_lateral,null_value,detection,0.0076,True
82f6a01310ee,silverstone_FP1,throttle,null_value,detection,0.0076,True
a9e82c46bf38,silverstone_FP1,brake_temp,duplicate_timestamp,detection,0.0083,True
a6c722914f9f,silverstone_FP1,throttle,bit_flip_low,detection,0.0131,True
a4827296e409,silverstone_FP1,tyre_pressure_new,schema_drift,detection,0.0092,True
1a62ba517411,silverstone_FP1,aero_load,bit_flip_high,detection,0.013,True
f03b561f16eb,silverstone_FP1,g_force_lateral,sensor_dropout,detection,0.0079,True
3d96a9155076,silverstone_FP1,throttle,duplicate_timestamp,detection,0.0084,True
1d78b63bf7af,silverstone_FP1,engine_temp,null_value,detection,0.0079,True
50459c58c042,silverstone_FP1,ecu_canbus_raw,schema_drift,detection,0.0101,True
8fe32e77f67b,silverstone_FP1,speed,sensor_dropout,detection,0.0076,True
ef981857d076,silverstone_FP1,throttle,bit_flip_high,detection,0.0155,True
33d92ce439fd,silverstone_FP1,heart_rate,bit_flip_low,detection,0.0137,True
3e892635ea4f,silverstone_FP1,speed,bit_flip_low,detection,0.0131,True
b8c7c04a67fe,silverstone_FP1,speed,bit_flip_low,detection,0.0171,True
5fbc16d64478,silverstone_FP1,throttle,bit_flip_high,detection,0.0162,True
ab575194062e,silverstone_FP1,heart_rate_v2,schema_drift,detection,0.0119,True
29ea1ce58c53,silverstone_FP1,speed,bit_flip_low,detection,0.0128,True
5a418eae0d48,silverstone_FP1,rpm,sensor_dropout,detection,0.0073,True
0d58ce188df4,silverstone_FP1,throttle,bit_flip_high,detection,0.0197,True
67b15b54b561,silverstone_FP1,engine_temp,sensor_dropout,detection,0.0078,True
17c8cab8b78f,silverstone_FP1,heart_rate_v2,schema_drift,detection,0.0098,True
e2db24153712,silverstone_FP1,brake_temp,sensor_dropout,detection,0.0075,True
99c60effd5d5,silverstone_FP1,throttle,null_value,detection,0.0078,True
9de1d4ba17eb,silverstone_FP1,ecu_canbus,bit_flip_low,detection,0.0131,True
90df42576666,silverstone_FP1,heart_rate,bit_flip_high,detection,0.0135,True
68dbcb2e0b12,silverstone_FP1,rpm,bit_flip_low,detection,0.0194,True
5d07bb5646d9,silverstone_FP1,brake_temp,sensor_dropout,detection,0.0073,True
e41a22c8972e,silverstone_FP1,tyre_pressure,bit_flip_high,detection,0.0123,True
d863ab406fc5,silverstone_FP1,heart_rate_new,schema_drift,detection,0.0093,True
66c87d28d154,silverstone_FP1,g_force_lateral,bit_flip_low,detection,0.0124,True
5f0fa8a7bd63,silverstone_FP1,engine_temp,string_in_numeric,detection,0.0048,True
ca2e0c35cfc6,silverstone_FP1,tyre_pressure,sensor_dropout,detection,0.0074,True
7176bfe49bc1,silverstone_FP1,g_force_lateral,string_in_numeric,detection,0.0052,True
e179a1b0f011,silverstone_FP1,heart_rate,null_value,detection,0.0085,True
71df400b755a,silverstone_FP1,g_force_lateral,sensor_dropout,detection,0.0082,True
dfdf6e3de90c,silverstone_FP1,throttle_alt,schema_drift,detection,0.0125,True
e264a6baf7d3,silverstone_FP1,heart_rate,bit_flip_low,detection,0.0162,True
1a34f6fd5301,silverstone_FP1,engine_temp,sensor_dropout,detection,0.0076,True
2c2364298903,silverstone_FP1,tyre_pressure_alt,schema_drift,detection,0.0092,True
ab5f7b9bd51e,silverstone_FP1,heart_rate_new,schema_drift,detection,0.0095,True
8511ba7597ea,silverstone_FP1,g_force_lateral,bit_flip_high,detection,0.0122,True
799f0f383809,silverstone_FP1,brake_temp_alt,schema_drift,detection,0.011,True
85e9a2ba2930,silverstone_FP1,heart_rate,duplicate_timestamp,detection,0.0084,True
2e096be50779,silverstone_FP1,aero_load_v2,schema_drift,detection,0.0096,True
127aced2612d,silverstone_FP1,tyre_pressure,bit_flip_low,detection,0.0129,True
6e8e595e34d1,silverstone_FP1,ecu_canbus,null_value,detection,0.0073,True
f6bafb439d64,silverstone_FP1,heart_rate,bit_flip_high,detection,0.013,True
c669386bf818,silverstone_FP1,brake_temp,string_in_numeric,detection,0.0047,True
e2d701e34606,silverstone_FP1,aero_load,sensor_dropout,detection,0.0074,True
9e441e4474ec,silverstone_FP1,ecu_canbus_canbus,schema_drift,detection,0.0102,True
dce43b0a2905,silverstone_FP1,g_force_lateral_raw,schema_drift,detection,0.0091,True
dd62c7473b00,silverstone_FP1,throttle,bit_flip_high,detection,0.0128,True
0a454d8ad5c4,silverstone_FP1,aero_load_alt,schema_drift,detection,0.0098,True
0b88f49ba0c1,silverstone_FP1,heart_rate_new,schema_drift,detection,0.0091,True
8e6624a847ae,silverstone_FP1,speed,bit_flip_high,detection,0.013,True
055e1be2aeca,silverstone_FP1,engine_temp,string_in_numeric,detection,0.0047,True
a3d320cd6422,silverstone_FP1,aero_load,sensor_dropout,detection,0.0076,True
990f5aa5b2d8,silverstone_FP1,heart_rate,bit_flip_low,detection,0.0132,True
4040b14b32ba,silverstone_FP1,engine_temp,null_value,detection,0.008,True
41aa6f454686,silverstone_FP1,tyre_pressure,string_in_numeric,detection,0.0054,True
67db43d7ca44,silverstone_FP1,heart_rate,string_in_numeric,detection,0.0049,True
01fc5f4e4f71,silverstone_FP1,engine_temp,sensor_dropout,detection,0.0073,True
f2c438232c32,silverstone_FP1,rpm,duplicate_timestamp,detection,0.0091,True
ae5b6ef673ea,silverstone_FP1,tyre_pressure,null_value,detection,0.009,True
b7a0d5081d5b,silverstone_FP1,ecu_canbus,duplicate_timestamp,detection,0.0101,True
e135123a4447,silverstone_FP1,engine_temp,sensor_dropout,detection,0.0085,True
402a88e8959a,silverstone_FP1,brake_temp,null_value,detection,0.0076,True
9a55fd434278,silverstone_FP1,ecu_canbus_new,schema_drift,detection,0.0162,True
6636031a4952,silverstone_FP1,brake_temp,bit_flip_low,detection,0.0124,True
442241aa80b4,silverstone_FP1,ecu_canbus,bit_flip_low,detection,0.0095,True
510a48cf4a95,silverstone_FP1,tyre_pressure_new,schema_drift,detection,0.0096,True
37c5d403ad4f,silverstone_FP1,engine_temp,string_in_numeric,detection,0.0049,True
2780c3e266f6,silverstone_FP1,tyre_pressure,bit_flip_high,detection,0.0142,True
52ef8352b5a0,silverstone_FP1,engine_temp,bit_flip_high,detection,0.0127,True
2f4c0972e1b6,silverstone_FP1,engine_temp,bit_flip_high,detection,0.0122,True
fc04329904c8,silverstone_FP1,tyre_pressure_new,schema_drift,detection,0.0092,True
f80873f738c1,silverstone_FP1,ecu_canbus,bit_flip_low,detection,0.0099,False
d6fff715bc00,silverstone_FP1,tyre_pressure,bit_flip_high,detection,0.0142,True
6fb155c6dc77,silverstone_FP1,throttle,string_in_numeric,detection,0.005,True
df6896467e25,silverstone_FP1,tyre_pressure,bit_flip_low,detection,0.0123,True
c63e10e394f3,silverstone_FP1,ecu_canbus,bit_flip_high,detection,0.0127,True
7e5dd45c506f,silverstone_FP1,rpm,sensor_dropout,detection,0.008,True
4230db1bb74c,silverstone_FP1,tyre_pressure,string_in_numeric,detection,0.005,True
17bf84100fc4,silverstone_FP1,throttle_new,schema_drift,detection,0.0093,True
0fe27af07da6,silverstone_FP1,brake_temp,bit_flip_low,detection,0.0128,True
b8f11cd8c61a,silverstone_FP1,aero_load,duplicate_timestamp,detection,0.0082,True
3945477d4630,silverstone_FP1,aero_load,sensor_dropout,detection,0.0075,True
193fbbf25715,silverstone_FP1,ecu_canbus,string_in_numeric,detection,0.0047,True
641bf308419f,silverstone_FP1,engine_temp,duplicate_timestamp,detection,0.0097,True
0677173cd1d8,silverstone_FP1,tyre_pressure,duplicate_timestamp,detection,0.01,True
7e2051db106d,silverstone_FP1,speed,sensor_dropout,detection,0.0076,True
876bbad5e74e,silverstone_FP1,brake_temp,duplicate_timestamp,detection,0.0085,True
3378dc78e6f4,silverstone_FP1,aero_load,string_in_numeric,detection,0.0047,True
417b6a1cab62,silverstone_FP1,aero_load,sensor_dropout,detection,0.0077,True
24e9441d4e84,silverstone_FP1,speed,duplicate_timestamp,detection,0.008,True
d21dbffccc42,silverstone_FP1,heart_rate,bit_flip_low,detection,0.0124,True
5cf9bc2d1a2f,silverstone_FP1,throttle,bit_flip_high,detection,0.0098,False
2b49ff418f25,silverstone_FP1,speed_raw,schema_drift,detection,0.0097,True
b65b5eff376a,silverstone_FP1,brake_temp,null_value,detection,0.0145,True
ace7a8a301c2,silverstone_FP1,ecu_canbus,bit_flip_low,detection,0.0097,False
5b683c8bf938,silverstone_FP1,g_force_lateral_new,schema_drift,detection,0.0098,True
9a264a11ccc1,silverstone_FP1,tyre_pressure,duplicate_timestamp,detection,0.0091,True
dbe12132c7b0,silverstone_FP1,engine_temp,null_value,detection,0.0085,True
15a960542f25,silverstone_FP1,rpm,string_in_numeric,detection,0.0048,True
da01e1e56839,silverstone_FP1,rpm,bit_flip_high,detection,0.0132,True
039ff0e12455,silverstone_FP1,throttle,null_value,detection,0.0079,True
5e00b8109551,silverstone_FP1,brake_temp,duplicate_timestamp,detection,0.0081,True
a492370f4238,silverstone_FP1,g_force_lateral,duplicate_timestamp,detection,0.0094,True
1c9ea8576866,silverstone_FP1,throttle,duplicate_timestamp,detection,0.0088,True
4ae2a3e6474e,silverstone_FP1,tyre_pressure_new,schema_drift,detection,0.0209,True
8749fe3f5f54,silverstone_FP1,brake_temp,bit_flip_high,detection,0.0233,True
eab176d8669d,silverstone_FP1,tyre_pressure,bit_flip_high,detection,0.0227,True
7e05610a2a85,silverstone_FP1,throttle,sensor_dropout,detection,0.0136,True
4014be3105bd,silverstone_FP1,aero_load,bit_flip_high,detection,0.0317,True
e96025a08635,silverstone_FP1,throttle,sensor_dropout,detection,0.008,True
f610c02194d4,silverstone_FP1,g_force_lateral,bit_flip_high,detection,0.0124,True
dc29e7db748e,silverstone_FP1,rpm_alt,schema_drift,detection,0.011,True
30be807ce5ff,silverstone_FP1,tyre_pressure,sensor_dropout,detection,0.0081,True
4b0cfae422cc,silverstone_FP1,brake_temp,sensor_dropout,detection,0.013,True
968d52c753c0,silverstone_FP1,speed,string_in_numeric,detection,0.008,True
abf778b0317b,silverstone_FP1,throttle,sensor_dropout,detection,0.0119,True
b11b89784953,silverstone_FP1,tyre_pressure,bit_flip_high,detection,0.0125,True
381f089c3814,silverstone_FP1,throttle,duplicate_timestamp,detection,0.008,True
3bcdf6724f3a,silverstone_FP1,engine_temp,duplicate_timestamp,detection,0.0082,True
5e1219e9d110,silverstone_FP1,g_force_lateral,duplicate_timestamp,detection,0.0085,True
0fc4bf4b1bb0,silverstone_FP1,aero_load,null_value,detection,0.0082,True
351b96b00225,silverstone_FP1,engine_temp,string_in_numeric,detection,0.0048,True
416b06e49b44,silverstone_FP1,aero_load,null_value,detection,0.0087,True
cdf8c6f7b9b9,silverstone_FP2,engine_temp,null_value,detection,0.013,True
26d6445d8a43,silverstone_FP2,ecu_canbus_v2,schema_drift,detection,0.0105,True
c649a5e0e5c9,silverstone_FP2,rpm,bit_flip_low,detection,0.0135,True
ac94ce11f2d8,silverstone_FP2,throttle_canbus,schema_drift,detection,0.0097,True
69393faf6225,silverstone_FP2,tyre_pressure,sensor_dropout,detection,0.0078,True
2caa0f99951d,silverstone_FP2,rpm,bit_flip_high,detection,0.0137,True
a7511636e36d,silverstone_FP2,speed_alt,schema_drift,detection,0.0091,True
f855f0b3f177,silverstone_FP2,ecu_canbus,null_value,detection,0.0072,True
16a49c22c158,silverstone_FP2,g_force_lateral,sensor_dropout,detection,0.0071,True
ed091f9c457f,silverstone_FP2,brake_temp,sensor_dropout,detection,0.0087,True
2b4a7bcf1e5b,silverstone_FP2,speed,bit_flip_high,detection,0.0138,True
2e1f011ac863,silverstone_FP2,brake_temp,bit_flip_high,detection,0.0144,True
01d4488c3d71,silverstone_FP2,tyre_pressure,string_in_numeric,detection,0.0051,True
7b0f7d4cd84d,silverstone_FP2,g_force_lateral,duplicate_timestamp,detection,0.0088,True
a8b188977dc5,silverstone_FP2,rpm_raw,schema_drift,detection,0.0096,True
8214c4f3c00c,silverstone_FP2,engine_temp,null_value,detection,0.0074,True
acd152c3e2ef,silverstone_FP2,g_force_lateral,bit_flip_low,detection,0.0122,True
f5017edaec34,silverstone_FP2,throttle,string_in_numeric,detection,0.0049,True
815a4ea4e147,silverstone_FP2,brake_temp,string_in_numeric,detection,0.0045,True
8d1ad65ea4a8,silverstone_FP2,rpm,bit_flip_high,detection,0.0139,True
de6f67676cdb,silverstone_FP2,tyre_pressure,bit_flip_low,detection,0.0143,True
18a2bb49b791,silverstone_FP2,heart_rate,string_in_numeric,detection,0.005,True
4a52ae5c8e77,silverstone_FP2,engine_temp_canbus,schema_drift,detection,0.0094,True
f8cacf288ecf,silverstone_FP2,aero_load,bit_flip_high,detection,0.0129,True
0931cadc8fa9,silverstone_FP2,speed,bit_flip_high,detection,0.0129,True
9a4ea2f80174,silverstone_FP2,aero_load,null_value,detection,0.0071,True
00f0a814d9df,silverstone_FP2,tyre_pressure,bit_flip_high,detection,0.0121,True
97f7eac0d107,silverstone_FP2,heart_rate,bit_flip_low,detection,0.0119,True
97a369ffe7b4,silverstone_FP2,ecu_canbus,sensor_dropout,detection,0.0077,True
0b69c0b32037,silverstone_FP2,tyre_pressure,null_value,detection,0.0079,True
cf04764f4424,silverstone_FP2,engine_temp,bit_flip_low,detection,0.0195,True
aca71b721988,silverstone_FP2,brake_temp,bit_flip_low,detection,0.0166,True
7dec2e1f0291,silverstone_FP2,heart_rate,sensor_dropout,detection,0.0092,True
b94d9ed44775,silverstone_FP2,rpm,null_value,detection,0.0091,True
5d989e525305,silverstone_FP2,ecu_canbus_v2,schema_drift,detection,0.0123,True
0d941fdea496,silverstone_FP2,engine_temp,duplicate_timestamp,detection,0.0082,True
501d7567906e,silverstone_FP2,aero_load,null_value,detection,0.0077,True
0ebbae6c997c,silverstone_FP2,tyre_pressure,string_in_numeric,detection,0.0046,True
ef0508957bb7,silverstone_FP2,tyre_pressure,bit_flip_low,detection,0.0119,True
fa298588bfaf,silverstone_FP2,ecu_canbus,bit_flip_high,detection,0.0136,True
d10f9c03126d,silverstone_FP2,speed,string_in_numeric,detection,0.0049,True
5f77eb487d1b,silverstone_FP2,throttle,duplicate_timestamp,detection,0.0084,True
a5e055f63855,silverstone_FP2,tyre_pressure,bit_flip_high,detection,0.0123,True
54da1a8a43a7,silverstone_FP2,aero_load,sensor_dropout,detection,0.0093,True
07f3ce5c526a,silverstone_FP2,brake_temp,duplicate_timestamp,detection,0.008,True
31c535bae99a,silverstone_FP2,speed,bit_flip_low,detection,0.0152,True
bab73aeb2cf7,silverstone_FP2,rpm,string_in_numeric,detection,0.0045,True
a4592465d52b,silverstone_FP2,throttle,string_in_numeric,detection,0.0042,True
48bc8040238f,silverstone_FP2,brake_temp,bit_flip_low,detection,0.0141,True
38e7b11b88ff,silverstone_FP2,tyre_pressure,bit_flip_high,detection,0.0144,True
420ba03c8b7e,silverstone_FP2,engine_temp,null_value,detection,0.0073,True
dce5b3fe5709,silverstone_FP2,tyre_pressure,null_value,detection,0.007,True
a14149b60f8d,silverstone_FP2,throttle,duplicate_timestamp,detection,0.0086,True
8f9cec325b3c,silverstone_FP2,aero_load,sensor_dropout,detection,0.0111,True
4f9db1f50e4c,silverstone_FP2,tyre_pressure,null_value,detection,0.0097,True
cbeb5d83efa4,silverstone_FP2,speed,null_value,detection,0.0087,True
a915af383b6b,silverstone_FP2,engine_temp,null_value,detection,0.0087,True
94c23fa33ec2,silverstone_FP2,g_force_lateral,sensor_dropout,detection,0.0083,True
7d2b541db62e,silverstone_FP2,aero_load,bit_flip_low,detection,0.013,True
2e8928fd9628,silverstone_FP2,g_force_lateral,duplicate_timestamp,detection,0.0082,True
94e1f4263bcb,silverstone_FP2,throttle,duplicate_timestamp,detection,0.0082,True
d5dde4c3b6aa,silverstone_FP2,engine_temp_new,schema_drift,detection,0.0092,True
ba432d08565e,silverstone_FP2,brake_temp,bit_flip_high,detection,0.0158,True
fb17601146f7,silverstone_FP2,tyre_pressure,sensor_dropout,detection,0.01,True
d1619e79baa2,silverstone_FP2,g_force_lateral,bit_flip_low,detection,0.0161,True
1aeccd6e986b,silverstone_FP2,ecu_canbus,sensor_dropout,detection,0.0075,True
4523b90fd120,silverstone_FP2,g_force_lateral,null_value,detection,0.0079,True
2c7fcdfb47e7,silverstone_FP2,rpm,duplicate_timestamp,detection,0.0084,True
4ecff3b45ebb,silverstone_FP2,ecu_canbus_raw,schema_drift,detection,0.0105,True
ebaffd9812f7,silverstone_FP2,engine_temp,bit_flip_low,detection,0.0125,True
17f9cb05b3cd,silverstone_FP2,heart_rate,null_value,detection,0.0078,True
e9e94b7d3aa5,silverstone_FP2,tyre_pressure,sensor_dropout,detection,0.0079,True
98167582dcef,silverstone_FP2,speed,bit_flip_high,detection,0.0127,True
958ad4048620,silverstone_FP2,engine_temp,bit_flip_low,detection,0.0123,True
9725faa3ed9b,silverstone_FP2,tyre_pressure,bit_flip_low,detection,0.0143,True
39cf951250ce,silverstone_FP2,rpm,sensor_dropout,detection,0.0079,True
0216409b6359,silverstone_FP2,aero_load,bit_flip_low,detection,0.0175,True
a3526b5e8d7a,silverstone_FP2,tyre_pressure,string_in_numeric,detection,0.0059,True
cc5aba663f10,silverstone_FP2,heart_rate_new,schema_drift,detection,0.011,True
cabd57bb1d4d,silverstone_FP2,rpm,bit_flip_high,detection,0.0129,True
d58bb8e8c3e4,silverstone_FP2,ecu_canbus,duplicate_timestamp,detection,0.0087,True
6f9f53c260ce,silverstone_FP2,heart_rate,bit_flip_low,detection,0.013,True
a27120405a8d,silverstone_FP2,rpm,string_in_numeric,detection,0.0048,True
eb5285e7629b,silverstone_FP2,throttle,null_value,detection,0.0075,True
2601bb9b1d1c,silverstone_FP2,ecu_canbus,null_value,detection,0.0082,True
4e565672688e,silverstone_FP2,tyre_pressure,bit_flip_high,detection,0.0197,True
35533ee80dfd,silverstone_FP2,speed,bit_flip_high,detection,0.0151,True
24592aa33ae6,silverstone_FP2,tyre_pressure,sensor_dropout,detection,0.0071,True
e1a5da6e6d22,silverstone_FP2,rpm,bit_flip_high,detection,0.0125,True
c03d180d4d2e,silverstone_FP2,aero_load,null_value,detection,0.0096,True
e2c93459d2d4,silverstone_FP2,throttle,string_in_numeric,detection,0.0047,True
384771baa232,silverstone_FP2,rpm_canbus,schema_drift,detection,0.0101,True
ce98fe783da4,silverstone_FP2,ecu_canbus,bit_flip_low,detection,0.0134,True
a7680613b76a,silverstone_FP2,heart_rate,bit_flip_low,detection,0.0126,True
3049c3faec8b,silverstone_FP2,engine_temp,string_in_numeric,detection,0.0046,True
f62d3bba185e,silverstone_FP2,speed_v2,schema_drift,detection,0.0096,True
2ff10838edd0,silverstone_FP2,g_force_lateral_raw,schema_drift,detection,0.0248,True
90ddb7041d19,silverstone_FP2,rpm,bit_flip_high,detection,0.0136,True
4a6f4387eb27,silverstone_FP2,g_force_lateral,duplicate_timestamp,detection,0.009,True
3c7d05b630df,silverstone_FP2,engine_temp,bit_flip_low,detection,0.0129,True
2846358368c6,silverstone_FP2,aero_load,null_value,detection,0.0118,True
2c39be0ff5ee,silverstone_FP2,tyre_pressure,bit_flip_high,detection,0.0139,True
0ca82e542976,silverstone_FP2,g_force_lateral,string_in_numeric,detection,0.0053,True
3a6cbabf5799,silverstone_FP2,heart_rate,string_in_numeric,detection,0.005,True
a70cb8c375b4,silverstone_FP2,ecu_canbus_alt,schema_drift,detection,0.0096,True
ddccf51df2ad,silverstone_FP2,brake_temp,bit_flip_high,detection,0.0123,True
aa569b19d27f,silverstone_FP2,engine_temp,duplicate_timestamp,detection,0.0087,True
282b8d2d3855,silverstone_FP2,aero_load,string_in_numeric,detection,0.0051,True
abef7bc03c70,silverstone_FP2,ecu_canbus,string_in_numeric,detection,0.0047,True
56d1c9e96f47,silverstone_FP2,brake_temp,sensor_dropout,detection,0.008,True
a245f9d54934,silverstone_FP2,speed,string_in_numeric,detection,0.0047,True
3f0b46247770,silverstone_FP2,brake_temp,duplicate_timestamp,detection,0.009,True
baf66c83bbf8,silverstone_FP2,throttle,duplicate_timestamp,detection,0.0082,True
f5a1da102dae,silverstone_FP2,g_force_lateral,bit_flip_low,detection,0.0136,True
62cdb9bab0ff,silverstone_FP2,aero_load,string_in_numeric,detection,0.005,True
4141c410f2b5,silverstone_FP2,tyre_pressure,bit_flip_high,detection,0.0134,True
acc9fd59d4f4,silverstone_FP2,ecu_canbus,bit_flip_high,detection,0.0127,True
03016bb7a272,silverstone_FP2,ecu_canbus,string_in_numeric,detection,0.0048,True
7013054477be,silverstone_FP2,tyre_pressure,sensor_dropout,detection,0.0093,True
c86d34c0a674,silverstone_FP2,speed,null_value,detection,0.0081,True
bd9fb7f0e3bf,silverstone_FP2,brake_temp,bit_flip_high,detection,0.0139,True
b0504d7bbad4,silverstone_FP2,aero_load,string_in_numeric,detection,0.0052,True
244f4797b8f3,silverstone_FP2,g_force_lateral,bit_flip_low,detection,0.0128,True
93ecf28887bc,silverstone_FP2,aero_load,sensor_dropout,detection,0.0074,True
40bf01030ca7,silverstone_FP2,g_force_lateral,duplicate_timestamp,detection,0.0088,True
3ca700aba0e9,silverstone_FP2,speed,null_value,detection,0.0077,True
8111390ffded,silverstone_FP2,g_force_lateral_raw,schema_drift,detection,0.0098,True
994dcdc36d19,silverstone_FP2,tyre_pressure,null_value,detection,0.0076,True
c9cfd3afbcbc,silverstone_FP2,aero_load,duplicate_timestamp,detection,0.0088,True
d77ccd9cf193,silverstone_FP2,throttle,sensor_dropout,detection,0.0079,True
08f9ad86db9b,silverstone_FP2,brake_temp,duplicate_timestamp,detection,0.0084,True
50eb13c48c3c,silverstone_FP2,ecu_canbus,string_in_numeric,detection,0.0046,True
f5e2981d3ee4,silverstone_FP2,tyre_pressure,bit_flip_high,detection,0.0125,True
bc04da746b26,silverstone_FP2,ecu_canbus,string_in_numeric,detection,0.0055,True
a88239e616aa,silverstone_FP2,tyre_pressure,duplicate_timestamp,detection,0.0085,True
830f397d8441,silverstone_FP2,speed,null_value,detection,0.0075,True
33aa9596734f,silverstone_FP2,engine_temp,bit_flip_high,detection,0.0129,True
d03f5c1085b3,silverstone_FP2,heart_rate_alt,schema_drift,detection,0.0094,True
62f4b6e51186,silverstone_FP2,aero_load,null_value,detection,0.0073,True
4aa086412b9a,silverstone_FP2,ecu_canbus,sensor_dropout,detection,0.0075,True
b9bbaf577b54,silverstone_FP2,engine_temp,sensor_dropout,detection,0.0079,True
77b2337daefd,silverstone_FP2,tyre_pressure,null_value,detection,0.0114,True
f05300da57ff,silverstone_FP2,aero_load,string_in_numeric,detection,0.0064,True
dcf8cdb2ece4,silverstone_FP2,engine_temp_new,schema_drift,detection,0.0095,True
3351fb1e1c48,silverstone_FP2,speed,string_in_numeric,detection,0.0048,True
9a7b08f8571c,silverstone_FP2,ecu_canbus,bit_flip_high,detection,0.0142,True
184cd76ced70,silverstone_FP2,speed,sensor_dropout,detection,0.0081,True
9c7171ecc9cf,silverstone_FP2,brake_temp,duplicate_timestamp,detection,0.0091,True
aee882a5eddb,silverstone_FP2,engine_temp,duplicate_timestamp,detection,0.0085,True
7b073a6e8043,silverstone_FP2,heart_rate,bit_flip_high,detection,0.0141,True
d3badc85d464,silverstone_FP2,tyre_pressure_raw,schema_drift,detection,0.0097,True
6472c51a8b6c,silverstone_FP2,speed,bit_flip_low,detection,0.0136,True
7a266133dc2e,silverstone_FP2,speed,string_in_numeric,detection,0.0049,True
657ca8ea6fa2,silverstone_FP2,rpm,null_value,detection,0.0079,True
5ff005ecac9b,silverstone_FP2,ecu_canbus,sensor_dropout,detection,0.0079,True
bb29f6a2ca6c,silverstone_FP2,g_force_lateral,string_in_numeric,detection,0.0053,True
ad0e5b8f2070,silverstone_FP2,engine_temp,string_in_numeric,detection,0.0051,True
3eea4de14bdb,silverstone_FP2,aero_load,duplicate_timestamp,detection,0.0091,True
9923693d9776,silverstone_FP2,tyre_pressure,bit_flip_low,detection,0.0139,True
460090393bc0,silverstone_FP2,g_force_lateral_alt,schema_drift,detection,0.0099,True
b2adedf695fb,silverstone_FP2,throttle,null_value,detection,0.0081,True
a699d26bc52f,silverstone_FP2,g_force_lateral,bit_flip_high,detection,0.0126,True
d348e0aa8929,silverstone_FP2,rpm,bit_flip_high,detection,0.0135,True
f26e7b8e41bc,silverstone_FP2,tyre_pressure,bit_flip_high,detection,0.0124,True
bfc7515c1867,silverstone_FP2,ecu_canbus,null_value,detection,0.011,True
e8c233809745,silverstone_FP2,speed,sensor_dropout,detection,0.0101,True
5d037b91ec27,silverstone_FP2,engine_temp,bit_flip_low,detection,0.0166,True
1c3fbd10af6c,silverstone_FP2,ecu_canbus,duplicate_timestamp,detection,0.0109,True
33eb1cee4ae2,silverstone_FP2,speed,bit_flip_low,detection,0.0167,True
e057168cb7f1,silverstone_FP2,rpm,duplicate_timestamp,detection,0.0103,True
6be04d3a6451,silverstone_FP2,brake_temp,bit_flip_high,detection,0.013,True
0d95d90ff706,silverstone_FP2,speed,duplicate_timestamp,detection,0.0087,True
4e0fa176abfe,silverstone_FP2,engine_temp,sensor_dropout,detection,0.0073,True
cc79059aeac0,silverstone_FP2,aero_load,sensor_dropout,detection,0.0074,True
75612a5bec52,silverstone_FP2,tyre_pressure,sensor_dropout,detection,0.0073,True
7280afaad3f9,silverstone_FP2,throttle,bit_flip_low,detection,0.0144,True
d7a8243ed9ff,silverstone_FP2,speed,string_in_numeric,detection,0.0052,True
a5254e3cdb13,silverstone_FP2,aero_load,string_in_numeric,detection,0.0046,True
ab74ec9d23a6,silverstone_FP2,ecu_canbus,string_in_numeric,detection,0.0051,True
35fae6bce7eb,silverstone_FP2,speed,string_in_numeric,detection,0.0049,True
cb16732447f6,silverstone_FP2,aero_load,sensor_dropout,detection,0.0086,True
fb1d275320fc,silverstone_FP2,speed,bit_flip_low,detection,0.0133,True
3905a256e3ac,silverstone_FP2,ecu_canbus,null_value,detection,0.0088,True
bd76a4f6f564,silverstone_FP2,speed,bit_flip_low,detection,0.0137,True
f010c57c7c6d,silverstone_FP2,aero_load_new,schema_drift,detection,0.0124,True
c8b8a7e0cfa5,silverstone_FP2,ecu_canbus,bit_flip_low,detection,0.016,True
be2a56095f08,silverstone_FP2,speed,sensor_dropout,detection,0.0094,True
61f85ec6e7f6,silverstone_FP2,brake_temp,string_in_numeric,detection,0.0058,True
2fb31a06f8a1,silverstone_FP2,rpm,null_value,detection,0.0091,True
dc53721a1c11,silverstone_FP2,aero_load,sensor_dropout,detection,0.0088,True
2a755f959ae6,silverstone_FP2,heart_rate,string_in_numeric,detection,0.0058,True
5652d3bfaaf4,silverstone_FP2,throttle,string_in_numeric,detection,0.005,True
d99137453c16,silverstone_FP2,tyre_pressure,duplicate_timestamp,detection,0.0101,True
8cb0871bf895,silverstone_FP2,heart_rate,bit_flip_high,detection,0.0153,True
66ddbebf95a0,silverstone_FP2,g_force_lateral,duplicate_timestamp,detection,0.0089,True
9fba62c143dd,silverstone_FP2,ecu_canbus,bit_flip_high,detection,0.0131,True
32f0e68d4461,silverstone_FP2,ecu_canbus,null_value,detection,0.0078,True
8f257985b627,silverstone_FP2,throttle_new,schema_drift,detection,0.0103,True
df47a5b6413d,silverstone_FP2,throttle_raw,schema_drift,detection,0.0109,True
09a553f5689e,silverstone_FP2,engine_temp,sensor_dropout,detection,0.0075,True
b0fbf87805a1,silverstone_FP2,g_force_lateral_alt,schema_drift,detection,0.0206,True
a5048d958f2b,silverstone_FP2,speed,sensor_dropout,detection,0.0075,True
b4621c8d1596,silverstone_FP2,rpm,bit_flip_low,detection,0.0138,True
1a46a3604290,silverstone_FP2,ecu_canbus,sensor_dropout,detection,0.0178,True
47d0de9eefca,silverstone_FP2,rpm_v2,schema_drift,detection,0.0101,True
bd2582f2b10f,silverstone_FP2,engine_temp_canbus,schema_drift,detection,0.0094,True
52974594e528,silverstone_FP2,aero_load,duplicate_timestamp,detection,0.0111,True
1af82189cfd3,silverstone_FP2,speed,string_in_numeric,detection,0.005,True
7759a9ddf6a0,silverstone_FP2,tyre_pressure,string_in_numeric,detection,0.0049,True
09bdfbff3aba,silverstone_FP2,aero_load_raw,schema_drift,detection,0.0135,True
3f8adaa5ba52,silverstone_FP2,g_force_lateral,sensor_dropout,detection,0.0077,True
06c34a48c716,silverstone_FP2,speed,sensor_dropout,detection,0.0108,True
517c7f1a2fe8,silverstone_FP2,speed,string_in_numeric,detection,0.0068,True
b58e31fba6ca,silverstone_FP2,throttle,null_value,detection,0.0106,True
e3114dcee568,silverstone_FP2,engine_temp,duplicate_timestamp,detection,0.0119,True
3ae8d1f68949,silverstone_FP2,heart_rate_alt,schema_drift,detection,0.0133,True
85d7b26dd87b,silverstone_FP2,ecu_canbus,null_value,detection,0.0077,True
b3d7202d0bc6,silverstone_FP2,heart_rate,bit_flip_high,detection,0.0134,True
5d10aefe9dca,silverstone_FP2,g_force_lateral,null_value,detection,0.0084,True
bf87f7e5af76,silverstone_FP2,speed,string_in_numeric,detection,0.0048,True
3f7dcda779b8,silverstone_FP2,throttle,duplicate_timestamp,detection,0.0088,True
394b6cf761c2,silverstone_FP2,throttle,string_in_numeric,detection,0.0044,True
024135af7548,silverstone_FP2,engine_temp_new,schema_drift,detection,0.0095,True
0147023848e8,silverstone_FP2,aero_load,null_value,detection,0.0073,True
495b5cee1a43,silverstone_FP2,brake_temp,bit_flip_low,detection,0.0123,True
075fa576103f,silverstone_FP2,g_force_lateral,null_value,detection,0.0073,True
8c890075f80f,silverstone_FP2,brake_temp,string_in_numeric,detection,0.0046,True
e12fd4a46f34,silverstone_FP2,speed,bit_flip_low,detection,0.0136,True
f526514bc7d4,silverstone_FP2,g_force_lateral,string_in_numeric,detection,0.0058,True
e22411f3b34d,silverstone_FP2,brake_temp,string_in_numeric,detection,0.0045,True
2a7033ec8e42,silverstone_FP2,brake_temp_raw,schema_drift,detection,0.0088,True
cb032ff6ad51,silverstone_FP2,brake_temp,bit_flip_high,detection,0.013,True
d83eab971940,silverstone_FP2,brake_temp,string_in_numeric,detection,0.0056,True
b0adb989ac0c,silverstone_FP2,engine_temp_v2,schema_drift,detection,0.0107,True
cf30cf67a5c0,silverstone_FP2,tyre_pressure,duplicate_timestamp,detection,0.0092,True
f1c1245ec73c,silverstone_FP2,speed,duplicate_timestamp,detection,0.0106,True
fcc67e5f8907,silverstone_FP2,rpm,null_value,detection,0.0073,True
a68bd14e6cbe,silverstone_FP2,aero_load,duplicate_timestamp,detection,0.0082,True
1ca6efb41cd6,silverstone_FP2,aero_load,bit_flip_high,detection,0.0127,True
aacfa3f4cc19,silverstone_FP2,engine_temp,duplicate_timestamp,detection,0.008,True
b962ce84d588,silverstone_FP2,tyre_pressure_v2,schema_drift,detection,0.009,True
0a6da5cfff90,silverstone_FP2,throttle,duplicate_timestamp,detection,0.008,True
d633c0f6e3f8,silverstone_FP2,heart_rate,sensor_dropout,detection,0.0075,True
013631564880,silverstone_FP2,tyre_pressure,null_value,detection,0.009,True
53630e696129,silverstone_FP2,speed,string_in_numeric,detection,0.0053,True
cbec43985c31,silverstone_FP2,rpm,bit_flip_low,detection,0.015,True
5fbc12a18db8,silverstone_FP2,speed_raw,schema_drift,detection,0.0098,True
7bbbeb94d216,silverstone_FP2,brake_temp,bit_flip_high,detection,0.0132,True
ce42701245fb,silverstone_FP2,engine_temp,sensor_dropout,detection,0.0081,True
0956f612fb2f,silverstone_FP2,tyre_pressure,null_value,detection,0.0076,True
958d02ade58c,silverstone_FP2,aero_load_v2,schema_drift,detection,0.0099,True
2a204fd9fab6,silverstone_FP2,ecu_canbus,sensor_dropout,detection,0.0076,True
4834c153eb8f,silverstone_FP2,g_force_lateral_v2,schema_drift,detection,0.0098,True
9fea185a57d2,silverstone_FP2,ecu_canbus,sensor_dropout,detection,0.0078,True
9afa31359ac2,silverstone_FP2,speed,bit_flip_high,detection,0.0133,True
5664e44d8722,silverstone_FP2,aero_load,bit_flip_low,detection,0.0163,True
1964a6a31f09,silverstone_FP2,heart_rate,duplicate_timestamp,detection,0.0091,True
41bcf08d1e05,silverstone_FP2,aero_load,bit_flip_high,detection,0.0134,True
26986fabfa0a,silverstone_FP2,ecu_canbus,bit_flip_high,detection,0.0136,True
4005744db6cd,silverstone_FP2,tyre_pressure,string_in_numeric,detection,0.0065,True
411ad6001572,silverstone_FP2,tyre_pressure,string_in_numeric,detection,0.0061,True
f6ca4087b2b0,silverstone_FP2,ecu_canbus,duplicate_timestamp,detection,0.0098,True
c5174183821a,silverstone_FP2,throttle,bit_flip_low,detection,0.0148,True
6652acfabc36,silverstone_FP2,tyre_pressure,sensor_dropout,detection,0.0078,True
02035636d936,silverstone_FP2,throttle,bit_flip_high,detection,0.0134,True
9f678f488d03,silverstone_FP2,brake_temp,string_in_numeric,detection,0.0055,True
882ed601e9b0,silverstone_FP2,g_force_lateral,bit_flip_high,detection,0.0127,True
59284a02c7e2,silverstone_FP2,throttle,bit_flip_low,detection,0.0129,True
9de9cb297d35,silverstone_FP2,aero_load,bit_flip_low,detection,0.0125,True
bb0b3dc74993,silverstone_FP2,speed,string_in_numeric,detection,0.0048,True
6f66ee60342f,silverstone_FP2,rpm,string_in_numeric,detection,0.0049,True
6f0fe9972b17,silverstone_FP2,engine_temp,null_value,detection,0.0076,True
9b085413995c,silverstone_FP2,speed,null_value,detection,0.0084,True
355f9628f151,silverstone_FP2,rpm,null_value,detection,0.0318,True
f81a962dc982,silverstone_FP2,engine_temp,bit_flip_low,detection,0.0134,True
5ac2b2ad68fb,silverstone_FP2,tyre_pressure,bit_flip_low,detection,0.0131,True
1e87310f284d,silverstone_FP2,ecu_canbus,bit_flip_low,detection,0.0128,True
205803f78825,silverstone_FP2,rpm,duplicate_timestamp,detection,0.0088,True
a9bb44ea21c5,silverstone_FP2,rpm,string_in_numeric,detection,0.0049,True
8bf383dee6c5,silverstone_FP2,aero_load,sensor_dropout,detection,0.0091,True
933864db49df,silverstone_FP2,speed,bit_flip_low,detection,0.0139,True
b7f8996f7255,silverstone_FP2,throttle,null_value,detection,0.0083,True
3f0b7684cea5,silverstone_FP2,ecu_canbus_alt,schema_drift,detection,0.0116,True
ddb93539f787,silverstone_FP2,g_force_lateral,duplicate_timestamp,detection,0.0101,True
86e5d644f1e7,silverstone_FP2,ecu_canbus,null_value,detection,0.0075,True
cc425639dd04,silverstone_FP2,heart_rate,bit_flip_high,detection,0.0134,True
fbbbdd4dc0b3,silverstone_FP2,rpm,bit_flip_high,detection,0.0137,True
fdac594a9aaf,silverstone_FP2,heart_rate,duplicate_timestamp,detection,0.0085,True
ff31408bd7a6,silverstone_FP2,brake_temp,bit_flip_low,detection,0.0128,True
65fff5a93ced,silverstone_FP2,rpm,bit_flip_high,detection,0.0146,True
c0d7e951550f,silverstone_FP2,heart_rate,sensor_dropout,detection,0.008,True
800e9d4e903b,silverstone_FP2,ecu_canbus,bit_flip_low,detection,0.0144,True
bcf9b0399b9f,silverstone_FP2,heart_rate,bit_flip_high,detection,0.0135,True
2a4c76172dad,silverstone_FP2,throttle,null_value,detection,0.0082,True
5bbd80fd51ca,silverstone_FP2,tyre_pressure_alt,schema_drift,detection,0.0094,True
66e32776ad73,silverstone_FP2,ecu_canbus,sensor_dropout,detection,0.0078,True
e6bc65cd4152,silverstone_FP2,throttle,string_in_numeric,detection,0.0047,True
e3f186f097f6,silverstone_FP2,brake_temp,null_value,detection,0.0082,True
afe10a3b3c9f,silverstone_FP2,aero_load,bit_flip_low,detection,0.0134,True
4790eb8258e6,silverstone_FP2,tyre_pressure,string_in_numeric,detection,0.005,True
677e045faeba,silverstone_FP2,throttle,bit_flip_low,detection,0.013,True
d45107f5d0c7,silverstone_FP2,g_force_lateral_alt,schema_drift,detection,0.0234,True
4b84514a3f1a,silverstone_FP2,aero_load,string_in_numeric,detection,0.0063,True
7b691d777c35,silverstone_FP2,speed,string_in_numeric,detection,0.005,True
d524d17fabfa,silverstone_FP2,brake_temp_raw,schema_drift,detection,0.0095,True
30dca9fd9ead,silverstone_FP2,aero_load,duplicate_timestamp,detection,0.0083,True
d477db3d88d0,silverstone_FP2,ecu_canbus,sensor_dropout,detection,0.0078,True
c8e4d25ebab9,silverstone_FP2,g_force_lateral,duplicate_timestamp,detection,0.0085,True
aede514f3a81,silverstone_FP2,rpm,bit_flip_high,detection,0.0138,True
e80396c11f8a,silverstone_FP2,heart_rate,string_in_numeric,detection,0.0048,True
69e426020066,silverstone_FP2,ecu_canbus,duplicate_timestamp,detection,0.009,True
7c914f1e9f6d,silverstone_FP2,rpm,null_value,detection,0.0077,True
95888863b588,silverstone_FP2,ecu_canbus_raw,schema_drift,detection,0.0096,True
6f7bff3ceead,silverstone_FP2,heart_rate_v2,schema_drift,detection,0.0097,True
1e43ebfd76e9,silverstone_FP2,brake_temp,bit_flip_low,detection,0.013,True
f9f27d337636,silverstone_FP2,g_force_lateral_canbus,schema_drift,detection,0.0095,True
31b6db698a33,silverstone_FP2,speed,bit_flip_high,detection,0.0136,True
24e02b98e1f6,silverstone_FP2,heart_rate,bit_flip_high,detection,0.0129,True
6d698ac94b80,silverstone_FP2,rpm,string_in_numeric,detection,0.0048,True
0ab4825df818,silverstone_FP2,heart_rate,string_in_numeric,detection,0.0045,True
96b49eacd61a,silverstone_FP2,g_force_lateral,bit_flip_high,detection,0.013,True
d50f1b5f8e14,silverstone_FP2,tyre_pressure,duplicate_timestamp,detection,0.0086,True
2b1655e29b01,silverstone_FP2,heart_rate,bit_flip_low,detection,0.0134,True
c4b02ede4513,silverstone_FP2,engine_temp,string_in_numeric,detection,0.0049,True
68d0d9d28f07,silverstone_FP2,throttle_new,schema_drift,detection,0.0119,True
7ce6dd10b6e8,silverstone_FP2,heart_rate,bit_flip_low,detection,0.0134,True
3ab5eb07318b,silverstone_FP2,g_force_lateral,bit_flip_low,detection,0.0129,True
d5d110ca837e,silverstone_FP2,tyre_pressure,string_in_numeric,detection,0.0054,True
b87d11c1ec51,silverstone_FP2,throttle,sensor_dropout,detection,0.0083,True
5e353ac9c7db,silverstone_FP2,ecu_canbus_raw,schema_drift,detection,0.0096,True
65ee9fbe7c5e,silverstone_FP2,g_force_lateral,bit_flip_low,detection,0.0129,True
5d954a29a126,silverstone_FP2,g_force_lateral,bit_flip_high,detection,0.0127,True
ed1e51ea13fc,silverstone_FP2,brake_temp,string_in_numeric,detection,0.0055,True
20b170c65305,silverstone_FP2,tyre_pressure,sensor_dropout,detection,0.008,True
18978345a657,silverstone_FP2,ecu_canbus,sensor_dropout,detection,0.0079,True
1a3f66d57e8b,silverstone_FP2,brake_temp,sensor_dropout,detection,0.0074,True
ba64dbdb14c9,silverstone_FP2,ecu_canbus,null_value,detection,0.0077,True
c9ed42a77358,silverstone_FP2,g_force_lateral,null_value,detection,0.0075,True
fab77f17b834,silverstone_FP2,speed,duplicate_timestamp,detection,0.0087,True
8be74f0c5510,silverstone_FP2,throttle,null_value,detection,0.0075,True
4f4021c6ca7e,silverstone_FP2,throttle,sensor_dropout,detection,0.0075,True
9161eabb140b,silverstone_FP2,ecu_canbus,sensor_dropout,detection,0.009,True
718226f83a2e,silverstone_FP2,ecu_canbus,string_in_numeric,detection,0.0047,True
5d748a3133a7,silverstone_FP2,throttle,string_in_numeric,detection,0.0046,True
be48e5a742fb,silverstone_FP2,speed,duplicate_timestamp,detection,0.0079,True
f2128c6fb2bd,silverstone_FP2,aero_load,duplicate_timestamp,detection,0.0081,True
7a0d084b4b45,silverstone_FP2,heart_rate,sensor_dropout,detection,0.0074,True
7e861c4e67a2,silverstone_FP2,tyre_pressure_canbus,schema_drift,detection,0.0092,True
ba5b11e280a3,silverstone_FP2,throttle,null_value,detection,0.0074,True
5ff3287325d0,silverstone_FP2,ecu_canbus,string_in_numeric,detection,0.0046,True
89a78f1057bb,silverstone_FP2,rpm,string_in_numeric,detection,0.0045,True
ebef8039a82c,silverstone_FP2,g_force_lateral,null_value,detection,0.008,True
f3dacc18c4d3,silverstone_FP2,throttle,bit_flip_high,detection,0.0169,True
c87d0bd03de9,silverstone_FP2,engine_temp_new,schema_drift,detection,0.0091,True
29f979052ad3,silverstone_FP2,ecu_canbus,duplicate_timestamp,detection,0.0082,True
b7bb11881578,silverstone_FP2,ecu_canbus_raw,schema_drift,detection,0.0091,True
fcc643ebb05a,silverstone_FP2,tyre_pressure,string_in_numeric,detection,0.0052,True
f23fc0bc7fa2,silverstone_FP2,speed,sensor_dropout,detection,0.007,True
3b0de3efdfce,silverstone_FP2,engine_temp,bit_flip_low,detection,0.0127,True
c80c7741a0a1,silverstone_FP2,rpm,string_in_numeric,detection,0.0049,True
d11ca4048dae,silverstone_FP2,throttle_canbus,schema_drift,detection,0.0106,True
427bf31e170d,silverstone_FP2,tyre_pressure,duplicate_timestamp,detection,0.0088,True
b2005c313802,silverstone_FP2,rpm,bit_flip_high,detection,0.0128,True
09675cde74dd,silverstone_FP2,throttle,bit_flip_low,detection,0.0126,True
2bca35d4f7c2,silverstone_FP2,g_force_lateral,bit_flip_low,detection,0.013,True
5cb52f17b972,silverstone_FP2,rpm_v2,schema_drift,detection,0.0103,True
26a609c4a7c0,silverstone_FP2,tyre_pressure,sensor_dropout,detection,0.0076,True
bae2d5b3f3ef,silverstone_FP2,tyre_pressure,duplicate_timestamp,detection,0.0083,True
40cf59c99c21,silverstone_FP2,aero_load,string_in_numeric,detection,0.0062,True
2198bae3b8ff,silverstone_FP2,tyre_pressure,duplicate_timestamp,detection,0.0097,True
6930965dec65,silverstone_FP2,throttle,string_in_numeric,detection,0.0052,True
d228ecec8b20,silverstone_FP2,engine_temp,bit_flip_low,detection,0.0191,True
0ff951719d84,silverstone_FP2,tyre_pressure,string_in_numeric,detection,0.0052,True
0af76ffb7d24,silverstone_FP2,heart_rate,bit_flip_low,detection,0.0232,True
c6859d1b10aa,silverstone_FP2,brake_temp,bit_flip_high,detection,0.0192,True
c3c1f3d33e52,silverstone_FP2,aero_load,sensor_dropout,detection,0.011,True
7545717bad37,silverstone_FP2,heart_rate,string_in_numeric,detection,0.0044,True
2ab9d6471a1f,silverstone_FP2,speed,bit_flip_high,detection,0.0124,True
68d9ba2859c6,silverstone_FP2,aero_load,string_in_numeric,detection,0.0068,True
99218133fbcc,silverstone_FP2,heart_rate_v2,schema_drift,detection,0.0101,True
df3abf9e4e6a,silverstone_FP2,speed,bit_flip_high,detection,0.0131,True
9e2f07dec145,silverstone_FP2,rpm,sensor_dropout,detection,0.0075,True
3e0bc74f1c03,silverstone_FP2,throttle,null_value,detection,0.0075,True
60746354394f,silverstone_FP2,speed,sensor_dropout,detection,0.0072,True
a4ee270d2b44,silverstone_FP2,brake_temp,duplicate_timestamp,detection,0.0078,True
daf44d502a89,silverstone_FP2,ecu_canbus_new,schema_drift,detection,0.0089,True
99de495c6ad3,silverstone_FP2,speed,null_value,detection,0.0078,True
a6ee72541fc2,silverstone_FP2,aero_load,string_in_numeric,detection,0.0046,True
02ce75c40331,silverstone_FP2,ecu_canbus,null_value,detection,0.0074,True
8e5607f9be6e,silverstone_FP2,brake_temp,bit_flip_high,detection,0.0122,True
770f460c026d,silverstone_FP2,throttle,string_in_numeric,detection,0.0047,True
cc18909fc890,silverstone_FP2,throttle,bit_flip_high,detection,0.0123,True
2c49bd765f56,silverstone_FP2,brake_temp,duplicate_timestamp,detection,0.0081,True
e9de1747b49d,silverstone_FP2,aero_load,sensor_dropout,detection,0.0072,True
e587c5527843,silverstone_FP2,aero_load_raw,schema_drift,detection,0.0121,True
7cf0bc586a51,silverstone_FP2,rpm,null_value,detection,0.007,True
5da71d1382fa,silverstone_FP2,ecu_canbus,null_value,detection,0.0074,True
a888cb7cd8c8,silverstone_FP2,throttle,sensor_dropout,detection,0.011,True
a50fdda3f0b3,silverstone_FP2,brake_temp,bit_flip_high,detection,0.015,True
37ff45dcc76c,silverstone_FP2,engine_temp,bit_flip_high,detection,0.0135,True
755fa86e8393,silverstone_FP2,throttle,null_value,detection,0.0073,True
cf6c187f565f,silverstone_FP2,aero_load,null_value,detection,0.0099,True
f395f36ace8b,silverstone_FP2,throttle,null_value,detection,0.0073,True
4ca39079c8be,silverstone_FP2,aero_load,null_value,detection,0.0071,True
c96ee96b8ede,silverstone_FP2,tyre_pressure,sensor_dropout,detection,0.0066,True
4a7beb58f8e0,silverstone_FP2,ecu_canbus,string_in_numeric,detection,0.0045,True
6ff7fd2c5345,silverstone_FP2,tyre_pressure,bit_flip_low,detection,0.0143,True
c39cb4449b8e,silverstone_FP2,speed,bit_flip_high,detection,0.0128,True
3465ade1e50f,silverstone_FP2,ecu_canbus,string_in_numeric,detection,0.0046,True
f6b16f5bd4bb,silverstone_FP2,heart_rate,bit_flip_low,detection,0.012,True
9d1b40d9ec20,silverstone_FP2,g_force_lateral,null_value,detection,0.0072,True
5295fa6cb124,silverstone_FP2,throttle_new,schema_drift,detection,0.009,True
d5f778f2d21b,silverstone_FP2,tyre_pressure,bit_flip_low,detection,0.0117,True
8d80e790c0f4,silverstone_FP2,g_force_lateral,duplicate_timestamp,detection,0.008,True
0899fb9a8d38,silverstone_FP2,brake_temp,duplicate_timestamp,detection,0.0078,True
7ce60b811871,silverstone_FP2,aero_load,sensor_dropout,detection,0.0072,True
b7d6977d1656,silverstone_FP2,throttle,duplicate_timestamp,detection,0.009,True
177f9943ce43,silverstone_FP2,throttle,bit_flip_low,detection,0.0149,True
d2c132cb285c,silverstone_FP2,tyre_pressure,bit_flip_high,detection,0.0146,True
f9c753da0384,silverstone_FP2,tyre_pressure,string_in_numeric,detection,0.0057,True
619fa0320618,silverstone_FP2,rpm,string_in_numeric,detection,0.0047,True
aceb7dad446f,silverstone_FP2,heart_rate_canbus,schema_drift,detection,0.0159,True
8abfb1551df7,silverstone_FP2,heart_rate_canbus,schema_drift,detection,0.0101,True
f84d6b69031e,silverstone_FP2,speed,bit_flip_low,detection,0.0128,True
e63ecd74e0ae,silverstone_FP2,tyre_pressure_canbus,schema_drift,detection,0.0106,True
24d72ae3be97,silverstone_FP2,tyre_pressure,bit_flip_high,detection,0.0126,True
cf2997b14479,silverstone_FP2,aero_load_alt,schema_drift,detection,0.0156,True
9777c332c7d4,silverstone_FP2,tyre_pressure_new,schema_drift,detection,0.0099,True
6c5f86ea50df,silverstone_FP2,engine_temp,bit_flip_low,detection,0.0133,True
96ba44353d69,silverstone_FP2,tyre_pressure,bit_flip_high,detection,0.0126,True
2e62f4a2012f,silverstone_FP2,g_force_lateral,bit_flip_high,detection,0.013,True
91e1dda2cf37,silverstone_FP2,aero_load,bit_flip_high,detection,0.0167,True
41ae6c5561c6,silverstone_FP2,rpm,sensor_dropout,detection,0.0077,True
c420e17c2be3,silverstone_FP2,throttle_v2,schema_drift,detection,0.0098,True
889c29fc86bd,silverstone_FP2,speed,bit_flip_high,detection,0.0134,True
4229f3a6640a,silverstone_FP2,throttle,bit_flip_high,detection,0.0134,True
2c2bd4106c2a,silverstone_FP2,ecu_canbus,string_in_numeric,detection,0.0052,True
442406608680,silverstone_FP2,speed,duplicate_timestamp,detection,0.0088,True
d4453c171781,silverstone_FP2,engine_temp,duplicate_timestamp,detection,0.0085,True
bdbcc14b87a3,silverstone_FP2,brake_temp,null_value,detection,0.0078,True
e5f9ca6927c4,silverstone_FP2,tyre_pressure,string_in_numeric,detection,0.0049,True
997fc28fbd32,silverstone_FP2,aero_load,duplicate_timestamp,detection,0.0089,True
1617cf0c8b16,silverstone_FP2,tyre_pressure,string_in_numeric,detection,0.0056,True
a9dd0a385d84,silverstone_FP2,rpm,null_value,detection,0.0191,True
75f9484cc232,silverstone_FP2,aero_load,null_value,detection,0.0184,True
951593ddddc5,silverstone_FP2,g_force_lateral,string_in_numeric,detection,0.0059,True
399fa348a24e,silverstone_FP2,rpm,bit_flip_high,detection,0.0158,True
708031559b5c,silverstone_FP2,tyre_pressure,sensor_dropout,detection,0.0086,True
51ee45c2a13a,silverstone_FP2,rpm,duplicate_timestamp,detection,0.0105,True
83ac7807c920,silverstone_FP2,engine_temp,duplicate_timestamp,detection,0.01,True
c04bbc194ab5,silverstone_FP2,speed,string_in_numeric,detection,0.0054,True
bb6b03499c76,silverstone_FP2,ecu_canbus,duplicate_timestamp,detection,0.0098,True
cf6241cf0d36,silverstone_FP2,heart_rate,null_value,detection,0.0087,True
51e99341e09e,silverstone_FP2,throttle,bit_flip_high,detection,0.0357,True
554985f1dc79,silverstone_FP2,rpm,string_in_numeric,detection,0.0064,True
0acd4b2c3c35,silverstone_FP2,rpm,bit_flip_low,detection,0.0135,True
4e91b2a34a2b,silverstone_FP2,engine_temp,bit_flip_high,detection,0.0124,True
6e905728ad23,silverstone_FP2,g_force_lateral,bit_flip_low,detection,0.0123,True
c40e5671ff68,silverstone_FP2,g_force_lateral,string_in_numeric,detection,0.0054,True
1c96dd7788b5,silverstone_FP2,throttle,duplicate_timestamp,detection,0.0092,True
de0a66ea6335,silverstone_FP2,throttle,duplicate_timestamp,detection,0.0086,True
3e75014f1000,silverstone_FP2,ecu_canbus,bit_flip_high,detection,0.0188,True
89e4de27787d,silverstone_FP2,aero_load,string_in_numeric,detection,0.0065,True
5ab470f7a568,silverstone_FP2,speed,bit_flip_low,detection,0.016,True
fbd0efb221b8,silverstone_FP2,heart_rate_raw,schema_drift,detection,0.0112,True
b5e4665a589b,silverstone_FP2,throttle,null_value,detection,0.0089,True
5e3963a986a7,silverstone_FP2,throttle_raw,schema_drift,detection,0.0095,True
7e05843723ae,silverstone_FP2,heart_rate,null_value,detection,0.0078,True
886c27ca4913,silverstone_FP2,brake_temp,duplicate_timestamp,detection,0.0083,True
c226e5adc2cc,silverstone_FP2,heart_rate,bit_flip_low,detection,0.0124,True
956ecaca78e5,silverstone_FP2,heart_rate_alt,schema_drift,detection,0.009,True
d85e2d9526ed,silverstone_FP2,rpm,null_value,detection,0.0071,True
7dfb34397cf8,silverstone_FP2,rpm,sensor_dropout,detection,0.0071,True
1ba929a7714d,silverstone_FP2,ecu_canbus,sensor_dropout,detection,0.0075,True
276bda445076,silverstone_FP2,rpm,bit_flip_low,detection,0.0131,True
3b623ed3ab6a,silverstone_FP2,throttle,string_in_numeric,detection,0.0046,True
41f12370121d,silverstone_FP3,tyre_pressure_v2,schema_drift,detection,0.0104,True
cc45864d8dea,silverstone_FP3,tyre_pressure,null_value,detection,0.0074,True
78c5a3c769f3,silverstone_FP3,ecu_canbus,string_in_numeric,detection,0.0045,True
488097a43a33,silverstone_FP3,aero_load_raw,schema_drift,detection,0.0091,True
06c2c9b20157,silverstone_FP3,tyre_pressure_new,schema_drift,detection,0.011,True
574a52b00b72,silverstone_FP3,heart_rate,bit_flip_high,detection,0.0136,True
8c01016fb1be,silverstone_FP3,tyre_pressure,sensor_dropout,detection,0.008,True
74a1450348bd,silverstone_FP3,brake_temp,bit_flip_high,detection,0.0124,True
0e859afa3a8f,silverstone_FP3,aero_load,bit_flip_low,detection,0.0124,True
5211220a5342,silverstone_FP3,throttle,duplicate_timestamp,detection,0.0083,True
19c7afc537dc,silverstone_FP3,speed_canbus,schema_drift,detection,0.0095,True
51e51183d829,silverstone_FP3,throttle_raw,schema_drift,detection,0.0091,True
637aac22180c,silverstone_FP3,aero_load,null_value,detection,0.0265,True
b44f6b335d25,silverstone_FP3,heart_rate,bit_flip_high,detection,0.0128,True
d101b3aca5b6,silverstone_FP3,aero_load,bit_flip_high,detection,0.0122,True
8e20bf0752fd,silverstone_FP3,speed,null_value,detection,0.0089,True
343b9beeff82,silverstone_FP3,tyre_pressure,string_in_numeric,detection,0.0052,True
98aba0c8c87a,silverstone_FP3,aero_load_canbus,schema_drift,detection,0.013,True
e995662d65a4,silverstone_FP3,g_force_lateral,null_value,detection,0.0079,True
02ae8a17cb0f,silverstone_FP3,tyre_pressure,null_value,detection,0.0083,True
741dd61db36c,silverstone_FP3,brake_temp,duplicate_timestamp,detection,0.0085,True
dfba110bac5e,silverstone_FP3,heart_rate,null_value,detection,0.0076,True
8a3f3fcaf5cc,silverstone_FP3,throttle,null_value,detection,0.0077,True
f99bad7feadc,silverstone_FP3,g_force_lateral,bit_flip_low,detection,0.0129,True
160bcfe82281,silverstone_FP3,aero_load,bit_flip_high,detection,0.0177,True
638f227854cb,silverstone_FP3,heart_rate,null_value,detection,0.0078,True
b0764335466c,silverstone_FP3,speed,null_value,detection,0.0077,True
f609970be261,silverstone_FP3,g_force_lateral,bit_flip_low,detection,0.0122,True
a833fe6dcbe2,silverstone_FP3,rpm,bit_flip_low,detection,0.0125,True
8bc94610e57b,silverstone_FP3,aero_load,duplicate_timestamp,detection,0.0083,True
5f0a40989694,silverstone_FP3,speed,null_value,detection,0.0073,True
2d3880aba202,silverstone_FP3,brake_temp,bit_flip_low,detection,0.0122,True
017000d5deda,silverstone_FP3,ecu_canbus,bit_flip_low,detection,0.01,True
d290a7db39d7,silverstone_FP3,tyre_pressure_new,schema_drift,detection,0.0093,True
aaded7bdf603,silverstone_FP3,speed,null_value,detection,0.0092,True
6cf8d96acf42,silverstone_FP3,throttle,bit_flip_high,detection,0.0142,True
99a26e72f74c,silverstone_FP3,rpm_alt,schema_drift,detection,0.0097,True
f3a0285462fe,silverstone_FP3,tyre_pressure,bit_flip_low,detection,0.0136,True
238ee46aa8d0,silverstone_FP3,aero_load,duplicate_timestamp,detection,0.0083,True
741b5501a2c1,silverstone_FP3,engine_temp_new,schema_drift,detection,0.0137,True
cbea5e902c24,silverstone_FP3,tyre_pressure,null_value,detection,0.0092,True
7d5fcfeb7b18,silverstone_FP3,ecu_canbus,duplicate_timestamp,detection,0.0115,True
652ab8047b2d,silverstone_FP3,speed,duplicate_timestamp,detection,0.0089,True
ad7c71ce15d2,silverstone_FP3,tyre_pressure,bit_flip_low,detection,0.0152,True
a2e899b3c1cd,silverstone_FP3,throttle,bit_flip_low,detection,0.0126,True
dec69c96ab41,silverstone_FP3,engine_temp,string_in_numeric,detection,0.0046,True
1511b5a4fb48,silverstone_FP3,tyre_pressure,bit_flip_high,detection,0.0142,True
3ad504640c8c,silverstone_FP3,brake_temp,string_in_numeric,detection,0.0045,True
fb0dad800a90,silverstone_FP3,engine_temp,bit_flip_low,detection,0.013,True
4af9c379ef49,silverstone_FP3,g_force_lateral,null_value,detection,0.0087,True
09155f98b542,silverstone_FP3,speed,string_in_numeric,detection,0.0057,True
578042572ae0,silverstone_FP3,rpm_canbus,schema_drift,detection,0.0115,True
28996e4a7bf1,silverstone_FP3,aero_load,string_in_numeric,detection,0.007,True
b4192f6c5a9c,silverstone_FP3,tyre_pressure,null_value,detection,0.0095,True
42b14cfd0ed2,silverstone_FP3,g_force_lateral,string_in_numeric,detection,0.0052,True
fdddbbf12d5f,silverstone_FP3,aero_load,sensor_dropout,detection,0.0147,True
9c4af88da093,silverstone_FP3,tyre_pressure,null_value,detection,0.0076,True
443251a7ea06,silverstone_FP3,ecu_canbus,string_in_numeric,detection,0.0045,True
0500a70eeb66,silverstone_FP3,rpm,bit_flip_high,detection,0.013,True
43a87dd3f24d,silverstone_FP3,speed,null_value,detection,0.0073,True
c44fc847c0ba,silverstone_FP3,aero_load,duplicate_timestamp,detection,0.011,True
14408cb76408,silverstone_FP3,ecu_canbus,bit_flip_high,detection,0.0148,True
85bbba48f856,silverstone_FP3,heart_rate,bit_flip_low,detection,0.018,True
9fc56f4c57c5,silverstone_FP3,g_force_lateral,string_in_numeric,detection,0.007,True
288fe634e591,silverstone_FP3,throttle,duplicate_timestamp,detection,0.0132,True
46bdc8ecd6aa,silverstone_FP3,aero_load,bit_flip_high,detection,0.0168,True
fd414d3c097f,silverstone_FP3,brake_temp,sensor_dropout,detection,0.0099,True
85601b3ee902,silverstone_FP3,speed,bit_flip_low,detection,0.0148,True
64c9c97f7cb3,silverstone_FP3,throttle,null_value,detection,0.0081,True
43318c2113ed,silverstone_FP3,g_force_lateral,sensor_dropout,detection,0.0081,True
2ea0d6f4023d,silverstone_FP3,throttle,bit_flip_high,detection,0.0137,True
cbb5dedb36fc,silverstone_FP3,speed_canbus,schema_drift,detection,0.0097,True
e3272eb1c06a,silverstone_FP3,throttle,sensor_dropout,detection,0.0073,True
3844c1e47dfd,silverstone_FP3,aero_load,sensor_dropout,detection,0.0072,True
8b14538714a4,silverstone_FP3,throttle,null_value,detection,0.0075,True
358a24e92bb4,silverstone_FP3,throttle,bit_flip_high,detection,0.0131,True
cc58d613522f,silverstone_FP3,engine_temp,bit_flip_low,detection,0.012,True
0bf4c1247bd8,silverstone_FP3,brake_temp,bit_flip_high,detection,0.0123,True
c33075af73a2,silverstone_FP3,ecu_canbus,string_in_numeric,detection,0.0046,True
e1f3c71a2d76,silverstone_FP3,rpm,bit_flip_low,detection,0.0127,True
b76f147ce026,silverstone_FP3,throttle,bit_flip_low,detection,0.0117,True
0b4191a6ae7c,silverstone_FP3,engine_temp,string_in_numeric,detection,0.0045,True
e38d813a3dfb,silverstone_FP3,heart_rate,duplicate_timestamp,detection,0.0118,True
4521d4f06587,silverstone_FP3,ecu_canbus,string_in_numeric,detection,0.0063,True
0ce73e3d6bd2,silverstone_FP3,brake_temp,sensor_dropout,detection,0.0102,True
4117622ac1d8,silverstone_FP3,throttle_new,schema_drift,detection,0.0106,True
a5b0ca28c3a2,silverstone_FP3,engine_temp,bit_flip_low,detection,0.0131,True
1c46d01b6c16,silverstone_FP3,rpm_canbus,schema_drift,detection,0.01,True
de689033dad0,silverstone_FP3,g_force_lateral,duplicate_timestamp,detection,0.0083,True
ec5eb1c1be41,silverstone_FP3,g_force_lateral,duplicate_timestamp,detection,0.0085,True
2071dab58356,silverstone_FP3,brake_temp,duplicate_timestamp,detection,0.0084,True
27a2bc5a6407,silverstone_FP3,engine_temp,bit_flip_low,detection,0.0128,True
2d8ce82e0c22,silverstone_FP3,g_force_lateral,string_in_numeric,detection,0.0047,True
5177f406cfb8,silverstone_FP3,rpm,bit_flip_low,detection,0.0127,True
121fc9e1e6c4,silverstone_FP3,brake_temp,bit_flip_low,detection,0.0122,True
5bf4ef70ef9b,silverstone_FP3,speed,string_in_numeric,detection,0.0047,True
3088d5710128,silverstone_FP3,rpm_new,schema_drift,detection,0.0104,True
21969bc2536c,silverstone_FP3,tyre_pressure_raw,schema_drift,detection,0.0092,True
8ba9a28d2979,silverstone_FP3,engine_temp,bit_flip_low,detection,0.0122,True
d82f6ce4a708,silverstone_FP3,aero_load,bit_flip_high,detection,0.0123,True
3ad54fe0f638,silverstone_FP3,tyre_pressure,sensor_dropout,detection,0.0076,True
528b7fdfbf6d,silverstone_FP3,heart_rate,sensor_dropout,detection,0.0072,True
88d5544b0694,silverstone_FP3,brake_temp,string_in_numeric,detection,0.0046,True
1d825281b272,silverstone_FP3,engine_temp,bit_flip_high,detection,0.0125,True
65c1f34b972a,silverstone_FP3,g_force_lateral,null_value,detection,0.0077,True
9dfb6c0e4b58,silverstone_FP3,engine_temp,null_value,detection,0.0072,True
2f7c1116482b,silverstone_FP3,rpm,bit_flip_low,detection,0.0127,True
87a97eff5f45,silverstone_FP3,tyre_pressure,duplicate_timestamp,detection,0.0087,True
68eb8b909540,silverstone_FP3,brake_temp,sensor_dropout,detection,0.0072,True
98a45b06d3c7,silverstone_FP3,speed_v2,schema_drift,detection,0.0097,True
0a22c8d85575,silverstone_FP3,g_force_lateral,string_in_numeric,detection,0.0046,True
d497649035e0,silverstone_FP3,g_force_lateral,bit_flip_low,detection,0.0132,True
e7e1e926ea16,silverstone_FP3,throttle,null_value,detection,0.0073,True
10651aec15a9,silverstone_FP3,tyre_pressure,string_in_numeric,detection,0.0047,True
d3a9124be5ba,silverstone_FP3,g_force_lateral,bit_flip_low,detection,0.0119,True
e90bf449ac9d,silverstone_FP3,ecu_canbus,duplicate_timestamp,detection,0.008,True
0f2dbd84bd5e,silverstone_FP3,heart_rate,bit_flip_high,detection,0.0195,True
1e3fab61a026,silverstone_FP3,tyre_pressure,string_in_numeric,detection,0.005,True
bd6fcec2063a,silverstone_FP3,brake_temp,string_in_numeric,detection,0.0048,True
d8b17d3ae532,silverstone_FP3,tyre_pressure,duplicate_timestamp,detection,0.0104,True
1f3c07c6f08a,silverstone_FP3,aero_load,bit_flip_low,detection,0.0132,True
7c08875151b2,silverstone_FP3,g_force_lateral_v2,schema_drift,detection,0.0098,True
5b3821d12309,silverstone_FP3,aero_load,duplicate_timestamp,detection,0.0087,True
dcbbd1bcaf6b,silverstone_FP3,aero_load,null_value,detection,0.0101,True
b551a576daa4,silverstone_FP3,brake_temp,null_value,detection,0.0082,True
bcc37a3db95d,silverstone_FP3,aero_load_raw,schema_drift,detection,0.01,True
8d1d1d3fd4de,silverstone_FP3,ecu_canbus,bit_flip_low,detection,0.0096,True
7c19c3695e6f,silverstone_FP3,engine_temp,duplicate_timestamp,detection,0.0088,True
20af69ea57d6,silverstone_FP3,heart_rate,null_value,detection,0.0082,True
82cd9656fb3c,silverstone_FP3,speed,duplicate_timestamp,detection,0.0083,True
eac1c1cb9a2e,silverstone_FP3,tyre_pressure,bit_flip_low,detection,0.0376,True
08ebd5ff244c,silverstone_FP3,speed_v2,schema_drift,detection,0.0101,True
55d45c80eb62,silverstone_FP3,ecu_canbus_alt,schema_drift,detection,0.0093,True
063c385b25ff,silverstone_FP3,heart_rate,duplicate_timestamp,detection,0.0083,True
57590c2f1a8e,silverstone_FP3,engine_temp,bit_flip_high,detection,0.0132,True
d4933952d1d5,silverstone_FP3,speed,duplicate_timestamp,detection,0.0082,True
a3e29670f01d,silverstone_FP3,heart_rate,string_in_numeric,detection,0.0045,True
f6e1ea9f8e43,silverstone_FP3,rpm_new,schema_drift,detection,0.0096,True
0ee2702846ab,silverstone_FP3,engine_temp,string_in_numeric,detection,0.0048,True
58285fc1969c,silverstone_FP3,ecu_canbus,sensor_dropout,detection,0.0071,True
1c233f4ade3a,silverstone_FP3,g_force_lateral,bit_flip_low,detection,0.0126,True
942d3c7418fc,silverstone_FP3,aero_load_canbus,schema_drift,detection,0.0173,True
7fb09e27d2b6,silverstone_FP3,throttle,string_in_numeric,detection,0.0047,True
f45b7e8d0f00,silverstone_FP3,aero_load_raw,schema_drift,detection,0.0102,True
530f09a87338,silverstone_FP3,tyre_pressure,sensor_dropout,detection,0.0086,True
1e22e0824a4b,silverstone_FP3,ecu_canbus,string_in_numeric,detection,0.0054,True
9d71dfd54f7d,silverstone_FP3,heart_rate,null_value,detection,0.0085,True
44466f6aa149,silverstone_FP3,g_force_lateral,sensor_dropout,detection,0.008,True
2b260f1f1dbd,silverstone_FP3,brake_temp,sensor_dropout,detection,0.0075,True
c02c795fbac9,silverstone_FP3,aero_load,sensor_dropout,detection,0.0077,True
b200c4918e4a,silverstone_FP3,speed,sensor_dropout,detection,0.0075,True
721bb7fcd5be,silverstone_FP3,g_force_lateral_v2,schema_drift,detection,0.0094,True
7577db524247,silverstone_FP3,speed,bit_flip_high,detection,0.0159,True
a90a4f73dd7b,silverstone_FP3,rpm,duplicate_timestamp,detection,0.0092,True
e8870b5b6b17,silverstone_FP3,rpm_raw,schema_drift,detection,0.0107,True
cdc3419de372,silverstone_FP3,rpm_canbus,schema_drift,detection,0.0103,True
14505b757258,silverstone_FP3,engine_temp,duplicate_timestamp,detection,0.0086,True
c342326e7e48,silverstone_FP3,rpm,duplicate_timestamp,detection,0.0084,True
36adbc719925,silverstone_FP3,brake_temp,null_value,detection,0.0087,True
936c369cb458,silverstone_FP3,aero_load,null_value,detection,0.0079,True
ef68bcb51043,silverstone_FP3,g_force_lateral,duplicate_timestamp,detection,0.0086,True
e51da1d1f98b,silverstone_FP3,g_force_lateral,duplicate_timestamp,detection,0.0086,True
5bdab2deaff5,silverstone_FP3,g_force_lateral,bit_flip_high,detection,0.0124,True
4eeedc5fd188,silverstone_FP3,engine_temp,sensor_dropout,detection,0.0142,True
9b6ce73c2e7c,silverstone_FP3,brake_temp,string_in_numeric,detection,0.0045,True
cdc2b262f5b6,silverstone_FP3,g_force_lateral,bit_flip_low,detection,0.0121,True
a20c35462ad3,silverstone_FP3,engine_temp,sensor_dropout,detection,0.012,True
611391c50c2e,silverstone_FP3,heart_rate,sensor_dropout,detection,0.0075,True
747ebc40716b,silverstone_FP3,rpm,bit_flip_high,detection,0.0139,True
fcae6173695e,silverstone_FP3,tyre_pressure,sensor_dropout,detection,0.019,True
273f2781f113,silverstone_FP3,engine_temp,sensor_dropout,detection,0.0516,True
8f14c8e42df1,silverstone_FP3,aero_load,null_value,detection,0.0074,True
c43fb8f71d30,silverstone_FP3,ecu_canbus,null_value,detection,0.0083,True
96f294adc31e,silverstone_FP3,heart_rate,string_in_numeric,detection,0.0054,True
89c5999b2e29,silverstone_FP3,aero_load,string_in_numeric,detection,0.0052,True
2480b0d294dd,silverstone_FP3,tyre_pressure_new,schema_drift,detection,0.0108,True
f108f15c1af3,silverstone_FP3,throttle,duplicate_timestamp,detection,0.0093,True
5ecdcd64541d,silverstone_FP3,speed,null_value,detection,0.0078,True
4b03994ac347,silverstone_FP3,rpm,string_in_numeric,detection,0.0049,True
d667b85c53ec,silverstone_FP3,throttle,bit_flip_low,detection,0.0165,True
2390cd6ff1ef,silverstone_FP3,ecu_canbus,bit_flip_low,detection,0.0156,True
3b0d1d6a1b0f,silverstone_FP3,g_force_lateral_new,schema_drift,detection,0.0094,True
3ec99ab2cdee,silverstone_FP3,brake_temp,null_value,detection,0.0077,True
a8158b58d65f,silverstone_FP3,ecu_canbus_canbus,schema_drift,detection,0.0093,True
b226fbfb217f,silverstone_FP3,ecu_canbus,string_in_numeric,detection,0.0058,True
840838d670e8,silverstone_FP3,engine_temp,null_value,detection,0.0073,True
8be34e825779,silverstone_FP3,heart_rate,bit_flip_high,detection,0.0127,True
91761f729f0a,silverstone_FP3,speed,string_in_numeric,detection,0.0049,True
1a2ca4b9e9c3,silverstone_FP3,throttle_alt,schema_drift,detection,0.0096,True
afe1ef386c1f,silverstone_FP3,engine_temp,sensor_dropout,detection,0.0073,True
d7d4ada1fce4,silverstone_FP3,tyre_pressure,duplicate_timestamp,detection,0.018,True
b4150377847c,silverstone_FP3,heart_rate,string_in_numeric,detection,0.0047,True
b8c4830af3f2,silverstone_FP3,heart_rate,bit_flip_high,detection,0.0126,True
625afb4769a2,silverstone_FP3,g_force_lateral,duplicate_timestamp,detection,0.0085,True
d80c533c4852,silverstone_FP3,speed,bit_flip_low,detection,0.013,True
d2e81a1b3e8e,silverstone_FP3,aero_load,duplicate_timestamp,detection,0.0086,True
8209aaa952d7,silverstone_FP3,tyre_pressure,duplicate_timestamp,detection,0.0082,True
44a1bfaff841,silverstone_FP3,ecu_canbus,string_in_numeric,detection,0.0045,True
0f9b8a387388,silverstone_FP3,speed,bit_flip_high,detection,0.0135,True
a2461347d9d0,silverstone_FP3,throttle_alt,schema_drift,detection,0.0104,True
d6fb64f61948,silverstone_FP3,speed,null_value,detection,0.0078,True
53662bccd52a,silverstone_FP3,tyre_pressure,sensor_dropout,detection,0.0085,True
173b6455412a,silverstone_FP3,engine_temp,bit_flip_high,detection,0.0137,True
5f5b394a5ae9,silverstone_FP3,tyre_pressure,bit_flip_low,detection,0.0141,True
3ddc4542c722,silverstone_FP3,g_force_lateral,null_value,detection,0.008,True
13a0d7637b3e,silverstone_FP3,ecu_canbus,bit_flip_low,detection,0.0167,True
2f7b5e1cf119,silverstone_FP3,speed,sensor_dropout,detection,0.0089,True
4067d35ebba8,silverstone_FP3,engine_temp,bit_flip_high,detection,0.0142,True
c244594f0cd0,silverstone_FP3,ecu_canbus,sensor_dropout,detection,0.0077,True
3ad8fb4e8e2d,silverstone_FP3,aero_load,string_in_numeric,detection,0.0061,True
bcd3babcc7b0,silverstone_FP3,g_force_lateral,sensor_dropout,detection,0.0082,True
cf3ede4d3373,silverstone_FP3,rpm,duplicate_timestamp,detection,0.0087,True
8ec110b30c10,silverstone_FP3,throttle,duplicate_timestamp,detection,0.0157,True
01a4fee5743c,silverstone_FP3,engine_temp,null_value,detection,0.0092,True
b573ed9abb41,silverstone_FP3,tyre_pressure,duplicate_timestamp,detection,0.0101,True
f42095e79250,silverstone_FP3,heart_rate,string_in_numeric,detection,0.0045,True
3b4fff28bf04,silverstone_FP3,throttle,string_in_numeric,detection,0.0045,True
39c75f61cda4,silverstone_FP3,brake_temp,bit_flip_high,detection,0.0129,True
32490bd47f19,silverstone_FP3,g_force_lateral,string_in_numeric,detection,0.0052,True
62f1bad62826,silverstone_FP3,speed,null_value,detection,0.0088,True
524ff6167627,silverstone_FP3,engine_temp,bit_flip_low,detection,0.0125,True
23e38d0cd181,silverstone_FP3,heart_rate,duplicate_timestamp,detection,0.008,True
fdf8c919ae8d,silverstone_FP3,throttle,null_value,detection,0.0072,True
8f4fce828551,silverstone_FP3,speed,bit_flip_high,detection,0.0164,True
8960068a0d14,silverstone_FP3,ecu_canbus,bit_flip_low,detection,0.0157,True
4ccee2acd81d,silverstone_FP3,throttle,bit_flip_low,detection,0.0135,True
4c5d7ea688ce,silverstone_FP3,rpm,null_value,detection,0.0076,True
d9bae5449f70,silverstone_FP3,aero_load,string_in_numeric,detection,0.0051,True
714413965621,silverstone_FP3,engine_temp,sensor_dropout,detection,0.0077,True
658d1e11c19e,silverstone_FP3,g_force_lateral,bit_flip_high,detection,0.0127,True
9158749a51ac,silverstone_FP3,throttle,sensor_dropout,detection,0.0086,True
4a6f2f1aea9f,silverstone_FP3,heart_rate,sensor_dropout,detection,0.0076,True
73fdd626166c,silverstone_FP3,speed,string_in_numeric,detection,0.0052,True
81acf0fb15d3,silverstone_FP3,rpm,sensor_dropout,detection,0.0074,True
cfa0373712b2,silverstone_FP3,heart_rate,bit_flip_low,detection,0.013,True
f9624a660329,silverstone_FP3,aero_load,duplicate_timestamp,detection,0.0082,True
e1980eb42678,silverstone_FP3,brake_temp,string_in_numeric,detection,0.0046,True
29df91754157,silverstone_FP3,tyre_pressure_alt,schema_drift,detection,0.0115,True
41f2d5974286,silverstone_FP3,heart_rate_alt,schema_drift,detection,0.0094,True
0d30a800d9ac,silverstone_FP3,throttle_new,schema_drift,detection,0.0098,True
a6dc9e8d94f4,silverstone_FP3,speed,sensor_dropout,detection,0.0073,True
887daf5ccc40,silverstone_FP3,brake_temp_canbus,schema_drift,detection,0.0091,True
60b2dd32b641,silverstone_FP3,ecu_canbus,duplicate_timestamp,detection,0.0083,True
8a6b1c19fca8,silverstone_FP3,g_force_lateral,sensor_dropout,detection,0.0095,True
a687a9798de0,silverstone_FP3,aero_load,duplicate_timestamp,detection,0.0082,True
10f50ed52060,silverstone_FP3,heart_rate,bit_flip_high,detection,0.0125,True
1667d5b427d8,silverstone_FP3,speed,string_in_numeric,detection,0.0045,True
da15b1fa0c75,silverstone_FP3,rpm,null_value,detection,0.0231,True
e9bd22544c04,silverstone_FP3,heart_rate,bit_flip_low,detection,0.0164,True
d11d5ed96125,silverstone_FP3,g_force_lateral,sensor_dropout,detection,0.0092,True
f8ffb9516d33,silverstone_FP3,tyre_pressure_alt,schema_drift,detection,0.0117,True
5ba53b783f23,silverstone_FP3,rpm,null_value,detection,0.0073,True
0e6f795ae92a,silverstone_FP3,heart_rate,null_value,detection,0.0072,True
1155ed8d4046,silverstone_FP3,ecu_canbus,null_value,detection,0.0071,True
fe4fd8357453,silverstone_FP3,tyre_pressure,string_in_numeric,detection,0.0057,True
3b38bf4aa20a,silverstone_FP3,rpm,sensor_dropout,detection,0.0078,True
341a7ed29891,silverstone_FP3,throttle,string_in_numeric,detection,0.0047,True
a8755151442d,silverstone_FP3,g_force_lateral_alt,schema_drift,detection,0.0094,True
2ea2ce15cfd8,silverstone_FP3,heart_rate,sensor_dropout,detection,0.008,True
820f8db68294,silverstone_FP3,ecu_canbus,null_value,detection,0.0078,True
92b4e8d7327f,silverstone_FP3,tyre_pressure,duplicate_timestamp,detection,0.0089,True
c18bccc8d9d0,silverstone_FP3,tyre_pressure,bit_flip_low,detection,0.0128,True
4b6bf23fe1dd,silverstone_FP3,heart_rate_canbus,schema_drift,detection,0.0095,True
e71a86e5b485,silverstone_FP3,engine_temp_alt,schema_drift,detection,0.0089,True
43041ad19615,silverstone_FP3,aero_load,sensor_dropout,detection,0.0074,True
a98bffef90b0,silverstone_FP3,speed,sensor_dropout,detection,0.0072,True
298baf193200,silverstone_FP3,g_force_lateral,bit_flip_low,detection,0.0139,True
bf6a72eb9986,silverstone_FP3,rpm,string_in_numeric,detection,0.0045,True
3b895bf69828,silverstone_FP3,engine_temp_v2,schema_drift,detection,0.009,True
5973caf8ef08,silverstone_FP3,throttle,bit_flip_high,detection,0.0123,True
a2305b83940b,silverstone_FP3,aero_load,duplicate_timestamp,detection,0.0083,True
4f3922b828f1,silverstone_FP3,rpm,bit_flip_high,detection,0.0129,True
b886d7febdef,silverstone_FP3,rpm,bit_flip_low,detection,0.0141,True
71a3804ee622,silverstone_FP3,brake_temp,sensor_dropout,detection,0.0074,True
a176fabc2581,silverstone_FP3,aero_load,duplicate_timestamp,detection,0.0084,True
4959cd0a6cab,silverstone_FP3,heart_rate,duplicate_timestamp,detection,0.0081,True
cd8a3f7ae396,silverstone_FP3,throttle,sensor_dropout,detection,0.0076,True
2be2a044f1e5,silverstone_FP3,aero_load,duplicate_timestamp,detection,0.0085,True
50d2524bc1c6,silverstone_FP3,speed,string_in_numeric,detection,0.0054,True
3ef6ab83c31a,silverstone_FP3,rpm,null_value,detection,0.0083,True
81b45b887880,silverstone_FP3,ecu_canbus,string_in_numeric,detection,0.0048,True
8b9e33a5e485,silverstone_FP3,throttle,bit_flip_high,detection,0.0124,True
027db4ea1998,silverstone_FP3,rpm,duplicate_timestamp,detection,0.0085,True
7a263d4555d2,silverstone_FP3,throttle,duplicate_timestamp,detection,0.0086,True
dcb62aa8cbc3,silverstone_FP3,engine_temp,string_in_numeric,detection,0.0046,True
7696fb99591a,silverstone_FP3,engine_temp,string_in_numeric,detection,0.0043,True
8238c2beedf8,silverstone_FP3,speed,sensor_dropout,detection,0.0077,True
76b5da283293,silverstone_FP3,brake_temp,duplicate_timestamp,detection,0.0088,True
44779766b69b,silverstone_FP3,engine_temp,bit_flip_high,detection,0.0125,True
a66983294295,silverstone_FP3,aero_load,bit_flip_low,detection,0.016,True
5e70b9a92a83,silverstone_FP3,tyre_pressure,duplicate_timestamp,detection,0.0098,True
13fb5d42220f,silverstone_FP3,speed,bit_flip_high,detection,0.0135,True
f422bb29092f,silverstone_FP3,engine_temp,bit_flip_high,detection,0.0125,True
d1a60db5c117,silverstone_FP3,rpm,bit_flip_high,detection,0.0125,True
8afce33b51dd,silverstone_FP3,brake_temp,duplicate_timestamp,detection,0.0087,True
ee005bf5c353,silverstone_FP3,aero_load,null_value,detection,0.0074,True
1740fc8b2bfd,silverstone_FP3,heart_rate,bit_flip_low,detection,0.0127,True
0356d0326c0d,silverstone_FP3,engine_temp,null_value,detection,0.0072,True
9f46ebdbc669,silverstone_FP3,g_force_lateral,null_value,detection,0.0199,True
42b2932ec24c,silverstone_FP3,heart_rate,bit_flip_low,detection,0.0158,True
f0cb8c9a831a,silverstone_FP3,engine_temp,sensor_dropout,detection,0.009,True
e6b0f06402b8,silverstone_FP3,ecu_canbus,bit_flip_low,detection,0.0113,True
0d3a2e6f4133,silverstone_FP3,throttle,sensor_dropout,detection,0.0078,True
1c4db3fe3cb2,silverstone_FP3,engine_temp,bit_flip_low,detection,0.0124,True
4a48ab08e641,silverstone_FP3,ecu_canbus,sensor_dropout,detection,0.0195,True
39b71016d91a,silverstone_FP3,tyre_pressure,string_in_numeric,detection,0.0059,True
eecf205f3ddd,silverstone_FP3,heart_rate,string_in_numeric,detection,0.0047,True
2a1253e704b0,silverstone_FP3,speed,sensor_dropout,detection,0.0078,True
0732824be72c,silverstone_FP3,engine_temp,string_in_numeric,detection,0.0049,True
5589a33ef60f,silverstone_FP3,speed,duplicate_timestamp,detection,0.0095,True
e344b13e1cf1,silverstone_FP3,rpm,bit_flip_high,detection,0.0237,True
6f7368e25fb5,silverstone_FP3,throttle,sensor_dropout,detection,0.0075,True
83e88e84dca9,silverstone_FP3,brake_temp,string_in_numeric,detection,0.0048,True
f9625fc11a8a,silverstone_FP3,heart_rate,sensor_dropout,detection,0.0113,True
ce33554c6cfe,silverstone_FP3,throttle,sensor_dropout,detection,0.0113,True
8e7e3fffaaf0,silverstone_FP3,brake_temp,null_value,detection,0.0107,True
825bb2835a4b,silverstone_FP3,heart_rate,null_value,detection,0.0077,True
c6cb8ac64980,silverstone_FP3,ecu_canbus,sensor_dropout,detection,0.0078,True
ef5de590464b,silverstone_FP3,speed,string_in_numeric,detection,0.0053,True
ba06cd8edc2e,silverstone_FP3,brake_temp,duplicate_timestamp,detection,0.0087,True
3fb6bea1457b,silverstone_FP3,engine_temp,duplicate_timestamp,detection,0.0083,True
0c336fe0c5e2,silverstone_FP3,g_force_lateral,string_in_numeric,detection,0.0047,True
50a23c482045,silverstone_FP3,throttle,sensor_dropout,detection,0.0075,True
5395578af077,silverstone_FP3,engine_temp,duplicate_timestamp,detection,0.0086,True
67da37174386,silverstone_FP3,speed,bit_flip_low,detection,0.0129,True
89ceda1ae3f8,silverstone_FP3,brake_temp,bit_flip_high,detection,0.0123,True
801754f34631,silverstone_FP3,throttle,bit_flip_low,detection,0.0141,True
32b9348072ea,silverstone_FP3,heart_rate,string_in_numeric,detection,0.0049,True
61858f5154e5,silverstone_FP3,speed,bit_flip_low,detection,0.0134,True
1e875cc17bb9,silverstone_FP3,aero_load_new,schema_drift,detection,0.0097,True
d53396ac27dc,silverstone_FP3,heart_rate,duplicate_timestamp,detection,0.0086,True
1c68dc7e4a7c,silverstone_FP3,rpm,string_in_numeric,detection,0.0047,True
d3ee4ab815cd,silverstone_FP3,brake_temp,duplicate_timestamp,detection,0.0087,True
42cca0bcc088,silverstone_FP3,engine_temp,sensor_dropout,detection,0.0077,True
bdeb1577ee29,silverstone_FP3,tyre_pressure,null_value,detection,0.0125,True
f1572be0c9e1,silverstone_FP3,heart_rate,sensor_dropout,detection,0.0103,True
1f67e973eb0b,silverstone_FP3,brake_temp,null_value,detection,0.0095,True
e9f9e6e2bc0c,silverstone_FP3,aero_load_alt,schema_drift,detection,0.0122,True
c707f79d1300,silverstone_FP3,aero_load,bit_flip_low,detection,0.0132,True
d1c6bcf95d95,silverstone_FP3,speed,duplicate_timestamp,detection,0.0084,True
ae6980fde154,silverstone_FP3,aero_load,null_value,detection,0.0071,True
b87db53d16fb,silverstone_FP3,aero_load,string_in_numeric,detection,0.0178,True
1875a098bae0,silverstone_FP3,ecu_canbus_canbus,schema_drift,detection,0.0268,True
a089033628b8,silverstone_FP3,ecu_canbus_canbus,schema_drift,detection,0.0102,True
323ea45a17a0,silverstone_FP3,speed,bit_flip_high,detection,0.0139,True
9feb07163e94,silverstone_FP3,aero_load,bit_flip_high,detection,0.0131,True
783c7d21cf48,silverstone_FP3,speed,bit_flip_high,detection,0.013,True
3eb7e7d47e7f,silverstone_FP3,heart_rate,string_in_numeric,detection,0.005,True
bf9d9b4ec432,silverstone_FP3,brake_temp,bit_flip_low,detection,0.013,True
102c2a76bc8b,silverstone_FP3,engine_temp,bit_flip_high,detection,0.0122,True
f06fa6830423,silverstone_FP3,aero_load,duplicate_timestamp,detection,0.0086,True
b2b8abc66926,silverstone_FP3,rpm,bit_flip_low,detection,0.0132,True
b54d6db308c2,silverstone_FP3,engine_temp,duplicate_timestamp,detection,0.0089,True
5bef6bd4c086,silverstone_FP3,ecu_canbus_raw,schema_drift,detection,0.0096,True
76b45b300cf8,silverstone_FP3,g_force_lateral,duplicate_timestamp,detection,0.0085,True
c4a7c23ded5f,silverstone_FP3,ecu_canbus,bit_flip_low,detection,0.0127,True
a835ac8f45d4,silverstone_FP3,rpm,null_value,detection,0.008,True
3eee5123675e,silverstone_FP3,brake_temp_raw,schema_drift,detection,0.009,True
20de665dd4bf,silverstone_FP3,engine_temp_v2,schema_drift,detection,0.0087,True
1e53ce6191b9,silverstone_FP3,speed,bit_flip_high,detection,0.0127,True
ce35c79e6556,silverstone_FP3,engine_temp,duplicate_timestamp,detection,0.0092,True
6065ca2ab9d3,silverstone_FP3,rpm_new,schema_drift,detection,0.0103,True
cfa1f3c85543,silverstone_FP3,ecu_canbus,sensor_dropout,detection,0.008,True
b1f85e339d87,silverstone_FP3,rpm,bit_flip_high,detection,0.0131,True
c404c33e8fab,silverstone_FP3,engine_temp,bit_flip_low,detection,0.0124,True
bd7c343647bb,silverstone_FP3,speed,bit_flip_low,detection,0.0128,True
1c336bb6d978,silverstone_FP3,throttle,bit_flip_low,detection,0.0125,True
00d974b00be2,silverstone_FP3,ecu_canbus_canbus,schema_drift,detection,0.0099,True
19ad103a8cd1,silverstone_FP3,rpm,bit_flip_high,detection,0.013,True
747eb4b8684c,silverstone_FP3,ecu_canbus,sensor_dropout,detection,0.0073,True
1ad29c121bd5,silverstone_FP3,brake_temp,bit_flip_high,detection,0.0134,True
4b83bc44d343,silverstone_FP3,tyre_pressure,duplicate_timestamp,detection,0.0081,True
80bf75d3a6f2,silverstone_FP3,heart_rate_new,schema_drift,detection,0.0091,True
2b7b623aaae0,silverstone_FP3,rpm,bit_flip_low,detection,0.0131,True
97a2d08d0f93,silverstone_FP3,brake_temp,bit_flip_high,detection,0.0128,True
517986fb2d47,silverstone_FP3,ecu_canbus,string_in_numeric,detection,0.0051,True
4f1ac609751d,silverstone_FP3,throttle,bit_flip_high,detection,0.0127,True
fcde795b2aa6,silverstone_FP3,engine_temp,duplicate_timestamp,detection,0.0088,True
b8a64a417a95,silverstone_FP3,aero_load_v2,schema_drift,detection,0.0091,True
2af9f07ba875,silverstone_FP3,throttle,null_value,detection,0.0077,True
8fba41992163,silverstone_FP3,brake_temp_raw,schema_drift,detection,0.0097,True
bf5ae6680418,silverstone_FP3,throttle,bit_flip_high,detection,0.0131,True
ed49738b0684,silverstone_FP3,brake_temp,sensor_dropout,detection,0.0077,True
8c6d923ef61a,silverstone_FP3,ecu_canbus_alt,schema_drift,detection,0.0089,True
9708a11b1e2d,silverstone_FP3,throttle_v2,schema_drift,detection,0.0151,True
f7fbad6afc49,silverstone_FP3,heart_rate,null_value,detection,0.0071,True
511a2319427c,silverstone_FP3,throttle,sensor_dropout,detection,0.0089,True
5f10bcf6ab3e,silverstone_FP3,brake_temp_canbus,schema_drift,detection,0.034,True
52f729e4a573,silverstone_FP3,tyre_pressure,string_in_numeric,detection,0.0051,True
74450353aeaa,silverstone_FP3,g_force_lateral,bit_flip_low,detection,0.0129,True
2234fa9c165c,silverstone_FP3,aero_load,bit_flip_low,detection,0.0156,True
bdf0ae9695e6,silverstone_FP3,brake_temp,sensor_dropout,detection,0.0087,True
7b2cc666ab5a,silverstone_FP3,rpm,sensor_dropout,detection,0.0075,True
c5c7f950ab3d,silverstone_FP3,aero_load,string_in_numeric,detection,0.0048,True
679c120cd3a8,silverstone_FP3,g_force_lateral_new,schema_drift,detection,0.0107,True
05326e3a1ec2,silverstone_FP3,throttle,string_in_numeric,detection,0.0049,True
b98945afd8b1,silverstone_FP3,engine_temp,null_value,detection,0.0074,True
342b788a94db,silverstone_FP3,speed,bit_flip_high,detection,0.0134,True
eb4b81c4a468,silverstone_FP3,aero_load,duplicate_timestamp,detection,0.0126,True
35f299bbc873,silverstone_FP3,heart_rate,sensor_dropout,detection,0.0106,True
6745ce15b864,silverstone_FP3,throttle,bit_flip_high,detection,0.0178,True
961716a96ed8,silverstone_FP3,heart_rate,string_in_numeric,detection,0.0063,True
552812cf7bea,silverstone_FP3,engine_temp,null_value,detection,0.0093,True
95975fc218a2,silverstone_FP3,rpm_alt,schema_drift,detection,0.0096,True
f34d3fcfdd2f,silverstone_FP3,aero_load,duplicate_timestamp,detection,0.0082,True
db08e90fd84b,silverstone_FP3,rpm,duplicate_timestamp,detection,0.0079,True
62563a295e28,silverstone_FP3,brake_temp,duplicate_timestamp,detection,0.0082,True
8fd8c8fde0e8,silverstone_FP3,engine_temp,string_in_numeric,detection,0.0046,True
e2c08bafb12e,silverstone_FP3,heart_rate,string_in_numeric,detection,0.0048,True
03c510e90467,silverstone_FP3,engine_temp,string_in_numeric,detection,0.0049,True
4ec017d6cdf2,silverstone_FP3,aero_load,bit_flip_low,detection,0.0485,True
ec04a39e7514,silverstone_FP3,ecu_canbus_alt,schema_drift,detection,0.0142,True
bf4979d83721,silverstone_FP3,g_force_lateral,sensor_dropout,detection,0.0104,True
e8affe4e6d82,silverstone_FP3,aero_load_alt,schema_drift,detection,0.0164,True
943db7288831,silverstone_FP3,tyre_pressure,bit_flip_high,detection,0.0123,True
e2f512db86ce,silverstone_FP3,aero_load,bit_flip_low,detection,0.0128,True
15850991faa9,silverstone_FP3,g_force_lateral,bit_flip_low,detection,0.0153,False
e3230a704982,silverstone_FP3,rpm_raw,schema_drift,detection,0.0094,True
fe5caed9baf7,silverstone_FP3,ecu_canbus,duplicate_timestamp,detection,0.0087,True
9f91ccd9af26,silverstone_FP3,speed,duplicate_timestamp,detection,0.0091,True
da6a6a9ed0d9,silverstone_FP3,engine_temp,null_value,detection,0.0075,True
8424b597bc54,silverstone_FP3,brake_temp,bit_flip_low,detection,0.013,True
8621325cf762,silverstone_FP3,engine_temp,sensor_dropout,detection,0.0077,True
3372afc99c16,silverstone_FP3,aero_load,sensor_dropout,detection,0.0112,True
e05daeeaabda,silverstone_FP3,ecu_canbus,bit_flip_low,detection,0.0107,True
a89afe5c53b5,silverstone_FP3,brake_temp_canbus,schema_drift,detection,0.0096,True
05bd833b44f4,silverstone_FP3,throttle,sensor_dropout,detection,0.0085,True
16647d97d8a5,silverstone_FP3,heart_rate,bit_flip_low,detection,0.0138,True
336e21f40d1c,silverstone_FP3,ecu_canbus,bit_flip_low,detection,0.0133,True
da69c7f2712e,silverstone_FP3,rpm,null_value,detection,0.0079,True
aa73ad62c680,silverstone_FP3,throttle,bit_flip_high,detection,0.0132,True
12d6811c44b5,silverstone_FP3,brake_temp,duplicate_timestamp,detection,0.0088,True
a2a37edac77a,silverstone_FP3,rpm,duplicate_timestamp,detection,0.0084,True
5690cb0989ab,silverstone_FP3,aero_load,duplicate_timestamp,detection,0.0109,True
1b86ec6f4414,silverstone_FP3,tyre_pressure_alt,schema_drift,detection,0.0111,True
88ce6c470f8b,silverstone_FP3,ecu_canbus,string_in_numeric,detection,0.005,True
087e08d69743,silverstone_FP3,g_force_lateral_new,schema_drift,detection,0.0098,True
3cef723343bb,silverstone_FP3,tyre_pressure,string_in_numeric,detection,0.0048,True
265f5032ca77,silverstone_FP3,ecu_canbus_raw,schema_drift,detection,0.0095,True
7ee8b24fe360,silverstone_FP3,engine_temp,null_value,detection,0.0076,True
03d795afa074,silverstone_FP3,g_force_lateral,null_value,detection,0.0077,True
c40fc4a53fff,silverstone_FP3,throttle,null_value,detection,0.0078,True
7cf45b35f2cf,silverstone_FP3,rpm_canbus,schema_drift,detection,0.0096,True
8ff42dd7f3e2,silverstone_FP3,g_force_lateral,bit_flip_low,detection,0.0124,True
723c7883c668,silverstone_FP3,ecu_canbus,bit_flip_high,detection,0.0139,True
4370ee7cf497,silverstone_FP3,g_force_lateral_canbus,schema_drift,detection,0.0095,True
286357ea1098,silverstone_FP3,speed,null_value,detection,0.0076,True
359519165811,silverstone_FP3,tyre_pressure,null_value,detection,0.0079,True
c41ec102e20c,silverstone_FP3,heart_rate,string_in_numeric,detection,0.0055,True
6e1c768b0ff7,silverstone_FP3,speed,bit_flip_high,detection,0.0135,True
c34ab69dd365,silverstone_FP3,g_force_lateral,bit_flip_low,detection,0.0126,True
2a9a0ada3018,silverstone_FP3,rpm,bit_flip_high,detection,0.0135,True
9fc4cea916b3,silverstone_FP3,aero_load,bit_flip_low,detection,0.0184,True
4496e8452151,silverstone_FP3,rpm_new,schema_drift,detection,0.0107,True
41d493e7a49e,silverstone_FP3,heart_rate,null_value,detection,0.0076,True
d441e4f7e773,silverstone_FP3,g_force_lateral,bit_flip_low,detection,0.0242,True
c36333e431e7,silverstone_FP3,tyre_pressure,string_in_numeric,detection,0.0051,True
c75ce84a7740,silverstone_FP3,ecu_canbus,sensor_dropout,detection,0.0082,True
0f74f0997de5,silverstone_FP3,engine_temp,null_value,detection,0.0077,True
534c937f4524,silverstone_FP3,aero_load,bit_flip_high,detection,0.0246,True
da2f99c82183,silverstone_FP3,ecu_canbus,null_value,detection,0.0078,True
ddada6f3aacf,silverstone_FP3,speed_new,schema_drift,detection,0.0097,True
d4438d8cbec6,silverstone_FP3,rpm,bit_flip_high,detection,0.0135,True
1ddf6c828e9d,silverstone_FP3,ecu_canbus,bit_flip_high,detection,0.0171,True
b0d7504783b4,silverstone_FP3,g_force_lateral,sensor_dropout,detection,0.0093,True
f64e2e2b7239,silverstone_FP3,speed,bit_flip_low,detection,0.0156,True
048ad5530aa3,silverstone_FP3,tyre_pressure,sensor_dropout,detection,0.0094,True
c1bab625b01e,silverstone_FP3,ecu_canbus,sensor_dropout,detection,0.0078,True
07452193843c,silverstone_FP3,brake_temp,bit_flip_high,detection,0.0139,True
319b41507074,silverstone_FP3,rpm,bit_flip_low,detection,0.0142,True
e41294b59453,silverstone_FP3,ecu_canbus,bit_flip_low,detection,0.0092,False
90ce8c5e3f9c,silverstone_FP3,throttle,duplicate_timestamp,detection,0.0084,True
49cce4396782,silverstone_FP3,heart_rate,bit_flip_low,detection,0.0129,True
79e3baba3df5,silverstone_FP3,rpm,sensor_dropout,detection,0.0075,True
aa78d87878a8,silverstone_FP3,throttle,duplicate_timestamp,detection,0.0082,True
b8aa6adfecf8,silverstone_FP3,aero_load,sensor_dropout,detection,0.0075,True
872692599a36,silverstone_FP3,throttle_alt,schema_drift,detection,0.0095,True
78e655a9c306,silverstone_FP3,aero_load,sensor_dropout,detection,0.0072,True
10b077d3bfe6,silverstone_FP3,speed,bit_flip_high,detection,0.0145,True
c2d738430520,silverstone_FP3,ecu_canbus,string_in_numeric,detection,0.0049,True
8249e2913a94,silverstone_FP3,g_force_lateral,null_value,detection,0.0077,True
6bce51d86be4,silverstone_FP3,g_force_lateral,duplicate_timestamp,detection,0.0085,True
9535520d20d2,silverstone_FP3,ecu_canbus,string_in_numeric,detection,0.0045,True
d3bac06dbef7,silverstone_FP3,g_force_lateral,null_value,detection,0.0078,True
4a10490e39b6,silverstone_FP3,brake_temp,duplicate_timestamp,detection,0.0085,True
6fda55f8622e,silverstone_FP3,g_force_lateral,bit_flip_high,detection,0.0229,True
b1d9caf6b520,silverstone_FP3,rpm,bit_flip_high,detection,0.0131,True
8b30fce83d48,silverstone_FP3,tyre_pressure,string_in_numeric,detection,0.0056,True
e01bca103633,silverstone_FP3,throttle,bit_flip_high,detection,0.0142,True
13b588ea7cf8,silverstone_FP3,g_force_lateral_canbus,schema_drift,detection,0.0095,True
a877873cbb15,silverstone_FP3,ecu_canbus,string_in_numeric,detection,0.005,True
d94f7150fe57,silverstone_FP3,throttle,bit_flip_high,detection,0.0133,True
bdf96de16178,silverstone_FP3,engine_temp,bit_flip_low,detection,0.0124,True
77b9439aedf6,silverstone_FP3,aero_load,sensor_dropout,detection,0.0074,True
2f956c45ef69,silverstone_FP3,aero_load_raw,schema_drift,detection,0.0127,True
544a24a7a136,silverstone_FP3,ecu_canbus,duplicate_timestamp,detection,0.0091,True
49431ba5d30a,silverstone_FP3,speed,bit_flip_high,detection,0.0128,True
b2bf571eb1be,silverstone_FP3,speed,string_in_numeric,detection,0.0067,True
0f875dbfc995,silverstone_FP3,brake_temp,null_value,detection,0.0081,True
df3245844b73,silverstone_FP3,heart_rate,bit_flip_low,detection,0.0146,True
327c05d6d518,silverstone_FP3,rpm,duplicate_timestamp,detection,0.0096,True
dacb3f70ec4f,silverstone_FP3,brake_temp,string_in_numeric,detection,0.0047,True
ae8072f2a20d,silverstone_FP3,tyre_pressure,null_value,detection,0.0121,True
eb48cd615243,silverstone_FP3,speed,null_value,detection,0.0074,True
d3a4bd928b6a,silverstone_FP3,tyre_pressure_raw,schema_drift,detection,0.0097,True
61e3a051a25c,silverstone_FP3,throttle,duplicate_timestamp,detection,0.0092,True
136ebd7f6943,silverstone_FP3,aero_load,string_in_numeric,detection,0.0049,True
376774d4c50c,silverstone_FP3,tyre_pressure,bit_flip_low,detection,0.0135,True
1ecb0c3551a2,silverstone_FP3,brake_temp,sensor_dropout,detection,0.0073,True
fd0e289f4ac5,silverstone_FP3,speed,duplicate_timestamp,detection,0.0084,True
737a3df8a2e2,silverstone_FP3,g_force_lateral,string_in_numeric,detection,0.0046,True
c6d683cceed5,silverstone_FP3,speed,duplicate_timestamp,detection,0.0083,True
067fed75ee88,silverstone_FP3,tyre_pressure,sensor_dropout,detection,0.0074,True
a3876822abc8,silverstone_FP3,ecu_canbus,string_in_numeric,detection,0.0046,True
bc79b6a4b0e1,silverstone_FP3,rpm_v2,schema_drift,detection,0.0093,True
4fe07319bf2f,silverstone_FP3,brake_temp,string_in_numeric,detection,0.0047,True
cd67c4476b57,silverstone_FP3,ecu_canbus,bit_flip_high,detection,0.0259,True
6b2f13881cb5,silverstone_FP3,rpm,bit_flip_high,detection,0.0252,True
7aa8ec767236,silverstone_FP3,engine_temp,bit_flip_high,detection,0.0234,True
7cd6656fc7ac,silverstone_FP3,ecu_canbus,sensor_dropout,detection,0.0146,True
e40834316679,silverstone_FP3,heart_rate,sensor_dropout,detection,0.0084,True
e605c474adf5,silverstone_FP3,heart_rate,null_value,detection,0.0072,True
a32ba1504527,silverstone_FP3,g_force_lateral,bit_flip_high,detection,0.0118,True
27bdff46942c,silverstone_FP3,aero_load,duplicate_timestamp,detection,0.0078,True
ed6d8e710392,silverstone_FP3,ecu_canbus_canbus,schema_drift,detection,0.0099,True
2f5aed26e333,silverstone_FP3,aero_load,bit_flip_low,detection,0.0137,True
1bef3fa72644,silverstone_FP3,heart_rate_raw,schema_drift,detection,0.0172,True
78e4fb05d614,silverstone_FP3,speed,null_value,detection,0.0072,True
b9b30cfb2a78,silverstone_FP3,throttle,sensor_dropout,detection,0.0075,True
f22269e9390a,silverstone_FP3,ecu_canbus,bit_flip_low,detection,0.0132,True
4f30e8b64245,silverstone_QUALI,aero_load,bit_flip_high,detection,0.0137,True
29576586f8b8,silverstone_QUALI,tyre_pressure,null_value,detection,0.011,True
b1c38c1963c3,silverstone_QUALI,throttle_v2,schema_drift,detection,0.0102,True
c257881ddbda,silverstone_QUALI,g_force_lateral,bit_flip_low,detection,0.0186,True
c60a565155ce,silverstone_QUALI,speed,null_value,detection,0.0103,True
378ce3cddcbd,silverstone_QUALI,brake_temp,null_value,detection,0.007,True
350ca83c45b8,silverstone_QUALI,brake_temp,bit_flip_low,detection,0.0126,True
09202358f0cf,silverstone_QUALI,ecu_canbus,null_value,detection,0.0075,True
f993570ffe7d,silverstone_QUALI,rpm,duplicate_timestamp,detection,0.0078,True
71fbf53329ce,silverstone_QUALI,ecu_canbus,string_in_numeric,detection,0.0046,True
1f978ee4b83b,silverstone_QUALI,speed,bit_flip_low,detection,0.0132,True
1073b2898ce7,silverstone_QUALI,throttle,null_value,detection,0.0077,True
d458a76b520a,silverstone_QUALI,ecu_canbus,bit_flip_high,detection,0.0125,True
8e958e444ad9,silverstone_QUALI,tyre_pressure,bit_flip_low,detection,0.0127,True
4445d37fe124,silverstone_QUALI,speed,bit_flip_high,detection,0.0137,True
c25f4df8d63c,silverstone_QUALI,aero_load,sensor_dropout,detection,0.0076,True
87c2e933539a,silverstone_QUALI,tyre_pressure,string_in_numeric,detection,0.0049,True
fce6500c05e4,silverstone_QUALI,g_force_lateral,null_value,detection,0.008,True
bb22d9d197cd,silverstone_QUALI,speed,bit_flip_high,detection,0.0137,True
392c424dad22,silverstone_QUALI,heart_rate,sensor_dropout,detection,0.0082,True
83bc2fd55b5a,silverstone_QUALI,g_force_lateral,sensor_dropout,detection,0.008,True
735352f1a700,silverstone_QUALI,speed,duplicate_timestamp,detection,0.0091,True
4f2dd00d673c,silverstone_QUALI,brake_temp,bit_flip_low,detection,0.0194,True
633fab9a4093,silverstone_QUALI,brake_temp_raw,schema_drift,detection,0.0095,True
6c3e807fcf75,silverstone_QUALI,tyre_pressure_v2,schema_drift,detection,0.0091,True
1506260d9c85,silverstone_QUALI,heart_rate,sensor_dropout,detection,0.0074,True
13bba5b6bca2,silverstone_QUALI,rpm,string_in_numeric,detection,0.0047,True
f89794798c5e,silverstone_QUALI,tyre_pressure,sensor_dropout,detection,0.0071,True
ef489628c08f,silverstone_QUALI,ecu_canbus,bit_flip_low,detection,0.0127,True
33e3bab47465,silverstone_QUALI,ecu_canbus,bit_flip_low,detection,0.0173,True
b18bc7bec1f3,silverstone_QUALI,engine_temp,string_in_numeric,detection,0.0048,True
8942345842b1,silverstone_QUALI,brake_temp,null_value,detection,0.007,True
b192e34dd3fd,silverstone_QUALI,brake_temp_raw,schema_drift,detection,0.0088,True
02421de05409,silverstone_QUALI,rpm_v2,schema_drift,detection,0.0095,True
3b6d00711ba5,silverstone_QUALI,brake_temp,string_in_numeric,detection,0.0045,True
3634fc28765f,silverstone_QUALI,tyre_pressure,null_value,detection,0.0074,True
3636673b8fe7,silverstone_QUALI,speed,bit_flip_low,detection,0.0127,True
454e407b3707,silverstone_QUALI,throttle,bit_flip_high,detection,0.0123,True
4dafaf463c5a,silverstone_QUALI,engine_temp,null_value,detection,0.0075,True
340fa881a77c,silverstone_QUALI,speed,bit_flip_low,detection,0.0133,True
9133ed76f068,silverstone_QUALI,tyre_pressure,sensor_dropout,detection,0.0076,True
e0d632e53f22,silverstone_QUALI,speed,null_value,detection,0.0077,True
053f6bac7808,silverstone_QUALI,speed,sensor_dropout,detection,0.0076,True
b830b5f70b19,silverstone_QUALI,brake_temp,duplicate_timestamp,detection,0.0101,True
a01bc56c637c,silverstone_QUALI,ecu_canbus,duplicate_timestamp,detection,0.0086,True
b25dd1e6f014,silverstone_QUALI,throttle,bit_flip_high,detection,0.0133,True
5f3cc557d40c,silverstone_QUALI,engine_temp,duplicate_timestamp,detection,0.0165,True
6a3653427e4d,silverstone_QUALI,speed,string_in_numeric,detection,0.0074,True
0348de0d067a,silverstone_QUALI,brake_temp,sensor_dropout,detection,0.0074,True
dee9643535bd,silverstone_QUALI,brake_temp,duplicate_timestamp,detection,0.0083,True
7e263143d367,silverstone_QUALI,g_force_lateral_raw,schema_drift,detection,0.0091,True
c928beff51f2,silverstone_QUALI,heart_rate_v2,schema_drift,detection,0.0099,True
dfaca10420aa,silverstone_QUALI,tyre_pressure,string_in_numeric,detection,0.0051,True
0248aa27f1a4,silverstone_QUALI,g_force_lateral_new,schema_drift,detection,0.0102,True
d5284799c674,silverstone_QUALI,aero_load,duplicate_timestamp,detection,0.0081,True
b67792ca8cb1,silverstone_QUALI,ecu_canbus,bit_flip_low,detection,0.0127,True
011b4cc04481,silverstone_QUALI,speed,duplicate_timestamp,detection,0.0081,True
5bc42a00fb2b,silverstone_QUALI,brake_temp,bit_flip_low,detection,0.0123,True
5f178de01891,silverstone_QUALI,engine_temp,bit_flip_low,detection,0.0119,True
831371e9106f,silverstone_QUALI,aero_load,bit_flip_low,detection,0.0124,True
9c0f57d9029a,silverstone_QUALI,heart_rate,sensor_dropout,detection,0.0088,True
cb8f90fda099,silverstone_QUALI,ecu_canbus,sensor_dropout,detection,0.0072,True
8af3546ce94f,silverstone_QUALI,heart_rate_alt,schema_drift,detection,0.0105,True
77ebdcc92ab5,silverstone_QUALI,g_force_lateral,duplicate_timestamp,detection,0.017,True
c1f1c2f3495d,silverstone_QUALI,aero_load,duplicate_timestamp,detection,0.0112,True
223e7f51b7bb,silverstone_QUALI,heart_rate,null_value,detection,0.0111,True
506d3d05d74a,silverstone_QUALI,rpm,sensor_dropout,detection,0.0081,True
4ec4a74b457d,silverstone_QUALI,aero_load,bit_flip_high,detection,0.0127,True
e454e7571973,silverstone_QUALI,tyre_pressure,bit_flip_low,detection,0.0123,True
cba9bf537c8a,silverstone_QUALI,speed_new,schema_drift,detection,0.0091,True
cd7152adf2a2,silverstone_QUALI,tyre_pressure,duplicate_timestamp,detection,0.0084,True
96891e4ac50b,silverstone_QUALI,g_force_lateral,bit_flip_high,detection,0.0141,True
891bc0b212ec,silverstone_QUALI,speed,bit_flip_low,detection,0.0144,True
d834a2c056e1,silverstone_QUALI,brake_temp,sensor_dropout,detection,0.0084,True
67ea1d1af6c1,silverstone_QUALI,ecu_canbus_new,schema_drift,detection,0.01,True
3ac5dfeb3941,silverstone_QUALI,g_force_lateral,null_value,detection,0.0097,True
21e5cca7e576,silverstone_QUALI,speed,bit_flip_low,detection,0.0157,True
5e285f97e16d,silverstone_QUALI,speed,bit_flip_high,detection,0.0127,True
547e98cb659e,silverstone_QUALI,engine_temp,bit_flip_low,detection,0.0125,True
26b889fbab93,silverstone_QUALI,aero_load_v2,schema_drift,detection,0.0102,True
b38e4d280ccf,silverstone_QUALI,tyre_pressure,bit_flip_high,detection,0.0131,True
6bd11ec68f89,silverstone_QUALI,brake_temp,sensor_dropout,detection,0.0076,True
bc199e9f9119,silverstone_QUALI,speed,sensor_dropout,detection,0.0083,True
87270f722a47,silverstone_QUALI,tyre_pressure,sensor_dropout,detection,0.0079,True
b680e044fe76,silverstone_QUALI,ecu_canbus,duplicate_timestamp,detection,0.0091,True
501adba66a99,silverstone_QUALI,aero_load,null_value,detection,0.0078,True
335a4b0c7532,silverstone_QUALI,speed,null_value,detection,0.0077,True
82dd66c01f46,silverstone_QUALI,tyre_pressure,sensor_dropout,detection,0.0078,True
794d368ec5f8,silverstone_QUALI,engine_temp_alt,schema_drift,detection,0.0098,True
78332dd15eb5,silverstone_QUALI,throttle,duplicate_timestamp,detection,0.0101,True
df542cafbf66,silverstone_QUALI,brake_temp,bit_flip_low,detection,0.0143,True
8f191e928b57,silverstone_QUALI,speed,duplicate_timestamp,detection,0.009,True
d43f86e322d7,silverstone_QUALI,tyre_pressure,string_in_numeric,detection,0.005,True
273030da927f,silverstone_QUALI,throttle,bit_flip_high,detection,0.0137,True
7ecc38bf2877,silverstone_QUALI,rpm,bit_flip_high,detection,0.0139,True
40056a892173,silverstone_QUALI,engine_temp,string_in_numeric,detection,0.0048,True
20166ccf1574,silverstone_QUALI,tyre_pressure,string_in_numeric,detection,0.0049,True
a452189ec7a1,silverstone_QUALI,speed,string_in_numeric,detection,0.005,True
66f632fa143d,silverstone_QUALI,rpm,sensor_dropout,detection,0.0081,True
dd07cd1873df,silverstone_QUALI,aero_load,bit_flip_high,detection,0.0128,True
646e59aeeee8,silverstone_QUALI,tyre_pressure,bit_flip_high,detection,0.0124,True
6e616605c0b6,silverstone_QUALI,heart_rate,bit_flip_high,detection,0.0121,True
a1768d15a315,silverstone_QUALI,g_force_lateral_raw,schema_drift,detection,0.0095,True
cdedef6e114e,silverstone_QUALI,ecu_canbus,bit_flip_low,detection,0.014,True
3783be498c7c,silverstone_QUALI,speed,bit_flip_low,detection,0.0136,True
4e7ae297678a,silverstone_QUALI,speed,sensor_dropout,detection,0.0083,True
218340354788,silverstone_QUALI,g_force_lateral,duplicate_timestamp,detection,0.0089,True
5b04831a6e02,silverstone_QUALI,rpm_new,schema_drift,detection,0.0102,True
7f3ea6e0331d,silverstone_QUALI,ecu_canbus,null_value,detection,0.0074,True
355090f367c1,silverstone_QUALI,brake_temp,sensor_dropout,detection,0.0073,True
dd8f9d53b8b5,silverstone_QUALI,aero_load,duplicate_timestamp,detection,0.0146,True
25644ea2abb2,silverstone_QUALI,brake_temp,bit_flip_high,detection,0.0124,True
36e1c26fa4dd,silverstone_QUALI,heart_rate,bit_flip_high,detection,0.012,True
fd5bde52355f,silverstone_QUALI,throttle,bit_flip_low,detection,0.0136,True
e6c14dca284b,silverstone_QUALI,brake_temp,bit_flip_low,detection,0.0134,True
9bbe11782a3d,silverstone_QUALI,rpm,null_value,detection,0.0077,True
3bfe3d47db86,silverstone_QUALI,throttle,bit_flip_low,detection,0.0177,True
2c18d38dfd3e,silverstone_QUALI,tyre_pressure_new,schema_drift,detection,0.0104,True
bfa44e1e9024,silverstone_QUALI,throttle,string_in_numeric,detection,0.0071,True
a43f254c680c,silverstone_QUALI,brake_temp_new,schema_drift,detection,0.0142,True
a12bf28adff8,silverstone_QUALI,rpm,bit_flip_high,detection,0.0187,True
b62262c82a8b,silverstone_QUALI,throttle,bit_flip_low,detection,0.0187,True
6f5f9b4a6e5c,silverstone_QUALI,aero_load,null_value,detection,0.0123,True
ccd65cf0ebc1,silverstone_QUALI,speed,duplicate_timestamp,detection,0.0082,True
95a436898ba5,silverstone_QUALI,ecu_canbus,bit_flip_low,detection,0.0177,True
318b113f696f,silverstone_QUALI,heart_rate,bit_flip_low,detection,0.0142,True
91394f6a8f7d,silverstone_QUALI,rpm,duplicate_timestamp,detection,0.0085,True
0aa3cd2d54ad,silverstone_QUALI,throttle_raw,schema_drift,detection,0.0106,True
bdf97520ad30,silverstone_QUALI,engine_temp,bit_flip_low,detection,0.0123,True
6bb6f0aebf8a,silverstone_QUALI,ecu_canbus,null_value,detection,0.0075,True
2505701d4411,silverstone_QUALI,throttle_canbus,schema_drift,detection,0.0097,True
30335c69161f,silverstone_QUALI,engine_temp,bit_flip_low,detection,0.0121,True
c95c43c039c8,silverstone_QUALI,heart_rate,bit_flip_low,detection,0.0183,True
96cdeff478a2,silverstone_QUALI,g_force_lateral,bit_flip_high,detection,0.0146,True
993bf07c162f,silverstone_QUALI,rpm,sensor_dropout,detection,0.0079,True
00af9606771f,silverstone_QUALI,aero_load,bit_flip_high,detection,0.0131,True
68180bd8c5e7,silverstone_QUALI,brake_temp,duplicate_timestamp,detection,0.0085,True
e37bd41d14c2,silverstone_QUALI,engine_temp,string_in_numeric,detection,0.0048,True
51743d250d87,silverstone_QUALI,speed,string_in_numeric,detection,0.0046,True
6bb5ff1b1d8c,silverstone_QUALI,tyre_pressure,string_in_numeric,detection,0.0045,True
4bda134289f5,silverstone_QUALI,heart_rate,duplicate_timestamp,detection,0.0113,True
065584202d34,silverstone_QUALI,heart_rate,sensor_dropout,detection,0.0095,True
11fba32c6a29,silverstone_QUALI,g_force_lateral_raw,schema_drift,detection,0.0126,True
e1ec23767a15,silverstone_QUALI,brake_temp,bit_flip_high,detection,0.0161,True
a0d1c1c2aac6,silverstone_QUALI,aero_load,bit_flip_high,detection,0.0151,True
07f1c1dda60f,silverstone_QUALI,engine_temp_raw,schema_drift,detection,0.0105,True
0542d651c9e0,silverstone_QUALI,brake_temp,string_in_numeric,detection,0.0074,True
72846d4b414e,silverstone_QUALI,heart_rate,string_in_numeric,detection,0.0056,True
e2eb33edf6bf,silverstone_QUALI,speed,duplicate_timestamp,detection,0.0097,True
0d376198d036,silverstone_QUALI,ecu_canbus,string_in_numeric,detection,0.0059,True
d4496c0ab627,silverstone_QUALI,engine_temp,string_in_numeric,detection,0.005,True
9a854ba8634e,silverstone_QUALI,heart_rate_alt,schema_drift,detection,0.0102,True
60e5c0cefc19,silverstone_QUALI,speed_alt,schema_drift,detection,0.01,True
e0cdd37b602a,silverstone_QUALI,rpm,string_in_numeric,detection,0.0046,True
71f0776b136e,silverstone_QUALI,throttle,null_value,detection,0.0078,True
386c0699fb72,silverstone_QUALI,heart_rate,null_value,detection,0.0075,True
044f2e96616f,silverstone_QUALI,brake_temp,sensor_dropout,detection,0.008,True
4a1ca260c5a2,silverstone_QUALI,throttle_v2,schema_drift,detection,0.0103,True
70216d744e9a,silverstone_QUALI,aero_load,duplicate_timestamp,detection,0.0084,True
92a9d78e20e9,silverstone_QUALI,heart_rate,null_value,detection,0.0084,True
82f9ed97bc42,silverstone_QUALI,rpm,duplicate_timestamp,detection,0.0084,True
272bca0ab8e8,silverstone_QUALI,rpm_raw,schema_drift,detection,0.0129,True
cffc7c997546,silverstone_QUALI,ecu_canbus,string_in_numeric,detection,0.0064,True
f6326c2659ae,silverstone_QUALI,ecu_canbus,duplicate_timestamp,detection,0.0246,True
967756e42f0d,silverstone_QUALI,g_force_lateral,bit_flip_low,detection,0.0134,True
97ffe35dd45c,silverstone_QUALI,throttle_v2,schema_drift,detection,0.0097,True
d4cf92b5f808,silverstone_QUALI,brake_temp,string_in_numeric,detection,0.0048,True
8c4c25d96b2a,silverstone_QUALI,engine_temp,duplicate_timestamp,detection,0.0122,True
c67a938cbec4,silverstone_QUALI,aero_load,duplicate_timestamp,detection,0.0099,True
4dc185befad8,silverstone_QUALI,brake_temp,string_in_numeric,detection,0.0054,True
af5613ca6d94,silverstone_QUALI,aero_load_raw,schema_drift,detection,0.0119,True
ef50966c5e93,silverstone_QUALI,tyre_pressure,bit_flip_low,detection,0.0125,True
7b38cdda5d5d,silverstone_QUALI,speed,duplicate_timestamp,detection,0.009,True
26e394b86b7b,silverstone_QUALI,aero_load,duplicate_timestamp,detection,0.0086,True
a0ea446f64f5,silverstone_QUALI,speed,sensor_dropout,detection,0.0078,True
581a237927fd,silverstone_QUALI,aero_load,duplicate_timestamp,detection,0.0084,True
645eda6c2409,silverstone_QUALI,rpm,null_value,detection,0.0073,True
2f560b9824be,silverstone_QUALI,tyre_pressure,bit_flip_high,detection,0.0124,True
68aa8e72a25a,silverstone_QUALI,brake_temp,string_in_numeric,detection,0.0048,True
1762752284c6,silverstone_QUALI,aero_load_v2,schema_drift,detection,0.01,True
f2f72ff3e912,silverstone_QUALI,tyre_pressure_new,schema_drift,detection,0.0098,True
b5def6bb8c51,silverstone_QUALI,brake_temp,duplicate_timestamp,detection,0.0085,True
31f8d2c27f4e,silverstone_QUALI,speed,null_value,detection,0.0084,True
806e5fe4c3cf,silverstone_QUALI,brake_temp,duplicate_timestamp,detection,0.009,True
743af7eed464,silverstone_QUALI,throttle,bit_flip_low,detection,0.0133,True
a4e97555fc05,silverstone_QUALI,speed,string_in_numeric,detection,0.0047,True
381f0d807884,silverstone_QUALI,aero_load_canbus,schema_drift,detection,0.0102,True
0e4a2c582962,silverstone_QUALI,brake_temp,duplicate_timestamp,detection,0.0088,True
d679f576484d,silverstone_QUALI,engine_temp,bit_flip_low,detection,0.0132,True
e76bc5e35802,silverstone_QUALI,speed,bit_flip_low,detection,0.0133,True
a01d560ec508,silverstone_QUALI,brake_temp,bit_flip_low,detection,0.0123,True
2dc8d91ccb1c,silverstone_QUALI,aero_load,bit_flip_high,detection,0.0135,True
35f3bdc44f20,silverstone_QUALI,g_force_lateral,duplicate_timestamp,detection,0.0304,True
129630d0354c,silverstone_QUALI,tyre_pressure,string_in_numeric,detection,0.0057,True
cd32afd54595,silverstone_QUALI,ecu_canbus,sensor_dropout,detection,0.0092,True
9f25b5486f6d,silverstone_QUALI,speed,bit_flip_low,detection,0.0155,True
66b620c392d5,silverstone_QUALI,engine_temp,string_in_numeric,detection,0.0064,True
083366f38c08,silverstone_QUALI,heart_rate,null_value,detection,0.0089,True
f4851641fa2c,silverstone_QUALI,speed,bit_flip_high,detection,0.0138,True
19a502391564,silverstone_QUALI,heart_rate,sensor_dropout,detection,0.0084,True
ad690a148367,silverstone_QUALI,throttle,string_in_numeric,detection,0.0051,True
2678e928742a,silverstone_QUALI,brake_temp,sensor_dropout,detection,0.0088,True
fcebb6e113bd,silverstone_QUALI,heart_rate,bit_flip_low,detection,0.0146,True
52146dafcb99,silverstone_QUALI,throttle_v2,schema_drift,detection,0.0258,True
c6f03fbd178c,silverstone_QUALI,engine_temp,sensor_dropout,detection,0.009,True
9ee0165efeda,silverstone_QUALI,throttle,bit_flip_low,detection,0.0149,True
ff270f90c971,silverstone_QUALI,tyre_pressure,bit_flip_low,detection,0.0153,True
d66fe3a1584c,silverstone_QUALI,rpm,duplicate_timestamp,detection,0.0083,True
7bfa1dc0160b,silverstone_QUALI,aero_load,null_value,detection,0.0076,True
e510aed9b44d,silverstone_QUALI,heart_rate,null_value,detection,0.0079,True
e436739657e4,silverstone_QUALI,rpm,sensor_dropout,detection,0.0093,True
8e9023b25ddd,silverstone_QUALI,ecu_canbus,duplicate_timestamp,detection,0.0084,True
a311e179ba19,silverstone_QUALI,speed_canbus,schema_drift,detection,0.0111,True
f1f75627d91c,silverstone_QUALI,brake_temp_alt,schema_drift,detection,0.0117,True
528e8bcfd18a,silverstone_QUALI,ecu_canbus,sensor_dropout,detection,0.0104,True
c0d35e06614d,silverstone_QUALI,g_force_lateral,duplicate_timestamp,detection,0.01,True
198bfac2720f,silverstone_QUALI,rpm,bit_flip_low,detection,0.0138,True
de3fd0621dd9,silverstone_QUALI,throttle,string_in_numeric,detection,0.005,True
d44aab11066a,silverstone_QUALI,aero_load,string_in_numeric,detection,0.0046,True
1f3a835895f7,silverstone_QUALI,speed,duplicate_timestamp,detection,0.0082,True
9e438840598d,silverstone_QUALI,aero_load,bit_flip_high,detection,0.0132,True
443af6c60fb7,silverstone_QUALI,throttle,duplicate_timestamp,detection,0.0086,True
4b5057b8d480,silverstone_QUALI,brake_temp,string_in_numeric,detection,0.0047,True
5617304d8277,silverstone_QUALI,g_force_lateral,null_value,detection,0.0076,True
93916b3343a5,silverstone_QUALI,brake_temp,bit_flip_low,detection,0.0129,True
ed22d9391b37,silverstone_QUALI,rpm_canbus,schema_drift,detection,0.0102,True
1880d63aa1dc,silverstone_QUALI,speed,bit_flip_low,detection,0.0134,True
29165a4dbc0e,silverstone_QUALI,brake_temp,sensor_dropout,detection,0.0075,True
42b87af1bfc3,silverstone_QUALI,engine_temp,string_in_numeric,detection,0.0063,True
3f0cd15afa80,silverstone_QUALI,g_force_lateral,bit_flip_high,detection,0.0121,True
f8751646961e,silverstone_QUALI,engine_temp,string_in_numeric,detection,0.0048,True
41e6ec772184,silverstone_QUALI,engine_temp,duplicate_timestamp,detection,0.0093,True
938844a8f92f,silverstone_QUALI,g_force_lateral,null_value,detection,0.0083,True
3ae00e24861f,silverstone_QUALI,throttle,bit_flip_high,detection,0.0131,True
6781468b1aea,silverstone_QUALI,tyre_pressure,bit_flip_low,detection,0.0132,True
12d55358a70d,silverstone_QUALI,heart_rate,sensor_dropout,detection,0.0087,True
1713567b3279,silverstone_QUALI,aero_load,null_value,detection,0.0076,True
98c8df313c22,silverstone_QUALI,engine_temp,bit_flip_low,detection,0.0123,True
4d50e5064a3b,silverstone_QUALI,ecu_canbus,bit_flip_high,detection,0.0126,True
ab983bc1698d,silverstone_QUALI,heart_rate,string_in_numeric,detection,0.014,True
58cd2c887dcd,silverstone_QUALI,tyre_pressure,bit_flip_high,detection,0.045,True
02fe929863f6,silverstone_QUALI,ecu_canbus,duplicate_timestamp,detection,0.008,True
0d27ec42ca7c,silverstone_QUALI,tyre_pressure,duplicate_timestamp,detection,0.0127,True
de14de68cfbb,silverstone_QUALI,ecu_canbus_canbus,schema_drift,detection,0.0144,True
546f95b6d9a6,silverstone_QUALI,speed_raw,schema_drift,detection,0.0143,True
02cb69349e3b,silverstone_QUALI,throttle,duplicate_timestamp,detection,0.0082,True
fc1b0e926247,silverstone_QUALI,heart_rate,bit_flip_high,detection,0.0148,True
0d9c37e2a49a,silverstone_QUALI,aero_load,string_in_numeric,detection,0.0049,True
bbb1192209e4,silverstone_QUALI,heart_rate,duplicate_timestamp,detection,0.008,True
7fab5fe4b506,silverstone_QUALI,rpm,sensor_dropout,detection,0.0073,True
a45b43649cb1,silverstone_QUALI,throttle,bit_flip_low,detection,0.0135,True
34973d6a9b83,silverstone_QUALI,ecu_canbus,null_value,detection,0.0075,True
5fd4d3e163de,silverstone_QUALI,brake_temp_alt,schema_drift,detection,0.0093,True
a8aa2fce7b81,silverstone_QUALI,speed,bit_flip_high,detection,0.0126,True
714f9ff12df6,silverstone_QUALI,ecu_canbus_alt,schema_drift,detection,0.0101,True
84079f161888,silverstone_QUALI,heart_rate,null_value,detection,0.0079,True
f361931c76b0,silverstone_QUALI,ecu_canbus,null_value,detection,0.0072,True
de55a430564b,silverstone_QUALI,speed,null_value,detection,0.0072,True
2925ad9469c3,silverstone_QUALI,speed,bit_flip_low,detection,0.0135,True
fa30e00c50b3,silverstone_QUALI,tyre_pressure,null_value,detection,0.0105,True
d776ef5f5a56,silverstone_QUALI,tyre_pressure,string_in_numeric,detection,0.0064,True
b7eeb144a6d2,silverstone_QUALI,speed,bit_flip_low,detection,0.0178,True
30ca3b9e60f6,silverstone_QUALI,rpm,string_in_numeric,detection,0.0065,True
4655628cb819,silverstone_QUALI,speed,null_value,detection,0.0078,True
d3128073d27d,silverstone_QUALI,throttle,string_in_numeric,detection,0.005,True
da066f722b0e,silverstone_QUALI,rpm,string_in_numeric,detection,0.0044,True
7be7e7cf65a9,silverstone_QUALI,brake_temp,bit_flip_low,detection,0.0123,True
c8d1372e8f10,silverstone_QUALI,speed,duplicate_timestamp,detection,0.008,True
a7323b6a6978,silverstone_QUALI,throttle,bit_flip_high,detection,0.0124,True
29e46c9ea54e,silverstone_QUALI,aero_load,duplicate_timestamp,detection,0.0079,True
7c495c2662ad,silverstone_QUALI,rpm,sensor_dropout,detection,0.0075,True
7a10dfececff,silverstone_QUALI,tyre_pressure,bit_flip_high,detection,0.0121,True
82636cfd98e6,silverstone_QUALI,brake_temp,string_in_numeric,detection,0.0051,True
3d8353f7126b,silverstone_QUALI,g_force_lateral,sensor_dropout,detection,0.0082,True
7af0bf21b4c3,silverstone_QUALI,throttle,sensor_dropout,detection,0.0074,True
5d4dddca737c,silverstone_QUALI,engine_temp,bit_flip_low,detection,0.0135,True
8a2e87194b88,silverstone_QUALI,ecu_canbus,bit_flip_high,detection,0.0127,True
0dfa62a474fa,silverstone_QUALI,rpm,sensor_dropout,detection,0.0075,True
3dd176f66544,silverstone_QUALI,tyre_pressure,bit_flip_high,detection,0.012,True
66911673759b,silverstone_QUALI,heart_rate,bit_flip_high,detection,0.0129,True
ba9ebdddfb6e,silverstone_QUALI,engine_temp_alt,schema_drift,detection,0.0087,True
34a261633bb7,silverstone_QUALI,heart_rate,sensor_dropout,detection,0.0072,True
67d98b12adb2,silverstone_QUALI,throttle,sensor_dropout,detection,0.0071,True
04bef5244025,silverstone_QUALI,speed,bit_flip_high,detection,0.0124,True
ea2fcdd7ed02,silverstone_QUALI,tyre_pressure_canbus,schema_drift,detection,0.0099,True
c2f89f73b3ed,silverstone_QUALI,engine_temp,sensor_dropout,detection,0.008,True
e30ac4a47c83,silverstone_QUALI,ecu_canbus,duplicate_timestamp,detection,0.0084,True
ec67b342dc0a,silverstone_QUALI,aero_load,string_in_numeric,detection,0.0049,True
2a220a6f5de2,silverstone_QUALI,aero_load,null_value,detection,0.0077,True
e3eaf5ff7dd9,silverstone_QUALI,heart_rate,bit_flip_high,detection,0.0138,True
3160f7ad8a2c,silverstone_QUALI,heart_rate,duplicate_timestamp,detection,0.0081,True
99d78bb77175,silverstone_QUALI,heart_rate,string_in_numeric,detection,0.0046,True
b268a7c0eaa6,silverstone_QUALI,brake_temp,duplicate_timestamp,detection,0.1207,True
a9121c19affe,silverstone_QUALI,engine_temp,sensor_dropout,detection,0.0075,True
5da9c24d904f,silverstone_QUALI,tyre_pressure,null_value,detection,0.0072,True
6e64ca49755e,silverstone_QUALI,aero_load,bit_flip_high,detection,0.0135,True
6e618dac2c7a,silverstone_QUALI,rpm,null_value,detection,0.0077,True
f3ac6312b6f9,silverstone_QUALI,heart_rate_canbus,schema_drift,detection,0.01,True
e48b1ac4e540,silverstone_QUALI,aero_load,sensor_dropout,detection,0.0076,True
c2e5d7177f13,silverstone_QUALI,heart_rate,sensor_dropout,detection,0.0079,True
4f1a78d98675,silverstone_QUALI,ecu_canbus,duplicate_timestamp,detection,0.0121,True
7e02cac435a2,silverstone_QUALI,heart_rate,bit_flip_low,detection,0.0144,True
a683dd241c7d,silverstone_QUALI,speed,sensor_dropout,detection,0.0088,True
587eb437548e,silverstone_QUALI,brake_temp,sensor_dropout,detection,0.0083,True
7106b434200b,silverstone_QUALI,aero_load,duplicate_timestamp,detection,0.0088,True
71e7f9d4855c,silverstone_QUALI,tyre_pressure,sensor_dropout,detection,0.0081,True
57349a16dc45,silverstone_QUALI,rpm,bit_flip_high,detection,0.0139,True
db03de8f41b7,silverstone_QUALI,throttle,duplicate_timestamp,detection,0.0084,True
597be39b78c6,silverstone_QUALI,brake_temp,string_in_numeric,detection,0.0049,True
65c6445d70e0,silverstone_QUALI,throttle,null_value,detection,0.0077,True
7aa77c3147ad,silverstone_QUALI,g_force_lateral,duplicate_timestamp,detection,0.0087,True
84404ba52bbf,silverstone_QUALI,tyre_pressure,string_in_numeric,detection,0.0052,True
d6a232436035,silverstone_QUALI,heart_rate,sensor_dropout,detection,0.0081,True
3a55724b31f8,silverstone_QUALI,ecu_canbus,bit_flip_low,detection,0.0159,True
3a17175192de,silverstone_QUALI,throttle_raw,schema_drift,detection,0.0097,True
3cdd4ff5c8a9,silverstone_QUALI,engine_temp,bit_flip_high,detection,0.0122,True
3a3ccdf9be50,silverstone_QUALI,g_force_lateral,string_in_numeric,detection,0.0047,True
fba632fc7d32,silverstone_QUALI,engine_temp,bit_flip_high,detection,0.0153,True
446edb6b7814,silverstone_QUALI,brake_temp,null_value,detection,0.0091,True
66698cc820ec,silverstone_QUALI,aero_load,sensor_dropout,detection,0.0101,True
31a92338dad6,silverstone_QUALI,ecu_canbus,bit_flip_low,detection,0.0121,False
85aed0f412f9,silverstone_QUALI,g_force_lateral,null_value,detection,0.01,True
579637aea56e,silverstone_QUALI,g_force_lateral,bit_flip_high,detection,0.0169,True
53a68bb53b96,silverstone_QUALI,tyre_pressure,bit_flip_low,detection,0.0161,True
715bc97c74f5,silverstone_QUALI,speed,bit_flip_low,detection,0.0204,True
5bb807dc2f4f,silverstone_QUALI,aero_load,sensor_dropout,detection,0.0081,True
7ca46e17edc9,silverstone_QUALI,engine_temp,bit_flip_high,detection,0.0123,True
7998f778dc46,silverstone_QUALI,rpm_canbus,schema_drift,detection,0.0102,True
a051d04acb66,silverstone_QUALI,engine_temp,null_value,detection,0.0076,True
ff1452925c91,silverstone_QUALI,aero_load,string_in_numeric,detection,0.0051,True
88908c8f014c,silverstone_QUALI,tyre_pressure,null_value,detection,0.0077,True
75b5bba3bb94,silverstone_QUALI,throttle,sensor_dropout,detection,0.0074,True
9c8d0c7400f3,silverstone_QUALI,g_force_lateral_alt,schema_drift,detection,0.0093,True
8617422ea57b,silverstone_QUALI,heart_rate,sensor_dropout,detection,0.0075,True
0fa2d3ad1a5d,silverstone_QUALI,g_force_lateral,bit_flip_low,detection,0.0132,True
b399739be1d6,silverstone_QUALI,tyre_pressure,string_in_numeric,detection,0.005,True
f27d4b6abf83,silverstone_QUALI,ecu_canbus,bit_flip_low,detection,0.0126,True
76db8a2c88e8,silverstone_QUALI,throttle,duplicate_timestamp,detection,0.0093,True
ddfefc13991e,silverstone_QUALI,engine_temp,null_value,detection,0.0079,True
60e6eb769beb,silverstone_QUALI,tyre_pressure_new,schema_drift,detection,0.0096,True
d5b446303b40,silverstone_QUALI,heart_rate,duplicate_timestamp,detection,0.0099,True
f74476232241,silverstone_QUALI,g_force_lateral,sensor_dropout,detection,0.0075,True
ef03be4d46b9,silverstone_QUALI,speed,null_value,detection,0.0072,True
3ecd1fc3f0e0,silverstone_QUALI,ecu_canbus,string_in_numeric,detection,0.0046,True
ccbb6fcd8f3c,silverstone_QUALI,aero_load,null_value,detection,0.0069,True
d6313c520b12,silverstone_QUALI,g_force_lateral,duplicate_timestamp,detection,0.0079,True
f595cf3820ed,silverstone_QUALI,brake_temp,duplicate_timestamp,detection,0.0082,True
ebba7c7d8030,silverstone_QUALI,engine_temp,sensor_dropout,detection,0.0109,True
cb47778290f2,silverstone_QUALI,heart_rate,sensor_dropout,detection,0.0087,True
fbd2139a7701,silverstone_QUALI,speed,string_in_numeric,detection,0.0051,True
c081346ba8a4,silverstone_QUALI,aero_load_new,schema_drift,detection,0.0101,True
35aae95c3abe,silverstone_QUALI,tyre_pressure,bit_flip_high,detection,0.0131,True
e6bce5051c11,silverstone_QUALI,ecu_canbus_canbus,schema_drift,detection,0.0097,True
0b8a728cd708,silverstone_QUALI,heart_rate,string_in_numeric,detection,0.0048,True
0423b5e7dbd2,silverstone_QUALI,rpm,string_in_numeric,detection,0.005,True
0087ced2ff4e,silverstone_QUALI,engine_temp,null_value,detection,0.0083,True
d3286e6286cb,silverstone_QUALI,heart_rate,null_value,detection,0.0077,True
acf71527e7cb,silverstone_QUALI,rpm,duplicate_timestamp,detection,0.0086,True
fadea41c7754,silverstone_QUALI,heart_rate,sensor_dropout,detection,0.0075,True
544c56665471,silverstone_QUALI,g_force_lateral,bit_flip_low,detection,0.0139,True
94f7ed5c444d,silverstone_QUALI,heart_rate,string_in_numeric,detection,0.005,True
6f50ca6ab482,silverstone_QUALI,tyre_pressure,bit_flip_high,detection,0.0127,True
f8eb8f6c34f2,silverstone_QUALI,g_force_lateral,duplicate_timestamp,detection,0.0106,True
5306c33116a9,silverstone_QUALI,rpm_v2,schema_drift,detection,0.011,True
6a54497b30c6,silverstone_QUALI,brake_temp,null_value,detection,0.0082,True
642461db5606,silverstone_QUALI,brake_temp,duplicate_timestamp,detection,0.0085,True
f7d3794c3833,silverstone_QUALI,aero_load,string_in_numeric,detection,0.0048,True
9c713f934e9f,silverstone_QUALI,heart_rate,sensor_dropout,detection,0.0074,True
09bf3b316d4a,silverstone_QUALI,g_force_lateral,null_value,detection,0.0072,True
523ae4e6d350,silverstone_QUALI,speed,duplicate_timestamp,detection,0.008,True
8d4b236c86e7,silverstone_QUALI,throttle,sensor_dropout,detection,0.0078,True
99b5425851e0,silverstone_QUALI,engine_temp,sensor_dropout,detection,0.0079,True
40046bf61393,silverstone_QUALI,brake_temp,bit_flip_low,detection,0.013,True
9c6274e524f3,silverstone_QUALI,engine_temp,null_value,detection,0.008,True
fb713214c09d,silverstone_QUALI,tyre_pressure,null_value,detection,0.0078,True
1d3b9656c11a,silverstone_QUALI,heart_rate,string_in_numeric,detection,0.0054,True
a860d9e9df37,silverstone_QUALI,g_force_lateral,duplicate_timestamp,detection,0.0097,True
d7c5e6616060,silverstone_QUALI,engine_temp,null_value,detection,0.0079,True
30ecdf55fdfa,silverstone_QUALI,throttle,bit_flip_high,detection,0.0134,True
53dcf65bd384,silverstone_QUALI,ecu_canbus_new,schema_drift,detection,0.0139,True
57507b561e1d,silverstone_QUALI,throttle,bit_flip_high,detection,0.014,True
bd386ce29818,silverstone_QUALI,heart_rate,sensor_dropout,detection,0.0074,True
f163a365c383,silverstone_QUALI,tyre_pressure,bit_flip_high,detection,0.0131,True
a44dd9e53ea0,silverstone_QUALI,aero_load,duplicate_timestamp,detection,0.0084,True
fc5facee8540,silverstone_QUALI,heart_rate,null_value,detection,0.008,True
22dc38fb7bbc,silverstone_QUALI,tyre_pressure,sensor_dropout,detection,0.0073,True
bb17bf01d435,silverstone_QUALI,aero_load,sensor_dropout,detection,0.0077,True
1bb88cd7757b,silverstone_QUALI,g_force_lateral_new,schema_drift,detection,0.0097,True
3acf90b3db4a,silverstone_QUALI,speed,null_value,detection,0.0074,True
538a0ffa803c,silverstone_QUALI,ecu_canbus,duplicate_timestamp,detection,0.0089,True
fd42eb2c1f69,silverstone_QUALI,engine_temp,sensor_dropout,detection,0.0071,True
3ca8afc40304,silverstone_QUALI,g_force_lateral,bit_flip_high,detection,0.0131,True
02919925a2d7,silverstone_QUALI,aero_load,sensor_dropout,detection,0.0099,True
dd096f0b7c1f,silverstone_QUALI,rpm,bit_flip_low,detection,0.0182,True
21c231b1fe04,silverstone_QUALI,engine_temp,duplicate_timestamp,detection,0.0112,True
3e56c4dac888,silverstone_QUALI,rpm,duplicate_timestamp,detection,0.008,True
5e986184d100,silverstone_QUALI,aero_load_alt,schema_drift,detection,0.0091,True
1c8dd1ee1aad,silverstone_QUALI,g_force_lateral,string_in_numeric,detection,0.0117,True
97d3fb688bd7,silverstone_QUALI,aero_load,null_value,detection,0.0189,True
e50b6058f9a9,silverstone_QUALI,aero_load,duplicate_timestamp,detection,0.0081,True
7a78424b7521,silverstone_QUALI,speed,bit_flip_low,detection,0.0132,True
f0a409f3ec1b,silverstone_QUALI,throttle,null_value,detection,0.0079,True
c2c1e1887878,silverstone_QUALI,heart_rate,duplicate_timestamp,detection,0.0096,True
4532f42e2c29,silverstone_QUALI,ecu_canbus,null_value,detection,0.0081,True
ddbee3d2bcc2,silverstone_QUALI,rpm,sensor_dropout,detection,0.0077,True
89c75eeb8fc1,silverstone_QUALI,brake_temp,sensor_dropout,detection,0.0075,True
b988de09ed86,silverstone_QUALI,rpm,sensor_dropout,detection,0.0075,True
1e16043e909d,silverstone_QUALI,g_force_lateral,null_value,detection,0.0073,True
fae37ae6e24a,silverstone_QUALI,tyre_pressure,string_in_numeric,detection,0.0048,True
9ff8741d96c4,silverstone_QUALI,heart_rate,string_in_numeric,detection,0.0053,True
6936971af389,silverstone_QUALI,speed,bit_flip_high,detection,0.0135,True
79b41da7588d,silverstone_QUALI,engine_temp,sensor_dropout,detection,0.0206,True
e44c57c1d995,silverstone_QUALI,brake_temp,bit_flip_high,detection,0.0163,True
f4c2a670a82e,silverstone_QUALI,engine_temp,duplicate_timestamp,detection,0.0137,True
ced0427a7726,silverstone_QUALI,aero_load,string_in_numeric,detection,0.0066,True
7eb44fc52de2,silverstone_QUALI,ecu_canbus,string_in_numeric,detection,0.0061,True
a60955dee992,silverstone_QUALI,tyre_pressure,duplicate_timestamp,detection,0.0106,True
f76bd83ebf70,silverstone_QUALI,ecu_canbus,bit_flip_high,detection,0.0165,True
9ba4ef467cb8,silverstone_QUALI,heart_rate,null_value,detection,0.0092,True
2e83df27b648,silverstone_QUALI,brake_temp_new,schema_drift,detection,0.0116,True
8ebf5885fc55,silverstone_QUALI,g_force_lateral,bit_flip_low,detection,0.0118,True
a94cd2764eb9,silverstone_QUALI,rpm_alt,schema_drift,detection,0.0098,True
414c9366bca7,silverstone_QUALI,speed,bit_flip_high,detection,0.0129,True
e280b2823b6e,silverstone_QUALI,ecu_canbus,sensor_dropout,detection,0.0072,True
ad3120ebef02,silverstone_QUALI,heart_rate,bit_flip_low,detection,0.013,True
25c5efafa508,silverstone_QUALI,tyre_pressure,sensor_dropout,detection,0.0076,True
43c65691c8ca,silverstone_QUALI,g_force_lateral,bit_flip_high,detection,0.0362,True
9de917405f9e,silverstone_QUALI,rpm,sensor_dropout,detection,0.0075,True
6a243e88e5a8,silverstone_QUALI,heart_rate_alt,schema_drift,detection,0.0092,True
29c21c5e7bdd,silverstone_QUALI,heart_rate,bit_flip_high,detection,0.0122,True
213280ae8905,silverstone_QUALI,aero_load,null_value,detection,0.0075,True
936a1f66ee85,silverstone_QUALI,throttle,bit_flip_low,detection,0.0128,True
8d10b9e28f11,silverstone_QUALI,rpm,null_value,detection,0.0076,True
ada0101eff49,silverstone_QUALI,throttle,sensor_dropout,detection,0.0076,True
2ad811b4e12e,silverstone_QUALI,ecu_canbus,string_in_numeric,detection,0.0059,True
7825100b507c,silverstone_QUALI,rpm,null_value,detection,0.0074,True
3e297787743e,silverstone_QUALI,rpm,null_value,detection,0.0079,True
d9e58ebcb2a4,silverstone_QUALI,aero_load_alt,schema_drift,detection,0.01,True
3808618167fe,silverstone_QUALI,rpm,bit_flip_low,detection,0.0133,True
30201367a480,silverstone_QUALI,throttle,bit_flip_low,detection,0.0129,True
66a4d8c9ac18,silverstone_QUALI,heart_rate,bit_flip_low,detection,0.0135,True
a0c1d5b9402b,silverstone_QUALI,aero_load,duplicate_timestamp,detection,0.0082,True
7355cf02efe0,silverstone_QUALI,aero_load,string_in_numeric,detection,0.012,True
7971f8a82488,silverstone_QUALI,g_force_lateral,bit_flip_high,detection,0.0132,True
a6183401dffc,silverstone_QUALI,engine_temp,bit_flip_low,detection,0.0127,True
4aa8ea25659e,silverstone_QUALI,speed,sensor_dropout,detection,0.0073,True
f54fcb71a0f2,silverstone_QUALI,engine_temp,bit_flip_high,detection,0.0122,True
6257650d37be,silverstone_QUALI,heart_rate,duplicate_timestamp,detection,0.0081,True
cbab923a44d6,silverstone_QUALI,g_force_lateral,null_value,detection,0.0076,True
db6874d14327,silverstone_QUALI,speed,bit_flip_low,detection,0.0131,True
c1320c88cd19,silverstone_QUALI,heart_rate,bit_flip_high,detection,0.0145,True
c87ca27c2d78,silverstone_QUALI,g_force_lateral,sensor_dropout,detection,0.0087,True
4a9f0ee8946b,silverstone_QUALI,heart_rate_canbus,schema_drift,detection,0.0114,True
b1dd8e4519c4,silverstone_QUALI,g_force_lateral,sensor_dropout,detection,0.0075,True
d66bdd4e25f5,silverstone_QUALI,rpm,bit_flip_low,detection,0.0134,True
170277392954,silverstone_QUALI,g_force_lateral,string_in_numeric,detection,0.0045,True
2095493f0fd8,silverstone_QUALI,brake_temp,string_in_numeric,detection,0.0048,True
4abdfaa890e1,silverstone_QUALI,ecu_canbus,bit_flip_low,detection,0.0132,True
dc3b3b7aa465,silverstone_QUALI,brake_temp_new,schema_drift,detection,0.0131,True
5cd05b1d1172,silverstone_QUALI,tyre_pressure,bit_flip_low,detection,0.0126,True
b64132d93081,silverstone_QUALI,rpm,bit_flip_low,detection,0.0146,True
34f7c848f308,silverstone_QUALI,g_force_lateral,sensor_dropout,detection,0.0074,True
828052bd1cbd,silverstone_QUALI,tyre_pressure_canbus,schema_drift,detection,0.0087,True
4e555593fc69,silverstone_QUALI,throttle,string_in_numeric,detection,0.0048,True
9ca213fa223d,silverstone_QUALI,ecu_canbus,string_in_numeric,detection,0.0046,True
1692d531bf72,silverstone_QUALI,rpm,duplicate_timestamp,detection,0.0077,True
721523b3a2c4,silverstone_QUALI,speed,bit_flip_high,detection,0.0133,True
734e593fb6a5,silverstone_QUALI,g_force_lateral,null_value,detection,0.0079,True
778e53c6391b,silverstone_QUALI,rpm,bit_flip_low,detection,0.0128,True
e33c0ced4ca0,silverstone_QUALI,rpm,string_in_numeric,detection,0.0048,True
334eb7dddc6c,silverstone_RACE,rpm,bit_flip_low,detection,0.0238,True
778a12d7e537,silverstone_RACE,ecu_canbus,string_in_numeric,detection,0.0091,True
b80372a283c0,silverstone_RACE,speed,bit_flip_low,detection,0.0235,True
603ba820b033,silverstone_RACE,throttle,bit_flip_high,detection,0.0133,True
ea30b9e67d27,silverstone_RACE,throttle,null_value,detection,0.0075,True
330ffea67580,silverstone_RACE,speed,bit_flip_low,detection,0.0134,True
2a9a91c381b8,silverstone_RACE,engine_temp,null_value,detection,0.0079,True
af77b14bbd1d,silverstone_RACE,speed_alt,schema_drift,detection,0.01,True
b947be4fda21,silverstone_RACE,rpm,bit_flip_low,detection,0.0138,True
ec46f7a7df6d,silverstone_RACE,speed,bit_flip_low,detection,0.0128,True
76841e1c5f3f,silverstone_RACE,ecu_canbus,duplicate_timestamp,detection,0.0084,True
dbd49e551444,silverstone_RACE,rpm_canbus,schema_drift,detection,0.0151,True
1741c01bbd81,silverstone_RACE,throttle,duplicate_timestamp,detection,0.0107,True
647e0ffd3480,silverstone_RACE,g_force_lateral,bit_flip_low,detection,0.0137,True
583b544cf38e,silverstone_RACE,tyre_pressure,string_in_numeric,detection,0.0053,True
ab660a98fe0e,silverstone_RACE,heart_rate,duplicate_timestamp,detection,0.0098,True
3523e1ef133d,silverstone_RACE,brake_temp_v2,schema_drift,detection,0.0101,True
8706d2a716a0,silverstone_RACE,engine_temp_alt,schema_drift,detection,0.0098,True
afa0b45aa0e2,silverstone_RACE,aero_load_canbus,schema_drift,detection,0.0172,True
0fb24d070d43,silverstone_RACE,rpm,string_in_numeric,detection,0.0048,True
5d36e2797345,silverstone_RACE,aero_load,duplicate_timestamp,detection,0.0089,True
d660dcfce6b4,silverstone_RACE,aero_load,string_in_numeric,detection,0.0047,True
0f7bb44b5477,silverstone_RACE,aero_load,bit_flip_low,detection,0.0135,True
0c1e68e19d80,silverstone_RACE,g_force_lateral_raw,schema_drift,detection,0.0101,True
62f0892baae4,silverstone_RACE,g_force_lateral,null_value,detection,0.0077,True
eedb77eac869,silverstone_RACE,throttle,bit_flip_low,detection,0.0137,True
1a88f93cdba5,silverstone_RACE,ecu_canbus,bit_flip_low,detection,0.0091,True
311aa3b30fe8,silverstone_RACE,heart_rate,sensor_dropout,detection,0.0074,True
2fed4fccbbf6,silverstone_RACE,tyre_pressure,duplicate_timestamp,detection,0.015,True
99f0f838ab8f,silverstone_RACE,brake_temp,bit_flip_high,detection,0.0151,True
e9b73eea2a7a,silverstone_RACE,speed,bit_flip_high,detection,0.0147,True
f6da987aa782,silverstone_RACE,ecu_canbus,bit_flip_high,detection,0.0138,True
b63bd38f50d0,silverstone_RACE,throttle,bit_flip_high,detection,0.0145,True
18620b57bc6f,silverstone_RACE,heart_rate,bit_flip_high,detection,0.0123,True
1b8c675a5cf4,silverstone_RACE,g_force_lateral_new,schema_drift,detection,0.0109,True
9c2a5c91c11c,silverstone_RACE,rpm,duplicate_timestamp,detection,0.0082,True
ba9443367dbe,silverstone_RACE,brake_temp,sensor_dropout,detection,0.0077,True
f93fd46200ff,silverstone_RACE,speed,duplicate_timestamp,detection,0.0088,True
cebcabc2a367,silverstone_RACE,ecu_canbus,sensor_dropout,detection,0.0077,True
b0caecbf75b7,silverstone_RACE,g_force_lateral,null_value,detection,0.0075,True
6232d7357294,silverstone_RACE,heart_rate,bit_flip_low,detection,0.0133,True
fe1dc9e3027d,silverstone_RACE,rpm,null_value,detection,0.0074,True
50ed9c9a5b37,silverstone_RACE,ecu_canbus_raw,schema_drift,detection,0.0098,True
b1856c91ef03,silverstone_RACE,aero_load,bit_flip_high,detection,0.0141,True
9a492545ec5f,silverstone_RACE,aero_load,duplicate_timestamp,detection,0.0086,True
88830e001551,silverstone_RACE,engine_temp,sensor_dropout,detection,0.0074,True
2d14c9e0ccb7,silverstone_RACE,engine_temp,sensor_dropout,detection,0.0075,True
9f8458b029b8,silverstone_RACE,aero_load,duplicate_timestamp,detection,0.0085,True
ba0fc9bffeac,silverstone_RACE,rpm,sensor_dropout,detection,0.0076,True
69ecac289819,silverstone_RACE,throttle,null_value,detection,0.0079,True
058a764e4434,silverstone_RACE,heart_rate,bit_flip_low,detection,0.0131,True
150d406a558d,silverstone_RACE,speed,duplicate_timestamp,detection,0.0084,True
461a4b224667,silverstone_RACE,rpm,string_in_numeric,detection,0.0046,True
2687dc8a552d,silverstone_RACE,ecu_canbus,null_value,detection,0.0083,True
79fa77d75ed5,silverstone_RACE,g_force_lateral,bit_flip_high,detection,0.0135,True
06743998e2e9,silverstone_RACE,rpm,null_value,detection,0.0088,True
6bd9df4d239a,silverstone_RACE,tyre_pressure,bit_flip_high,detection,0.0133,True
1c9334940539,silverstone_RACE,g_force_lateral,bit_flip_high,detection,0.0145,True
ee231877c6a8,silverstone_RACE,engine_temp_canbus,schema_drift,detection,0.01,True
9e5a3790a585,silverstone_RACE,ecu_canbus,duplicate_timestamp,detection,0.0092,True
19cbb9063495,silverstone_RACE,rpm_alt,schema_drift,detection,0.0101,True
8d415a530d43,silverstone_RACE,aero_load,sensor_dropout,detection,0.0076,True
bca6682d6583,silverstone_RACE,ecu_canbus_alt,schema_drift,detection,0.0098,True
c8eea910a3fb,silverstone_RACE,heart_rate,null_value,detection,0.0073,True
1bc2acae6372,silverstone_RACE,tyre_pressure,null_value,detection,0.0076,True
63fa4b8ab88f,silverstone_RACE,rpm_canbus,schema_drift,detection,0.0104,True
723098c264f7,silverstone_RACE,heart_rate,duplicate_timestamp,detection,0.0089,True
7688cdfb0d92,silverstone_RACE,throttle,null_value,detection,0.0075,True
113e8da764f0,silverstone_RACE,g_force_lateral,sensor_dropout,detection,0.0082,True
56acbb7e0582,silverstone_RACE,speed,sensor_dropout,detection,0.0083,True
62c63be35004,silverstone_RACE,aero_load,string_in_numeric,detection,0.0048,True
3e71cf1d955d,silverstone_RACE,brake_temp,bit_flip_low,detection,0.015,True
a82927f9fd52,silverstone_RACE,rpm,bit_flip_high,detection,0.0131,True
600e427ec766,silverstone_RACE,speed,bit_flip_high,detection,0.0132,True
da65ecbd2e78,silverstone_RACE,throttle,duplicate_timestamp,detection,0.0086,True
14e4eccc8d23,silverstone_RACE,tyre_pressure,string_in_numeric,detection,0.0048,True
26300c25f629,silverstone_RACE,throttle,null_value,detection,0.0074,True
8a673e5b48e9,silverstone_RACE,engine_temp,bit_flip_low,detection,0.0124,True
66c27447068f,silverstone_RACE,ecu_canbus_raw,schema_drift,detection,0.0273,True
a9a7f59909af,silverstone_RACE,brake_temp_new,schema_drift,detection,0.0094,True
1b08b7419b15,silverstone_RACE,speed,null_value,detection,0.0076,True
b6844ac652d0,silverstone_RACE,tyre_pressure,sensor_dropout,detection,0.0076,True
610aa2be7bb4,silverstone_RACE,g_force_lateral_new,schema_drift,detection,0.0094,True
88ba4dfea976,silverstone_RACE,g_force_lateral,sensor_dropout,detection,0.0079,True
7638b03d5102,silverstone_RACE,brake_temp,bit_flip_low,detection,0.046,True
441232e7909f,silverstone_RACE,g_force_lateral_v2,schema_drift,detection,0.0098,True
134089491d35,silverstone_RACE,engine_temp,null_value,detection,0.0094,True
20a965ffa0cc,silverstone_RACE,aero_load,null_value,detection,0.0103,True
96bbe99baf1b,silverstone_RACE,ecu_canbus,duplicate_timestamp,detection,0.0094,True
7bf3d3021347,silverstone_RACE,tyre_pressure_canbus,schema_drift,detection,0.0089,True
602d0fbf8652,silverstone_RACE,speed,string_in_numeric,detection,0.0045,True
23e25214d67a,silverstone_RACE,throttle,bit_flip_low,detection,0.0133,True
5a4590e7a905,silverstone_RACE,speed,sensor_dropout,detection,0.008,True
400fb68e4182,silverstone_RACE,g_force_lateral,bit_flip_high,detection,0.0128,True
ca52f1b5eaca,silverstone_RACE,brake_temp,string_in_numeric,detection,0.0051,True
8819a4c4c208,silverstone_RACE,rpm,sensor_dropout,detection,0.0075,True
8436b171ef78,silverstone_RACE,throttle,null_value,detection,0.0074,True
840f48afc24a,silverstone_RACE,ecu_canbus,null_value,detection,0.0078,True
f710f6451a3c,silverstone_RACE,ecu_canbus,bit_flip_low,detection,0.0092,True
eee53c58e842,silverstone_RACE,g_force_lateral_new,schema_drift,detection,0.0096,True
718028dab2a7,silverstone_RACE,tyre_pressure,duplicate_timestamp,detection,0.0095,True
2cf40ecefa22,silverstone_RACE,speed_alt,schema_drift,detection,0.01,True
f12cfc668157,silverstone_RACE,throttle_canbus,schema_drift,detection,0.0102,True
c45f21099189,silverstone_RACE,aero_load,sensor_dropout,detection,0.0073,True
39aa721aff46,silverstone_RACE,heart_rate_v2,schema_drift,detection,0.0096,True
c96e0fb643aa,silverstone_RACE,g_force_lateral,string_in_numeric,detection,0.005,True
5cb7df150058,silverstone_RACE,speed_new,schema_drift,detection,0.0104,True
eefd5e374804,silverstone_RACE,heart_rate,bit_flip_low,detection,0.0134,True
cd65917f6fe3,silverstone_RACE,g_force_lateral,string_in_numeric,detection,0.005,True
9ea4c10eaf0f,silverstone_RACE,heart_rate,bit_flip_high,detection,0.0123,True
5b5b3e9e9303,silverstone_RACE,ecu_canbus,sensor_dropout,detection,0.0074,True
6a5c62fc7206,silverstone_RACE,speed_raw,schema_drift,detection,0.0091,True
86f18f513d76,silverstone_RACE,aero_load,string_in_numeric,detection,0.0048,True
db3be34c0bb4,silverstone_RACE,heart_rate,string_in_numeric,detection,0.0045,True
ee7a399333c4,silverstone_RACE,rpm,duplicate_timestamp,detection,0.0085,True
b8cd36e5a5c7,silverstone_RACE,ecu_canbus,null_value,detection,0.0071,True
8eac5324c9cd,silverstone_RACE,engine_temp,string_in_numeric,detection,0.0044,True
165325635f36,silverstone_RACE,ecu_canbus,bit_flip_low,detection,0.0295,True
a3f12936a968,silverstone_RACE,tyre_pressure,sensor_dropout,detection,0.007,True
4360895100a5,silverstone_RACE,rpm,duplicate_timestamp,detection,0.0081,True
992de97b0e74,silverstone_RACE,tyre_pressure,duplicate_timestamp,detection,0.0251,True
ea1e06e3a94d,silverstone_RACE,ecu_canbus,sensor_dropout,detection,0.0114,True
4594a9b17298,silverstone_RACE,tyre_pressure,bit_flip_high,detection,0.0129,True
c3ff2ad3d49f,silverstone_RACE,throttle,null_value,detection,0.0075,True
e4361f7a0bfa,silverstone_RACE,brake_temp,null_value,detection,0.0073,True
17e9111cac9e,silverstone_RACE,tyre_pressure,bit_flip_low,detection,0.0124,True
80d537ae084c,silverstone_RACE,engine_temp,null_value,detection,0.0076,True
ac3d7fc1452f,silverstone_RACE,g_force_lateral,duplicate_timestamp,detection,0.0086,True
e4bee5c81705,silverstone_RACE,rpm,string_in_numeric,detection,0.0048,True
f4095a9a4fd6,silverstone_RACE,engine_temp,null_value,detection,0.0073,True
1b4016688253,silverstone_RACE,rpm,sensor_dropout,detection,0.007,True
5839bc629137,silverstone_RACE,throttle,bit_flip_high,detection,0.0129,True
7d6b46557ed2,silverstone_RACE,heart_rate,duplicate_timestamp,detection,0.0091,True
22eb9d8c3b0f,silverstone_RACE,rpm,duplicate_timestamp,detection,0.0083,True
16497df770d4,silverstone_RACE,brake_temp,null_value,detection,0.008,True
ac6d68bb0e7d,silverstone_RACE,engine_temp,bit_flip_low,detection,0.0226,True
11ac8d8b21f2,silverstone_RACE,speed,bit_flip_high,detection,0.0174,True
5552d5b3250c,silverstone_RACE,throttle,sensor_dropout,detection,0.0106,True
77b90436aabf,silverstone_RACE,throttle,bit_flip_high,detection,0.0132,True
143ea11247db,silverstone_RACE,g_force_lateral,bit_flip_low,detection,0.0123,True
2c0df235e4a0,silverstone_RACE,brake_temp,null_value,detection,0.0076,True
c4b8502258bc,silverstone_RACE,heart_rate,bit_flip_low,detection,0.0134,True
4339791fd384,silverstone_RACE,speed,sensor_dropout,detection,0.0081,True
cde42aeab3ac,silverstone_RACE,tyre_pressure,bit_flip_high,detection,0.0149,True
cfcac1fe44fe,silverstone_RACE,g_force_lateral_canbus,schema_drift,detection,0.0102,True
c2d46e96256e,silverstone_RACE,throttle,null_value,detection,0.0078,True
c4eec66ce27e,silverstone_RACE,rpm,duplicate_timestamp,detection,0.0204,True
5c6c20c12947,silverstone_RACE,heart_rate,bit_flip_high,detection,0.0131,True
ba89f3faf8e4,silverstone_RACE,rpm_raw,schema_drift,detection,0.01,True
042f2151574d,silverstone_RACE,aero_load,null_value,detection,0.0078,True
1890baa68390,silverstone_RACE,rpm,null_value,detection,0.0079,True
eb064c219fe7,silverstone_RACE,heart_rate,sensor_dropout,detection,0.0086,True
f0d82a8cb7ef,silverstone_RACE,brake_temp,null_value,detection,0.0077,True
85eb3aaff0d3,silverstone_RACE,throttle,null_value,detection,0.0078,True
fe4f5cfde647,silverstone_RACE,aero_load,duplicate_timestamp,detection,0.0091,True
7ea2a4745d6c,silverstone_RACE,tyre_pressure,null_value,detection,0.0077,True
44c319764ecd,silverstone_RACE,ecu_canbus,sensor_dropout,detection,0.0084,True
d19d5b1953ee,silverstone_RACE,rpm,sensor_dropout,detection,0.0091,True
b74f9e5a7a25,silverstone_RACE,g_force_lateral,string_in_numeric,detection,0.0054,True
8057521ccb27,silverstone_RACE,tyre_pressure,duplicate_timestamp,detection,0.0094,True
49f0ef403464,silverstone_RACE,brake_temp,bit_flip_high,detection,0.0133,True
edf50d2ff411,silverstone_RACE,ecu_canbus_alt,schema_drift,detection,0.0096,True
7bf7069a4a79,silverstone_RACE,g_force_lateral,null_value,detection,0.0124,True
1c32bb994ce3,silverstone_RACE,tyre_pressure,bit_flip_low,detection,0.0277,True
f65fe59ee4b8,silverstone_RACE,aero_load,duplicate_timestamp,detection,0.0088,True
a170a96f0ecc,silverstone_RACE,throttle,bit_flip_low,detection,0.0142,True
6de97007de1d,silverstone_RACE,g_force_lateral,string_in_numeric,detection,0.0052,True
8071b8ec25ca,silverstone_RACE,aero_load,string_in_numeric,detection,0.0053,True
5eadfcd88468,silverstone_RACE,tyre_pressure,bit_flip_low,detection,0.0143,True
994e02b1143d,silverstone_RACE,aero_load_raw,schema_drift,detection,0.0101,True
708f61766ab4,silverstone_RACE,ecu_canbus,bit_flip_low,detection,0.0134,True
7aaba7e17064,silverstone_RACE,heart_rate,null_value,detection,0.0079,True
397b0c437925,silverstone_RACE,aero_load,sensor_dropout,detection,0.0079,True
2cbbf7c08f8b,silverstone_RACE,rpm_alt,schema_drift,detection,0.0107,True
331cdbd100de,silverstone_RACE,tyre_pressure,bit_flip_high,detection,0.0136,True
64daa061fa7f,silverstone_RACE,aero_load_new,schema_drift,detection,0.0103,True
d2566e25486a,silverstone_RACE,g_force_lateral,bit_flip_low,detection,0.0131,True
74f7d5fc95d8,silverstone_RACE,heart_rate,bit_flip_low,detection,0.0133,True
da6cc233ef46,silverstone_RACE,ecu_canbus,null_value,detection,0.0077,True
01d08f7df892,silverstone_RACE,engine_temp,bit_flip_low,detection,0.0131,True
1d31597690fc,silverstone_RACE,aero_load,null_value,detection,0.0078,True
fda1331b8057,silverstone_RACE,ecu_canbus,bit_flip_low,detection,0.0136,True
b77396c693c2,silverstone_RACE,ecu_canbus,string_in_numeric,detection,0.005,True
358dfaeea313,silverstone_RACE,speed,bit_flip_high,detection,0.0134,True
cf79b721797f,silverstone_RACE,ecu_canbus,null_value,detection,0.0076,True
59d89b50b885,silverstone_RACE,aero_load,bit_flip_high,detection,0.0132,True
95acfac82973,silverstone_RACE,heart_rate_v2,schema_drift,detection,0.0108,True
3ed22c26abf7,silverstone_RACE,tyre_pressure,sensor_dropout,detection,0.0084,True
bd386647f5e8,silverstone_RACE,throttle,sensor_dropout,detection,0.0079,True
be53fd95f3b7,silverstone_RACE,heart_rate,string_in_numeric,detection,0.005,True
19510489a465,silverstone_RACE,brake_temp,bit_flip_low,detection,0.0135,True
ab19591f4e20,silverstone_RACE,speed,duplicate_timestamp,detection,0.0118,True
bfee61bbce92,silverstone_RACE,speed,bit_flip_low,detection,0.0134,True
d1f00b82a646,silverstone_RACE,throttle,bit_flip_high,detection,0.0129,True
f3deee59ca90,silverstone_RACE,aero_load,string_in_numeric,detection,0.0051,True
4d55caa48813,silverstone_RACE,g_force_lateral_canbus,schema_drift,detection,0.0109,True
a65cd69aa1d6,silverstone_RACE,g_force_lateral,sensor_dropout,detection,0.0083,True
1b32f953c660,silverstone_RACE,speed,string_in_numeric,detection,0.005,True
9296f6bb45a8,silverstone_RACE,brake_temp_alt,schema_drift,detection,0.0097,True
867a775be562,silverstone_RACE,engine_temp,sensor_dropout,detection,0.0078,True
bee7de11c9f9,silverstone_RACE,speed,null_value,detection,0.0076,True
48bf46c339d9,silverstone_RACE,brake_temp,bit_flip_low,detection,0.0139,True
99cad8265240,silverstone_RACE,heart_rate,sensor_dropout,detection,0.0075,True
2fabcbdb5128,silverstone_RACE,heart_rate,string_in_numeric,detection,0.0046,True
a2be489b79e9,silverstone_RACE,speed,duplicate_timestamp,detection,0.0118,True
9bfb3eb1e0ee,silverstone_RACE,ecu_canbus,duplicate_timestamp,detection,0.0116,True
97eb469b802f,silverstone_RACE,rpm_alt,schema_drift,detection,0.0142,True
7d0428e9bd91,silverstone_RACE,aero_load,duplicate_timestamp,detection,0.0128,True
97a380baab3a,silverstone_RACE,g_force_lateral,bit_flip_low,detection,0.0143,True
b93ee4858255,silverstone_RACE,tyre_pressure,duplicate_timestamp,detection,0.0093,True
fd919d0708ab,silverstone_RACE,rpm,null_value,detection,0.0079,True
570fed94ce8b,silverstone_RACE,throttle_new,schema_drift,detection,0.0101,True
54b8d76d75b2,silverstone_RACE,tyre_pressure,bit_flip_low,detection,0.0165,True
8ba9855dcbd4,silverstone_RACE,speed,duplicate_timestamp,detection,0.0086,True
304517c33fa9,silverstone_RACE,throttle,string_in_numeric,detection,0.0048,True
e2708e9a77bf,silverstone_RACE,aero_load,bit_flip_low,detection,0.013,True
1508fc70cd97,silverstone_RACE,tyre_pressure,null_value,detection,0.0078,True
ef8b615de3b7,silverstone_RACE,speed,bit_flip_high,detection,0.0139,True
4624417aaf46,silverstone_RACE,rpm,duplicate_timestamp,detection,0.0084,True
ff7c491b2c64,silverstone_RACE,aero_load,sensor_dropout,detection,0.0073,True
796447379dc1,silverstone_RACE,tyre_pressure,string_in_numeric,detection,0.0049,True
93c3f1f2f9a6,silverstone_RACE,ecu_canbus_alt,schema_drift,detection,0.0105,True
bc998591965f,silverstone_RACE,aero_load,string_in_numeric,detection,0.0051,True
94fddb7aaa34,silverstone_RACE,speed,sensor_dropout,detection,0.0077,True
8e4a9c1b77d1,silverstone_RACE,throttle,bit_flip_high,detection,0.0131,True
bec375207d70,silverstone_RACE,engine_temp,duplicate_timestamp,detection,0.0084,True
a567bf5a4b42,silverstone_RACE,tyre_pressure,bit_flip_high,detection,0.0126,True
e6da0fb25fa9,silverstone_RACE,throttle,bit_flip_low,detection,0.0333,True
acb6ae44c02d,silverstone_RACE,aero_load,bit_flip_high,detection,0.0141,True
b8645dd8908e,silverstone_RACE,throttle,bit_flip_low,detection,0.013,True
fe9dc2a82235,silverstone_RACE,tyre_pressure,duplicate_timestamp,detection,0.0088,True
4acb45a25872,silverstone_RACE,rpm_alt,schema_drift,detection,0.0098,True
b6852da8f816,silverstone_RACE,engine_temp,null_value,detection,0.0174,True
91539ba40f7b,silverstone_RACE,heart_rate,string_in_numeric,detection,0.0108,True
d0c75d888ee4,silverstone_RACE,rpm,bit_flip_high,detection,0.0136,True
7e8d0457b673,silverstone_RACE,throttle,sensor_dropout,detection,0.0075,True
b65624c406f4,silverstone_RACE,aero_load,bit_flip_low,detection,0.0138,True
0dbc48e2a9c4,silverstone_RACE,g_force_lateral,null_value,detection,0.0078,True
6b379ef2e5de,silverstone_RACE,heart_rate,null_value,detection,0.0076,True
f15177555610,silverstone_RACE,rpm,duplicate_timestamp,detection,0.0081,True
558e185b04cf,silverstone_RACE,tyre_pressure,bit_flip_low,detection,0.0127,True
63647df347e1,silverstone_RACE,tyre_pressure,sensor_dropout,detection,0.0078,True
45f4db43f3a9,silverstone_RACE,engine_temp,duplicate_timestamp,detection,0.0088,True
d53372ff1423,silverstone_RACE,aero_load,sensor_dropout,detection,0.0076,True
dd27f29cab91,silverstone_RACE,heart_rate,bit_flip_high,detection,0.0126,True
6d77ac657677,silverstone_RACE,aero_load,null_value,detection,0.0072,True
15416163603a,silverstone_RACE,speed,string_in_numeric,detection,0.0046,True
2263c01fea0d,silverstone_RACE,g_force_lateral_canbus,schema_drift,detection,0.0093,True
c2a078392cab,silverstone_RACE,brake_temp,bit_flip_high,detection,0.0128,True
3da54c29c13f,silverstone_RACE,engine_temp,string_in_numeric,detection,0.007,True
63672d52d5fb,silverstone_RACE,heart_rate,bit_flip_low,detection,0.0148,True
b829267fad40,silverstone_RACE,g_force_lateral,sensor_dropout,detection,0.0083,True
1d5accc3c934,silverstone_RACE,rpm,null_value,detection,0.0076,True
8e559078c2f5,silverstone_RACE,tyre_pressure_alt,schema_drift,detection,0.01,True
02f2a7831e9b,silverstone_RACE,throttle_new,schema_drift,detection,0.0104,True
8e1682efa938,silverstone_RACE,aero_load,string_in_numeric,detection,0.005,True
2189deeb0b1a,silverstone_RACE,ecu_canbus,bit_flip_high,detection,0.0133,True
0c2e591834c2,silverstone_RACE,brake_temp,duplicate_timestamp,detection,0.0087,True
99cdb544b5d0,silverstone_RACE,rpm,string_in_numeric,detection,0.0046,True
c4b8e00ad66c,silverstone_RACE,ecu_canbus,bit_flip_high,detection,0.0124,True
390a76ee1f04,silverstone_RACE,brake_temp,bit_flip_low,detection,0.0137,True
f4cecf0e2985,silverstone_RACE,tyre_pressure,null_value,detection,0.008,True
999ae00baa05,silverstone_RACE,throttle,sensor_dropout,detection,0.0076,True
8f2f778ea20d,silverstone_RACE,speed,duplicate_timestamp,detection,0.0085,True
211a8123e594,silverstone_RACE,rpm,bit_flip_low,detection,0.0133,True
c778472c5dc7,silverstone_RACE,brake_temp,bit_flip_high,detection,0.0117,True
adb3bdc4cb0e,silverstone_RACE,brake_temp,bit_flip_high,detection,0.0127,True
d4dfb97be7dc,silverstone_RACE,ecu_canbus,null_value,detection,0.0079,True
3f0a7f5158a4,silverstone_RACE,g_force_lateral,null_value,detection,0.0074,True
49b94587490d,silverstone_RACE,brake_temp,string_in_numeric,detection,0.0049,True
93459be7897e,silverstone_RACE,throttle,null_value,detection,0.0079,True
9143dd905f10,silverstone_RACE,speed,sensor_dropout,detection,0.0106,True
35f47c22b0c9,silverstone_RACE,rpm,bit_flip_low,detection,0.0201,True
3d3499318767,silverstone_RACE,throttle,bit_flip_high,detection,0.0135,True
c594ff736a67,silverstone_RACE,speed,string_in_numeric,detection,0.013,True
1f3e3b29e183,silverstone_RACE,rpm_new,schema_drift,detection,0.0301,True
f2d342ba2f78,silverstone_RACE,brake_temp,duplicate_timestamp,detection,0.0092,True
f901437092a6,silverstone_RACE,tyre_pressure,bit_flip_low,detection,0.0129,True
1c76419929c5,silverstone_RACE,engine_temp,duplicate_timestamp,detection,0.0087,True
b5fe80b94c1a,silverstone_RACE,throttle_new,schema_drift,detection,0.0104,True
5da8dac2a673,silverstone_RACE,brake_temp_new,schema_drift,detection,0.0096,True
95b5e5e8aab7,silverstone_RACE,engine_temp,sensor_dropout,detection,0.008,True
25ae54e84e40,silverstone_RACE,aero_load_v2,schema_drift,detection,0.0098,True
0d1aa9a93e77,silverstone_RACE,throttle,bit_flip_low,detection,0.0137,True
59baee7e7c6a,silverstone_RACE,rpm,string_in_numeric,detection,0.0049,True
0bf445c2924e,silverstone_RACE,rpm,bit_flip_low,detection,0.0218,True
cd0774f4e0bd,silverstone_RACE,tyre_pressure,sensor_dropout,detection,0.0105,True
887e2a2c79b0,silverstone_RACE,heart_rate,bit_flip_low,detection,0.0139,True
6dd7bbf614f8,silverstone_RACE,aero_load,bit_flip_low,detection,0.0186,True
66bd7d32e378,silverstone_RACE,ecu_canbus,string_in_numeric,detection,0.0056,True
1390e94cbf28,silverstone_RACE,speed,string_in_numeric,detection,0.0052,True
21661af101a1,silverstone_RACE,rpm,bit_flip_high,detection,0.0154,True
0db5fa696615,silverstone_RACE,tyre_pressure,string_in_numeric,detection,0.0049,True
04f655fb0acb,silverstone_RACE,ecu_canbus,string_in_numeric,detection,0.0048,True
b2737eddab66,silverstone_RACE,heart_rate,string_in_numeric,detection,0.0046,True
6f0bc371dbe7,silverstone_RACE,aero_load,duplicate_timestamp,detection,0.0101,True
4ffe760536a5,silverstone_RACE,tyre_pressure,null_value,detection,0.0093,True
64114a051f56,silverstone_RACE,engine_temp,null_value,detection,0.0088,True
718e06cea0d6,silverstone_RACE,heart_rate,sensor_dropout,detection,0.0079,True
fd333e2fbec0,silverstone_RACE,g_force_lateral,bit_flip_low,detection,0.0139,True
e5dede22519c,silverstone_RACE,aero_load,duplicate_timestamp,detection,0.0101,True
812cb958a7bc,silverstone_RACE,brake_temp,bit_flip_high,detection,0.0163,True
27796d23fb2a,silverstone_RACE,ecu_canbus_new,schema_drift,detection,0.0094,True
788d826daffa,silverstone_RACE,rpm,null_value,detection,0.0145,True
9dd18442cf20,silverstone_RACE,ecu_canbus,bit_flip_high,detection,0.0137,True
05b60f768f53,silverstone_RACE,tyre_pressure,bit_flip_low,detection,0.0165,True
8674fb747c41,silverstone_RACE,heart_rate,null_value,detection,0.0077,True
45457d7824f6,silverstone_RACE,brake_temp,duplicate_timestamp,detection,0.0088,True
49e060d8ac00,silverstone_RACE,heart_rate,sensor_dropout,detection,0.008,True
6e46187a4b3f,silverstone_RACE,throttle,bit_flip_low,detection,0.013,True
a16f5fadc320,silverstone_RACE,heart_rate_raw,schema_drift,detection,0.0097,True
90319770072b,silverstone_RACE,brake_temp,null_value,detection,0.0078,True
b990a6ce9381,silverstone_RACE,aero_load,bit_flip_high,detection,0.0131,True
55036011859f,silverstone_RACE,tyre_pressure,null_value,detection,0.0085,True
4dda8c2a0acd,silverstone_RACE,g_force_lateral,bit_flip_low,detection,0.0122,True
fe62f743f880,silverstone_RACE,engine_temp_v2,schema_drift,detection,0.0101,True
af4e1ee295ca,silverstone_RACE,heart_rate_v2,schema_drift,detection,0.0093,True
2c95b9bffe7d,silverstone_RACE,g_force_lateral,string_in_numeric,detection,0.005,True
4dc50e6c2418,silverstone_RACE,rpm,bit_flip_low,detection,0.0142,True
eeb8a3269d25,silverstone_RACE,ecu_canbus,bit_flip_low,detection,0.0216,False
76e53f7d6c61,silverstone_RACE,ecu_canbus,duplicate_timestamp,detection,0.0105,True
57692db7ef71,silverstone_RACE,brake_temp,sensor_dropout,detection,0.0096,True
8359460b80f7,silverstone_RACE,heart_rate,null_value,detection,0.0075,True
061f63c23e80,silverstone_RACE,throttle,string_in_numeric,detection,0.005,True
bf9549111abb,silverstone_RACE,aero_load,bit_flip_high,detection,0.0129,True
f7f315400b08,silverstone_RACE,heart_rate,sensor_dropout,detection,0.0083,True
111908cc7a31,silverstone_RACE,engine_temp,null_value,detection,0.008,True
fa6233aa9cdf,silverstone_RACE,ecu_canbus,sensor_dropout,detection,0.0078,True
7d6e2f4fedb0,silverstone_RACE,heart_rate,duplicate_timestamp,detection,0.0087,True
0a8f92bb9866,silverstone_RACE,rpm,string_in_numeric,detection,0.0048,True
6da950873ecf,silverstone_RACE,tyre_pressure,bit_flip_low,detection,0.0145,True
adf2ce5fc9db,silverstone_RACE,ecu_canbus,string_in_numeric,detection,0.0053,True
e076c601f72e,silverstone_RACE,rpm,null_value,detection,0.0092,True
dfffcabbe00f,silverstone_RACE,aero_load,string_in_numeric,detection,0.0054,True
adc9c79dc768,silverstone_RACE,ecu_canbus,duplicate_timestamp,detection,0.0102,True
684e11265275,silverstone_RACE,throttle,string_in_numeric,detection,0.0053,True
2d30f7bfb3d5,silverstone_RACE,ecu_canbus_canbus,schema_drift,detection,0.0105,True
682ad2b3ef9d,silverstone_RACE,speed,null_value,detection,0.0077,True
8f43f398cd84,silverstone_RACE,engine_temp,bit_flip_low,detection,0.0131,True
4db3fcfdec81,silverstone_RACE,ecu_canbus,sensor_dropout,detection,0.008,True
65022bfcfd50,silverstone_RACE,g_force_lateral,sensor_dropout,detection,0.0078,True
9637395f82a5,silverstone_RACE,heart_rate,null_value,detection,0.008,True
feca1b72e881,silverstone_RACE,g_force_lateral,bit_flip_low,detection,0.0125,True
0f2317a8163a,silverstone_RACE,speed,bit_flip_low,detection,0.0123,True
5d2278fbeba3,silverstone_RACE,throttle,string_in_numeric,detection,0.0045,True
1ea0d4383ed7,silverstone_RACE,tyre_pressure,bit_flip_low,detection,0.012,True
2162c8aa3ab6,silverstone_RACE,brake_temp,null_value,detection,0.0075,True
33d094cadb06,silverstone_RACE,g_force_lateral,duplicate_timestamp,detection,0.0095,True
9df93f2bceca,silverstone_RACE,brake_temp,bit_flip_low,detection,0.0131,True
eea13de27918,silverstone_RACE,rpm,bit_flip_high,detection,0.0149,True
2fe9b4e4f206,silverstone_RACE,tyre_pressure,bit_flip_low,detection,0.0132,True
367d5a2743c4,silverstone_RACE,speed,bit_flip_high,detection,0.0138,True
0ed2ce83ad87,silverstone_RACE,rpm,bit_flip_high,detection,0.0139,True
f91df880ec7a,silverstone_RACE,brake_temp,null_value,detection,0.0083,True
d4c8cfbcdffd,silverstone_RACE,tyre_pressure,null_value,detection,0.01,True
6efe9c682cbf,silverstone_RACE,g_force_lateral,bit_flip_low,detection,0.0129,True
385d25af61cc,silverstone_RACE,speed,null_value,detection,0.0082,True
8959795294b6,silverstone_RACE,engine_temp_v2,schema_drift,detection,0.0097,True
2371859fd717,silverstone_RACE,tyre_pressure,bit_flip_high,detection,0.0132,True
50493ced5367,silverstone_RACE,g_force_lateral,null_value,detection,0.0079,True
1c1373cb8661,silverstone_RACE,aero_load,duplicate_timestamp,detection,0.009,True
cbe76d7bcac3,silverstone_RACE,g_force_lateral,bit_flip_high,detection,0.0133,True
68f16a1eb5a1,silverstone_RACE,heart_rate,string_in_numeric,detection,0.0115,True
3dd4bb404986,silverstone_RACE,g_force_lateral,string_in_numeric,detection,0.0114,True
7b876f70618c,silverstone_RACE,throttle,bit_flip_low,detection,0.0149,True
ffc018469110,silverstone_RACE,speed,null_value,detection,0.0075,True
265accd213b7,silverstone_RACE,tyre_pressure,sensor_dropout,detection,0.0115,True
2fdde4fe28e7,silverstone_RACE,g_force_lateral,bit_flip_low,detection,0.014,True
35b7fd61d79e,silverstone_RACE,throttle,bit_flip_high,detection,0.0149,True
9fda56d959d4,silverstone_RACE,ecu_canbus,string_in_numeric,detection,0.0054,True
0c9de46cb51a,silverstone_RACE,speed,sensor_dropout,detection,0.0077,True
1824bd794155,silverstone_RACE,brake_temp_v2,schema_drift,detection,0.0091,True
3e6e8c5af51b,silverstone_RACE,aero_load,bit_flip_high,detection,0.0133,True
ff9294266803,silverstone_RACE,tyre_pressure,null_value,detection,0.0074,True
008f857d7d31,silverstone_RACE,rpm,sensor_dropout,detection,0.0075,True
0d10d5c06da4,silverstone_RACE,throttle,sensor_dropout,detection,0.0072,True
095b85a6b222,silverstone_RACE,tyre_pressure,bit_flip_low,detection,0.0164,True
956e996dc18d,silverstone_RACE,speed,bit_flip_high,detection,0.0142,True
80ee6967eae8,silverstone_RACE,throttle,sensor_dropout,detection,0.0076,True
bfaf1c392830,silverstone_RACE,rpm_raw,schema_drift,detection,0.0098,True
963ab0971d19,silverstone_RACE,throttle,bit_flip_high,detection,0.0132,True
3a5a9e92363f,silverstone_RACE,brake_temp,bit_flip_low,detection,0.0181,True
5782a922a185,silverstone_RACE,tyre_pressure,bit_flip_high,detection,0.0138,True
21baa6639ef9,silverstone_RACE,heart_rate_canbus,schema_drift,detection,0.0107,True
e66ac01ae77d,silverstone_RACE,rpm_new,schema_drift,detection,0.0101,True
52fdfabc3105,silverstone_RACE,aero_load_canbus,schema_drift,detection,0.0099,True
0fce53f0c836,silverstone_RACE,ecu_canbus,null_value,detection,0.0086,True
620f671f193a,silverstone_RACE,g_force_lateral,null_value,detection,0.0107,True
dd2d9a675d11,silverstone_RACE,heart_rate,bit_flip_high,detection,0.0158,True
b2bfd5ada8d7,silverstone_RACE,heart_rate,bit_flip_low,detection,0.0134,True
3c2acd36dac3,silverstone_RACE,brake_temp_alt,schema_drift,detection,0.0101,True
55d73f3ec268,silverstone_RACE,engine_temp,bit_flip_high,detection,0.0135,True
d621ccfe9304,silverstone_RACE,g_force_lateral,duplicate_timestamp,detection,0.009,True
1a00c90dbd21,silverstone_RACE,brake_temp_alt,schema_drift,detection,0.0096,True
34401e818932,silverstone_RACE,aero_load,string_in_numeric,detection,0.0047,True
160d5c4ccf08,silverstone_RACE,rpm,bit_flip_low,detection,0.0134,True
d78d06d2aac6,silverstone_RACE,engine_temp,bit_flip_high,detection,0.012,True
e3235b982d2f,silverstone_RACE,aero_load,null_value,detection,0.0074,True
bb6a23e85f44,silverstone_RACE,g_force_lateral,duplicate_timestamp,detection,0.0085,True
dbe34496feee,silverstone_RACE,tyre_pressure,bit_flip_low,detection,0.0122,True
405649c3acb5,silverstone_RACE,g_force_lateral,bit_flip_low,detection,0.0127,True
59aa5e2e64ee,silverstone_RACE,rpm,duplicate_timestamp,detection,0.0329,True
2f17361e0aa4,silverstone_RACE,brake_temp,bit_flip_low,detection,0.0144,True
7192c18dfbd4,silverstone_RACE,ecu_canbus,bit_flip_low,detection,0.0132,True
37b7c3286bb1,silverstone_RACE,g_force_lateral,bit_flip_low,detection,0.0137,True
37fe9dca6eac,silverstone_RACE,brake_temp,null_value,detection,0.0081,True
a50f85258ff5,silverstone_RACE,throttle_new,schema_drift,detection,0.0099,True
f11944d7af82,silverstone_RACE,tyre_pressure,bit_flip_low,detection,0.0168,True
4efb6ab27371,silverstone_RACE,speed,null_value,detection,0.0079,True
c18902e86c5b,silverstone_RACE,speed_raw,schema_drift,detection,0.01,True
6c7e3c5e879d,silverstone_RACE,aero_load,bit_flip_high,detection,0.0134,True
2895b801e817,silverstone_RACE,throttle,duplicate_timestamp,detection,0.0121,True
41a2631d1067,silverstone_RACE,ecu_canbus_raw,schema_drift,detection,0.0104,True
c907b21782e3,silverstone_RACE,rpm,null_value,detection,0.0076,True
909af2188b86,silverstone_RACE,heart_rate,bit_flip_high,detection,0.0132,True
31e0880152ad,silverstone_RACE,engine_temp,duplicate_timestamp,detection,0.0094,True
437eafe47c1e,silverstone_RACE,ecu_canbus,bit_flip_low,detection,0.0134,True
07825f8e2d2f,silverstone_RACE,ecu_canbus,duplicate_timestamp,detection,0.0085,True
528226bded40,silverstone_RACE,rpm_raw,schema_drift,detection,0.0105,True
fc19bb9a72fd,silverstone_RACE,speed,string_in_numeric,detection,0.0046,True
c988be1a4b1f,silverstone_RACE,aero_load,bit_flip_low,detection,0.0134,True
1d953796b22d,silverstone_RACE,g_force_lateral,bit_flip_high,detection,0.0125,True
8116e3cebcba,silverstone_RACE,throttle,null_value,detection,0.0078,True
d51dc9602798,silverstone_RACE,engine_temp,null_value,detection,0.0079,True
5b50227119f9,silverstone_RACE,aero_load,string_in_numeric,detection,0.0053,True
dcd0e1eb2a0b,silverstone_RACE,heart_rate_v2,schema_drift,detection,0.0113,True
c018a99bb345,silverstone_RACE,g_force_lateral,sensor_dropout,detection,0.0075,True
2853979f6961,silverstone_RACE,aero_load,bit_flip_low,detection,0.0134,True
00c431343146,silverstone_RACE,ecu_canbus,null_value,detection,0.0079,True
9aad259d1c8d,silverstone_RACE,heart_rate,bit_flip_high,detection,0.0134,True
191112ddf6ab,silverstone_RACE,speed_alt,schema_drift,detection,0.01,True
b67540eec012,silverstone_RACE,rpm,bit_flip_high,detection,0.0136,True
2a20bbf21e75,silverstone_RACE,engine_temp,bit_flip_low,detection,0.0127,True
b6f2fcbc1d2c,silverstone_RACE,ecu_canbus,sensor_dropout,detection,0.0077,True
52e504afbdd1,silverstone_RACE,speed,bit_flip_low,detection,0.0132,True
4dab0a5f4b9d,silverstone_RACE,tyre_pressure,sensor_dropout,detection,0.0081,True
65363ade5124,silverstone_RACE,tyre_pressure,sensor_dropout,detection,0.0076,True
06ca28a00063,silverstone_RACE,g_force_lateral,null_value,detection,0.0076,True
feae55bda934,silverstone_RACE,rpm,bit_flip_low,detection,0.0147,True
7bd711c69e83,silverstone_RACE,throttle,bit_flip_low,detection,0.013,True
fd178e576a50,silverstone_RACE,tyre_pressure,null_value,detection,0.0076,True
032749bbd7e9,silverstone_RACE,throttle,bit_flip_high,detection,0.0131,True
9959f45e128d,silverstone_RACE,brake_temp,null_value,detection,0.0078,True
cca1a62f87a2,silverstone_RACE,ecu_canbus_raw,schema_drift,detection,0.0092,True
4f5c47eb44ee,silverstone_RACE,aero_load,bit_flip_high,detection,0.019,True
1e562cbbec49,silverstone_RACE,throttle,null_value,detection,0.008,True
2ea56fea6a9c,silverstone_RACE,heart_rate,duplicate_timestamp,detection,0.0095,True
90ef02e4d61b,silverstone_RACE,heart_rate,null_value,detection,0.0077,True
bd2aef93bf05,silverstone_RACE,rpm,bit_flip_low,detection,0.0137,True
0f2c458de93d,silverstone_RACE,throttle,null_value,detection,0.0076,True
492374a9970a,silverstone_RACE,engine_temp,bit_flip_high,detection,0.0125,True
03bbe0e6db46,silverstone_RACE,brake_temp,bit_flip_low,detection,0.0129,True
fd33b53e6527,silverstone_RACE,speed,sensor_dropout,detection,0.0078,True
fc2c44444339,silverstone_RACE,brake_temp,sensor_dropout,detection,0.0079,True
9c2e1441cceb,silverstone_RACE,rpm,duplicate_timestamp,detection,0.0086,True
bd29e86531e3,silverstone_RACE,tyre_pressure_alt,schema_drift,detection,0.0097,True
c33272ce6e45,silverstone_RACE,rpm,string_in_numeric,detection,0.0046,True
1e73cb8e35eb,silverstone_RACE,ecu_canbus,bit_flip_high,detection,0.0179,True
13d4a0a65699,silverstone_RACE,heart_rate,bit_flip_low,detection,0.0172,True
c232a168b381,silverstone_RACE,speed,null_value,detection,0.1074,True
dcf8e3e7016f,silverstone_RACE,speed,null_value,detection,0.0091,True
bba831f2e561,silverstone_RACE,tyre_pressure,bit_flip_low,detection,0.0138,True
01d93e0f8cfe,silverstone_RACE,rpm,bit_flip_low,detection,0.0137,True
7a19439f74e4,budapest_FP1,ecu_canbus,bit_flip_high,detection,0.0151,True
f652fd090909,budapest_FP1,rpm,bit_flip_high,detection,0.035,True
8ec32ac1fb97,budapest_FP1,g_force_lateral_v2,schema_drift,detection,0.0105,True
70a1f0fc2e47,budapest_FP1,tyre_pressure,duplicate_timestamp,detection,0.0084,True
c935eb3fca88,budapest_FP1,ecu_canbus_raw,schema_drift,detection,0.0092,True
02f940ca5945,budapest_FP1,aero_load,string_in_numeric,detection,0.0055,True
9b2837e85cce,budapest_FP1,g_force_lateral,string_in_numeric,detection,0.0047,True
8b5de369e58a,budapest_FP1,throttle,sensor_dropout,detection,0.0073,True
5abdbf2e4793,budapest_FP1,brake_temp,bit_flip_low,detection,0.0126,True
0d635b651b09,budapest_FP1,aero_load,sensor_dropout,detection,0.0074,True
ceb8d42fff34,budapest_FP1,tyre_pressure,null_value,detection,0.007,True
f7d14404eb9d,budapest_FP1,g_force_lateral,null_value,detection,0.0072,True
69218f80f151,budapest_FP1,aero_load,null_value,detection,0.0071,True
005e061f6c63,budapest_FP1,brake_temp,sensor_dropout,detection,0.0081,True
143c63924245,budapest_FP1,g_force_lateral,string_in_numeric,detection,0.0085,True
f763be11583c,budapest_FP1,throttle,bit_flip_high,detection,0.0335,True
799d58affa83,budapest_FP1,brake_temp,sensor_dropout,detection,0.0074,True
4857797c35ff,budapest_FP1,aero_load,null_value,detection,0.0076,True
81a95c1acabf,budapest_FP1,throttle,string_in_numeric,detection,0.0048,True
c5b0ea964cac,budapest_FP1,aero_load,bit_flip_high,detection,0.0129,True
c9f179b9dc3a,budapest_FP1,engine_temp_alt,schema_drift,detection,0.009,True
3f89c13f6b8e,budapest_FP1,heart_rate,bit_flip_low,detection,0.0134,True
5c064891ca23,budapest_FP1,throttle,bit_flip_high,detection,0.0127,True
a0ba8c9f4b55,budapest_FP1,engine_temp,duplicate_timestamp,detection,0.0081,True
e77aea76fedf,budapest_FP1,ecu_canbus_v2,schema_drift,detection,0.0091,True
47aa98306c5c,budapest_FP1,speed,null_value,detection,0.0075,True
ca945cf04042,budapest_FP1,throttle,null_value,detection,0.0071,True
b1a196699929,budapest_FP1,engine_temp,bit_flip_high,detection,0.0133,True
bfa0071cd0f3,budapest_FP1,aero_load,sensor_dropout,detection,0.0073,True
78cac36e7015,budapest_FP1,tyre_pressure,duplicate_timestamp,detection,0.0109,True
c7bab60b2a3a,budapest_FP1,engine_temp,bit_flip_low,detection,0.0138,True
2e52dbc4dbec,budapest_FP1,g_force_lateral,null_value,detection,0.0074,True
968daca3cdeb,budapest_FP1,engine_temp,duplicate_timestamp,detection,0.0082,True
2f8828d09084,budapest_FP1,engine_temp,duplicate_timestamp,detection,0.0082,True
9f179b6f0fc5,budapest_FP1,tyre_pressure,sensor_dropout,detection,0.01,True
f586c24c5fcb,budapest_FP1,throttle,bit_flip_low,detection,0.0129,True
d44790fac8af,budapest_FP1,aero_load,string_in_numeric,detection,0.0047,True
c0c26b76311b,budapest_FP1,heart_rate,bit_flip_high,detection,0.0122,True
c663f0304d32,budapest_FP1,g_force_lateral,null_value,detection,0.0107,True
d8dac925773f,budapest_FP1,tyre_pressure_v2,schema_drift,detection,0.0095,True
3351d40191cb,budapest_FP1,aero_load_canbus,schema_drift,detection,0.0119,True
a7f5853fa1c2,budapest_FP1,throttle,bit_flip_low,detection,0.017,True
2c755001e901,budapest_FP1,ecu_canbus,duplicate_timestamp,detection,0.0083,True
dfb79a5cb60f,budapest_FP1,engine_temp,string_in_numeric,detection,0.0048,True
984bb59ba5ed,budapest_FP1,g_force_lateral,sensor_dropout,detection,0.0075,True
f0029f4bee1d,budapest_FP1,throttle,string_in_numeric,detection,0.0059,True
d297b96c0acf,budapest_FP1,aero_load_alt,schema_drift,detection,0.0104,True
1e81f7d28f71,budapest_FP1,heart_rate,bit_flip_low,detection,0.0139,True
2612041a476f,budapest_FP1,g_force_lateral,bit_flip_low,detection,0.0126,True
b779044b708c,budapest_FP1,g_force_lateral,null_value,detection,0.0072,True
a084fbb27445,budapest_FP1,aero_load,null_value,detection,0.0074,True
24af095d6389,budapest_FP1,rpm,null_value,detection,0.0072,True
d38008094602,budapest_FP1,throttle,string_in_numeric,detection,0.0045,True
32117c8e09ce,budapest_FP1,speed,duplicate_timestamp,detection,0.0079,True
3f249487927c,budapest_FP1,g_force_lateral,duplicate_timestamp,detection,0.0089,True
40c52961e0ca,budapest_FP1,throttle,sensor_dropout,detection,0.0077,True
c5d869b6c5bf,budapest_FP1,tyre_pressure,string_in_numeric,detection,0.0048,True
4a0e808bb720,budapest_FP1,throttle_raw,schema_drift,detection,0.0096,True
04b58323bbbb,budapest_FP1,aero_load,bit_flip_low,detection,0.0131,True
b19a006c248b,budapest_FP1,aero_load,bit_flip_high,detection,0.0124,True
921444a61982,budapest_FP1,speed,null_value,detection,0.0114,True
9d42548d3159,budapest_FP1,brake_temp_new,schema_drift,detection,0.0235,True
9e94b7469018,budapest_FP1,engine_temp,null_value,detection,0.0178,True
e1ffe58183f5,budapest_FP1,tyre_pressure,sensor_dropout,detection,0.0102,True
fcfbbd6921c8,budapest_FP1,heart_rate,bit_flip_high,detection,0.0151,True
49a288d43b17,budapest_FP1,throttle,bit_flip_low,detection,0.0154,True
a1eacdce57b6,budapest_FP1,brake_temp_raw,schema_drift,detection,0.0108,True
fa8e36b53e3a,budapest_FP1,tyre_pressure,null_value,detection,0.0089,True
7e3737484774,budapest_FP1,heart_rate,null_value,detection,0.0079,True
408d3283e232,budapest_FP1,speed,bit_flip_high,detection,0.0141,True
89a858753925,budapest_FP1,throttle,sensor_dropout,detection,0.0082,True
99579ac34963,budapest_FP1,tyre_pressure,duplicate_timestamp,detection,0.0091,True
29c44a77b81c,budapest_FP1,g_force_lateral,bit_flip_high,detection,0.0129,True
d926e5c3dffd,budapest_FP1,aero_load,bit_flip_low,detection,0.013,True
5d85238f5dbe,budapest_FP1,g_force_lateral,bit_flip_low,detection,0.0129,True
2d759546ea27,budapest_FP1,tyre_pressure,sensor_dropout,detection,0.008,True
3c8b679de24a,budapest_FP1,aero_load_canbus,schema_drift,detection,0.0104,True
d583aeb99693,budapest_FP1,ecu_canbus,bit_flip_low,detection,0.0142,True
a084020889a4,budapest_FP1,brake_temp,duplicate_timestamp,detection,0.0087,True
20c07a177bb8,budapest_FP1,engine_temp,null_value,detection,0.0074,True
e59efb0f9caf,budapest_FP1,speed,bit_flip_high,detection,0.013,True
668705eb602e,budapest_FP1,heart_rate,bit_flip_low,detection,0.0146,True
2ae99d67655c,budapest_FP1,g_force_lateral,bit_flip_high,detection,0.0144,True
a3e9632c9747,budapest_FP1,rpm,null_value,detection,0.0085,True
581224c5fc93,budapest_FP1,aero_load_v2,schema_drift,detection,0.0102,True
6cfa42f71da0,budapest_FP1,throttle,bit_flip_low,detection,0.0136,True
ba1697302f52,budapest_FP1,speed,bit_flip_low,detection,0.0178,True
75c34428c6f2,budapest_FP1,throttle,bit_flip_low,detection,0.0175,True
65767af69f49,budapest_FP1,engine_temp,bit_flip_low,detection,0.0165,True
c871ab8b1555,budapest_FP1,throttle,sensor_dropout,detection,0.0109,True
bb4fa29861c1,budapest_FP1,rpm,null_value,detection,0.0086,True
c857a87874dd,budapest_FP1,tyre_pressure_v2,schema_drift,detection,0.0095,True
91f3a227dc68,budapest_FP1,g_force_lateral,bit_flip_high,detection,0.0126,True
41d3e9807d8a,budapest_FP1,g_force_lateral,null_value,detection,0.0076,True
a90160adb30f,budapest_FP1,speed,bit_flip_low,detection,0.0136,True
43c28c87b466,budapest_FP1,tyre_pressure,bit_flip_low,detection,0.0214,True
4ae6bc67c37b,budapest_FP1,throttle,string_in_numeric,detection,0.0062,True
447b7d1dc9cd,budapest_FP1,tyre_pressure,bit_flip_high,detection,0.0125,True
a977fc285b67,budapest_FP1,brake_temp,duplicate_timestamp,detection,0.0207,True
f3c1069c5191,budapest_FP1,ecu_canbus,null_value,detection,0.009,True
a10a7dade0be,budapest_FP1,engine_temp,null_value,detection,0.0077,True
33e31a043a79,budapest_FP1,aero_load,duplicate_timestamp,detection,0.0085,True
a17cf5c46b9e,budapest_FP1,aero_load,sensor_dropout,detection,0.0075,True
612ebd69bde8,budapest_FP1,ecu_canbus,duplicate_timestamp,detection,0.0087,True
a496afed7573,budapest_FP1,rpm_alt,schema_drift,detection,0.0097,True
3a42dc516504,budapest_FP1,ecu_canbus,null_value,detection,0.0137,True
bd6a3f53e32b,budapest_FP1,speed,sensor_dropout,detection,0.0074,True
e8cd0998bfb9,budapest_FP1,brake_temp_v2,schema_drift,detection,0.0091,True
db46c4628da7,budapest_FP1,g_force_lateral,bit_flip_low,detection,0.0121,True
e9ab094d4b74,budapest_FP1,g_force_lateral,sensor_dropout,detection,0.0091,True
cd06273a1d0b,budapest_FP1,ecu_canbus,bit_flip_high,detection,0.0145,True
83aac8b7b072,budapest_FP1,rpm,duplicate_timestamp,detection,0.0081,True
9a2e3ed460d8,budapest_FP1,throttle,bit_flip_low,detection,0.0131,True
d66e45b50619,budapest_FP1,heart_rate,sensor_dropout,detection,0.0075,True
4d0bed1d7b44,budapest_FP1,rpm,bit_flip_low,detection,0.0133,True
b314c5c9ba25,budapest_FP1,brake_temp,duplicate_timestamp,detection,0.0092,True
fac5c2b0dc89,budapest_FP1,ecu_canbus,duplicate_timestamp,detection,0.0087,True
75bda80daf45,budapest_FP1,speed,duplicate_timestamp,detection,0.0085,True
5ef233121493,budapest_FP1,brake_temp,bit_flip_low,detection,0.0135,True
7e25dfb62b9e,budapest_FP1,ecu_canbus,string_in_numeric,detection,0.0051,True
458730b980e1,budapest_FP1,heart_rate,string_in_numeric,detection,0.005,True
cf77cceccc68,budapest_FP1,rpm,duplicate_timestamp,detection,0.0084,True
7a7b8244a7a6,budapest_FP1,brake_temp,bit_flip_low,detection,0.013,True
a50819b52973,budapest_FP1,ecu_canbus,bit_flip_low,detection,0.0089,False
4436503c76fb,budapest_FP1,speed,sensor_dropout,detection,0.0088,True
36b7b031a0b1,budapest_FP1,tyre_pressure,duplicate_timestamp,detection,0.0086,True
74c9caf8fe5d,budapest_FP1,engine_temp,bit_flip_low,detection,0.0125,True
aa2215ea2724,budapest_FP1,rpm,bit_flip_high,detection,0.0134,True
1321d4f94ed3,budapest_FP1,brake_temp_alt,schema_drift,detection,0.0107,True
a2acdb62c7d1,budapest_FP1,speed,bit_flip_high,detection,0.0133,True
e475dbdfd8f4,budapest_FP1,heart_rate,null_value,detection,0.0073,True
b22263de3ad0,budapest_FP1,ecu_canbus_canbus,schema_drift,detection,0.0094,True
371b7269048a,budapest_FP1,brake_temp,null_value,detection,0.0069,True
9808b8dc3f62,budapest_FP1,throttle,null_value,detection,0.0083,True
e400edd5fb5e,budapest_FP1,speed,bit_flip_low,detection,0.0143,True
9a10bc24f650,budapest_FP1,ecu_canbus,sensor_dropout,detection,0.0089,True
fa93ea35e3d1,budapest_FP1,engine_temp,null_value,detection,0.007,True
e7b4bcf6d8f9,budapest_FP1,heart_rate_alt,schema_drift,detection,0.0109,True
11674f975c7a,budapest_FP1,g_force_lateral,null_value,detection,0.0076,True
031eb77107a2,budapest_FP1,ecu_canbus,sensor_dropout,detection,0.0126,True
fa40e01a3647,budapest_FP1,heart_rate,sensor_dropout,detection,0.02,True
c408309c123d,budapest_FP1,tyre_pressure,null_value,detection,0.0174,True
45db92fc2688,budapest_FP1,heart_rate,bit_flip_high,detection,0.0132,True
fc588712e711,budapest_FP1,speed,string_in_numeric,detection,0.0046,True
7634a99f2ee0,budapest_FP1,g_force_lateral,bit_flip_low,detection,0.0132,True
9a4e77baf7e4,budapest_FP1,speed,bit_flip_high,detection,0.0132,True
2cdd39d1f8a2,budapest_FP1,g_force_lateral,null_value,detection,0.0076,True
d0321b6e5b4d,budapest_FP1,g_force_lateral_raw,schema_drift,detection,0.009,True
4c8cbfb89726,budapest_FP1,aero_load,string_in_numeric,detection,0.0067,True
1866623cfc44,budapest_FP1,speed,duplicate_timestamp,detection,0.0092,True
c2be3e80b413,budapest_FP1,ecu_canbus,bit_flip_high,detection,0.0145,True
b3fa5708ef7c,budapest_FP1,speed,duplicate_timestamp,detection,0.0091,True
978549e362b6,budapest_FP1,aero_load,bit_flip_low,detection,0.0142,True
69d3e01ae1d3,budapest_FP1,brake_temp,sensor_dropout,detection,0.0078,True
5b2a8964d8e9,budapest_FP1,aero_load,bit_flip_low,detection,0.0176,True
d3214e26c07e,budapest_FP1,ecu_canbus,string_in_numeric,detection,0.005,True
d38fc3b0296b,budapest_FP1,heart_rate,bit_flip_high,detection,0.0139,True
b12774ede69c,budapest_FP1,brake_temp,duplicate_timestamp,detection,0.0083,True
f1b591322ab6,budapest_FP1,heart_rate,string_in_numeric,detection,0.0046,True
22dd4596885e,budapest_FP1,speed_v2,schema_drift,detection,0.0092,True
1185711e6535,budapest_FP1,rpm,bit_flip_low,detection,0.0133,True
ec1c881779fb,budapest_FP1,heart_rate,sensor_dropout,detection,0.0074,True
87a55b04dbf9,budapest_FP1,speed,sensor_dropout,detection,0.0072,True
53b38f7d79ca,budapest_FP1,engine_temp,null_value,detection,0.0075,True
09e5a1ad5a7e,budapest_FP1,speed,null_value,detection,0.0073,True
7ac9ce70f1b1,budapest_FP1,brake_temp,duplicate_timestamp,detection,0.0082,True
e8ca753d2ef3,budapest_FP1,aero_load,null_value,detection,0.0077,True
e1111e8479d0,budapest_FP1,ecu_canbus,sensor_dropout,detection,0.0074,True
6acb3709b7e2,budapest_FP1,rpm,duplicate_timestamp,detection,0.0085,True
3ce3e9f3127b,budapest_FP1,aero_load,duplicate_timestamp,detection,0.0085,True
663134f8b144,budapest_FP1,tyre_pressure,string_in_numeric,detection,0.0063,True
12e78a6b6718,budapest_FP1,throttle,null_value,detection,0.0085,True
7e26f2fd0a4e,budapest_FP1,aero_load,bit_flip_low,detection,0.0135,True
817abdcc3eb5,budapest_FP1,throttle,sensor_dropout,detection,0.0078,True
da7bfa8f496b,budapest_FP1,heart_rate,duplicate_timestamp,detection,0.0085,True
abb240d3f0be,budapest_FP1,speed,bit_flip_low,detection,0.014,True
778c7e11e655,budapest_FP1,ecu_canbus,string_in_numeric,detection,0.0139,True
8091103dfdad,budapest_FP1,speed,bit_flip_high,detection,0.0144,True
78e53954792a,budapest_FP1,rpm,bit_flip_high,detection,0.0136,True
abded8a169e0,budapest_FP1,aero_load,null_value,detection,0.0072,True
ef28052c3e2d,budapest_FP1,brake_temp,bit_flip_low,detection,0.0128,True
0c46c4b6c8de,budapest_FP1,ecu_canbus,null_value,detection,0.0076,True
53a75e8bd1a7,budapest_FP1,g_force_lateral,sensor_dropout,detection,0.0082,True
495ab9b0c02e,budapest_FP1,aero_load,null_value,detection,0.0081,True
c82fa86ba02d,budapest_FP1,heart_rate,bit_flip_low,detection,0.0143,True
081300bf88d9,budapest_FP1,engine_temp,string_in_numeric,detection,0.0052,True
c707f9f55451,budapest_FP1,heart_rate_alt,schema_drift,detection,0.0104,True
ce13d15b7b8a,budapest_FP1,engine_temp,bit_flip_low,detection,0.0128,True
7183ab712873,budapest_FP1,g_force_lateral,string_in_numeric,detection,0.0055,True
31808766d41c,budapest_FP1,speed,bit_flip_high,detection,0.0151,True
3a6fa8ac467f,budapest_FP1,g_force_lateral,bit_flip_low,detection,0.0124,True
d0c1704199d0,budapest_FP1,ecu_canbus,sensor_dropout,detection,0.0076,True
1ed279dc518b,budapest_FP1,g_force_lateral,bit_flip_low,detection,0.0129,True
177b8fd285f2,budapest_FP1,aero_load,bit_flip_high,detection,0.0134,True
fa1edb27e59d,budapest_FP1,g_force_lateral_v2,schema_drift,detection,0.0139,True
40a6b60b35e7,budapest_FP1,rpm_raw,schema_drift,detection,0.0116,True
6e520b160453,budapest_FP1,ecu_canbus,duplicate_timestamp,detection,0.0088,True
9fe7f121c6f4,budapest_FP1,rpm,sensor_dropout,detection,0.0077,True
7143703d32af,budapest_FP1,throttle,string_in_numeric,detection,0.007,True
b4b23db5b74b,budapest_FP1,brake_temp,duplicate_timestamp,detection,0.0109,True
2cfe5da296e9,budapest_FP1,aero_load,string_in_numeric,detection,0.0074,True
308dfd5b485a,budapest_FP1,brake_temp,bit_flip_high,detection,0.0175,True
fb007fef791c,budapest_FP1,heart_rate,bit_flip_high,detection,0.0129,True
dc4174fd545c,budapest_FP1,throttle,sensor_dropout,detection,0.0079,True
f55dfa5e0fb0,budapest_FP1,brake_temp,sensor_dropout,detection,0.0074,True
3e1982d821d9,budapest_FP1,speed,null_value,detection,0.0077,True
0ad3cb527cf4,budapest_FP1,brake_temp,bit_flip_high,detection,0.0138,True
98335af68a72,budapest_FP1,speed,null_value,detection,0.0079,True
4f1458337d24,budapest_FP1,tyre_pressure,duplicate_timestamp,detection,0.0091,True
0fa92f423113,budapest_FP1,heart_rate,bit_flip_high,detection,0.0133,True
5077be09980f,budapest_FP1,tyre_pressure_raw,schema_drift,detection,0.0103,True
f02827a70517,budapest_FP1,ecu_canbus,sensor_dropout,detection,0.008,True
61684fcacca8,budapest_FP1,throttle,bit_flip_low,detection,0.0139,True
904a37468287,budapest_FP1,aero_load_v2,schema_drift,detection,0.0101,True
48047ac5a8eb,budapest_FP1,aero_load,null_value,detection,0.0076,True
c915c0e24932,budapest_FP1,aero_load,duplicate_timestamp,detection,0.0084,True
2143e085d8b5,budapest_FP1,ecu_canbus,sensor_dropout,detection,0.0077,True
46fbbb465aa0,budapest_FP1,brake_temp,bit_flip_low,detection,0.0369,True
41c2827d2003,budapest_FP1,heart_rate,duplicate_timestamp,detection,0.0087,True
c5a699425975,budapest_FP1,speed,bit_flip_low,detection,0.0136,True
74be474aca21,budapest_FP1,brake_temp,sensor_dropout,detection,0.0085,True
0b9127647a1e,budapest_FP1,engine_temp,string_in_numeric,detection,0.0067,True
f1b4b7515d88,budapest_FP1,aero_load,string_in_numeric,detection,0.0062,True
c480968774c0,budapest_FP1,ecu_canbus_alt,schema_drift,detection,0.0113,True
e2db95301e79,budapest_FP1,rpm,bit_flip_low,detection,0.0139,True
62d58187c1d2,budapest_FP1,brake_temp,null_value,detection,0.0076,True
712da410966c,budapest_FP1,engine_temp,bit_flip_low,detection,0.0135,True
be51994d61f6,budapest_FP1,heart_rate,duplicate_timestamp,detection,0.0092,True
bf5eead050de,budapest_FP1,aero_load,sensor_dropout,detection,0.0084,True
b30e7b7fe297,budapest_FP1,brake_temp_v2,schema_drift,detection,0.0089,True
c9874910756a,budapest_FP1,ecu_canbus,string_in_numeric,detection,0.0047,True
30ca9dd7dbdd,budapest_FP1,heart_rate,bit_flip_high,detection,0.0135,True
99700fb8b539,budapest_FP1,aero_load,duplicate_timestamp,detection,0.0097,True
0cc16a99820e,budapest_FP1,ecu_canbus,bit_flip_low,detection,0.0101,False
a8ff681cf414,budapest_FP1,speed_alt,schema_drift,detection,0.0098,True
00d08d9de629,budapest_FP1,rpm_raw,schema_drift,detection,0.01,True
154038d7732f,budapest_FP1,aero_load,duplicate_timestamp,detection,0.0088,True
2716aa72b24c,budapest_FP1,rpm,bit_flip_high,detection,0.0135,True
a9739b365796,budapest_FP1,heart_rate,bit_flip_low,detection,0.0128,True
e872c8dcaff4,budapest_FP1,speed_alt,schema_drift,detection,0.0097,True
7451a1802603,budapest_FP1,brake_temp,sensor_dropout,detection,0.0078,True
8e0971bcdf91,budapest_FP1,tyre_pressure,duplicate_timestamp,detection,0.0123,True
bd9356d4c18c,budapest_FP1,ecu_canbus,duplicate_timestamp,detection,0.0098,True
27f5159d9552,budapest_FP1,speed,string_in_numeric,detection,0.005,True
38792ddddd62,budapest_FP1,rpm,duplicate_timestamp,detection,0.0087,True
27c569050875,budapest_FP1,engine_temp,string_in_numeric,detection,0.0049,True
e347838935a2,budapest_FP1,tyre_pressure_canbus,schema_drift,detection,0.0102,True
abaa52af1f96,budapest_FP1,aero_load_canbus,schema_drift,detection,0.0129,True
27983e7fdf50,budapest_FP1,speed,string_in_numeric,detection,0.0046,True
fa8b5f440b58,budapest_FP1,engine_temp,bit_flip_low,detection,0.0123,True
de1f7ae76dc4,budapest_FP1,speed,sensor_dropout,detection,0.0069,True
b3b492a837c8,budapest_FP1,engine_temp,bit_flip_low,detection,0.0136,True
cec283dcfced,budapest_FP1,heart_rate,bit_flip_low,detection,0.0126,True
b55fa9ee9214,budapest_FP1,heart_rate,string_in_numeric,detection,0.0053,True
53d009ba5ffe,budapest_FP1,tyre_pressure,null_value,detection,0.0078,True
759999677d1b,budapest_FP1,ecu_canbus_alt,schema_drift,detection,0.0093,True
5fa29bb78591,budapest_FP1,brake_temp_canbus,schema_drift,detection,0.012,True
c257439b28eb,budapest_FP1,aero_load,sensor_dropout,detection,0.0099,True
ba58a4d1f154,budapest_FP1,heart_rate,bit_flip_low,detection,0.0126,True
6eda6562eaf3,budapest_FP1,heart_rate,sensor_dropout,detection,0.0072,True
189e87609523,budapest_FP1,g_force_lateral,bit_flip_high,detection,0.0127,True
1d6b1677346c,budapest_FP1,throttle,null_value,detection,0.0094,True
79bf48de74dd,budapest_FP1,engine_temp,null_value,detection,0.0087,True
c64db1674485,budapest_FP1,aero_load,bit_flip_high,detection,0.015,True
ff971710ec2d,budapest_FP1,speed,null_value,detection,0.011,True
e00c81cbb451,budapest_FP1,heart_rate,bit_flip_high,detection,0.0133,True
49129ee290af,budapest_FP1,tyre_pressure,null_value,detection,0.0077,True
9a4a0e9aadfe,budapest_FP1,tyre_pressure,duplicate_timestamp,detection,0.0089,True
8f74beb8c783,budapest_FP1,heart_rate,null_value,detection,0.0075,True
5f389fb6af8d,budapest_FP1,throttle,bit_flip_high,detection,0.0132,True
c1112f4b0f1e,budapest_FP1,tyre_pressure_raw,schema_drift,detection,0.0144,True
b5731eaa1393,budapest_FP1,engine_temp,sensor_dropout,detection,0.0089,True
c9df29c30ef8,budapest_FP1,throttle,bit_flip_high,detection,0.0141,True
7919078702ed,budapest_FP1,aero_load,duplicate_timestamp,detection,0.0213,True
0ef4cf983eb0,budapest_FP1,aero_load,duplicate_timestamp,detection,0.0086,True
1d834d17e55a,budapest_FP1,throttle,sensor_dropout,detection,0.0079,True
daf02e9954d1,budapest_FP1,speed,null_value,detection,0.0075,True
60e2ed81ed98,budapest_FP1,aero_load,sensor_dropout,detection,0.0079,True
0cead4002709,budapest_FP1,tyre_pressure,string_in_numeric,detection,0.0061,True
1f8f834ecdc8,budapest_FP1,speed,bit_flip_low,detection,0.014,True
0730b79222a7,budapest_FP1,aero_load_alt,schema_drift,detection,0.0094,True
51b705bead12,budapest_FP1,tyre_pressure,bit_flip_low,detection,0.0127,True
4b8741bda041,budapest_FP1,tyre_pressure,null_value,detection,0.0075,True
629b920a1c1c,budapest_FP1,engine_temp,duplicate_timestamp,detection,0.0082,True
96d519ff26b3,budapest_FP1,brake_temp,null_value,detection,0.0074,True
b96209c30fe4,budapest_FP1,throttle,null_value,detection,0.0074,True
e2fbe489314f,budapest_FP1,rpm,string_in_numeric,detection,0.005,True
0ca8c5d705a6,budapest_FP1,engine_temp_canbus,schema_drift,detection,0.0096,True
2fa716ab4425,budapest_FP1,aero_load,string_in_numeric,detection,0.0049,True
1975f306c4d9,budapest_FP1,brake_temp,string_in_numeric,detection,0.0043,True
ada40b554a03,budapest_FP1,tyre_pressure,bit_flip_high,detection,0.0125,True
5d70c122de11,budapest_FP1,heart_rate_raw,schema_drift,detection,0.0094,True
776b691aba80,budapest_FP1,speed_new,schema_drift,detection,0.0093,True
a6ceee95d700,budapest_FP1,heart_rate,bit_flip_high,detection,0.0143,True
323a8f941da7,budapest_FP1,g_force_lateral,null_value,detection,0.0083,True
7d1cdd2ff9c4,budapest_FP1,rpm,null_value,detection,0.0101,True
1745f21902da,budapest_FP1,brake_temp,string_in_numeric,detection,0.006,True
6904e68d38a9,budapest_FP1,rpm,bit_flip_high,detection,0.0155,True
5fd47b7651f1,budapest_FP1,g_force_lateral_new,schema_drift,detection,0.0106,True
678f4ab2e659,budapest_FP1,speed,duplicate_timestamp,detection,0.009,True
0ac94351640c,budapest_FP1,tyre_pressure,string_in_numeric,detection,0.0048,True
ba1bc97f7a6d,budapest_FP1,engine_temp,sensor_dropout,detection,0.0077,True
8b64a77d35f2,budapest_FP1,tyre_pressure,bit_flip_high,detection,0.013,True
527beb6edbfc,budapest_FP1,ecu_canbus_raw,schema_drift,detection,0.0098,True
f17650e6ed14,budapest_FP1,throttle,duplicate_timestamp,detection,0.0085,True
b346062b210c,budapest_FP1,ecu_canbus,bit_flip_high,detection,0.0133,True
508101910a61,budapest_FP1,speed,bit_flip_low,detection,0.0145,True
601be7884ccb,budapest_FP1,throttle,bit_flip_low,detection,0.013,True
8c9845c00ce8,budapest_FP1,engine_temp,string_in_numeric,detection,0.0048,True
d446ef01d14d,budapest_FP1,speed,bit_flip_high,detection,0.0137,True
40095ac2cddd,budapest_FP1,aero_load,bit_flip_high,detection,0.0127,True
706b465f2f0f,budapest_FP1,g_force_lateral_v2,schema_drift,detection,0.0112,True
70bb91bbb15d,budapest_FP1,aero_load,sensor_dropout,detection,0.0079,True
0ddc10852573,budapest_FP1,tyre_pressure,sensor_dropout,detection,0.0077,True
6cecd6663fa2,budapest_FP1,tyre_pressure,null_value,detection,0.0111,True
fec025715909,budapest_FP1,speed,string_in_numeric,detection,0.005,True
6293ca74d139,budapest_FP1,throttle,bit_flip_high,detection,0.0139,True
a907c715d944,budapest_FP1,brake_temp,bit_flip_low,detection,0.0127,True
7d06ffa4821d,budapest_FP1,g_force_lateral_raw,schema_drift,detection,0.0095,True
be1ed58d61a2,budapest_FP1,speed,bit_flip_low,detection,0.0164,True
3e962b12c0d3,budapest_FP1,engine_temp_canbus,schema_drift,detection,0.0113,True
4ee90a8cb051,budapest_FP1,speed,null_value,detection,0.0081,True
4a13a53e317f,budapest_FP1,aero_load,null_value,detection,0.0079,True
06136b9169f4,budapest_FP1,ecu_canbus,null_value,detection,0.0077,True
2351d82657b6,budapest_FP1,aero_load,null_value,detection,0.0082,True
2184d6fae8dc,budapest_FP1,heart_rate,null_value,detection,0.0082,True
ca99c7bb2a6e,budapest_FP1,aero_load,sensor_dropout,detection,0.0076,True
bfd5aed1c26f,budapest_FP1,ecu_canbus,sensor_dropout,detection,0.0074,True
5c70cde9c316,budapest_FP1,speed,duplicate_timestamp,detection,0.0085,True
b54bdb4ff0f7,budapest_FP1,heart_rate,sensor_dropout,detection,0.008,True
b7937abffeec,budapest_FP1,g_force_lateral_raw,schema_drift,detection,0.0099,True
0145f435f414,budapest_FP1,heart_rate,string_in_numeric,detection,0.0054,True
75ef7fd786af,budapest_FP1,rpm,bit_flip_low,detection,0.0146,True
741bbd77275b,budapest_FP1,tyre_pressure_new,schema_drift,detection,0.01,True
1b3bd7c13907,budapest_FP1,g_force_lateral,duplicate_timestamp,detection,0.009,True
bbf99c66b91e,budapest_FP1,rpm,null_value,detection,0.0075,True
8d3558bcbfd5,budapest_FP1,g_force_lateral,null_value,detection,0.0079,True
4fc56290a541,budapest_FP1,rpm,bit_flip_high,detection,0.0184,True
d59404ab3c0c,budapest_FP1,engine_temp_raw,schema_drift,detection,0.0103,True
4a0d1eaf458d,budapest_FP1,heart_rate,sensor_dropout,detection,0.0075,True
110b9aff523a,budapest_FP1,engine_temp,bit_flip_low,detection,0.0137,True
427d3c1f0f17,budapest_FP1,heart_rate,bit_flip_high,detection,0.0132,True
0b5abc037af4,budapest_FP1,tyre_pressure,bit_flip_high,detection,0.0164,True
73c4561f171e,budapest_FP1,throttle,bit_flip_high,detection,0.013,True
9b3d96f733e9,budapest_FP1,heart_rate,sensor_dropout,detection,0.0081,True
15a0ab02ee45,budapest_FP1,throttle,null_value,detection,0.0072,True
2199d7fa11a0,budapest_FP1,rpm,duplicate_timestamp,detection,0.009,True
f4359bbbaf92,budapest_FP1,aero_load,string_in_numeric,detection,0.0124,True
00c3819be932,budapest_FP1,g_force_lateral,string_in_numeric,detection,0.0109,True
43574ed40335,budapest_FP1,throttle,string_in_numeric,detection,0.008,True
523b34e0cb07,budapest_FP1,tyre_pressure,string_in_numeric,detection,0.0064,True
df4e0c69f8f0,budapest_FP1,tyre_pressure_alt,schema_drift,detection,0.011,True
da344d6235d3,budapest_FP1,ecu_canbus,duplicate_timestamp,detection,0.01,True
45916c8add41,budapest_FP1,tyre_pressure,bit_flip_low,detection,0.015,True
2a23e42bfac9,budapest_FP1,g_force_lateral_raw,schema_drift,detection,0.0134,True
9c7437a6d469,budapest_FP1,throttle,duplicate_timestamp,detection,0.0096,True
342ba378c488,budapest_FP1,tyre_pressure,bit_flip_low,detection,0.0163,True
4d3e5e800578,budapest_FP1,g_force_lateral,bit_flip_low,detection,0.013,True
9ae159404aa7,budapest_FP1,heart_rate,duplicate_timestamp,detection,0.0141,True
201c0fe47718,budapest_FP1,rpm,bit_flip_low,detection,0.0173,True
e214d8009da9,budapest_FP1,throttle,bit_flip_high,detection,0.0171,True
63bb51f7d90b,budapest_FP1,tyre_pressure,bit_flip_low,detection,0.0161,True
71c954851c80,budapest_FP1,rpm,bit_flip_high,detection,0.0171,True
143b9165c491,budapest_FP1,g_force_lateral,bit_flip_low,detection,0.0156,True
80470d7937fc,budapest_FP1,tyre_pressure_alt,schema_drift,detection,0.0097,True
eda70e3969f1,budapest_FP1,throttle_canbus,schema_drift,detection,0.01,True
8a517c021cc9,budapest_FP1,ecu_canbus,bit_flip_low,detection,0.0152,True
2453117473c4,budapest_FP1,g_force_lateral_canbus,schema_drift,detection,0.012,True
cdbcd69e1a3f,budapest_FP1,g_force_lateral,bit_flip_high,detection,0.0159,True
8eaac3ae11ff,budapest_FP1,rpm,bit_flip_high,detection,0.0132,True
86065ac8f404,budapest_FP1,aero_load_raw,schema_drift,detection,0.0096,True
ea42f54085a3,budapest_FP1,tyre_pressure,null_value,detection,0.0104,True
abadb16dbe73,budapest_FP1,ecu_canbus_raw,schema_drift,detection,0.0109,True
5af083e05f0d,budapest_FP1,brake_temp,bit_flip_high,detection,0.0127,True
850169918357,budapest_FP1,engine_temp,sensor_dropout,detection,0.0078,True
f76d8d9de3e1,budapest_FP1,aero_load,duplicate_timestamp,detection,0.008,True
d221c7277e2b,budapest_FP1,aero_load,bit_flip_low,detection,0.0132,True
2063b316dc6e,budapest_FP1,speed,bit_flip_low,detection,0.0139,True
9b0dba4959cc,budapest_FP1,rpm,null_value,detection,0.0075,True
e4416fd15e5e,budapest_FP1,brake_temp,duplicate_timestamp,detection,0.0085,True
37e0b48bf625,budapest_FP1,aero_load,null_value,detection,0.0075,True
721b623497ea,budapest_FP1,ecu_canbus,string_in_numeric,detection,0.0052,True
ec794569a292,budapest_FP1,speed,duplicate_timestamp,detection,0.0086,True
8a68793b0845,budapest_FP1,tyre_pressure,duplicate_timestamp,detection,0.0086,True
379c367ffcbe,budapest_FP1,rpm_new,schema_drift,detection,0.0097,True
e0cd5830a3f8,budapest_FP1,heart_rate,bit_flip_high,detection,0.0119,True
e31f788be086,budapest_FP1,rpm,string_in_numeric,detection,0.0046,True
ad0495a21c1c,budapest_FP1,g_force_lateral,sensor_dropout,detection,0.0141,True
d9705e55ccbc,budapest_FP1,tyre_pressure,bit_flip_low,detection,0.012,True
c1f08c19bf2a,budapest_FP1,engine_temp,bit_flip_low,detection,0.0124,True
773f3c0d0c73,budapest_FP1,tyre_pressure,bit_flip_low,detection,0.0143,True
45d2d71f74f7,budapest_FP1,speed,string_in_numeric,detection,0.0196,True
90d3825831f5,budapest_FP1,throttle,duplicate_timestamp,detection,0.009,True
d8d800409c70,budapest_FP1,brake_temp,bit_flip_high,detection,0.0128,True
ed11ff4890e6,budapest_FP1,g_force_lateral,duplicate_timestamp,detection,0.009,True
defb68bf759c,budapest_FP1,heart_rate,bit_flip_high,detection,0.0135,True
9f3c517a87ae,budapest_FP1,speed,null_value,detection,0.0082,True
1b59dd3d29ac,budapest_FP1,g_force_lateral,bit_flip_high,detection,0.0127,True
681a5253643e,budapest_FP1,throttle,null_value,detection,0.0079,True
87560f1d00e1,budapest_FP1,engine_temp,bit_flip_high,detection,0.0131,True
d03663047811,budapest_FP1,tyre_pressure,sensor_dropout,detection,0.0079,True
07b4fc6d49c4,budapest_FP1,ecu_canbus,string_in_numeric,detection,0.0051,True
1f4e828d6fc7,budapest_FP1,speed,sensor_dropout,detection,0.0076,True
fd5c2f55234f,budapest_FP1,throttle,sensor_dropout,detection,0.0075,True
1178ef37f608,budapest_FP1,engine_temp,bit_flip_low,detection,0.0127,True
12bcfcb6e211,budapest_FP1,throttle_canbus,schema_drift,detection,0.0102,True
b26577026cd2,budapest_FP1,engine_temp,duplicate_timestamp,detection,0.0086,True
a284579f4343,budapest_FP1,aero_load,string_in_numeric,detection,0.0057,True
c026caa6389e,budapest_FP1,rpm,bit_flip_low,detection,0.0142,True
cb8cad3b3a3d,budapest_FP1,brake_temp,duplicate_timestamp,detection,0.0089,True
e3203f0bbbb7,budapest_FP1,tyre_pressure,bit_flip_low,detection,0.0125,True
81fc77a81977,budapest_FP1,ecu_canbus,null_value,detection,0.0077,True
347dccaad39e,budapest_FP1,heart_rate,string_in_numeric,detection,0.0246,True
8a2598976042,budapest_FP1,rpm,string_in_numeric,detection,0.0059,True
dc253483717e,budapest_FP1,throttle,sensor_dropout,detection,0.0092,True
78476782b28b,budapest_FP1,brake_temp,string_in_numeric,detection,0.0051,True
ea36486174b0,budapest_FP1,speed_v2,schema_drift,detection,0.0112,True
a2a48a93cec1,budapest_FP1,rpm,bit_flip_low,detection,0.0161,True
1b33a597d39c,budapest_FP1,engine_temp,bit_flip_high,detection,0.0144,True
4f74b62a2aff,budapest_FP1,g_force_lateral,sensor_dropout,detection,0.0081,True
ae211a93ac87,budapest_FP1,ecu_canbus_alt,schema_drift,detection,0.0098,True
1df3ea8c7d6b,budapest_FP1,heart_rate,string_in_numeric,detection,0.0048,True
734345e1ee6c,budapest_FP1,throttle,sensor_dropout,detection,0.0083,True
76955d428bed,budapest_FP1,tyre_pressure,string_in_numeric,detection,0.0072,True
89fcde045a68,budapest_FP1,engine_temp,bit_flip_high,detection,0.0129,True
061616e96178,budapest_FP1,ecu_canbus,string_in_numeric,detection,0.005,True
9908ff73260a,budapest_FP1,heart_rate,bit_flip_high,detection,0.0143,True
f92a25be3940,budapest_FP1,heart_rate,null_value,detection,0.0076,True
504878ecb559,budapest_FP1,tyre_pressure,null_value,detection,0.0102,True
e147e865c183,budapest_FP1,rpm,bit_flip_high,detection,0.0191,True
6356c2890388,budapest_FP1,engine_temp,duplicate_timestamp,detection,0.0088,True
8d95036e8059,budapest_FP1,ecu_canbus,bit_flip_high,detection,0.0131,True
bc0e5e0dccc6,budapest_FP1,heart_rate,bit_flip_low,detection,0.013,True
1db83f6edbbb,budapest_FP1,engine_temp_raw,schema_drift,detection,0.0108,True
8792bdf04487,budapest_FP1,heart_rate,sensor_dropout,detection,0.0077,True
61e266292055,budapest_FP1,rpm,null_value,detection,0.0081,True
cc17738f35ee,budapest_FP1,throttle,sensor_dropout,detection,0.0078,True
3f9c1c93a810,budapest_FP1,aero_load,bit_flip_high,detection,0.0176,True
223cefbcfe7e,budapest_FP1,throttle,bit_flip_high,detection,0.0129,True
cef9606eda93,budapest_FP1,ecu_canbus,duplicate_timestamp,detection,0.0087,True
e1425716fb39,budapest_FP1,speed,duplicate_timestamp,detection,0.0084,True
ecdf3655cc5a,budapest_FP1,rpm,string_in_numeric,detection,0.0045,True
3e0961442fe8,budapest_FP1,ecu_canbus,null_value,detection,0.0073,True
feb588a32749,budapest_FP1,tyre_pressure,bit_flip_high,detection,0.0164,True
96199c75dd85,budapest_FP1,aero_load,duplicate_timestamp,detection,0.0087,True
4f9b3e0d2b41,budapest_FP1,speed,bit_flip_low,detection,0.0134,True
00802a6850e2,budapest_FP1,ecu_canbus,sensor_dropout,detection,0.0075,True
610bf4e0fee1,budapest_FP1,engine_temp,bit_flip_low,detection,0.0136,True
629ebbcffbe5,budapest_FP1,g_force_lateral,bit_flip_high,detection,0.0144,True
f677033173e8,budapest_FP1,throttle,null_value,detection,0.008,True
38326b277458,budapest_FP1,ecu_canbus,string_in_numeric,detection,0.0049,True
ac70834272ed,budapest_FP1,throttle_raw,schema_drift,detection,0.0139,True
b72c3b04f767,budapest_FP1,engine_temp_alt,schema_drift,detection,0.0126,True
c5998a95c0dc,budapest_FP1,ecu_canbus,string_in_numeric,detection,0.0069,True
9d1905d39fe4,budapest_FP1,g_force_lateral,string_in_numeric,detection,0.0052,True
9c569b6950fb,budapest_FP1,ecu_canbus,bit_flip_low,detection,0.0225,False
e82ec20eed25,budapest_FP1,brake_temp,bit_flip_high,detection,0.0133,True
cdea86420b2e,budapest_FP1,tyre_pressure,sensor_dropout,detection,0.0078,True
f789b6aceb0c,budapest_FP1,heart_rate,bit_flip_low,detection,0.016,True
a81e5b653ab2,budapest_FP1,rpm,bit_flip_high,detection,0.0147,True
9670256fac7a,budapest_FP1,speed_canbus,schema_drift,detection,0.0105,True
3846e07cd62b,budapest_FP1,g_force_lateral,bit_flip_high,detection,0.0141,True
5f1eca3a3faa,budapest_FP1,speed,duplicate_timestamp,detection,0.01,True
295ac9888cbb,budapest_FP1,g_force_lateral,null_value,detection,0.0081,True
e80d56d8cb32,budapest_FP1,heart_rate,sensor_dropout,detection,0.0081,True
fb83cf6ffdf9,budapest_FP1,g_force_lateral_v2,schema_drift,detection,0.0103,True
c956ad2517ae,budapest_FP1,speed_v2,schema_drift,detection,0.0104,True
bab2a78e5e16,budapest_FP1,throttle,sensor_dropout,detection,0.0078,True
64e71c12c535,budapest_FP1,aero_load_new,schema_drift,detection,0.0103,True
e6029b3ececf,budapest_FP1,tyre_pressure,string_in_numeric,detection,0.0056,True
0d71ded6f57c,budapest_FP1,rpm,sensor_dropout,detection,0.008,True
40d9922ef389,budapest_FP1,aero_load,null_value,detection,0.0078,True
f25611e67878,budapest_FP1,brake_temp,duplicate_timestamp,detection,0.0089,True
021a931e372c,budapest_FP1,heart_rate,bit_flip_high,detection,0.0145,True
bbf81c95067a,budapest_FP1,g_force_lateral,sensor_dropout,detection,0.0082,True
85c9d5bcea26,budapest_FP1,throttle_canbus,schema_drift,detection,0.0104,True
6e56d9684bd5,budapest_FP1,rpm,string_in_numeric,detection,0.0049,True
c08455a40a9d,budapest_FP1,throttle,null_value,detection,0.0084,True
8792953dca3a,budapest_FP1,ecu_canbus,sensor_dropout,detection,0.0075,True
4d87be8f4bf1,budapest_FP1,speed,duplicate_timestamp,detection,0.0084,True
4a775dba6616,budapest_FP1,ecu_canbus,string_in_numeric,detection,0.0048,True
f0b41a591751,budapest_FP1,heart_rate_v2,schema_drift,detection,0.0097,True
ebae89b3bbde,budapest_FP1,speed,duplicate_timestamp,detection,0.0092,True
d1217aa658c0,budapest_FP1,ecu_canbus,bit_flip_low,detection,0.0312,True
e4ce1e4d31e1,budapest_FP1,g_force_lateral_canbus,schema_drift,detection,0.0112,True
9abff706d8cc,budapest_FP1,g_force_lateral,string_in_numeric,detection,0.0066,True
61d9b5fc944c,budapest_FP1,tyre_pressure,null_value,detection,0.0091,True
50bda123ca78,budapest_FP1,ecu_canbus,bit_flip_high,detection,0.0151,True
d9de32659023,budapest_FP1,brake_temp,bit_flip_high,detection,0.0136,True
cabc7fd00652,budapest_FP1,engine_temp,string_in_numeric,detection,0.0056,True
10fd86fc3998,budapest_FP1,engine_temp,string_in_numeric,detection,0.0049,True
5b0b473ebdf7,budapest_FP1,throttle,bit_flip_high,detection,0.0346,True
2a4345c37093,budapest_FP1,brake_temp,null_value,detection,0.0201,True
4caebf5e8dbf,budapest_FP1,aero_load,bit_flip_low,detection,0.0326,True
0dfba0793e3d,budapest_FP1,tyre_pressure,bit_flip_high,detection,0.031,True
4b923a86c3ac,budapest_FP1,ecu_canbus,bit_flip_low,detection,0.023,False
53b60809249b,budapest_FP1,speed,bit_flip_high,detection,0.0145,True
9c91521a5284,budapest_FP1,g_force_lateral,duplicate_timestamp,detection,0.009,True
6d05a2b2fa45,budapest_FP1,g_force_lateral_v2,schema_drift,detection,0.0096,True
919f0750235d,budapest_FP1,tyre_pressure_v2,schema_drift,detection,0.0124,True
335d404890d7,budapest_FP1,engine_temp,sensor_dropout,detection,0.0075,True
38afa8973f3b,budapest_FP1,ecu_canbus,sensor_dropout,detection,0.0081,True
ca159b6cc2d3,budapest_FP1,speed,sensor_dropout,detection,0.0077,True
9324b93ab86e,budapest_FP2,ecu_canbus,sensor_dropout,detection,0.0087,True
16d0d5cc342b,budapest_FP2,throttle,duplicate_timestamp,detection,0.0083,True
99994ae6ec38,budapest_FP2,brake_temp,duplicate_timestamp,detection,0.0086,True
45a734bf1bdb,budapest_FP2,engine_temp,bit_flip_high,detection,0.0132,True
28a90c24ae6d,budapest_FP2,heart_rate,null_value,detection,0.0074,True
2733d0470901,budapest_FP2,g_force_lateral_raw,schema_drift,detection,0.0132,True
84770c4a9bb1,budapest_FP2,g_force_lateral,duplicate_timestamp,detection,0.0091,True
6e1cf15135f5,budapest_FP2,rpm_new,schema_drift,detection,0.013,True
5966b8d5d5fe,budapest_FP2,g_force_lateral,string_in_numeric,detection,0.0047,True
6b8fb4475749,budapest_FP2,tyre_pressure,bit_flip_high,detection,0.013,True
571f4726ff58,budapest_FP2,rpm,duplicate_timestamp,detection,0.0088,True
2100ae1c38c1,budapest_FP2,brake_temp,duplicate_timestamp,detection,0.0092,True
8441adc7c298,budapest_FP2,tyre_pressure,bit_flip_high,detection,0.0164,True
fd0e48d096c9,budapest_FP2,ecu_canbus,bit_flip_high,detection,0.0131,True
933ada7e2346,budapest_FP2,engine_temp,string_in_numeric,detection,0.0048,True
4a0a185f7397,budapest_FP2,tyre_pressure,string_in_numeric,detection,0.0057,True
3fa575a302d6,budapest_FP2,rpm,duplicate_timestamp,detection,0.0096,True
5c29b7e6f0c2,budapest_FP2,aero_load,bit_flip_low,detection,0.0138,True
272eed1b0730,budapest_FP2,aero_load,string_in_numeric,detection,0.005,True
9cd42ca09a75,budapest_FP2,tyre_pressure,null_value,detection,0.0104,True
377f0b2bd39f,budapest_FP2,g_force_lateral,string_in_numeric,detection,0.0049,True
3673bc1e3ca4,budapest_FP2,brake_temp,bit_flip_high,detection,0.0133,True
c6af0e3aefcf,budapest_FP2,aero_load_raw,schema_drift,detection,0.0104,True
9e0806807357,budapest_FP2,heart_rate,string_in_numeric,detection,0.0048,True
0adece16932e,budapest_FP2,aero_load,bit_flip_low,detection,0.0135,True
0ebebda904f9,budapest_FP2,rpm,duplicate_timestamp,detection,0.0085,True
750f02611576,budapest_FP2,heart_rate,string_in_numeric,detection,0.0052,True
859d002b8ea4,budapest_FP2,throttle,sensor_dropout,detection,0.008,True
44ae2bd3f7ae,budapest_FP2,tyre_pressure,sensor_dropout,detection,0.0097,True
83e0bccecb9e,budapest_FP2,rpm,duplicate_timestamp,detection,0.024,True
19b49aab5a80,budapest_FP2,brake_temp,string_in_numeric,detection,0.0129,True
e05fc0df278c,budapest_FP2,ecu_canbus,sensor_dropout,detection,0.0201,True
023fa9f11bfe,budapest_FP2,g_force_lateral,bit_flip_high,detection,0.0492,True
7771f5c0defe,budapest_FP2,speed,bit_flip_low,detection,0.0316,True
b0a3dd4a0695,budapest_FP2,brake_temp,bit_flip_high,detection,0.0135,True
64d6876e3167,budapest_FP2,heart_rate,sensor_dropout,detection,0.0084,True
5d6259389c16,budapest_FP2,speed,bit_flip_low,detection,0.0296,True
0480de5ea3c4,budapest_FP2,brake_temp,duplicate_timestamp,detection,0.0085,True
c423a002ea10,budapest_FP2,ecu_canbus,bit_flip_high,detection,0.0131,True
154f19f806d3,budapest_FP2,throttle,sensor_dropout,detection,0.0079,True
96427219fdd7,budapest_FP2,g_force_lateral,bit_flip_low,detection,0.0095,False
dcd3dd1d4e58,budapest_FP2,tyre_pressure,bit_flip_high,detection,0.0146,True
4f6440cb3e06,budapest_FP2,g_force_lateral,bit_flip_low,detection,0.0131,True
bbae331cad4c,budapest_FP2,g_force_lateral,bit_flip_low,detection,0.0148,True
66740e1d683f,budapest_FP2,aero_load,string_in_numeric,detection,0.0048,True
d9f15580fb7d,budapest_FP2,speed,string_in_numeric,detection,0.005,True
d4e1b2d9f6bc,budapest_FP2,g_force_lateral,bit_flip_low,detection,0.0133,True
d4fde4770acf,budapest_FP2,brake_temp,sensor_dropout,detection,0.0087,True
dc377cc8d887,budapest_FP2,engine_temp,sensor_dropout,detection,0.0078,True
a412a1d6bff0,budapest_FP2,brake_temp,string_in_numeric,detection,0.0049,True
5fe8e973d538,budapest_FP2,aero_load,string_in_numeric,detection,0.0057,True
11b21329caaa,budapest_FP2,heart_rate_v2,schema_drift,detection,0.0117,True
5284e05458a1,budapest_FP2,throttle,null_value,detection,0.0075,True
4a30642f7416,budapest_FP2,throttle,sensor_dropout,detection,0.0083,True
697754a99df1,budapest_FP2,engine_temp,bit_flip_high,detection,0.0134,True
a2c1259ce392,budapest_FP2,heart_rate,bit_flip_high,detection,0.0126,True
baf6655da392,budapest_FP2,g_force_lateral,string_in_numeric,detection,0.0052,True
adf1060d5cbe,budapest_FP2,brake_temp_alt,schema_drift,detection,0.009,True
c947ae0b4d4d,budapest_FP2,brake_temp,bit_flip_high,detection,0.0122,True
1d349732c486,budapest_FP2,heart_rate_alt,schema_drift,detection,0.01,True
47606adcb302,budapest_FP2,speed,duplicate_timestamp,detection,0.0081,True
f2dc8870f10c,budapest_FP2,rpm,string_in_numeric,detection,0.0044,True
fd7827faa91e,budapest_FP2,throttle,null_value,detection,0.0074,True
be88eb461acf,budapest_FP2,g_force_lateral,duplicate_timestamp,detection,0.0098,True
c303395ee7c4,budapest_FP2,ecu_canbus,duplicate_timestamp,detection,0.0087,True
912d4193705e,budapest_FP2,aero_load_v2,schema_drift,detection,0.0096,True
715d0a0efe38,budapest_FP2,tyre_pressure,duplicate_timestamp,detection,0.0087,True
6f36707509cc,budapest_FP2,brake_temp_raw,schema_drift,detection,0.0097,True
008ffeeca58e,budapest_FP2,tyre_pressure,sensor_dropout,detection,0.01,True
2e0cd764dc85,budapest_FP2,ecu_canbus_v2,schema_drift,detection,0.0101,True
72340a037708,budapest_FP2,heart_rate,null_value,detection,0.0079,True
be9ff1825b49,budapest_FP2,engine_temp,bit_flip_high,detection,0.0157,True
66457fe7fe5a,budapest_FP2,ecu_canbus,bit_flip_low,detection,0.0101,False
1d1bb805e29b,budapest_FP2,ecu_canbus,bit_flip_high,detection,0.0127,True
763e88e1f8f2,budapest_FP2,brake_temp,sensor_dropout,detection,0.0089,True
d3562fbe3905,budapest_FP2,rpm,null_value,detection,0.0076,True
39edcd6b3ae5,budapest_FP2,throttle,string_in_numeric,detection,0.0051,True
2e900ebd4bc4,budapest_FP2,throttle,duplicate_timestamp,detection,0.0104,True
6a62d185ca9e,budapest_FP2,g_force_lateral,bit_flip_high,detection,0.0135,True
eb3ca298e32e,budapest_FP2,throttle,duplicate_timestamp,detection,0.0092,True
7fb778cd93bb,budapest_FP2,brake_temp_alt,schema_drift,detection,0.0106,True
1d315ad0a589,budapest_FP2,engine_temp,duplicate_timestamp,detection,0.0097,True
1a558ff9f00c,budapest_FP2,aero_load_v2,schema_drift,detection,0.0109,True
2b3501cadf2b,budapest_FP2,throttle_alt,schema_drift,detection,0.0104,True
7ad20239ba09,budapest_FP2,brake_temp_new,schema_drift,detection,0.0097,True
80f327964706,budapest_FP2,ecu_canbus,string_in_numeric,detection,0.0052,True
377506a0ce17,budapest_FP2,tyre_pressure,sensor_dropout,detection,0.0101,True
8883a5b1def6,budapest_FP2,rpm,sensor_dropout,detection,0.008,True
5a939d79dcb4,budapest_FP2,speed,sensor_dropout,detection,0.0075,True
469e52fb0366,budapest_FP2,brake_temp,null_value,detection,0.0076,True
cd5dee28190f,budapest_FP2,heart_rate_alt,schema_drift,detection,0.0098,True
95df9a5cc61d,budapest_FP2,rpm,sensor_dropout,detection,0.0077,True
407de30e7b76,budapest_FP2,engine_temp,bit_flip_high,detection,0.0147,True
3e67da193201,budapest_FP2,g_force_lateral,duplicate_timestamp,detection,0.0095,True
f02db6daaae3,budapest_FP2,aero_load,bit_flip_low,detection,0.0131,True
1950253350b6,budapest_FP2,ecu_canbus,bit_flip_high,detection,0.013,True
2381fb58388e,budapest_FP2,brake_temp_alt,schema_drift,detection,0.0098,True
6552c2ae2bef,budapest_FP2,speed_new,schema_drift,detection,0.0105,True
25d1d26b411c,budapest_FP2,tyre_pressure_alt,schema_drift,detection,0.0098,True
4987837a1913,budapest_FP2,ecu_canbus,bit_flip_low,detection,0.0136,True
7f3853d96d29,budapest_FP2,throttle_raw,schema_drift,detection,0.0104,True
1efec0c21280,budapest_FP2,aero_load,sensor_dropout,detection,0.0073,True
a54f636ea08f,budapest_FP2,speed,null_value,detection,0.0073,True
f11ee70f36ed,budapest_FP2,g_force_lateral,bit_flip_low,detection,0.0123,True
c419c4599a36,budapest_FP2,brake_temp_alt,schema_drift,detection,0.0112,True
a9d5bd4ae351,budapest_FP2,brake_temp,bit_flip_high,detection,0.0133,True
3273fbdaaabc,budapest_FP2,ecu_canbus_alt,schema_drift,detection,0.0127,True
2a0df5f70442,budapest_FP2,tyre_pressure,string_in_numeric,detection,0.005,True
51b0c0297645,budapest_FP2,speed_raw,schema_drift,detection,0.0102,True
525af13632dc,budapest_FP2,tyre_pressure,string_in_numeric,detection,0.0048,True
216494611340,budapest_FP2,speed_new,schema_drift,detection,0.0101,True
214a398005bf,budapest_FP2,ecu_canbus,sensor_dropout,detection,0.0083,True
c2a297d22123,budapest_FP2,g_force_lateral,null_value,detection,0.0076,True
0581ae1bd428,budapest_FP2,brake_temp,string_in_numeric,detection,0.005,True
5e0abf0a83dc,budapest_FP2,engine_temp,duplicate_timestamp,detection,0.0085,True
689c1da801c9,budapest_FP2,tyre_pressure,null_value,detection,0.0079,True
139e85bf3102,budapest_FP2,tyre_pressure,null_value,detection,0.0137,True
b65c9b236d6d,budapest_FP2,heart_rate,string_in_numeric,detection,0.0049,True
2b88a4066f14,budapest_FP2,tyre_pressure,bit_flip_high,detection,0.0135,True
56176512aac7,budapest_FP2,speed,duplicate_timestamp,detection,0.0084,True
ba79e5d14e48,budapest_FP2,rpm_new,schema_drift,detection,0.0099,True
2692df707cf8,budapest_FP2,aero_load,bit_flip_low,detection,0.0131,True
892003127025,budapest_FP2,g_force_lateral,null_value,detection,0.0079,True
d21272ee4feb,budapest_FP2,speed,bit_flip_high,detection,0.0138,True
4d923237d1f6,budapest_FP2,aero_load_new,schema_drift,detection,0.0097,True
7e357534eb0e,budapest_FP2,ecu_canbus,string_in_numeric,detection,0.0045,True
bd46edbaa8cb,budapest_FP2,engine_temp,string_in_numeric,detection,0.0047,True
a562e2050328,budapest_FP2,rpm,null_value,detection,0.0076,True
132e9790b2a2,budapest_FP2,brake_temp,sensor_dropout,detection,0.0075,True
e6c54eb1dfff,budapest_FP2,speed,bit_flip_high,detection,0.0135,True
dc86c488d023,budapest_FP2,engine_temp,null_value,detection,0.0093,True
0082eab9f382,budapest_FP2,aero_load,bit_flip_high,detection,0.0131,True
d83be1a4b98e,budapest_FP2,speed,null_value,detection,0.0073,True
204ca68d6814,budapest_FP2,heart_rate,null_value,detection,0.0072,True
4c181d6aaf19,budapest_FP2,g_force_lateral,null_value,detection,0.0072,True
05e8a7f35d7d,budapest_FP2,tyre_pressure,string_in_numeric,detection,0.0071,True
c274e4434bcd,budapest_FP2,brake_temp,sensor_dropout,detection,0.0182,True
4b3cbc64cc78,budapest_FP2,brake_temp,string_in_numeric,detection,0.0048,True
a7cb2bc3be15,budapest_FP2,throttle,duplicate_timestamp,detection,0.0088,True
9bf61a33b9ad,budapest_FP2,rpm_new,schema_drift,detection,0.011,True
db8a871638d5,budapest_FP2,ecu_canbus,string_in_numeric,detection,0.0056,True
e97598c16d2b,budapest_FP2,brake_temp,sensor_dropout,detection,0.011,True
1505e163aedf,budapest_FP2,tyre_pressure,bit_flip_high,detection,0.0166,True
53303468bc9f,budapest_FP2,heart_rate,string_in_numeric,detection,0.005,True
777b535a60ed,budapest_FP2,g_force_lateral_raw,schema_drift,detection,0.0104,True
f74ee768de5a,budapest_FP2,speed,null_value,detection,0.0082,True
5fb3f2ad3236,budapest_FP2,throttle,null_value,detection,0.0077,True
5e4eae484d6a,budapest_FP2,tyre_pressure,sensor_dropout,detection,0.0076,True
12ab75923f3e,budapest_FP2,ecu_canbus,duplicate_timestamp,detection,0.0083,True
eb916ff6f227,budapest_FP2,aero_load,bit_flip_high,detection,0.0126,True
c38c3e2b0670,budapest_FP2,ecu_canbus,bit_flip_low,detection,0.0129,True
a46a506e84c9,budapest_FP2,rpm,bit_flip_low,detection,0.013,True
6030576ca8da,budapest_FP2,ecu_canbus,duplicate_timestamp,detection,0.009,True
1a85f49a211a,budapest_FP2,brake_temp,bit_flip_low,detection,0.0146,True
4356a8aba080,budapest_FP2,tyre_pressure,bit_flip_high,detection,0.0172,True
5ac0d90f7f9c,budapest_FP2,heart_rate,bit_flip_low,detection,0.0371,True
83fd0a2a3c3d,budapest_FP2,speed,null_value,detection,0.0075,True
7c4c8e7f43db,budapest_FP2,rpm_canbus,schema_drift,detection,0.0105,True
65157fae4e19,budapest_FP2,brake_temp,bit_flip_high,detection,0.013,True
daeece37c7c7,budapest_FP2,heart_rate,bit_flip_high,detection,0.0127,True
7f52e2e340bc,budapest_FP2,ecu_canbus_v2,schema_drift,detection,0.0098,True
0077c5b15065,budapest_FP2,g_force_lateral_new,schema_drift,detection,0.0102,True
77b3b5e1a569,budapest_FP2,throttle,sensor_dropout,detection,0.0078,True
ca3fb4cf3f82,budapest_FP2,tyre_pressure,sensor_dropout,detection,0.01,True
34e3330d484b,budapest_FP2,ecu_canbus,sensor_dropout,detection,0.0081,True
0d056fa5ebff,budapest_FP2,g_force_lateral,duplicate_timestamp,detection,0.0092,True
dc487623708d,budapest_FP2,engine_temp,sensor_dropout,detection,0.0077,True
f56304e510d5,budapest_FP2,aero_load,string_in_numeric,detection,0.005,True
c4b19af14081,budapest_FP2,ecu_canbus,sensor_dropout,detection,0.0076,True
4bbf58217f81,budapest_FP2,brake_temp,duplicate_timestamp,detection,0.0097,True
3bbda17d0880,budapest_FP2,tyre_pressure,bit_flip_low,detection,0.0144,True
7388c5a1af91,budapest_FP2,heart_rate,bit_flip_high,detection,0.0132,True
cbf3a32f1cf5,budapest_FP2,rpm,bit_flip_low,detection,0.0145,True
41aebca61c28,budapest_FP2,ecu_canbus_canbus,schema_drift,detection,0.0104,True
7e6baa002971,budapest_FP2,heart_rate,null_value,detection,0.0078,True
bfb4fde35f6b,budapest_FP2,speed,null_value,detection,0.0077,True
04ebc12e5388,budapest_FP2,engine_temp,duplicate_timestamp,detection,0.0101,True
6df823e609d9,budapest_FP2,brake_temp,null_value,detection,0.0079,True
759e677c6cb0,budapest_FP2,ecu_canbus,duplicate_timestamp,detection,0.0088,True
1946754f09cf,budapest_FP2,speed,string_in_numeric,detection,0.0049,True
96c015bf402b,budapest_FP2,heart_rate,sensor_dropout,detection,0.0074,True
9a62ee2d9b1c,budapest_FP2,throttle,bit_flip_high,detection,0.0141,True
9670e1cc6131,budapest_FP2,brake_temp,duplicate_timestamp,detection,0.0092,True
499a9fb00828,budapest_FP2,tyre_pressure,string_in_numeric,detection,0.0064,True
87ca520f90a5,budapest_FP2,tyre_pressure,sensor_dropout,detection,0.0075,True
73f04687b530,budapest_FP2,g_force_lateral,string_in_numeric,detection,0.005,True
679bc19a3e5c,budapest_FP2,aero_load,null_value,detection,0.0074,True
736534c50501,budapest_FP2,rpm,bit_flip_low,detection,0.013,True
c1dd62f00e09,budapest_FP2,aero_load,sensor_dropout,detection,0.0075,True
24af4c5ee270,budapest_FP2,ecu_canbus,null_value,detection,0.0086,True
28e6206921c1,budapest_FP2,throttle_raw,schema_drift,detection,0.0094,True
09752c2606ae,budapest_FP2,ecu_canbus,sensor_dropout,detection,0.0073,True
9ccbe0909873,budapest_FP2,speed,bit_flip_high,detection,0.0137,True
02973db370ba,budapest_FP2,tyre_pressure,null_value,detection,0.0077,True
980bb4de190b,budapest_FP2,heart_rate,bit_flip_high,detection,0.0142,True
0239c61ab6b1,budapest_FP2,speed,bit_flip_low,detection,0.0129,True
683334cf4429,budapest_FP2,rpm_v2,schema_drift,detection,0.0097,True
7307b780b132,budapest_FP2,engine_temp,bit_flip_high,detection,0.0127,True
1975b61ce6fd,budapest_FP2,tyre_pressure,bit_flip_high,detection,0.0123,True
e76764265410,budapest_FP2,speed,null_value,detection,0.0083,True
278ef2a9f739,budapest_FP2,rpm,bit_flip_low,detection,0.0158,True
b3e67174eda4,budapest_FP2,throttle,null_value,detection,0.008,True
1270d3dd5e09,budapest_FP2,heart_rate,null_value,detection,0.0279,True
afbcc397ba10,budapest_FP2,g_force_lateral,bit_flip_low,detection,0.0381,True
c11ebb3ac00c,budapest_FP2,heart_rate,sensor_dropout,detection,0.0076,True
80bbfbe2912e,budapest_FP2,speed,sensor_dropout,detection,0.0092,True
d8df3e84372f,budapest_FP2,heart_rate,bit_flip_high,detection,0.0127,True
3c848acfc013,budapest_FP2,rpm,null_value,detection,0.0237,True
89aa06a16553,budapest_FP2,brake_temp,sensor_dropout,detection,0.0111,True
aed0c3aaf9de,budapest_FP2,throttle_canbus,schema_drift,detection,0.0132,True
fd750ec2a219,budapest_FP2,brake_temp,sensor_dropout,detection,0.0104,True
adbfeaaf32d1,budapest_FP2,engine_temp,duplicate_timestamp,detection,0.0117,True
c311f94f0ecb,budapest_FP2,speed,bit_flip_low,detection,0.014,True
d10d0b33f4f8,budapest_FP2,brake_temp_v2,schema_drift,detection,0.0105,True
517ee3eeb416,budapest_FP2,brake_temp,bit_flip_high,detection,0.0137,True
19f690b2ea47,budapest_FP2,tyre_pressure_new,schema_drift,detection,0.0099,True
8c63618a82ee,budapest_FP2,rpm,duplicate_timestamp,detection,0.0086,True
07e32a608171,budapest_FP2,aero_load,null_value,detection,0.008,True
a1e805993cd4,budapest_FP2,tyre_pressure_raw,schema_drift,detection,0.0131,True
c5ee9ebbc4b4,budapest_FP2,speed,null_value,detection,0.0081,True
d28a6fbd19c3,budapest_FP2,ecu_canbus,bit_flip_high,detection,0.0137,True
a90c7ddb6475,budapest_FP2,g_force_lateral,string_in_numeric,detection,0.0053,True
97f38ac31321,budapest_FP2,speed,duplicate_timestamp,detection,0.0089,True
af5e0b651790,budapest_FP2,rpm,string_in_numeric,detection,0.0056,True
2039c9ef3d9d,budapest_FP2,ecu_canbus,sensor_dropout,detection,0.0075,True
1e082b7e9946,budapest_FP2,heart_rate,string_in_numeric,detection,0.005,True
a861349e360b,budapest_FP2,speed_new,schema_drift,detection,0.0095,True
92cd0d77f99d,budapest_FP2,engine_temp,bit_flip_high,detection,0.0128,True
5ea627e2a4dc,budapest_FP2,g_force_lateral,bit_flip_low,detection,0.0132,True
075aec017074,budapest_FP2,brake_temp,null_value,detection,0.0073,True
85d4fe1817aa,budapest_FP2,throttle_canbus,schema_drift,detection,0.0096,True
ba024f5f422a,budapest_FP2,brake_temp_new,schema_drift,detection,0.0094,True
e74e35e580e7,budapest_FP2,g_force_lateral,bit_flip_high,detection,0.0125,True
e080c6d6460b,budapest_FP2,brake_temp_v2,schema_drift,detection,0.0091,True
ae050e4fad02,budapest_FP2,engine_temp,string_in_numeric,detection,0.0047,True
78fb50e40e70,budapest_FP2,heart_rate,null_value,detection,0.0073,True
e08e96140fba,budapest_FP2,heart_rate,null_value,detection,0.0075,True
4a2d93b37ea5,budapest_FP2,engine_temp,bit_flip_high,detection,0.0124,True
d309ebaf4419,budapest_FP2,g_force_lateral,duplicate_timestamp,detection,0.0083,True
2348a0b51e58,budapest_FP2,aero_load,sensor_dropout,detection,0.0073,True
e6be4333afe7,budapest_FP2,speed,sensor_dropout,detection,0.0075,True
4cb621e75517,budapest_FP2,brake_temp,duplicate_timestamp,detection,0.0111,True
34949db2d338,budapest_FP2,aero_load,bit_flip_low,detection,0.0135,True
ca472b573ac5,budapest_FP2,brake_temp,bit_flip_high,detection,0.0127,True
ca86e51ec286,budapest_FP2,throttle,bit_flip_low,detection,0.0124,True
07de61e4872d,budapest_FP2,g_force_lateral,string_in_numeric,detection,0.0048,True
c78e7572b940,budapest_FP2,ecu_canbus,duplicate_timestamp,detection,0.0082,True
4aab84603f66,budapest_FP2,ecu_canbus,bit_flip_high,detection,0.0123,True
2ea93fdb6542,budapest_FP2,throttle,bit_flip_low,detection,0.0122,True
1aef983073e9,budapest_FP2,brake_temp,null_value,detection,0.0099,True
2c6cf56aeaa1,budapest_FP2,engine_temp,bit_flip_low,detection,0.0269,True
2cc30cc08aa9,budapest_FP2,aero_load,string_in_numeric,detection,0.0102,True
05a041e2c5fe,budapest_FP2,tyre_pressure,string_in_numeric,detection,0.0052,True
72418be3d7e3,budapest_FP2,speed_v2,schema_drift,detection,0.01,True
dc1a4ad00fa7,budapest_FP2,speed,null_value,detection,0.0081,True
6f53041aca3c,budapest_FP2,brake_temp,bit_flip_low,detection,0.0136,True
5188517187a3,budapest_FP2,speed,string_in_numeric,detection,0.0051,True
1d535296aea5,budapest_FP2,engine_temp,duplicate_timestamp,detection,0.0105,True
0f4e758f5a1c,budapest_FP2,brake_temp,sensor_dropout,detection,0.0079,True
184bb52df8f8,budapest_FP2,heart_rate,bit_flip_high,detection,0.0131,True
b40491761803,budapest_FP2,rpm,null_value,detection,0.0078,True
8b53be433f4a,budapest_FP2,tyre_pressure,bit_flip_high,detection,0.0136,True
0651512f5379,budapest_FP2,throttle,null_value,detection,0.0075,True
da8445ea67d4,budapest_FP2,engine_temp,bit_flip_low,detection,0.0137,True
b6f2965cb589,budapest_FP2,engine_temp,bit_flip_high,detection,0.0127,True
a2cf7e1cf832,budapest_FP2,speed_new,schema_drift,detection,0.0097,True
7d24d7874405,budapest_FP2,g_force_lateral,string_in_numeric,detection,0.0047,True
2bf86a47b483,budapest_FP2,speed,bit_flip_high,detection,0.0136,True
abc24d2fb353,budapest_FP2,throttle,bit_flip_low,detection,0.0126,True
d09526fa4c18,budapest_FP2,g_force_lateral,bit_flip_high,detection,0.0148,True
8a533512396e,budapest_FP2,ecu_canbus,string_in_numeric,detection,0.0055,True
d21b297e25c8,budapest_FP2,rpm,duplicate_timestamp,detection,0.0088,True
7a77e987499d,budapest_FP2,brake_temp,string_in_numeric,detection,0.0054,True
c9bc272c88cd,budapest_FP2,engine_temp,sensor_dropout,detection,0.0081,True
960f1ce33c01,budapest_FP2,ecu_canbus,null_value,detection,0.0086,True
7d3bcb028b78,budapest_FP2,g_force_lateral,string_in_numeric,detection,0.0048,True
75422264d6dc,budapest_FP2,rpm_raw,schema_drift,detection,0.0108,True
57bb55c810ce,budapest_FP2,g_force_lateral,bit_flip_low,detection,0.0129,True
c46e222892b0,budapest_FP2,g_force_lateral,null_value,detection,0.0073,True
8bf6be71b445,budapest_FP2,engine_temp,bit_flip_low,detection,0.0121,True
edcf74aa74d5,budapest_FP2,g_force_lateral,duplicate_timestamp,detection,0.01,True
65877304cedf,budapest_FP2,tyre_pressure,bit_flip_high,detection,0.0168,True
07ba56938c91,budapest_FP2,ecu_canbus,bit_flip_low,detection,0.0185,True
29a40a93b3d5,budapest_FP2,heart_rate_new,schema_drift,detection,0.0111,True
a873320d7590,budapest_FP2,speed,null_value,detection,0.0076,True
889d88946da4,budapest_FP2,rpm,duplicate_timestamp,detection,0.0095,True
0ad7085bf243,budapest_FP2,rpm,sensor_dropout,detection,0.0079,True
a7c3f28f478a,budapest_FP2,throttle,bit_flip_low,detection,0.0149,True
01340ab21c2c,budapest_FP2,g_force_lateral,bit_flip_high,detection,0.013,True
041c62d1b7f8,budapest_FP2,rpm,sensor_dropout,detection,0.0074,True
36d6e3aeafb8,budapest_FP2,tyre_pressure,duplicate_timestamp,detection,0.0113,True
86d4e1a31939,budapest_FP2,engine_temp,bit_flip_low,detection,0.0173,True
2e8d6db34e4c,budapest_FP2,brake_temp,string_in_numeric,detection,0.0069,True
4112fa0a3ccf,budapest_FP2,aero_load,bit_flip_high,detection,0.0152,True
ae45b3003af9,budapest_FP2,speed,duplicate_timestamp,detection,0.0089,True
a0e6716fc204,budapest_FP2,brake_temp,bit_flip_low,detection,0.0138,True
ea80b97f39be,budapest_FP2,engine_temp,string_in_numeric,detection,0.005,True
48f979f2ca7c,budapest_FP2,brake_temp,sensor_dropout,detection,0.0076,True
de7e28f09a87,budapest_FP2,aero_load,bit_flip_high,detection,0.0138,True
4f954f741379,budapest_FP2,throttle,null_value,detection,0.0075,True
dca8232b6147,budapest_FP2,engine_temp,bit_flip_low,detection,0.0126,True
c27cbab5e624,budapest_FP2,aero_load_alt,schema_drift,detection,0.0106,True
54e22d9ec4ac,budapest_FP2,ecu_canbus,bit_flip_low,detection,0.0128,True
65253377ecdd,budapest_FP2,speed,sensor_dropout,detection,0.0078,True
599608851ea2,budapest_FP2,g_force_lateral,string_in_numeric,detection,0.0051,True
8283b8b52408,budapest_FP2,ecu_canbus,duplicate_timestamp,detection,0.0088,True
969b1d26efa4,budapest_FP2,throttle,bit_flip_low,detection,0.0136,True
a6163d3774e3,budapest_FP2,brake_temp_canbus,schema_drift,detection,0.0098,True
84763c3e0bf5,budapest_FP2,tyre_pressure,null_value,detection,0.0074,True
200d34f83e3d,budapest_FP2,throttle,bit_flip_high,detection,0.0139,True
21138dcaf4be,budapest_FP2,brake_temp,null_value,detection,0.0078,True
40d88a5bd186,budapest_FP2,aero_load,null_value,detection,0.0082,True
a8b54ad05259,budapest_FP2,engine_temp,bit_flip_low,detection,0.0129,True
b69be665489e,budapest_FP2,aero_load,bit_flip_high,detection,0.0159,True
4455728ed7cc,budapest_FP2,speed,string_in_numeric,detection,0.0049,True
818c2b8f52a4,budapest_FP2,aero_load,string_in_numeric,detection,0.0046,True
b31112efa5b8,budapest_FP2,tyre_pressure,bit_flip_low,detection,0.0139,True
a033856c7f84,budapest_FP2,engine_temp,bit_flip_high,detection,0.013,True
5ac060488f11,budapest_FP2,engine_temp,null_value,detection,0.0079,True
38c218f73b9e,budapest_FP2,throttle,bit_flip_low,detection,0.0154,True
1daf8764a7d1,budapest_FP2,g_force_lateral,string_in_numeric,detection,0.0052,True
a8c916903945,budapest_FP2,tyre_pressure,null_value,detection,0.0185,True
f01556c80e9c,budapest_FP2,throttle,bit_flip_high,detection,0.0138,True
5838f3c5258d,budapest_FP2,engine_temp,string_in_numeric,detection,0.0052,True
40b4c77beb8e,budapest_FP2,tyre_pressure,sensor_dropout,detection,0.0086,True
efc9a51284a5,budapest_FP2,rpm,string_in_numeric,detection,0.0055,True
b4ad17be1ee7,budapest_FP2,brake_temp,sensor_dropout,detection,0.0087,True
c8142029525d,budapest_FP2,ecu_canbus,bit_flip_high,detection,0.0154,True
d5d87d5b0998,budapest_FP2,speed,duplicate_timestamp,detection,0.0098,True
0ebbe8ab387b,budapest_FP2,tyre_pressure,bit_flip_low,detection,0.0136,True
a3320da460eb,budapest_FP2,ecu_canbus,bit_flip_low,detection,0.01,False
ffd68476b015,budapest_FP2,rpm,bit_flip_low,detection,0.0143,True
d163e5990d56,budapest_FP2,brake_temp_canbus,schema_drift,detection,0.0108,True
8f230e69a4e6,budapest_FP2,engine_temp,bit_flip_high,detection,0.0134,True
feb62a3dc4cb,budapest_FP2,aero_load_v2,schema_drift,detection,0.0102,True
92adc489f7e2,budapest_FP2,g_force_lateral,bit_flip_low,detection,0.0136,True
683a9763a940,budapest_FP2,throttle,duplicate_timestamp,detection,0.0103,True
025806a8f91b,budapest_FP2,tyre_pressure_alt,schema_drift,detection,0.0123,True
c2b0bf7bcefb,budapest_FP2,ecu_canbus,null_value,detection,0.0084,True
7c2428dadd42,budapest_FP2,throttle,bit_flip_low,detection,0.0148,True
30de6dc52eca,budapest_FP2,brake_temp,duplicate_timestamp,detection,0.0097,True
a3388a13ff20,budapest_FP2,heart_rate,string_in_numeric,detection,0.005,True
8696940c14ee,budapest_FP2,g_force_lateral,bit_flip_low,detection,0.0139,True
e100cb2cf47e,budapest_FP2,tyre_pressure_canbus,schema_drift,detection,0.0096,True
4496db2dec01,budapest_FP2,heart_rate,duplicate_timestamp,detection,0.0096,True
165b3c0873cd,budapest_FP2,tyre_pressure,bit_flip_low,detection,0.0304,True
dd9f5a235592,budapest_FP2,ecu_canbus,bit_flip_low,detection,0.0144,True
d398e8151275,budapest_FP2,tyre_pressure_raw,schema_drift,detection,0.0123,True
7bcca434255c,budapest_FP2,tyre_pressure,null_value,detection,0.0084,True
6628cbf79798,budapest_FP2,tyre_pressure,duplicate_timestamp,detection,0.0089,True
f5e8f5331f7e,budapest_FP2,rpm,null_value,detection,0.0077,True
5fc9d18e198f,budapest_FP2,g_force_lateral,null_value,detection,0.0081,True
798a450ba252,budapest_FP2,throttle,string_in_numeric,detection,0.0049,True
43e282f1764e,budapest_FP2,ecu_canbus_v2,schema_drift,detection,0.0096,True
790e060ded02,budapest_FP2,speed,sensor_dropout,detection,0.0075,True
114258d20a57,budapest_FP2,heart_rate_canbus,schema_drift,detection,0.0102,True
fe2181657852,budapest_FP2,g_force_lateral,null_value,detection,0.0091,True
54f29400ebb9,budapest_FP2,rpm,string_in_numeric,detection,0.0049,True
23db016658d3,budapest_FP2,speed,null_value,detection,0.0072,True
afe9d79a491b,budapest_FP2,speed,duplicate_timestamp,detection,0.009,True
0267467c4869,budapest_FP2,rpm,duplicate_timestamp,detection,0.0089,True
a9ec264bf373,budapest_FP2,engine_temp,bit_flip_low,detection,0.0131,True
b6b38c216328,budapest_FP2,aero_load,sensor_dropout,detection,0.0091,True
d86571402b76,budapest_FP2,g_force_lateral,duplicate_timestamp,detection,0.009,True
f397e52b4987,budapest_FP2,aero_load_canbus,schema_drift,detection,0.0101,True
471c1ee9d4b2,budapest_FP2,heart_rate,null_value,detection,0.0135,True
0c2daecfdfba,budapest_FP2,aero_load,bit_flip_low,detection,0.0307,True
1be70b655b17,budapest_FP2,throttle,sensor_dropout,detection,0.0078,True
7731d9ff02c2,budapest_FP2,engine_temp,duplicate_timestamp,detection,0.0089,True
4e04f4b8b11b,budapest_FP2,heart_rate,bit_flip_high,detection,0.0127,True
cc94efc49525,budapest_FP2,rpm,bit_flip_high,detection,0.0131,True
05447a508504,budapest_FP2,g_force_lateral,string_in_numeric,detection,0.0051,True
12044bcfa3a8,budapest_FP2,rpm,sensor_dropout,detection,0.008,True
d874e8a35e0f,budapest_FP2,throttle,null_value,detection,0.0073,True
dd005acacdb9,budapest_FP2,throttle,sensor_dropout,detection,0.0078,True
48424ee233c6,budapest_FP2,engine_temp,sensor_dropout,detection,0.0073,True
4a44479f504c,budapest_FP2,ecu_canbus,duplicate_timestamp,detection,0.0082,True
8487c76258be,budapest_FP2,g_force_lateral_v2,schema_drift,detection,0.0091,True
dd948d4ab174,budapest_FP2,g_force_lateral,bit_flip_low,detection,0.0191,True
78581b205b45,budapest_FP2,throttle,bit_flip_low,detection,0.0131,True
cf925e2c30bd,budapest_FP2,aero_load,null_value,detection,0.0089,True
147275f1d412,budapest_FP2,tyre_pressure_v2,schema_drift,detection,0.0112,True
ae4f9c01c7f4,budapest_FP2,ecu_canbus,duplicate_timestamp,detection,0.0092,True
f9f7c83627c3,budapest_FP2,engine_temp,null_value,detection,0.0187,True
4fd281f514e5,budapest_FP2,brake_temp,null_value,detection,0.0189,True
153e9c945029,budapest_FP2,aero_load,string_in_numeric,detection,0.0048,True
f64768b9d917,budapest_FP2,engine_temp_raw,schema_drift,detection,0.0093,True
955a0be7c06d,budapest_FP2,rpm,duplicate_timestamp,detection,0.0082,True
1fa8ab1b398d,budapest_FP2,rpm,sensor_dropout,detection,0.0078,True
0ab5063a947a,budapest_FP2,throttle,bit_flip_high,detection,0.0133,True
821921846ebb,budapest_FP2,brake_temp,null_value,detection,0.0075,True
a7003bfb35d3,budapest_FP2,brake_temp,bit_flip_high,detection,0.0133,True
56a73d16c5e0,budapest_FP2,g_force_lateral,string_in_numeric,detection,0.0048,True
3f366c605a5b,budapest_FP2,aero_load,string_in_numeric,detection,0.0048,True
6300d33e6ed4,budapest_FP2,speed,null_value,detection,0.0075,True
d9cfdc4d5092,budapest_FP2,engine_temp,bit_flip_high,detection,0.0131,True
ab294eae4055,budapest_FP2,g_force_lateral,duplicate_timestamp,detection,0.0091,True
79f5a67c8ff9,budapest_FP2,aero_load_v2,schema_drift,detection,0.0091,True
f5000301987a,budapest_FP2,aero_load,null_value,detection,0.0073,True
34483b58c4c3,budapest_FP2,rpm,string_in_numeric,detection,0.0047,True
9c6bc8f7407a,budapest_FP2,tyre_pressure,bit_flip_high,detection,0.0128,True
b02a79e1498d,budapest_FP2,speed,null_value,detection,0.0075,True
91d638428599,budapest_FP2,aero_load,string_in_numeric,detection,0.0046,True
7860ef713d82,budapest_FP2,tyre_pressure,bit_flip_low,detection,0.0131,True
e188f5ef9bb6,budapest_FP2,rpm,duplicate_timestamp,detection,0.009,True
30453d5b5dbf,budapest_FP2,throttle,sensor_dropout,detection,0.0081,True
85b32901abb1,budapest_FP2,tyre_pressure,duplicate_timestamp,detection,0.0118,True
6934e0dd2fc9,budapest_FP2,heart_rate,bit_flip_low,detection,0.0286,True
64df602fef92,budapest_FP2,engine_temp,string_in_numeric,detection,0.0094,True
84d846909806,budapest_FP2,ecu_canbus,sensor_dropout,detection,0.0146,True
ccfa6b4d7a12,budapest_FP2,engine_temp,duplicate_timestamp,detection,0.0161,True
a5f9666166b6,budapest_FP2,g_force_lateral,string_in_numeric,detection,0.0055,True
7559a6d9c519,budapest_FP2,brake_temp,duplicate_timestamp,detection,0.0093,True
b8005e991d55,budapest_FP2,heart_rate_new,schema_drift,detection,0.0101,True
76075b961227,budapest_FP2,engine_temp,string_in_numeric,detection,0.0055,True
949a24b8988e,budapest_FP2,g_force_lateral,null_value,detection,0.0077,True
d672997b817e,budapest_FP2,speed,duplicate_timestamp,detection,0.0089,True
32d0c3a3bb1b,budapest_FP2,rpm,sensor_dropout,detection,0.0075,True
8a985ee6628a,budapest_FP2,throttle,sensor_dropout,detection,0.0079,True
88ebaaf3885f,budapest_FP2,heart_rate,duplicate_timestamp,detection,0.0089,True
25656f5c9041,budapest_FP2,engine_temp,sensor_dropout,detection,0.0083,True
87c2808fc568,budapest_FP2,speed,bit_flip_high,detection,0.0134,True
d3efc90b8981,budapest_FP2,tyre_pressure,null_value,detection,0.0086,True
8bb42aaa3c74,budapest_FP2,throttle,string_in_numeric,detection,0.0056,True
0224e7422555,budapest_FP2,aero_load,bit_flip_low,detection,0.0135,True
f9edf10bfec5,budapest_FP2,heart_rate,null_value,detection,0.0089,True
3ff1ace3af0b,budapest_FP2,aero_load,bit_flip_high,detection,0.0443,True
435a48de9d2d,budapest_FP2,throttle,bit_flip_high,detection,0.0133,True
99ea19340aaa,budapest_FP2,engine_temp,bit_flip_high,detection,0.0194,True
1a499e9c2e10,budapest_FP2,speed_new,schema_drift,detection,0.0135,True
78f91fcf3f34,budapest_FP2,throttle,string_in_numeric,detection,0.0047,True
42a5b8487da7,budapest_FP2,ecu_canbus_canbus,schema_drift,detection,0.01,True
a4ec61b06568,budapest_FP2,speed,bit_flip_high,detection,0.0134,True
2b2bd5f7f77b,budapest_FP2,tyre_pressure,null_value,detection,0.0083,True
e1ca73ce0aa8,budapest_FP2,rpm,null_value,detection,0.0083,True
6c7870219047,budapest_FP2,engine_temp,bit_flip_high,detection,0.0133,True
522d7ca24e0a,budapest_FP2,rpm,null_value,detection,0.0103,True
f2d4480d8eb2,budapest_FP2,ecu_canbus_canbus,schema_drift,detection,0.0153,True
9834b4404f84,budapest_FP2,ecu_canbus,string_in_numeric,detection,0.007,True
125b93de7e9d,budapest_FP2,heart_rate_new,schema_drift,detection,0.0146,True
206e7a527c5a,budapest_FP2,engine_temp,null_value,detection,0.0108,True
b0750f04fdb0,budapest_FP2,throttle,string_in_numeric,detection,0.0049,True
fc7e9540bc58,budapest_FP2,heart_rate,duplicate_timestamp,detection,0.009,True
72f55084fff5,budapest_FP2,engine_temp,duplicate_timestamp,detection,0.0088,True
b24f9c303694,budapest_FP2,speed,duplicate_timestamp,detection,0.0089,True
9055af0c4ea2,budapest_FP2,brake_temp,duplicate_timestamp,detection,0.0087,True
21724a0687d5,budapest_FP2,ecu_canbus_v2,schema_drift,detection,0.0096,True
dfa1cd738dcd,budapest_FP2,throttle,duplicate_timestamp,detection,0.0088,True
d219f45299c0,budapest_FP2,rpm,bit_flip_low,detection,0.0139,True
d0277b8aea63,budapest_FP2,g_force_lateral_new,schema_drift,detection,0.0096,True
30ca7c3fa6bc,budapest_FP2,aero_load,duplicate_timestamp,detection,0.0102,True
509dbcc112f6,budapest_FP2,tyre_pressure,bit_flip_low,detection,0.0145,True
ebeaeef3fefe,budapest_FP2,heart_rate,null_value,detection,0.0085,True
c7b23a4e22fe,budapest_FP2,g_force_lateral,bit_flip_high,detection,0.0143,True
469e7efa2d06,budapest_FP2,throttle,bit_flip_low,detection,0.0165,True
8683066d76d6,budapest_FP3,brake_temp,bit_flip_high,detection,0.0129,True
e56e703ee6a0,budapest_FP3,heart_rate_new,schema_drift,detection,0.0097,True
c9743e052216,budapest_FP3,tyre_pressure,sensor_dropout,detection,0.0075,True
d1ee76922d66,budapest_FP3,g_force_lateral,bit_flip_low,detection,0.0131,True
a9dbf267c212,budapest_FP3,speed,bit_flip_low,detection,0.0136,True
8b11d7a8397e,budapest_FP3,throttle,null_value,detection,0.008,True
a87a4ff1e5a1,budapest_FP3,g_force_lateral_new,schema_drift,detection,0.0101,True
b28d884dba55,budapest_FP3,speed,null_value,detection,0.0078,True
bd1ba5d95a2c,budapest_FP3,engine_temp,bit_flip_high,detection,0.0136,True
e6e2535efea3,budapest_FP3,heart_rate,sensor_dropout,detection,0.0079,True
45b113c9ee26,budapest_FP3,speed,bit_flip_low,detection,0.0143,True
8480641b0acb,budapest_FP3,rpm,bit_flip_high,detection,0.0138,True
d19e4db9993a,budapest_FP3,aero_load,null_value,detection,0.0079,True
2f78a16a54d1,budapest_FP3,g_force_lateral,duplicate_timestamp,detection,0.0108,True
66ed05496ce4,budapest_FP3,speed,bit_flip_high,detection,0.0159,True
cca536c92bc1,budapest_FP3,engine_temp,bit_flip_high,detection,0.013,True
4961e7739120,budapest_FP3,tyre_pressure,sensor_dropout,detection,0.0078,True
7e9dcbf8a3b0,budapest_FP3,aero_load,duplicate_timestamp,detection,0.0098,True
2b048fc91ae7,budapest_FP3,ecu_canbus_alt,schema_drift,detection,0.0114,True
6d9b2a6a0aaf,budapest_FP3,rpm,sensor_dropout,detection,0.0088,True
629cbcf8b7a1,budapest_FP3,engine_temp,null_value,detection,0.0087,True
835a8ffc02a5,budapest_FP3,engine_temp,bit_flip_high,detection,0.0334,True
2898952286e0,budapest_FP3,g_force_lateral,null_value,detection,0.0082,True
ae00ccfd6810,budapest_FP3,speed,duplicate_timestamp,detection,0.0093,True
74dc391ccc3c,budapest_FP3,rpm,null_value,detection,0.0078,True
d7aefca97fd4,budapest_FP3,tyre_pressure,sensor_dropout,detection,0.0079,True
ca9949e87eed,budapest_FP3,throttle,string_in_numeric,detection,0.0047,True
7f907a1ccbf5,budapest_FP3,aero_load,string_in_numeric,detection,0.0047,True
1adecf405c80,budapest_FP3,ecu_canbus,bit_flip_high,detection,0.0144,True
3a1401ff5e24,budapest_FP3,heart_rate,bit_flip_high,detection,0.0133,True
54aef4f2ad22,budapest_FP3,rpm_canbus,schema_drift,detection,0.0101,True
ef5f6ee39a5d,budapest_FP3,engine_temp,string_in_numeric,detection,0.0048,True
d556560f4beb,budapest_FP3,speed,bit_flip_low,detection,0.0138,True
d8c40a89ed8d,budapest_FP3,engine_temp_v2,schema_drift,detection,0.0091,True
772961720069,budapest_FP3,aero_load,string_in_numeric,detection,0.0057,True
106bbefd3c6a,budapest_FP3,tyre_pressure_raw,schema_drift,detection,0.0126,True
f22bb24e58a2,budapest_FP3,engine_temp_alt,schema_drift,detection,0.0093,True
ecc24beb6614,budapest_FP3,speed,bit_flip_low,detection,0.0136,True
937748dfabd4,budapest_FP3,engine_temp,string_in_numeric,detection,0.0048,True
22210f29053e,budapest_FP3,tyre_pressure,bit_flip_low,detection,0.0125,True
af7591556105,budapest_FP3,ecu_canbus,null_value,detection,0.0096,True
0068f0880052,budapest_FP3,heart_rate,null_value,detection,0.0076,True
9a208c5bfb5f,budapest_FP3,speed,bit_flip_high,detection,0.0133,True
9ffd0ea83959,budapest_FP3,throttle,sensor_dropout,detection,0.0075,True
e9985e343341,budapest_FP3,engine_temp,bit_flip_high,detection,0.0128,True
d34e296c6b7f,budapest_FP3,aero_load,duplicate_timestamp,detection,0.0084,True
1359faab705a,budapest_FP3,brake_temp,duplicate_timestamp,detection,0.01,True
a0430728b571,budapest_FP3,speed,bit_flip_high,detection,0.0132,True
c1caf07b5280,budapest_FP3,engine_temp,bit_flip_high,detection,0.0123,True
08f6ccb231c9,budapest_FP3,aero_load,sensor_dropout,detection,0.0074,True
4f53e5775585,budapest_FP3,throttle,duplicate_timestamp,detection,0.0095,True
e8ade61d2435,budapest_FP3,brake_temp,bit_flip_high,detection,0.0138,True
b1d103df5e7c,budapest_FP3,rpm,duplicate_timestamp,detection,0.0087,True
f6a47c7de40e,budapest_FP3,ecu_canbus,string_in_numeric,detection,0.0052,True
303848f8545d,budapest_FP3,throttle,duplicate_timestamp,detection,0.0086,True
00d12acf04d3,budapest_FP3,brake_temp,string_in_numeric,detection,0.0049,True
20ac616a444c,budapest_FP3,speed,string_in_numeric,detection,0.0049,True
49ba61d0d9c6,budapest_FP3,ecu_canbus,sensor_dropout,detection,0.0075,True
8dfdeda1e2d2,budapest_FP3,speed,null_value,detection,0.0076,True
157a5b39ff28,budapest_FP3,rpm,string_in_numeric,detection,0.0045,True
8f6b70bc7f0e,budapest_FP3,rpm_canbus,schema_drift,detection,0.0101,True
f027ee0a824f,budapest_FP3,aero_load_v2,schema_drift,detection,0.0095,True
bc1d36f78bc6,budapest_FP3,brake_temp,string_in_numeric,detection,0.0049,True
33c2f9e55497,budapest_FP3,aero_load,sensor_dropout,detection,0.0074,True
b9a8ea3a8a58,budapest_FP3,heart_rate,sensor_dropout,detection,0.0076,True
44247ae80274,budapest_FP3,brake_temp_new,schema_drift,detection,0.0094,True
b2f80bc92ebf,budapest_FP3,heart_rate,string_in_numeric,detection,0.0045,True
4440ca48d279,budapest_FP3,speed,bit_flip_low,detection,0.0132,True
68b92f9105ab,budapest_FP3,engine_temp,bit_flip_high,detection,0.0125,True
7c359ab52f76,budapest_FP3,tyre_pressure_alt,schema_drift,detection,0.0102,True
861548d65b44,budapest_FP3,heart_rate,bit_flip_low,detection,0.0155,True
5143f4352cf4,budapest_FP3,g_force_lateral,sensor_dropout,detection,0.0082,True
d19582472f1f,budapest_FP3,engine_temp,string_in_numeric,detection,0.005,True
db63651b0987,budapest_FP3,throttle,bit_flip_low,detection,0.0136,True
7311f3d0dc6f,budapest_FP3,speed,bit_flip_low,detection,0.0141,True
04422d38ec32,budapest_FP3,aero_load,string_in_numeric,detection,0.0052,True
2961d67a5295,budapest_FP3,aero_load,bit_flip_low,detection,0.0142,True
60eaa7a21d82,budapest_FP3,tyre_pressure,bit_flip_high,detection,0.0139,True
0b80d24da23c,budapest_FP3,ecu_canbus,null_value,detection,0.0092,True
6a209988bec7,budapest_FP3,g_force_lateral_raw,schema_drift,detection,0.0103,True
c6fe82cd96ae,budapest_FP3,rpm,string_in_numeric,detection,0.0051,True
d1d70d60fd1c,budapest_FP3,ecu_canbus_raw,schema_drift,detection,0.0094,True
0e3fd8e6524d,budapest_FP3,tyre_pressure,string_in_numeric,detection,0.0051,True
940838837114,budapest_FP3,ecu_canbus,bit_flip_high,detection,0.0137,True
fa170c5b306d,budapest_FP3,tyre_pressure,null_value,detection,0.0092,True
e758461992ff,budapest_FP3,aero_load,sensor_dropout,detection,0.0082,True
084e9339cee3,budapest_FP3,rpm,duplicate_timestamp,detection,0.009,True
027d293d9b37,budapest_FP3,throttle,null_value,detection,0.0078,True
5772d44395cb,budapest_FP3,g_force_lateral,duplicate_timestamp,detection,0.009,True
85ecce11d757,budapest_FP3,heart_rate_canbus,schema_drift,detection,0.0103,True
b98c74eb656e,budapest_FP3,speed,bit_flip_low,detection,0.0134,True
9444c210bdc7,budapest_FP3,speed,null_value,detection,0.0071,True
cd89cd5d4a78,budapest_FP3,brake_temp,null_value,detection,0.0075,True
f15a20b2c31d,budapest_FP3,heart_rate,string_in_numeric,detection,0.0059,True
6e2b87a21174,budapest_FP3,g_force_lateral,string_in_numeric,detection,0.006,True
03d6bf31557a,budapest_FP3,heart_rate,duplicate_timestamp,detection,0.0094,True
26337e06a02f,budapest_FP3,rpm,bit_flip_high,detection,0.0143,True
95c81d4af4cb,budapest_FP3,engine_temp,bit_flip_high,detection,0.013,True
85c4b4c6d503,budapest_FP3,ecu_canbus,bit_flip_low,detection,0.0098,False
794e2c4b21aa,budapest_FP3,engine_temp,bit_flip_low,detection,0.0127,True
063610a8312e,budapest_FP3,aero_load,bit_flip_low,detection,0.013,True
fa409d3aca5d,budapest_FP3,tyre_pressure,sensor_dropout,detection,0.0081,True
ae2a4af8d1ed,budapest_FP3,speed,duplicate_timestamp,detection,0.0081,True
79ca5ace7bcf,budapest_FP3,rpm,null_value,detection,0.0194,True
914a7e3d474f,budapest_FP3,throttle_v2,schema_drift,detection,0.0117,True
45a7a1776c96,budapest_FP3,aero_load,bit_flip_low,detection,0.0134,True
f682961b79e1,budapest_FP3,engine_temp,bit_flip_low,detection,0.0127,True
70244aee6e71,budapest_FP3,tyre_pressure_new,schema_drift,detection,0.0097,True
5eda38f9034a,budapest_FP3,speed,string_in_numeric,detection,0.0049,True
3fb8ac9f4fc0,budapest_FP3,brake_temp,bit_flip_low,detection,0.0128,True
9db3cd2a67c9,budapest_FP3,g_force_lateral,duplicate_timestamp,detection,0.0233,True
079e03e3cf8a,budapest_FP3,heart_rate,sensor_dropout,detection,0.0076,True
f979c7c019f4,budapest_FP3,rpm,sensor_dropout,detection,0.009,True
69c90fff8e57,budapest_FP3,throttle,string_in_numeric,detection,0.005,True
4004113b7a5c,budapest_FP3,brake_temp,sensor_dropout,detection,0.0075,True
f114d5cae9b7,budapest_FP3,speed_raw,schema_drift,detection,0.0106,True
23ab30512349,budapest_FP3,heart_rate,string_in_numeric,detection,0.0048,True
0214dc866fd9,budapest_FP3,throttle,null_value,detection,0.0091,True
1c8275f7ebf5,budapest_FP3,brake_temp,bit_flip_low,detection,0.017,True
0f1b700343c6,budapest_FP3,heart_rate,sensor_dropout,detection,0.0083,True
3536fb2cf7ce,budapest_FP3,brake_temp_new,schema_drift,detection,0.0099,True
8ee030019a6d,budapest_FP3,throttle_alt,schema_drift,detection,0.0106,True
ed2642425984,budapest_FP3,heart_rate,sensor_dropout,detection,0.0076,True
9c6b1a68bb6c,budapest_FP3,throttle,null_value,detection,0.0075,True
ae1bf0690719,budapest_FP3,ecu_canbus,sensor_dropout,detection,0.0077,True
0f1402bdad17,budapest_FP3,g_force_lateral,bit_flip_low,detection,0.0124,True
391239b83ba7,budapest_FP3,speed,bit_flip_high,detection,0.0135,True
58e0ea4204e9,budapest_FP3,engine_temp,sensor_dropout,detection,0.0076,True
c2b1e91c20e8,budapest_FP3,g_force_lateral,duplicate_timestamp,detection,0.0082,True
1e95701af2d5,budapest_FP3,throttle,bit_flip_high,detection,0.0128,True
f8103a2c9c5d,budapest_FP3,aero_load_raw,schema_drift,detection,0.0096,True
e5a43f3d1010,budapest_FP3,speed,duplicate_timestamp,detection,0.0096,True
8e211947e7ea,budapest_FP3,tyre_pressure_canbus,schema_drift,detection,0.01,True
a3933fa1ff99,budapest_FP3,ecu_canbus,null_value,detection,0.0087,True
057668a66dd0,budapest_FP3,heart_rate,bit_flip_high,detection,0.0147,True
ee72dd75c509,budapest_FP3,throttle,bit_flip_low,detection,0.0135,True
bd3451e45032,budapest_FP3,g_force_lateral,sensor_dropout,detection,0.0079,True
26f2c236f626,budapest_FP3,speed,null_value,detection,0.0083,True
1c934d1d89ae,budapest_FP3,g_force_lateral,bit_flip_low,detection,0.0129,True
081dc7ae63b6,budapest_FP3,aero_load,duplicate_timestamp,detection,0.0094,True
d9f3a4b157b9,budapest_FP3,tyre_pressure,duplicate_timestamp,detection,0.01,True
d1618f8510de,budapest_FP3,heart_rate,null_value,detection,0.0107,True
43969ee41198,budapest_FP3,speed,bit_flip_high,detection,0.0187,True
e044f346d893,budapest_FP3,brake_temp,null_value,detection,0.0097,True
c6043f35659a,budapest_FP3,aero_load_raw,schema_drift,detection,0.0129,True
ac688d7b402d,budapest_FP3,heart_rate_canbus,schema_drift,detection,0.0134,True
c5605fcb0536,budapest_FP3,rpm,bit_flip_low,detection,0.0133,True
e4032bf0688d,budapest_FP3,aero_load_raw,schema_drift,detection,0.0097,True
03ecd69e5cb8,budapest_FP3,speed,null_value,detection,0.0072,True
6ed62d79378d,budapest_FP3,tyre_pressure,bit_flip_high,detection,0.0124,True
a2f5785b636e,budapest_FP3,g_force_lateral,bit_flip_high,detection,0.0118,True
8ca16444453a,budapest_FP3,speed,bit_flip_high,detection,0.0127,True
1153f26d18a3,budapest_FP3,throttle,bit_flip_high,detection,0.0123,True
3320dfb9b843,budapest_FP3,speed,string_in_numeric,detection,0.0045,True
1f7f6006c365,budapest_FP3,brake_temp,sensor_dropout,detection,0.0073,True
b9e4241cd048,budapest_FP3,engine_temp,sensor_dropout,detection,0.0072,True
5e59c7644d59,budapest_FP3,tyre_pressure,bit_flip_high,detection,0.0157,True
1fe21c4c5b85,budapest_FP3,heart_rate,duplicate_timestamp,detection,0.011,True
62e90adbe4c1,budapest_FP3,g_force_lateral,bit_flip_low,detection,0.0146,True
63e843118aa8,budapest_FP3,tyre_pressure,duplicate_timestamp,detection,0.0087,True
44613162c2bb,budapest_FP3,throttle,string_in_numeric,detection,0.0048,True
398637ec7869,budapest_FP3,aero_load,bit_flip_high,detection,0.0131,True
0d86f329b341,budapest_FP3,brake_temp_canbus,schema_drift,detection,0.0096,True
a8550d6948c0,budapest_FP3,aero_load,bit_flip_low,detection,0.0129,True
dbbec91b0fc3,budapest_FP3,g_force_lateral,sensor_dropout,detection,0.0075,True
11176afe9288,budapest_FP3,aero_load,bit_flip_high,detection,0.0128,True
2ec852838448,budapest_FP3,g_force_lateral,duplicate_timestamp,detection,0.0084,True
83a1fc9827ed,budapest_FP3,tyre_pressure,bit_flip_low,detection,0.0177,True
8d1a442b0674,budapest_FP3,throttle_canbus,schema_drift,detection,0.01,True
c06d6c4dfc15,budapest_FP3,ecu_canbus,duplicate_timestamp,detection,0.0082,True
0af6d6f80fba,budapest_FP3,heart_rate,sensor_dropout,detection,0.0078,True
e2063c282d66,budapest_FP3,aero_load,bit_flip_low,detection,0.0127,True
72d2048593bc,budapest_FP3,ecu_canbus,bit_flip_high,detection,0.0125,True
e253caf88017,budapest_FP3,g_force_lateral,duplicate_timestamp,detection,0.0086,True
cfd21dfe9814,budapest_FP3,tyre_pressure,bit_flip_high,detection,0.0126,True
917a0bcd59c7,budapest_FP3,ecu_canbus,sensor_dropout,detection,0.0075,True
0e127f2176df,budapest_FP3,speed,duplicate_timestamp,detection,0.0084,True
0cc621053713,budapest_FP3,throttle,null_value,detection,0.0079,True
4e3cb7712a27,budapest_FP3,heart_rate,duplicate_timestamp,detection,0.008,True
39557c5b661a,budapest_FP3,ecu_canbus,duplicate_timestamp,detection,0.008,True
105b233bedc2,budapest_FP3,throttle,string_in_numeric,detection,0.005,True
2119cdebae8a,budapest_FP3,speed,null_value,detection,0.0078,True
b408000391f8,budapest_FP3,rpm,null_value,detection,0.0078,True
9490c0bbefee,budapest_FP3,rpm,bit_flip_low,detection,0.0135,True
1f02acf80320,budapest_FP3,throttle,string_in_numeric,detection,0.0049,True
9d49a2865c64,budapest_FP3,heart_rate,bit_flip_low,detection,0.0126,True
d31d8732149a,budapest_FP3,g_force_lateral,null_value,detection,0.0264,True
1ac0cd12b67b,budapest_FP3,brake_temp,bit_flip_low,detection,0.0158,True
56c8db85efab,budapest_FP3,aero_load,string_in_numeric,detection,0.0047,True
a93e918c820d,budapest_FP3,heart_rate_v2,schema_drift,detection,0.0092,True
b174c8a0219f,budapest_FP3,brake_temp,bit_flip_low,detection,0.012,True
da949c4add1a,budapest_FP3,tyre_pressure,string_in_numeric,detection,0.0059,True
1a0b0d87b3e2,budapest_FP3,rpm,sensor_dropout,detection,0.0073,True
97bfd5b35c4b,budapest_FP3,brake_temp,bit_flip_high,detection,0.0126,True
5a3de4658f60,budapest_FP3,brake_temp,sensor_dropout,detection,0.0073,True
d76d8ca17b7d,budapest_FP3,aero_load,null_value,detection,0.0072,True
e9fcefe45d3a,budapest_FP3,rpm,bit_flip_low,detection,0.0131,True
fbc192fc689b,budapest_FP3,brake_temp,sensor_dropout,detection,0.0073,True
4c8e5befbfc0,budapest_FP3,throttle,bit_flip_high,detection,0.013,True
1adb24907d10,budapest_FP3,engine_temp_canbus,schema_drift,detection,0.0114,True
00035ecb0033,budapest_FP3,aero_load,bit_flip_high,detection,0.0148,True
655c0a984e15,budapest_FP3,ecu_canbus,sensor_dropout,detection,0.0083,True
2b567f8596e8,budapest_FP3,aero_load,null_value,detection,0.0076,True
57b36e7e1bec,budapest_FP3,ecu_canbus,string_in_numeric,detection,0.0049,True
7116e3793414,budapest_FP3,heart_rate,bit_flip_low,detection,0.0306,True
30d87bf84ec2,budapest_FP3,g_force_lateral,duplicate_timestamp,detection,0.0085,True
74d71d4478f2,budapest_FP3,throttle,null_value,detection,0.0073,True
a86f48067b72,budapest_FP3,ecu_canbus,bit_flip_low,detection,0.0091,True
db5300ee5eb3,budapest_FP3,aero_load_new,schema_drift,detection,0.0099,True
4e2a4b9d2a74,budapest_FP3,throttle,string_in_numeric,detection,0.0048,True
65046c8ff2ae,budapest_FP3,brake_temp,sensor_dropout,detection,0.0106,True
77f2c84c1543,budapest_FP3,throttle,string_in_numeric,detection,0.0047,True
f5d678d87e5c,budapest_FP3,tyre_pressure,bit_flip_high,detection,0.0131,True
2d166a2ff4d6,budapest_FP3,heart_rate_raw,schema_drift,detection,0.0095,True
f874b2b50e15,budapest_FP3,g_force_lateral,null_value,detection,0.0081,True
aafa1b8ef18d,budapest_FP3,speed,sensor_dropout,detection,0.0074,True
db1080acc497,budapest_FP3,tyre_pressure,sensor_dropout,detection,0.0075,True
bc8307211a51,budapest_FP3,ecu_canbus,string_in_numeric,detection,0.0048,True
d2637416d0ff,budapest_FP3,heart_rate_alt,schema_drift,detection,0.0099,True
c1bf3df810b7,budapest_FP3,g_force_lateral,sensor_dropout,detection,0.0076,True
131884112621,budapest_FP3,brake_temp,string_in_numeric,detection,0.0055,True
fd171d5d6280,budapest_FP3,aero_load,duplicate_timestamp,detection,0.0091,True
a2b44c94788f,budapest_FP3,throttle,bit_flip_low,detection,0.0135,True
25c4f435409c,budapest_FP3,heart_rate,bit_flip_low,detection,0.0173,True
6ea026997b39,budapest_FP3,rpm,duplicate_timestamp,detection,0.0129,True
2053201352ee,budapest_FP3,brake_temp,sensor_dropout,detection,0.0112,True
f6d55ba89bfa,budapest_FP3,g_force_lateral,null_value,detection,0.0106,True
e7ab56edb548,budapest_FP3,speed,bit_flip_low,detection,0.0201,True
f43863a4454c,budapest_FP3,rpm_canbus,schema_drift,detection,0.0147,True
0c5d0c5ccfa8,budapest_FP3,aero_load,bit_flip_high,detection,0.0185,True
672540980f1b,budapest_FP3,aero_load,string_in_numeric,detection,0.0054,True
f871b9195c6b,budapest_FP3,heart_rate,duplicate_timestamp,detection,0.0111,True
8f3f2023e655,budapest_FP3,g_force_lateral,bit_flip_high,detection,0.0165,True
4a73d7bb0660,budapest_FP3,heart_rate,bit_flip_low,detection,0.0333,True
20c6a535992c,budapest_FP3,aero_load_canbus,schema_drift,detection,0.011,True
fa2e747ed8c0,budapest_FP3,engine_temp,string_in_numeric,detection,0.0047,True
386ba82edfd8,budapest_FP3,brake_temp,sensor_dropout,detection,0.0073,True
26c10dc881fb,budapest_FP3,engine_temp,duplicate_timestamp,detection,0.0085,True
60058cd4b4b6,budapest_FP3,speed_new,schema_drift,detection,0.0103,True
402ee1234db7,budapest_FP3,aero_load,duplicate_timestamp,detection,0.0083,True
b28b36117c39,budapest_FP3,g_force_lateral,bit_flip_high,detection,0.0172,True
323ccf70cc3d,budapest_FP3,ecu_canbus,sensor_dropout,detection,0.0082,True
7fb7021ef5ee,budapest_FP3,ecu_canbus,sensor_dropout,detection,0.0086,True
5cce12a5f9ff,budapest_FP3,speed,bit_flip_low,detection,0.0135,True
b2af0dab9f02,budapest_FP3,heart_rate,duplicate_timestamp,detection,0.0085,True
e37e797b0f3a,budapest_FP3,rpm,bit_flip_high,detection,0.0135,True
6938ac0011ad,budapest_FP3,ecu_canbus,null_value,detection,0.008,True
af8ed503916f,budapest_FP3,brake_temp,null_value,detection,0.0076,True
5a7ca16fb402,budapest_FP3,engine_temp,duplicate_timestamp,detection,0.0084,True
a08cf63fc84c,budapest_FP3,speed,bit_flip_high,detection,0.0132,True
064ee5dcd44a,budapest_FP3,throttle,null_value,detection,0.0073,True
76dc64ee5cb5,budapest_FP3,heart_rate,string_in_numeric,detection,0.0052,True
f665859bebfa,budapest_FP3,throttle_canbus,schema_drift,detection,0.0098,True
f27602cd09a1,budapest_FP3,speed,string_in_numeric,detection,0.0048,True
9f6b1b878297,budapest_FP3,throttle_canbus,schema_drift,detection,0.0102,True
855903a0ce89,budapest_FP3,rpm,duplicate_timestamp,detection,0.0084,True
e23c32b92425,budapest_FP3,g_force_lateral,string_in_numeric,detection,0.0054,True
0440b118ef8f,budapest_FP3,throttle,duplicate_timestamp,detection,0.0145,True
2532ae1e842e,budapest_FP3,tyre_pressure_new,schema_drift,detection,0.0135,True
abadc568a217,budapest_FP3,engine_temp,duplicate_timestamp,detection,0.0087,True
809f1bab9c2d,budapest_FP3,g_force_lateral,bit_flip_high,detection,0.0125,True
8d4da77d2870,budapest_FP3,speed,bit_flip_low,detection,0.013,True
f37a222c5190,budapest_FP3,heart_rate,bit_flip_low,detection,0.0517,True
c86db2fc9299,budapest_FP3,aero_load,null_value,detection,0.0289,True
54f23c962a44,budapest_FP3,ecu_canbus,null_value,detection,0.0078,True
4c41cd13c929,budapest_FP3,g_force_lateral,null_value,detection,0.0075,True
ce4c0b36adc3,budapest_FP3,aero_load,duplicate_timestamp,detection,0.0086,True
7acc57ca0169,budapest_FP3,speed,bit_flip_low,detection,0.0137,True
70f85fab74e7,budapest_FP3,throttle,null_value,detection,0.0077,True
a7e877a9f147,budapest_FP3,engine_temp,bit_flip_low,detection,0.0131,True
aadd44bfdb71,budapest_FP3,throttle,null_value,detection,0.0083,True
a59f3c63a4bd,budapest_FP3,engine_temp,string_in_numeric,detection,0.005,True
0bf9ae0b6d21,budapest_FP3,brake_temp,null_value,detection,0.0076,True
eaebd98e82d9,budapest_FP3,engine_temp,duplicate_timestamp,detection,0.0085,True
4579cc664360,budapest_FP3,speed,bit_flip_high,detection,0.0131,True
f7fd93e3ca12,budapest_FP3,speed,bit_flip_low,detection,0.0133,True
5f0385aee403,budapest_FP3,rpm,duplicate_timestamp,detection,0.0085,True
b57ab577ecb8,budapest_FP3,tyre_pressure,string_in_numeric,detection,0.0052,True
f217a6e1bb94,budapest_FP3,speed,string_in_numeric,detection,0.0062,True
989091a93640,budapest_FP3,heart_rate_alt,schema_drift,detection,0.0116,True
eed74cc70a84,budapest_FP3,g_force_lateral,duplicate_timestamp,detection,0.0091,True
17c10fd595a2,budapest_FP3,aero_load,duplicate_timestamp,detection,0.0098,True
690356e4366b,budapest_FP3,g_force_lateral,duplicate_timestamp,detection,0.0098,True
950011c6fe42,budapest_FP3,speed,string_in_numeric,detection,0.0052,True
9c0cda9ef119,budapest_FP3,rpm_v2,schema_drift,detection,0.011,True
737e2052cd41,budapest_FP3,engine_temp_alt,schema_drift,detection,0.0098,True
9b2175b6e716,budapest_FP3,engine_temp,sensor_dropout,detection,0.008,True
1c1acbca49f6,budapest_FP3,heart_rate,bit_flip_high,detection,0.0136,True
085a6cd3f460,budapest_FP3,aero_load,bit_flip_high,detection,0.0148,True
51c715010fa3,budapest_FP3,ecu_canbus,sensor_dropout,detection,0.0096,True
bc1c865fc57b,budapest_FP3,tyre_pressure,bit_flip_high,detection,0.0132,True
2ec8b1421b32,budapest_FP3,tyre_pressure,duplicate_timestamp,detection,0.009,True
803a45719f8f,budapest_FP3,engine_temp,null_value,detection,0.0079,True
d0a084aaa3d1,budapest_FP3,brake_temp,bit_flip_high,detection,0.0134,True
2c1d505290e9,budapest_FP3,rpm,bit_flip_high,detection,0.0142,True
6ce910657ae9,budapest_FP3,speed,bit_flip_high,detection,0.0136,True
ebecc7e8e9bf,budapest_FP3,rpm,bit_flip_high,detection,0.0129,True
f803068648f4,budapest_FP3,brake_temp,null_value,detection,0.0073,True
5f0bc5a0eff2,budapest_FP3,engine_temp,duplicate_timestamp,detection,0.0099,True
efbeace7138e,budapest_FP3,tyre_pressure,duplicate_timestamp,detection,0.0094,True
71fd7956dfc5,budapest_FP3,brake_temp,duplicate_timestamp,detection,0.0088,True
2ee6dd33da69,budapest_FP3,engine_temp,duplicate_timestamp,detection,0.0252,True
41cf8e4ecfff,budapest_FP3,rpm,null_value,detection,0.0194,True
3879bc8ec6d6,budapest_FP3,engine_temp,bit_flip_high,detection,0.0324,True
4dc7077766c5,budapest_FP3,aero_load,bit_flip_low,detection,0.0327,True
d6ab5cc9a9eb,budapest_FP3,g_force_lateral_v2,schema_drift,detection,0.0101,True
e390bec017f6,budapest_FP3,throttle,bit_flip_low,detection,0.0136,True
f2a530d1b26f,budapest_FP3,speed,bit_flip_low,detection,0.0132,True
3fe944c9e544,budapest_FP3,rpm,bit_flip_high,detection,0.0128,True
b7812f593177,budapest_FP3,g_force_lateral,string_in_numeric,detection,0.0049,True
0b91a37cfa4b,budapest_FP3,aero_load_v2,schema_drift,detection,0.0102,True
7602e1c81e6f,budapest_FP3,engine_temp,bit_flip_low,detection,0.0129,True
998ad35f91da,budapest_FP3,throttle,null_value,detection,0.0076,True
55684cdf5e29,budapest_FP3,tyre_pressure,bit_flip_low,detection,0.0132,True
8e08ab6b9414,budapest_FP3,rpm,bit_flip_low,detection,0.013,True
6c4c93c34103,budapest_FP3,speed,bit_flip_high,detection,0.0191,True
53a8299f866e,budapest_FP3,aero_load,string_in_numeric,detection,0.0052,True
f5a140ef18ad,budapest_FP3,rpm,bit_flip_low,detection,0.0136,True
d48ccae5d0c1,budapest_FP3,tyre_pressure_v2,schema_drift,detection,0.0096,True
70a7766eff7c,budapest_FP3,engine_temp,string_in_numeric,detection,0.0057,True
38ab5e10f068,budapest_FP3,heart_rate,null_value,detection,0.0094,True
a91d287c82ad,budapest_FP3,rpm,bit_flip_low,detection,0.0156,True
e9770b6183bb,budapest_FP3,tyre_pressure,duplicate_timestamp,detection,0.0099,True
6baa329de347,budapest_FP3,g_force_lateral,sensor_dropout,detection,0.0084,True
dac930f9f18e,budapest_FP3,g_force_lateral,string_in_numeric,detection,0.0057,True
a868e07dfbf2,budapest_FP3,throttle,null_value,detection,0.0087,True
de0076a510f9,budapest_FP3,rpm,string_in_numeric,detection,0.0057,True
c2231616c99e,budapest_FP3,aero_load,sensor_dropout,detection,0.0084,True
c41cb8c45544,budapest_FP3,heart_rate,sensor_dropout,detection,0.0089,True
382db2e74e44,budapest_FP3,tyre_pressure,null_value,detection,0.0074,True
c4ac27a3b8d5,budapest_FP3,brake_temp,bit_flip_high,detection,0.0127,True
e10ac619d03d,budapest_FP3,engine_temp,sensor_dropout,detection,0.0075,True
ac2e8da14814,budapest_FP3,aero_load,string_in_numeric,detection,0.0053,True
3918f0ff8d9b,budapest_FP3,speed,bit_flip_low,detection,0.0142,True
a1a5828b54e8,budapest_FP3,engine_temp_v2,schema_drift,detection,0.0097,True
e14467ba29d4,budapest_FP3,brake_temp,duplicate_timestamp,detection,0.0083,True
47b421c5ef30,budapest_FP3,tyre_pressure,duplicate_timestamp,detection,0.0084,True
9df553632626,budapest_FP3,heart_rate,null_value,detection,0.0076,True
ef3381e3a0d2,budapest_FP3,engine_temp,null_value,detection,0.0075,True
1cbfdcbc1c90,budapest_FP3,heart_rate,bit_flip_high,detection,0.0132,True
67d74d65b4c5,budapest_FP3,brake_temp,duplicate_timestamp,detection,0.0085,True
816604ace9c3,budapest_FP3,tyre_pressure,duplicate_timestamp,detection,0.0085,True
c0bd33e71ccf,budapest_FP3,throttle,duplicate_timestamp,detection,0.0083,True
77335a6ebd9c,budapest_FP3,tyre_pressure,string_in_numeric,detection,0.0138,True
27a4dda08834,budapest_FP3,heart_rate_v2,schema_drift,detection,0.0259,True
f4f453d0c53a,budapest_FP3,rpm,string_in_numeric,detection,0.011,True
a26aae0a6491,budapest_FP3,engine_temp,sensor_dropout,detection,0.0092,True
0690fe9685f8,budapest_FP3,heart_rate,bit_flip_high,detection,0.0133,True
171b3e79c23e,budapest_FP3,throttle,sensor_dropout,detection,0.0077,True
28ae01b5c6fa,budapest_FP3,tyre_pressure,null_value,detection,0.0084,True
b7fba5ebccd9,budapest_FP3,ecu_canbus,null_value,detection,0.0075,True
a430819ce49f,budapest_FP3,brake_temp_canbus,schema_drift,detection,0.0116,True
4f117dd45298,budapest_FP3,heart_rate,string_in_numeric,detection,0.0049,True
0728cc9ab884,budapest_FP3,throttle,sensor_dropout,detection,0.0079,True
e7b5cbcca7d2,budapest_FP3,rpm_canbus,schema_drift,detection,0.0113,True
e68e08c8e962,budapest_FP3,rpm_v2,schema_drift,detection,0.0098,True
696b75786a5b,budapest_FP3,engine_temp,bit_flip_high,detection,0.0148,True
d18fc2c9d840,budapest_FP3,ecu_canbus,duplicate_timestamp,detection,0.009,True
e34f2d2aaeb2,budapest_FP3,speed,string_in_numeric,detection,0.0052,True
ecba8478af18,budapest_FP3,rpm,null_value,detection,0.008,True
6e43a5892384,budapest_FP3,g_force_lateral,sensor_dropout,detection,0.0081,True
aa90f3b66847,budapest_FP3,rpm,sensor_dropout,detection,0.0078,True
b46b5a3b9548,budapest_FP3,engine_temp,null_value,detection,0.0078,True
fd1d1b1aee25,budapest_FP3,rpm,string_in_numeric,detection,0.0053,True
3368723698e8,budapest_FP3,ecu_canbus,sensor_dropout,detection,0.0089,True
5d91403dda6a,budapest_FP3,g_force_lateral,bit_flip_high,detection,0.0129,True
3d7da43c1090,budapest_FP3,rpm,bit_flip_high,detection,0.0136,True
7ccc425e54ed,budapest_FP3,aero_load_alt,schema_drift,detection,0.0102,True
b539945d1aca,budapest_FP3,brake_temp,sensor_dropout,detection,0.0093,True
68a7d531ba7e,budapest_FP3,g_force_lateral,bit_flip_low,detection,0.0128,True
f5057e70a96d,budapest_FP3,speed,null_value,detection,0.0343,True
b2a81b1e7e0e,budapest_FP3,aero_load,null_value,detection,0.0076,True
b077fc496440,budapest_FP3,ecu_canbus,null_value,detection,0.0078,True
fa6f08514313,budapest_FP3,tyre_pressure,sensor_dropout,detection,0.0086,True
c2d744e65db8,budapest_FP3,engine_temp,string_in_numeric,detection,0.0052,True
502bbaf252f7,budapest_FP3,aero_load,string_in_numeric,detection,0.0053,True
af3d11afe071,budapest_FP3,rpm,bit_flip_high,detection,0.0142,True
eaf28d757072,budapest_FP3,heart_rate,bit_flip_high,detection,0.0137,True
fdc96e1811a1,budapest_FP3,throttle,bit_flip_high,detection,0.0143,True
899c5636464e,budapest_FP3,aero_load,duplicate_timestamp,detection,0.0099,True
3f92fe1393d2,budapest_FP3,g_force_lateral,sensor_dropout,detection,0.0087,True
c1191fafe46b,budapest_FP3,heart_rate,duplicate_timestamp,detection,0.0172,True
98d511e051ad,budapest_FP3,g_force_lateral,duplicate_timestamp,detection,0.0093,True
3911b3f017d3,budapest_FP3,rpm,sensor_dropout,detection,0.0078,True
cfa2706901af,budapest_FP3,aero_load_v2,schema_drift,detection,0.0098,True
96e831644dfd,budapest_FP3,ecu_canbus,null_value,detection,0.0075,True
f9ea5dcb6a8c,budapest_FP3,heart_rate,duplicate_timestamp,detection,0.0087,True
b5d7ce5461a5,budapest_FP3,rpm,duplicate_timestamp,detection,0.0088,True
4f936bb2b8a6,budapest_FP3,aero_load,bit_flip_high,detection,0.0139,True
56d0dd00c758,budapest_FP3,heart_rate_new,schema_drift,detection,0.0099,True
535dcb2a558b,budapest_FP3,engine_temp_v2,schema_drift,detection,0.0095,True
a996b4cf6bf7,budapest_FP3,brake_temp,bit_flip_low,detection,0.0128,True
c599744be8c4,budapest_FP3,engine_temp_canbus,schema_drift,detection,0.0099,True
9353180912e6,budapest_FP3,tyre_pressure,bit_flip_high,detection,0.0131,True
67e784d6945b,budapest_FP3,throttle,sensor_dropout,detection,0.0192,True
8d683359fc2c,budapest_FP3,aero_load,bit_flip_low,detection,0.0145,True
1c07a9eef4d5,budapest_FP3,brake_temp,duplicate_timestamp,detection,0.0083,True
2d67125109a0,budapest_FP3,aero_load,sensor_dropout,detection,0.0074,True
4ea1e127012c,budapest_FP3,heart_rate,null_value,detection,0.0075,True
d256214af1b4,budapest_FP3,g_force_lateral,string_in_numeric,detection,0.0048,True
404ce26c8715,budapest_FP3,ecu_canbus,sensor_dropout,detection,0.0081,True
42801c420b77,budapest_FP3,throttle,bit_flip_low,detection,0.015,True
d7ba79c36708,budapest_FP3,engine_temp,bit_flip_high,detection,0.0125,True
7b0536645ff3,budapest_FP3,g_force_lateral,duplicate_timestamp,detection,0.0093,True
b5f3050137e5,budapest_FP3,engine_temp,duplicate_timestamp,detection,0.0091,True
bf58fd387c81,budapest_FP3,brake_temp,sensor_dropout,detection,0.0074,True
05d604038141,budapest_FP3,heart_rate,string_in_numeric,detection,0.0048,True
a07f91c9c698,budapest_FP3,ecu_canbus,string_in_numeric,detection,0.0047,True
80aabe8f9c2e,budapest_FP3,brake_temp,bit_flip_low,detection,0.0127,True
cd080f9a7917,budapest_FP3,ecu_canbus,null_value,detection,0.0072,True
92fed27e056d,budapest_FP3,heart_rate,null_value,detection,0.007,True
50add6556030,budapest_FP3,speed,string_in_numeric,detection,0.0049,True
aea64de65726,budapest_FP3,tyre_pressure,string_in_numeric,detection,0.0048,True
755d21a6466e,budapest_FP3,brake_temp,null_value,detection,0.0076,True
1d175232b6fb,budapest_FP3,g_force_lateral_canbus,schema_drift,detection,0.0127,True
250ae778f2db,budapest_FP3,aero_load,bit_flip_high,detection,0.0165,True
57ddd3fa2176,budapest_FP3,heart_rate,duplicate_timestamp,detection,0.0106,True
4032a3f849e9,budapest_FP3,rpm,string_in_numeric,detection,0.0046,True
ba24ff60bd77,budapest_FP3,heart_rate_v2,schema_drift,detection,0.0114,True
a7d0a6235936,budapest_FP3,tyre_pressure_raw,schema_drift,detection,0.0135,True
433f36b29985,budapest_FP3,aero_load,string_in_numeric,detection,0.005,True
f59d4c2f9226,budapest_FP3,tyre_pressure_canbus,schema_drift,detection,0.01,True
3b735a41d09b,budapest_FP3,aero_load,null_value,detection,0.0072,True
0b047b576092,budapest_FP3,throttle_v2,schema_drift,detection,0.0101,True
2ca46977fdbd,budapest_FP3,brake_temp,bit_flip_high,detection,0.0134,True
6a5156259dec,budapest_FP3,speed,bit_flip_high,detection,0.0128,True
6512558efc38,budapest_FP3,tyre_pressure,duplicate_timestamp,detection,0.0114,True
2b051641a11b,budapest_FP3,engine_temp,null_value,detection,0.008,True
2bfae10149b4,budapest_FP3,aero_load_v2,schema_drift,detection,0.0104,True
0a333329ba26,budapest_FP3,rpm_raw,schema_drift,detection,0.01,True
609852967c43,budapest_FP3,rpm,sensor_dropout,detection,0.0074,True
f822f80bf66c,budapest_FP3,engine_temp,string_in_numeric,detection,0.0045,True
004c112f4c04,budapest_FP3,speed,bit_flip_low,detection,0.0127,True
86d0d9af5183,budapest_FP3,rpm_v2,schema_drift,detection,0.01,True
aa838e93215c,budapest_FP3,brake_temp,bit_flip_high,detection,0.0127,True
504fe3b1b50b,budapest_FP3,aero_load,bit_flip_low,detection,0.0127,True
77af05676794,budapest_FP3,brake_temp,null_value,detection,0.0078,True
d0d292676f1d,budapest_FP3,ecu_canbus_new,schema_drift,detection,0.0104,True
6c6b999e6441,budapest_FP3,g_force_lateral,null_value,detection,0.0076,True
11c811011908,budapest_FP3,heart_rate_alt,schema_drift,detection,0.0093,True
ee76ba8070d2,budapest_FP3,g_force_lateral_v2,schema_drift,detection,0.009,True
b258d4d9ee82,budapest_FP3,engine_temp,sensor_dropout,detection,0.0075,True
bd097d57228f,budapest_FP3,throttle,null_value,detection,0.0078,True
99b6569e49c2,budapest_FP3,aero_load,bit_flip_low,detection,0.0133,True
bf3d3352b94d,budapest_FP3,engine_temp,null_value,detection,0.0075,True
4151df3346a3,budapest_FP3,heart_rate,duplicate_timestamp,detection,0.0087,True
7269faffd53d,budapest_FP3,rpm,bit_flip_high,detection,0.0133,True
3a11536d2918,budapest_FP3,aero_load,string_in_numeric,detection,0.0059,True
b4067fe29f93,budapest_FP3,heart_rate,sensor_dropout,detection,0.0085,True
d308bdaf71cc,budapest_FP3,throttle,duplicate_timestamp,detection,0.0102,True
7a8e7a59ff23,budapest_FP3,ecu_canbus,bit_flip_low,detection,0.0137,False
4865c1fefbf5,budapest_FP3,throttle_v2,schema_drift,detection,0.0101,True
49cfcdc99b69,budapest_FP3,engine_temp,bit_flip_high,detection,0.013,True
bd045fa1943a,budapest_FP3,ecu_canbus,null_value,detection,0.0078,True
41195b4dd910,budapest_FP3,tyre_pressure,string_in_numeric,detection,0.0047,True
78f8954df06f,budapest_FP3,ecu_canbus,sensor_dropout,detection,0.0077,True
a87bfac21cf5,budapest_FP3,aero_load,string_in_numeric,detection,0.005,True
e8750805916c,budapest_FP3,tyre_pressure,bit_flip_high,detection,0.0137,True
a6fd2d7826f2,budapest_FP3,heart_rate,string_in_numeric,detection,0.0047,True
1d1ed5bd8fcf,budapest_FP3,heart_rate,string_in_numeric,detection,0.0045,True
11b2b6b81061,budapest_FP3,g_force_lateral,string_in_numeric,detection,0.0044,True
eae3edeab3d9,budapest_FP3,speed,duplicate_timestamp,detection,0.0086,True
220b877e194f,budapest_FP3,rpm,sensor_dropout,detection,0.0072,True
adcd9f670cd1,budapest_FP3,aero_load,duplicate_timestamp,detection,0.0079,True
e56c9b4869d1,budapest_FP3,tyre_pressure,null_value,detection,0.0074,True
932ca8869c24,budapest_FP3,throttle,bit_flip_low,detection,0.0134,True
a0a871412eb8,budapest_FP3,engine_temp,bit_flip_high,detection,0.0129,True
1a5c7368efa2,budapest_FP3,g_force_lateral,sensor_dropout,detection,0.0119,True
8556a6fd2288,budapest_FP3,rpm,sensor_dropout,detection,0.0082,True
db636e2fff1a,budapest_FP3,g_force_lateral_raw,schema_drift,detection,0.0102,True
9c7b14361ae1,budapest_FP3,heart_rate,bit_flip_high,detection,0.0135,True
c84f4349a7bd,budapest_FP3,engine_temp,string_in_numeric,detection,0.005,True
df9ac54682da,budapest_FP3,rpm_canbus,schema_drift,detection,0.0106,True
781238c0d64e,budapest_FP3,g_force_lateral,duplicate_timestamp,detection,0.0091,True
b052e8e5ff3a,budapest_FP3,throttle,null_value,detection,0.0078,True
0b4559cd5a69,budapest_FP3,rpm,string_in_numeric,detection,0.0047,True
453914bba47f,budapest_FP3,speed,duplicate_timestamp,detection,0.0095,True
48818979f90b,budapest_FP3,throttle,bit_flip_low,detection,0.0141,True
62429e811f57,budapest_FP3,tyre_pressure,sensor_dropout,detection,0.0084,True
960c6c42d733,budapest_FP3,ecu_canbus,null_value,detection,0.0113,True
a43befff6007,budapest_FP3,tyre_pressure,sensor_dropout,detection,0.0096,True
d00d03307fb1,budapest_FP3,ecu_canbus,bit_flip_low,detection,0.0116,True
6e676c185d75,budapest_FP3,brake_temp,null_value,detection,0.0097,True
f3c5e08a0e0d,budapest_FP3,engine_temp,null_value,detection,0.0086,True
e7e75de69fcb,budapest_FP3,rpm,bit_flip_low,detection,0.0147,True
e3c7955d1e85,budapest_FP3,throttle_raw,schema_drift,detection,0.01,True
6dfe04f1038e,budapest_FP3,throttle,duplicate_timestamp,detection,0.0088,True
b50665ccebb4,budapest_FP3,g_force_lateral,bit_flip_high,detection,0.0122,True
131ff35974db,budapest_FP3,engine_temp,duplicate_timestamp,detection,0.0094,True
a2b0575b6239,budapest_FP3,g_force_lateral,null_value,detection,0.0075,True
2903aa3001b8,budapest_FP3,rpm,bit_flip_low,detection,0.0131,True
738b57a4db46,budapest_FP3,speed,string_in_numeric,detection,0.0047,True
840b01a46be8,budapest_FP3,ecu_canbus_alt,schema_drift,detection,0.0089,True
d048ad794267,budapest_FP3,rpm,bit_flip_high,detection,0.0133,True
6ddcb6bc101d,budapest_FP3,brake_temp,duplicate_timestamp,detection,0.008,True
21c958f2f020,budapest_FP3,ecu_canbus,null_value,detection,0.0072,True
2797e1ac94fe,budapest_FP3,g_force_lateral,sensor_dropout,detection,0.0093,True
e2b818df1395,budapest_FP3,speed,string_in_numeric,detection,0.0054,True
26e681c44c1a,budapest_FP3,brake_temp,sensor_dropout,detection,0.0078,True
348a27fa8c6e,budapest_FP3,engine_temp,bit_flip_high,detection,0.0134,True
dd62b562c4b8,budapest_FP3,tyre_pressure,bit_flip_low,detection,0.013,True
56e06fa6d0d0,budapest_FP3,g_force_lateral,duplicate_timestamp,detection,0.0088,True
eabdd3e938fd,budapest_FP3,tyre_pressure,string_in_numeric,detection,0.0051,True
21da803445bd,budapest_FP3,speed,bit_flip_high,detection,0.014,True
a0d43d21f01d,budapest_FP3,engine_temp,bit_flip_high,detection,0.0127,True
1d22f711503a,budapest_FP3,tyre_pressure,null_value,detection,0.0075,True
b9c6c0e834e8,budapest_FP3,heart_rate_new,schema_drift,detection,0.0097,True
d49962c2fc07,budapest_FP3,engine_temp,string_in_numeric,detection,0.0058,True
9351d34bb649,budapest_FP3,tyre_pressure,duplicate_timestamp,detection,0.0096,True
1099dd38f9cf,budapest_FP3,speed,string_in_numeric,detection,0.005,True
8271947b82fe,budapest_FP3,ecu_canbus,string_in_numeric,detection,0.0049,True
efed21080e02,budapest_FP3,tyre_pressure_alt,schema_drift,detection,0.0092,True
c3a668f6f6c1,budapest_FP3,rpm,sensor_dropout,detection,0.008,True
055d966abfcf,budapest_FP3,brake_temp,duplicate_timestamp,detection,0.0087,True
66294cf89092,budapest_QUALI,speed,sensor_dropout,detection,0.0081,True
28456a56168b,budapest_QUALI,throttle,bit_flip_low,detection,0.0135,True
c99ff12ce86c,budapest_QUALI,g_force_lateral,string_in_numeric,detection,0.0048,True
59052e08578d,budapest_QUALI,rpm,null_value,detection,0.0075,True
580d4dc87ce4,budapest_QUALI,engine_temp_raw,schema_drift,detection,0.0093,True
6af4d6ffef88,budapest_QUALI,ecu_canbus,null_value,detection,0.0073,True
89a82c94e268,budapest_QUALI,heart_rate_v2,schema_drift,detection,0.0094,True
c1e16a957dc6,budapest_QUALI,tyre_pressure,null_value,detection,0.0074,True
6c0f50503ea9,budapest_QUALI,throttle,null_value,detection,0.0073,True
167c8d32e523,budapest_QUALI,ecu_canbus,duplicate_timestamp,detection,0.0083,True
b8a73b5b9b7e,budapest_QUALI,heart_rate,null_value,detection,0.0078,True
68fa0c64ee5b,budapest_QUALI,heart_rate,duplicate_timestamp,detection,0.0084,True
d2e1692bc687,budapest_QUALI,tyre_pressure,duplicate_timestamp,detection,0.0081,True
673539345866,budapest_QUALI,brake_temp,bit_flip_high,detection,0.0127,True
ac7f94abce16,budapest_QUALI,ecu_canbus_canbus,schema_drift,detection,0.0093,True
ad6affacf5fe,budapest_QUALI,throttle,bit_flip_high,detection,0.0131,True
e53b2b611900,budapest_QUALI,brake_temp,string_in_numeric,detection,0.005,True
5b4e1e3aec35,budapest_QUALI,g_force_lateral,duplicate_timestamp,detection,0.0085,True
8c8bc2d81be9,budapest_QUALI,g_force_lateral,bit_flip_high,detection,0.0085,False
edb52a4133ef,budapest_QUALI,rpm,string_in_numeric,detection,0.005,True
0bb8b20423cc,budapest_QUALI,throttle,sensor_dropout,detection,0.0075,True
5e5020a60c63,budapest_QUALI,rpm,sensor_dropout,detection,0.0077,True
9612684b78b8,budapest_QUALI,brake_temp_alt,schema_drift,detection,0.0097,True
019065aaa526,budapest_QUALI,engine_temp,duplicate_timestamp,detection,0.0089,True
a836c3a97d02,budapest_QUALI,brake_temp,bit_flip_low,detection,0.0126,True
f3779d27f14b,budapest_QUALI,tyre_pressure,null_value,detection,0.0079,True
b96d1e2f37ee,budapest_QUALI,rpm,sensor_dropout,detection,0.0084,True
a6d1920a13a0,budapest_QUALI,engine_temp,null_value,detection,0.008,True
1181dd7dc1d5,budapest_QUALI,tyre_pressure,string_in_numeric,detection,0.0049,True
83b77f5ad733,budapest_QUALI,rpm,string_in_numeric,detection,0.0045,True
972db5103973,budapest_QUALI,heart_rate_v2,schema_drift,detection,0.01,True
a2987d0e4716,budapest_QUALI,speed_new,schema_drift,detection,0.01,True
5d6cd6359d0a,budapest_QUALI,rpm,bit_flip_high,detection,0.0143,True
7928a84e8dfd,budapest_QUALI,throttle,bit_flip_low,detection,0.0135,True
067ef9fdf9ee,budapest_QUALI,aero_load,string_in_numeric,detection,0.0049,True
c189ff6f9a3a,budapest_QUALI,tyre_pressure,null_value,detection,0.008,True
891ee6d2a828,budapest_QUALI,heart_rate,duplicate_timestamp,detection,0.0085,True
229a62c3997a,budapest_QUALI,rpm,bit_flip_low,detection,0.0133,True
3367cc9360cd,budapest_QUALI,tyre_pressure,bit_flip_low,detection,0.0128,True
7d8a635ab145,budapest_QUALI,ecu_canbus,null_value,detection,0.0079,True
0eb514fbdccc,budapest_QUALI,aero_load,duplicate_timestamp,detection,0.0086,True
e7fc8ae4e687,budapest_QUALI,brake_temp_v2,schema_drift,detection,0.0137,True
4ef8c22d01ed,budapest_QUALI,aero_load,bit_flip_high,detection,0.0128,True
2d780fdf1455,budapest_QUALI,tyre_pressure,bit_flip_high,detection,0.0123,True
e1a80bf0400e,budapest_QUALI,brake_temp,null_value,detection,0.0089,True
7ec50ce88369,budapest_QUALI,throttle,null_value,detection,0.0077,True
32d967be5ae8,budapest_QUALI,aero_load,sensor_dropout,detection,0.0079,True
80de855c868f,budapest_QUALI,rpm,duplicate_timestamp,detection,0.0088,True
c6a400a08bcf,budapest_QUALI,g_force_lateral,bit_flip_high,detection,0.0147,True
1288ad2d7245,budapest_QUALI,speed,sensor_dropout,detection,0.0089,True
f5a18aa57901,budapest_QUALI,ecu_canbus,bit_flip_high,detection,0.0131,True
c36a347f81c3,budapest_QUALI,throttle,null_value,detection,0.0076,True
83da6321a034,budapest_QUALI,g_force_lateral,string_in_numeric,detection,0.0048,True
158f8cab1881,budapest_QUALI,speed,string_in_numeric,detection,0.0046,True
02bb9958621d,budapest_QUALI,rpm,string_in_numeric,detection,0.0044,True
af1d782ed447,budapest_QUALI,throttle,duplicate_timestamp,detection,0.0097,True
d8ec9bfa1c6c,budapest_QUALI,engine_temp,bit_flip_high,detection,0.0134,True
b16e0abdbbfd,budapest_QUALI,heart_rate,bit_flip_low,detection,0.0131,True
a90b8056bb78,budapest_QUALI,g_force_lateral,string_in_numeric,detection,0.0048,True
0dfae5b76980,budapest_QUALI,engine_temp,null_value,detection,0.0081,True
e9a2e7a00398,budapest_QUALI,engine_temp,bit_flip_high,detection,0.0132,True
679ed83fd568,budapest_QUALI,engine_temp,bit_flip_low,detection,0.0128,True
c90d3e766b80,budapest_QUALI,engine_temp_v2,schema_drift,detection,0.0366,True
8d3b7117ce5a,budapest_QUALI,g_force_lateral,bit_flip_high,detection,0.0316,True
afc02691737a,budapest_QUALI,brake_temp,string_in_numeric,detection,0.0059,True
615866c4884a,budapest_QUALI,tyre_pressure,null_value,detection,0.008,True
1dd6d3942ee8,budapest_QUALI,g_force_lateral,bit_flip_high,detection,0.0131,True
3da0e4bfe450,budapest_QUALI,g_force_lateral,duplicate_timestamp,detection,0.009,True
6ceee83c08ac,budapest_QUALI,throttle,sensor_dropout,detection,0.0077,True
a1fa18535e76,budapest_QUALI,tyre_pressure,sensor_dropout,detection,0.0087,True
0e1c0ec3d99e,budapest_QUALI,g_force_lateral,string_in_numeric,detection,0.0236,True
48804a219aff,budapest_QUALI,speed,sensor_dropout,detection,0.0099,True
0231d1068859,budapest_QUALI,engine_temp,null_value,detection,0.008,True
36fe23e32b91,budapest_QUALI,tyre_pressure,bit_flip_low,detection,0.0133,True
5f1dc587ece7,budapest_QUALI,brake_temp,string_in_numeric,detection,0.0049,True
030757e7c9b4,budapest_QUALI,engine_temp,bit_flip_low,detection,0.0141,True
eb449db1e4a0,budapest_QUALI,tyre_pressure,duplicate_timestamp,detection,0.0092,True
56ba219e7f68,budapest_QUALI,ecu_canbus,bit_flip_low,detection,0.0098,True
33af76a3a5df,budapest_QUALI,aero_load,duplicate_timestamp,detection,0.0085,True
65960df8fd59,budapest_QUALI,ecu_canbus,sensor_dropout,detection,0.0075,True
85d8ea3e48bf,budapest_QUALI,speed,bit_flip_low,detection,0.0139,True
79a412e3443e,budapest_QUALI,engine_temp,string_in_numeric,detection,0.0047,True
66b3837f7f91,budapest_QUALI,tyre_pressure,null_value,detection,0.0084,True
5c527eadaaa2,budapest_QUALI,ecu_canbus,bit_flip_low,detection,0.0136,True
327e616712ed,budapest_QUALI,speed_alt,schema_drift,detection,0.0101,True
d3133be95441,budapest_QUALI,engine_temp,string_in_numeric,detection,0.0047,True
fba8aacf4b15,budapest_QUALI,speed,bit_flip_low,detection,0.0139,True
f7304816f36f,budapest_QUALI,throttle,bit_flip_low,detection,0.0133,True
8449945182e5,budapest_QUALI,ecu_canbus,string_in_numeric,detection,0.0046,True
347235a134f3,budapest_QUALI,throttle_canbus,schema_drift,detection,0.0102,True
95232df42cd2,budapest_QUALI,engine_temp,bit_flip_low,detection,0.013,True
b8b6c65d4eb3,budapest_QUALI,heart_rate,string_in_numeric,detection,0.0063,True
6f7d74ec2efe,budapest_QUALI,aero_load,bit_flip_low,detection,0.0133,True
4dfdd94616e0,budapest_QUALI,throttle,string_in_numeric,detection,0.0054,True
0eb48b060ca0,budapest_QUALI,heart_rate,bit_flip_high,detection,0.0144,True
837903e46491,budapest_QUALI,tyre_pressure,null_value,detection,0.0075,True
54a412886bca,budapest_QUALI,aero_load,bit_flip_high,detection,0.0139,True
00682b714547,budapest_QUALI,g_force_lateral,sensor_dropout,detection,0.0075,True
9d0c5250cd01,budapest_QUALI,speed,null_value,detection,0.0076,True
500c6e235f9c,budapest_QUALI,aero_load,string_in_numeric,detection,0.0049,True
2f009093892d,budapest_QUALI,ecu_canbus_canbus,schema_drift,detection,0.0101,True
29ed7386f057,budapest_QUALI,throttle,bit_flip_low,detection,0.0217,True
f97474ddd545,budapest_QUALI,heart_rate_new,schema_drift,detection,0.0127,True
dfc1aa574298,budapest_QUALI,speed,string_in_numeric,detection,0.0052,True
3ee9556847be,budapest_QUALI,g_force_lateral,bit_flip_low,detection,0.0133,True
c4624ec7f193,budapest_QUALI,throttle,bit_flip_low,detection,0.0131,True
2f5729ce0a45,budapest_QUALI,speed,null_value,detection,0.0078,True
cac191f49dc4,budapest_QUALI,engine_temp,duplicate_timestamp,detection,0.0082,True
a61cec66a5b4,budapest_QUALI,aero_load,bit_flip_low,detection,0.0139,True
123a86a8739c,budapest_QUALI,throttle,bit_flip_high,detection,0.0136,True
85d45139a21f,budapest_QUALI,engine_temp,sensor_dropout,detection,0.0078,True
36104d613db5,budapest_QUALI,throttle_new,schema_drift,detection,0.0099,True
9b0c8b02dd04,budapest_QUALI,speed,string_in_numeric,detection,0.0049,True
b427385aabae,budapest_QUALI,rpm_alt,schema_drift,detection,0.0114,True
9e8c070b8466,budapest_QUALI,brake_temp,bit_flip_low,detection,0.0135,True
b50733afe3fc,budapest_QUALI,engine_temp,null_value,detection,0.0078,True
48d3d9beb9ff,budapest_QUALI,rpm_new,schema_drift,detection,0.0102,True
5cab9e7c1338,budapest_QUALI,speed,bit_flip_high,detection,0.0138,True
2506bdd6b6ef,budapest_QUALI,throttle,bit_flip_high,detection,0.0131,True
7335df5756bd,budapest_QUALI,ecu_canbus,duplicate_timestamp,detection,0.0086,True
055456daae6c,budapest_QUALI,speed,bit_flip_high,detection,0.0141,True
5e7f4bbaf965,budapest_QUALI,brake_temp_alt,schema_drift,detection,0.0092,True
47fd31fe14b8,budapest_QUALI,g_force_lateral,string_in_numeric,detection,0.0055,True
f0031ee089bd,budapest_QUALI,speed,duplicate_timestamp,detection,0.0086,True
27480351ef93,budapest_QUALI,brake_temp,string_in_numeric,detection,0.0048,True
004899613f6e,budapest_QUALI,rpm,bit_flip_high,detection,0.0133,True
cbcc76eed71c,budapest_QUALI,ecu_canbus,duplicate_timestamp,detection,0.0083,True
0786972cc09f,budapest_QUALI,brake_temp,sensor_dropout,detection,0.0081,True
b74e3739ad77,budapest_QUALI,heart_rate,sensor_dropout,detection,0.0072,True
6d8ce2a989c6,budapest_QUALI,rpm_canbus,schema_drift,detection,0.0108,True
bf451f5e1d31,budapest_QUALI,speed,bit_flip_high,detection,0.014,True
5836f59bbd88,budapest_QUALI,rpm_canbus,schema_drift,detection,0.0105,True
df03d3c2df79,budapest_QUALI,throttle_new,schema_drift,detection,0.01,True
ec23f31ddb72,budapest_QUALI,speed,string_in_numeric,detection,0.0051,True
6bad54dea88d,budapest_QUALI,tyre_pressure,null_value,detection,0.0078,True
d39cb4bf8b1c,budapest_QUALI,ecu_canbus,null_value,detection,0.0073,True
062fe1969569,budapest_QUALI,engine_temp,string_in_numeric,detection,0.0048,True
ba067eab14e4,budapest_QUALI,tyre_pressure_new,schema_drift,detection,0.0096,True
9669209efde1,budapest_QUALI,throttle,bit_flip_low,detection,0.0132,True
2d5a523ca783,budapest_QUALI,tyre_pressure,duplicate_timestamp,detection,0.0087,True
018466a5a3a2,budapest_QUALI,ecu_canbus_raw,schema_drift,detection,0.0104,True
77f751b037d6,budapest_QUALI,throttle,duplicate_timestamp,detection,0.0085,True
f5344b4accfc,budapest_QUALI,engine_temp_new,schema_drift,detection,0.0091,True
cc35bd76e5ed,budapest_QUALI,brake_temp,bit_flip_low,detection,0.0127,True
730005bd8b7b,budapest_QUALI,aero_load,sensor_dropout,detection,0.0118,True
163ee3c5e64f,budapest_QUALI,ecu_canbus,null_value,detection,0.0101,True
7d250ea9efa6,budapest_QUALI,rpm,bit_flip_high,detection,0.0154,True
44df1f6e99c0,budapest_QUALI,brake_temp,bit_flip_high,detection,0.0141,True
2bb507418d60,budapest_QUALI,tyre_pressure_raw,schema_drift,detection,0.0098,True
2f74c6586832,budapest_QUALI,engine_temp,bit_flip_low,detection,0.0129,True
497e8c072975,budapest_QUALI,engine_temp_alt,schema_drift,detection,0.0099,True
1c8b22baaec2,budapest_QUALI,rpm_raw,schema_drift,detection,0.0098,True
3a5207e1aa5e,budapest_QUALI,aero_load,sensor_dropout,detection,0.0263,True
5d89a867f88e,budapest_QUALI,aero_load,string_in_numeric,detection,0.005,True
ce91c52c5e57,budapest_QUALI,ecu_canbus,bit_flip_low,detection,0.0133,True
6443ba4e150a,budapest_QUALI,rpm,null_value,detection,0.0077,True
069e9a114f09,budapest_QUALI,brake_temp,bit_flip_low,detection,0.0131,True
7714c481f31f,budapest_QUALI,aero_load,string_in_numeric,detection,0.0047,True
47348882ee00,budapest_QUALI,tyre_pressure,null_value,detection,0.0081,True
d510c44c622f,budapest_QUALI,brake_temp,null_value,detection,0.0142,True
4635929149ac,budapest_QUALI,engine_temp,bit_flip_low,detection,0.0133,True
fd914e2df93f,budapest_QUALI,heart_rate,sensor_dropout,detection,0.0093,True
37d0c22cd332,budapest_QUALI,g_force_lateral_new,schema_drift,detection,0.0108,True
e3cb0c3c4aec,budapest_QUALI,tyre_pressure,bit_flip_low,detection,0.0124,True
8d8a247e4cfa,budapest_QUALI,throttle,sensor_dropout,detection,0.0077,True
91fc13c342c1,budapest_QUALI,g_force_lateral,bit_flip_high,detection,0.0125,True
25f75e1872f1,budapest_QUALI,throttle,null_value,detection,0.0076,True
a7d8e0e2f4fd,budapest_QUALI,tyre_pressure,sensor_dropout,detection,0.0074,True
f85d086af4dd,budapest_QUALI,ecu_canbus,string_in_numeric,detection,0.0068,True
4000685ee5f1,budapest_QUALI,engine_temp_alt,schema_drift,detection,0.0096,True
e58c26faf4d4,budapest_QUALI,tyre_pressure,duplicate_timestamp,detection,0.0115,True
6167118f445e,budapest_QUALI,speed,null_value,detection,0.0088,True
a2bc30e97209,budapest_QUALI,rpm,null_value,detection,0.0075,True
a2db0751f07e,budapest_QUALI,aero_load,bit_flip_high,detection,0.0131,True
a86e2cdc4f9b,budapest_QUALI,tyre_pressure,string_in_numeric,detection,0.0051,True
e87db02acc76,budapest_QUALI,rpm,string_in_numeric,detection,0.0047,True
85a599deed44,budapest_QUALI,throttle,sensor_dropout,detection,0.0073,True
e435b46e2864,budapest_QUALI,aero_load,sensor_dropout,detection,0.0076,True
c308586ab355,budapest_QUALI,engine_temp,sensor_dropout,detection,0.0075,True
b4f7a71d83d3,budapest_QUALI,g_force_lateral,string_in_numeric,detection,0.0046,True
8b39f0a305d7,budapest_QUALI,g_force_lateral,bit_flip_high,detection,0.0133,True
f6379eb7a4c9,budapest_QUALI,rpm_new,schema_drift,detection,0.0097,True
449dd4778b9c,budapest_QUALI,heart_rate,duplicate_timestamp,detection,0.0082,True
0113cb33f42b,budapest_QUALI,tyre_pressure,string_in_numeric,detection,0.0047,True
9200d09bc05f,budapest_QUALI,g_force_lateral,bit_flip_high,detection,0.0127,True
b76110349c12,budapest_QUALI,heart_rate_raw,schema_drift,detection,0.0125,True
b2294293eb69,budapest_QUALI,brake_temp,bit_flip_high,detection,0.0124,True
5ab1e7ede109,budapest_QUALI,tyre_pressure_raw,schema_drift,detection,0.009,True
bf1edd6cc2a1,budapest_QUALI,brake_temp_raw,schema_drift,detection,0.0095,True
e0bfb3691fbf,budapest_QUALI,engine_temp,bit_flip_high,detection,0.0132,True
5c77a6940993,budapest_QUALI,engine_temp,null_value,detection,0.0073,True
9880894df638,budapest_QUALI,heart_rate,null_value,detection,0.0073,True
4a09389e8b2d,budapest_QUALI,rpm,null_value,detection,0.0073,True
87b3e4347585,budapest_QUALI,rpm,string_in_numeric,detection,0.0046,True
5502e73844d8,budapest_QUALI,rpm_canbus,schema_drift,detection,0.0095,True
097624dd89e4,budapest_QUALI,engine_temp,null_value,detection,0.0135,True
c9a76d343a29,budapest_QUALI,speed,sensor_dropout,detection,0.0113,True
2d3fdf5c4c8e,budapest_QUALI,ecu_canbus,bit_flip_high,detection,0.0184,True
b87615362769,budapest_QUALI,heart_rate,string_in_numeric,detection,0.0069,True
e72c6283f575,budapest_QUALI,ecu_canbus_v2,schema_drift,detection,0.0149,True
d2077d0d8cd7,budapest_QUALI,g_force_lateral_canbus,schema_drift,detection,0.0135,True
410c9c70c147,budapest_QUALI,g_force_lateral,bit_flip_low,detection,0.0174,True
71670aecb76e,budapest_QUALI,engine_temp,string_in_numeric,detection,0.0066,True
810bf36c41f3,budapest_QUALI,tyre_pressure,duplicate_timestamp,detection,0.0123,True
f625c0bb80f0,budapest_QUALI,brake_temp,bit_flip_high,detection,0.0183,True
1292c06b031b,budapest_QUALI,tyre_pressure,string_in_numeric,detection,0.0068,True
be74d33719d8,budapest_QUALI,rpm,duplicate_timestamp,detection,0.0119,True
1e5a6644dde7,budapest_QUALI,throttle,bit_flip_low,detection,0.0188,True
fbabdcc90ab4,budapest_QUALI,tyre_pressure,bit_flip_high,detection,0.0179,True
b216a75a7c3b,budapest_QUALI,ecu_canbus,string_in_numeric,detection,0.0067,True
5762eefb5bd0,budapest_QUALI,aero_load,string_in_numeric,detection,0.006,True
14759bab3b23,budapest_QUALI,g_force_lateral,null_value,detection,0.0081,True
9cc7f56f1f4b,budapest_QUALI,engine_temp,sensor_dropout,detection,0.008,True
fe6c790bfe28,budapest_QUALI,aero_load_new,schema_drift,detection,0.0106,True
8db2a87a9949,budapest_QUALI,ecu_canbus,string_in_numeric,detection,0.0051,True
5c1b91167109,budapest_QUALI,speed,duplicate_timestamp,detection,0.0093,True
f2dc4ee160c0,budapest_QUALI,g_force_lateral,bit_flip_low,detection,0.0141,True
f2f1e958d53e,budapest_QUALI,aero_load,null_value,detection,0.0099,True
7552a5b356ab,budapest_QUALI,speed,bit_flip_low,detection,0.0175,True
a76cbfb1feeb,budapest_QUALI,throttle,sensor_dropout,detection,0.0102,True
b2976309b87a,budapest_QUALI,heart_rate,bit_flip_high,detection,0.0175,True
b56b9ee88bd4,budapest_QUALI,rpm,null_value,detection,0.008,True
b179d74a8402,budapest_QUALI,throttle,duplicate_timestamp,detection,0.0108,True
803f8ab7c99e,budapest_QUALI,g_force_lateral,string_in_numeric,detection,0.0061,True
bb2f535f3264,budapest_QUALI,aero_load,duplicate_timestamp,detection,0.0095,True
3dd8379297fc,budapest_QUALI,throttle,bit_flip_high,detection,0.0137,True
dd2e2fcc6c5d,budapest_QUALI,speed,sensor_dropout,detection,0.0081,True
0df300378e30,budapest_QUALI,engine_temp,bit_flip_low,detection,0.0241,True
57a799b3e8d4,budapest_QUALI,aero_load,bit_flip_low,detection,0.0245,True
1f6d906b48ac,budapest_QUALI,aero_load,sensor_dropout,detection,0.0086,True
77f9daac56db,budapest_QUALI,tyre_pressure,sensor_dropout,detection,0.0087,True
a426348d7806,budapest_QUALI,heart_rate_v2,schema_drift,detection,0.0117,True
a54016b51db1,budapest_QUALI,speed,null_value,detection,0.0078,True
1240c564ea9b,budapest_QUALI,throttle,string_in_numeric,detection,0.0074,True
e1bbfc032505,budapest_QUALI,tyre_pressure_canbus,schema_drift,detection,0.011,True
6e3fe9dd9f5c,budapest_QUALI,brake_temp,string_in_numeric,detection,0.0055,True
a4016a4559d4,budapest_QUALI,g_force_lateral,sensor_dropout,detection,0.008,True
ae2185ea4b47,budapest_QUALI,heart_rate,sensor_dropout,detection,0.0076,True
7910c2c3a0ee,budapest_QUALI,speed,null_value,detection,0.0074,True
21d567ae5163,budapest_QUALI,aero_load,string_in_numeric,detection,0.005,True
cb65c76f75dd,budapest_QUALI,tyre_pressure,null_value,detection,0.0083,True
c78b2df0a782,budapest_QUALI,engine_temp_alt,schema_drift,detection,0.0116,True
da1fb6a00f20,budapest_QUALI,speed,null_value,detection,0.0103,True
82a25b22788b,budapest_QUALI,brake_temp,duplicate_timestamp,detection,0.0107,True
15fcbea0d38f,budapest_QUALI,throttle,duplicate_timestamp,detection,0.0084,True
8ec49925ae1d,budapest_QUALI,aero_load_raw,schema_drift,detection,0.0098,True
ce454aed8585,budapest_QUALI,heart_rate,bit_flip_high,detection,0.02,True
e94a403189d2,budapest_QUALI,heart_rate,sensor_dropout,detection,0.0108,True
4b3aa083fde3,budapest_QUALI,g_force_lateral,bit_flip_high,detection,0.0149,True
37743f77e32b,budapest_QUALI,throttle,string_in_numeric,detection,0.005,True
1937fd06c3c7,budapest_QUALI,engine_temp_raw,schema_drift,detection,0.0117,True
a52ff50f4b35,budapest_QUALI,heart_rate_raw,schema_drift,detection,0.0097,True
bf22e006a0bb,budapest_QUALI,g_force_lateral,string_in_numeric,detection,0.0049,True
58921c2a4407,budapest_QUALI,g_force_lateral_alt,schema_drift,detection,0.0112,True
03ec954124fd,budapest_QUALI,aero_load,bit_flip_low,detection,0.0137,True
a2ee83e33815,budapest_QUALI,tyre_pressure,bit_flip_high,detection,0.0128,True
0f33775fc2ba,budapest_QUALI,ecu_canbus,duplicate_timestamp,detection,0.0086,True
d991043c8612,budapest_QUALI,g_force_lateral,null_value,detection,0.0079,True
d7d9655743c7,budapest_QUALI,engine_temp,bit_flip_high,detection,0.013,True
44d03a033166,budapest_QUALI,g_force_lateral,bit_flip_low,detection,0.0124,True
b77c68675a32,budapest_QUALI,speed,null_value,detection,0.0076,True
9e676230469f,budapest_QUALI,brake_temp,duplicate_timestamp,detection,0.0085,True
fa6af3d871a4,budapest_QUALI,rpm,string_in_numeric,detection,0.0047,True
95477eb3c33c,budapest_QUALI,throttle,duplicate_timestamp,detection,0.0089,True
d72b1cbe513b,budapest_QUALI,tyre_pressure_v2,schema_drift,detection,0.0126,True
a8279af6bcde,budapest_QUALI,aero_load,string_in_numeric,detection,0.0063,True
a625093c69d4,budapest_QUALI,engine_temp_new,schema_drift,detection,0.0125,True
a2932279128f,budapest_QUALI,heart_rate,string_in_numeric,detection,0.005,True
6810f42cd4f6,budapest_QUALI,engine_temp,string_in_numeric,detection,0.005,True
ba3f60bb31e7,budapest_QUALI,heart_rate_new,schema_drift,detection,0.01,True
cf99c3c53bac,budapest_QUALI,throttle,sensor_dropout,detection,0.0078,True
324f840fc5d5,budapest_QUALI,tyre_pressure,string_in_numeric,detection,0.0058,True
e3fad265cea5,budapest_QUALI,g_force_lateral_alt,schema_drift,detection,0.0101,True
9c7300af4aaf,budapest_QUALI,speed,null_value,detection,0.0078,True
f251f9b8e776,budapest_QUALI,engine_temp,bit_flip_high,detection,0.0131,True
c2ce8563c109,budapest_QUALI,ecu_canbus,null_value,detection,0.0075,True
2308f479e1b9,budapest_QUALI,throttle,sensor_dropout,detection,0.0081,True
79edc2b1ccd6,budapest_QUALI,brake_temp,bit_flip_low,detection,0.0149,True
4549b6c05156,budapest_QUALI,ecu_canbus,string_in_numeric,detection,0.0053,True
95d89cb70b2b,budapest_QUALI,throttle,bit_flip_high,detection,0.0139,True
19a717dde046,budapest_QUALI,rpm,string_in_numeric,detection,0.0047,True
b8549c8bc8e9,budapest_QUALI,tyre_pressure,sensor_dropout,detection,0.0081,True
8e1919f4e647,budapest_QUALI,ecu_canbus,null_value,detection,0.0076,True
85c722f5e3b3,budapest_QUALI,speed,sensor_dropout,detection,0.0076,True
98668bea0257,budapest_QUALI,brake_temp,string_in_numeric,detection,0.0049,True
6d191444d96c,budapest_QUALI,ecu_canbus,bit_flip_high,detection,0.0137,True
1087205e2669,budapest_QUALI,throttle,duplicate_timestamp,detection,0.0089,True
893f813c0964,budapest_QUALI,engine_temp,string_in_numeric,detection,0.005,True
975d112a7b22,budapest_QUALI,speed,null_value,detection,0.0081,True
21c1d793b94e,budapest_QUALI,brake_temp,null_value,detection,0.008,True
ed1be9e3b2d3,budapest_QUALI,tyre_pressure,duplicate_timestamp,detection,0.009,True
55c48dfed274,budapest_QUALI,speed_new,schema_drift,detection,0.0098,True
8cde7f314b0f,budapest_QUALI,heart_rate,string_in_numeric,detection,0.0046,True
3a6bf6476ba2,budapest_QUALI,speed,bit_flip_high,detection,0.0134,True
b7912f5ae08b,budapest_QUALI,speed,string_in_numeric,detection,0.0048,True
40d493c3fdc5,budapest_QUALI,speed,string_in_numeric,detection,0.0051,True
38a63b2cc624,budapest_QUALI,brake_temp,sensor_dropout,detection,0.0079,True
3cefcde2eda2,budapest_QUALI,speed,bit_flip_high,detection,0.0134,True
e311c58afdb6,budapest_QUALI,rpm,string_in_numeric,detection,0.0048,True
5dbf04b60063,budapest_QUALI,throttle,null_value,detection,0.0082,True
93904a5a2e62,budapest_QUALI,aero_load,bit_flip_high,detection,0.0133,True
c75fe3411b30,budapest_QUALI,throttle,bit_flip_high,detection,0.0135,True
f7a4de833b9c,budapest_QUALI,tyre_pressure,null_value,detection,0.0078,True
1a96d38c45c8,budapest_QUALI,engine_temp,bit_flip_high,detection,0.0129,True
993396fa63b0,budapest_QUALI,ecu_canbus,sensor_dropout,detection,0.0079,True
e101b03ee8e8,budapest_QUALI,throttle,string_in_numeric,detection,0.0049,True
cd3bd479506f,budapest_QUALI,throttle,sensor_dropout,detection,0.0078,True
3c7e92477dce,budapest_QUALI,ecu_canbus,sensor_dropout,detection,0.0082,True
6c9432950e34,budapest_QUALI,speed,null_value,detection,0.0074,True
ac6eb3264e91,budapest_QUALI,engine_temp,duplicate_timestamp,detection,0.0085,True
55d228d649d6,budapest_QUALI,engine_temp_raw,schema_drift,detection,0.0111,True
428e5d3e4216,budapest_QUALI,heart_rate,null_value,detection,0.0078,True
def1081784d1,budapest_QUALI,throttle,string_in_numeric,detection,0.0049,True
497e518735dd,budapest_QUALI,speed,duplicate_timestamp,detection,0.0087,True
1e61548ab204,budapest_QUALI,engine_temp,sensor_dropout,detection,0.0074,True
28f177fd3f4b,budapest_QUALI,tyre_pressure,string_in_numeric,detection,0.0049,True
87cfc25b7dbb,budapest_QUALI,throttle_raw,schema_drift,detection,0.0095,True
6d1efd4ffd8c,budapest_QUALI,heart_rate,bit_flip_low,detection,0.0126,True
f004fd250aed,budapest_QUALI,g_force_lateral,null_value,detection,0.0079,True
1cb9d2b5f21b,budapest_QUALI,ecu_canbus,duplicate_timestamp,detection,0.0088,True
293288c90972,budapest_QUALI,throttle,bit_flip_high,detection,0.0136,True
f91e195378bf,budapest_QUALI,ecu_canbus,duplicate_timestamp,detection,0.0081,True
5ae355ea9ea1,budapest_QUALI,rpm,string_in_numeric,detection,0.0051,True
c104a5d90b95,budapest_QUALI,throttle,string_in_numeric,detection,0.0045,True
94ea987508be,budapest_QUALI,g_force_lateral,bit_flip_low,detection,0.0126,True
1b6f465aaa59,budapest_QUALI,throttle,sensor_dropout,detection,0.0091,True
fcfa8a649a62,budapest_QUALI,engine_temp,string_in_numeric,detection,0.0059,True
fd4502b484ad,budapest_QUALI,tyre_pressure,string_in_numeric,detection,0.0065,True
8416879197c4,budapest_QUALI,aero_load,string_in_numeric,detection,0.0048,True
dec2a041167d,budapest_QUALI,aero_load,string_in_numeric,detection,0.0069,True
9804228e6976,budapest_QUALI,tyre_pressure,string_in_numeric,detection,0.006,True
63959ead2068,budapest_QUALI,speed,duplicate_timestamp,detection,0.0095,True
053b8c107031,budapest_QUALI,brake_temp,bit_flip_high,detection,0.014,True
7fa65bf4ef4f,budapest_QUALI,heart_rate,string_in_numeric,detection,0.0075,True
810b1a13f3b0,budapest_QUALI,g_force_lateral_v2,schema_drift,detection,0.014,True
f81ceb06d744,budapest_QUALI,throttle,duplicate_timestamp,detection,0.0082,True
d1596ee1a48b,budapest_QUALI,rpm,bit_flip_low,detection,0.0129,True
fbbe61bb8b53,budapest_QUALI,speed,sensor_dropout,detection,0.0087,True
92b4aedffa21,budapest_QUALI,g_force_lateral,sensor_dropout,detection,0.0084,True
ec42bf3c35e7,budapest_QUALI,engine_temp,sensor_dropout,detection,0.0077,True
8e71ca9bbae0,budapest_QUALI,rpm,bit_flip_high,detection,0.0133,True
d884eaf2f5b3,budapest_QUALI,aero_load,bit_flip_high,detection,0.0124,True
ed2100a8acd2,budapest_QUALI,g_force_lateral,bit_flip_high,detection,0.0129,True
5d39bb4a5fea,budapest_QUALI,rpm,string_in_numeric,detection,0.0047,True
e74edb7e9d55,budapest_QUALI,aero_load,string_in_numeric,detection,0.0045,True
e0aba1710b57,budapest_QUALI,tyre_pressure,string_in_numeric,detection,0.0046,True
05f4e7e3c2e4,budapest_QUALI,throttle,bit_flip_low,detection,0.0137,True
52d6b1c61f98,budapest_QUALI,aero_load,bit_flip_low,detection,0.0129,True
27d4b0fdc5bb,budapest_QUALI,rpm,string_in_numeric,detection,0.0047,True
9346db8945b9,budapest_QUALI,aero_load,bit_flip_high,detection,0.0131,True
f0d509b822f1,budapest_QUALI,g_force_lateral,bit_flip_high,detection,0.0131,True
123078704adf,budapest_QUALI,brake_temp,bit_flip_low,detection,0.0124,True
4aac5ebed2b8,budapest_QUALI,ecu_canbus,string_in_numeric,detection,0.008,True
1984df5eb9e4,budapest_QUALI,ecu_canbus_canbus,schema_drift,detection,0.0125,True
8ab0b3a3ad43,budapest_QUALI,brake_temp,null_value,detection,0.0074,True
34bdeda529a2,budapest_QUALI,tyre_pressure,bit_flip_high,detection,0.0127,True
abdb2e337cd2,budapest_QUALI,heart_rate,string_in_numeric,detection,0.0047,True
a88cf5cae2e6,budapest_QUALI,rpm,bit_flip_high,detection,0.013,True
16b7a8a0240f,budapest_QUALI,brake_temp,sensor_dropout,detection,0.0075,True
0010f05c4cee,budapest_QUALI,ecu_canbus,sensor_dropout,detection,0.0077,True
6ab9e321b05a,budapest_QUALI,speed_raw,schema_drift,detection,0.0095,True
e046c2910839,budapest_QUALI,throttle,duplicate_timestamp,detection,0.0082,True
41831fc2cdb9,budapest_QUALI,rpm,duplicate_timestamp,detection,0.008,True
b24d5ca79db6,budapest_QUALI,brake_temp,duplicate_timestamp,detection,0.0083,True
211b0afce0f9,budapest_QUALI,ecu_canbus,bit_flip_high,detection,0.0132,True
ef5e9a75793c,budapest_QUALI,heart_rate,sensor_dropout,detection,0.0074,True
7db418b93a31,budapest_QUALI,engine_temp,sensor_dropout,detection,0.0082,True
826fc67ea982,budapest_QUALI,aero_load,duplicate_timestamp,detection,0.0092,True
49a636d0cfbb,budapest_QUALI,engine_temp,sensor_dropout,detection,0.0074,True
e04e15d3af2f,budapest_QUALI,engine_temp,null_value,detection,0.0078,True
7ee73795561d,budapest_QUALI,brake_temp,bit_flip_high,detection,0.0132,True
5982e54867b0,budapest_QUALI,brake_temp,string_in_numeric,detection,0.0048,True
a9e2c840e9bc,budapest_QUALI,engine_temp,bit_flip_low,detection,0.0132,True
b125482c56d9,budapest_QUALI,throttle,sensor_dropout,detection,0.0079,True
fd6f4a254298,budapest_QUALI,aero_load,sensor_dropout,detection,0.008,True
e27de0358203,budapest_QUALI,engine_temp,string_in_numeric,detection,0.0049,True
cb4b884883ca,budapest_QUALI,ecu_canbus,null_value,detection,0.0077,True
b3dd1303a842,budapest_QUALI,g_force_lateral,string_in_numeric,detection,0.0052,True
3af61d95016e,budapest_QUALI,g_force_lateral,string_in_numeric,detection,0.0049,True
6691cdc2c849,budapest_QUALI,rpm,duplicate_timestamp,detection,0.0091,True
5f1539275034,budapest_QUALI,ecu_canbus,bit_flip_high,detection,0.0133,True
da6debb93782,budapest_QUALI,brake_temp,string_in_numeric,detection,0.0049,True
d9ec325010dc,budapest_QUALI,ecu_canbus,bit_flip_low,detection,0.0127,True
cc577286dd53,budapest_QUALI,heart_rate,duplicate_timestamp,detection,0.0085,True
adcc4979b0b1,budapest_QUALI,throttle,null_value,detection,0.0075,True
5410c94e6701,budapest_QUALI,ecu_canbus,sensor_dropout,detection,0.0076,True
6a73450c33c8,budapest_QUALI,throttle,null_value,detection,0.0075,True
12a1003e9991,budapest_QUALI,engine_temp,duplicate_timestamp,detection,0.0085,True
1137d3b2e370,budapest_QUALI,heart_rate,string_in_numeric,detection,0.0049,True
2f31d3ea83af,budapest_QUALI,aero_load,null_value,detection,0.0073,True
b0b77124f904,budapest_QUALI,brake_temp,bit_flip_low,detection,0.0131,True
aba9009089f8,budapest_QUALI,heart_rate,bit_flip_high,detection,0.0124,True
f72de95e1a75,budapest_QUALI,heart_rate,string_in_numeric,detection,0.0051,True
28d5a7f3d3a2,budapest_QUALI,heart_rate,bit_flip_high,detection,0.0128,True
5c269371ff84,budapest_QUALI,tyre_pressure_alt,schema_drift,detection,0.0117,True
423723b1f53a,budapest_QUALI,rpm,string_in_numeric,detection,0.0061,True
9b896757bff7,budapest_QUALI,engine_temp,string_in_numeric,detection,0.0045,True
2a461cd1839a,budapest_QUALI,tyre_pressure,bit_flip_high,detection,0.0125,True
b6f9838f9214,budapest_QUALI,g_force_lateral,bit_flip_low,detection,0.0122,True
0089942a4343,budapest_QUALI,speed,null_value,detection,0.0097,True
ad3401cf1a01,budapest_QUALI,ecu_canbus,duplicate_timestamp,detection,0.0103,True
f9d68b3414c6,budapest_QUALI,throttle,sensor_dropout,detection,0.0078,True
ef18dd91f7d7,budapest_QUALI,aero_load,bit_flip_low,detection,0.0135,True
b2a8dc9ce6f7,budapest_QUALI,throttle,duplicate_timestamp,detection,0.0085,True
100a81b021bb,budapest_QUALI,engine_temp_alt,schema_drift,detection,0.0098,True
8e2dfab7794c,budapest_QUALI,aero_load,duplicate_timestamp,detection,0.0085,True
ff95abc9ba2f,budapest_QUALI,engine_temp_v2,schema_drift,detection,0.0092,True
55f08887c5cb,budapest_QUALI,g_force_lateral,duplicate_timestamp,detection,0.0102,True
8f62cb795209,budapest_QUALI,aero_load,bit_flip_high,detection,0.0135,True
191bae5ae282,budapest_QUALI,rpm,null_value,detection,0.0081,True
2ff07395990d,budapest_QUALI,brake_temp,duplicate_timestamp,detection,0.0087,True
b750404ec051,budapest_QUALI,ecu_canbus,bit_flip_low,detection,0.013,True
00d3dccfc383,budapest_QUALI,g_force_lateral_alt,schema_drift,detection,0.0102,True
7c120a78c1be,budapest_QUALI,tyre_pressure,null_value,detection,0.0081,True
8294d8d4ea34,budapest_QUALI,rpm,string_in_numeric,detection,0.005,True
afceebf658b1,budapest_QUALI,brake_temp,bit_flip_high,detection,0.0182,True
673df1038829,budapest_QUALI,aero_load,string_in_numeric,detection,0.0056,True
4645d3f860b6,budapest_QUALI,rpm,sensor_dropout,detection,0.0077,True
11e0ba28c850,budapest_QUALI,speed_canbus,schema_drift,detection,0.0124,True
370301c48d71,budapest_QUALI,rpm,bit_flip_high,detection,0.0169,True
50060b89086f,budapest_QUALI,throttle,bit_flip_low,detection,0.0146,True
c210cb17af22,budapest_QUALI,heart_rate,bit_flip_high,detection,0.0131,True
f90cd7e7667a,budapest_QUALI,rpm_new,schema_drift,detection,0.0105,True
ea15878ed35b,budapest_QUALI,heart_rate,null_value,detection,0.0078,True
dd90e84a31b8,budapest_QUALI,speed,string_in_numeric,detection,0.0052,True
04a2e3fbbf16,budapest_QUALI,rpm,duplicate_timestamp,detection,0.0083,True
0dcead028794,budapest_QUALI,heart_rate,duplicate_timestamp,detection,0.0107,True
eed07ad2656d,budapest_QUALI,speed,string_in_numeric,detection,0.0049,True
14f6b8c3e479,budapest_QUALI,brake_temp,sensor_dropout,detection,0.0082,True
219ca096d4cf,budapest_QUALI,aero_load,bit_flip_low,detection,0.0145,True
fb2ab562839c,budapest_QUALI,heart_rate,duplicate_timestamp,detection,0.0087,True
5ea7d78c82e7,budapest_QUALI,engine_temp_alt,schema_drift,detection,0.0096,True
51b8cbc17cc7,budapest_QUALI,speed_new,schema_drift,detection,0.0098,True
9c629ae4c9a3,budapest_QUALI,throttle,null_value,detection,0.0075,True
d4a2c3e4ce6d,budapest_QUALI,speed,bit_flip_high,detection,0.0156,True
58d1a394a963,budapest_QUALI,brake_temp,duplicate_timestamp,detection,0.0094,True
3911c31444e7,budapest_QUALI,engine_temp_v2,schema_drift,detection,0.0106,True
552315ca74e8,budapest_QUALI,brake_temp,sensor_dropout,detection,0.0081,True
d0e33d84fa2e,budapest_QUALI,g_force_lateral,bit_flip_low,detection,0.0151,True
e4e143484bce,budapest_QUALI,throttle_raw,schema_drift,detection,0.011,True
8dce7ba24272,budapest_QUALI,brake_temp,null_value,detection,0.0084,True
99c5b10bc1f5,budapest_QUALI,ecu_canbus,duplicate_timestamp,detection,0.0089,True
e0655020e40b,budapest_QUALI,engine_temp,bit_flip_high,detection,0.0134,True
3b63df71bf84,budapest_QUALI,ecu_canbus,duplicate_timestamp,detection,0.0089,True
2a779de89720,budapest_QUALI,brake_temp,string_in_numeric,detection,0.0051,True
9b445b5aec31,budapest_QUALI,ecu_canbus,null_value,detection,0.0087,True
b96d6480409a,budapest_QUALI,engine_temp,null_value,detection,0.0077,True
45a6cf17b15a,budapest_QUALI,ecu_canbus,sensor_dropout,detection,0.0075,True
7c97e0130cdd,budapest_QUALI,tyre_pressure,null_value,detection,0.0078,True
a5ef018fba24,budapest_QUALI,engine_temp,bit_flip_high,detection,0.0132,True
025d4b8427fc,budapest_QUALI,speed,null_value,detection,0.0075,True
b50c53c7afa1,budapest_QUALI,rpm_v2,schema_drift,detection,0.0105,True
e8d594ff7b73,budapest_QUALI,throttle_alt,schema_drift,detection,0.0096,True
4bf2a9ebc5f1,budapest_QUALI,engine_temp,bit_flip_low,detection,0.0129,True
b716ece2b720,budapest_QUALI,ecu_canbus,bit_flip_low,detection,0.0128,True
371e748cb23f,budapest_QUALI,throttle,null_value,detection,0.0077,True
97a4bf023959,budapest_QUALI,heart_rate,sensor_dropout,detection,0.0075,True
dfb97647a740,budapest_QUALI,heart_rate,duplicate_timestamp,detection,0.0124,True
ec23cbaae09b,budapest_QUALI,throttle,duplicate_timestamp,detection,0.0089,True
6d62f8a03fb6,budapest_QUALI,throttle,bit_flip_low,detection,0.0132,True
badbc01908c6,budapest_QUALI,heart_rate,sensor_dropout,detection,0.0076,True
aa3a0db54a34,budapest_QUALI,brake_temp,bit_flip_high,detection,0.0142,True
29c60b285397,budapest_QUALI,aero_load_alt,schema_drift,detection,0.0105,True
de222812d35d,budapest_QUALI,ecu_canbus,duplicate_timestamp,detection,0.0087,True
3dab49425150,budapest_QUALI,ecu_canbus,null_value,detection,0.0079,True
d828d1abb8fa,budapest_QUALI,throttle,duplicate_timestamp,detection,0.0084,True
3ccf89e77364,budapest_QUALI,aero_load,bit_flip_high,detection,0.0128,True
70a598e12e59,budapest_QUALI,ecu_canbus,sensor_dropout,detection,0.0079,True
2341ad31adfc,budapest_QUALI,speed,bit_flip_low,detection,0.0213,True
970e690c0e8f,budapest_QUALI,engine_temp,null_value,detection,0.0112,True
871429f8f26f,budapest_QUALI,tyre_pressure_alt,schema_drift,detection,0.0136,True
0d5bb4a26b7d,budapest_QUALI,rpm,bit_flip_high,detection,0.0192,True
4b0c0bd40d72,budapest_QUALI,ecu_canbus,string_in_numeric,detection,0.0048,True
48179cae34c4,budapest_QUALI,brake_temp,bit_flip_high,detection,0.0125,True
e96a8d45bd82,budapest_QUALI,g_force_lateral,duplicate_timestamp,detection,0.0085,True
be3883312dd8,budapest_QUALI,brake_temp,null_value,detection,0.0075,True
435bc38bff13,budapest_QUALI,g_force_lateral,null_value,detection,0.0077,True
0438fd97189d,budapest_QUALI,aero_load,string_in_numeric,detection,0.0076,True
b3d4b19c6a52,budapest_QUALI,heart_rate,null_value,detection,0.0091,True
ea10bed6946a,budapest_QUALI,aero_load,sensor_dropout,detection,0.008,True
3a3ee87ccb0c,budapest_RACE,ecu_canbus,null_value,detection,0.0103,True
eb28fd31043a,budapest_RACE,tyre_pressure,sensor_dropout,detection,0.0077,True
b0fdde2df605,budapest_RACE,heart_rate,sensor_dropout,detection,0.0082,True
fe8af11b2242,budapest_RACE,heart_rate,string_in_numeric,detection,0.0058,True
304b71fe679e,budapest_RACE,rpm,duplicate_timestamp,detection,0.0092,True
40a4780acc60,budapest_RACE,ecu_canbus,sensor_dropout,detection,0.0089,True
146d39914f43,budapest_RACE,throttle,bit_flip_high,detection,0.0138,True
c97b11b26279,budapest_RACE,ecu_canbus_raw,schema_drift,detection,0.0094,True
cfe5596b9ae4,budapest_RACE,brake_temp,bit_flip_low,detection,0.0125,True
27a7eb6fe22d,budapest_RACE,engine_temp,sensor_dropout,detection,0.0268,True
6dbd7dacb14c,budapest_RACE,rpm,string_in_numeric,detection,0.0061,True
85e5cd67357a,budapest_RACE,rpm_new,schema_drift,detection,0.0099,True
af46eee160fd,budapest_RACE,aero_load,string_in_numeric,detection,0.0053,True
969982a5585a,budapest_RACE,heart_rate,sensor_dropout,detection,0.0088,True
6c74b6a26008,budapest_RACE,speed,bit_flip_low,detection,0.013,True
d5251987126c,budapest_RACE,aero_load,bit_flip_high,detection,0.0135,True
7f59df759b30,budapest_RACE,tyre_pressure,bit_flip_low,detection,0.0122,True
def7c1f3fa4b,budapest_RACE,engine_temp,bit_flip_high,detection,0.0135,True
40f6c6ce9464,budapest_RACE,throttle,null_value,detection,0.0096,True
f194c6001845,budapest_RACE,tyre_pressure_new,schema_drift,detection,0.0096,True
c467de33da10,budapest_RACE,heart_rate,bit_flip_high,detection,0.0159,True
368f33aafd1b,budapest_RACE,brake_temp,duplicate_timestamp,detection,0.0088,True
f59e33f1c449,budapest_RACE,rpm,sensor_dropout,detection,0.0075,True
92db24d2ff83,budapest_RACE,brake_temp,bit_flip_high,detection,0.0129,True
297e471bbe6b,budapest_RACE,aero_load,duplicate_timestamp,detection,0.009,True
441ee600a52d,budapest_RACE,ecu_canbus,duplicate_timestamp,detection,0.0087,True
2be624fe2011,budapest_RACE,throttle,string_in_numeric,detection,0.0058,True
153c6b339470,budapest_RACE,tyre_pressure,bit_flip_low,detection,0.0135,True
1c8fac054548,budapest_RACE,rpm,bit_flip_high,detection,0.0149,True
bed01dca9799,budapest_RACE,rpm_raw,schema_drift,detection,0.0101,True
1f2f832a9e86,budapest_RACE,throttle,bit_flip_low,detection,0.0136,True
67316dbb3362,budapest_RACE,rpm,duplicate_timestamp,detection,0.0097,True
95440cb9a447,budapest_RACE,speed,bit_flip_high,detection,0.0136,True
d0fed9d73a1b,budapest_RACE,throttle,string_in_numeric,detection,0.0058,True
40146893413c,budapest_RACE,brake_temp,duplicate_timestamp,detection,0.0105,True
67de2f085af8,budapest_RACE,g_force_lateral_raw,schema_drift,detection,0.0095,True
209b6031073d,budapest_RACE,tyre_pressure,bit_flip_high,detection,0.0131,True
9b5ee0bbfde2,budapest_RACE,ecu_canbus_raw,schema_drift,detection,0.0101,True
ca423bd1d0e4,budapest_RACE,throttle,bit_flip_low,detection,0.0132,True
18feed1e0636,budapest_RACE,engine_temp,bit_flip_high,detection,0.0138,True
98440a8036d9,budapest_RACE,heart_rate,bit_flip_low,detection,0.0138,True
0ea4ffdeb44e,budapest_RACE,ecu_canbus,duplicate_timestamp,detection,0.0091,True
1ee02b136945,budapest_RACE,rpm_raw,schema_drift,detection,0.0102,True
5816d4fabafb,budapest_RACE,brake_temp,bit_flip_high,detection,0.0132,True
2b36bdada35a,budapest_RACE,ecu_canbus,null_value,detection,0.0078,True
b4faf66f666e,budapest_RACE,speed,string_in_numeric,detection,0.0048,True
89136b9742fe,budapest_RACE,g_force_lateral,string_in_numeric,detection,0.005,True
731367f8bbdf,budapest_RACE,brake_temp,bit_flip_low,detection,0.0135,True
4ec89f91d879,budapest_RACE,ecu_canbus_new,schema_drift,detection,0.0101,True
639cf7a0129c,budapest_RACE,g_force_lateral,bit_flip_high,detection,0.0155,True
39fb1945e7ed,budapest_RACE,aero_load,duplicate_timestamp,detection,0.0088,True
defe23e2e6a4,budapest_RACE,heart_rate,bit_flip_low,detection,0.0123,True
273a0b02c5fe,budapest_RACE,g_force_lateral,string_in_numeric,detection,0.005,True
e1d9d30112f6,budapest_RACE,speed,sensor_dropout,detection,0.0085,True
4071f5764af8,budapest_RACE,g_force_lateral,null_value,detection,0.0104,True
910038386ee5,budapest_RACE,rpm,bit_flip_high,detection,0.0137,True
5a0d97fdfa92,budapest_RACE,heart_rate,sensor_dropout,detection,0.0079,True
7c9c5cc244b4,budapest_RACE,g_force_lateral,string_in_numeric,detection,0.0051,True
0c14992189c6,budapest_RACE,ecu_canbus,string_in_numeric,detection,0.0065,True
0d4198d42c07,budapest_RACE,speed,null_value,detection,0.0077,True
48fc49555e0c,budapest_RACE,throttle,duplicate_timestamp,detection,0.0085,True
0c4137594f73,budapest_RACE,brake_temp,bit_flip_low,detection,0.0153,True
d3cce1108743,budapest_RACE,g_force_lateral_v2,schema_drift,detection,0.0097,True
e047fc45d820,budapest_RACE,heart_rate,string_in_numeric,detection,0.0049,True
393c57f0df03,budapest_RACE,ecu_canbus,sensor_dropout,detection,0.0077,True
0f9ee9f99457,budapest_RACE,speed,null_value,detection,0.0072,True
e5c2ac0164ac,budapest_RACE,tyre_pressure,sensor_dropout,detection,0.0079,True
f302ee604c37,budapest_RACE,g_force_lateral_raw,schema_drift,detection,0.0091,True
e0614fd203a4,budapest_RACE,throttle,string_in_numeric,detection,0.0046,True
d7e3880bd958,budapest_RACE,brake_temp,sensor_dropout,detection,0.0077,True
8023bb1f6010,budapest_RACE,brake_temp,string_in_numeric,detection,0.0046,True
4804687971a0,budapest_RACE,aero_load,string_in_numeric,detection,0.0045,True
8b4070bf992c,budapest_RACE,g_force_lateral,bit_flip_high,detection,0.0135,True
48257989b4b1,budapest_RACE,rpm,bit_flip_low,detection,0.0141,True
8cb8fdb7cf38,budapest_RACE,brake_temp,sensor_dropout,detection,0.008,True
ddee073092bd,budapest_RACE,throttle,bit_flip_high,detection,0.0138,True
ee9afa87873a,budapest_RACE,engine_temp,sensor_dropout,detection,0.0079,True
35af07f41aa7,budapest_RACE,tyre_pressure_raw,schema_drift,detection,0.0101,True
1b8532f5c3fc,budapest_RACE,speed,string_in_numeric,detection,0.0045,True
bb29b155adcf,budapest_RACE,throttle,sensor_dropout,detection,0.0086,True
2aad786081f4,budapest_RACE,heart_rate,duplicate_timestamp,detection,0.0082,True
dc1cefb7b47b,budapest_RACE,g_force_lateral,string_in_numeric,detection,0.0048,True
8b32558feddc,budapest_RACE,speed,sensor_dropout,detection,0.0077,True
5782428d9c8b,budapest_RACE,g_force_lateral,null_value,detection,0.0076,True
665824f44cbf,budapest_RACE,engine_temp,sensor_dropout,detection,0.0079,True
6773e1d9d387,budapest_RACE,rpm,string_in_numeric,detection,0.0056,True
029f875fe7e0,budapest_RACE,tyre_pressure_v2,schema_drift,detection,0.0092,True
01834757c507,budapest_RACE,heart_rate,bit_flip_low,detection,0.0125,True
9beaca56d0d9,budapest_RACE,throttle,bit_flip_high,detection,0.0129,True
d842ca77b43d,budapest_RACE,throttle,bit_flip_low,detection,0.0127,True
fc66de0afa96,budapest_RACE,tyre_pressure,string_in_numeric,detection,0.0177,True
0ed099a08911,budapest_RACE,g_force_lateral,sensor_dropout,detection,0.0079,True
799a85b7db8d,budapest_RACE,aero_load,null_value,detection,0.0074,True
ed3acfea5f91,budapest_RACE,tyre_pressure,null_value,detection,0.0073,True
25a1660b6c71,budapest_RACE,ecu_canbus,sensor_dropout,detection,0.0077,True
9bc01c3f04ed,budapest_RACE,g_force_lateral,bit_flip_low,detection,0.0171,True
0105102e98c7,budapest_RACE,rpm,bit_flip_high,detection,0.0173,True
6f1480840dc2,budapest_RACE,speed,null_value,detection,0.0069,True
77da62cf3a62,budapest_RACE,brake_temp,sensor_dropout,detection,0.0072,True
8425bb99b67b,budapest_RACE,brake_temp,duplicate_timestamp,detection,0.0082,True
27977bf2d2d0,budapest_RACE,heart_rate,null_value,detection,0.0142,True
6b2a25afe31b,budapest_RACE,heart_rate,bit_flip_high,detection,0.0127,True
187c3a2edf38,budapest_RACE,speed,string_in_numeric,detection,0.0051,True
d7f860ebf020,budapest_RACE,speed,null_value,detection,0.0079,True
7b26c4b2c3d5,budapest_RACE,throttle,bit_flip_high,detection,0.0144,True
3dd5baab98ac,budapest_RACE,heart_rate,null_value,detection,0.0077,True
dc6d53e04557,budapest_RACE,rpm,bit_flip_high,detection,0.0138,True
e91c7407faea,budapest_RACE,ecu_canbus,sensor_dropout,detection,0.0101,True
17b442741390,budapest_RACE,throttle,string_in_numeric,detection,0.0241,True
7530eb696756,budapest_RACE,brake_temp,sensor_dropout,detection,0.0073,True
99d8e9e21411,budapest_RACE,speed,null_value,detection,0.0077,True
03b6689f59b0,budapest_RACE,aero_load,bit_flip_high,detection,0.0126,True
62e3bd403bea,budapest_RACE,g_force_lateral_new,schema_drift,detection,0.0091,True
01ac3df12412,budapest_RACE,ecu_canbus,bit_flip_high,detection,0.0123,True
212a47fddd38,budapest_RACE,throttle,bit_flip_low,detection,0.0129,True
77bcc4eb17cf,budapest_RACE,throttle,string_in_numeric,detection,0.0049,True
c6ffde21cb88,budapest_RACE,tyre_pressure_raw,schema_drift,detection,0.0095,True
f6520484a967,budapest_RACE,speed,bit_flip_low,detection,0.013,True
2d47c7eaca32,budapest_RACE,g_force_lateral_canbus,schema_drift,detection,0.0091,True
1588f535e091,budapest_RACE,brake_temp,null_value,detection,0.0072,True
1f9a35ea87df,budapest_RACE,rpm,bit_flip_high,detection,0.0128,True
c57a7d7455a4,budapest_RACE,heart_rate,null_value,detection,0.0088,True
396cf1ee10e3,budapest_RACE,g_force_lateral,string_in_numeric,detection,0.0048,True
e274836babf7,budapest_RACE,heart_rate,bit_flip_high,detection,0.0137,True
c5131bab95ef,budapest_RACE,rpm,duplicate_timestamp,detection,0.0089,True
fb30e179af20,budapest_RACE,g_force_lateral_raw,schema_drift,detection,0.0087,True
c47a60b482c9,budapest_RACE,engine_temp_new,schema_drift,detection,0.0089,True
1a3349a3f433,budapest_RACE,aero_load,duplicate_timestamp,detection,0.0082,True
225142a84834,budapest_RACE,engine_temp,duplicate_timestamp,detection,0.0083,True
445bc7b0b902,budapest_RACE,aero_load,bit_flip_high,detection,0.0127,True
ade765586bb6,budapest_RACE,heart_rate,duplicate_timestamp,detection,0.0091,True
180cc78f22b7,budapest_RACE,speed,duplicate_timestamp,detection,0.0081,True
e9631370093b,budapest_RACE,heart_rate,duplicate_timestamp,detection,0.008,True
7f8c92a3516c,budapest_RACE,g_force_lateral,string_in_numeric,detection,0.0048,True
c03314dffccc,budapest_RACE,g_force_lateral_raw,schema_drift,detection,0.0099,True
ab2e5358cffd,budapest_RACE,throttle_v2,schema_drift,detection,0.0093,True
6d023472f582,budapest_RACE,ecu_canbus,sensor_dropout,detection,0.0073,True
ba1bc2630d87,budapest_RACE,g_force_lateral,duplicate_timestamp,detection,0.0081,True
fbee54bd4313,budapest_RACE,speed,sensor_dropout,detection,0.0076,True
d35879f6f90c,budapest_RACE,heart_rate,null_value,detection,0.0112,True
3c61e51ad23e,budapest_RACE,g_force_lateral,bit_flip_low,detection,0.0149,True
cd430e222ec5,budapest_RACE,throttle,bit_flip_low,detection,0.0146,True
3c2a78d0ac30,budapest_RACE,brake_temp,bit_flip_high,detection,0.0138,True
524754203e5f,budapest_RACE,aero_load,duplicate_timestamp,detection,0.0086,True
f2c3f52c01ba,budapest_RACE,rpm_new,schema_drift,detection,0.0109,True
aefacb53ffb2,budapest_RACE,throttle,bit_flip_low,detection,0.0137,True
77c79a1ed1b6,budapest_RACE,aero_load,bit_flip_low,detection,0.0127,True
72f409801a87,budapest_RACE,rpm,bit_flip_high,detection,0.0128,True
e8c897d16342,budapest_RACE,aero_load,sensor_dropout,detection,0.0074,True
c706dc10d169,budapest_RACE,rpm,string_in_numeric,detection,0.0048,True
c471296ba2bf,budapest_RACE,rpm,duplicate_timestamp,detection,0.0214,True
6a276f7fd9a6,budapest_RACE,brake_temp,duplicate_timestamp,detection,0.0182,True
298105e45cdf,budapest_RACE,speed,string_in_numeric,detection,0.0044,True
c00afad5259e,budapest_RACE,aero_load,bit_flip_high,detection,0.0127,True
f8b2fc539408,budapest_RACE,heart_rate,bit_flip_high,detection,0.0146,True
e0e47a669bba,budapest_RACE,throttle,null_value,detection,0.0078,True
bd558c4104d7,budapest_RACE,brake_temp,string_in_numeric,detection,0.0047,True
0cff59848c3d,budapest_RACE,aero_load,sensor_dropout,detection,0.0076,True
c2323d5c944f,budapest_RACE,tyre_pressure,sensor_dropout,detection,0.0076,True
0c3d4d9e2fdc,budapest_RACE,speed_raw,schema_drift,detection,0.0093,True
973512b58a29,budapest_RACE,heart_rate,bit_flip_low,detection,0.0139,True
6e51999ced69,budapest_RACE,brake_temp_canbus,schema_drift,detection,0.01,True
1f7794d54a5a,budapest_RACE,rpm,sensor_dropout,detection,0.0079,True
fe49687443e0,budapest_RACE,tyre_pressure_canbus,schema_drift,detection,0.0095,True
1076dff60649,budapest_RACE,throttle,bit_flip_low,detection,0.0132,True
cc5b3fdd696d,budapest_RACE,engine_temp,string_in_numeric,detection,0.0048,True
b8b79c460094,budapest_RACE,ecu_canbus,duplicate_timestamp,detection,0.0084,True
0efef7d3bf47,budapest_RACE,ecu_canbus,sensor_dropout,detection,0.01,True
e568f1e04c12,budapest_RACE,throttle,duplicate_timestamp,detection,0.0084,True
aef6d3e2befb,budapest_RACE,ecu_canbus,duplicate_timestamp,detection,0.0085,True
9fa8e80c3422,budapest_RACE,engine_temp,string_in_numeric,detection,0.0044,True
aa23765c8aad,budapest_RACE,ecu_canbus,bit_flip_low,detection,0.0175,True
2196f4fca999,budapest_RACE,aero_load_raw,schema_drift,detection,0.0112,True
d3e0a62c0be4,budapest_RACE,brake_temp,null_value,detection,0.0078,True
8bc151bdd2b0,budapest_RACE,g_force_lateral,duplicate_timestamp,detection,0.0089,True
88e1ca9af976,budapest_RACE,engine_temp_raw,schema_drift,detection,0.0098,True
8666b0d76325,budapest_RACE,ecu_canbus,bit_flip_high,detection,0.0129,True
ca1e9db88edd,budapest_RACE,tyre_pressure,bit_flip_low,detection,0.0122,True
a5af345dc68b,budapest_RACE,ecu_canbus,duplicate_timestamp,detection,0.0115,True
7e0b1c17889c,budapest_RACE,g_force_lateral_v2,schema_drift,detection,0.0094,True
2020de15cf9a,budapest_RACE,rpm,sensor_dropout,detection,0.018,True
b61e43f0609e,budapest_RACE,aero_load,bit_flip_high,detection,0.0136,True
3c5c8c70b105,budapest_RACE,ecu_canbus,bit_flip_high,detection,0.0163,True
a3e1ab3f09b6,budapest_RACE,heart_rate_v2,schema_drift,detection,0.0111,True
763ed43a209e,budapest_RACE,engine_temp,string_in_numeric,detection,0.005,True
31b32a795707,budapest_RACE,heart_rate_v2,schema_drift,detection,0.0092,True
1935afc98893,budapest_RACE,engine_temp,string_in_numeric,detection,0.0046,True
cc86c7e7d53b,budapest_RACE,speed_v2,schema_drift,detection,0.0245,True
e64c5101c169,budapest_RACE,engine_temp,null_value,detection,0.0077,True
292e99d26118,budapest_RACE,ecu_canbus,bit_flip_high,detection,0.0129,False
30eb66d89614,budapest_RACE,tyre_pressure,string_in_numeric,detection,0.0049,True
af021669b1be,budapest_RACE,heart_rate,sensor_dropout,detection,0.0071,True
e984bc859a34,budapest_RACE,ecu_canbus,bit_flip_low,detection,0.009,True
7099f5df98c0,budapest_RACE,engine_temp,null_value,detection,0.0078,True
19d1b184e0d5,budapest_RACE,aero_load,bit_flip_low,detection,0.0136,True
57090c7269dc,budapest_RACE,g_force_lateral,null_value,detection,0.0084,True
710b0378fbbe,budapest_RACE,heart_rate_canbus,schema_drift,detection,0.0099,True
9e32670360d5,budapest_RACE,g_force_lateral,bit_flip_low,detection,0.0128,True
548ce3b4f6ee,budapest_RACE,rpm_alt,schema_drift,detection,0.0099,True
9885549c57a4,budapest_RACE,brake_temp_alt,schema_drift,detection,0.0097,True
3d74ec0c6a91,budapest_RACE,speed,null_value,detection,0.0076,True
cc716e5446b1,budapest_RACE,rpm,bit_flip_low,detection,0.0137,True
a947d520a121,budapest_RACE,brake_temp,bit_flip_high,detection,0.0164,True
964d3edd5195,budapest_RACE,speed,bit_flip_high,detection,0.0179,True
af58ae9a91f5,budapest_RACE,engine_temp_raw,schema_drift,detection,0.0094,True
f96385a35769,budapest_RACE,tyre_pressure,duplicate_timestamp,detection,0.0084,True
1ca9dda0dcf6,budapest_RACE,heart_rate,sensor_dropout,detection,0.0075,True
a1ec8084dfd3,budapest_RACE,speed,sensor_dropout,detection,0.0077,True
900fc3d890d4,budapest_RACE,engine_temp,bit_flip_high,detection,0.0121,True
be36b40c6eb9,budapest_RACE,speed,duplicate_timestamp,detection,0.0084,True
1aeb05a0bf03,budapest_RACE,tyre_pressure,bit_flip_high,detection,0.0128,True
80df2820e8e5,budapest_RACE,g_force_lateral,bit_flip_low,detection,0.0124,True
c06a781e94f3,budapest_RACE,tyre_pressure,bit_flip_low,detection,0.0127,True
215667978630,budapest_RACE,ecu_canbus,bit_flip_high,detection,0.013,True
c5c3acebccc3,budapest_RACE,throttle_canbus,schema_drift,detection,0.01,True
ed150ecf6ccf,budapest_RACE,ecu_canbus_v2,schema_drift,detection,0.0095,True
3f82f56c1e4f,budapest_RACE,ecu_canbus,bit_flip_high,detection,0.0129,True
8bbc629d098a,budapest_RACE,engine_temp_new,schema_drift,detection,0.009,True
e0b288423726,budapest_RACE,ecu_canbus,bit_flip_high,detection,0.0124,True
c78c2ed4bbce,budapest_RACE,aero_load,null_value,detection,0.0073,True
10f0a064f0c5,budapest_RACE,rpm,bit_flip_low,detection,0.0129,True
9939022276de,budapest_RACE,heart_rate,sensor_dropout,detection,0.0074,True
885ee7c49089,budapest_RACE,ecu_canbus,null_value,detection,0.0078,True
c166a03e0c06,budapest_RACE,g_force_lateral,sensor_dropout,detection,0.0074,True
5c7040e1b667,budapest_RACE,g_force_lateral,bit_flip_high,detection,0.0124,True
538a51ebf25a,budapest_RACE,speed,duplicate_timestamp,detection,0.0085,True
7690c489a99b,budapest_RACE,rpm,sensor_dropout,detection,0.01,True
98e189db139c,budapest_RACE,speed,bit_flip_high,detection,0.0152,True
d90111ab68a5,budapest_RACE,aero_load,duplicate_timestamp,detection,0.0091,True
8f580b4c2401,budapest_RACE,g_force_lateral,null_value,detection,0.008,True
71820b70e6a6,budapest_RACE,aero_load,string_in_numeric,detection,0.0051,True
b4a5261a6913,budapest_RACE,heart_rate,null_value,detection,0.0095,True
8efde9eba6e3,budapest_RACE,engine_temp,bit_flip_high,detection,0.0137,True
368540d187d5,budapest_RACE,rpm,sensor_dropout,detection,0.0078,True
1e3db1a26e18,budapest_RACE,speed,bit_flip_high,detection,0.0141,True
d371859b5ce7,budapest_RACE,engine_temp_v2,schema_drift,detection,0.0093,True
72b7fc5977ab,budapest_RACE,tyre_pressure,null_value,detection,0.0078,True
c08adf1103c3,budapest_RACE,heart_rate,bit_flip_high,detection,0.0131,True
e817a99e4c4d,budapest_RACE,ecu_canbus,null_value,detection,0.0084,True
598fc7e1c69c,budapest_RACE,aero_load,string_in_numeric,detection,0.0047,True
03bd0e37509e,budapest_RACE,ecu_canbus_v2,schema_drift,detection,0.0097,True
a4451b4a4cac,budapest_RACE,tyre_pressure,sensor_dropout,detection,0.0079,True
48628c7b96b4,budapest_RACE,speed,sensor_dropout,detection,0.0095,True
399d03aaf8fc,budapest_RACE,rpm,sensor_dropout,detection,0.0078,True
d54e85a8a296,budapest_RACE,brake_temp,bit_flip_low,detection,0.0137,True
cf4c3b6bff01,budapest_RACE,g_force_lateral,null_value,detection,0.0077,True
e1038348a718,budapest_RACE,ecu_canbus,duplicate_timestamp,detection,0.0085,True
57553405f7cf,budapest_RACE,rpm,bit_flip_low,detection,0.0134,True
bf674fda72c0,budapest_RACE,rpm,bit_flip_high,detection,0.0186,True
2d0d3a71fd86,budapest_RACE,throttle,string_in_numeric,detection,0.0067,True
2365223f5538,budapest_RACE,brake_temp,string_in_numeric,detection,0.0046,True
a81c2d61a7fd,budapest_RACE,tyre_pressure,null_value,detection,0.0076,True
b7b10312affa,budapest_RACE,rpm,bit_flip_high,detection,0.0139,True
59e4c845d623,budapest_RACE,brake_temp,sensor_dropout,detection,0.0076,True
b0597a0299f3,budapest_RACE,tyre_pressure,bit_flip_low,detection,0.0123,True
eccee9422a94,budapest_RACE,g_force_lateral,bit_flip_low,detection,0.0134,True
6712a7b38c65,budapest_RACE,tyre_pressure,bit_flip_low,detection,0.0125,True
dc4f6d64b15c,budapest_RACE,ecu_canbus,duplicate_timestamp,detection,0.0084,True
a35d225914cf,budapest_RACE,speed,null_value,detection,0.0084,True
8c8d08eec8bc,budapest_RACE,throttle_alt,schema_drift,detection,0.01,True
0046523cc688,budapest_RACE,g_force_lateral,duplicate_timestamp,detection,0.0087,True
234cac88f033,budapest_RACE,rpm,sensor_dropout,detection,0.008,True
26b5e563703f,budapest_RACE,tyre_pressure_canbus,schema_drift,detection,0.0097,True
947ed8e44565,budapest_RACE,g_force_lateral,null_value,detection,0.0134,True
629bd4c325cb,budapest_RACE,throttle_alt,schema_drift,detection,0.0141,True
958bc98d15c1,budapest_RACE,speed,bit_flip_high,detection,0.0149,True
164cb977ab1b,budapest_RACE,engine_temp,null_value,detection,0.0087,True
2fc9ad05428d,budapest_RACE,tyre_pressure,null_value,detection,0.0075,True
2a20eb27e2bb,budapest_RACE,rpm,bit_flip_high,detection,0.013,True
f9cea0ff32b7,budapest_RACE,g_force_lateral,sensor_dropout,detection,0.0122,True
67288f96d5c4,budapest_RACE,heart_rate,bit_flip_low,detection,0.0178,True
9cbf5d6309f8,budapest_RACE,brake_temp,string_in_numeric,detection,0.007,True
44b4a0019238,budapest_RACE,tyre_pressure,duplicate_timestamp,detection,0.0126,True
4ff6528828b5,budapest_RACE,speed,duplicate_timestamp,detection,0.0119,True
eb6335fd9a31,budapest_RACE,rpm,duplicate_timestamp,detection,0.0118,True
9cf8c2d4048a,budapest_RACE,heart_rate,bit_flip_low,detection,0.0128,True
1fd273d0e0eb,budapest_RACE,brake_temp,string_in_numeric,detection,0.0046,True
60ada5febd32,budapest_RACE,heart_rate,duplicate_timestamp,detection,0.0093,True
aea0ebaa3315,budapest_RACE,engine_temp,bit_flip_low,detection,0.0126,True
f67d58d49d06,budapest_RACE,throttle,sensor_dropout,detection,0.0073,True
d5c18eb92454,budapest_RACE,g_force_lateral,bit_flip_low,detection,0.0121,True
611198995322,budapest_RACE,throttle,null_value,detection,0.0074,True
0de7495e9dc5,budapest_RACE,throttle,bit_flip_high,detection,0.013,True
0c3ff364a0e7,budapest_RACE,tyre_pressure,null_value,detection,0.0075,True
47a303213e9c,budapest_RACE,brake_temp,bit_flip_low,detection,0.0133,True
77bcc34b1907,budapest_RACE,ecu_canbus,duplicate_timestamp,detection,0.0084,True
308d1ba7c8e4,budapest_RACE,speed,string_in_numeric,detection,0.0047,True
f33f8d26e0d2,budapest_RACE,brake_temp,string_in_numeric,detection,0.0048,True
39ec18721d31,budapest_RACE,brake_temp,bit_flip_high,detection,0.0123,True
87e833a0129a,budapest_RACE,throttle,bit_flip_high,detection,0.0125,True
c973274698ed,budapest_RACE,heart_rate,bit_flip_high,detection,0.014,True
2941ebf91b4b,budapest_RACE,throttle,duplicate_timestamp,detection,0.0085,True
44113a721523,budapest_RACE,brake_temp,bit_flip_low,detection,0.0356,True
c381cc6ec75a,budapest_RACE,g_force_lateral,duplicate_timestamp,detection,0.0082,True
892c34b47560,budapest_RACE,speed,null_value,detection,0.0074,True
a7b18ebafb49,budapest_RACE,aero_load,string_in_numeric,detection,0.0046,True
c60e085c9b72,budapest_RACE,g_force_lateral,null_value,detection,0.0078,True
fe9d19f4131f,budapest_RACE,throttle,null_value,detection,0.0074,True
203f6fc2e6fe,budapest_RACE,engine_temp,bit_flip_high,detection,0.0122,True
27dad4b81f34,budapest_RACE,heart_rate,bit_flip_high,detection,0.0118,True
1f7be8c6b8ca,budapest_RACE,rpm,bit_flip_high,detection,0.0131,True
1cb8912f85f3,budapest_RACE,aero_load,bit_flip_low,detection,0.0132,True
18f2bed31398,budapest_RACE,g_force_lateral_new,schema_drift,detection,0.0092,True
38b31285a6fd,budapest_RACE,rpm,string_in_numeric,detection,0.0047,True
7f8a603a67cb,budapest_RACE,engine_temp,duplicate_timestamp,detection,0.0083,True
e23cb60163e5,budapest_RACE,rpm,null_value,detection,0.0075,True
32fa09abd94a,budapest_RACE,brake_temp,duplicate_timestamp,detection,0.0083,True
7b2689e1b916,budapest_RACE,throttle,sensor_dropout,detection,0.0097,True
7967a76f8576,budapest_RACE,aero_load,string_in_numeric,detection,0.0059,True
707ea49d333a,budapest_RACE,heart_rate,bit_flip_low,detection,0.0147,True
e909f1aa0bb7,budapest_RACE,brake_temp,duplicate_timestamp,detection,0.0097,True
aeb7311c19d6,budapest_RACE,heart_rate,null_value,detection,0.0088,True
68446c730cea,budapest_RACE,aero_load,bit_flip_low,detection,0.0131,True
5ab0b685c93f,budapest_RACE,throttle,duplicate_timestamp,detection,0.0108,True
5ff91550980a,budapest_RACE,heart_rate,duplicate_timestamp,detection,0.0108,True
f8e663cf47aa,budapest_RACE,tyre_pressure,string_in_numeric,detection,0.005,True
8b51b2bd3677,budapest_RACE,throttle,duplicate_timestamp,detection,0.0083,True
1be572e0a8c5,budapest_RACE,ecu_canbus_raw,schema_drift,detection,0.0097,True
4859873f7c59,budapest_RACE,heart_rate,bit_flip_low,detection,0.0127,True
f533b57ae9e2,budapest_RACE,brake_temp,bit_flip_low,detection,0.0131,True
66058ff853ff,budapest_RACE,aero_load,bit_flip_high,detection,0.0142,True
7a8d7372c1da,budapest_RACE,ecu_canbus,bit_flip_high,detection,0.014,True
b07f22208db4,budapest_RACE,heart_rate,string_in_numeric,detection,0.0051,True
87f55ffc8e96,budapest_RACE,ecu_canbus,bit_flip_low,detection,0.0129,True
f0131dcb26f4,budapest_RACE,heart_rate,duplicate_timestamp,detection,0.0081,True
b665652269aa,budapest_RACE,throttle,string_in_numeric,detection,0.0048,True
eb9171fb554a,budapest_RACE,engine_temp,sensor_dropout,detection,0.0076,True
e5bf943bf309,budapest_RACE,throttle,bit_flip_low,detection,0.0127,True
a173a1ba1b9f,budapest_RACE,speed,sensor_dropout,detection,0.0073,True
94ef64324ddb,budapest_RACE,g_force_lateral,sensor_dropout,detection,0.0076,True
75d40f8846e3,budapest_RACE,throttle_canbus,schema_drift,detection,0.0101,True
9dfe708073bf,budapest_RACE,tyre_pressure_alt,schema_drift,detection,0.0098,True
fbbe07bd8870,budapest_RACE,brake_temp,sensor_dropout,detection,0.0075,True
a6ff7001212b,budapest_RACE,heart_rate,duplicate_timestamp,detection,0.0083,True
91c7b7f928a7,budapest_RACE,aero_load,bit_flip_high,detection,0.0139,True
ed2aa57c6412,budapest_RACE,speed,duplicate_timestamp,detection,0.0088,True
dea198ae33b9,budapest_RACE,tyre_pressure,string_in_numeric,detection,0.0049,True
4635c0e77c3b,budapest_RACE,brake_temp,string_in_numeric,detection,0.0058,True
551b8fc44199,budapest_RACE,aero_load,sensor_dropout,detection,0.0078,True
fe6d2feebdd0,budapest_RACE,tyre_pressure,bit_flip_low,detection,0.0129,True
d26172a0d675,budapest_RACE,brake_temp,string_in_numeric,detection,0.0048,True
501f4bc8377a,budapest_RACE,brake_temp,sensor_dropout,detection,0.0078,True
802c93204949,budapest_RACE,tyre_pressure,string_in_numeric,detection,0.0048,True
afd4b775bb93,budapest_RACE,ecu_canbus,null_value,detection,0.0084,True
9f033e36e4c0,budapest_RACE,speed,sensor_dropout,detection,0.0073,True
85d0236e98ad,budapest_RACE,rpm_raw,schema_drift,detection,0.0096,True
7de55f4f4c3f,budapest_RACE,speed,sensor_dropout,detection,0.0074,True
36798eb0dfcc,budapest_RACE,rpm,null_value,detection,0.0068,True
4c2a22a660bc,budapest_RACE,brake_temp,sensor_dropout,detection,0.0073,True
8a0a06931747,budapest_RACE,tyre_pressure_alt,schema_drift,detection,0.0094,True
8495509e3407,budapest_RACE,brake_temp,bit_flip_high,detection,0.0128,True
9dbc9b1f59de,budapest_RACE,aero_load,sensor_dropout,detection,0.0081,True
3562cdcd5e53,budapest_RACE,rpm_raw,schema_drift,detection,0.01,True
3f1471eae9d1,budapest_RACE,speed,bit_flip_low,detection,0.0138,True
c2570bd66f66,budapest_RACE,throttle,sensor_dropout,detection,0.0096,True
ea3d880f7bb7,budapest_RACE,engine_temp,bit_flip_high,detection,0.0172,True
ddadb88f8560,budapest_RACE,ecu_canbus,null_value,detection,0.018,True
4b4687a790d5,budapest_RACE,engine_temp,sensor_dropout,detection,0.0077,True
64da45b8333f,budapest_RACE,aero_load,bit_flip_high,detection,0.0453,True
bc57f011b2eb,budapest_RACE,brake_temp,bit_flip_high,detection,0.0127,True
c2e2c62e2d24,budapest_RACE,heart_rate,bit_flip_high,detection,0.0124,True
4e5ad301ea85,budapest_RACE,brake_temp,duplicate_timestamp,detection,0.0096,True
75aa89bd5f55,budapest_RACE,ecu_canbus_canbus,schema_drift,detection,0.0109,True
8927aa38b110,budapest_RACE,heart_rate,bit_flip_high,detection,0.0131,True
637f1833ed63,budapest_RACE,throttle,null_value,detection,0.0076,True
565a7ead5d07,budapest_RACE,tyre_pressure,string_in_numeric,detection,0.0049,True
ad44cc41f380,budapest_RACE,speed,null_value,detection,0.0079,True
4c45ac08b806,budapest_RACE,throttle,bit_flip_high,detection,0.0133,True
76e54d27a8ab,budapest_RACE,throttle,bit_flip_high,detection,0.0126,True
fb24f0bb2fa7,budapest_RACE,tyre_pressure,bit_flip_low,detection,0.0124,True
c763ebf2734b,budapest_RACE,heart_rate,bit_flip_low,detection,0.0139,True
ce1a76a43bfe,budapest_RACE,heart_rate_canbus,schema_drift,detection,0.0114,True
c354e94f209d,budapest_RACE,aero_load,sensor_dropout,detection,0.0083,True
7f67901d1de9,budapest_RACE,throttle,duplicate_timestamp,detection,0.0243,True
29926530077f,budapest_RACE,aero_load,bit_flip_high,detection,0.0138,True
c85fe06e0549,budapest_RACE,throttle,bit_flip_low,detection,0.0163,True
db641f0918c4,budapest_RACE,ecu_canbus,null_value,detection,0.0086,True
851fda99d330,budapest_RACE,heart_rate_v2,schema_drift,detection,0.0099,True
c9b4a9a1707d,budapest_RACE,ecu_canbus,sensor_dropout,detection,0.0095,True
b69860cd3c67,budapest_RACE,throttle,string_in_numeric,detection,0.0051,True
29b3b5af4813,budapest_RACE,rpm,duplicate_timestamp,detection,0.0106,True
eadf3f9e6adb,budapest_RACE,heart_rate,bit_flip_low,detection,0.0138,True
6963a6f2d91f,budapest_RACE,rpm,bit_flip_high,detection,0.0174,True
68e6b1a4c3b1,budapest_RACE,ecu_canbus,null_value,detection,0.0077,True
a10f048d9690,budapest_RACE,throttle,bit_flip_low,detection,0.0145,True
abe820d69569,budapest_RACE,ecu_canbus_v2,schema_drift,detection,0.0089,True
afd760bd2ba0,budapest_RACE,tyre_pressure,duplicate_timestamp,detection,0.0093,True
1781bbba5f7c,budapest_RACE,aero_load,duplicate_timestamp,detection,0.0084,True
3cad00af3926,budapest_RACE,rpm,string_in_numeric,detection,0.0047,True
327a6fb295e0,budapest_RACE,engine_temp_new,schema_drift,detection,0.0094,True
18a335aba134,budapest_RACE,tyre_pressure,null_value,detection,0.0075,True
59fef7f72504,budapest_RACE,engine_temp,bit_flip_low,detection,0.013,True
44dba0d05483,budapest_RACE,rpm_new,schema_drift,detection,0.0096,True
3485fbc2469d,budapest_RACE,ecu_canbus,bit_flip_high,detection,0.0171,True
88e8b45dfbd1,budapest_RACE,brake_temp,bit_flip_high,detection,0.013,True
5b4d413737b6,budapest_RACE,throttle,string_in_numeric,detection,0.0045,True
652549ccf882,budapest_RACE,ecu_canbus,sensor_dropout,detection,0.0073,True
e911e0abec17,budapest_RACE,brake_temp,bit_flip_low,detection,0.0123,True
880d09e321b2,budapest_RACE,tyre_pressure,bit_flip_low,detection,0.013,True
6c52b49a2bd3,budapest_RACE,throttle,bit_flip_low,detection,0.0182,True
05e8cacd72f6,budapest_RACE,rpm,string_in_numeric,detection,0.0054,True
0e2d0d43e117,budapest_RACE,throttle,bit_flip_high,detection,0.0139,True
dacfcb3a2e9a,budapest_RACE,brake_temp,string_in_numeric,detection,0.005,True
b1783f0ece93,budapest_RACE,ecu_canbus_v2,schema_drift,detection,0.0096,True
d4f149d57abe,budapest_RACE,rpm,null_value,detection,0.0075,True
097ac6d50763,budapest_RACE,throttle,bit_flip_high,detection,0.0177,True
b08b87d8051c,budapest_RACE,throttle,duplicate_timestamp,detection,0.0091,True
64e622bef32c,budapest_RACE,engine_temp,sensor_dropout,detection,0.0075,True
905d380dfeda,budapest_RACE,throttle,bit_flip_high,detection,0.0147,True
6a53db1f4b41,budapest_RACE,engine_temp,duplicate_timestamp,detection,0.0093,True
9717fc3e8fe1,budapest_RACE,tyre_pressure,bit_flip_high,detection,0.0206,True
777356aa28c3,budapest_RACE,g_force_lateral,sensor_dropout,detection,0.0119,True
7103573a2c87,budapest_RACE,rpm_raw,schema_drift,detection,0.0153,True
0199d710a6ac,budapest_RACE,throttle,duplicate_timestamp,detection,0.0081,True
f15e90ce0cab,budapest_RACE,speed,bit_flip_high,detection,0.0139,True
19ac719fab8e,budapest_RACE,tyre_pressure,bit_flip_low,detection,0.0128,True
9f1acd93e201,budapest_RACE,ecu_canbus_canbus,schema_drift,detection,0.013,True
f221686f4fe5,budapest_RACE,tyre_pressure,sensor_dropout,detection,0.0085,True
40dce04e8ce2,budapest_RACE,throttle,null_value,detection,0.0076,True
84d19b7090b4,budapest_RACE,ecu_canbus,bit_flip_high,detection,0.013,True
b2dc4e3e30d2,budapest_RACE,aero_load,duplicate_timestamp,detection,0.0083,True
acaea20bb040,budapest_RACE,brake_temp,bit_flip_high,detection,0.0135,True
6844c3b94866,budapest_RACE,engine_temp,string_in_numeric,detection,0.005,True
1ee846f978d5,budapest_RACE,throttle,bit_flip_high,detection,0.013,True
7975dfd9be3d,budapest_RACE,brake_temp_v2,schema_drift,detection,0.0095,True
a9d2e4b068ef,budapest_RACE,speed,sensor_dropout,detection,0.0076,True
4fff6746173a,budapest_RACE,aero_load_v2,schema_drift,detection,0.0099,True
b7b9f5152152,budapest_RACE,rpm,sensor_dropout,detection,0.0084,True
66d3ce89295b,budapest_RACE,throttle,duplicate_timestamp,detection,0.0088,True
9e5e23255794,budapest_RACE,engine_temp,null_value,detection,0.0091,True
7b951be942f1,budapest_RACE,engine_temp,null_value,detection,0.0081,True
8f430b8927fa,budapest_RACE,ecu_canbus,sensor_dropout,detection,0.0077,True
81bc8ca89d3d,budapest_RACE,heart_rate,duplicate_timestamp,detection,0.009,True
a68861d039b6,budapest_RACE,speed,bit_flip_high,detection,0.0149,True
d165fe2b9dd9,budapest_RACE,rpm,string_in_numeric,detection,0.0054,True
50bcb37f51c5,budapest_RACE,speed,duplicate_timestamp,detection,0.0087,True
f3e3abe0742d,budapest_RACE,engine_temp,duplicate_timestamp,detection,0.0084,True
b6531ee19bb0,budapest_RACE,engine_temp,bit_flip_high,detection,0.0153,True
2511466c37f1,budapest_RACE,throttle,string_in_numeric,detection,0.0118,True
be8a3072f143,budapest_RACE,brake_temp_v2,schema_drift,detection,0.0102,True
677e8a3b0d18,budapest_RACE,throttle,string_in_numeric,detection,0.0049,True
455e76b12039,budapest_RACE,speed,null_value,detection,0.0076,True
5af248602e9c,budapest_RACE,brake_temp,sensor_dropout,detection,0.0072,True
3592214a35a0,budapest_RACE,engine_temp,sensor_dropout,detection,0.0075,True
b3e4cdcadd13,budapest_RACE,engine_temp_alt,schema_drift,detection,0.0099,True
22a847e8dac2,budapest_RACE,ecu_canbus,sensor_dropout,detection,0.0078,True
3ab839d46b6d,budapest_RACE,heart_rate,duplicate_timestamp,detection,0.0085,True
7ba098733ef7,budapest_RACE,speed,bit_flip_low,detection,0.0133,True
6cf2b07bf4cb,budapest_RACE,heart_rate,sensor_dropout,detection,0.0072,True
86002511490c,budapest_RACE,g_force_lateral_v2,schema_drift,detection,0.0093,True
0be114bc7a66,budapest_RACE,brake_temp,string_in_numeric,detection,0.005,True
e239ec00f6f6,budapest_RACE,tyre_pressure,string_in_numeric,detection,0.0049,True
fa9af3f01caf,budapest_RACE,tyre_pressure,sensor_dropout,detection,0.0087,True
31e7f700db39,budapest_RACE,heart_rate,duplicate_timestamp,detection,0.0243,True
1d8cd87d9be8,budapest_RACE,tyre_pressure,string_in_numeric,detection,0.0049,True
313a65443b37,budapest_RACE,ecu_canbus,bit_flip_high,detection,0.0132,True
549549025633,budapest_RACE,engine_temp_v2,schema_drift,detection,0.009,True
65ee96b2a23b,budapest_RACE,rpm_canbus,schema_drift,detection,0.0099,True
580bad729244,budapest_RACE,throttle,bit_flip_high,detection,0.0127,True
0ee490d4bf31,budapest_RACE,brake_temp,null_value,detection,0.0075,True
4b9d72c2a470,budapest_RACE,g_force_lateral,bit_flip_high,detection,0.0122,True
9088c12b1ea0,budapest_RACE,brake_temp,null_value,detection,0.0073,True
efe56d22c368,budapest_RACE,aero_load_v2,schema_drift,detection,0.0107,True
70b13236feb3,budapest_RACE,heart_rate,null_value,detection,0.0073,True
8a1be21f2ffd,,,dlq_repair,repair,0.0322,False
d95744637fdf,,,dlq_repair,repair,0.0247,False
7ebb6aca6d50,,,dlq_repair,repair,0.0236,False
c43314ce10b5,,,dlq_repair,repair,0.061,False
50ca4f0e46a9,,,dlq_repair,repair,0.3673,False
a301938d2c17,,,dlq_repair,repair,0.1112,True
37a4dbf4f736,,,dlq_repair,repair,0.0796,True
744b0ccaba9d,,,dlq_repair,repair,0.0257,False
744a07415d8e,,,dlq_repair,repair,0.0907,False
f8da50eab90c,,,dlq_repair,repair,0.052,True
00a2261ea6b7,,,dlq_repair,repair,0.0862,True
05e7f11716d6,,,dlq_repair,repair,0.0903,False
728298818c72,,,dlq_repair,repair,0.0794,True
545a24d2990f,,,dlq_repair,repair,0.067,True
87848c6a14b2,,,dlq_repair,repair,0.1046,False
91cb991f33f9,,,dlq_repair,repair,0.0445,True
d7b7d5203c94,,,dlq_repair,repair,0.1201,True
03679dd90d34,,,dlq_repair,repair,0.0592,False
325741be07ff,,,dlq_repair,repair,0.0333,False
a270c1be3938,,,dlq_repair,repair,0.0578,False
b3ec7fcb6ec6,,,dlq_repair,repair,0.0524,False
76d85f6846d2,,,dlq_repair,repair,0.0579,False
bf0894e76977,,,dlq_repair,repair,0.0953,False
ac022962fc3d,,,dlq_repair,repair,0.0592,False
2ef58741c726,,,dlq_repair,repair,0.1471,True
a57760afc70c,,,dlq_repair,repair,0.0595,False
620fccc19ab5,,,dlq_repair,repair,0.0304,False
4ae66e0b9d01,,,dlq_repair,repair,0.0391,False
538a79316427,,,dlq_repair,repair,0.0955,False
92b39c0d7f55,,,dlq_repair,repair,0.0556,False
8f5b4afb6879,,,dlq_repair,repair,0.0595,False
05e24cc2acc7,,,dlq_repair,repair,0.0843,True
88954d42080e,,,dlq_repair,repair,0.0343,False
e028345edf3a,,,dlq_repair,repair,0.0513,False
dd9dddce262e,,,dlq_repair,repair,0.0272,False
d3de2d22e40b,,,dlq_repair,repair,0.0495,False
dd197a6700a0,,,dlq_repair,repair,0.0304,False
d19a072e56f2,,,dlq_repair,repair,0.0911,False
e95f791ad8d0,,,dlq_repair,repair,0.0874,True
fd22955769c1,,,dlq_repair,repair,0.0843,True
a3231430a63e,,,dlq_repair,repair,0.0587,False
05009bef1a20,,,dlq_repair,repair,0.0603,False
6f7d45de7118,,,dlq_repair,repair,0.0603,False
1cfed748bb44,,,dlq_repair,repair,0.0604,False
34c1dfb71e98,,,dlq_repair,repair,0.0914,False
68b9ef0a88a2,,,dlq_repair,repair,0.0802,False
92a1003ad07e,,,dlq_repair,repair,0.0632,False
8a84034a27d9,,,dlq_repair,repair,0.0753,False
873e08d5e828,,,dlq_repair,repair,0.0593,False
c6eb7edeb46e,,,dlq_repair,repair,0.027,False
adb76b60e01b,,,dlq_repair,repair,0.1233,True
d10a02906d96,,,dlq_repair,repair,0.049,True
55be569762e5,,,dlq_repair,repair,0.0543,False
593d5bd53dee,,,dlq_repair,repair,0.0581,False
b44f9a3775e1,,,dlq_repair,repair,0.0481,True
adbbd9514aa1,,,dlq_repair,repair,0.1648,False
6e1e961aee92,,,dlq_repair,repair,0.0454,False
4f363c48a0e4,,,dlq_repair,repair,0.0619,False
7f181efb962f,,,dlq_repair,repair,0.0929,False
2ce01e1b3a34,,,dlq_repair,repair,0.0885,True
a77a6a400bbf,,,dlq_repair,repair,0.0854,True
34b986949322,,,dlq_repair,repair,0.0347,True
bc392fb1b9c1,,,dlq_repair,repair,0.024,False
36a5366576f5,,,dlq_repair,repair,0.0368,False
42b2bb64e286,,,dlq_repair,repair,0.0978,False
b20b28d2d8cc,,,dlq_repair,repair,0.03,False
f18e9ee6811e,,,dlq_repair,repair,0.0606,False
3a7d9f67391a,,,dlq_repair,repair,0.0593,False
dc36e17751e5,,,dlq_repair,repair,0.1248,True
306dfe331b43,,,dlq_repair,repair,0.1228,True
71d30b551984,,,dlq_repair,repair,0.0952,False
6d6298aa8fae,,,dlq_repair,repair,0.0475,False
bd63ee809218,,,dlq_repair,repair,0.0901,False
6ecc4ff2a1ae,,,dlq_repair,repair,0.0424,False
4d26da69ee8a,,,dlq_repair,repair,0.0992,True
b1588d0c2e74,,,dlq_repair,repair,0.0275,False
a8d9c159d2ac,,,dlq_repair,repair,0.1302,True
19c2dab50fd6,,,dlq_repair,repair,0.0352,False
15ca4a7ab083,,,dlq_repair,repair,0.1317,False
f6cc3042148e,,,dlq_repair,repair,0.0599,False
6b9b85a1421e,,,dlq_repair,repair,0.0323,False
5b33a03fcfb7,,,dlq_repair,repair,0.0681,False
6247eab23888,,,dlq_repair,repair,0.0597,False
7ace547f5dc7,,,dlq_repair,repair,0.034,False
c12929bedb41,,,dlq_repair,repair,0.0601,False
93cf8faa7428,,,dlq_repair,repair,0.0346,True
e8d3b62f26b4,,,dlq_repair,repair,0.0332,False
92ed9e8d1d29,,,dlq_repair,repair,0.0602,False
5b2502feb566,,,dlq_repair,repair,0.1231,True
7f96fbfa5dec,,,dlq_repair,repair,0.0501,False
1c00b4226d38,,,dlq_repair,repair,0.0349,False
e9341c8689f7,,,dlq_repair,repair,0.0643,False
d354669102d2,,,dlq_repair,repair,0.1299,False
0bde4eeb7be6,,,dlq_repair,repair,0.1238,True
2f17b24407d1,,,dlq_repair,repair,0.0594,False
31443564c6c3,,,dlq_repair,repair,0.06,False
3af7958d4247,,,dlq_repair,repair,0.1057,True
ac9b49b4800e,,,dlq_repair,repair,0.061,False
7737f2fe7bdc,,,dlq_repair,repair,0.0267,False
43c88dbbeb0f,,,dlq_repair,repair,0.0334,False
305d683c561a,,,dlq_repair,repair,0.0471,True
f2b77feca31d,,,dlq_repair,repair,0.0847,True
9210531aacd4,,,dlq_repair,repair,0.0588,False
1d6653174cf1,,,dlq_repair,repair,0.0899,False
cbe648a8414b,,,dlq_repair,repair,0.1336,False
951edd02d2e6,,,dlq_repair,repair,0.047,True
3828eb272c07,,,dlq_repair,repair,0.0502,True
218280e07af6,,,dlq_repair,repair,0.0912,False
9e0f01c13f1f,,,dlq_repair,repair,0.0613,False
afd7b219fc2a,,,dlq_repair,repair,0.0375,False
d8555b37f374,,,dlq_repair,repair,0.0591,False
1fe1f6f7a147,,,dlq_repair,repair,0.0854,True
9600bc6f6e79,,,dlq_repair,repair,0.0858,True
188661b6da89,,,dlq_repair,repair,0.0319,False
a3d6492266ba,,,dlq_repair,repair,0.0658,False
761cc112ae8b,,,dlq_repair,repair,0.0609,False
ee681640ec40,,,dlq_repair,repair,0.1129,True
6770f4e05e42,,,dlq_repair,repair,0.0592,False
48ce5a169e79,,,dlq_repair,repair,0.0545,False
843e60dfc5cd,,,dlq_repair,repair,0.0924,False
ed3b6303fcc2,,,dlq_repair,repair,0.0325,False
d99d3f984d1f,,,dlq_repair,repair,0.1242,True
484ccf4d76ae,,,dlq_repair,repair,0.0354,False
8b64c81c1254,,,dlq_repair,repair,0.0624,False
abf1366df165,,,dlq_repair,repair,0.1228,True
7041107b92dd,,,dlq_repair,repair,0.0903,True
13ff99e500a3,,,dlq_repair,repair,0.0476,True
1214d58a80b9,,,dlq_repair,repair,0.0895,True
7d070a6e6d1f,,,dlq_repair,repair,0.1159,True
e7e03e8afa96,,,dlq_repair,repair,0.0712,True
58f841f556b6,,,dlq_repair,repair,0.0613,False
e82bb303a06a,,,dlq_repair,repair,0.121,True
32cff6019961,,,dlq_repair,repair,0.0777,True
e6fa0aeb0255,,,dlq_repair,repair,0.0254,False
5954bec57137,,,dlq_repair,repair,0.0516,True
c4230b7dcc95,,,dlq_repair,repair,0.0925,False
f240e25547de,,,dlq_repair,repair,0.052,False
4ef47df2d831,,,dlq_repair,repair,0.0473,True
e22a903f9bd4,,,dlq_repair,repair,0.0281,False
1fe4593c91ec,,,dlq_repair,repair,0.083,True
307d9315c562,,,dlq_repair,repair,0.093,False
54883eb1f598,,,dlq_repair,repair,0.1245,False
bb966748b261,,,dlq_repair,repair,0.0872,True
23ef14aa61ca,,,dlq_repair,repair,0.0845,True
29c872322b91,,,dlq_repair,repair,0.0468,True
428c88b9ec21,,,dlq_repair,repair,0.0563,False
2a540b13fa76,,,dlq_repair,repair,0.0321,False
b6420fe21f10,,,dlq_repair,repair,0.0846,True
a3ba26446927,,,dlq_repair,repair,0.0475,True
6fa13c79ef1c,,,dlq_repair,repair,0.123,True
1b570df7664f,,,dlq_repair,repair,0.1238,True
13357089d360,,,dlq_repair,repair,0.0608,False
4d6e78bf62b1,,,dlq_repair,repair,0.0542,False
7f60010d0c92,,,dlq_repair,repair,0.0354,False
24a47555ec2a,,,dlq_repair,repair,0.0863,True
012494a3bc5d,,,dlq_repair,repair,0.0373,False
0716d2fd8ac5,,,dlq_repair,repair,0.06,False
c5ce62370678,,,dlq_repair,repair,0.0816,True
47b291b65dcb,,,dlq_repair,repair,0.0848,True
570327d506dd,,,dlq_repair,repair,0.0337,False
700d49f6b049,,,dlq_repair,repair,0.05,True
773feaa9c872,,,dlq_repair,repair,0.0565,False
ea85a5085540,,,dlq_repair,repair,0.0478,True
aa6b40901a82,,,dlq_repair,repair,0.036,False
c589208be65a,,,dlq_repair,repair,0.0505,False
25e82492edd7,,,dlq_repair,repair,0.0547,False
54394881b9b7,,,dlq_repair,repair,0.0606,False
501ea2177bd8,,,dlq_repair,repair,0.059,False
d2a0ba491f25,,,dlq_repair,repair,0.053,False
73991f623e74,,,dlq_repair,repair,0.0293,False
3d5757ef114c,,,dlq_repair,repair,0.0866,True
dcc498320235,,,dlq_repair,repair,0.0871,True
16d5d863057b,,,dlq_repair,repair,0.0358,False
a3736d6b95f2,,,dlq_repair,repair,0.0341,False
80405f4f73ab,,,dlq_repair,repair,0.0504,True
ee4c6cc01c20,,,dlq_repair,repair,0.1046,False
93f958bca394,,,dlq_repair,repair,0.0348,False
84f0359813f1,,,dlq_repair,repair,0.0347,False
df9e1405f99d,,,dlq_repair,repair,0.0955,False
66a780e6c8cb,,,dlq_repair,repair,0.0512,True
9aff74e59da5,,,dlq_repair,repair,0.0867,True
de8385bcd7d3,,,dlq_repair,repair,0.0364,False
7ff64fd32e97,,,dlq_repair,repair,0.0934,False
a4f561a559a0,,,dlq_repair,repair,0.0365,False
ef12b968b235,,,dlq_repair,repair,0.1106,False
f2da66d51cb8,,,dlq_repair,repair,0.052,True
da8fb0233617,,,dlq_repair,repair,0.0764,True
2e385329c667,,,dlq_repair,repair,0.0367,False
22a83323ff42,,,dlq_repair,repair,0.0544,True
ac0770362f2e,,,dlq_repair,repair,0.053,True
62210abca6b0,,,dlq_repair,repair,0.0635,False
0da66857b70a,,,dlq_repair,repair,0.0628,False
5890718e1816,,,dlq_repair,repair,0.1298,True
568631d11625,,,dlq_repair,repair,0.0555,False
f7cf3d00e191,,,dlq_repair,repair,0.041,False
c3acc32b273f,,,dlq_repair,repair,0.0541,True
b1f3e12773e9,,,dlq_repair,repair,0.0547,False
c0ff4a908de0,,,dlq_repair,repair,0.076,True
4b554878595a,,,dlq_repair,repair,0.0601,False
336bc5be52eb,,,dlq_repair,repair,0.0819,False
